[2026-08-17T22:13:52+08:00][sql] CONNECT:[ UseTime:0.011188s ] mysql:host=127.0.0.1;port=3306;dbname=auction;charset=utf8mb4
[2026-08-17T22:13:52+08:00][sql] SHOW FULL COLUMNS FROM `goods` [ RunTime:0.001506s ]
[2026-08-17T22:13:52+08:00][sql] SELECT `id` FROM `goods` WHERE  `status` = 1  AND `end_time` <= 1786976032 [ RunTime:0.000831s ]
[2026-08-17T22:13:52+08:00][sql] SHOW FULL COLUMNS FROM `setting` [ RunTime:0.001391s ]
[2026-08-17T22:13:52+08:00][sql] SELECT * FROM `setting` [ RunTime:0.000824s ]
[2026-08-17T22:13:52+08:00][sql] SELECT COUNT(*) AS think_count FROM `goods` `g` LEFT JOIN `user` `u` ON `g`.`seller_id`=`u`.`id` WHERE  `g`.`status` = '1'  AND `g`.`start_time` <= '1786976032'  AND `g`.`end_time` > '1786976032' [ RunTime:0.001215s ]
[2026-08-17T22:13:52+08:00][sql] SELECT `g`.*,u.nickname as seller_name FROM `goods` `g` LEFT JOIN `user` `u` ON `g`.`seller_id`=`u`.`id` WHERE  `g`.`status` = '1'  AND `g`.`start_time` <= '1786976032'  AND `g`.`end_time` > '1786976032' ORDER BY `g`.`end_time` ASC,`g`.`id` DESC LIMIT 0,12 [ RunTime:0.001094s ]
[2026-08-17T22:13:52+08:00][sql] SHOW FULL COLUMNS FROM `bid_record` [ RunTime:0.004196s ]
[2026-08-17T22:13:52+08:00][sql] SELECT MAX(`price`) AS think_max FROM `bid_record` WHERE  `goods_id` = 3  AND `status` = 0 [ RunTime:0.000681s ]
[2026-08-17T22:13:52+08:00][sql] SELECT MAX(`price`) AS think_max FROM `bid_record` WHERE  `goods_id` = 1  AND `status` = 0 [ RunTime:0.000514s ]
[2026-08-17T22:13:52+08:00][sql] SHOW FULL COLUMNS FROM `category` [ RunTime:0.001211s ]
[2026-08-17T22:13:52+08:00][sql] SELECT * FROM `category` WHERE  `status` = 1 ORDER BY `sort` ASC [ RunTime:0.000733s ]
[2026-08-17T22:16:48+08:00][sql] CONNECT:[ UseTime:0.019064s ] mysql:host=127.0.0.1;port=3306;dbname=auction;charset=utf8mb4
[2026-08-17T22:16:48+08:00][sql] SHOW FULL COLUMNS FROM `goods` [ RunTime:0.001842s ]
[2026-08-17T22:16:48+08:00][sql] SELECT `id` FROM `goods` WHERE  `status` = 1  AND `end_time` <= 1786976208 [ RunTime:0.000606s ]
[2026-08-17T22:16:48+08:00][sql] SHOW FULL COLUMNS FROM `setting` [ RunTime:0.003245s ]
[2026-08-17T22:16:48+08:00][sql] SELECT * FROM `setting` [ RunTime:0.000899s ]
[2026-08-17T22:16:48+08:00][sql] SELECT COUNT(*) AS think_count FROM `goods` `g` LEFT JOIN `user` `u` ON `g`.`seller_id`=`u`.`id` WHERE  `g`.`status` = '1'  AND `g`.`start_time` <= '1786976208'  AND `g`.`end_time` > '1786976208' [ RunTime:0.001187s ]
[2026-08-17T22:16:48+08:00][sql] SELECT `g`.*,u.nickname as seller_name FROM `goods` `g` LEFT JOIN `user` `u` ON `g`.`seller_id`=`u`.`id` WHERE  `g`.`status` = '1'  AND `g`.`start_time` <= '1786976208'  AND `g`.`end_time` > '1786976208' ORDER BY `g`.`end_time` ASC,`g`.`id` DESC LIMIT 0,12 [ RunTime:0.001339s ]
[2026-08-17T22:16:48+08:00][sql] SHOW FULL COLUMNS FROM `bid_record` [ RunTime:0.003722s ]
[2026-08-17T22:16:48+08:00][sql] SELECT MAX(`price`) AS think_max FROM `bid_record` WHERE  `goods_id` = 3  AND `status` = 0 [ RunTime:0.000961s ]
[2026-08-17T22:16:48+08:00][sql] SELECT MAX(`price`) AS think_max FROM `bid_record` WHERE  `goods_id` = 1  AND `status` = 0 [ RunTime:0.000952s ]
[2026-08-17T22:16:48+08:00][sql] SHOW FULL COLUMNS FROM `category` [ RunTime:0.001510s ]
[2026-08-17T22:16:48+08:00][sql] SELECT * FROM `category` WHERE  `status` = 1 ORDER BY `sort` ASC [ RunTime:0.000810s ]
[2026-08-17T22:18:30+08:00][sql] CONNECT:[ UseTime:0.017622s ] mysql:host=127.0.0.1;port=3306;dbname=auction;charset=utf8mb4
[2026-08-17T22:18:30+08:00][sql] SHOW FULL COLUMNS FROM `goods` [ RunTime:0.001523s ]
[2026-08-17T22:18:30+08:00][sql] SELECT `id` FROM `goods` WHERE  `status` = 1  AND `end_time` <= 1786976310 [ RunTime:0.000538s ]
[2026-08-17T22:18:30+08:00][sql] SHOW FULL COLUMNS FROM `setting` [ RunTime:0.003743s ]
[2026-08-17T22:18:30+08:00][sql] SELECT * FROM `setting` [ RunTime:0.000926s ]
[2026-08-17T22:19:01+08:00][sql] CONNECT:[ UseTime:0.013558s ] mysql:host=127.0.0.1;port=3306;dbname=auction;charset=utf8mb4
[2026-08-17T22:19:01+08:00][sql] SHOW FULL COLUMNS FROM `goods` [ RunTime:0.001791s ]
[2026-08-17T22:19:01+08:00][sql] SELECT `id` FROM `goods` WHERE  `status` = 1  AND `end_time` <= 1786976341 [ RunTime:0.001139s ]
[2026-08-17T22:19:01+08:00][sql] SHOW FULL COLUMNS FROM `setting` [ RunTime:0.001484s ]
[2026-08-17T22:19:01+08:00][sql] SELECT * FROM `setting` [ RunTime:0.000537s ]
[2026-08-17T22:19:01+08:00][sql] SELECT COUNT(*) AS think_count FROM `goods` `g` LEFT JOIN `user` `u` ON `g`.`seller_id`=`u`.`id` WHERE  `g`.`status` = '1'  AND `g`.`start_time` <= '1786976341'  AND `g`.`end_time` > '1786976341' [ RunTime:0.001221s ]
[2026-08-17T22:19:01+08:00][sql] SELECT `g`.*,u.nickname as seller_name FROM `goods` `g` LEFT JOIN `user` `u` ON `g`.`seller_id`=`u`.`id` WHERE  `g`.`status` = '1'  AND `g`.`start_time` <= '1786976341'  AND `g`.`end_time` > '1786976341' ORDER BY `g`.`end_time` ASC,`g`.`id` DESC LIMIT 0,12 [ RunTime:0.001099s ]
[2026-08-17T22:19:01+08:00][sql] SHOW FULL COLUMNS FROM `bid_record` [ RunTime:0.003467s ]
[2026-08-17T22:19:01+08:00][sql] SELECT MAX(`price`) AS think_max FROM `bid_record` WHERE  `goods_id` = 3  AND `status` = 0 [ RunTime:0.001124s ]
[2026-08-17T22:19:01+08:00][sql] SELECT MAX(`price`) AS think_max FROM `bid_record` WHERE  `goods_id` = 1  AND `status` = 0 [ RunTime:0.000833s ]
[2026-08-17T22:19:01+08:00][sql] SHOW FULL COLUMNS FROM `category` [ RunTime:0.002322s ]
[2026-08-17T22:19:01+08:00][sql] SELECT * FROM `category` WHERE  `status` = 1 ORDER BY `sort` ASC [ RunTime:0.001113s ]
[2026-08-17T22:19:46+08:00][sql] CONNECT:[ UseTime:0.014790s ] mysql:host=127.0.0.1;port=3306;dbname=auction;charset=utf8mb4
[2026-08-17T22:19:46+08:00][sql] SHOW FULL COLUMNS FROM `goods` [ RunTime:0.001370s ]
[2026-08-17T22:19:46+08:00][sql] SELECT `id` FROM `goods` WHERE  `status` = 1  AND `end_time` <= 1786976385 [ RunTime:0.000961s ]
[2026-08-17T22:19:46+08:00][sql] SHOW FULL COLUMNS FROM `setting` [ RunTime:0.002988s ]
[2026-08-17T22:19:46+08:00][sql] SELECT * FROM `setting` [ RunTime:0.000746s ]
[2026-08-17T22:19:46+08:00][sql] CONNECT:[ UseTime:0.022690s ] mysql:host=127.0.0.1;port=3306;dbname=auction;charset=utf8mb4
[2026-08-17T22:19:46+08:00][sql] SHOW FULL COLUMNS FROM `goods` [ RunTime:0.001394s ]
[2026-08-17T22:19:46+08:00][sql] SELECT `id` FROM `goods` WHERE  `status` = 1  AND `end_time` <= 1786976386 [ RunTime:0.000709s ]
[2026-08-17T22:19:46+08:00][sql] SHOW FULL COLUMNS FROM `setting` [ RunTime:0.002360s ]
[2026-08-17T22:19:46+08:00][sql] SELECT * FROM `setting` [ RunTime:0.000660s ]
[2026-08-17T22:19:46+08:00][sql] CONNECT:[ UseTime:0.002569s ] mysql:host=127.0.0.1;port=3306;dbname=auction;charset=utf8mb4
[2026-08-17T22:19:46+08:00][sql] SHOW FULL COLUMNS FROM `goods` [ RunTime:0.001321s ]
[2026-08-17T22:19:46+08:00][sql] SELECT `id` FROM `goods` WHERE  `status` = 1  AND `end_time` <= 1786976386 [ RunTime:0.001004s ]
[2026-08-17T22:19:46+08:00][sql] SHOW FULL COLUMNS FROM `setting` [ RunTime:0.001207s ]
[2026-08-17T22:19:46+08:00][sql] SELECT * FROM `setting` [ RunTime:0.000489s ]
[2026-08-17T22:19:46+08:00][sql] SELECT `g`.*,u.nickname as seller_name,u.avatar as seller_avatar,c.name as category_name FROM `goods` `g` LEFT JOIN `user` `u` ON `g`.`seller_id`=`u`.`id` LEFT JOIN `category` `c` ON `g`.`category_id`=`c`.`id` WHERE  `g`.`id` = '1' LIMIT 1 [ RunTime:0.000836s ]
[2026-08-17T22:19:46+08:00][sql] UPDATE `goods`  SET `view_count` = `view_count` + 1  WHERE  `id` = 1 [ RunTime:0.001739s ]
[2026-08-17T22:19:46+08:00][sql] SHOW FULL COLUMNS FROM `bid_record` [ RunTime:0.002349s ]
[2026-08-17T22:19:46+08:00][sql] SELECT `b`.*,`u`.`nickname`,`u`.`mobile` FROM `bid_record` `b` LEFT JOIN `user` `u` ON `b`.`user_id`=`u`.`id` WHERE  `b`.`goods_id` = '1'  AND `b`.`status` = '0' ORDER BY `b`.`price` DESC,`b`.`id` ASC LIMIT 1 [ RunTime:0.000666s ]
[2026-08-17T22:19:46+08:00][sql] SELECT `b`.*,`u`.`nickname`,`u`.`mobile` FROM `bid_record` `b` LEFT JOIN `user` `u` ON `b`.`user_id`=`u`.`id` WHERE  `b`.`goods_id` = '1' ORDER BY `b`.`price` DESC,`b`.`id` ASC LIMIT 50 [ RunTime:0.000607s ]
[2026-08-17T22:19:46+08:00][error] [0]语法错误: unexpected token ";", expecting ")"[D:\work\08\17_3\runtime\index\temp\dcf08efc4ef119970f9e2aa81802381c.php:295]
[2026-08-17T22:22:10+08:00][sql] CONNECT:[ UseTime:0.019441s ] mysql:host=127.0.0.1;port=3306;dbname=auction;charset=utf8mb4
[2026-08-17T22:22:10+08:00][sql] SHOW FULL COLUMNS FROM `goods` [ RunTime:0.002012s ]
[2026-08-17T22:22:10+08:00][sql] SELECT `id` FROM `goods` WHERE  `status` = 1  AND `end_time` <= 1786976530 [ RunTime:0.001113s ]
[2026-08-17T22:22:10+08:00][sql] SHOW FULL COLUMNS FROM `setting` [ RunTime:0.001604s ]
[2026-08-17T22:22:10+08:00][sql] SELECT * FROM `setting` [ RunTime:0.000984s ]
[2026-08-17T22:22:10+08:00][sql] SHOW FULL COLUMNS FROM `user` [ RunTime:0.001619s ]
[2026-08-17T22:22:10+08:00][sql] SELECT * FROM `user` WHERE  `mobile` = '13900000001' LIMIT 1 [ RunTime:0.001020s ]
[2026-08-17T22:22:10+08:00][sql] SELECT * FROM `user` WHERE  `invite_code` = 'BCA335DC' LIMIT 1 [ RunTime:0.000817s ]
[2026-08-17T22:22:10+08:00][sql] INSERT INTO `user` SET `mobile` = '13900000001' , `password` = '14e1b600b1fd579f47433b88e8d85291' , `nickname` = '测试买家甲' , `invite_code` = 'BCA335DC' , `pid` = 0 , `status` = 1 , `reg_ip` = '127.0.0.1' , `reg_time` = 1786976530 , `create_time` = 1786976530 , `update_time` = 1786976530 [ RunTime:0.002639s ]
[2026-08-17T22:22:10+08:00][sql] SELECT * FROM `user` WHERE  `id` = 5 LIMIT 1 [ RunTime:0.000592s ]
[2026-08-17T22:22:10+08:00][sql] CONNECT:[ UseTime:0.018378s ] mysql:host=127.0.0.1;port=3306;dbname=auction;charset=utf8mb4
[2026-08-17T22:22:10+08:00][sql] SHOW FULL COLUMNS FROM `goods` [ RunTime:0.001089s ]
[2026-08-17T22:22:10+08:00][sql] SELECT `id` FROM `goods` WHERE  `status` = 1  AND `end_time` <= 1786976530 [ RunTime:0.000907s ]
[2026-08-17T22:22:10+08:00][sql] SHOW FULL COLUMNS FROM `setting` [ RunTime:0.001509s ]
[2026-08-17T22:22:10+08:00][sql] SELECT * FROM `setting` [ RunTime:0.000740s ]
[2026-08-17T22:22:10+08:00][sql] CONNECT:[ UseTime:0.016917s ] mysql:host=127.0.0.1;port=3306;dbname=auction;charset=utf8mb4
[2026-08-17T22:22:10+08:00][sql] SHOW FULL COLUMNS FROM `goods` [ RunTime:0.003986s ]
[2026-08-17T22:22:10+08:00][sql] SELECT `id` FROM `goods` WHERE  `status` = 1  AND `end_time` <= 1786976530 [ RunTime:0.001222s ]
[2026-08-17T22:22:10+08:00][sql] SHOW FULL COLUMNS FROM `setting` [ RunTime:0.001426s ]
[2026-08-17T22:22:10+08:00][sql] SELECT * FROM `setting` [ RunTime:0.000620s ]
[2026-08-17T22:22:10+08:00][sql] SHOW FULL COLUMNS FROM `user` [ RunTime:0.001311s ]
[2026-08-17T22:22:10+08:00][sql] SELECT * FROM `user` WHERE  `mobile` = '13900000002' LIMIT 1 [ RunTime:0.001152s ]
[2026-08-17T22:22:10+08:00][sql] SELECT * FROM `user` WHERE  `invite_code` = '7B2165E9' LIMIT 1 [ RunTime:0.000856s ]
[2026-08-17T22:22:10+08:00][sql] INSERT INTO `user` SET `mobile` = '13900000002' , `password` = '14e1b600b1fd579f47433b88e8d85291' , `nickname` = '测试卖家乙' , `invite_code` = '7B2165E9' , `pid` = 0 , `status` = 1 , `reg_ip` = '127.0.0.1' , `reg_time` = 1786976530 , `create_time` = 1786976530 , `update_time` = 1786976530 [ RunTime:0.001628s ]
[2026-08-17T22:22:10+08:00][sql] SELECT * FROM `user` WHERE  `id` = 6 LIMIT 1 [ RunTime:0.000650s ]
[2026-08-17T22:22:10+08:00][sql] CONNECT:[ UseTime:0.020923s ] mysql:host=127.0.0.1;port=3306;dbname=auction;charset=utf8mb4
[2026-08-17T22:22:10+08:00][sql] SHOW FULL COLUMNS FROM `goods` [ RunTime:0.001828s ]
[2026-08-17T22:22:10+08:00][sql] SELECT `id` FROM `goods` WHERE  `status` = 1  AND `end_time` <= 1786976530 [ RunTime:0.001030s ]
[2026-08-17T22:22:10+08:00][sql] SHOW FULL COLUMNS FROM `setting` [ RunTime:0.003515s ]
[2026-08-17T22:22:10+08:00][sql] SELECT * FROM `setting` [ RunTime:0.001039s ]
[2026-08-17T22:22:10+08:00][sql] CONNECT:[ UseTime:0.021429s ] mysql:host=127.0.0.1;port=3306;dbname=auction;charset=utf8mb4
[2026-08-17T22:22:10+08:00][sql] SHOW FULL COLUMNS FROM `goods` [ RunTime:0.001091s ]
[2026-08-17T22:22:10+08:00][sql] SELECT `id` FROM `goods` WHERE  `status` = 1  AND `end_time` <= 1786976530 [ RunTime:0.000799s ]
[2026-08-17T22:22:10+08:00][sql] SHOW FULL COLUMNS FROM `setting` [ RunTime:0.003452s ]
[2026-08-17T22:22:10+08:00][sql] SELECT * FROM `setting` [ RunTime:0.001062s ]
[2026-08-17T22:22:10+08:00][sql] CONNECT:[ UseTime:0.023924s ] mysql:host=127.0.0.1;port=3306;dbname=auction;charset=utf8mb4
[2026-08-17T22:22:10+08:00][sql] SHOW FULL COLUMNS FROM `goods` [ RunTime:0.001732s ]
[2026-08-17T22:22:10+08:00][sql] SELECT `id` FROM `goods` WHERE  `status` = 1  AND `end_time` <= 1786976530 [ RunTime:0.000901s ]
[2026-08-17T22:22:10+08:00][sql] SHOW FULL COLUMNS FROM `setting` [ RunTime:0.001434s ]
[2026-08-17T22:22:10+08:00][sql] SELECT * FROM `setting` [ RunTime:0.000874s ]
[2026-08-17T22:22:10+08:00][sql] CONNECT:[ UseTime:0.025869s ] mysql:host=127.0.0.1;port=3306;dbname=auction;charset=utf8mb4
[2026-08-17T22:22:10+08:00][sql] SHOW FULL COLUMNS FROM `goods` [ RunTime:0.001017s ]
[2026-08-17T22:22:10+08:00][sql] SELECT `id` FROM `goods` WHERE  `status` = 1  AND `end_time` <= 1786976530 [ RunTime:0.000641s ]
[2026-08-17T22:22:10+08:00][sql] SHOW FULL COLUMNS FROM `setting` [ RunTime:0.001094s ]
[2026-08-17T22:22:10+08:00][sql] SELECT * FROM `setting` [ RunTime:0.000548s ]
[2026-08-17T22:22:10+08:00][sql] CONNECT:[ UseTime:0.012184s ] mysql:host=127.0.0.1;port=3306;dbname=auction;charset=utf8mb4
[2026-08-17T22:22:10+08:00][sql] SHOW FULL COLUMNS FROM `goods` [ RunTime:0.001875s ]
[2026-08-17T22:22:10+08:00][sql] SELECT `id` FROM `goods` WHERE  `status` = 1  AND `end_time` <= 1786976530 [ RunTime:0.000718s ]
[2026-08-17T22:22:10+08:00][sql] SHOW FULL COLUMNS FROM `setting` [ RunTime:0.001590s ]
[2026-08-17T22:22:10+08:00][sql] SELECT * FROM `setting` [ RunTime:0.000916s ]
[2026-08-17T22:22:10+08:00][sql] CONNECT:[ UseTime:0.017114s ] mysql:host=127.0.0.1;port=3306;dbname=auction;charset=utf8mb4
[2026-08-17T22:22:10+08:00][sql] SHOW FULL COLUMNS FROM `goods` [ RunTime:0.001432s ]
[2026-08-17T22:22:10+08:00][sql] SELECT `id` FROM `goods` WHERE  `status` = 1  AND `end_time` <= 1786976530 [ RunTime:0.000643s ]
[2026-08-17T22:22:10+08:00][sql] SHOW FULL COLUMNS FROM `setting` [ RunTime:0.001363s ]
[2026-08-17T22:22:10+08:00][sql] SELECT * FROM `setting` [ RunTime:0.000916s ]
[2026-08-17T22:22:10+08:00][sql] CONNECT:[ UseTime:0.002264s ] mysql:host=127.0.0.1;port=3306;dbname=auction;charset=utf8mb4
[2026-08-17T22:22:10+08:00][sql] SHOW FULL COLUMNS FROM `goods` [ RunTime:0.001950s ]
[2026-08-17T22:22:10+08:00][sql] SELECT `id` FROM `goods` WHERE  `status` = 1  AND `end_time` <= 1786976530 [ RunTime:0.000988s ]
[2026-08-17T22:22:10+08:00][sql] SHOW FULL COLUMNS FROM `setting` [ RunTime:0.001152s ]
[2026-08-17T22:22:10+08:00][sql] SELECT * FROM `setting` [ RunTime:0.000745s ]
[2026-08-17T22:22:10+08:00][sql] CONNECT:[ UseTime:0.012488s ] mysql:host=127.0.0.1;port=3306;dbname=auction;charset=utf8mb4
[2026-08-17T22:22:10+08:00][sql] SHOW FULL COLUMNS FROM `goods` [ RunTime:0.001378s ]
[2026-08-17T22:22:10+08:00][sql] SELECT `id` FROM `goods` WHERE  `status` = 1  AND `end_time` <= 1786976530 [ RunTime:0.000654s ]
[2026-08-17T22:22:10+08:00][sql] SHOW FULL COLUMNS FROM `setting` [ RunTime:0.001042s ]
[2026-08-17T22:22:10+08:00][sql] SELECT * FROM `setting` [ RunTime:0.000519s ]
[2026-08-17T22:22:11+08:00][sql] CONNECT:[ UseTime:0.001435s ] mysql:host=127.0.0.1;port=3306;dbname=auction;charset=utf8mb4
[2026-08-17T22:22:11+08:00][sql] SHOW FULL COLUMNS FROM `goods` [ RunTime:0.001238s ]
[2026-08-17T22:22:11+08:00][sql] SELECT `id` FROM `goods` WHERE  `status` = 1  AND `end_time` <= 1786976531 [ RunTime:0.000651s ]
[2026-08-17T22:22:11+08:00][sql] SHOW FULL COLUMNS FROM `setting` [ RunTime:0.000960s ]
[2026-08-17T22:22:11+08:00][sql] SELECT * FROM `setting` [ RunTime:0.000408s ]
[2026-08-17T22:22:11+08:00][sql] CONNECT:[ UseTime:0.001544s ] mysql:host=127.0.0.1;port=3306;dbname=auction;charset=utf8mb4
[2026-08-17T22:22:11+08:00][sql] SHOW FULL COLUMNS FROM `goods` [ RunTime:0.001263s ]
[2026-08-17T22:22:11+08:00][sql] SELECT `id` FROM `goods` WHERE  `status` = 1  AND `end_time` <= 1786976531 [ RunTime:0.000634s ]
[2026-08-17T22:22:11+08:00][sql] SHOW FULL COLUMNS FROM `setting` [ RunTime:0.001159s ]
[2026-08-17T22:22:11+08:00][sql] SELECT * FROM `setting` [ RunTime:0.000524s ]
[2026-08-17T22:22:11+08:00][sql] SELECT COUNT(*) AS think_count FROM `goods` `g` LEFT JOIN `user` `u` ON `g`.`seller_id`=`u`.`id` WHERE  `g`.`status` = '1'  AND `g`.`start_time` <= '1786976531'  AND `g`.`end_time` > '1786976531' [ RunTime:0.000796s ]
[2026-08-17T22:22:11+08:00][sql] SELECT `g`.*,u.nickname as seller_name FROM `goods` `g` LEFT JOIN `user` `u` ON `g`.`seller_id`=`u`.`id` WHERE  `g`.`status` = '1'  AND `g`.`start_time` <= '1786976531'  AND `g`.`end_time` > '1786976531' ORDER BY `g`.`end_time` ASC,`g`.`id` DESC LIMIT 0,12 [ RunTime:0.000706s ]
[2026-08-17T22:22:11+08:00][sql] SHOW FULL COLUMNS FROM `bid_record` [ RunTime:0.000855s ]
[2026-08-17T22:22:11+08:00][sql] SELECT MAX(`price`) AS think_max FROM `bid_record` WHERE  `goods_id` = 3  AND `status` = 0 [ RunTime:0.000518s ]
[2026-08-17T22:22:11+08:00][sql] SELECT MAX(`price`) AS think_max FROM `bid_record` WHERE  `goods_id` = 1  AND `status` = 0 [ RunTime:0.000421s ]
[2026-08-17T22:22:11+08:00][sql] SHOW FULL COLUMNS FROM `category` [ RunTime:0.000773s ]
[2026-08-17T22:22:11+08:00][sql] SELECT * FROM `category` WHERE  `status` = 1 ORDER BY `sort` ASC [ RunTime:0.000603s ]
[2026-08-17T22:22:11+08:00][sql] CONNECT:[ UseTime:0.017121s ] mysql:host=127.0.0.1;port=3306;dbname=auction;charset=utf8mb4
[2026-08-17T22:22:11+08:00][sql] SHOW FULL COLUMNS FROM `goods` [ RunTime:0.001250s ]
[2026-08-17T22:22:11+08:00][sql] SELECT `id` FROM `goods` WHERE  `status` = 1  AND `end_time` <= 1786976531 [ RunTime:0.000563s ]
[2026-08-17T22:22:11+08:00][sql] SHOW FULL COLUMNS FROM `setting` [ RunTime:0.002446s ]
[2026-08-17T22:22:11+08:00][sql] SELECT * FROM `setting` [ RunTime:0.000509s ]
[2026-08-17T22:22:11+08:00][sql] SELECT `g`.*,u.nickname as seller_name,u.avatar as seller_avatar,c.name as category_name FROM `goods` `g` LEFT JOIN `user` `u` ON `g`.`seller_id`=`u`.`id` LEFT JOIN `category` `c` ON `g`.`category_id`=`c`.`id` WHERE  `g`.`id` = '0' LIMIT 1 [ RunTime:0.000750s ]
[2026-08-17T22:22:11+08:00][sql] CONNECT:[ UseTime:0.001538s ] mysql:host=127.0.0.1;port=3306;dbname=auction;charset=utf8mb4
[2026-08-17T22:22:11+08:00][sql] SHOW FULL COLUMNS FROM `goods` [ RunTime:0.001189s ]
[2026-08-17T22:22:11+08:00][sql] SELECT `id` FROM `goods` WHERE  `status` = 1  AND `end_time` <= 1786976531 [ RunTime:0.000417s ]
[2026-08-17T22:22:11+08:00][sql] SHOW FULL COLUMNS FROM `setting` [ RunTime:0.000864s ]
[2026-08-17T22:22:11+08:00][sql] SELECT * FROM `setting` [ RunTime:0.000341s ]
[2026-08-17T22:23:49+08:00][sql] CONNECT:[ UseTime:0.023089s ] mysql:host=127.0.0.1;port=3306;dbname=auction;charset=utf8mb4
[2026-08-17T22:23:49+08:00][sql] SHOW FULL COLUMNS FROM `goods` [ RunTime:0.001951s ]
[2026-08-17T22:23:49+08:00][sql] SELECT `id` FROM `goods` WHERE  `status` = 1  AND `end_time` <= 1786976629 [ RunTime:0.001051s ]
[2026-08-17T22:23:49+08:00][sql] SHOW FULL COLUMNS FROM `setting` [ RunTime:0.001577s ]
[2026-08-17T22:23:49+08:00][sql] SELECT * FROM `setting` [ RunTime:0.000904s ]
[2026-08-17T22:23:49+08:00][sql] SELECT COUNT(*) AS think_count FROM `goods` `g` LEFT JOIN `user` `u` ON `g`.`seller_id`=`u`.`id` WHERE  `g`.`status` = '1'  AND `g`.`start_time` <= '1786976629'  AND `g`.`end_time` > '1786976629' [ RunTime:0.001208s ]
[2026-08-17T22:23:49+08:00][sql] SELECT `g`.*,u.nickname as seller_name FROM `goods` `g` LEFT JOIN `user` `u` ON `g`.`seller_id`=`u`.`id` WHERE  `g`.`status` = '1'  AND `g`.`start_time` <= '1786976629'  AND `g`.`end_time` > '1786976629' ORDER BY `g`.`end_time` ASC,`g`.`id` DESC LIMIT 0,12 [ RunTime:0.001351s ]
[2026-08-17T22:23:49+08:00][sql] SHOW FULL COLUMNS FROM `bid_record` [ RunTime:0.001527s ]
[2026-08-17T22:23:49+08:00][sql] SELECT MAX(`price`) AS think_max FROM `bid_record` WHERE  `goods_id` = 3  AND `status` = 0 [ RunTime:0.001116s ]
[2026-08-17T22:23:49+08:00][sql] SELECT MAX(`price`) AS think_max FROM `bid_record` WHERE  `goods_id` = 1  AND `status` = 0 [ RunTime:0.000852s ]
[2026-08-17T22:23:49+08:00][sql] SHOW FULL COLUMNS FROM `category` [ RunTime:0.001243s ]
[2026-08-17T22:23:49+08:00][sql] SELECT * FROM `category` WHERE  `status` = 1 ORDER BY `sort` ASC [ RunTime:0.000731s ]
[2026-08-17T22:23:49+08:00][sql] CONNECT:[ UseTime:0.013558s ] mysql:host=127.0.0.1;port=3306;dbname=auction;charset=utf8mb4
[2026-08-17T22:23:49+08:00][sql] SHOW FULL COLUMNS FROM `goods` [ RunTime:0.001802s ]
[2026-08-17T22:23:49+08:00][sql] SELECT `id` FROM `goods` WHERE  `status` = 1  AND `end_time` <= 1786976629 [ RunTime:0.001013s ]
[2026-08-17T22:23:49+08:00][sql] SHOW FULL COLUMNS FROM `setting` [ RunTime:0.001481s ]
[2026-08-17T22:23:49+08:00][sql] SELECT * FROM `setting` [ RunTime:0.000677s ]
[2026-08-17T22:23:49+08:00][sql] CONNECT:[ UseTime:0.015345s ] mysql:host=127.0.0.1;port=3306;dbname=auction;charset=utf8mb4
[2026-08-17T22:23:49+08:00][sql] SHOW FULL COLUMNS FROM `goods` [ RunTime:0.001594s ]
[2026-08-17T22:23:49+08:00][sql] SELECT `id` FROM `goods` WHERE  `status` = 1  AND `end_time` <= 1786976629 [ RunTime:0.000952s ]
[2026-08-17T22:23:49+08:00][sql] SHOW FULL COLUMNS FROM `setting` [ RunTime:0.000925s ]
[2026-08-17T22:23:49+08:00][sql] SELECT * FROM `setting` [ RunTime:0.000425s ]
[2026-08-17T22:23:49+08:00][sql] CONNECT:[ UseTime:0.011866s ] mysql:host=127.0.0.1;port=3306;dbname=auction;charset=utf8mb4
[2026-08-17T22:23:49+08:00][sql] SHOW FULL COLUMNS FROM `goods` [ RunTime:0.001663s ]
[2026-08-17T22:23:49+08:00][sql] SELECT `id` FROM `goods` WHERE  `status` = 1  AND `end_time` <= 1786976629 [ RunTime:0.000882s ]
[2026-08-17T22:23:49+08:00][sql] SHOW FULL COLUMNS FROM `setting` [ RunTime:0.001453s ]
[2026-08-17T22:23:49+08:00][sql] SELECT * FROM `setting` [ RunTime:0.000616s ]
[2026-08-17T22:23:49+08:00][sql] CONNECT:[ UseTime:0.011741s ] mysql:host=127.0.0.1;port=3306;dbname=auction;charset=utf8mb4
[2026-08-17T22:23:49+08:00][sql] SHOW FULL COLUMNS FROM `goods` [ RunTime:0.001909s ]
[2026-08-17T22:23:49+08:00][sql] SELECT `id` FROM `goods` WHERE  `status` = 1  AND `end_time` <= 1786976629 [ RunTime:0.000858s ]
[2026-08-17T22:23:49+08:00][sql] SHOW FULL COLUMNS FROM `setting` [ RunTime:0.001367s ]
[2026-08-17T22:23:49+08:00][sql] SELECT * FROM `setting` [ RunTime:0.000663s ]
[2026-08-17T22:23:49+08:00][sql] CONNECT:[ UseTime:0.014328s ] mysql:host=127.0.0.1;port=3306;dbname=auction;charset=utf8mb4
[2026-08-17T22:23:49+08:00][sql] SHOW FULL COLUMNS FROM `goods` [ RunTime:0.001889s ]
[2026-08-17T22:23:49+08:00][sql] SELECT `id` FROM `goods` WHERE  `status` = 1  AND `end_time` <= 1786976629 [ RunTime:0.000903s ]
[2026-08-17T22:23:49+08:00][sql] SHOW FULL COLUMNS FROM `setting` [ RunTime:0.001369s ]
[2026-08-17T22:23:49+08:00][sql] SELECT * FROM `setting` [ RunTime:0.000435s ]
[2026-08-17T22:24:24+08:00][sql] CONNECT:[ UseTime:0.013219s ] mysql:host=127.0.0.1;port=3306;dbname=auction;charset=utf8mb4
[2026-08-17T22:24:24+08:00][sql] SHOW FULL COLUMNS FROM `goods` [ RunTime:0.001980s ]
[2026-08-17T22:24:24+08:00][sql] SELECT `id` FROM `goods` WHERE  `status` = 1  AND `end_time` <= 1786976664 [ RunTime:0.001061s ]
[2026-08-17T22:24:24+08:00][sql] SHOW FULL COLUMNS FROM `setting` [ RunTime:0.001526s ]
[2026-08-17T22:24:24+08:00][sql] SELECT * FROM `setting` [ RunTime:0.000900s ]
[2026-08-17T22:24:24+08:00][sql] SHOW FULL COLUMNS FROM `user` [ RunTime:0.000857s ]
[2026-08-17T22:24:24+08:00][sql] SELECT * FROM `user` WHERE  `mobile` = '13900000009' LIMIT 1 [ RunTime:0.000840s ]
[2026-08-17T22:24:24+08:00][sql] SELECT * FROM `user` WHERE  `invite_code` = '2FFD1953' LIMIT 1 [ RunTime:0.000657s ]
[2026-08-17T22:24:24+08:00][sql] INSERT INTO `user` SET `mobile` = '13900000009' , `password` = '14e1b600b1fd579f47433b88e8d85291' , `nickname` = '用户0009' , `invite_code` = '2FFD1953' , `pid` = 0 , `status` = 1 , `reg_ip` = '127.0.0.1' , `reg_time` = 1786976664 , `create_time` = 1786976664 , `update_time` = 1786976664 [ RunTime:0.004568s ]
[2026-08-17T22:24:24+08:00][sql] SELECT * FROM `user` WHERE  `id` = 7 LIMIT 1 [ RunTime:0.000646s ]
[2026-08-17T22:24:33+08:00][sql] CONNECT:[ UseTime:0.012078s ] mysql:host=127.0.0.1;port=3306;dbname=auction;charset=utf8mb4
[2026-08-17T22:24:33+08:00][sql] SHOW FULL COLUMNS FROM `goods` [ RunTime:0.001812s ]
[2026-08-17T22:24:33+08:00][sql] SELECT `id` FROM `goods` WHERE  `status` = 1  AND `end_time` <= 1786976673 [ RunTime:0.001061s ]
[2026-08-17T22:24:33+08:00][sql] SHOW FULL COLUMNS FROM `user` [ RunTime:0.001679s ]
[2026-08-17T22:24:33+08:00][sql] SELECT * FROM `user` WHERE  `id` = 7 LIMIT 1 [ RunTime:0.001007s ]
[2026-08-17T22:24:33+08:00][sql] SHOW FULL COLUMNS FROM `setting` [ RunTime:0.001301s ]
[2026-08-17T22:24:33+08:00][sql] SELECT * FROM `setting` [ RunTime:0.000917s ]
[2026-08-17T22:24:33+08:00][sql] SELECT * FROM `user` WHERE  `id` = 7 LIMIT 1   FOR UPDATE [ RunTime:0.001081s ]
[2026-08-17T22:24:33+08:00][sql] UPDATE `user`  SET `balance` = '100' , `update_time` = 1786976673  WHERE  `id` = 7 [ RunTime:0.002230s ]
[2026-08-17T22:24:33+08:00][sql] SHOW FULL COLUMNS FROM `balance_log` [ RunTime:0.003797s ]
[2026-08-17T22:24:33+08:00][sql] INSERT INTO `balance_log` SET `user_id` = 7 , `type` = 'recharge' , `amount` = '100' , `balance` = '100' , `remark` = '余额充值（模拟支付）' , `create_time` = 1786976673 [ RunTime:0.001300s ]
[2026-08-17T22:24:49+08:00][sql] CONNECT:[ UseTime:0.011445s ] mysql:host=127.0.0.1;port=3306;dbname=auction;charset=utf8mb4
[2026-08-17T22:24:49+08:00][sql] SHOW FULL COLUMNS FROM `goods` [ RunTime:0.001214s ]
[2026-08-17T22:24:49+08:00][sql] SELECT `id` FROM `goods` WHERE  `status` = 1  AND `end_time` <= 1786976689 [ RunTime:0.000360s ]
[2026-08-17T22:24:49+08:00][sql] SHOW FULL COLUMNS FROM `setting` [ RunTime:0.001251s ]
[2026-08-17T22:24:49+08:00][sql] SELECT * FROM `setting` [ RunTime:0.000567s ]
[2026-08-17T22:24:49+08:00][sql] SHOW FULL COLUMNS FROM `user` [ RunTime:0.001357s ]
[2026-08-17T22:24:49+08:00][sql] SELECT * FROM `user` WHERE  `mobile` = '13900000010' LIMIT 1 [ RunTime:0.000488s ]
[2026-08-17T22:24:49+08:00][sql] SELECT * FROM `user` WHERE  `invite_code` = 'C5912576' LIMIT 1 [ RunTime:0.000425s ]
[2026-08-17T22:24:49+08:00][sql] INSERT INTO `user` SET `mobile` = '13900000010' , `password` = '14e1b600b1fd579f47433b88e8d85291' , `nickname` = '用户0010' , `invite_code` = 'C5912576' , `pid` = 0 , `status` = 1 , `reg_ip` = '127.0.0.1' , `reg_time` = 1786976689 , `create_time` = 1786976689 , `update_time` = 1786976689 [ RunTime:0.001605s ]
[2026-08-17T22:24:49+08:00][sql] SELECT * FROM `user` WHERE  `id` = 8 LIMIT 1 [ RunTime:0.000487s ]
[2026-08-17T22:24:49+08:00][sql] CONNECT:[ UseTime:0.011720s ] mysql:host=127.0.0.1;port=3306;dbname=auction;charset=utf8mb4
[2026-08-17T22:24:49+08:00][sql] SHOW FULL COLUMNS FROM `goods` [ RunTime:0.001642s ]
[2026-08-17T22:24:49+08:00][sql] SELECT `id` FROM `goods` WHERE  `status` = 1  AND `end_time` <= 1786976689 [ RunTime:0.000638s ]
[2026-08-17T22:24:49+08:00][sql] SHOW FULL COLUMNS FROM `setting` [ RunTime:0.001200s ]
[2026-08-17T22:24:49+08:00][sql] SELECT * FROM `setting` [ RunTime:0.000497s ]
[2026-08-17T22:25:50+08:00][sql] CONNECT:[ UseTime:0.002003s ] mysql:host=127.0.0.1;port=3306;dbname=auction;charset=utf8mb4
[2026-08-17T22:25:50+08:00][sql] SHOW FULL COLUMNS FROM `goods` [ RunTime:0.001731s ]
[2026-08-17T22:25:50+08:00][sql] SELECT `id` FROM `goods` WHERE  `status` = 1  AND `end_time` <= 1786976750 [ RunTime:0.000745s ]
[2026-08-17T22:25:50+08:00][sql] SHOW FULL COLUMNS FROM `setting` [ RunTime:0.001516s ]
[2026-08-17T22:25:50+08:00][sql] SELECT * FROM `setting` [ RunTime:0.000713s ]
[2026-08-17T22:25:50+08:00][sql] SHOW FULL COLUMNS FROM `user` [ RunTime:0.001571s ]
[2026-08-17T22:25:50+08:00][sql] SELECT * FROM `user` WHERE  `mobile` = '13900000001' LIMIT 1 [ RunTime:0.000920s ]
[2026-08-17T22:25:50+08:00][sql] SELECT * FROM `user` WHERE  `invite_code` = 'C6626007' LIMIT 1 [ RunTime:0.000749s ]
[2026-08-17T22:25:50+08:00][sql] INSERT INTO `user` SET `mobile` = '13900000001' , `password` = '14e1b600b1fd579f47433b88e8d85291' , `nickname` = '测试买家甲' , `invite_code` = 'C6626007' , `pid` = 0 , `status` = 1 , `reg_ip` = '127.0.0.1' , `reg_time` = 1786976750 , `create_time` = 1786976750 , `update_time` = 1786976750 [ RunTime:0.001780s ]
[2026-08-17T22:25:50+08:00][sql] SELECT * FROM `user` WHERE  `id` = 9 LIMIT 1 [ RunTime:0.000858s ]
[2026-08-17T22:25:50+08:00][sql] CONNECT:[ UseTime:0.025052s ] mysql:host=127.0.0.1;port=3306;dbname=auction;charset=utf8mb4
[2026-08-17T22:25:50+08:00][sql] SHOW FULL COLUMNS FROM `goods` [ RunTime:0.001596s ]
[2026-08-17T22:25:50+08:00][sql] SELECT `id` FROM `goods` WHERE  `status` = 1  AND `end_time` <= 1786976750 [ RunTime:0.000858s ]
[2026-08-17T22:25:50+08:00][sql] SHOW FULL COLUMNS FROM `user` [ RunTime:0.001469s ]
[2026-08-17T22:25:50+08:00][sql] SELECT * FROM `user` WHERE  `id` = 9 LIMIT 1 [ RunTime:0.000879s ]
[2026-08-17T22:25:50+08:00][sql] SHOW FULL COLUMNS FROM `setting` [ RunTime:0.001282s ]
[2026-08-17T22:25:50+08:00][sql] SELECT * FROM `setting` [ RunTime:0.000510s ]
[2026-08-17T22:25:50+08:00][sql] SELECT * FROM `user` WHERE  `id` = 9 LIMIT 1   FOR UPDATE [ RunTime:0.000696s ]
[2026-08-17T22:25:50+08:00][sql] UPDATE `user`  SET `balance` = '200' , `update_time` = 1786976750  WHERE  `id` = 9 [ RunTime:0.001735s ]
[2026-08-17T22:25:50+08:00][sql] SHOW FULL COLUMNS FROM `balance_log` [ RunTime:0.003393s ]
[2026-08-17T22:25:50+08:00][sql] INSERT INTO `balance_log` SET `user_id` = 9 , `type` = 'recharge' , `amount` = '200' , `balance` = '200' , `remark` = '余额充值（模拟支付）' , `create_time` = 1786976750 [ RunTime:0.001528s ]
[2026-08-17T22:25:50+08:00][sql] CONNECT:[ UseTime:0.021880s ] mysql:host=127.0.0.1;port=3306;dbname=auction;charset=utf8mb4
[2026-08-17T22:25:50+08:00][sql] SHOW FULL COLUMNS FROM `goods` [ RunTime:0.001882s ]
[2026-08-17T22:25:50+08:00][sql] SELECT `id` FROM `goods` WHERE  `status` = 1  AND `end_time` <= 1786976750 [ RunTime:0.000717s ]
[2026-08-17T22:25:50+08:00][sql] SHOW FULL COLUMNS FROM `setting` [ RunTime:0.001197s ]
[2026-08-17T22:25:50+08:00][sql] SELECT * FROM `setting` [ RunTime:0.000516s ]
[2026-08-17T22:25:50+08:00][sql] SHOW FULL COLUMNS FROM `user` [ RunTime:0.001603s ]
[2026-08-17T22:25:50+08:00][sql] SELECT * FROM `user` WHERE  `mobile` = '13900000002' LIMIT 1 [ RunTime:0.000638s ]
[2026-08-17T22:25:50+08:00][sql] SELECT * FROM `user` WHERE  `invite_code` = 'F4DA3921' LIMIT 1 [ RunTime:0.000575s ]
[2026-08-17T22:25:50+08:00][sql] INSERT INTO `user` SET `mobile` = '13900000002' , `password` = '14e1b600b1fd579f47433b88e8d85291' , `nickname` = '测试卖家乙' , `invite_code` = 'F4DA3921' , `pid` = 0 , `status` = 1 , `reg_ip` = '127.0.0.1' , `reg_time` = 1786976750 , `create_time` = 1786976750 , `update_time` = 1786976750 [ RunTime:0.001690s ]
[2026-08-17T22:25:50+08:00][sql] SELECT * FROM `user` WHERE  `id` = 10 LIMIT 1 [ RunTime:0.000557s ]
[2026-08-17T22:25:50+08:00][sql] CONNECT:[ UseTime:0.012360s ] mysql:host=127.0.0.1;port=3306;dbname=auction;charset=utf8mb4
[2026-08-17T22:25:50+08:00][sql] SHOW FULL COLUMNS FROM `goods` [ RunTime:0.001547s ]
[2026-08-17T22:25:50+08:00][sql] SELECT `id` FROM `goods` WHERE  `status` = 1  AND `end_time` <= 1786976750 [ RunTime:0.000587s ]
[2026-08-17T22:25:50+08:00][sql] SHOW FULL COLUMNS FROM `user` [ RunTime:0.001349s ]
[2026-08-17T22:25:50+08:00][sql] SELECT * FROM `user` WHERE  `id` = 10 LIMIT 1 [ RunTime:0.000604s ]
[2026-08-17T22:25:50+08:00][sql] SHOW FULL COLUMNS FROM `setting` [ RunTime:0.001178s ]
[2026-08-17T22:25:50+08:00][sql] SELECT * FROM `setting` [ RunTime:0.000618s ]
[2026-08-17T22:25:50+08:00][sql] UPDATE `user`  SET `seller_check` = 0 , `is_seller` = 0 , `update_time` = 1786976750  WHERE  `id` = 10 [ RunTime:0.001520s ]
[2026-08-17T22:25:50+08:00][sql] CONNECT:[ UseTime:0.023055s ] mysql:host=127.0.0.1;port=3306;dbname=auction;charset=utf8mb4
[2026-08-17T22:25:50+08:00][sql] SHOW FULL COLUMNS FROM `goods` [ RunTime:0.001492s ]
[2026-08-17T22:25:50+08:00][sql] SELECT `id` FROM `goods` WHERE  `status` = 1  AND `end_time` <= 1786976750 [ RunTime:0.000590s ]
[2026-08-17T22:25:50+08:00][sql] SHOW FULL COLUMNS FROM `user` [ RunTime:0.001178s ]
[2026-08-17T22:25:50+08:00][sql] SELECT * FROM `user` WHERE  `id` = 10 LIMIT 1 [ RunTime:0.000434s ]
[2026-08-17T22:25:50+08:00][sql] SHOW FULL COLUMNS FROM `setting` [ RunTime:0.000933s ]
[2026-08-17T22:25:50+08:00][sql] SELECT * FROM `setting` [ RunTime:0.000350s ]
[2026-08-17T22:25:50+08:00][sql] CONNECT:[ UseTime:0.001447s ] mysql:host=127.0.0.1;port=3306;dbname=auction;charset=utf8mb4
[2026-08-17T22:25:50+08:00][sql] SHOW FULL COLUMNS FROM `goods` [ RunTime:0.001316s ]
[2026-08-17T22:25:50+08:00][sql] SELECT `id` FROM `goods` WHERE  `status` = 1  AND `end_time` <= 1786976750 [ RunTime:0.000691s ]
[2026-08-17T22:25:50+08:00][sql] SHOW FULL COLUMNS FROM `user` [ RunTime:0.001172s ]
[2026-08-17T22:25:50+08:00][sql] SELECT * FROM `user` WHERE  `id` = 10 LIMIT 1 [ RunTime:0.000644s ]
[2026-08-17T22:25:50+08:00][sql] SHOW FULL COLUMNS FROM `setting` [ RunTime:0.001044s ]
[2026-08-17T22:25:50+08:00][sql] SELECT * FROM `setting` [ RunTime:0.000542s ]
[2026-08-17T22:25:50+08:00][sql] CONNECT:[ UseTime:0.001503s ] mysql:host=127.0.0.1;port=3306;dbname=auction;charset=utf8mb4
[2026-08-17T22:25:50+08:00][sql] SHOW FULL COLUMNS FROM `goods` [ RunTime:0.001144s ]
[2026-08-17T22:25:50+08:00][sql] SELECT `id` FROM `goods` WHERE  `status` = 1  AND `end_time` <= 1786976750 [ RunTime:0.000554s ]
[2026-08-17T22:25:50+08:00][sql] SHOW FULL COLUMNS FROM `user` [ RunTime:0.000979s ]
[2026-08-17T22:25:50+08:00][sql] SELECT * FROM `user` WHERE  `id` = 9 LIMIT 1 [ RunTime:0.000513s ]
[2026-08-17T22:25:50+08:00][sql] SHOW FULL COLUMNS FROM `setting` [ RunTime:0.000868s ]
[2026-08-17T22:25:50+08:00][sql] SELECT * FROM `setting` [ RunTime:0.000431s ]
[2026-08-17T22:25:50+08:00][sql] SHOW FULL COLUMNS FROM `bid_record` [ RunTime:0.002596s ]
[2026-08-17T22:25:50+08:00][sql] SELECT COUNT(*) AS think_count FROM `bid_record` WHERE  `user_id` = 9 [ RunTime:0.000541s ]
[2026-08-17T22:25:50+08:00][sql] SHOW FULL COLUMNS FROM `order` [ RunTime:0.001072s ]
[2026-08-17T22:25:50+08:00][sql] SELECT COUNT(*) AS think_count FROM `order` WHERE  `buyer_id` = 9  AND `pay_status` = 1 [ RunTime:0.000677s ]
[2026-08-17T22:25:50+08:00][sql] SELECT COUNT(*) AS think_count FROM `goods` WHERE  `seller_id` = 9  AND `status` = 2 [ RunTime:0.000565s ]
[2026-08-17T22:25:50+08:00][sql] SELECT COUNT(*) AS think_count FROM `goods` WHERE  `seller_id` = 9 [ RunTime:0.000528s ]
[2026-08-17T22:25:50+08:00][sql] SELECT COUNT(*) AS think_count FROM `order` WHERE  `buyer_id` = 9  AND `pay_status` = 0  AND `order_status` = 0 [ RunTime:0.000533s ]
[2026-08-17T22:25:50+08:00][sql] SELECT COUNT(*) AS think_count FROM `order` WHERE  `seller_id` = 9  AND `order_status` = 1 [ RunTime:0.000474s ]
[2026-08-17T22:25:50+08:00][sql] SHOW FULL COLUMNS FROM `balance_log` [ RunTime:0.000843s ]
[2026-08-17T22:25:50+08:00][sql] SELECT * FROM `balance_log` WHERE  `user_id` = 9 ORDER BY `id` DESC LIMIT 8 [ RunTime:0.000498s ]
[2026-08-17T22:25:50+08:00][sql] SELECT `b`.*,`g`.`title`,`g`.`cover`,g.status as goods_status,`g`.`end_time` FROM `bid_record` `b` LEFT JOIN `goods` `g` ON `b`.`goods_id`=`g`.`id` WHERE  `b`.`user_id` = '9' ORDER BY `b`.`id` DESC LIMIT 5 [ RunTime:0.000515s ]
[2026-08-17T22:25:50+08:00][error] [0]语法错误: unexpected token ";", expecting ")"[D:\work\08\17_3\runtime\index\temp\1576bd838c8df20a78914cf2c6785596.php:301]
[2026-08-17T22:25:50+08:00][sql] CONNECT:[ UseTime:0.019165s ] mysql:host=127.0.0.1;port=3306;dbname=auction;charset=utf8mb4
[2026-08-17T22:25:50+08:00][sql] SHOW FULL COLUMNS FROM `goods` [ RunTime:0.001163s ]
[2026-08-17T22:25:50+08:00][sql] SELECT `id` FROM `goods` WHERE  `status` = 1  AND `end_time` <= 1786976750 [ RunTime:0.000733s ]
[2026-08-17T22:25:50+08:00][sql] SHOW FULL COLUMNS FROM `user` [ RunTime:0.000933s ]
[2026-08-17T22:25:50+08:00][sql] SELECT * FROM `user` WHERE  `id` = 9 LIMIT 1 [ RunTime:0.000366s ]
[2026-08-17T22:25:50+08:00][sql] SHOW FULL COLUMNS FROM `setting` [ RunTime:0.000871s ]
[2026-08-17T22:25:50+08:00][sql] SELECT * FROM `setting` [ RunTime:0.000423s ]
[2026-08-17T22:25:50+08:00][sql] SHOW FULL COLUMNS FROM `bid_record` [ RunTime:0.001070s ]
[2026-08-17T22:25:50+08:00][sql] SELECT COUNT(*) AS think_count FROM `bid_record` `b` LEFT JOIN `goods` `g` ON `b`.`goods_id`=`g`.`id` WHERE  `b`.`user_id` = '9' [ RunTime:0.000560s ]
[2026-08-17T22:25:50+08:00][sql] SELECT `b`.*,`g`.`title`,`g`.`cover`,g.status as goods_status,`g`.`end_time`,`g`.`final_price`,`g`.`winner_id` FROM `bid_record` `b` LEFT JOIN `goods` `g` ON `b`.`goods_id`=`g`.`id` WHERE  `b`.`user_id` = '9' ORDER BY `b`.`id` DESC LIMIT 0,15 [ RunTime:0.000517s ]
[2026-08-17T22:25:50+08:00][error] [0]语法错误: unexpected token ";", expecting ")"[D:\work\08\17_3\runtime\index\temp\15f7680df30f94e35f6c1d48020dc976.php:247]
[2026-08-17T22:25:50+08:00][sql] CONNECT:[ UseTime:0.021211s ] mysql:host=127.0.0.1;port=3306;dbname=auction;charset=utf8mb4
[2026-08-17T22:25:50+08:00][sql] SHOW FULL COLUMNS FROM `goods` [ RunTime:0.001225s ]
[2026-08-17T22:25:50+08:00][sql] SELECT `id` FROM `goods` WHERE  `status` = 1  AND `end_time` <= 1786976750 [ RunTime:0.000836s ]
[2026-08-17T22:25:50+08:00][sql] SHOW FULL COLUMNS FROM `user` [ RunTime:0.001733s ]
[2026-08-17T22:25:50+08:00][sql] SELECT * FROM `user` WHERE  `id` = 10 LIMIT 1 [ RunTime:0.000845s ]
[2026-08-17T22:25:50+08:00][sql] SHOW FULL COLUMNS FROM `setting` [ RunTime:0.001427s ]
[2026-08-17T22:25:50+08:00][sql] SELECT * FROM `setting` [ RunTime:0.000633s ]
[2026-08-17T22:25:50+08:00][sql] SHOW FULL COLUMNS FROM `category` [ RunTime:0.003554s ]
[2026-08-17T22:25:50+08:00][sql] SELECT * FROM `category` WHERE  `status` = 1 ORDER BY `sort` ASC [ RunTime:0.000935s ]
[2026-08-17T22:25:50+08:00][sql] CONNECT:[ UseTime:0.010796s ] mysql:host=127.0.0.1;port=3306;dbname=auction;charset=utf8mb4
[2026-08-17T22:25:50+08:00][sql] SHOW FULL COLUMNS FROM `goods` [ RunTime:0.001739s ]
[2026-08-17T22:25:50+08:00][sql] SELECT `id` FROM `goods` WHERE  `status` = 1  AND `end_time` <= 1786976750 [ RunTime:0.000930s ]
[2026-08-17T22:25:50+08:00][sql] SHOW FULL COLUMNS FROM `user` [ RunTime:0.001480s ]
[2026-08-17T22:25:50+08:00][sql] SELECT * FROM `user` WHERE  `id` = 10 LIMIT 1 [ RunTime:0.000666s ]
[2026-08-17T22:25:50+08:00][sql] SHOW FULL COLUMNS FROM `setting` [ RunTime:0.001343s ]
[2026-08-17T22:25:50+08:00][sql] SELECT * FROM `setting` [ RunTime:0.000710s ]
[2026-08-17T22:25:50+08:00][sql] SELECT COUNT(*) AS think_count FROM `goods` WHERE  `seller_id` = 10 [ RunTime:0.000685s ]
[2026-08-17T22:25:50+08:00][sql] SELECT * FROM `goods` WHERE  `seller_id` = 10 ORDER BY `id` DESC LIMIT 0,10 [ RunTime:0.000403s ]
[2026-08-17T22:25:50+08:00][error] [0]语法错误: unexpected token ";", expecting ")"[D:\work\08\17_3\runtime\index\temp\0cbf6c85c8ee4096808de302885d9957.php:263]
[2026-08-17T22:25:51+08:00][sql] CONNECT:[ UseTime:0.011998s ] mysql:host=127.0.0.1;port=3306;dbname=auction;charset=utf8mb4
[2026-08-17T22:25:51+08:00][sql] SHOW FULL COLUMNS FROM `goods` [ RunTime:0.001979s ]
[2026-08-17T22:25:51+08:00][sql] SELECT `id` FROM `goods` WHERE  `status` = 1  AND `end_time` <= 1786976750 [ RunTime:0.001021s ]
[2026-08-17T22:25:51+08:00][sql] SHOW FULL COLUMNS FROM `user` [ RunTime:0.001593s ]
[2026-08-17T22:25:51+08:00][sql] SELECT * FROM `user` WHERE  `id` = 9 LIMIT 1 [ RunTime:0.000619s ]
[2026-08-17T22:25:51+08:00][sql] SHOW FULL COLUMNS FROM `setting` [ RunTime:0.000992s ]
[2026-08-17T22:25:51+08:00][sql] SELECT * FROM `setting` [ RunTime:0.000604s ]
[2026-08-17T22:25:51+08:00][sql] SELECT COUNT(*) AS think_count FROM `goods` `g` LEFT JOIN `user` `u` ON `g`.`seller_id`=`u`.`id` WHERE  `g`.`status` = '1'  AND `g`.`start_time` <= '1786976750'  AND `g`.`end_time` > '1786976750' [ RunTime:0.001077s ]
[2026-08-17T22:25:51+08:00][sql] SELECT `g`.*,u.nickname as seller_name FROM `goods` `g` LEFT JOIN `user` `u` ON `g`.`seller_id`=`u`.`id` WHERE  `g`.`status` = '1'  AND `g`.`start_time` <= '1786976750'  AND `g`.`end_time` > '1786976750' ORDER BY `g`.`end_time` ASC,`g`.`id` DESC LIMIT 0,12 [ RunTime:0.001311s ]
[2026-08-17T22:25:51+08:00][sql] SHOW FULL COLUMNS FROM `bid_record` [ RunTime:0.003796s ]
[2026-08-17T22:25:51+08:00][sql] SELECT MAX(`price`) AS think_max FROM `bid_record` WHERE  `goods_id` = 3  AND `status` = 0 [ RunTime:0.000679s ]
[2026-08-17T22:25:51+08:00][sql] SELECT MAX(`price`) AS think_max FROM `bid_record` WHERE  `goods_id` = 1  AND `status` = 0 [ RunTime:0.000678s ]
[2026-08-17T22:25:51+08:00][sql] SHOW FULL COLUMNS FROM `category` [ RunTime:0.001509s ]
[2026-08-17T22:25:51+08:00][sql] SELECT * FROM `category` WHERE  `status` = 1 ORDER BY `sort` ASC [ RunTime:0.001012s ]
[2026-08-17T22:25:51+08:00][sql] CONNECT:[ UseTime:0.012205s ] mysql:host=127.0.0.1;port=3306;dbname=auction;charset=utf8mb4
[2026-08-17T22:25:51+08:00][sql] SHOW FULL COLUMNS FROM `goods` [ RunTime:0.001828s ]
[2026-08-17T22:25:51+08:00][sql] SELECT `id` FROM `goods` WHERE  `status` = 1  AND `end_time` <= 1786976751 [ RunTime:0.001021s ]
[2026-08-17T22:25:51+08:00][sql] SHOW FULL COLUMNS FROM `user` [ RunTime:0.001830s ]
[2026-08-17T22:25:51+08:00][sql] SELECT * FROM `user` WHERE  `id` = 9 LIMIT 1 [ RunTime:0.001048s ]
[2026-08-17T22:25:51+08:00][sql] SHOW FULL COLUMNS FROM `setting` [ RunTime:0.001522s ]
[2026-08-17T22:25:51+08:00][sql] SELECT * FROM `setting` [ RunTime:0.001009s ]
[2026-08-17T22:25:51+08:00][sql] SELECT `g`.*,u.nickname as seller_name,u.avatar as seller_avatar,c.name as category_name FROM `goods` `g` LEFT JOIN `user` `u` ON `g`.`seller_id`=`u`.`id` LEFT JOIN `category` `c` ON `g`.`category_id`=`c`.`id` WHERE  `g`.`id` = '0' LIMIT 1 [ RunTime:0.001152s ]
[2026-08-17T22:25:51+08:00][sql] CONNECT:[ UseTime:0.004963s ] mysql:host=127.0.0.1;port=3306;dbname=auction;charset=utf8mb4
[2026-08-17T22:25:51+08:00][sql] SHOW FULL COLUMNS FROM `goods` [ RunTime:0.001383s ]
[2026-08-17T22:25:51+08:00][sql] SELECT `id` FROM `goods` WHERE  `status` = 1  AND `end_time` <= 1786976751 [ RunTime:0.001046s ]
[2026-08-17T22:25:51+08:00][sql] SHOW FULL COLUMNS FROM `user` [ RunTime:0.001677s ]
[2026-08-17T22:25:51+08:00][sql] SELECT * FROM `user` WHERE  `id` = 9 LIMIT 1 [ RunTime:0.000880s ]
[2026-08-17T22:25:51+08:00][sql] SHOW FULL COLUMNS FROM `setting` [ RunTime:0.001007s ]
[2026-08-17T22:25:51+08:00][sql] SELECT * FROM `setting` [ RunTime:0.000713s ]
[2026-08-17T22:25:51+08:00][sql] SELECT * FROM `goods` WHERE  `id` = 0 LIMIT 1   FOR UPDATE [ RunTime:0.000916s ]
[2026-08-17T22:27:29+08:00][sql] CONNECT:[ UseTime:0.014632s ] mysql:host=127.0.0.1;port=3306;dbname=auction;charset=utf8mb4
[2026-08-17T22:27:29+08:00][sql] SHOW FULL COLUMNS FROM `goods` [ RunTime:0.001624s ]
[2026-08-17T22:27:29+08:00][sql] SELECT `id` FROM `goods` WHERE  `status` = 1  AND `end_time` <= 1786976849 [ RunTime:0.001137s ]
[2026-08-17T22:27:29+08:00][sql] SHOW FULL COLUMNS FROM `user` [ RunTime:0.001790s ]
[2026-08-17T22:27:29+08:00][sql] SELECT * FROM `user` WHERE  `id` = 9 LIMIT 1 [ RunTime:0.000987s ]
[2026-08-17T22:27:29+08:00][sql] SHOW FULL COLUMNS FROM `setting` [ RunTime:0.001479s ]
[2026-08-17T22:27:29+08:00][sql] SELECT * FROM `setting` [ RunTime:0.000892s ]
[2026-08-17T22:27:29+08:00][sql] SELECT COUNT(*) AS think_count FROM `goods` `g` LEFT JOIN `user` `u` ON `g`.`seller_id`=`u`.`id` WHERE  `g`.`status` = '1'  AND `g`.`start_time` <= '1786976849'  AND `g`.`end_time` > '1786976849' [ RunTime:0.001221s ]
[2026-08-17T22:27:29+08:00][sql] SELECT `g`.*,u.nickname as seller_name FROM `goods` `g` LEFT JOIN `user` `u` ON `g`.`seller_id`=`u`.`id` WHERE  `g`.`status` = '1'  AND `g`.`start_time` <= '1786976849'  AND `g`.`end_time` > '1786976849' ORDER BY `g`.`end_time` ASC,`g`.`id` DESC LIMIT 0,12 [ RunTime:0.001321s ]
[2026-08-17T22:27:29+08:00][sql] SHOW FULL COLUMNS FROM `bid_record` [ RunTime:0.001528s ]
[2026-08-17T22:27:29+08:00][sql] SELECT MAX(`price`) AS think_max FROM `bid_record` WHERE  `goods_id` = 3  AND `status` = 0 [ RunTime:0.001000s ]
[2026-08-17T22:27:29+08:00][sql] SELECT MAX(`price`) AS think_max FROM `bid_record` WHERE  `goods_id` = 1  AND `status` = 0 [ RunTime:0.000965s ]
[2026-08-17T22:27:29+08:00][sql] SHOW FULL COLUMNS FROM `category` [ RunTime:0.001238s ]
[2026-08-17T22:27:29+08:00][sql] SELECT * FROM `category` WHERE  `status` = 1 ORDER BY `sort` ASC [ RunTime:0.000650s ]
[2026-08-17T22:27:29+08:00][sql] CONNECT:[ UseTime:0.011148s ] mysql:host=127.0.0.1;port=3306;dbname=auction;charset=utf8mb4
[2026-08-17T22:27:29+08:00][sql] SHOW FULL COLUMNS FROM `goods` [ RunTime:0.001814s ]
[2026-08-17T22:27:29+08:00][sql] SELECT `id` FROM `goods` WHERE  `status` = 1  AND `end_time` <= 1786976849 [ RunTime:0.001037s ]
[2026-08-17T22:27:29+08:00][sql] SHOW FULL COLUMNS FROM `user` [ RunTime:0.001527s ]
[2026-08-17T22:27:29+08:00][sql] SELECT * FROM `user` WHERE  `id` = 9 LIMIT 1 [ RunTime:0.000957s ]
[2026-08-17T22:27:29+08:00][sql] SHOW FULL COLUMNS FROM `setting` [ RunTime:0.001433s ]
[2026-08-17T22:27:29+08:00][sql] SELECT * FROM `setting` [ RunTime:0.000795s ]
[2026-08-17T22:27:29+08:00][sql] SHOW FULL COLUMNS FROM `order` [ RunTime:0.001749s ]
[2026-08-17T22:27:29+08:00][sql] SELECT * FROM `order` WHERE  `id` = 0  AND `buyer_id` = 9 LIMIT 1   FOR UPDATE [ RunTime:0.000670s ]
[2026-08-17T22:27:29+08:00][sql] CONNECT:[ UseTime:0.019186s ] mysql:host=127.0.0.1;port=3306;dbname=auction;charset=utf8mb4
[2026-08-17T22:27:29+08:00][sql] SHOW FULL COLUMNS FROM `goods` [ RunTime:0.001249s ]
[2026-08-17T22:27:29+08:00][sql] SELECT `id` FROM `goods` WHERE  `status` = 1  AND `end_time` <= 1786976849 [ RunTime:0.000859s ]
[2026-08-17T22:27:29+08:00][sql] SHOW FULL COLUMNS FROM `user` [ RunTime:0.001595s ]
[2026-08-17T22:27:29+08:00][sql] SELECT * FROM `user` WHERE  `id` = 10 LIMIT 1 [ RunTime:0.000765s ]
[2026-08-17T22:27:29+08:00][sql] SHOW FULL COLUMNS FROM `setting` [ RunTime:0.001227s ]
[2026-08-17T22:27:29+08:00][sql] SELECT * FROM `setting` [ RunTime:0.000608s ]
[2026-08-17T22:27:29+08:00][sql] SHOW FULL COLUMNS FROM `order` [ RunTime:0.001690s ]
[2026-08-17T22:27:29+08:00][sql] SELECT * FROM `order` WHERE  `id` = 0  AND `seller_id` = 10 LIMIT 1 [ RunTime:0.001001s ]
[2026-08-17T22:27:29+08:00][sql] CONNECT:[ UseTime:0.017441s ] mysql:host=127.0.0.1;port=3306;dbname=auction;charset=utf8mb4
[2026-08-17T22:27:29+08:00][sql] SHOW FULL COLUMNS FROM `goods` [ RunTime:0.001674s ]
[2026-08-17T22:27:29+08:00][sql] SELECT `id` FROM `goods` WHERE  `status` = 1  AND `end_time` <= 1786976849 [ RunTime:0.000948s ]
[2026-08-17T22:27:29+08:00][sql] SHOW FULL COLUMNS FROM `user` [ RunTime:0.001535s ]
[2026-08-17T22:27:29+08:00][sql] SELECT * FROM `user` WHERE  `id` = 9 LIMIT 1 [ RunTime:0.000952s ]
[2026-08-17T22:27:29+08:00][sql] SHOW FULL COLUMNS FROM `setting` [ RunTime:0.001426s ]
[2026-08-17T22:27:29+08:00][sql] SELECT * FROM `setting` [ RunTime:0.000779s ]
[2026-08-17T22:27:29+08:00][sql] SHOW FULL COLUMNS FROM `order` [ RunTime:0.001586s ]
[2026-08-17T22:27:29+08:00][sql] SELECT * FROM `order` WHERE  `id` = 0  AND `buyer_id` = 9 LIMIT 1 [ RunTime:0.000699s ]
[2026-08-17T22:27:29+08:00][sql] CONNECT:[ UseTime:0.019022s ] mysql:host=127.0.0.1;port=3306;dbname=auction;charset=utf8mb4
[2026-08-17T22:27:29+08:00][sql] SHOW FULL COLUMNS FROM `goods` [ RunTime:0.001715s ]
[2026-08-17T22:27:29+08:00][sql] SELECT `id` FROM `goods` WHERE  `status` = 1  AND `end_time` <= 1786976849 [ RunTime:0.001083s ]
[2026-08-17T22:27:29+08:00][sql] SHOW FULL COLUMNS FROM `user` [ RunTime:0.001775s ]
[2026-08-17T22:27:29+08:00][sql] SELECT * FROM `user` WHERE  `id` = 9 LIMIT 1 [ RunTime:0.000891s ]
[2026-08-17T22:27:29+08:00][sql] SHOW FULL COLUMNS FROM `setting` [ RunTime:0.001265s ]
[2026-08-17T22:27:29+08:00][sql] SELECT * FROM `setting` [ RunTime:0.000739s ]
[2026-08-17T22:27:29+08:00][sql] SHOW FULL COLUMNS FROM `user_address` [ RunTime:0.003784s ]
[2026-08-17T22:27:29+08:00][sql] INSERT INTO `user_address` SET `user_id` = 9 , `name` = '测试买家' , `mobile` = '13900000001' , `province` = '北京市' , `city` = '北京市' , `district` = '朝阳区' , `address` = '测试路1号' , `is_default` = 1 , `create_time` = 1786976849 , `update_time` = 1786976849 [ RunTime:0.005345s ]
[2026-08-17T22:27:29+08:00][sql] UPDATE `user_address`  SET `is_default` = 0  WHERE  `user_id` = 9 [ RunTime:0.002053s ]
[2026-08-17T22:27:29+08:00][sql] UPDATE `user_address`  SET `is_default` = 1  WHERE  `id` = 1 [ RunTime:0.001916s ]
[2026-08-17T22:27:29+08:00][sql] CONNECT:[ UseTime:0.009495s ] mysql:host=127.0.0.1;port=3306;dbname=auction;charset=utf8mb4
[2026-08-17T22:27:29+08:00][sql] SHOW FULL COLUMNS FROM `goods` [ RunTime:0.002023s ]
[2026-08-17T22:27:29+08:00][sql] SELECT `id` FROM `goods` WHERE  `status` = 1  AND `end_time` <= 1786976849 [ RunTime:0.001097s ]
[2026-08-17T22:27:29+08:00][sql] SHOW FULL COLUMNS FROM `user` [ RunTime:0.001786s ]
[2026-08-17T22:27:29+08:00][sql] SELECT * FROM `user` WHERE  `id` = 9 LIMIT 1 [ RunTime:0.001003s ]
[2026-08-17T22:27:29+08:00][sql] SHOW FULL COLUMNS FROM `setting` [ RunTime:0.001464s ]
[2026-08-17T22:27:29+08:00][sql] SELECT * FROM `setting` [ RunTime:0.000891s ]
[2026-08-17T22:27:29+08:00][sql] SHOW FULL COLUMNS FROM `withdraw` [ RunTime:0.001485s ]
[2026-08-17T22:27:29+08:00][sql] INSERT INTO `withdraw` SET `user_id` = 9 , `amount` = '10' , `fee` = '0.1' , `account_type` = 1 , `account` = '6222000000000000' , `account_name` = '测试买家' , `status` = 0 , `create_time` = 1786976849 , `update_time` = 1786976849 [ RunTime:0.002115s ]
[2026-08-17T22:27:55+08:00][sql] CONNECT:[ UseTime:0.012813s ] mysql:host=127.0.0.1;port=3306;dbname=auction;charset=utf8mb4
[2026-08-17T22:27:55+08:00][sql] SHOW FULL COLUMNS FROM `goods` [ RunTime:0.001890s ]
[2026-08-17T22:27:55+08:00][sql] SELECT `id` FROM `goods` WHERE  `status` = 1  AND `end_time` <= 1786976875 [ RunTime:0.001107s ]
[2026-08-17T22:27:55+08:00][sql] SHOW FULL COLUMNS FROM `user` [ RunTime:0.001688s ]
[2026-08-17T22:27:55+08:00][sql] SELECT * FROM `user` WHERE  `id` = 9 LIMIT 1 [ RunTime:0.000654s ]
[2026-08-17T22:27:55+08:00][sql] SHOW FULL COLUMNS FROM `setting` [ RunTime:0.001346s ]
[2026-08-17T22:27:55+08:00][sql] SELECT * FROM `setting` [ RunTime:0.000879s ]
[2026-08-17T22:27:55+08:00][sql] SHOW FULL COLUMNS FROM `bid_record` [ RunTime:0.003666s ]
[2026-08-17T22:27:55+08:00][sql] SELECT COUNT(*) AS think_count FROM `bid_record` WHERE  `user_id` = 9 [ RunTime:0.000674s ]
[2026-08-17T22:27:55+08:00][sql] SHOW FULL COLUMNS FROM `order` [ RunTime:0.002498s ]
[2026-08-17T22:27:55+08:00][sql] SELECT COUNT(*) AS think_count FROM `order` WHERE  `buyer_id` = 9  AND `pay_status` = 1 [ RunTime:0.000977s ]
[2026-08-17T22:27:55+08:00][sql] SELECT COUNT(*) AS think_count FROM `goods` WHERE  `seller_id` = 9  AND `status` = 2 [ RunTime:0.001089s ]
[2026-08-17T22:27:55+08:00][sql] SELECT COUNT(*) AS think_count FROM `goods` WHERE  `seller_id` = 9 [ RunTime:0.000996s ]
[2026-08-17T22:27:55+08:00][sql] SELECT COUNT(*) AS think_count FROM `order` WHERE  `buyer_id` = 9  AND `pay_status` = 0  AND `order_status` = 0 [ RunTime:0.000948s ]
[2026-08-17T22:27:55+08:00][sql] SELECT COUNT(*) AS think_count FROM `order` WHERE  `seller_id` = 9  AND `order_status` = 1 [ RunTime:0.000675s ]
[2026-08-17T22:27:55+08:00][sql] SHOW FULL COLUMNS FROM `balance_log` [ RunTime:0.001010s ]
[2026-08-17T22:27:55+08:00][sql] SELECT * FROM `balance_log` WHERE  `user_id` = 9 ORDER BY `id` DESC LIMIT 8 [ RunTime:0.000947s ]
[2026-08-17T22:27:55+08:00][sql] SELECT `b`.*,`g`.`title`,`g`.`cover`,g.status as goods_status,`g`.`end_time` FROM `bid_record` `b` LEFT JOIN `goods` `g` ON `b`.`goods_id`=`g`.`id` WHERE  `b`.`user_id` = '9' ORDER BY `b`.`id` DESC LIMIT 5 [ RunTime:0.000894s ]
[2026-08-17T22:27:55+08:00][error] [0]语法错误: unexpected token ";", expecting ")"[D:\work\08\17_3\runtime\index\temp\1576bd838c8df20a78914cf2c6785596.php:301]
[2026-08-17T22:28:16+08:00][sql] CONNECT:[ UseTime:0.020042s ] mysql:host=127.0.0.1;port=3306;dbname=auction;charset=utf8mb4
[2026-08-17T22:28:16+08:00][sql] SHOW FULL COLUMNS FROM `goods` [ RunTime:0.001899s ]
[2026-08-17T22:28:16+08:00][sql] SELECT `id` FROM `goods` WHERE  `status` = 1  AND `end_time` <= 1786976896 [ RunTime:0.001025s ]
[2026-08-17T22:28:16+08:00][sql] SHOW FULL COLUMNS FROM `user` [ RunTime:0.001667s ]
[2026-08-17T22:28:16+08:00][sql] SELECT * FROM `user` WHERE  `id` = 9 LIMIT 1 [ RunTime:0.000817s ]
[2026-08-17T22:28:16+08:00][sql] SHOW FULL COLUMNS FROM `setting` [ RunTime:0.001342s ]
[2026-08-17T22:28:16+08:00][sql] SELECT * FROM `setting` [ RunTime:0.000743s ]
[2026-08-17T22:28:16+08:00][sql] SHOW FULL COLUMNS FROM `bid_record` [ RunTime:0.001539s ]
[2026-08-17T22:28:16+08:00][sql] SELECT COUNT(*) AS think_count FROM `bid_record` WHERE  `user_id` = 9 [ RunTime:0.000638s ]
[2026-08-17T22:28:16+08:00][sql] SHOW FULL COLUMNS FROM `order` [ RunTime:0.001336s ]
[2026-08-17T22:28:16+08:00][sql] SELECT COUNT(*) AS think_count FROM `order` WHERE  `buyer_id` = 9  AND `pay_status` = 1 [ RunTime:0.000658s ]
[2026-08-17T22:28:16+08:00][sql] SELECT COUNT(*) AS think_count FROM `goods` WHERE  `seller_id` = 9  AND `status` = 2 [ RunTime:0.000646s ]
[2026-08-17T22:28:16+08:00][sql] SELECT COUNT(*) AS think_count FROM `goods` WHERE  `seller_id` = 9 [ RunTime:0.000654s ]
[2026-08-17T22:28:16+08:00][sql] SELECT COUNT(*) AS think_count FROM `order` WHERE  `buyer_id` = 9  AND `pay_status` = 0  AND `order_status` = 0 [ RunTime:0.000472s ]
[2026-08-17T22:28:16+08:00][sql] SELECT COUNT(*) AS think_count FROM `order` WHERE  `seller_id` = 9  AND `order_status` = 1 [ RunTime:0.000515s ]
[2026-08-17T22:28:16+08:00][sql] SHOW FULL COLUMNS FROM `balance_log` [ RunTime:0.002600s ]
[2026-08-17T22:28:16+08:00][sql] SELECT * FROM `balance_log` WHERE  `user_id` = 9 ORDER BY `id` DESC LIMIT 8 [ RunTime:0.000758s ]
[2026-08-17T22:28:16+08:00][sql] SELECT `b`.*,`g`.`title`,`g`.`cover`,g.status as goods_status,`g`.`end_time` FROM `bid_record` `b` LEFT JOIN `goods` `g` ON `b`.`goods_id`=`g`.`id` WHERE  `b`.`user_id` = '9' ORDER BY `b`.`id` DESC LIMIT 5 [ RunTime:0.000895s ]
[2026-08-17T22:28:16+08:00][error] [0]语法错误: unexpected token ";", expecting ")"[D:\work\08\17_3\runtime\index\temp\1576bd838c8df20a78914cf2c6785596.php:301]
[2026-08-17T22:28:17+08:00][sql] CONNECT:[ UseTime:0.011073s ] mysql:host=127.0.0.1;port=3306;dbname=auction;charset=utf8mb4
[2026-08-17T22:28:17+08:00][sql] SHOW FULL COLUMNS FROM `goods` [ RunTime:0.001753s ]
[2026-08-17T22:28:17+08:00][sql] SELECT `id` FROM `goods` WHERE  `status` = 1  AND `end_time` <= 1786976897 [ RunTime:0.000858s ]
[2026-08-17T22:28:17+08:00][sql] SHOW FULL COLUMNS FROM `user` [ RunTime:0.001581s ]
[2026-08-17T22:28:17+08:00][sql] SELECT * FROM `user` WHERE  `id` = 10 LIMIT 1 [ RunTime:0.000964s ]
[2026-08-17T22:28:17+08:00][sql] SHOW FULL COLUMNS FROM `setting` [ RunTime:0.001492s ]
[2026-08-17T22:28:17+08:00][sql] SELECT * FROM `setting` [ RunTime:0.000895s ]
[2026-08-17T22:30:42+08:00][sql] CONNECT:[ UseTime:0.010396s ] mysql:host=127.0.0.1;port=3306;dbname=auction;charset=utf8mb4
[2026-08-17T22:30:42+08:00][sql] SHOW FULL COLUMNS FROM `goods` [ RunTime:0.002042s ]
[2026-08-17T22:30:42+08:00][sql] SELECT `id` FROM `goods` WHERE  `status` = 1  AND `end_time` <= 1786977042 [ RunTime:0.000446s ]
[2026-08-17T22:30:42+08:00][sql] SHOW FULL COLUMNS FROM `user` [ RunTime:0.001812s ]
[2026-08-17T22:30:42+08:00][sql] SELECT * FROM `user` WHERE  `id` = 9 LIMIT 1 [ RunTime:0.001193s ]
[2026-08-17T22:30:42+08:00][sql] SHOW FULL COLUMNS FROM `setting` [ RunTime:0.001505s ]
[2026-08-17T22:30:42+08:00][sql] SELECT * FROM `setting` [ RunTime:0.000980s ]
[2026-08-17T22:30:42+08:00][sql] SHOW FULL COLUMNS FROM `bid_record` [ RunTime:0.001617s ]
[2026-08-17T22:30:42+08:00][sql] SELECT COUNT(*) AS think_count FROM `bid_record` WHERE  `user_id` = 9 [ RunTime:0.001036s ]
[2026-08-17T22:30:42+08:00][sql] SHOW FULL COLUMNS FROM `order` [ RunTime:0.001748s ]
[2026-08-17T22:30:42+08:00][sql] SELECT COUNT(*) AS think_count FROM `order` WHERE  `buyer_id` = 9  AND `pay_status` = 1 [ RunTime:0.001006s ]
[2026-08-17T22:30:42+08:00][sql] SELECT COUNT(*) AS think_count FROM `goods` WHERE  `seller_id` = 9  AND `status` = 2 [ RunTime:0.000956s ]
[2026-08-17T22:30:42+08:00][sql] SELECT COUNT(*) AS think_count FROM `goods` WHERE  `seller_id` = 9 [ RunTime:0.000917s ]
[2026-08-17T22:30:42+08:00][sql] SELECT COUNT(*) AS think_count FROM `order` WHERE  `buyer_id` = 9  AND `pay_status` = 0  AND `order_status` = 0 [ RunTime:0.000806s ]
[2026-08-17T22:30:42+08:00][sql] SELECT COUNT(*) AS think_count FROM `order` WHERE  `seller_id` = 9  AND `order_status` = 1 [ RunTime:0.000563s ]
[2026-08-17T22:30:42+08:00][sql] SHOW FULL COLUMNS FROM `balance_log` [ RunTime:0.000868s ]
[2026-08-17T22:30:42+08:00][sql] SELECT * FROM `balance_log` WHERE  `user_id` = 9 ORDER BY `id` DESC LIMIT 8 [ RunTime:0.000442s ]
[2026-08-17T22:30:42+08:00][sql] SELECT `b`.*,`g`.`title`,`g`.`cover`,g.status as goods_status,`g`.`end_time` FROM `bid_record` `b` LEFT JOIN `goods` `g` ON `b`.`goods_id`=`g`.`id` WHERE  `b`.`user_id` = '9' ORDER BY `b`.`id` DESC LIMIT 5 [ RunTime:0.000574s ]
[2026-08-17T22:30:42+08:00][sql] CONNECT:[ UseTime:0.025852s ] mysql:host=127.0.0.1;port=3306;dbname=auction;charset=utf8mb4
[2026-08-17T22:30:42+08:00][sql] SHOW FULL COLUMNS FROM `goods` [ RunTime:0.001904s ]
[2026-08-17T22:30:42+08:00][sql] SELECT `id` FROM `goods` WHERE  `status` = 1  AND `end_time` <= 1786977042 [ RunTime:0.001113s ]
[2026-08-17T22:30:42+08:00][sql] SHOW FULL COLUMNS FROM `user` [ RunTime:0.001776s ]
[2026-08-17T22:30:42+08:00][sql] SELECT * FROM `user` WHERE  `id` = 9 LIMIT 1 [ RunTime:0.000936s ]
[2026-08-17T22:30:42+08:00][sql] SHOW FULL COLUMNS FROM `setting` [ RunTime:0.001468s ]
[2026-08-17T22:30:42+08:00][sql] SELECT * FROM `setting` [ RunTime:0.000978s ]
[2026-08-17T22:30:42+08:00][sql] SHOW FULL COLUMNS FROM `bid_record` [ RunTime:0.001639s ]
[2026-08-17T22:30:42+08:00][sql] SELECT COUNT(*) AS think_count FROM `bid_record` `b` LEFT JOIN `goods` `g` ON `b`.`goods_id`=`g`.`id` WHERE  `b`.`user_id` = '9' [ RunTime:0.001054s ]
[2026-08-17T22:30:42+08:00][sql] SELECT `b`.*,`g`.`title`,`g`.`cover`,g.status as goods_status,`g`.`end_time`,`g`.`final_price`,`g`.`winner_id` FROM `bid_record` `b` LEFT JOIN `goods` `g` ON `b`.`goods_id`=`g`.`id` WHERE  `b`.`user_id` = '9' ORDER BY `b`.`id` DESC LIMIT 0,15 [ RunTime:0.001099s ]
[2026-08-17T22:30:42+08:00][sql] CONNECT:[ UseTime:0.011899s ] mysql:host=127.0.0.1;port=3306;dbname=auction;charset=utf8mb4
[2026-08-17T22:30:42+08:00][sql] SHOW FULL COLUMNS FROM `goods` [ RunTime:0.001795s ]
[2026-08-17T22:30:42+08:00][sql] SELECT `id` FROM `goods` WHERE  `status` = 1  AND `end_time` <= 1786977042 [ RunTime:0.001054s ]
[2026-08-17T22:30:42+08:00][sql] SHOW FULL COLUMNS FROM `user` [ RunTime:0.001705s ]
[2026-08-17T22:30:42+08:00][sql] SELECT * FROM `user` WHERE  `id` = 9 LIMIT 1 [ RunTime:0.001008s ]
[2026-08-17T22:30:42+08:00][sql] SHOW FULL COLUMNS FROM `setting` [ RunTime:0.001455s ]
[2026-08-17T22:30:42+08:00][sql] SELECT * FROM `setting` [ RunTime:0.000884s ]
[2026-08-17T22:30:42+08:00][sql] SHOW FULL COLUMNS FROM `balance_log` [ RunTime:0.003801s ]
[2026-08-17T22:30:42+08:00][sql] SELECT COUNT(*) AS think_count FROM `balance_log` WHERE  `user_id` = 9 [ RunTime:0.001021s ]
[2026-08-17T22:30:42+08:00][sql] SELECT * FROM `balance_log` WHERE  `user_id` = 9 ORDER BY `id` DESC LIMIT 0,15 [ RunTime:0.000889s ]
[2026-08-17T22:30:43+08:00][sql] CONNECT:[ UseTime:0.010965s ] mysql:host=127.0.0.1;port=3306;dbname=auction;charset=utf8mb4
[2026-08-17T22:30:43+08:00][sql] SHOW FULL COLUMNS FROM `goods` [ RunTime:0.001351s ]
[2026-08-17T22:30:43+08:00][sql] SELECT `id` FROM `goods` WHERE  `status` = 1  AND `end_time` <= 1786977042 [ RunTime:0.000880s ]
[2026-08-17T22:30:43+08:00][sql] SHOW FULL COLUMNS FROM `user` [ RunTime:0.001401s ]
[2026-08-17T22:30:43+08:00][sql] SELECT * FROM `user` WHERE  `id` = 10 LIMIT 1 [ RunTime:0.000674s ]
[2026-08-17T22:30:43+08:00][sql] SHOW FULL COLUMNS FROM `setting` [ RunTime:0.001137s ]
[2026-08-17T22:30:43+08:00][sql] SELECT * FROM `setting` [ RunTime:0.000685s ]
[2026-08-17T22:30:43+08:00][sql] SELECT COUNT(*) AS think_count FROM `goods` WHERE  `seller_id` = 10 [ RunTime:0.000727s ]
[2026-08-17T22:30:43+08:00][sql] SELECT * FROM `goods` WHERE  `seller_id` = 10 ORDER BY `id` DESC LIMIT 0,10 [ RunTime:0.000791s ]
[2026-08-17T22:30:43+08:00][sql] CONNECT:[ UseTime:0.011021s ] mysql:host=127.0.0.1;port=3306;dbname=auction;charset=utf8mb4
[2026-08-17T22:30:43+08:00][sql] SHOW FULL COLUMNS FROM `goods` [ RunTime:0.001681s ]
[2026-08-17T22:30:43+08:00][sql] SELECT `id` FROM `goods` WHERE  `status` = 1  AND `end_time` <= 1786977043 [ RunTime:0.001116s ]
[2026-08-17T22:30:43+08:00][sql] SHOW FULL COLUMNS FROM `user` [ RunTime:0.001477s ]
[2026-08-17T22:30:43+08:00][sql] SELECT * FROM `user` WHERE  `id` = 10 LIMIT 1 [ RunTime:0.000667s ]
[2026-08-17T22:30:43+08:00][sql] SHOW FULL COLUMNS FROM `setting` [ RunTime:0.001159s ]
[2026-08-17T22:30:43+08:00][sql] SELECT * FROM `setting` [ RunTime:0.000530s ]
[2026-08-17T22:30:43+08:00][sql] SHOW FULL COLUMNS FROM `category` [ RunTime:0.001159s ]
[2026-08-17T22:30:43+08:00][sql] SELECT * FROM `category` WHERE  `status` = 1 ORDER BY `sort` ASC [ RunTime:0.000687s ]
[2026-08-17T22:30:43+08:00][sql] CONNECT:[ UseTime:0.011965s ] mysql:host=127.0.0.1;port=3306;dbname=auction;charset=utf8mb4
[2026-08-17T22:30:43+08:00][sql] SHOW FULL COLUMNS FROM `goods` [ RunTime:0.001799s ]
[2026-08-17T22:30:43+08:00][sql] SELECT `id` FROM `goods` WHERE  `status` = 1  AND `end_time` <= 1786977043 [ RunTime:0.000994s ]
[2026-08-17T22:30:43+08:00][sql] SHOW FULL COLUMNS FROM `user` [ RunTime:0.001712s ]
[2026-08-17T22:30:43+08:00][sql] SELECT * FROM `user` WHERE  `id` = 9 LIMIT 1 [ RunTime:0.000701s ]
[2026-08-17T22:30:43+08:00][sql] SHOW FULL COLUMNS FROM `setting` [ RunTime:0.001339s ]
[2026-08-17T22:30:43+08:00][sql] SELECT * FROM `setting` [ RunTime:0.000715s ]
[2026-08-17T22:30:43+08:00][sql] SHOW FULL COLUMNS FROM `order` [ RunTime:0.001773s ]
[2026-08-17T22:30:43+08:00][sql] SELECT COUNT(*) AS think_count FROM `order` `o` LEFT JOIN `goods` `g` ON `o`.`goods_id`=`g`.`id` WHERE  `o`.`buyer_id` = '9' [ RunTime:0.000943s ]
[2026-08-17T22:30:43+08:00][sql] SELECT `o`.*,g.cover as goods_cover2 FROM `order` `o` LEFT JOIN `goods` `g` ON `o`.`goods_id`=`g`.`id` WHERE  `o`.`buyer_id` = '9' ORDER BY `o`.`id` DESC LIMIT 0,10 [ RunTime:0.000636s ]
[2026-08-17T22:30:43+08:00][sql] CONNECT:[ UseTime:0.010293s ] mysql:host=127.0.0.1;port=3306;dbname=auction;charset=utf8mb4
[2026-08-17T22:30:43+08:00][sql] SHOW FULL COLUMNS FROM `goods` [ RunTime:0.001540s ]
[2026-08-17T22:30:43+08:00][sql] SELECT `id` FROM `goods` WHERE  `status` = 1  AND `end_time` <= 1786977043 [ RunTime:0.000739s ]
[2026-08-17T22:30:43+08:00][sql] SHOW FULL COLUMNS FROM `user` [ RunTime:0.001452s ]
[2026-08-17T22:30:43+08:00][sql] SELECT * FROM `user` WHERE  `id` = 9 LIMIT 1 [ RunTime:0.000592s ]
[2026-08-17T22:30:43+08:00][sql] SHOW FULL COLUMNS FROM `setting` [ RunTime:0.001150s ]
[2026-08-17T22:30:43+08:00][sql] SELECT * FROM `setting` [ RunTime:0.000577s ]
[2026-08-17T22:30:43+08:00][sql] SHOW FULL COLUMNS FROM `withdraw` [ RunTime:0.001160s ]
[2026-08-17T22:30:43+08:00][sql] SELECT * FROM `withdraw` WHERE  `user_id` = 9 ORDER BY `id` DESC LIMIT 20 [ RunTime:0.000704s ]
[2026-08-17T22:30:50+08:00][sql] CONNECT:[ UseTime:0.016081s ] mysql:host=127.0.0.1;port=3306;dbname=auction;charset=utf8mb4
[2026-08-17T22:30:50+08:00][sql] SHOW FULL COLUMNS FROM `goods` [ RunTime:0.001078s ]
[2026-08-17T22:30:50+08:00][sql] SELECT `id` FROM `goods` WHERE  `status` = 1  AND `end_time` <= 1786977050 [ RunTime:0.001118s ]
[2026-08-17T22:30:50+08:00][sql] SHOW FULL COLUMNS FROM `user` [ RunTime:0.001203s ]
[2026-08-17T22:30:50+08:00][sql] SELECT * FROM `user` WHERE  `id` = 10 LIMIT 1 [ RunTime:0.001246s ]
[2026-08-17T22:30:50+08:00][sql] SHOW FULL COLUMNS FROM `setting` [ RunTime:0.001592s ]
[2026-08-17T22:30:50+08:00][sql] SELECT * FROM `setting` [ RunTime:0.000889s ]
[2026-08-17T22:30:50+08:00][sql] INSERT INTO `goods` SET `seller_id` = 10 , `category_id` = 1 , `title` = 'POST测试' , `cover` = '' , `images` = NULL , `content` = '' , `start_price` = '100' , `raise_price` = '10' , `reserve_price` = '0' , `deposit` = '0' , `commission_rate` = '0' , `start_time` = 1786975200 , `end_time` = 1786978800 , `delay_seconds` = 0 , `status` = 0 , `create_time` = 1786977050 , `update_time` = 1786977050 [ RunTime:0.002207s ]
[2026-08-17T22:30:50+08:00][sql] CONNECT:[ UseTime:0.011648s ] mysql:host=127.0.0.1;port=3306;dbname=auction;charset=utf8mb4
[2026-08-17T22:30:50+08:00][sql] SHOW FULL COLUMNS FROM `goods` [ RunTime:0.001387s ]
[2026-08-17T22:30:50+08:00][sql] SELECT `id` FROM `goods` WHERE  `status` = 1  AND `end_time` <= 1786977050 [ RunTime:0.000634s ]
[2026-08-17T22:30:50+08:00][sql] SHOW FULL COLUMNS FROM `user` [ RunTime:0.001097s ]
[2026-08-17T22:30:50+08:00][sql] SELECT * FROM `user` WHERE  `id` = 10 LIMIT 1 [ RunTime:0.000899s ]
[2026-08-17T22:30:50+08:00][sql] SHOW FULL COLUMNS FROM `setting` [ RunTime:0.001679s ]
[2026-08-17T22:30:50+08:00][sql] SELECT * FROM `setting` [ RunTime:0.000997s ]
[2026-08-17T22:30:50+08:00][sql] INSERT INTO `goods` SET `seller_id` = 10 , `category_id` = 1 , `title` = 'POST测试' , `cover` = '' , `images` = NULL , `content` = '' , `start_price` = '100' , `raise_price` = '10' , `reserve_price` = '0' , `deposit` = '0' , `commission_rate` = '0' , `start_time` = 1786975200 , `end_time` = 1786978800 , `delay_seconds` = 0 , `status` = 0 , `create_time` = 1786977050 , `update_time` = 1786977050 [ RunTime:0.002296s ]
[2026-08-17T22:30:56+08:00][sql] CONNECT:[ UseTime:0.011490s ] mysql:host=127.0.0.1;port=3306;dbname=auction;charset=utf8mb4
[2026-08-17T22:30:56+08:00][sql] SHOW FULL COLUMNS FROM `goods` [ RunTime:0.001673s ]
[2026-08-17T22:30:56+08:00][sql] SELECT `id` FROM `goods` WHERE  `status` = 1  AND `end_time` <= 1786977055 [ RunTime:0.001018s ]
[2026-08-17T22:30:56+08:00][sql] SHOW FULL COLUMNS FROM `setting` [ RunTime:0.001455s ]
[2026-08-17T22:30:56+08:00][sql] SELECT * FROM `setting` [ RunTime:0.000792s ]
[2026-08-17T22:30:56+08:00][sql] SHOW FULL COLUMNS FROM `user` [ RunTime:0.001704s ]
[2026-08-17T22:30:56+08:00][sql] SELECT * FROM `user` WHERE  `mobile` = '13900000001' LIMIT 1 [ RunTime:0.000817s ]
[2026-08-17T22:30:56+08:00][sql] SELECT * FROM `user` WHERE  `invite_code` = '9581A848' LIMIT 1 [ RunTime:0.000791s ]
[2026-08-17T22:30:56+08:00][sql] INSERT INTO `user` SET `mobile` = '13900000001' , `password` = '14e1b600b1fd579f47433b88e8d85291' , `nickname` = '测试买家甲' , `invite_code` = '9581A848' , `pid` = 0 , `status` = 1 , `reg_ip` = '127.0.0.1' , `reg_time` = 1786977056 , `create_time` = 1786977056 , `update_time` = 1786977056 [ RunTime:0.001875s ]
[2026-08-17T22:30:56+08:00][sql] SELECT * FROM `user` WHERE  `id` = 11 LIMIT 1 [ RunTime:0.000677s ]
[2026-08-17T22:30:56+08:00][sql] CONNECT:[ UseTime:0.018374s ] mysql:host=127.0.0.1;port=3306;dbname=auction;charset=utf8mb4
[2026-08-17T22:30:56+08:00][sql] SHOW FULL COLUMNS FROM `goods` [ RunTime:0.001853s ]
[2026-08-17T22:30:56+08:00][sql] SELECT `id` FROM `goods` WHERE  `status` = 1  AND `end_time` <= 1786977056 [ RunTime:0.001004s ]
[2026-08-17T22:30:56+08:00][sql] SHOW FULL COLUMNS FROM `user` [ RunTime:0.000948s ]
[2026-08-17T22:30:56+08:00][sql] SELECT * FROM `user` WHERE  `id` = 11 LIMIT 1 [ RunTime:0.000866s ]
[2026-08-17T22:30:56+08:00][sql] SHOW FULL COLUMNS FROM `setting` [ RunTime:0.001368s ]
[2026-08-17T22:30:56+08:00][sql] SELECT * FROM `setting` [ RunTime:0.000768s ]
[2026-08-17T22:30:56+08:00][sql] SELECT * FROM `user` WHERE  `id` = 11 LIMIT 1   FOR UPDATE [ RunTime:0.000944s ]
[2026-08-17T22:30:56+08:00][sql] UPDATE `user`  SET `balance` = '200' , `update_time` = 1786977056  WHERE  `id` = 11 [ RunTime:0.001643s ]
[2026-08-17T22:30:56+08:00][sql] SHOW FULL COLUMNS FROM `balance_log` [ RunTime:0.001403s ]
[2026-08-17T22:30:56+08:00][sql] INSERT INTO `balance_log` SET `user_id` = 11 , `type` = 'recharge' , `amount` = '200' , `balance` = '200' , `remark` = '余额充值（模拟支付）' , `create_time` = 1786977056 [ RunTime:0.001660s ]
[2026-08-17T22:30:56+08:00][sql] CONNECT:[ UseTime:0.023099s ] mysql:host=127.0.0.1;port=3306;dbname=auction;charset=utf8mb4
[2026-08-17T22:30:56+08:00][sql] SHOW FULL COLUMNS FROM `goods` [ RunTime:0.001750s ]
[2026-08-17T22:30:56+08:00][sql] SELECT `id` FROM `goods` WHERE  `status` = 1  AND `end_time` <= 1786977056 [ RunTime:0.001017s ]
[2026-08-17T22:30:56+08:00][sql] SHOW FULL COLUMNS FROM `setting` [ RunTime:0.001174s ]
[2026-08-17T22:30:56+08:00][sql] SELECT * FROM `setting` [ RunTime:0.000576s ]
[2026-08-17T22:30:56+08:00][sql] SHOW FULL COLUMNS FROM `user` [ RunTime:0.001245s ]
[2026-08-17T22:30:56+08:00][sql] SELECT * FROM `user` WHERE  `mobile` = '13900000002' LIMIT 1 [ RunTime:0.000769s ]
[2026-08-17T22:30:56+08:00][sql] SELECT * FROM `user` WHERE  `invite_code` = '35502242' LIMIT 1 [ RunTime:0.000702s ]
[2026-08-17T22:30:56+08:00][sql] INSERT INTO `user` SET `mobile` = '13900000002' , `password` = '14e1b600b1fd579f47433b88e8d85291' , `nickname` = '测试卖家乙' , `invite_code` = '35502242' , `pid` = 0 , `status` = 1 , `reg_ip` = '127.0.0.1' , `reg_time` = 1786977056 , `create_time` = 1786977056 , `update_time` = 1786977056 [ RunTime:0.001580s ]
[2026-08-17T22:30:56+08:00][sql] SELECT * FROM `user` WHERE  `id` = 12 LIMIT 1 [ RunTime:0.000639s ]
[2026-08-17T22:30:56+08:00][sql] CONNECT:[ UseTime:0.022069s ] mysql:host=127.0.0.1;port=3306;dbname=auction;charset=utf8mb4
[2026-08-17T22:30:56+08:00][sql] SHOW FULL COLUMNS FROM `goods` [ RunTime:0.002019s ]
[2026-08-17T22:30:56+08:00][sql] SELECT `id` FROM `goods` WHERE  `status` = 1  AND `end_time` <= 1786977056 [ RunTime:0.000886s ]
[2026-08-17T22:30:56+08:00][sql] SHOW FULL COLUMNS FROM `user` [ RunTime:0.001537s ]
[2026-08-17T22:30:56+08:00][sql] SELECT * FROM `user` WHERE  `id` = 12 LIMIT 1 [ RunTime:0.000839s ]
[2026-08-17T22:30:56+08:00][sql] SHOW FULL COLUMNS FROM `setting` [ RunTime:0.001362s ]
[2026-08-17T22:30:56+08:00][sql] SELECT * FROM `setting` [ RunTime:0.000892s ]
[2026-08-17T22:30:56+08:00][sql] UPDATE `user`  SET `seller_check` = 0 , `is_seller` = 0 , `update_time` = 1786977056  WHERE  `id` = 12 [ RunTime:0.001751s ]
[2026-08-17T22:30:56+08:00][sql] CONNECT:[ UseTime:0.021402s ] mysql:host=127.0.0.1;port=3306;dbname=auction;charset=utf8mb4
[2026-08-17T22:30:56+08:00][sql] SHOW FULL COLUMNS FROM `goods` [ RunTime:0.001785s ]
[2026-08-17T22:30:56+08:00][sql] SELECT `id` FROM `goods` WHERE  `status` = 1  AND `end_time` <= 1786977056 [ RunTime:0.000990s ]
[2026-08-17T22:30:56+08:00][sql] SHOW FULL COLUMNS FROM `user` [ RunTime:0.001484s ]
[2026-08-17T22:30:56+08:00][sql] SELECT * FROM `user` WHERE  `id` = 12 LIMIT 1 [ RunTime:0.000958s ]
[2026-08-17T22:30:56+08:00][sql] SHOW FULL COLUMNS FROM `setting` [ RunTime:0.001496s ]
[2026-08-17T22:30:56+08:00][sql] SELECT * FROM `setting` [ RunTime:0.000773s ]
[2026-08-17T22:30:56+08:00][sql] CONNECT:[ UseTime:0.016309s ] mysql:host=127.0.0.1;port=3306;dbname=auction;charset=utf8mb4
[2026-08-17T22:30:56+08:00][sql] SHOW FULL COLUMNS FROM `goods` [ RunTime:0.001558s ]
[2026-08-17T22:30:56+08:00][sql] SELECT `id` FROM `goods` WHERE  `status` = 1  AND `end_time` <= 1786977056 [ RunTime:0.000905s ]
[2026-08-17T22:30:56+08:00][sql] SHOW FULL COLUMNS FROM `user` [ RunTime:0.001555s ]
[2026-08-17T22:30:56+08:00][sql] SELECT * FROM `user` WHERE  `id` = 12 LIMIT 1 [ RunTime:0.000891s ]
[2026-08-17T22:30:56+08:00][sql] SHOW FULL COLUMNS FROM `setting` [ RunTime:0.001119s ]
[2026-08-17T22:30:56+08:00][sql] SELECT * FROM `setting` [ RunTime:0.000731s ]
[2026-08-17T22:30:56+08:00][sql] CONNECT:[ UseTime:0.020876s ] mysql:host=127.0.0.1;port=3306;dbname=auction;charset=utf8mb4
[2026-08-17T22:30:56+08:00][sql] SHOW FULL COLUMNS FROM `goods` [ RunTime:0.001488s ]
[2026-08-17T22:30:56+08:00][sql] SELECT `id` FROM `goods` WHERE  `status` = 1  AND `end_time` <= 1786977056 [ RunTime:0.000780s ]
[2026-08-17T22:30:56+08:00][sql] SHOW FULL COLUMNS FROM `user` [ RunTime:0.001344s ]
[2026-08-17T22:30:56+08:00][sql] SELECT * FROM `user` WHERE  `id` = 11 LIMIT 1 [ RunTime:0.000725s ]
[2026-08-17T22:30:56+08:00][sql] SHOW FULL COLUMNS FROM `setting` [ RunTime:0.001282s ]
[2026-08-17T22:30:56+08:00][sql] SELECT * FROM `setting` [ RunTime:0.000706s ]
[2026-08-17T22:30:56+08:00][sql] SHOW FULL COLUMNS FROM `bid_record` [ RunTime:0.001209s ]
[2026-08-17T22:30:56+08:00][sql] SELECT COUNT(*) AS think_count FROM `bid_record` WHERE  `user_id` = 11 [ RunTime:0.000567s ]
[2026-08-17T22:30:56+08:00][sql] SHOW FULL COLUMNS FROM `order` [ RunTime:0.001373s ]
[2026-08-17T22:30:56+08:00][sql] SELECT COUNT(*) AS think_count FROM `order` WHERE  `buyer_id` = 11  AND `pay_status` = 1 [ RunTime:0.000647s ]
[2026-08-17T22:30:56+08:00][sql] SELECT COUNT(*) AS think_count FROM `goods` WHERE  `seller_id` = 11  AND `status` = 2 [ RunTime:0.000777s ]
[2026-08-17T22:30:56+08:00][sql] SELECT COUNT(*) AS think_count FROM `goods` WHERE  `seller_id` = 11 [ RunTime:0.000572s ]
[2026-08-17T22:30:56+08:00][sql] SELECT COUNT(*) AS think_count FROM `order` WHERE  `buyer_id` = 11  AND `pay_status` = 0  AND `order_status` = 0 [ RunTime:0.000350s ]
[2026-08-17T22:30:56+08:00][sql] SELECT COUNT(*) AS think_count FROM `order` WHERE  `seller_id` = 11  AND `order_status` = 1 [ RunTime:0.000303s ]
[2026-08-17T22:30:56+08:00][sql] SHOW FULL COLUMNS FROM `balance_log` [ RunTime:0.000835s ]
[2026-08-17T22:30:56+08:00][sql] SELECT * FROM `balance_log` WHERE  `user_id` = 11 ORDER BY `id` DESC LIMIT 8 [ RunTime:0.000352s ]
[2026-08-17T22:30:56+08:00][sql] SELECT `b`.*,`g`.`title`,`g`.`cover`,g.status as goods_status,`g`.`end_time` FROM `bid_record` `b` LEFT JOIN `goods` `g` ON `b`.`goods_id`=`g`.`id` WHERE  `b`.`user_id` = '11' ORDER BY `b`.`id` DESC LIMIT 5 [ RunTime:0.000374s ]
[2026-08-17T22:30:56+08:00][sql] CONNECT:[ UseTime:0.019290s ] mysql:host=127.0.0.1;port=3306;dbname=auction;charset=utf8mb4
[2026-08-17T22:30:56+08:00][sql] SHOW FULL COLUMNS FROM `goods` [ RunTime:0.001891s ]
[2026-08-17T22:30:56+08:00][sql] SELECT `id` FROM `goods` WHERE  `status` = 1  AND `end_time` <= 1786977056 [ RunTime:0.000875s ]
[2026-08-17T22:30:56+08:00][sql] SHOW FULL COLUMNS FROM `user` [ RunTime:0.001377s ]
[2026-08-17T22:30:56+08:00][sql] SELECT * FROM `user` WHERE  `id` = 11 LIMIT 1 [ RunTime:0.001017s ]
[2026-08-17T22:30:56+08:00][sql] SHOW FULL COLUMNS FROM `setting` [ RunTime:0.001441s ]
[2026-08-17T22:30:56+08:00][sql] SELECT * FROM `setting` [ RunTime:0.000828s ]
[2026-08-17T22:30:56+08:00][sql] SHOW FULL COLUMNS FROM `bid_record` [ RunTime:0.001306s ]
[2026-08-17T22:30:56+08:00][sql] SELECT COUNT(*) AS think_count FROM `bid_record` `b` LEFT JOIN `goods` `g` ON `b`.`goods_id`=`g`.`id` WHERE  `b`.`user_id` = '11' [ RunTime:0.000729s ]
[2026-08-17T22:30:56+08:00][sql] SELECT `b`.*,`g`.`title`,`g`.`cover`,g.status as goods_status,`g`.`end_time`,`g`.`final_price`,`g`.`winner_id` FROM `bid_record` `b` LEFT JOIN `goods` `g` ON `b`.`goods_id`=`g`.`id` WHERE  `b`.`user_id` = '11' ORDER BY `b`.`id` DESC LIMIT 0,15 [ RunTime:0.000606s ]
[2026-08-17T22:30:56+08:00][sql] CONNECT:[ UseTime:0.018049s ] mysql:host=127.0.0.1;port=3306;dbname=auction;charset=utf8mb4
[2026-08-17T22:30:56+08:00][sql] SHOW FULL COLUMNS FROM `goods` [ RunTime:0.001696s ]
[2026-08-17T22:30:56+08:00][sql] SELECT `id` FROM `goods` WHERE  `status` = 1  AND `end_time` <= 1786977056 [ RunTime:0.000758s ]
[2026-08-17T22:30:56+08:00][sql] SHOW FULL COLUMNS FROM `user` [ RunTime:0.001401s ]
[2026-08-17T22:30:56+08:00][sql] SELECT * FROM `user` WHERE  `id` = 12 LIMIT 1 [ RunTime:0.000643s ]
[2026-08-17T22:30:56+08:00][sql] SHOW FULL COLUMNS FROM `setting` [ RunTime:0.001097s ]
[2026-08-17T22:30:56+08:00][sql] SELECT * FROM `setting` [ RunTime:0.000466s ]
[2026-08-17T22:30:56+08:00][sql] SHOW FULL COLUMNS FROM `category` [ RunTime:0.001045s ]
[2026-08-17T22:30:56+08:00][sql] SELECT * FROM `category` WHERE  `status` = 1 ORDER BY `sort` ASC [ RunTime:0.000489s ]
[2026-08-17T22:30:56+08:00][sql] CONNECT:[ UseTime:0.007155s ] mysql:host=127.0.0.1;port=3306;dbname=auction;charset=utf8mb4
[2026-08-17T22:30:56+08:00][sql] SHOW FULL COLUMNS FROM `goods` [ RunTime:0.001552s ]
[2026-08-17T22:30:56+08:00][sql] SELECT `id` FROM `goods` WHERE  `status` = 1  AND `end_time` <= 1786977056 [ RunTime:0.000826s ]
[2026-08-17T22:30:56+08:00][sql] SHOW FULL COLUMNS FROM `user` [ RunTime:0.001720s ]
[2026-08-17T22:30:56+08:00][sql] SELECT * FROM `user` WHERE  `id` = 12 LIMIT 1 [ RunTime:0.001057s ]
[2026-08-17T22:30:56+08:00][sql] SHOW FULL COLUMNS FROM `setting` [ RunTime:0.001453s ]
[2026-08-17T22:30:56+08:00][sql] SELECT * FROM `setting` [ RunTime:0.000825s ]
[2026-08-17T22:30:56+08:00][sql] SELECT COUNT(*) AS think_count FROM `goods` WHERE  `seller_id` = 12 [ RunTime:0.000689s ]
[2026-08-17T22:30:56+08:00][sql] SELECT * FROM `goods` WHERE  `seller_id` = 12 ORDER BY `id` DESC LIMIT 0,10 [ RunTime:0.001012s ]
[2026-08-17T22:30:56+08:00][sql] CONNECT:[ UseTime:0.015300s ] mysql:host=127.0.0.1;port=3306;dbname=auction;charset=utf8mb4
[2026-08-17T22:30:56+08:00][sql] SHOW FULL COLUMNS FROM `goods` [ RunTime:0.001560s ]
[2026-08-17T22:30:56+08:00][sql] SELECT `id` FROM `goods` WHERE  `status` = 1  AND `end_time` <= 1786977056 [ RunTime:0.000717s ]
[2026-08-17T22:30:56+08:00][sql] SHOW FULL COLUMNS FROM `user` [ RunTime:0.001732s ]
[2026-08-17T22:30:56+08:00][sql] SELECT * FROM `user` WHERE  `id` = 11 LIMIT 1 [ RunTime:0.000834s ]
[2026-08-17T22:30:56+08:00][sql] SHOW FULL COLUMNS FROM `setting` [ RunTime:0.000857s ]
[2026-08-17T22:30:56+08:00][sql] SELECT * FROM `setting` [ RunTime:0.000461s ]
[2026-08-17T22:30:56+08:00][sql] SELECT COUNT(*) AS think_count FROM `goods` `g` LEFT JOIN `user` `u` ON `g`.`seller_id`=`u`.`id` WHERE  `g`.`status` = '1'  AND `g`.`start_time` <= '1786977056'  AND `g`.`end_time` > '1786977056' [ RunTime:0.000994s ]
[2026-08-17T22:30:56+08:00][sql] SELECT `g`.*,u.nickname as seller_name FROM `goods` `g` LEFT JOIN `user` `u` ON `g`.`seller_id`=`u`.`id` WHERE  `g`.`status` = '1'  AND `g`.`start_time` <= '1786977056'  AND `g`.`end_time` > '1786977056' ORDER BY `g`.`end_time` ASC,`g`.`id` DESC LIMIT 0,12 [ RunTime:0.001260s ]
[2026-08-17T22:30:56+08:00][sql] SHOW FULL COLUMNS FROM `bid_record` [ RunTime:0.001415s ]
[2026-08-17T22:30:56+08:00][sql] SELECT MAX(`price`) AS think_max FROM `bid_record` WHERE  `goods_id` = 3  AND `status` = 0 [ RunTime:0.000780s ]
[2026-08-17T22:30:56+08:00][sql] SELECT MAX(`price`) AS think_max FROM `bid_record` WHERE  `goods_id` = 1  AND `status` = 0 [ RunTime:0.000790s ]
[2026-08-17T22:30:56+08:00][sql] SHOW FULL COLUMNS FROM `category` [ RunTime:0.001425s ]
[2026-08-17T22:30:56+08:00][sql] SELECT * FROM `category` WHERE  `status` = 1 ORDER BY `sort` ASC [ RunTime:0.000764s ]
[2026-08-17T22:30:56+08:00][sql] CONNECT:[ UseTime:0.019747s ] mysql:host=127.0.0.1;port=3306;dbname=auction;charset=utf8mb4
[2026-08-17T22:30:56+08:00][sql] SHOW FULL COLUMNS FROM `goods` [ RunTime:0.001769s ]
[2026-08-17T22:30:56+08:00][sql] SELECT `id` FROM `goods` WHERE  `status` = 1  AND `end_time` <= 1786977056 [ RunTime:0.000750s ]
[2026-08-17T22:30:56+08:00][sql] SHOW FULL COLUMNS FROM `user` [ RunTime:0.001538s ]
[2026-08-17T22:30:56+08:00][sql] SELECT * FROM `user` WHERE  `id` = 11 LIMIT 1 [ RunTime:0.000635s ]
[2026-08-17T22:30:56+08:00][sql] SHOW FULL COLUMNS FROM `setting` [ RunTime:0.001311s ]
[2026-08-17T22:30:56+08:00][sql] SELECT * FROM `setting` [ RunTime:0.000669s ]
[2026-08-17T22:30:56+08:00][sql] SELECT `g`.*,u.nickname as seller_name,u.avatar as seller_avatar,c.name as category_name FROM `goods` `g` LEFT JOIN `user` `u` ON `g`.`seller_id`=`u`.`id` LEFT JOIN `category` `c` ON `g`.`category_id`=`c`.`id` WHERE  `g`.`id` = '0' LIMIT 1 [ RunTime:0.000559s ]
[2026-08-17T22:30:56+08:00][sql] CONNECT:[ UseTime:0.013276s ] mysql:host=127.0.0.1;port=3306;dbname=auction;charset=utf8mb4
[2026-08-17T22:30:56+08:00][sql] SHOW FULL COLUMNS FROM `goods` [ RunTime:0.001221s ]
[2026-08-17T22:30:56+08:00][sql] SELECT `id` FROM `goods` WHERE  `status` = 1  AND `end_time` <= 1786977056 [ RunTime:0.000950s ]
[2026-08-17T22:30:56+08:00][sql] SHOW FULL COLUMNS FROM `user` [ RunTime:0.001714s ]
[2026-08-17T22:30:56+08:00][sql] SELECT * FROM `user` WHERE  `id` = 11 LIMIT 1 [ RunTime:0.000883s ]
[2026-08-17T22:30:56+08:00][sql] SHOW FULL COLUMNS FROM `setting` [ RunTime:0.000900s ]
[2026-08-17T22:30:56+08:00][sql] SELECT * FROM `setting` [ RunTime:0.000703s ]
[2026-08-17T22:30:56+08:00][sql] SELECT * FROM `goods` WHERE  `id` = 0 LIMIT 1   FOR UPDATE [ RunTime:0.001100s ]
[2026-08-17T22:31:54+08:00][sql] CONNECT:[ UseTime:0.002076s ] mysql:host=127.0.0.1;port=3306;dbname=auction;charset=utf8mb4
[2026-08-17T22:31:54+08:00][sql] SHOW FULL COLUMNS FROM `goods` [ RunTime:0.001688s ]
[2026-08-17T22:31:54+08:00][sql] SELECT `id` FROM `goods` WHERE  `status` = 1  AND `end_time` <= 1786977114 [ RunTime:0.000930s ]
[2026-08-17T22:31:54+08:00][sql] SHOW FULL COLUMNS FROM `setting` [ RunTime:0.001268s ]
[2026-08-17T22:31:54+08:00][sql] SELECT * FROM `setting` [ RunTime:0.000701s ]
[2026-08-17T22:31:54+08:00][sql] SELECT COUNT(*) AS think_count FROM `goods` `g` LEFT JOIN `user` `u` ON `g`.`seller_id`=`u`.`id` WHERE  `g`.`status` = '1'  AND `g`.`start_time` <= '1786977114'  AND `g`.`end_time` > '1786977114' [ RunTime:0.000925s ]
[2026-08-17T22:31:54+08:00][sql] SELECT `g`.*,u.nickname as seller_name FROM `goods` `g` LEFT JOIN `user` `u` ON `g`.`seller_id`=`u`.`id` WHERE  `g`.`status` = '1'  AND `g`.`start_time` <= '1786977114'  AND `g`.`end_time` > '1786977114' ORDER BY `g`.`end_time` ASC,`g`.`id` DESC LIMIT 0,12 [ RunTime:0.000992s ]
[2026-08-17T22:31:54+08:00][sql] SHOW FULL COLUMNS FROM `bid_record` [ RunTime:0.001227s ]
[2026-08-17T22:31:54+08:00][sql] SELECT MAX(`price`) AS think_max FROM `bid_record` WHERE  `goods_id` = 3  AND `status` = 0 [ RunTime:0.000788s ]
[2026-08-17T22:31:54+08:00][sql] SELECT MAX(`price`) AS think_max FROM `bid_record` WHERE  `goods_id` = 1  AND `status` = 0 [ RunTime:0.000811s ]
[2026-08-17T22:31:54+08:00][sql] SHOW FULL COLUMNS FROM `category` [ RunTime:0.001158s ]
[2026-08-17T22:31:54+08:00][sql] SELECT * FROM `category` WHERE  `status` = 1 ORDER BY `sort` ASC [ RunTime:0.000818s ]
[2026-08-17T22:32:03+08:00][sql] CONNECT:[ UseTime:0.018489s ] mysql:host=127.0.0.1;port=3306;dbname=auction;charset=utf8mb4
[2026-08-17T22:32:03+08:00][sql] SHOW FULL COLUMNS FROM `goods` [ RunTime:0.001867s ]
[2026-08-17T22:32:03+08:00][sql] SELECT `id` FROM `goods` WHERE  `status` = 1  AND `end_time` <= 1786977123 [ RunTime:0.000932s ]
[2026-08-17T22:32:03+08:00][sql] SHOW FULL COLUMNS FROM `setting` [ RunTime:0.001391s ]
[2026-08-17T22:32:03+08:00][sql] SELECT * FROM `setting` [ RunTime:0.000641s ]
[2026-08-17T22:32:05+08:00][sql] CONNECT:[ UseTime:0.001961s ] mysql:host=127.0.0.1;port=3306;dbname=auction;charset=utf8mb4
[2026-08-17T22:32:05+08:00][sql] SHOW FULL COLUMNS FROM `goods` [ RunTime:0.001544s ]
[2026-08-17T22:32:05+08:00][sql] SELECT `id` FROM `goods` WHERE  `status` = 1  AND `end_time` <= 1786977125 [ RunTime:0.000827s ]
[2026-08-17T22:32:05+08:00][sql] SHOW FULL COLUMNS FROM `setting` [ RunTime:0.001214s ]
[2026-08-17T22:32:05+08:00][sql] SELECT * FROM `setting` [ RunTime:0.000730s ]
[2026-08-17T22:32:10+08:00][sql] CONNECT:[ UseTime:0.023279s ] mysql:host=127.0.0.1;port=3306;dbname=auction;charset=utf8mb4
[2026-08-17T22:32:10+08:00][sql] SHOW FULL COLUMNS FROM `goods` [ RunTime:0.001594s ]
[2026-08-17T22:32:10+08:00][sql] SELECT `id` FROM `goods` WHERE  `status` = 1  AND `end_time` <= 1786977130 [ RunTime:0.000749s ]
[2026-08-17T22:32:10+08:00][sql] SHOW FULL COLUMNS FROM `setting` [ RunTime:0.001155s ]
[2026-08-17T22:32:10+08:00][sql] SELECT * FROM `setting` [ RunTime:0.000716s ]
[2026-08-17T22:32:10+08:00][sql] CONNECT:[ UseTime:0.022861s ] mysql:host=127.0.0.1;port=3306;dbname=auction;charset=utf8mb4
[2026-08-17T22:32:10+08:00][sql] SHOW FULL COLUMNS FROM `goods` [ RunTime:0.001660s ]
[2026-08-17T22:32:10+08:00][sql] SELECT `id` FROM `goods` WHERE  `status` = 1  AND `end_time` <= 1786977130 [ RunTime:0.000939s ]
[2026-08-17T22:32:10+08:00][sql] SHOW FULL COLUMNS FROM `setting` [ RunTime:0.001377s ]
[2026-08-17T22:32:10+08:00][sql] SELECT * FROM `setting` [ RunTime:0.000700s ]
[2026-08-17T22:32:11+08:00][sql] CONNECT:[ UseTime:0.002405s ] mysql:host=127.0.0.1;port=3306;dbname=auction;charset=utf8mb4
[2026-08-17T22:32:11+08:00][sql] SHOW FULL COLUMNS FROM `goods` [ RunTime:0.001517s ]
[2026-08-17T22:32:11+08:00][sql] SELECT `id` FROM `goods` WHERE  `status` = 1  AND `end_time` <= 1786977131 [ RunTime:0.000859s ]
[2026-08-17T22:32:11+08:00][sql] SHOW FULL COLUMNS FROM `setting` [ RunTime:0.001210s ]
[2026-08-17T22:32:11+08:00][sql] SELECT * FROM `setting` [ RunTime:0.000613s ]
[2026-08-17T22:32:11+08:00][sql] SELECT COUNT(*) AS think_count FROM `goods` `g` LEFT JOIN `user` `u` ON `g`.`seller_id`=`u`.`id` WHERE  `g`.`status` = '1'  AND `g`.`start_time` <= '1786977131'  AND `g`.`end_time` > '1786977131' [ RunTime:0.000885s ]
[2026-08-17T22:32:11+08:00][sql] SELECT `g`.*,u.nickname as seller_name FROM `goods` `g` LEFT JOIN `user` `u` ON `g`.`seller_id`=`u`.`id` WHERE  `g`.`status` = '1'  AND `g`.`start_time` <= '1786977131'  AND `g`.`end_time` > '1786977131' ORDER BY `g`.`end_time` ASC,`g`.`id` DESC LIMIT 0,12 [ RunTime:0.001023s ]
[2026-08-17T22:32:11+08:00][sql] SHOW FULL COLUMNS FROM `bid_record` [ RunTime:0.001244s ]
[2026-08-17T22:32:11+08:00][sql] SELECT MAX(`price`) AS think_max FROM `bid_record` WHERE  `goods_id` = 3  AND `status` = 0 [ RunTime:0.000758s ]
[2026-08-17T22:32:11+08:00][sql] SELECT MAX(`price`) AS think_max FROM `bid_record` WHERE  `goods_id` = 1  AND `status` = 0 [ RunTime:0.000895s ]
[2026-08-17T22:32:11+08:00][sql] SHOW FULL COLUMNS FROM `category` [ RunTime:0.001213s ]
[2026-08-17T22:32:11+08:00][sql] SELECT * FROM `category` WHERE  `status` = 1 ORDER BY `sort` ASC [ RunTime:0.000621s ]
[2026-08-17T22:32:14+08:00][sql] CONNECT:[ UseTime:0.012688s ] mysql:host=127.0.0.1;port=3306;dbname=auction;charset=utf8mb4
[2026-08-17T22:32:14+08:00][sql] SHOW FULL COLUMNS FROM `goods` [ RunTime:0.001541s ]
[2026-08-17T22:32:14+08:00][sql] SELECT `id` FROM `goods` WHERE  `status` = 1  AND `end_time` <= 1786977134 [ RunTime:0.000757s ]
[2026-08-17T22:32:14+08:00][sql] SHOW FULL COLUMNS FROM `setting` [ RunTime:0.000977s ]
[2026-08-17T22:32:14+08:00][sql] SELECT * FROM `setting` [ RunTime:0.000600s ]
[2026-08-17T22:32:14+08:00][sql] SELECT COUNT(*) AS think_count FROM `goods` `g` LEFT JOIN `user` `u` ON `g`.`seller_id`=`u`.`id` WHERE  `g`.`status` = '1'  AND `g`.`start_time` <= '1786977134'  AND `g`.`end_time` > '1786977134' [ RunTime:0.001046s ]
[2026-08-17T22:32:14+08:00][sql] SELECT `g`.*,u.nickname as seller_name FROM `goods` `g` LEFT JOIN `user` `u` ON `g`.`seller_id`=`u`.`id` WHERE  `g`.`status` = '1'  AND `g`.`start_time` <= '1786977134'  AND `g`.`end_time` > '1786977134' ORDER BY `g`.`id` DESC LIMIT 0,12 [ RunTime:0.001022s ]
[2026-08-17T22:32:14+08:00][sql] SHOW FULL COLUMNS FROM `bid_record` [ RunTime:0.001347s ]
[2026-08-17T22:32:14+08:00][sql] SELECT MAX(`price`) AS think_max FROM `bid_record` WHERE  `goods_id` = 3  AND `status` = 0 [ RunTime:0.000765s ]
[2026-08-17T22:32:14+08:00][sql] SELECT MAX(`price`) AS think_max FROM `bid_record` WHERE  `goods_id` = 1  AND `status` = 0 [ RunTime:0.000904s ]
[2026-08-17T22:32:14+08:00][sql] SHOW FULL COLUMNS FROM `category` [ RunTime:0.001177s ]
[2026-08-17T22:32:14+08:00][sql] SELECT * FROM `category` WHERE  `status` = 1 ORDER BY `sort` ASC [ RunTime:0.000781s ]
[2026-08-17T22:32:16+08:00][sql] CONNECT:[ UseTime:0.017817s ] mysql:host=127.0.0.1;port=3306;dbname=auction;charset=utf8mb4
[2026-08-17T22:32:16+08:00][sql] SHOW FULL COLUMNS FROM `goods` [ RunTime:0.001734s ]
[2026-08-17T22:32:16+08:00][sql] SELECT `id` FROM `goods` WHERE  `status` = 1  AND `end_time` <= 1786977136 [ RunTime:0.000900s ]
[2026-08-17T22:32:16+08:00][sql] SHOW FULL COLUMNS FROM `setting` [ RunTime:0.001495s ]
[2026-08-17T22:32:16+08:00][sql] SELECT * FROM `setting` [ RunTime:0.000646s ]
[2026-08-17T22:32:16+08:00][sql] SELECT COUNT(*) AS think_count FROM `goods` `g` LEFT JOIN `user` `u` ON `g`.`seller_id`=`u`.`id` WHERE  `g`.`status` = '1'  AND `g`.`start_time` <= '1786977136'  AND `g`.`end_time` > '1786977136' [ RunTime:0.001024s ]
[2026-08-17T22:32:16+08:00][sql] SELECT `g`.*,u.nickname as seller_name FROM `goods` `g` LEFT JOIN `user` `u` ON `g`.`seller_id`=`u`.`id` WHERE  `g`.`status` = '1'  AND `g`.`start_time` <= '1786977136'  AND `g`.`end_time` > '1786977136' ORDER BY `g`.`end_time` ASC,`g`.`id` DESC LIMIT 0,12 [ RunTime:0.001239s ]
[2026-08-17T22:32:16+08:00][sql] SHOW FULL COLUMNS FROM `bid_record` [ RunTime:0.001291s ]
[2026-08-17T22:32:16+08:00][sql] SELECT MAX(`price`) AS think_max FROM `bid_record` WHERE  `goods_id` = 3  AND `status` = 0 [ RunTime:0.001127s ]
[2026-08-17T22:32:16+08:00][sql] SELECT MAX(`price`) AS think_max FROM `bid_record` WHERE  `goods_id` = 1  AND `status` = 0 [ RunTime:0.000730s ]
[2026-08-17T22:32:16+08:00][sql] SHOW FULL COLUMNS FROM `category` [ RunTime:0.000915s ]
[2026-08-17T22:32:16+08:00][sql] SELECT * FROM `category` WHERE  `status` = 1 ORDER BY `sort` ASC [ RunTime:0.000540s ]
[2026-08-17T22:32:35+08:00][sql] CONNECT:[ UseTime:0.025769s ] mysql:host=127.0.0.1;port=3306;dbname=auction;charset=utf8mb4
[2026-08-17T22:32:35+08:00][sql] SHOW FULL COLUMNS FROM `goods` [ RunTime:0.001981s ]
[2026-08-17T22:32:35+08:00][sql] SELECT `id` FROM `goods` WHERE  `status` = 1  AND `end_time` <= 1786977154 [ RunTime:0.000902s ]
[2026-08-17T22:32:35+08:00][sql] SHOW FULL COLUMNS FROM `user` [ RunTime:0.001413s ]
[2026-08-17T22:32:35+08:00][sql] SELECT * FROM `user` WHERE  `id` = 11 LIMIT 1 [ RunTime:0.000843s ]
[2026-08-17T22:32:35+08:00][sql] SHOW FULL COLUMNS FROM `setting` [ RunTime:0.001248s ]
[2026-08-17T22:32:35+08:00][sql] SELECT * FROM `setting` [ RunTime:0.000665s ]
[2026-08-17T22:32:35+08:00][sql] SELECT COUNT(*) AS think_count FROM `goods` `g` LEFT JOIN `user` `u` ON `g`.`seller_id`=`u`.`id` WHERE  `g`.`status` = '1'  AND `g`.`start_time` <= '1786977154'  AND `g`.`end_time` > '1786977154' [ RunTime:0.001074s ]
[2026-08-17T22:32:35+08:00][sql] SELECT `g`.*,u.nickname as seller_name FROM `goods` `g` LEFT JOIN `user` `u` ON `g`.`seller_id`=`u`.`id` WHERE  `g`.`status` = '1'  AND `g`.`start_time` <= '1786977154'  AND `g`.`end_time` > '1786977154' ORDER BY `g`.`end_time` ASC,`g`.`id` DESC LIMIT 0,12 [ RunTime:0.000995s ]
[2026-08-17T22:32:35+08:00][sql] SHOW FULL COLUMNS FROM `bid_record` [ RunTime:0.001217s ]
[2026-08-17T22:32:35+08:00][sql] SELECT MAX(`price`) AS think_max FROM `bid_record` WHERE  `goods_id` = 3  AND `status` = 0 [ RunTime:0.000851s ]
[2026-08-17T22:32:35+08:00][sql] SELECT MAX(`price`) AS think_max FROM `bid_record` WHERE  `goods_id` = 1  AND `status` = 0 [ RunTime:0.000994s ]
[2026-08-17T22:32:35+08:00][sql] SHOW FULL COLUMNS FROM `category` [ RunTime:0.001450s ]
[2026-08-17T22:32:35+08:00][sql] SELECT * FROM `category` WHERE  `status` = 1 ORDER BY `sort` ASC [ RunTime:0.000681s ]
[2026-08-17T22:32:35+08:00][sql] CONNECT:[ UseTime:0.007491s ] mysql:host=127.0.0.1;port=3306;dbname=auction;charset=utf8mb4
[2026-08-17T22:32:35+08:00][sql] SHOW FULL COLUMNS FROM `goods` [ RunTime:0.001893s ]
[2026-08-17T22:32:35+08:00][sql] SELECT `id` FROM `goods` WHERE  `status` = 1  AND `end_time` <= 1786977155 [ RunTime:0.000964s ]
[2026-08-17T22:32:35+08:00][sql] SHOW FULL COLUMNS FROM `user` [ RunTime:0.001505s ]
[2026-08-17T22:32:35+08:00][sql] SELECT * FROM `user` WHERE  `id` = 11 LIMIT 1 [ RunTime:0.000904s ]
[2026-08-17T22:32:35+08:00][sql] SHOW FULL COLUMNS FROM `setting` [ RunTime:0.001223s ]
[2026-08-17T22:32:35+08:00][sql] SELECT * FROM `setting` [ RunTime:0.000702s ]
[2026-08-17T22:32:35+08:00][sql] SHOW FULL COLUMNS FROM `order` [ RunTime:0.001822s ]
[2026-08-17T22:32:35+08:00][sql] SELECT * FROM `order` WHERE  `id` = 0  AND `buyer_id` = 11 LIMIT 1   FOR UPDATE [ RunTime:0.000755s ]
[2026-08-17T22:32:35+08:00][sql] CONNECT:[ UseTime:0.014551s ] mysql:host=127.0.0.1;port=3306;dbname=auction;charset=utf8mb4
[2026-08-17T22:32:35+08:00][sql] SHOW FULL COLUMNS FROM `goods` [ RunTime:0.001293s ]
[2026-08-17T22:32:35+08:00][sql] SELECT `id` FROM `goods` WHERE  `status` = 1  AND `end_time` <= 1786977155 [ RunTime:0.000840s ]
[2026-08-17T22:32:35+08:00][sql] SHOW FULL COLUMNS FROM `user` [ RunTime:0.001371s ]
[2026-08-17T22:32:35+08:00][sql] SELECT * FROM `user` WHERE  `id` = 12 LIMIT 1 [ RunTime:0.000745s ]
[2026-08-17T22:32:35+08:00][sql] SHOW FULL COLUMNS FROM `setting` [ RunTime:0.001090s ]
[2026-08-17T22:32:35+08:00][sql] SELECT * FROM `setting` [ RunTime:0.003781s ]
[2026-08-17T22:32:35+08:00][sql] SHOW FULL COLUMNS FROM `order` [ RunTime:0.001530s ]
[2026-08-17T22:32:35+08:00][sql] SELECT * FROM `order` WHERE  `id` = 0  AND `seller_id` = 12 LIMIT 1 [ RunTime:0.000691s ]
[2026-08-17T22:32:35+08:00][sql] CONNECT:[ UseTime:0.009849s ] mysql:host=127.0.0.1;port=3306;dbname=auction;charset=utf8mb4
[2026-08-17T22:32:35+08:00][sql] SHOW FULL COLUMNS FROM `goods` [ RunTime:0.001317s ]
[2026-08-17T22:32:35+08:00][sql] SELECT `id` FROM `goods` WHERE  `status` = 1  AND `end_time` <= 1786977155 [ RunTime:0.000754s ]
[2026-08-17T22:32:35+08:00][sql] SHOW FULL COLUMNS FROM `setting` [ RunTime:0.001163s ]
[2026-08-17T22:32:35+08:00][sql] SELECT * FROM `setting` [ RunTime:0.000652s ]
[2026-08-17T22:32:35+08:00][sql] SELECT COUNT(*) AS think_count FROM `goods` `g` LEFT JOIN `user` `u` ON `g`.`seller_id`=`u`.`id` WHERE  `g`.`status` = '1'  AND `g`.`start_time` <= '1786977155'  AND `g`.`end_time` > '1786977155' [ RunTime:0.001141s ]
[2026-08-17T22:32:35+08:00][sql] SELECT `g`.*,u.nickname as seller_name FROM `goods` `g` LEFT JOIN `user` `u` ON `g`.`seller_id`=`u`.`id` WHERE  `g`.`status` = '1'  AND `g`.`start_time` <= '1786977155'  AND `g`.`end_time` > '1786977155' ORDER BY `g`.`end_time` ASC,`g`.`id` DESC LIMIT 0,12 [ RunTime:0.001011s ]
[2026-08-17T22:32:35+08:00][sql] SHOW FULL COLUMNS FROM `bid_record` [ RunTime:0.003175s ]
[2026-08-17T22:32:35+08:00][sql] SELECT MAX(`price`) AS think_max FROM `bid_record` WHERE  `goods_id` = 3  AND `status` = 0 [ RunTime:0.001108s ]
[2026-08-17T22:32:35+08:00][sql] SELECT MAX(`price`) AS think_max FROM `bid_record` WHERE  `goods_id` = 1  AND `status` = 0 [ RunTime:0.000937s ]
[2026-08-17T22:32:35+08:00][sql] SHOW FULL COLUMNS FROM `category` [ RunTime:0.001314s ]
[2026-08-17T22:32:35+08:00][sql] SELECT * FROM `category` WHERE  `status` = 1 ORDER BY `sort` ASC [ RunTime:0.000731s ]
[2026-08-17T22:32:35+08:00][sql] CONNECT:[ UseTime:0.001936s ] mysql:host=127.0.0.1;port=3306;dbname=auction;charset=utf8mb4
[2026-08-17T22:32:35+08:00][sql] SHOW FULL COLUMNS FROM `goods` [ RunTime:0.001235s ]
[2026-08-17T22:32:35+08:00][sql] SELECT `id` FROM `goods` WHERE  `status` = 1  AND `end_time` <= 1786977155 [ RunTime:0.000551s ]
[2026-08-17T22:32:35+08:00][sql] SHOW FULL COLUMNS FROM `user` [ RunTime:0.001211s ]
[2026-08-17T22:32:35+08:00][sql] SELECT * FROM `user` WHERE  `id` = 11 LIMIT 1 [ RunTime:0.000576s ]
[2026-08-17T22:32:35+08:00][sql] SHOW FULL COLUMNS FROM `setting` [ RunTime:0.000952s ]
[2026-08-17T22:32:35+08:00][sql] SELECT * FROM `setting` [ RunTime:0.000441s ]
[2026-08-17T22:32:35+08:00][sql] SHOW FULL COLUMNS FROM `order` [ RunTime:0.001434s ]
[2026-08-17T22:32:35+08:00][sql] SELECT * FROM `order` WHERE  `id` = 0  AND `buyer_id` = 11 LIMIT 1 [ RunTime:0.000691s ]
[2026-08-17T22:32:35+08:00][sql] CONNECT:[ UseTime:0.001722s ] mysql:host=127.0.0.1;port=3306;dbname=auction;charset=utf8mb4
[2026-08-17T22:32:35+08:00][sql] SHOW FULL COLUMNS FROM `goods` [ RunTime:0.001689s ]
[2026-08-17T22:32:35+08:00][sql] SELECT `id` FROM `goods` WHERE  `status` = 1  AND `end_time` <= 1786977155 [ RunTime:0.000963s ]
[2026-08-17T22:32:35+08:00][sql] SHOW FULL COLUMNS FROM `user` [ RunTime:0.001509s ]
[2026-08-17T22:32:35+08:00][sql] SELECT * FROM `user` WHERE  `id` = 11 LIMIT 1 [ RunTime:0.000867s ]
[2026-08-17T22:32:35+08:00][sql] SHOW FULL COLUMNS FROM `setting` [ RunTime:0.001496s ]
[2026-08-17T22:32:35+08:00][sql] SELECT * FROM `setting` [ RunTime:0.001026s ]
[2026-08-17T22:32:35+08:00][sql] SHOW FULL COLUMNS FROM `user_address` [ RunTime:0.003177s ]
[2026-08-17T22:32:35+08:00][sql] INSERT INTO `user_address` SET `user_id` = 11 , `name` = '测试买家' , `mobile` = '13900000001' , `province` = '北京市' , `city` = '北京市' , `district` = '朝阳区' , `address` = '测试路1号' , `is_default` = 1 , `create_time` = 1786977155 , `update_time` = 1786977155 [ RunTime:0.004565s ]
[2026-08-17T22:32:35+08:00][sql] UPDATE `user_address`  SET `is_default` = 0  WHERE  `user_id` = 11 [ RunTime:0.001631s ]
[2026-08-17T22:32:35+08:00][sql] UPDATE `user_address`  SET `is_default` = 1  WHERE  `id` = 2 [ RunTime:0.001554s ]
[2026-08-17T22:32:35+08:00][sql] CONNECT:[ UseTime:0.002043s ] mysql:host=127.0.0.1;port=3306;dbname=auction;charset=utf8mb4
[2026-08-17T22:32:35+08:00][sql] SHOW FULL COLUMNS FROM `goods` [ RunTime:0.001999s ]
[2026-08-17T22:32:35+08:00][sql] SELECT `id` FROM `goods` WHERE  `status` = 1  AND `end_time` <= 1786977155 [ RunTime:0.000862s ]
[2026-08-17T22:32:35+08:00][sql] SHOW FULL COLUMNS FROM `user` [ RunTime:0.001515s ]
[2026-08-17T22:32:35+08:00][sql] SELECT * FROM `user` WHERE  `id` = 11 LIMIT 1 [ RunTime:0.000745s ]
[2026-08-17T22:32:35+08:00][sql] SHOW FULL COLUMNS FROM `setting` [ RunTime:0.001226s ]
[2026-08-17T22:32:35+08:00][sql] SELECT * FROM `setting` [ RunTime:0.000640s ]
[2026-08-17T22:32:35+08:00][sql] SHOW FULL COLUMNS FROM `withdraw` [ RunTime:0.001390s ]
[2026-08-17T22:32:35+08:00][sql] INSERT INTO `withdraw` SET `user_id` = 11 , `amount` = '10' , `fee` = '0.1' , `account_type` = 1 , `account` = '6222000000000000' , `account_name` = '测试买家' , `status` = 0 , `create_time` = 1786977155 , `update_time` = 1786977155 [ RunTime:0.001932s ]
[2026-08-17T22:32:38+08:00][sql] CONNECT:[ UseTime:0.015465s ] mysql:host=127.0.0.1;port=3306;dbname=auction;charset=utf8mb4
[2026-08-17T22:32:38+08:00][sql] SHOW FULL COLUMNS FROM `goods` [ RunTime:0.001243s ]
[2026-08-17T22:32:38+08:00][sql] SELECT `id` FROM `goods` WHERE  `status` = 1  AND `end_time` <= 1786977158 [ RunTime:0.000993s ]
[2026-08-17T22:32:38+08:00][sql] SHOW FULL COLUMNS FROM `setting` [ RunTime:0.001390s ]
[2026-08-17T22:32:38+08:00][sql] SELECT * FROM `setting` [ RunTime:0.000752s ]
[2026-08-17T22:32:38+08:00][sql] SELECT `g`.*,u.nickname as seller_name,u.avatar as seller_avatar,c.name as category_name FROM `goods` `g` LEFT JOIN `user` `u` ON `g`.`seller_id`=`u`.`id` LEFT JOIN `category` `c` ON `g`.`category_id`=`c`.`id` WHERE  `g`.`id` = '3' LIMIT 1 [ RunTime:0.001170s ]
[2026-08-17T22:32:38+08:00][sql] UPDATE `goods`  SET `view_count` = `view_count` + 1  WHERE  `id` = 3 [ RunTime:0.001895s ]
[2026-08-17T22:32:38+08:00][sql] SHOW FULL COLUMNS FROM `bid_record` [ RunTime:0.001526s ]
[2026-08-17T22:32:38+08:00][sql] SELECT `b`.*,`u`.`nickname`,`u`.`mobile` FROM `bid_record` `b` LEFT JOIN `user` `u` ON `b`.`user_id`=`u`.`id` WHERE  `b`.`goods_id` = '3'  AND `b`.`status` = '0' ORDER BY `b`.`price` DESC,`b`.`id` ASC LIMIT 1 [ RunTime:0.001772s ]
[2026-08-17T22:32:38+08:00][sql] SELECT `b`.*,`u`.`nickname`,`u`.`mobile` FROM `bid_record` `b` LEFT JOIN `user` `u` ON `b`.`user_id`=`u`.`id` WHERE  `b`.`goods_id` = '3' ORDER BY `b`.`price` DESC,`b`.`id` ASC LIMIT 50 [ RunTime:0.000993s ]
[2026-08-17T22:32:48+08:00][sql] CONNECT:[ UseTime:0.022864s ] mysql:host=127.0.0.1;port=3306;dbname=auction;charset=utf8mb4
[2026-08-17T22:32:48+08:00][sql] SHOW FULL COLUMNS FROM `goods` [ RunTime:0.001925s ]
[2026-08-17T22:32:48+08:00][sql] SELECT `id` FROM `goods` WHERE  `status` = 1  AND `end_time` <= 1786977168 [ RunTime:0.000874s ]
[2026-08-17T22:32:48+08:00][sql] SHOW FULL COLUMNS FROM `setting` [ RunTime:0.001415s ]
[2026-08-17T22:32:48+08:00][sql] SELECT * FROM `setting` [ RunTime:0.000886s ]
[2026-08-17T22:33:01+08:00][sql] CONNECT:[ UseTime:0.024067s ] mysql:host=127.0.0.1;port=3306;dbname=auction;charset=utf8mb4
[2026-08-17T22:33:01+08:00][sql] SHOW FULL COLUMNS FROM `goods` [ RunTime:0.001746s ]
[2026-08-17T22:33:01+08:00][sql] SELECT `id` FROM `goods` WHERE  `status` = 1  AND `end_time` <= 1786977181 [ RunTime:0.000944s ]
[2026-08-17T22:33:01+08:00][sql] SHOW FULL COLUMNS FROM `setting` [ RunTime:0.001350s ]
[2026-08-17T22:33:01+08:00][sql] SELECT * FROM `setting` [ RunTime:0.000951s ]
[2026-08-17T22:33:02+08:00][sql] CONNECT:[ UseTime:0.014954s ] mysql:host=127.0.0.1;port=3306;dbname=auction;charset=utf8mb4
[2026-08-17T22:33:02+08:00][sql] SHOW FULL COLUMNS FROM `goods` [ RunTime:0.001317s ]
[2026-08-17T22:33:02+08:00][sql] SELECT `id` FROM `goods` WHERE  `status` = 1  AND `end_time` <= 1786977182 [ RunTime:0.000866s ]
[2026-08-17T22:33:02+08:00][sql] SHOW FULL COLUMNS FROM `setting` [ RunTime:0.004409s ]
[2026-08-17T22:33:02+08:00][sql] SELECT * FROM `setting` [ RunTime:0.000743s ]
[2026-08-17T22:33:02+08:00][sql] SELECT COUNT(*) AS think_count FROM `goods` `g` LEFT JOIN `user` `u` ON `g`.`seller_id`=`u`.`id` WHERE  `g`.`status` = '1'  AND `g`.`start_time` <= '1786977182'  AND `g`.`end_time` > '1786977182' [ RunTime:0.001043s ]
[2026-08-17T22:33:02+08:00][sql] SELECT `g`.*,u.nickname as seller_name FROM `goods` `g` LEFT JOIN `user` `u` ON `g`.`seller_id`=`u`.`id` WHERE  `g`.`status` = '1'  AND `g`.`start_time` <= '1786977182'  AND `g`.`end_time` > '1786977182' ORDER BY `g`.`end_time` ASC,`g`.`id` DESC LIMIT 0,12 [ RunTime:0.002143s ]
[2026-08-17T22:33:02+08:00][sql] SHOW FULL COLUMNS FROM `bid_record` [ RunTime:0.002196s ]
[2026-08-17T22:33:02+08:00][sql] SELECT MAX(`price`) AS think_max FROM `bid_record` WHERE  `goods_id` = 3  AND `status` = 0 [ RunTime:0.000851s ]
[2026-08-17T22:33:02+08:00][sql] SELECT MAX(`price`) AS think_max FROM `bid_record` WHERE  `goods_id` = 1  AND `status` = 0 [ RunTime:0.000727s ]
[2026-08-17T22:33:02+08:00][sql] SHOW FULL COLUMNS FROM `category` [ RunTime:0.001286s ]
[2026-08-17T22:33:02+08:00][sql] SELECT * FROM `category` WHERE  `status` = 1 ORDER BY `sort` ASC [ RunTime:0.000666s ]
[2026-08-17T22:33:04+08:00][sql] CONNECT:[ UseTime:0.006471s ] mysql:host=127.0.0.1;port=3306;dbname=auction;charset=utf8mb4
[2026-08-17T22:33:04+08:00][sql] SHOW FULL COLUMNS FROM `goods` [ RunTime:0.001874s ]
[2026-08-17T22:33:04+08:00][sql] SELECT `id` FROM `goods` WHERE  `status` = 1  AND `end_time` <= 1786977184 [ RunTime:0.000867s ]
[2026-08-17T22:33:04+08:00][sql] SHOW FULL COLUMNS FROM `setting` [ RunTime:0.001099s ]
[2026-08-17T22:33:04+08:00][sql] SELECT * FROM `setting` [ RunTime:0.000579s ]
[2026-08-17T22:33:04+08:00][sql] SELECT COUNT(*) AS think_count FROM `goods` `g` LEFT JOIN `user` `u` ON `g`.`seller_id`=`u`.`id` WHERE  `g`.`status` = '1'  AND `g`.`start_time` <= '1786977184'  AND `g`.`end_time` > '1786977184'  AND `g`.`category_id` = '1' [ RunTime:0.001741s ]
[2026-08-17T22:33:04+08:00][sql] SELECT `g`.*,u.nickname as seller_name FROM `goods` `g` LEFT JOIN `user` `u` ON `g`.`seller_id`=`u`.`id` WHERE  `g`.`status` = '1'  AND `g`.`start_time` <= '1786977184'  AND `g`.`end_time` > '1786977184'  AND `g`.`category_id` = '1' ORDER BY `g`.`end_time` ASC,`g`.`id` DESC LIMIT 0,12 [ RunTime:0.000868s ]
[2026-08-17T22:33:04+08:00][sql] SHOW FULL COLUMNS FROM `bid_record` [ RunTime:0.002651s ]
[2026-08-17T22:33:04+08:00][sql] SELECT MAX(`price`) AS think_max FROM `bid_record` WHERE  `goods_id` = 1  AND `status` = 0 [ RunTime:0.000761s ]
[2026-08-17T22:33:04+08:00][sql] SHOW FULL COLUMNS FROM `category` [ RunTime:0.002115s ]
[2026-08-17T22:33:04+08:00][sql] SELECT * FROM `category` WHERE  `status` = 1 ORDER BY `sort` ASC [ RunTime:0.000603s ]
[2026-08-17T22:33:05+08:00][sql] CONNECT:[ UseTime:0.001751s ] mysql:host=127.0.0.1;port=3306;dbname=auction;charset=utf8mb4
[2026-08-17T22:33:05+08:00][sql] SHOW FULL COLUMNS FROM `goods` [ RunTime:0.001376s ]
[2026-08-17T22:33:05+08:00][sql] SELECT `id` FROM `goods` WHERE  `status` = 1  AND `end_time` <= 1786977185 [ RunTime:0.000643s ]
[2026-08-17T22:33:05+08:00][sql] SHOW FULL COLUMNS FROM `setting` [ RunTime:0.000962s ]
[2026-08-17T22:33:05+08:00][sql] SELECT * FROM `setting` [ RunTime:0.000533s ]
[2026-08-17T22:33:05+08:00][sql] SELECT COUNT(*) AS think_count FROM `goods` `g` LEFT JOIN `user` `u` ON `g`.`seller_id`=`u`.`id` WHERE  `g`.`status` = '1'  AND `g`.`start_time` <= '1786977185'  AND `g`.`end_time` > '1786977185'  AND `g`.`category_id` = '2' [ RunTime:0.000967s ]
[2026-08-17T22:33:05+08:00][sql] SELECT `g`.*,u.nickname as seller_name FROM `goods` `g` LEFT JOIN `user` `u` ON `g`.`seller_id`=`u`.`id` WHERE  `g`.`status` = '1'  AND `g`.`start_time` <= '1786977185'  AND `g`.`end_time` > '1786977185'  AND `g`.`category_id` = '2' ORDER BY `g`.`end_time` ASC,`g`.`id` DESC LIMIT 0,12 [ RunTime:0.001130s ]
[2026-08-17T22:33:05+08:00][sql] SHOW FULL COLUMNS FROM `category` [ RunTime:0.002494s ]
[2026-08-17T22:33:05+08:00][sql] SELECT * FROM `category` WHERE  `status` = 1 ORDER BY `sort` ASC [ RunTime:0.000866s ]
[2026-08-17T22:33:06+08:00][sql] CONNECT:[ UseTime:0.025389s ] mysql:host=127.0.0.1;port=3306;dbname=auction;charset=utf8mb4
[2026-08-17T22:33:06+08:00][sql] SHOW FULL COLUMNS FROM `goods` [ RunTime:0.001110s ]
[2026-08-17T22:33:06+08:00][sql] SELECT `id` FROM `goods` WHERE  `status` = 1  AND `end_time` <= 1786977186 [ RunTime:0.000692s ]
[2026-08-17T22:33:06+08:00][sql] SHOW FULL COLUMNS FROM `setting` [ RunTime:0.001572s ]
[2026-08-17T22:33:06+08:00][sql] SELECT * FROM `setting` [ RunTime:0.001008s ]
[2026-08-17T22:33:06+08:00][sql] SELECT COUNT(*) AS think_count FROM `goods` `g` LEFT JOIN `user` `u` ON `g`.`seller_id`=`u`.`id` WHERE  `g`.`status` = '1'  AND `g`.`start_time` <= '1786977186'  AND `g`.`end_time` > '1786977186'  AND `g`.`category_id` = '5' [ RunTime:0.001265s ]
[2026-08-17T22:33:06+08:00][sql] SELECT `g`.*,u.nickname as seller_name FROM `goods` `g` LEFT JOIN `user` `u` ON `g`.`seller_id`=`u`.`id` WHERE  `g`.`status` = '1'  AND `g`.`start_time` <= '1786977186'  AND `g`.`end_time` > '1786977186'  AND `g`.`category_id` = '5' ORDER BY `g`.`end_time` ASC,`g`.`id` DESC LIMIT 0,12 [ RunTime:0.001155s ]
[2026-08-17T22:33:06+08:00][sql] SHOW FULL COLUMNS FROM `category` [ RunTime:0.001360s ]
[2026-08-17T22:33:06+08:00][sql] SELECT * FROM `category` WHERE  `status` = 1 ORDER BY `sort` ASC [ RunTime:0.001202s ]
[2026-08-17T22:33:07+08:00][sql] CONNECT:[ UseTime:0.001877s ] mysql:host=127.0.0.1;port=3306;dbname=auction;charset=utf8mb4
[2026-08-17T22:33:07+08:00][sql] SHOW FULL COLUMNS FROM `goods` [ RunTime:0.001787s ]
[2026-08-17T22:33:07+08:00][sql] SELECT `id` FROM `goods` WHERE  `status` = 1  AND `end_time` <= 1786977187 [ RunTime:0.000807s ]
[2026-08-17T22:33:07+08:00][sql] SHOW FULL COLUMNS FROM `setting` [ RunTime:0.001468s ]
[2026-08-17T22:33:07+08:00][sql] SELECT * FROM `setting` [ RunTime:0.000815s ]
[2026-08-17T22:33:07+08:00][sql] SELECT COUNT(*) AS think_count FROM `goods` `g` LEFT JOIN `user` `u` ON `g`.`seller_id`=`u`.`id` WHERE  `g`.`status` = '1'  AND `g`.`start_time` <= '1786977187'  AND `g`.`end_time` > '1786977187'  AND `g`.`category_id` = '4' [ RunTime:0.001089s ]
[2026-08-17T22:33:07+08:00][sql] SELECT `g`.*,u.nickname as seller_name FROM `goods` `g` LEFT JOIN `user` `u` ON `g`.`seller_id`=`u`.`id` WHERE  `g`.`status` = '1'  AND `g`.`start_time` <= '1786977187'  AND `g`.`end_time` > '1786977187'  AND `g`.`category_id` = '4' ORDER BY `g`.`end_time` ASC,`g`.`id` DESC LIMIT 0,12 [ RunTime:0.001086s ]
[2026-08-17T22:33:07+08:00][sql] SHOW FULL COLUMNS FROM `category` [ RunTime:0.001574s ]
[2026-08-17T22:33:07+08:00][sql] SELECT * FROM `category` WHERE  `status` = 1 ORDER BY `sort` ASC [ RunTime:0.000910s ]
[2026-08-17T22:33:08+08:00][sql] CONNECT:[ UseTime:0.020037s ] mysql:host=127.0.0.1;port=3306;dbname=auction;charset=utf8mb4
[2026-08-17T22:33:08+08:00][sql] SHOW FULL COLUMNS FROM `goods` [ RunTime:0.001782s ]
[2026-08-17T22:33:08+08:00][sql] SELECT `id` FROM `goods` WHERE  `status` = 1  AND `end_time` <= 1786977188 [ RunTime:0.000962s ]
[2026-08-17T22:33:08+08:00][sql] SHOW FULL COLUMNS FROM `setting` [ RunTime:0.001322s ]
[2026-08-17T22:33:08+08:00][sql] SELECT * FROM `setting` [ RunTime:0.000761s ]
[2026-08-17T22:33:08+08:00][sql] SELECT COUNT(*) AS think_count FROM `goods` `g` LEFT JOIN `user` `u` ON `g`.`seller_id`=`u`.`id` WHERE  `g`.`status` = '1'  AND `g`.`start_time` <= '1786977188'  AND `g`.`end_time` > '1786977188'  AND `g`.`category_id` = '6' [ RunTime:0.005494s ]
[2026-08-17T22:33:08+08:00][sql] SELECT `g`.*,u.nickname as seller_name FROM `goods` `g` LEFT JOIN `user` `u` ON `g`.`seller_id`=`u`.`id` WHERE  `g`.`status` = '1'  AND `g`.`start_time` <= '1786977188'  AND `g`.`end_time` > '1786977188'  AND `g`.`category_id` = '6' ORDER BY `g`.`end_time` ASC,`g`.`id` DESC LIMIT 0,12 [ RunTime:0.000962s ]
[2026-08-17T22:33:08+08:00][sql] SHOW FULL COLUMNS FROM `category` [ RunTime:0.001319s ]
[2026-08-17T22:33:08+08:00][sql] SELECT * FROM `category` WHERE  `status` = 1 ORDER BY `sort` ASC [ RunTime:0.000768s ]
[2026-08-17T22:33:08+08:00][sql] CONNECT:[ UseTime:0.006528s ] mysql:host=127.0.0.1;port=3306;dbname=auction;charset=utf8mb4
[2026-08-17T22:33:08+08:00][sql] SHOW FULL COLUMNS FROM `goods` [ RunTime:0.005955s ]
[2026-08-17T22:33:08+08:00][sql] SELECT `id` FROM `goods` WHERE  `status` = 1  AND `end_time` <= 1786977188 [ RunTime:0.004713s ]
[2026-08-17T22:33:08+08:00][sql] SHOW FULL COLUMNS FROM `setting` [ RunTime:0.001708s ]
[2026-08-17T22:33:08+08:00][sql] SELECT * FROM `setting` [ RunTime:0.002353s ]
[2026-08-17T22:33:08+08:00][sql] SELECT COUNT(*) AS think_count FROM `goods` `g` LEFT JOIN `user` `u` ON `g`.`seller_id`=`u`.`id` WHERE  `g`.`status` = '1'  AND `g`.`start_time` <= '1786977188'  AND `g`.`end_time` > '1786977188'  AND `g`.`category_id` = '7' [ RunTime:0.001288s ]
[2026-08-17T22:33:08+08:00][sql] SELECT `g`.*,u.nickname as seller_name FROM `goods` `g` LEFT JOIN `user` `u` ON `g`.`seller_id`=`u`.`id` WHERE  `g`.`status` = '1'  AND `g`.`start_time` <= '1786977188'  AND `g`.`end_time` > '1786977188'  AND `g`.`category_id` = '7' ORDER BY `g`.`end_time` ASC,`g`.`id` DESC LIMIT 0,12 [ RunTime:0.001262s ]
[2026-08-17T22:33:08+08:00][sql] SHOW FULL COLUMNS FROM `category` [ RunTime:0.001279s ]
[2026-08-17T22:33:08+08:00][sql] SELECT * FROM `category` WHERE  `status` = 1 ORDER BY `sort` ASC [ RunTime:0.000728s ]
[2026-08-17T22:33:09+08:00][sql] CONNECT:[ UseTime:0.018601s ] mysql:host=127.0.0.1;port=3306;dbname=auction;charset=utf8mb4
[2026-08-17T22:33:09+08:00][sql] SHOW FULL COLUMNS FROM `goods` [ RunTime:0.001681s ]
[2026-08-17T22:33:09+08:00][sql] SELECT `id` FROM `goods` WHERE  `status` = 1  AND `end_time` <= 1786977189 [ RunTime:0.000777s ]
[2026-08-17T22:33:09+08:00][sql] SHOW FULL COLUMNS FROM `user` [ RunTime:0.001354s ]
[2026-08-17T22:33:09+08:00][sql] SELECT * FROM `user` WHERE  `id` = 12 LIMIT 1 [ RunTime:0.000737s ]
[2026-08-17T22:33:09+08:00][sql] SHOW FULL COLUMNS FROM `setting` [ RunTime:0.001124s ]
[2026-08-17T22:33:09+08:00][sql] SELECT * FROM `setting` [ RunTime:0.000630s ]
[2026-08-17T22:33:10+08:00][sql] CONNECT:[ UseTime:0.014436s ] mysql:host=127.0.0.1;port=3306;dbname=auction;charset=utf8mb4
[2026-08-17T22:33:10+08:00][sql] SHOW FULL COLUMNS FROM `goods` [ RunTime:0.001668s ]
[2026-08-17T22:33:10+08:00][sql] SELECT `id` FROM `goods` WHERE  `status` = 1  AND `end_time` <= 1786977189 [ RunTime:0.000979s ]
[2026-08-17T22:33:10+08:00][sql] SHOW FULL COLUMNS FROM `setting` [ RunTime:0.001383s ]
[2026-08-17T22:33:10+08:00][sql] SELECT * FROM `setting` [ RunTime:0.000747s ]
[2026-08-17T22:33:10+08:00][sql] SELECT COUNT(*) AS think_count FROM `goods` `g` LEFT JOIN `user` `u` ON `g`.`seller_id`=`u`.`id` WHERE  `g`.`status` = '1'  AND `g`.`start_time` <= '1786977190'  AND `g`.`end_time` > '1786977190'  AND `g`.`category_id` = '1' [ RunTime:0.000972s ]
[2026-08-17T22:33:10+08:00][sql] SELECT `g`.*,u.nickname as seller_name FROM `goods` `g` LEFT JOIN `user` `u` ON `g`.`seller_id`=`u`.`id` WHERE  `g`.`status` = '1'  AND `g`.`start_time` <= '1786977190'  AND `g`.`end_time` > '1786977190'  AND `g`.`category_id` = '1' ORDER BY `g`.`end_time` ASC,`g`.`id` DESC LIMIT 0,12 [ RunTime:0.001157s ]
[2026-08-17T22:33:10+08:00][sql] SHOW FULL COLUMNS FROM `bid_record` [ RunTime:0.001361s ]
[2026-08-17T22:33:10+08:00][sql] SELECT MAX(`price`) AS think_max FROM `bid_record` WHERE  `goods_id` = 1  AND `status` = 0 [ RunTime:0.000800s ]
[2026-08-17T22:33:10+08:00][sql] SHOW FULL COLUMNS FROM `category` [ RunTime:0.001476s ]
[2026-08-17T22:33:10+08:00][sql] SELECT * FROM `category` WHERE  `status` = 1 ORDER BY `sort` ASC [ RunTime:0.001170s ]
[2026-08-17T22:33:10+08:00][sql] CONNECT:[ UseTime:0.020316s ] mysql:host=127.0.0.1;port=3306;dbname=auction;charset=utf8mb4
[2026-08-17T22:33:10+08:00][sql] SHOW FULL COLUMNS FROM `goods` [ RunTime:0.001139s ]
[2026-08-17T22:33:10+08:00][sql] SELECT `id` FROM `goods` WHERE  `status` = 1  AND `end_time` <= 1786977190 [ RunTime:0.000963s ]
[2026-08-17T22:33:10+08:00][sql] SHOW FULL COLUMNS FROM `setting` [ RunTime:0.001262s ]
[2026-08-17T22:33:10+08:00][sql] SELECT * FROM `setting` [ RunTime:0.000515s ]
[2026-08-17T22:33:10+08:00][sql] SELECT COUNT(*) AS think_count FROM `goods` `g` LEFT JOIN `user` `u` ON `g`.`seller_id`=`u`.`id` WHERE  `g`.`status` = '1'  AND `g`.`start_time` <= '1786977190'  AND `g`.`end_time` > '1786977190' [ RunTime:0.001097s ]
[2026-08-17T22:33:10+08:00][sql] SELECT `g`.*,u.nickname as seller_name FROM `goods` `g` LEFT JOIN `user` `u` ON `g`.`seller_id`=`u`.`id` WHERE  `g`.`status` = '1'  AND `g`.`start_time` <= '1786977190'  AND `g`.`end_time` > '1786977190' ORDER BY `g`.`end_time` ASC,`g`.`id` DESC LIMIT 0,12 [ RunTime:0.001080s ]
[2026-08-17T22:33:10+08:00][sql] SHOW FULL COLUMNS FROM `bid_record` [ RunTime:0.001566s ]
[2026-08-17T22:33:10+08:00][sql] SELECT MAX(`price`) AS think_max FROM `bid_record` WHERE  `goods_id` = 3  AND `status` = 0 [ RunTime:0.002105s ]
[2026-08-17T22:33:10+08:00][sql] SELECT MAX(`price`) AS think_max FROM `bid_record` WHERE  `goods_id` = 1  AND `status` = 0 [ RunTime:0.001345s ]
[2026-08-17T22:33:10+08:00][sql] SHOW FULL COLUMNS FROM `category` [ RunTime:0.001683s ]
[2026-08-17T22:33:10+08:00][sql] SELECT * FROM `category` WHERE  `status` = 1 ORDER BY `sort` ASC [ RunTime:0.000917s ]
[2026-08-17T22:33:11+08:00][sql] CONNECT:[ UseTime:0.017059s ] mysql:host=127.0.0.1;port=3306;dbname=auction;charset=utf8mb4
[2026-08-17T22:33:11+08:00][sql] SHOW FULL COLUMNS FROM `goods` [ RunTime:0.001383s ]
[2026-08-17T22:33:11+08:00][sql] SELECT `id` FROM `goods` WHERE  `status` = 1  AND `end_time` <= 1786977191 [ RunTime:0.000865s ]
[2026-08-17T22:33:11+08:00][sql] SHOW FULL COLUMNS FROM `setting` [ RunTime:0.001292s ]
[2026-08-17T22:33:11+08:00][sql] SELECT * FROM `setting` [ RunTime:0.000663s ]
[2026-08-17T22:33:11+08:00][sql] SELECT COUNT(*) AS think_count FROM `goods` `g` LEFT JOIN `user` `u` ON `g`.`seller_id`=`u`.`id` WHERE  `g`.`status` = '1'  AND `g`.`start_time` <= '1786977191'  AND `g`.`end_time` > '1786977191'  AND `g`.`category_id` = '2' [ RunTime:0.000987s ]
[2026-08-17T22:33:11+08:00][sql] SELECT `g`.*,u.nickname as seller_name FROM `goods` `g` LEFT JOIN `user` `u` ON `g`.`seller_id`=`u`.`id` WHERE  `g`.`status` = '1'  AND `g`.`start_time` <= '1786977191'  AND `g`.`end_time` > '1786977191'  AND `g`.`category_id` = '2' ORDER BY `g`.`end_time` ASC,`g`.`id` DESC LIMIT 0,12 [ RunTime:0.000939s ]
[2026-08-17T22:33:11+08:00][sql] SHOW FULL COLUMNS FROM `category` [ RunTime:0.001227s ]
[2026-08-17T22:33:11+08:00][sql] SELECT * FROM `category` WHERE  `status` = 1 ORDER BY `sort` ASC [ RunTime:0.000785s ]
[2026-08-17T22:33:12+08:00][sql] CONNECT:[ UseTime:0.022295s ] mysql:host=127.0.0.1;port=3306;dbname=auction;charset=utf8mb4
[2026-08-17T22:33:12+08:00][sql] SHOW FULL COLUMNS FROM `goods` [ RunTime:0.001270s ]
[2026-08-17T22:33:12+08:00][sql] SELECT `id` FROM `goods` WHERE  `status` = 1  AND `end_time` <= 1786977192 [ RunTime:0.000914s ]
[2026-08-17T22:33:12+08:00][sql] SHOW FULL COLUMNS FROM `setting` [ RunTime:0.001341s ]
[2026-08-17T22:33:12+08:00][sql] SELECT * FROM `setting` [ RunTime:0.000753s ]
[2026-08-17T22:33:13+08:00][sql] CONNECT:[ UseTime:0.002630s ] mysql:host=127.0.0.1;port=3306;dbname=auction;charset=utf8mb4
[2026-08-17T22:33:13+08:00][sql] SHOW FULL COLUMNS FROM `goods` [ RunTime:0.002377s ]
[2026-08-17T22:33:13+08:00][sql] SELECT `id` FROM `goods` WHERE  `status` = 1  AND `end_time` <= 1786977192 [ RunTime:0.001293s ]
[2026-08-17T22:33:13+08:00][sql] SHOW FULL COLUMNS FROM `setting` [ RunTime:0.002016s ]
[2026-08-17T22:33:13+08:00][sql] SELECT * FROM `setting` [ RunTime:0.001233s ]
[2026-08-17T22:33:14+08:00][sql] CONNECT:[ UseTime:0.013336s ] mysql:host=127.0.0.1;port=3306;dbname=auction;charset=utf8mb4
[2026-08-17T22:33:14+08:00][sql] SHOW FULL COLUMNS FROM `goods` [ RunTime:0.001621s ]
[2026-08-17T22:33:14+08:00][sql] SELECT `id` FROM `goods` WHERE  `status` = 1  AND `end_time` <= 1786977194 [ RunTime:0.000785s ]
[2026-08-17T22:33:14+08:00][sql] SHOW FULL COLUMNS FROM `setting` [ RunTime:0.001252s ]
[2026-08-17T22:33:14+08:00][sql] SELECT * FROM `setting` [ RunTime:0.000729s ]
[2026-08-17T22:33:16+08:00][sql] CONNECT:[ UseTime:0.001980s ] mysql:host=127.0.0.1;port=3306;dbname=auction;charset=utf8mb4
[2026-08-17T22:33:16+08:00][sql] SHOW FULL COLUMNS FROM `goods` [ RunTime:0.001722s ]
[2026-08-17T22:33:16+08:00][sql] SELECT `id` FROM `goods` WHERE  `status` = 1  AND `end_time` <= 1786977196 [ RunTime:0.000729s ]
[2026-08-17T22:33:16+08:00][sql] SHOW FULL COLUMNS FROM `setting` [ RunTime:0.000956s ]
[2026-08-17T22:33:16+08:00][sql] SELECT * FROM `setting` [ RunTime:0.001858s ]
[2026-08-17T22:33:16+08:00][sql] SELECT COUNT(*) AS think_count FROM `goods` `g` LEFT JOIN `user` `u` ON `g`.`seller_id`=`u`.`id` WHERE  `g`.`status` = '1'  AND `g`.`start_time` <= '1786977196'  AND `g`.`end_time` > '1786977196' [ RunTime:0.001249s ]
[2026-08-17T22:33:16+08:00][sql] SELECT `g`.*,u.nickname as seller_name FROM `goods` `g` LEFT JOIN `user` `u` ON `g`.`seller_id`=`u`.`id` WHERE  `g`.`status` = '1'  AND `g`.`start_time` <= '1786977196'  AND `g`.`end_time` > '1786977196' ORDER BY `g`.`end_time` ASC,`g`.`id` DESC LIMIT 0,12 [ RunTime:0.001061s ]
[2026-08-17T22:33:16+08:00][sql] SHOW FULL COLUMNS FROM `bid_record` [ RunTime:0.001310s ]
[2026-08-17T22:33:16+08:00][sql] SELECT MAX(`price`) AS think_max FROM `bid_record` WHERE  `goods_id` = 3  AND `status` = 0 [ RunTime:0.000878s ]
[2026-08-17T22:33:16+08:00][sql] SELECT MAX(`price`) AS think_max FROM `bid_record` WHERE  `goods_id` = 1  AND `status` = 0 [ RunTime:0.000830s ]
[2026-08-17T22:33:16+08:00][sql] SHOW FULL COLUMNS FROM `category` [ RunTime:0.000956s ]
[2026-08-17T22:33:16+08:00][sql] SELECT * FROM `category` WHERE  `status` = 1 ORDER BY `sort` ASC [ RunTime:0.000628s ]
[2026-08-17T22:33:20+08:00][sql] CONNECT:[ UseTime:0.002572s ] mysql:host=127.0.0.1;port=3306;dbname=auction;charset=utf8mb4
[2026-08-17T22:33:20+08:00][sql] SHOW FULL COLUMNS FROM `goods` [ RunTime:0.001779s ]
[2026-08-17T22:33:20+08:00][sql] SELECT `id` FROM `goods` WHERE  `status` = 1  AND `end_time` <= 1786977200 [ RunTime:0.000967s ]
[2026-08-17T22:33:20+08:00][sql] SHOW FULL COLUMNS FROM `setting` [ RunTime:0.001398s ]
[2026-08-17T22:33:20+08:00][sql] SELECT * FROM `setting` [ RunTime:0.000752s ]
[2026-08-17T22:33:57+08:00][sql] CONNECT:[ UseTime:0.025069s ] mysql:host=127.0.0.1;port=3306;dbname=auction;charset=utf8mb4
[2026-08-17T22:33:57+08:00][sql] SHOW FULL COLUMNS FROM `goods` [ RunTime:0.001278s ]
[2026-08-17T22:33:57+08:00][sql] SELECT `id` FROM `goods` WHERE  `status` = 1  AND `end_time` <= 1786977237 [ RunTime:0.000884s ]
[2026-08-17T22:33:57+08:00][sql] SHOW FULL COLUMNS FROM `setting` [ RunTime:0.001497s ]
[2026-08-17T22:33:57+08:00][sql] SELECT * FROM `setting` [ RunTime:0.000510s ]
[2026-08-17T22:33:57+08:00][sql] SHOW FULL COLUMNS FROM `user` [ RunTime:0.001564s ]
[2026-08-17T22:33:57+08:00][sql] SELECT * FROM `user` WHERE  `mobile` = '13900000002' LIMIT 1 [ RunTime:0.000757s ]
[2026-08-17T22:33:57+08:00][sql] CONNECT:[ UseTime:0.015716s ] mysql:host=127.0.0.1;port=3306;dbname=auction;charset=utf8mb4
[2026-08-17T22:33:57+08:00][sql] SHOW FULL COLUMNS FROM `goods` [ RunTime:0.001846s ]
[2026-08-17T22:33:57+08:00][sql] SELECT `id` FROM `goods` WHERE  `status` = 1  AND `end_time` <= 1786977237 [ RunTime:0.000991s ]
[2026-08-17T22:33:57+08:00][sql] SHOW FULL COLUMNS FROM `setting` [ RunTime:0.001381s ]
[2026-08-17T22:33:57+08:00][sql] SELECT * FROM `setting` [ RunTime:0.000630s ]
[2026-08-17T22:33:57+08:00][sql] CONNECT:[ UseTime:0.013426s ] mysql:host=127.0.0.1;port=3306;dbname=auction;charset=utf8mb4
[2026-08-17T22:33:57+08:00][sql] SHOW FULL COLUMNS FROM `goods` [ RunTime:0.001957s ]
[2026-08-17T22:33:57+08:00][sql] SELECT `id` FROM `goods` WHERE  `status` = 1  AND `end_time` <= 1786977237 [ RunTime:0.001034s ]
[2026-08-17T22:33:57+08:00][sql] SHOW FULL COLUMNS FROM `setting` [ RunTime:0.001651s ]
[2026-08-17T22:33:57+08:00][sql] SELECT * FROM `setting` [ RunTime:0.000797s ]
[2026-08-17T22:35:08+08:00][sql] CONNECT:[ UseTime:0.020467s ] mysql:host=127.0.0.1;port=3306;dbname=auction;charset=utf8mb4
[2026-08-17T22:35:08+08:00][sql] SHOW FULL COLUMNS FROM `goods` [ RunTime:0.001701s ]
[2026-08-17T22:35:08+08:00][sql] SELECT `id` FROM `goods` WHERE  `status` = 1  AND `end_time` <= 1786977308 [ RunTime:0.001079s ]
[2026-08-17T22:35:08+08:00][sql] SHOW FULL COLUMNS FROM `setting` [ RunTime:0.001450s ]
[2026-08-17T22:35:08+08:00][sql] SELECT * FROM `setting` [ RunTime:0.000858s ]
[2026-08-17T22:35:08+08:00][sql] SHOW FULL COLUMNS FROM `user` [ RunTime:0.001784s ]
[2026-08-17T22:35:08+08:00][sql] SELECT * FROM `user` WHERE  `mobile` = '13900000003' LIMIT 1 [ RunTime:0.001024s ]
[2026-08-17T22:35:08+08:00][sql] SELECT * FROM `user` WHERE  `invite_code` = '83C465AB' LIMIT 1 [ RunTime:0.000798s ]
[2026-08-17T22:35:08+08:00][sql] INSERT INTO `user` SET `mobile` = '13900000003' , `password` = '14e1b600b1fd579f47433b88e8d85291' , `nickname` = '用户0003' , `invite_code` = '83C465AB' , `pid` = 0 , `status` = 1 , `reg_ip` = '127.0.0.1' , `reg_time` = 1786977308 , `create_time` = 1786977308 , `update_time` = 1786977308 [ RunTime:0.005508s ]
[2026-08-17T22:35:08+08:00][sql] SELECT * FROM `user` WHERE  `id` = 13 LIMIT 1 [ RunTime:0.000755s ]
[2026-08-17T22:35:08+08:00][sql] CONNECT:[ UseTime:0.012905s ] mysql:host=127.0.0.1;port=3306;dbname=auction;charset=utf8mb4
[2026-08-17T22:35:08+08:00][sql] SHOW FULL COLUMNS FROM `goods` [ RunTime:0.001439s ]
[2026-08-17T22:35:08+08:00][sql] SELECT `id` FROM `goods` WHERE  `status` = 1  AND `end_time` <= 1786977308 [ RunTime:0.001021s ]
[2026-08-17T22:35:08+08:00][sql] SHOW FULL COLUMNS FROM `user` [ RunTime:0.001687s ]
[2026-08-17T22:35:08+08:00][sql] SELECT * FROM `user` WHERE  `id` = 13 LIMIT 1 [ RunTime:0.001003s ]
[2026-08-17T22:35:08+08:00][sql] SHOW FULL COLUMNS FROM `setting` [ RunTime:0.001477s ]
[2026-08-17T22:35:08+08:00][sql] SELECT * FROM `setting` [ RunTime:0.000887s ]
[2026-08-17T22:35:08+08:00][sql] UPDATE `user`  SET `seller_check` = 0 , `is_seller` = 0 , `update_time` = 1786977308  WHERE  `id` = 13 [ RunTime:0.002194s ]
[2026-08-17T22:35:08+08:00][sql] CONNECT:[ UseTime:0.012106s ] mysql:host=127.0.0.1;port=3306;dbname=auction;charset=utf8mb4
[2026-08-17T22:35:08+08:00][sql] SHOW FULL COLUMNS FROM `goods` [ RunTime:0.001598s ]
[2026-08-17T22:35:08+08:00][sql] SELECT `id` FROM `goods` WHERE  `status` = 1  AND `end_time` <= 1786977308 [ RunTime:0.000502s ]
[2026-08-17T22:35:08+08:00][sql] SHOW FULL COLUMNS FROM `user` [ RunTime:0.001645s ]
[2026-08-17T22:35:08+08:00][sql] SELECT * FROM `user` WHERE  `id` = 13 LIMIT 1 [ RunTime:0.000746s ]
[2026-08-17T22:35:08+08:00][sql] SHOW FULL COLUMNS FROM `setting` [ RunTime:0.001239s ]
[2026-08-17T22:35:08+08:00][sql] SELECT * FROM `setting` [ RunTime:0.000517s ]
[2026-08-17T22:35:08+08:00][sql] CONNECT:[ UseTime:0.018680s ] mysql:host=127.0.0.1;port=3306;dbname=auction;charset=utf8mb4
[2026-08-17T22:35:08+08:00][sql] SHOW FULL COLUMNS FROM `goods` [ RunTime:0.001623s ]
[2026-08-17T22:35:08+08:00][sql] SELECT `id` FROM `goods` WHERE  `status` = 1  AND `end_time` <= 1786977308 [ RunTime:0.001072s ]
[2026-08-17T22:35:08+08:00][sql] SHOW FULL COLUMNS FROM `user` [ RunTime:0.001742s ]
[2026-08-17T22:35:08+08:00][sql] SELECT * FROM `user` WHERE  `id` = 13 LIMIT 1 [ RunTime:0.000866s ]
[2026-08-17T22:35:08+08:00][sql] SHOW FULL COLUMNS FROM `setting` [ RunTime:0.001413s ]
[2026-08-17T22:35:08+08:00][sql] SELECT * FROM `setting` [ RunTime:0.000992s ]
[2026-08-17T22:35:08+08:00][sql] CONNECT:[ UseTime:0.010904s ] mysql:host=127.0.0.1;port=3306;dbname=auction;charset=utf8mb4
[2026-08-17T22:35:08+08:00][sql] SHOW FULL COLUMNS FROM `goods` [ RunTime:0.001725s ]
[2026-08-17T22:35:08+08:00][sql] SELECT `id` FROM `goods` WHERE  `status` = 1  AND `end_time` <= 1786977308 [ RunTime:0.000770s ]
[2026-08-17T22:35:08+08:00][sql] SHOW FULL COLUMNS FROM `user` [ RunTime:0.001503s ]
[2026-08-17T22:35:08+08:00][sql] SELECT * FROM `user` WHERE  `id` = 13 LIMIT 1 [ RunTime:0.001041s ]
[2026-08-17T22:35:08+08:00][sql] SHOW FULL COLUMNS FROM `setting` [ RunTime:0.001541s ]
[2026-08-17T22:35:08+08:00][sql] SELECT * FROM `setting` [ RunTime:0.000987s ]
[2026-08-17T22:35:09+08:00][sql] CONNECT:[ UseTime:0.016673s ] mysql:host=127.0.0.1;port=3306;dbname=auction;charset=utf8mb4
[2026-08-17T22:35:09+08:00][sql] SHOW FULL COLUMNS FROM `goods` [ RunTime:0.001113s ]
[2026-08-17T22:35:09+08:00][sql] SELECT `id` FROM `goods` WHERE  `status` = 1  AND `end_time` <= 1786977308 [ RunTime:0.000644s ]
[2026-08-17T22:35:09+08:00][sql] SHOW FULL COLUMNS FROM `user` [ RunTime:0.001714s ]
[2026-08-17T22:35:09+08:00][sql] SELECT * FROM `user` WHERE  `id` = 13 LIMIT 1 [ RunTime:0.000861s ]
[2026-08-17T22:35:09+08:00][sql] SHOW FULL COLUMNS FROM `setting` [ RunTime:0.001474s ]
[2026-08-17T22:35:09+08:00][sql] SELECT * FROM `setting` [ RunTime:0.000900s ]
[2026-08-17T22:35:16+08:00][sql] CONNECT:[ UseTime:0.002082s ] mysql:host=127.0.0.1;port=3306;dbname=auction;charset=utf8mb4
[2026-08-17T22:35:16+08:00][sql] SHOW FULL COLUMNS FROM `goods` [ RunTime:0.001753s ]
[2026-08-17T22:35:16+08:00][sql] SELECT `id` FROM `goods` WHERE  `status` = 1  AND `end_time` <= 1786977316 [ RunTime:0.000806s ]
[2026-08-17T22:35:16+08:00][sql] SHOW FULL COLUMNS FROM `setting` [ RunTime:0.001231s ]
[2026-08-17T22:35:16+08:00][sql] SELECT * FROM `setting` [ RunTime:0.000804s ]
[2026-08-17T22:35:16+08:00][sql] SELECT COUNT(*) AS think_count FROM `goods` `g` LEFT JOIN `user` `u` ON `g`.`seller_id`=`u`.`id` WHERE  `g`.`status` = '1'  AND `g`.`start_time` <= '1786977316'  AND `g`.`end_time` > '1786977316' [ RunTime:0.001084s ]
[2026-08-17T22:35:16+08:00][sql] SELECT `g`.*,u.nickname as seller_name FROM `goods` `g` LEFT JOIN `user` `u` ON `g`.`seller_id`=`u`.`id` WHERE  `g`.`status` = '1'  AND `g`.`start_time` <= '1786977316'  AND `g`.`end_time` > '1786977316' ORDER BY `g`.`end_time` ASC,`g`.`id` DESC LIMIT 0,12 [ RunTime:0.001048s ]
[2026-08-17T22:35:16+08:00][sql] SHOW FULL COLUMNS FROM `bid_record` [ RunTime:0.001225s ]
[2026-08-17T22:35:16+08:00][sql] SELECT MAX(`price`) AS think_max FROM `bid_record` WHERE  `goods_id` = 3  AND `status` = 0 [ RunTime:0.000676s ]
[2026-08-17T22:35:16+08:00][sql] SELECT MAX(`price`) AS think_max FROM `bid_record` WHERE  `goods_id` = 1  AND `status` = 0 [ RunTime:0.000715s ]
[2026-08-17T22:35:16+08:00][sql] SHOW FULL COLUMNS FROM `category` [ RunTime:0.001175s ]
[2026-08-17T22:35:16+08:00][sql] SELECT * FROM `category` WHERE  `status` = 1 ORDER BY `sort` ASC [ RunTime:0.000690s ]
[2026-08-17T22:35:20+08:00][sql] CONNECT:[ UseTime:0.012071s ] mysql:host=127.0.0.1;port=3306;dbname=auction;charset=utf8mb4
[2026-08-17T22:35:20+08:00][sql] SHOW FULL COLUMNS FROM `goods` [ RunTime:0.002772s ]
[2026-08-17T22:35:20+08:00][sql] SELECT `id` FROM `goods` WHERE  `status` = 1  AND `end_time` <= 1786977320 [ RunTime:0.001022s ]
[2026-08-17T22:35:20+08:00][sql] SHOW FULL COLUMNS FROM `setting` [ RunTime:0.001351s ]
[2026-08-17T22:35:20+08:00][sql] SELECT * FROM `setting` [ RunTime:0.000737s ]
[2026-08-17T22:35:20+08:00][sql] SELECT `g`.*,u.nickname as seller_name,u.avatar as seller_avatar,c.name as category_name FROM `goods` `g` LEFT JOIN `user` `u` ON `g`.`seller_id`=`u`.`id` LEFT JOIN `category` `c` ON `g`.`category_id`=`c`.`id` WHERE  `g`.`id` = '1' LIMIT 1 [ RunTime:0.001022s ]
[2026-08-17T22:35:20+08:00][sql] UPDATE `goods`  SET `view_count` = `view_count` + 1  WHERE  `id` = 1 [ RunTime:0.001707s ]
[2026-08-17T22:35:20+08:00][sql] SHOW FULL COLUMNS FROM `bid_record` [ RunTime:0.001836s ]
[2026-08-17T22:35:20+08:00][sql] SELECT `b`.*,`u`.`nickname`,`u`.`mobile` FROM `bid_record` `b` LEFT JOIN `user` `u` ON `b`.`user_id`=`u`.`id` WHERE  `b`.`goods_id` = '1'  AND `b`.`status` = '0' ORDER BY `b`.`price` DESC,`b`.`id` ASC LIMIT 1 [ RunTime:0.000764s ]
[2026-08-17T22:35:20+08:00][sql] SELECT `b`.*,`u`.`nickname`,`u`.`mobile` FROM `bid_record` `b` LEFT JOIN `user` `u` ON `b`.`user_id`=`u`.`id` WHERE  `b`.`goods_id` = '1' ORDER BY `b`.`price` DESC,`b`.`id` ASC LIMIT 50 [ RunTime:0.000803s ]
[2026-08-17T22:35:34+08:00][sql] CONNECT:[ UseTime:0.004119s ] mysql:host=127.0.0.1;port=3306;dbname=auction;charset=utf8mb4
[2026-08-17T22:35:34+08:00][sql] SHOW FULL COLUMNS FROM `goods` [ RunTime:0.001723s ]
[2026-08-17T22:35:34+08:00][sql] SELECT `id` FROM `goods` WHERE  `status` = 1  AND `end_time` <= 1786977334 [ RunTime:0.000823s ]
[2026-08-17T22:35:34+08:00][sql] SHOW FULL COLUMNS FROM `setting` [ RunTime:0.001425s ]
[2026-08-17T22:35:34+08:00][sql] SELECT * FROM `setting` [ RunTime:0.000814s ]
[2026-08-17T22:36:15+08:00][sql] CONNECT:[ UseTime:0.011860s ] mysql:host=127.0.0.1;port=3306;dbname=auction;charset=utf8mb4
[2026-08-17T22:36:15+08:00][sql] SHOW FULL COLUMNS FROM `goods` [ RunTime:0.001751s ]
[2026-08-17T22:36:15+08:00][sql] SELECT `id` FROM `goods` WHERE  `status` = 1  AND `end_time` <= 1786977375 [ RunTime:0.000872s ]
[2026-08-17T22:36:15+08:00][sql] SHOW FULL COLUMNS FROM `setting` [ RunTime:0.001123s ]
[2026-08-17T22:36:15+08:00][sql] SELECT * FROM `setting` [ RunTime:0.000688s ]
[2026-08-17T22:36:15+08:00][sql] SHOW FULL COLUMNS FROM `user` [ RunTime:0.001350s ]
[2026-08-17T22:36:15+08:00][sql] SELECT * FROM `user` WHERE  `mobile` = '13900000001' LIMIT 1 [ RunTime:0.000748s ]
[2026-08-17T22:36:15+08:00][sql] SELECT * FROM `user` WHERE  `invite_code` = '16B59500' LIMIT 1 [ RunTime:0.000697s ]
[2026-08-17T22:36:15+08:00][sql] INSERT INTO `user` SET `mobile` = '13900000001' , `password` = '14e1b600b1fd579f47433b88e8d85291' , `nickname` = '用户0001' , `invite_code` = '16B59500' , `pid` = 0 , `status` = 1 , `reg_ip` = '127.0.0.1' , `reg_time` = 1786977375 , `create_time` = 1786977375 , `update_time` = 1786977375 [ RunTime:0.001811s ]
[2026-08-17T22:36:15+08:00][sql] SELECT * FROM `user` WHERE  `id` = 14 LIMIT 1 [ RunTime:0.000730s ]
[2026-08-17T22:36:15+08:00][sql] CONNECT:[ UseTime:0.002208s ] mysql:host=127.0.0.1;port=3306;dbname=auction;charset=utf8mb4
[2026-08-17T22:36:15+08:00][sql] SHOW FULL COLUMNS FROM `goods` [ RunTime:0.001812s ]
[2026-08-17T22:36:15+08:00][sql] SELECT `id` FROM `goods` WHERE  `status` = 1  AND `end_time` <= 1786977375 [ RunTime:0.000888s ]
[2026-08-17T22:36:15+08:00][sql] SHOW FULL COLUMNS FROM `user` [ RunTime:0.001383s ]
[2026-08-17T22:36:15+08:00][sql] SELECT * FROM `user` WHERE  `id` = 14 LIMIT 1 [ RunTime:0.000714s ]
[2026-08-17T22:36:15+08:00][sql] SHOW FULL COLUMNS FROM `setting` [ RunTime:0.001148s ]
[2026-08-17T22:36:15+08:00][sql] SELECT * FROM `setting` [ RunTime:0.000572s ]
[2026-08-17T22:36:15+08:00][sql] SELECT * FROM `user` WHERE  `id` = 14 LIMIT 1   FOR UPDATE [ RunTime:0.000694s ]
[2026-08-17T22:36:15+08:00][sql] UPDATE `user`  SET `balance` = '200' , `update_time` = 1786977375  WHERE  `id` = 14 [ RunTime:0.001355s ]
[2026-08-17T22:36:15+08:00][sql] SHOW FULL COLUMNS FROM `balance_log` [ RunTime:0.001216s ]
[2026-08-17T22:36:15+08:00][sql] INSERT INTO `balance_log` SET `user_id` = 14 , `type` = 'recharge' , `amount` = '200' , `balance` = '200' , `remark` = '余额充值（模拟支付）' , `create_time` = 1786977375 [ RunTime:0.001655s ]
[2026-08-17T22:36:15+08:00][sql] CONNECT:[ UseTime:0.021135s ] mysql:host=127.0.0.1;port=3306;dbname=auction;charset=utf8mb4
[2026-08-17T22:36:15+08:00][sql] SHOW FULL COLUMNS FROM `goods` [ RunTime:0.001887s ]
[2026-08-17T22:36:15+08:00][sql] SELECT `id` FROM `goods` WHERE  `status` = 1  AND `end_time` <= 1786977375 [ RunTime:0.000923s ]
[2026-08-17T22:36:15+08:00][sql] SHOW FULL COLUMNS FROM `setting` [ RunTime:0.001340s ]
[2026-08-17T22:36:15+08:00][sql] SELECT * FROM `setting` [ RunTime:0.000728s ]
[2026-08-17T22:36:15+08:00][sql] SHOW FULL COLUMNS FROM `user` [ RunTime:0.001484s ]
[2026-08-17T22:36:15+08:00][sql] SELECT * FROM `user` WHERE  `mobile` = '13900000002' LIMIT 1 [ RunTime:0.000900s ]
[2026-08-17T22:36:15+08:00][sql] SELECT * FROM `user` WHERE  `invite_code` = '831C6D98' LIMIT 1 [ RunTime:0.000738s ]
[2026-08-17T22:36:15+08:00][sql] INSERT INTO `user` SET `mobile` = '13900000002' , `password` = '14e1b600b1fd579f47433b88e8d85291' , `nickname` = '用户0002' , `invite_code` = '831C6D98' , `pid` = 0 , `status` = 1 , `reg_ip` = '127.0.0.1' , `reg_time` = 1786977375 , `create_time` = 1786977375 , `update_time` = 1786977375 [ RunTime:0.001850s ]
[2026-08-17T22:36:15+08:00][sql] SELECT * FROM `user` WHERE  `id` = 15 LIMIT 1 [ RunTime:0.000825s ]
[2026-08-17T22:36:15+08:00][sql] CONNECT:[ UseTime:0.013795s ] mysql:host=127.0.0.1;port=3306;dbname=auction;charset=utf8mb4
[2026-08-17T22:36:15+08:00][sql] SHOW FULL COLUMNS FROM `goods` [ RunTime:0.002231s ]
[2026-08-17T22:36:15+08:00][sql] SELECT `id` FROM `goods` WHERE  `status` = 1  AND `end_time` <= 1786977375 [ RunTime:0.000810s ]
[2026-08-17T22:36:15+08:00][sql] SHOW FULL COLUMNS FROM `user` [ RunTime:0.001467s ]
[2026-08-17T22:36:15+08:00][sql] SELECT * FROM `user` WHERE  `id` = 15 LIMIT 1 [ RunTime:0.000814s ]
[2026-08-17T22:36:15+08:00][sql] SHOW FULL COLUMNS FROM `setting` [ RunTime:0.001215s ]
[2026-08-17T22:36:15+08:00][sql] SELECT * FROM `setting` [ RunTime:0.000595s ]
[2026-08-17T22:36:15+08:00][sql] UPDATE `user`  SET `seller_check` = 0 , `is_seller` = 0 , `update_time` = 1786977375  WHERE  `id` = 15 [ RunTime:0.002088s ]
[2026-08-17T22:36:15+08:00][sql] CONNECT:[ UseTime:0.009870s ] mysql:host=127.0.0.1;port=3306;dbname=auction;charset=utf8mb4
[2026-08-17T22:36:15+08:00][sql] SHOW FULL COLUMNS FROM `goods` [ RunTime:0.001817s ]
[2026-08-17T22:36:15+08:00][sql] SELECT `id` FROM `goods` WHERE  `status` = 1  AND `end_time` <= 1786977375 [ RunTime:0.001154s ]
[2026-08-17T22:36:15+08:00][sql] SHOW FULL COLUMNS FROM `user` [ RunTime:0.001881s ]
[2026-08-17T22:36:15+08:00][sql] SELECT * FROM `user` WHERE  `id` = 15 LIMIT 1 [ RunTime:0.000999s ]
[2026-08-17T22:36:15+08:00][sql] SHOW FULL COLUMNS FROM `setting` [ RunTime:0.001379s ]
[2026-08-17T22:36:15+08:00][sql] SELECT * FROM `setting` [ RunTime:0.000812s ]
[2026-08-17T22:36:31+08:00][sql] CONNECT:[ UseTime:0.019541s ] mysql:host=127.0.0.1;port=3306;dbname=auction;charset=utf8mb4
[2026-08-17T22:36:31+08:00][sql] SHOW FULL COLUMNS FROM `goods` [ RunTime:0.001285s ]
[2026-08-17T22:36:31+08:00][sql] SELECT `id` FROM `goods` WHERE  `status` = 1  AND `end_time` <= 1786977391 [ RunTime:0.000983s ]
[2026-08-17T22:36:31+08:00][sql] SHOW FULL COLUMNS FROM `setting` [ RunTime:0.001434s ]
[2026-08-17T22:36:31+08:00][sql] SELECT * FROM `setting` [ RunTime:0.000786s ]
[2026-08-17T22:36:31+08:00][sql] SHOW FULL COLUMNS FROM `user` [ RunTime:0.001673s ]
[2026-08-17T22:36:31+08:00][sql] SELECT * FROM `user` WHERE  `mobile` = '13900000001' LIMIT 1 [ RunTime:0.001004s ]
[2026-08-17T22:36:31+08:00][sql] SELECT * FROM `user` WHERE  `invite_code` = 'CD5FA816' LIMIT 1 [ RunTime:0.000936s ]
[2026-08-17T22:36:31+08:00][sql] INSERT INTO `user` SET `mobile` = '13900000001' , `password` = '14e1b600b1fd579f47433b88e8d85291' , `nickname` = '测试买家甲' , `invite_code` = 'CD5FA816' , `pid` = 0 , `status` = 1 , `reg_ip` = '127.0.0.1' , `reg_time` = 1786977391 , `create_time` = 1786977391 , `update_time` = 1786977391 [ RunTime:0.002350s ]
[2026-08-17T22:36:31+08:00][sql] SELECT * FROM `user` WHERE  `id` = 16 LIMIT 1 [ RunTime:0.000902s ]
[2026-08-17T22:36:32+08:00][sql] CONNECT:[ UseTime:0.015120s ] mysql:host=127.0.0.1;port=3306;dbname=auction;charset=utf8mb4
[2026-08-17T22:36:32+08:00][sql] SHOW FULL COLUMNS FROM `goods` [ RunTime:0.001678s ]
[2026-08-17T22:36:32+08:00][sql] SELECT `id` FROM `goods` WHERE  `status` = 1  AND `end_time` <= 1786977391 [ RunTime:0.000749s ]
[2026-08-17T22:36:32+08:00][sql] SHOW FULL COLUMNS FROM `user` [ RunTime:0.001667s ]
[2026-08-17T22:36:32+08:00][sql] SELECT * FROM `user` WHERE  `id` = 16 LIMIT 1 [ RunTime:0.000909s ]
[2026-08-17T22:36:32+08:00][sql] SHOW FULL COLUMNS FROM `setting` [ RunTime:0.001506s ]
[2026-08-17T22:36:32+08:00][sql] SELECT * FROM `setting` [ RunTime:0.000685s ]
[2026-08-17T22:36:32+08:00][sql] SELECT * FROM `user` WHERE  `id` = 16 LIMIT 1   FOR UPDATE [ RunTime:0.000811s ]
[2026-08-17T22:36:32+08:00][sql] UPDATE `user`  SET `balance` = '200' , `update_time` = 1786977391  WHERE  `id` = 16 [ RunTime:0.001866s ]
[2026-08-17T22:36:32+08:00][sql] SHOW FULL COLUMNS FROM `balance_log` [ RunTime:0.001517s ]
[2026-08-17T22:36:32+08:00][sql] INSERT INTO `balance_log` SET `user_id` = 16 , `type` = 'recharge' , `amount` = '200' , `balance` = '200' , `remark` = '余额充值（模拟支付）' , `create_time` = 1786977391 [ RunTime:0.001853s ]
[2026-08-17T22:36:32+08:00][sql] CONNECT:[ UseTime:0.024038s ] mysql:host=127.0.0.1;port=3306;dbname=auction;charset=utf8mb4
[2026-08-17T22:36:32+08:00][sql] SHOW FULL COLUMNS FROM `goods` [ RunTime:0.001205s ]
[2026-08-17T22:36:32+08:00][sql] SELECT `id` FROM `goods` WHERE  `status` = 1  AND `end_time` <= 1786977392 [ RunTime:0.000843s ]
[2026-08-17T22:36:32+08:00][sql] SHOW FULL COLUMNS FROM `setting` [ RunTime:0.001571s ]
[2026-08-17T22:36:32+08:00][sql] SELECT * FROM `setting` [ RunTime:0.000797s ]
[2026-08-17T22:36:32+08:00][sql] SHOW FULL COLUMNS FROM `user` [ RunTime:0.001638s ]
[2026-08-17T22:36:32+08:00][sql] SELECT * FROM `user` WHERE  `mobile` = '13900000002' LIMIT 1 [ RunTime:0.000664s ]
[2026-08-17T22:36:32+08:00][sql] SELECT * FROM `user` WHERE  `invite_code` = 'CF197EDA' LIMIT 1 [ RunTime:0.000792s ]
[2026-08-17T22:36:32+08:00][sql] INSERT INTO `user` SET `mobile` = '13900000002' , `password` = '14e1b600b1fd579f47433b88e8d85291' , `nickname` = '测试卖家乙' , `invite_code` = 'CF197EDA' , `pid` = 0 , `status` = 1 , `reg_ip` = '127.0.0.1' , `reg_time` = 1786977392 , `create_time` = 1786977392 , `update_time` = 1786977392 [ RunTime:0.001943s ]
[2026-08-17T22:36:32+08:00][sql] SELECT * FROM `user` WHERE  `id` = 17 LIMIT 1 [ RunTime:0.000642s ]
[2026-08-17T22:36:32+08:00][sql] CONNECT:[ UseTime:0.023333s ] mysql:host=127.0.0.1;port=3306;dbname=auction;charset=utf8mb4
[2026-08-17T22:36:32+08:00][sql] SHOW FULL COLUMNS FROM `goods` [ RunTime:0.001915s ]
[2026-08-17T22:36:32+08:00][sql] SELECT `id` FROM `goods` WHERE  `status` = 1  AND `end_time` <= 1786977392 [ RunTime:0.000927s ]
[2026-08-17T22:36:32+08:00][sql] SHOW FULL COLUMNS FROM `user` [ RunTime:0.001703s ]
[2026-08-17T22:36:32+08:00][sql] SELECT * FROM `user` WHERE  `id` = 17 LIMIT 1 [ RunTime:0.000787s ]
[2026-08-17T22:36:32+08:00][sql] SHOW FULL COLUMNS FROM `setting` [ RunTime:0.001360s ]
[2026-08-17T22:36:32+08:00][sql] SELECT * FROM `setting` [ RunTime:0.000667s ]
[2026-08-17T22:36:32+08:00][sql] UPDATE `user`  SET `seller_check` = 0 , `is_seller` = 0 , `update_time` = 1786977392  WHERE  `id` = 17 [ RunTime:0.001534s ]
[2026-08-17T22:36:32+08:00][sql] CONNECT:[ UseTime:0.013288s ] mysql:host=127.0.0.1;port=3306;dbname=auction;charset=utf8mb4
[2026-08-17T22:36:32+08:00][sql] SHOW FULL COLUMNS FROM `goods` [ RunTime:0.001680s ]
[2026-08-17T22:36:32+08:00][sql] SELECT `id` FROM `goods` WHERE  `status` = 1  AND `end_time` <= 1786977392 [ RunTime:0.000843s ]
[2026-08-17T22:36:32+08:00][sql] SHOW FULL COLUMNS FROM `user` [ RunTime:0.001414s ]
[2026-08-17T22:36:32+08:00][sql] SELECT * FROM `user` WHERE  `id` = 17 LIMIT 1 [ RunTime:0.000699s ]
[2026-08-17T22:36:32+08:00][sql] SHOW FULL COLUMNS FROM `setting` [ RunTime:0.001375s ]
[2026-08-17T22:36:32+08:00][sql] SELECT * FROM `setting` [ RunTime:0.000665s ]
[2026-08-17T22:36:32+08:00][sql] CONNECT:[ UseTime:0.021069s ] mysql:host=127.0.0.1;port=3306;dbname=auction;charset=utf8mb4
[2026-08-17T22:36:32+08:00][sql] SHOW FULL COLUMNS FROM `goods` [ RunTime:0.001927s ]
[2026-08-17T22:36:32+08:00][sql] SELECT `id` FROM `goods` WHERE  `status` = 1  AND `end_time` <= 1786977392 [ RunTime:0.000640s ]
[2026-08-17T22:36:32+08:00][sql] SHOW FULL COLUMNS FROM `user` [ RunTime:0.001204s ]
[2026-08-17T22:36:32+08:00][sql] SELECT * FROM `user` WHERE  `id` = 17 LIMIT 1 [ RunTime:0.000954s ]
[2026-08-17T22:36:32+08:00][sql] SHOW FULL COLUMNS FROM `setting` [ RunTime:0.001060s ]
[2026-08-17T22:36:32+08:00][sql] SELECT * FROM `setting` [ RunTime:0.000601s ]
[2026-08-17T22:36:32+08:00][sql] CONNECT:[ UseTime:0.011169s ] mysql:host=127.0.0.1;port=3306;dbname=auction;charset=utf8mb4
[2026-08-17T22:36:32+08:00][sql] SHOW FULL COLUMNS FROM `goods` [ RunTime:0.002123s ]
[2026-08-17T22:36:32+08:00][sql] SELECT `id` FROM `goods` WHERE  `status` = 1  AND `end_time` <= 1786977392 [ RunTime:0.000926s ]
[2026-08-17T22:36:32+08:00][sql] SHOW FULL COLUMNS FROM `user` [ RunTime:0.001878s ]
[2026-08-17T22:36:32+08:00][sql] SELECT * FROM `user` WHERE  `id` = 16 LIMIT 1 [ RunTime:0.000901s ]
[2026-08-17T22:36:32+08:00][sql] SHOW FULL COLUMNS FROM `setting` [ RunTime:0.001463s ]
[2026-08-17T22:36:32+08:00][sql] SELECT * FROM `setting` [ RunTime:0.000740s ]
[2026-08-17T22:36:32+08:00][sql] SHOW FULL COLUMNS FROM `bid_record` [ RunTime:0.001175s ]
[2026-08-17T22:36:32+08:00][sql] SELECT COUNT(*) AS think_count FROM `bid_record` WHERE  `user_id` = 16 [ RunTime:0.000572s ]
[2026-08-17T22:36:32+08:00][sql] SHOW FULL COLUMNS FROM `order` [ RunTime:0.001777s ]
[2026-08-17T22:36:32+08:00][sql] SELECT COUNT(*) AS think_count FROM `order` WHERE  `buyer_id` = 16  AND `pay_status` = 1 [ RunTime:0.000723s ]
[2026-08-17T22:36:32+08:00][sql] SELECT COUNT(*) AS think_count FROM `goods` WHERE  `seller_id` = 16  AND `status` = 2 [ RunTime:0.000764s ]
[2026-08-17T22:36:32+08:00][sql] SELECT COUNT(*) AS think_count FROM `goods` WHERE  `seller_id` = 16 [ RunTime:0.000781s ]
[2026-08-17T22:36:32+08:00][sql] SELECT COUNT(*) AS think_count FROM `order` WHERE  `buyer_id` = 16  AND `pay_status` = 0  AND `order_status` = 0 [ RunTime:0.000907s ]
[2026-08-17T22:36:32+08:00][sql] SELECT COUNT(*) AS think_count FROM `order` WHERE  `seller_id` = 16  AND `order_status` = 1 [ RunTime:0.000895s ]
[2026-08-17T22:36:32+08:00][sql] SHOW FULL COLUMNS FROM `balance_log` [ RunTime:0.001530s ]
[2026-08-17T22:36:32+08:00][sql] SELECT * FROM `balance_log` WHERE  `user_id` = 16 ORDER BY `id` DESC LIMIT 8 [ RunTime:0.000722s ]
[2026-08-17T22:36:32+08:00][sql] SELECT `b`.*,`g`.`title`,`g`.`cover`,g.status as goods_status,`g`.`end_time` FROM `bid_record` `b` LEFT JOIN `goods` `g` ON `b`.`goods_id`=`g`.`id` WHERE  `b`.`user_id` = '16' ORDER BY `b`.`id` DESC LIMIT 5 [ RunTime:0.000943s ]
[2026-08-17T22:36:32+08:00][sql] CONNECT:[ UseTime:0.013873s ] mysql:host=127.0.0.1;port=3306;dbname=auction;charset=utf8mb4
[2026-08-17T22:36:32+08:00][sql] SHOW FULL COLUMNS FROM `goods` [ RunTime:0.001758s ]
[2026-08-17T22:36:32+08:00][sql] SELECT `id` FROM `goods` WHERE  `status` = 1  AND `end_time` <= 1786977392 [ RunTime:0.000741s ]
[2026-08-17T22:36:32+08:00][sql] SHOW FULL COLUMNS FROM `user` [ RunTime:0.001750s ]
[2026-08-17T22:36:32+08:00][sql] SELECT * FROM `user` WHERE  `id` = 16 LIMIT 1 [ RunTime:0.000889s ]
[2026-08-17T22:36:32+08:00][sql] SHOW FULL COLUMNS FROM `setting` [ RunTime:0.001510s ]
[2026-08-17T22:36:32+08:00][sql] SELECT * FROM `setting` [ RunTime:0.000626s ]
[2026-08-17T22:36:32+08:00][sql] SHOW FULL COLUMNS FROM `bid_record` [ RunTime:0.001651s ]
[2026-08-17T22:36:32+08:00][sql] SELECT COUNT(*) AS think_count FROM `bid_record` `b` LEFT JOIN `goods` `g` ON `b`.`goods_id`=`g`.`id` WHERE  `b`.`user_id` = '16' [ RunTime:0.000749s ]
[2026-08-17T22:36:32+08:00][sql] SELECT `b`.*,`g`.`title`,`g`.`cover`,g.status as goods_status,`g`.`end_time`,`g`.`final_price`,`g`.`winner_id` FROM `bid_record` `b` LEFT JOIN `goods` `g` ON `b`.`goods_id`=`g`.`id` WHERE  `b`.`user_id` = '16' ORDER BY `b`.`id` DESC LIMIT 0,15 [ RunTime:0.000831s ]
[2026-08-17T22:36:32+08:00][sql] CONNECT:[ UseTime:0.017407s ] mysql:host=127.0.0.1;port=3306;dbname=auction;charset=utf8mb4
[2026-08-17T22:36:32+08:00][sql] SHOW FULL COLUMNS FROM `goods` [ RunTime:0.001864s ]
[2026-08-17T22:36:32+08:00][sql] SELECT `id` FROM `goods` WHERE  `status` = 1  AND `end_time` <= 1786977392 [ RunTime:0.000850s ]
[2026-08-17T22:36:32+08:00][sql] SHOW FULL COLUMNS FROM `user` [ RunTime:0.001523s ]
[2026-08-17T22:36:32+08:00][sql] SELECT * FROM `user` WHERE  `id` = 17 LIMIT 1 [ RunTime:0.000688s ]
[2026-08-17T22:36:32+08:00][sql] SHOW FULL COLUMNS FROM `setting` [ RunTime:0.001120s ]
[2026-08-17T22:36:32+08:00][sql] SELECT * FROM `setting` [ RunTime:0.000659s ]
[2026-08-17T22:36:32+08:00][sql] SHOW FULL COLUMNS FROM `category` [ RunTime:0.001050s ]
[2026-08-17T22:36:32+08:00][sql] SELECT * FROM `category` WHERE  `status` = 1 ORDER BY `sort` ASC [ RunTime:0.000496s ]
[2026-08-17T22:36:32+08:00][sql] CONNECT:[ UseTime:0.021178s ] mysql:host=127.0.0.1;port=3306;dbname=auction;charset=utf8mb4
[2026-08-17T22:36:32+08:00][sql] SHOW FULL COLUMNS FROM `goods` [ RunTime:0.001241s ]
[2026-08-17T22:36:32+08:00][sql] SELECT `id` FROM `goods` WHERE  `status` = 1  AND `end_time` <= 1786977392 [ RunTime:0.000827s ]
[2026-08-17T22:36:32+08:00][sql] SHOW FULL COLUMNS FROM `user` [ RunTime:0.001700s ]
[2026-08-17T22:36:32+08:00][sql] SELECT * FROM `user` WHERE  `id` = 17 LIMIT 1 [ RunTime:0.000753s ]
[2026-08-17T22:36:32+08:00][sql] SHOW FULL COLUMNS FROM `setting` [ RunTime:0.001271s ]
[2026-08-17T22:36:32+08:00][sql] SELECT * FROM `setting` [ RunTime:0.000686s ]
[2026-08-17T22:36:32+08:00][sql] SELECT COUNT(*) AS think_count FROM `goods` WHERE  `seller_id` = 17 [ RunTime:0.000732s ]
[2026-08-17T22:36:32+08:00][sql] SELECT * FROM `goods` WHERE  `seller_id` = 17 ORDER BY `id` DESC LIMIT 0,10 [ RunTime:0.000757s ]
[2026-08-17T22:36:32+08:00][sql] CONNECT:[ UseTime:0.025101s ] mysql:host=127.0.0.1;port=3306;dbname=auction;charset=utf8mb4
[2026-08-17T22:36:32+08:00][sql] SHOW FULL COLUMNS FROM `goods` [ RunTime:0.001224s ]
[2026-08-17T22:36:32+08:00][sql] SELECT `id` FROM `goods` WHERE  `status` = 1  AND `end_time` <= 1786977392 [ RunTime:0.000634s ]
[2026-08-17T22:36:32+08:00][sql] SHOW FULL COLUMNS FROM `user` [ RunTime:0.001590s ]
[2026-08-17T22:36:32+08:00][sql] SELECT * FROM `user` WHERE  `id` = 16 LIMIT 1 [ RunTime:0.000753s ]
[2026-08-17T22:36:32+08:00][sql] SHOW FULL COLUMNS FROM `setting` [ RunTime:0.001337s ]
[2026-08-17T22:36:32+08:00][sql] SELECT * FROM `setting` [ RunTime:0.000616s ]
[2026-08-17T22:36:32+08:00][sql] SELECT COUNT(*) AS think_count FROM `goods` `g` LEFT JOIN `user` `u` ON `g`.`seller_id`=`u`.`id` WHERE  `g`.`status` = '1'  AND `g`.`start_time` <= '1786977392'  AND `g`.`end_time` > '1786977392' [ RunTime:0.000985s ]
[2026-08-17T22:36:32+08:00][sql] SELECT `g`.*,u.nickname as seller_name FROM `goods` `g` LEFT JOIN `user` `u` ON `g`.`seller_id`=`u`.`id` WHERE  `g`.`status` = '1'  AND `g`.`start_time` <= '1786977392'  AND `g`.`end_time` > '1786977392' ORDER BY `g`.`end_time` ASC,`g`.`id` DESC LIMIT 0,12 [ RunTime:0.000971s ]
[2026-08-17T22:36:32+08:00][sql] SHOW FULL COLUMNS FROM `bid_record` [ RunTime:0.001279s ]
[2026-08-17T22:36:32+08:00][sql] SELECT MAX(`price`) AS think_max FROM `bid_record` WHERE  `goods_id` = 3  AND `status` = 0 [ RunTime:0.000574s ]
[2026-08-17T22:36:32+08:00][sql] SELECT MAX(`price`) AS think_max FROM `bid_record` WHERE  `goods_id` = 1  AND `status` = 0 [ RunTime:0.000570s ]
[2026-08-17T22:36:32+08:00][sql] SHOW FULL COLUMNS FROM `category` [ RunTime:0.001124s ]
[2026-08-17T22:36:32+08:00][sql] SELECT * FROM `category` WHERE  `status` = 1 ORDER BY `sort` ASC [ RunTime:0.000738s ]
[2026-08-17T22:36:32+08:00][sql] CONNECT:[ UseTime:0.015554s ] mysql:host=127.0.0.1;port=3306;dbname=auction;charset=utf8mb4
[2026-08-17T22:36:32+08:00][sql] SHOW FULL COLUMNS FROM `goods` [ RunTime:0.001961s ]
[2026-08-17T22:36:32+08:00][sql] SELECT `id` FROM `goods` WHERE  `status` = 1  AND `end_time` <= 1786977392 [ RunTime:0.000990s ]
[2026-08-17T22:36:32+08:00][sql] SHOW FULL COLUMNS FROM `user` [ RunTime:0.001512s ]
[2026-08-17T22:36:32+08:00][sql] SELECT * FROM `user` WHERE  `id` = 16 LIMIT 1 [ RunTime:0.000714s ]
[2026-08-17T22:36:32+08:00][sql] SHOW FULL COLUMNS FROM `setting` [ RunTime:0.001358s ]
[2026-08-17T22:36:32+08:00][sql] SELECT * FROM `setting` [ RunTime:0.000678s ]
[2026-08-17T22:36:32+08:00][sql] SELECT `g`.*,u.nickname as seller_name,u.avatar as seller_avatar,c.name as category_name FROM `goods` `g` LEFT JOIN `user` `u` ON `g`.`seller_id`=`u`.`id` LEFT JOIN `category` `c` ON `g`.`category_id`=`c`.`id` WHERE  `g`.`id` = '0' LIMIT 1 [ RunTime:0.000753s ]
[2026-08-17T22:36:32+08:00][sql] CONNECT:[ UseTime:0.012132s ] mysql:host=127.0.0.1;port=3306;dbname=auction;charset=utf8mb4
[2026-08-17T22:36:32+08:00][sql] SHOW FULL COLUMNS FROM `goods` [ RunTime:0.001543s ]
[2026-08-17T22:36:32+08:00][sql] SELECT `id` FROM `goods` WHERE  `status` = 1  AND `end_time` <= 1786977392 [ RunTime:0.000713s ]
[2026-08-17T22:36:32+08:00][sql] SHOW FULL COLUMNS FROM `user` [ RunTime:0.001842s ]
[2026-08-17T22:36:32+08:00][sql] SELECT * FROM `user` WHERE  `id` = 16 LIMIT 1 [ RunTime:0.000904s ]
[2026-08-17T22:36:32+08:00][sql] SHOW FULL COLUMNS FROM `setting` [ RunTime:0.001329s ]
[2026-08-17T22:36:32+08:00][sql] SELECT * FROM `setting` [ RunTime:0.000553s ]
[2026-08-17T22:36:32+08:00][sql] SELECT * FROM `goods` WHERE  `id` = 0 LIMIT 1   FOR UPDATE [ RunTime:0.000682s ]
[2026-08-17T22:38:11+08:00][sql] CONNECT:[ UseTime:0.023811s ] mysql:host=127.0.0.1;port=3306;dbname=auction;charset=utf8mb4
[2026-08-17T22:38:11+08:00][sql] SHOW FULL COLUMNS FROM `goods` [ RunTime:0.001888s ]
[2026-08-17T22:38:11+08:00][sql] SELECT `id` FROM `goods` WHERE  `status` = 1  AND `end_time` <= 1786977490 [ RunTime:0.001118s ]
[2026-08-17T22:38:11+08:00][sql] SHOW FULL COLUMNS FROM `user` [ RunTime:0.001715s ]
[2026-08-17T22:38:11+08:00][sql] SELECT * FROM `user` WHERE  `id` = 16 LIMIT 1 [ RunTime:0.000997s ]
[2026-08-17T22:38:11+08:00][sql] SHOW FULL COLUMNS FROM `setting` [ RunTime:0.001466s ]
[2026-08-17T22:38:11+08:00][sql] SELECT * FROM `setting` [ RunTime:0.000878s ]
[2026-08-17T22:38:11+08:00][sql] SELECT COUNT(*) AS think_count FROM `goods` `g` LEFT JOIN `user` `u` ON `g`.`seller_id`=`u`.`id` WHERE  `g`.`status` = '1'  AND `g`.`start_time` <= '1786977491'  AND `g`.`end_time` > '1786977491' [ RunTime:0.001183s ]
[2026-08-17T22:38:11+08:00][sql] SELECT `g`.*,u.nickname as seller_name FROM `goods` `g` LEFT JOIN `user` `u` ON `g`.`seller_id`=`u`.`id` WHERE  `g`.`status` = '1'  AND `g`.`start_time` <= '1786977491'  AND `g`.`end_time` > '1786977491' ORDER BY `g`.`end_time` ASC,`g`.`id` DESC LIMIT 0,12 [ RunTime:0.000904s ]
[2026-08-17T22:38:11+08:00][sql] SHOW FULL COLUMNS FROM `bid_record` [ RunTime:0.001371s ]
[2026-08-17T22:38:11+08:00][sql] SELECT MAX(`price`) AS think_max FROM `bid_record` WHERE  `goods_id` = 3  AND `status` = 0 [ RunTime:0.000993s ]
[2026-08-17T22:38:11+08:00][sql] SELECT MAX(`price`) AS think_max FROM `bid_record` WHERE  `goods_id` = 1  AND `status` = 0 [ RunTime:0.000997s ]
[2026-08-17T22:38:11+08:00][sql] SHOW FULL COLUMNS FROM `category` [ RunTime:0.001492s ]
[2026-08-17T22:38:11+08:00][sql] SELECT * FROM `category` WHERE  `status` = 1 ORDER BY `sort` ASC [ RunTime:0.001053s ]
[2026-08-17T22:38:11+08:00][sql] CONNECT:[ UseTime:0.010974s ] mysql:host=127.0.0.1;port=3306;dbname=auction;charset=utf8mb4
[2026-08-17T22:38:11+08:00][sql] SHOW FULL COLUMNS FROM `goods` [ RunTime:0.001912s ]
[2026-08-17T22:38:11+08:00][sql] SELECT `id` FROM `goods` WHERE  `status` = 1  AND `end_time` <= 1786977491 [ RunTime:0.000939s ]
[2026-08-17T22:38:11+08:00][sql] SHOW FULL COLUMNS FROM `user` [ RunTime:0.001673s ]
[2026-08-17T22:38:11+08:00][sql] SELECT * FROM `user` WHERE  `id` = 16 LIMIT 1 [ RunTime:0.000982s ]
[2026-08-17T22:38:11+08:00][sql] SHOW FULL COLUMNS FROM `setting` [ RunTime:0.001462s ]
[2026-08-17T22:38:11+08:00][sql] SELECT * FROM `setting` [ RunTime:0.000882s ]
[2026-08-17T22:38:11+08:00][sql] SHOW FULL COLUMNS FROM `order` [ RunTime:0.001743s ]
[2026-08-17T22:38:11+08:00][sql] SELECT * FROM `order` WHERE  `id` = 0  AND `buyer_id` = 16 LIMIT 1   FOR UPDATE [ RunTime:0.001039s ]
[2026-08-17T22:38:11+08:00][sql] CONNECT:[ UseTime:0.022617s ] mysql:host=127.0.0.1;port=3306;dbname=auction;charset=utf8mb4
[2026-08-17T22:38:11+08:00][sql] SHOW FULL COLUMNS FROM `goods` [ RunTime:0.001635s ]
[2026-08-17T22:38:11+08:00][sql] SELECT `id` FROM `goods` WHERE  `status` = 1  AND `end_time` <= 1786977491 [ RunTime:0.001114s ]
[2026-08-17T22:38:11+08:00][sql] SHOW FULL COLUMNS FROM `user` [ RunTime:0.001685s ]
[2026-08-17T22:38:11+08:00][sql] SELECT * FROM `user` WHERE  `id` = 17 LIMIT 1 [ RunTime:0.000895s ]
[2026-08-17T22:38:11+08:00][sql] SHOW FULL COLUMNS FROM `setting` [ RunTime:0.001538s ]
[2026-08-17T22:38:11+08:00][sql] SELECT * FROM `setting` [ RunTime:0.000729s ]
[2026-08-17T22:38:11+08:00][sql] SHOW FULL COLUMNS FROM `order` [ RunTime:0.001628s ]
[2026-08-17T22:38:11+08:00][sql] SELECT * FROM `order` WHERE  `id` = 0  AND `seller_id` = 17 LIMIT 1 [ RunTime:0.001017s ]
[2026-08-17T22:38:11+08:00][sql] CONNECT:[ UseTime:0.012148s ] mysql:host=127.0.0.1;port=3306;dbname=auction;charset=utf8mb4
[2026-08-17T22:38:11+08:00][sql] SHOW FULL COLUMNS FROM `goods` [ RunTime:0.001818s ]
[2026-08-17T22:38:11+08:00][sql] SELECT `id` FROM `goods` WHERE  `status` = 1  AND `end_time` <= 1786977491 [ RunTime:0.001026s ]
[2026-08-17T22:38:11+08:00][sql] SHOW FULL COLUMNS FROM `user` [ RunTime:0.001758s ]
[2026-08-17T22:38:11+08:00][sql] SELECT * FROM `user` WHERE  `id` = 16 LIMIT 1 [ RunTime:0.001016s ]
[2026-08-17T22:38:11+08:00][sql] SHOW FULL COLUMNS FROM `setting` [ RunTime:0.001552s ]
[2026-08-17T22:38:11+08:00][sql] SELECT * FROM `setting` [ RunTime:0.000801s ]
[2026-08-17T22:38:11+08:00][sql] SHOW FULL COLUMNS FROM `order` [ RunTime:0.001910s ]
[2026-08-17T22:38:11+08:00][sql] SELECT * FROM `order` WHERE  `id` = 0  AND `buyer_id` = 16 LIMIT 1 [ RunTime:0.000856s ]
[2026-08-17T22:38:11+08:00][sql] CONNECT:[ UseTime:0.007291s ] mysql:host=127.0.0.1;port=3306;dbname=auction;charset=utf8mb4
[2026-08-17T22:38:11+08:00][sql] SHOW FULL COLUMNS FROM `goods` [ RunTime:0.001218s ]
[2026-08-17T22:38:11+08:00][sql] SELECT `id` FROM `goods` WHERE  `status` = 1  AND `end_time` <= 1786977491 [ RunTime:0.000889s ]
[2026-08-17T22:38:11+08:00][sql] SHOW FULL COLUMNS FROM `user` [ RunTime:0.001678s ]
[2026-08-17T22:38:11+08:00][sql] SELECT * FROM `user` WHERE  `id` = 16 LIMIT 1 [ RunTime:0.000973s ]
[2026-08-17T22:38:11+08:00][sql] SHOW FULL COLUMNS FROM `setting` [ RunTime:0.001466s ]
[2026-08-17T22:38:11+08:00][sql] SELECT * FROM `setting` [ RunTime:0.000997s ]
[2026-08-17T22:38:11+08:00][sql] SHOW FULL COLUMNS FROM `user_address` [ RunTime:0.003790s ]
[2026-08-17T22:38:11+08:00][sql] INSERT INTO `user_address` SET `user_id` = 16 , `name` = '测试买家' , `mobile` = '13900000001' , `province` = '北京市' , `city` = '北京市' , `district` = '朝阳区' , `address` = '测试路1号' , `is_default` = 1 , `create_time` = 1786977491 , `update_time` = 1786977491 [ RunTime:0.005422s ]
[2026-08-17T22:38:11+08:00][sql] UPDATE `user_address`  SET `is_default` = 0  WHERE  `user_id` = 16 [ RunTime:0.002141s ]
[2026-08-17T22:38:11+08:00][sql] UPDATE `user_address`  SET `is_default` = 1  WHERE  `id` = 3 [ RunTime:0.001854s ]
[2026-08-17T22:38:11+08:00][sql] CONNECT:[ UseTime:0.011163s ] mysql:host=127.0.0.1;port=3306;dbname=auction;charset=utf8mb4
[2026-08-17T22:38:11+08:00][sql] SHOW FULL COLUMNS FROM `goods` [ RunTime:0.001942s ]
[2026-08-17T22:38:11+08:00][sql] SELECT `id` FROM `goods` WHERE  `status` = 1  AND `end_time` <= 1786977491 [ RunTime:0.001016s ]
[2026-08-17T22:38:11+08:00][sql] SHOW FULL COLUMNS FROM `user` [ RunTime:0.001667s ]
[2026-08-17T22:38:11+08:00][sql] SELECT * FROM `user` WHERE  `id` = 16 LIMIT 1 [ RunTime:0.001009s ]
[2026-08-17T22:38:11+08:00][sql] SHOW FULL COLUMNS FROM `setting` [ RunTime:0.001447s ]
[2026-08-17T22:38:11+08:00][sql] SELECT * FROM `setting` [ RunTime:0.000944s ]
[2026-08-17T22:38:11+08:00][sql] SHOW FULL COLUMNS FROM `withdraw` [ RunTime:0.003958s ]
[2026-08-17T22:38:11+08:00][sql] INSERT INTO `withdraw` SET `user_id` = 16 , `amount` = '10' , `fee` = '0.1' , `account_type` = 1 , `account` = '6222000000000000' , `account_name` = '测试买家' , `status` = 0 , `create_time` = 1786977491 , `update_time` = 1786977491 [ RunTime:0.001856s ]
[2026-08-17T22:38:25+08:00][sql] CONNECT:[ UseTime:0.011794s ] mysql:host=127.0.0.1;port=3306;dbname=auction;charset=utf8mb4
[2026-08-17T22:38:25+08:00][sql] SHOW FULL COLUMNS FROM `goods` [ RunTime:0.001930s ]
[2026-08-17T22:38:25+08:00][sql] SELECT `id` FROM `goods` WHERE  `status` = 1  AND `end_time` <= 1786977505 [ RunTime:0.001016s ]
[2026-08-17T22:38:25+08:00][sql] SHOW FULL COLUMNS FROM `setting` [ RunTime:0.001472s ]
[2026-08-17T22:38:25+08:00][sql] SELECT * FROM `setting` [ RunTime:0.000892s ]
[2026-08-17T22:38:25+08:00][sql] SHOW FULL COLUMNS FROM `user` [ RunTime:0.001705s ]
[2026-08-17T22:38:25+08:00][sql] SELECT * FROM `user` WHERE  `mobile` = '13900000001' LIMIT 1 [ RunTime:0.001003s ]
[2026-08-17T22:38:25+08:00][sql] SELECT * FROM `user` WHERE  `invite_code` = '1AF12552' LIMIT 1 [ RunTime:0.000896s ]
[2026-08-17T22:38:25+08:00][sql] INSERT INTO `user` SET `mobile` = '13900000001' , `password` = '14e1b600b1fd579f47433b88e8d85291' , `nickname` = '测试买家甲' , `invite_code` = '1AF12552' , `pid` = 0 , `status` = 1 , `reg_ip` = '127.0.0.1' , `reg_time` = 1786977505 , `create_time` = 1786977505 , `update_time` = 1786977505 [ RunTime:0.001342s ]
[2026-08-17T22:38:25+08:00][sql] SELECT * FROM `user` WHERE  `id` = 18 LIMIT 1 [ RunTime:0.000703s ]
[2026-08-17T22:38:25+08:00][sql] CONNECT:[ UseTime:0.019132s ] mysql:host=127.0.0.1;port=3306;dbname=auction;charset=utf8mb4
[2026-08-17T22:38:25+08:00][sql] SHOW FULL COLUMNS FROM `goods` [ RunTime:0.002421s ]
[2026-08-17T22:38:25+08:00][sql] SELECT `id` FROM `goods` WHERE  `status` = 1  AND `end_time` <= 1786977505 [ RunTime:0.001135s ]
[2026-08-17T22:38:25+08:00][sql] SHOW FULL COLUMNS FROM `user` [ RunTime:0.001892s ]
[2026-08-17T22:38:25+08:00][sql] SELECT * FROM `user` WHERE  `id` = 18 LIMIT 1 [ RunTime:0.000913s ]
[2026-08-17T22:38:25+08:00][sql] SHOW FULL COLUMNS FROM `setting` [ RunTime:0.001585s ]
[2026-08-17T22:38:25+08:00][sql] SELECT * FROM `setting` [ RunTime:0.000952s ]
[2026-08-17T22:38:25+08:00][sql] SELECT * FROM `user` WHERE  `id` = 18 LIMIT 1   FOR UPDATE [ RunTime:0.001089s ]
[2026-08-17T22:38:25+08:00][sql] UPDATE `user`  SET `balance` = '200' , `update_time` = 1786977505  WHERE  `id` = 18 [ RunTime:0.001756s ]
[2026-08-17T22:38:25+08:00][sql] SHOW FULL COLUMNS FROM `balance_log` [ RunTime:0.002059s ]
[2026-08-17T22:38:25+08:00][sql] INSERT INTO `balance_log` SET `user_id` = 18 , `type` = 'recharge' , `amount` = '200' , `balance` = '200' , `remark` = '余额充值（模拟支付）' , `create_time` = 1786977505 [ RunTime:0.001863s ]
[2026-08-17T22:38:25+08:00][sql] CONNECT:[ UseTime:0.013517s ] mysql:host=127.0.0.1;port=3306;dbname=auction;charset=utf8mb4
[2026-08-17T22:38:25+08:00][sql] SHOW FULL COLUMNS FROM `goods` [ RunTime:0.001880s ]
[2026-08-17T22:38:25+08:00][sql] SELECT `id` FROM `goods` WHERE  `status` = 1  AND `end_time` <= 1786977505 [ RunTime:0.000617s ]
[2026-08-17T22:38:25+08:00][sql] SHOW FULL COLUMNS FROM `setting` [ RunTime:0.001103s ]
[2026-08-17T22:38:25+08:00][sql] SELECT * FROM `setting` [ RunTime:0.000644s ]
[2026-08-17T22:38:25+08:00][sql] SHOW FULL COLUMNS FROM `user` [ RunTime:0.001786s ]
[2026-08-17T22:38:25+08:00][sql] SELECT * FROM `user` WHERE  `mobile` = '13900000002' LIMIT 1 [ RunTime:0.000683s ]
[2026-08-17T22:38:25+08:00][sql] SELECT * FROM `user` WHERE  `invite_code` = 'EBA9DD4C' LIMIT 1 [ RunTime:0.000819s ]
[2026-08-17T22:38:25+08:00][sql] INSERT INTO `user` SET `mobile` = '13900000002' , `password` = '14e1b600b1fd579f47433b88e8d85291' , `nickname` = '测试卖家乙' , `invite_code` = 'EBA9DD4C' , `pid` = 0 , `status` = 1 , `reg_ip` = '127.0.0.1' , `reg_time` = 1786977505 , `create_time` = 1786977505 , `update_time` = 1786977505 [ RunTime:0.001932s ]
[2026-08-17T22:38:25+08:00][sql] SELECT * FROM `user` WHERE  `id` = 19 LIMIT 1 [ RunTime:0.000645s ]
[2026-08-17T22:38:25+08:00][sql] CONNECT:[ UseTime:0.001724s ] mysql:host=127.0.0.1;port=3306;dbname=auction;charset=utf8mb4
[2026-08-17T22:38:25+08:00][sql] SHOW FULL COLUMNS FROM `goods` [ RunTime:0.001388s ]
[2026-08-17T22:38:25+08:00][sql] SELECT `id` FROM `goods` WHERE  `status` = 1  AND `end_time` <= 1786977505 [ RunTime:0.000579s ]
[2026-08-17T22:38:25+08:00][sql] SHOW FULL COLUMNS FROM `user` [ RunTime:0.001138s ]
[2026-08-17T22:38:25+08:00][sql] SELECT * FROM `user` WHERE  `id` = 19 LIMIT 1 [ RunTime:0.000491s ]
[2026-08-17T22:38:25+08:00][sql] SHOW FULL COLUMNS FROM `setting` [ RunTime:0.000641s ]
[2026-08-17T22:38:25+08:00][sql] SELECT * FROM `setting` [ RunTime:0.000244s ]
[2026-08-17T22:38:25+08:00][sql] UPDATE `user`  SET `seller_check` = 0 , `is_seller` = 0 , `update_time` = 1786977505  WHERE  `id` = 19 [ RunTime:0.001408s ]
[2026-08-17T22:38:25+08:00][sql] CONNECT:[ UseTime:0.013555s ] mysql:host=127.0.0.1;port=3306;dbname=auction;charset=utf8mb4
[2026-08-17T22:38:25+08:00][sql] SHOW FULL COLUMNS FROM `goods` [ RunTime:0.001771s ]
[2026-08-17T22:38:25+08:00][sql] SELECT `id` FROM `goods` WHERE  `status` = 1  AND `end_time` <= 1786977505 [ RunTime:0.000764s ]
[2026-08-17T22:38:25+08:00][sql] SHOW FULL COLUMNS FROM `user` [ RunTime:0.001518s ]
[2026-08-17T22:38:25+08:00][sql] SELECT * FROM `user` WHERE  `id` = 19 LIMIT 1 [ RunTime:0.000599s ]
[2026-08-17T22:38:25+08:00][sql] SHOW FULL COLUMNS FROM `setting` [ RunTime:0.000843s ]
[2026-08-17T22:38:25+08:00][sql] SELECT * FROM `setting` [ RunTime:0.000640s ]
[2026-08-17T22:38:25+08:00][sql] INSERT INTO `goods` SET `seller_id` = 19 , `category_id` = 1 , `title` = '全流程测试商品' , `cover` = '' , `images` = NULL , `content` = '测试用商品描述' , `start_price` = '100' , `raise_price` = '10' , `reserve_price` = '150' , `deposit` = '50' , `commission_rate` = '10' , `start_time` = 1786977405 , `end_time` = 1786977600 , `delay_seconds` = 0 , `status` = 0 , `create_time` = 1786977505 , `update_time` = 1786977505 [ RunTime:0.002068s ]
[2026-08-17T22:38:25+08:00][sql] CONNECT:[ UseTime:0.014986s ] mysql:host=127.0.0.1;port=3306;dbname=auction;charset=utf8mb4
[2026-08-17T22:38:25+08:00][sql] SHOW FULL COLUMNS FROM `goods` [ RunTime:0.001385s ]
[2026-08-17T22:38:25+08:00][sql] SELECT `id` FROM `goods` WHERE  `status` = 1  AND `end_time` <= 1786977505 [ RunTime:0.000571s ]
[2026-08-17T22:38:25+08:00][sql] SHOW FULL COLUMNS FROM `user` [ RunTime:0.001150s ]
[2026-08-17T22:38:25+08:00][sql] SELECT * FROM `user` WHERE  `id` = 19 LIMIT 1 [ RunTime:0.000532s ]
[2026-08-17T22:38:25+08:00][sql] SHOW FULL COLUMNS FROM `setting` [ RunTime:0.000948s ]
[2026-08-17T22:38:25+08:00][sql] SELECT * FROM `setting` [ RunTime:0.000462s ]
[2026-08-17T22:38:25+08:00][sql] SELECT * FROM `goods` WHERE  `id` = 7  AND `seller_id` = 19 LIMIT 1 [ RunTime:0.000548s ]
[2026-08-17T22:38:25+08:00][sql] UPDATE `goods`  SET `status` = 1 , `update_time` = 1786977505  WHERE  `id` = 7 [ RunTime:0.001439s ]
[2026-08-17T22:38:26+08:00][sql] CONNECT:[ UseTime:0.010300s ] mysql:host=127.0.0.1;port=3306;dbname=auction;charset=utf8mb4
[2026-08-17T22:38:26+08:00][sql] SHOW FULL COLUMNS FROM `goods` [ RunTime:0.001519s ]
[2026-08-17T22:38:26+08:00][sql] SELECT `id` FROM `goods` WHERE  `status` = 1  AND `end_time` <= 1786977506 [ RunTime:0.000800s ]
[2026-08-17T22:38:26+08:00][sql] SHOW FULL COLUMNS FROM `user` [ RunTime:0.001254s ]
[2026-08-17T22:38:26+08:00][sql] SELECT * FROM `user` WHERE  `id` = 18 LIMIT 1 [ RunTime:0.000554s ]
[2026-08-17T22:38:26+08:00][sql] SHOW FULL COLUMNS FROM `setting` [ RunTime:0.000958s ]
[2026-08-17T22:38:26+08:00][sql] SELECT * FROM `setting` [ RunTime:0.000479s ]
[2026-08-17T22:38:26+08:00][sql] SHOW FULL COLUMNS FROM `bid_record` [ RunTime:0.001086s ]
[2026-08-17T22:38:26+08:00][sql] SELECT COUNT(*) AS think_count FROM `bid_record` WHERE  `user_id` = 18 [ RunTime:0.000645s ]
[2026-08-17T22:38:26+08:00][sql] SHOW FULL COLUMNS FROM `order` [ RunTime:0.001277s ]
[2026-08-17T22:38:26+08:00][sql] SELECT COUNT(*) AS think_count FROM `order` WHERE  `buyer_id` = 18  AND `pay_status` = 1 [ RunTime:0.000658s ]
[2026-08-17T22:38:26+08:00][sql] SELECT COUNT(*) AS think_count FROM `goods` WHERE  `seller_id` = 18  AND `status` = 2 [ RunTime:0.000652s ]
[2026-08-17T22:38:26+08:00][sql] SELECT COUNT(*) AS think_count FROM `goods` WHERE  `seller_id` = 18 [ RunTime:0.000609s ]
[2026-08-17T22:38:26+08:00][sql] SELECT COUNT(*) AS think_count FROM `order` WHERE  `buyer_id` = 18  AND `pay_status` = 0  AND `order_status` = 0 [ RunTime:0.000492s ]
[2026-08-17T22:38:26+08:00][sql] SELECT COUNT(*) AS think_count FROM `order` WHERE  `seller_id` = 18  AND `order_status` = 1 [ RunTime:0.000580s ]
[2026-08-17T22:38:26+08:00][sql] SHOW FULL COLUMNS FROM `balance_log` [ RunTime:0.001369s ]
[2026-08-17T22:38:26+08:00][sql] SELECT * FROM `balance_log` WHERE  `user_id` = 18 ORDER BY `id` DESC LIMIT 8 [ RunTime:0.000552s ]
[2026-08-17T22:38:26+08:00][sql] SELECT `b`.*,`g`.`title`,`g`.`cover`,g.status as goods_status,`g`.`end_time` FROM `bid_record` `b` LEFT JOIN `goods` `g` ON `b`.`goods_id`=`g`.`id` WHERE  `b`.`user_id` = '18' ORDER BY `b`.`id` DESC LIMIT 5 [ RunTime:0.000439s ]
[2026-08-17T22:38:26+08:00][sql] CONNECT:[ UseTime:0.014070s ] mysql:host=127.0.0.1;port=3306;dbname=auction;charset=utf8mb4
[2026-08-17T22:38:26+08:00][sql] SHOW FULL COLUMNS FROM `goods` [ RunTime:0.001035s ]
[2026-08-17T22:38:26+08:00][sql] SELECT `id` FROM `goods` WHERE  `status` = 1  AND `end_time` <= 1786977506 [ RunTime:0.000538s ]
[2026-08-17T22:38:26+08:00][sql] SHOW FULL COLUMNS FROM `user` [ RunTime:0.001532s ]
[2026-08-17T22:38:26+08:00][sql] SELECT * FROM `user` WHERE  `id` = 18 LIMIT 1 [ RunTime:0.000704s ]
[2026-08-17T22:38:26+08:00][sql] SHOW FULL COLUMNS FROM `setting` [ RunTime:0.001250s ]
[2026-08-17T22:38:26+08:00][sql] SELECT * FROM `setting` [ RunTime:0.000550s ]
[2026-08-17T22:38:26+08:00][sql] SHOW FULL COLUMNS FROM `bid_record` [ RunTime:0.001286s ]
[2026-08-17T22:38:26+08:00][sql] SELECT COUNT(*) AS think_count FROM `bid_record` `b` LEFT JOIN `goods` `g` ON `b`.`goods_id`=`g`.`id` WHERE  `b`.`user_id` = '18' [ RunTime:0.000677s ]
[2026-08-17T22:38:26+08:00][sql] SELECT `b`.*,`g`.`title`,`g`.`cover`,g.status as goods_status,`g`.`end_time`,`g`.`final_price`,`g`.`winner_id` FROM `bid_record` `b` LEFT JOIN `goods` `g` ON `b`.`goods_id`=`g`.`id` WHERE  `b`.`user_id` = '18' ORDER BY `b`.`id` DESC LIMIT 0,15 [ RunTime:0.000682s ]
[2026-08-17T22:38:26+08:00][sql] CONNECT:[ UseTime:0.024255s ] mysql:host=127.0.0.1;port=3306;dbname=auction;charset=utf8mb4
[2026-08-17T22:38:26+08:00][sql] SHOW FULL COLUMNS FROM `goods` [ RunTime:0.001511s ]
[2026-08-17T22:38:26+08:00][sql] SELECT `id` FROM `goods` WHERE  `status` = 1  AND `end_time` <= 1786977506 [ RunTime:0.001069s ]
[2026-08-17T22:38:26+08:00][sql] SHOW FULL COLUMNS FROM `user` [ RunTime:0.001625s ]
[2026-08-17T22:38:26+08:00][sql] SELECT * FROM `user` WHERE  `id` = 19 LIMIT 1 [ RunTime:0.000953s ]
[2026-08-17T22:38:26+08:00][sql] SHOW FULL COLUMNS FROM `setting` [ RunTime:0.001418s ]
[2026-08-17T22:38:26+08:00][sql] SELECT * FROM `setting` [ RunTime:0.000846s ]
[2026-08-17T22:38:26+08:00][sql] SHOW FULL COLUMNS FROM `category` [ RunTime:0.001575s ]
[2026-08-17T22:38:26+08:00][sql] SELECT * FROM `category` WHERE  `status` = 1 ORDER BY `sort` ASC [ RunTime:0.001102s ]
[2026-08-17T22:38:26+08:00][sql] CONNECT:[ UseTime:0.013260s ] mysql:host=127.0.0.1;port=3306;dbname=auction;charset=utf8mb4
[2026-08-17T22:38:26+08:00][sql] SHOW FULL COLUMNS FROM `goods` [ RunTime:0.001879s ]
[2026-08-17T22:38:26+08:00][sql] SELECT `id` FROM `goods` WHERE  `status` = 1  AND `end_time` <= 1786977506 [ RunTime:0.001078s ]
[2026-08-17T22:38:26+08:00][sql] SHOW FULL COLUMNS FROM `user` [ RunTime:0.001672s ]
[2026-08-17T22:38:26+08:00][sql] SELECT * FROM `user` WHERE  `id` = 19 LIMIT 1 [ RunTime:0.001033s ]
[2026-08-17T22:38:26+08:00][sql] SHOW FULL COLUMNS FROM `setting` [ RunTime:0.001475s ]
[2026-08-17T22:38:26+08:00][sql] SELECT * FROM `setting` [ RunTime:0.000889s ]
[2026-08-17T22:38:26+08:00][sql] SELECT COUNT(*) AS think_count FROM `goods` WHERE  `seller_id` = 19 [ RunTime:0.001093s ]
[2026-08-17T22:38:26+08:00][sql] SELECT * FROM `goods` WHERE  `seller_id` = 19 ORDER BY `id` DESC LIMIT 0,10 [ RunTime:0.000898s ]
[2026-08-17T22:38:26+08:00][sql] SHOW FULL COLUMNS FROM `bid_record` [ RunTime:0.001032s ]
[2026-08-17T22:38:26+08:00][sql] SELECT MAX(`price`) AS think_max FROM `bid_record` WHERE  `goods_id` = 7  AND `status` = 0 [ RunTime:0.000604s ]
[2026-08-17T22:38:26+08:00][sql] CONNECT:[ UseTime:0.012390s ] mysql:host=127.0.0.1;port=3306;dbname=auction;charset=utf8mb4
[2026-08-17T22:38:26+08:00][sql] SHOW FULL COLUMNS FROM `goods` [ RunTime:0.001297s ]
[2026-08-17T22:38:26+08:00][sql] SELECT `id` FROM `goods` WHERE  `status` = 1  AND `end_time` <= 1786977506 [ RunTime:0.001044s ]
[2026-08-17T22:38:26+08:00][sql] SHOW FULL COLUMNS FROM `user` [ RunTime:0.001144s ]
[2026-08-17T22:38:26+08:00][sql] SELECT * FROM `user` WHERE  `id` = 18 LIMIT 1 [ RunTime:0.001025s ]
[2026-08-17T22:38:26+08:00][sql] SHOW FULL COLUMNS FROM `setting` [ RunTime:0.001465s ]
[2026-08-17T22:38:26+08:00][sql] SELECT * FROM `setting` [ RunTime:0.000776s ]
[2026-08-17T22:38:26+08:00][sql] SELECT COUNT(*) AS think_count FROM `goods` `g` LEFT JOIN `user` `u` ON `g`.`seller_id`=`u`.`id` WHERE  `g`.`status` = '1'  AND `g`.`start_time` <= '1786977506'  AND `g`.`end_time` > '1786977506' [ RunTime:0.000933s ]
[2026-08-17T22:38:26+08:00][sql] SELECT `g`.*,u.nickname as seller_name FROM `goods` `g` LEFT JOIN `user` `u` ON `g`.`seller_id`=`u`.`id` WHERE  `g`.`status` = '1'  AND `g`.`start_time` <= '1786977506'  AND `g`.`end_time` > '1786977506' ORDER BY `g`.`end_time` ASC,`g`.`id` DESC LIMIT 0,12 [ RunTime:0.000924s ]
[2026-08-17T22:38:26+08:00][sql] SHOW FULL COLUMNS FROM `bid_record` [ RunTime:0.001201s ]
[2026-08-17T22:38:26+08:00][sql] SELECT MAX(`price`) AS think_max FROM `bid_record` WHERE  `goods_id` = 7  AND `status` = 0 [ RunTime:0.001019s ]
[2026-08-17T22:38:26+08:00][sql] SELECT MAX(`price`) AS think_max FROM `bid_record` WHERE  `goods_id` = 3  AND `status` = 0 [ RunTime:0.001037s ]
[2026-08-17T22:38:26+08:00][sql] SELECT MAX(`price`) AS think_max FROM `bid_record` WHERE  `goods_id` = 1  AND `status` = 0 [ RunTime:0.001027s ]
[2026-08-17T22:38:26+08:00][sql] SHOW FULL COLUMNS FROM `category` [ RunTime:0.001419s ]
[2026-08-17T22:38:26+08:00][sql] SELECT * FROM `category` WHERE  `status` = 1 ORDER BY `sort` ASC [ RunTime:0.000659s ]
[2026-08-17T22:38:26+08:00][sql] CONNECT:[ UseTime:0.012608s ] mysql:host=127.0.0.1;port=3306;dbname=auction;charset=utf8mb4
[2026-08-17T22:38:26+08:00][sql] SHOW FULL COLUMNS FROM `goods` [ RunTime:0.001621s ]
[2026-08-17T22:38:26+08:00][sql] SELECT `id` FROM `goods` WHERE  `status` = 1  AND `end_time` <= 1786977506 [ RunTime:0.000916s ]
[2026-08-17T22:38:26+08:00][sql] SHOW FULL COLUMNS FROM `user` [ RunTime:0.001648s ]
[2026-08-17T22:38:26+08:00][sql] SELECT * FROM `user` WHERE  `id` = 18 LIMIT 1 [ RunTime:0.000833s ]
[2026-08-17T22:38:26+08:00][sql] SHOW FULL COLUMNS FROM `setting` [ RunTime:0.001414s ]
[2026-08-17T22:38:26+08:00][sql] SELECT * FROM `setting` [ RunTime:0.000666s ]
[2026-08-17T22:38:26+08:00][sql] SELECT `g`.*,u.nickname as seller_name,u.avatar as seller_avatar,c.name as category_name FROM `goods` `g` LEFT JOIN `user` `u` ON `g`.`seller_id`=`u`.`id` LEFT JOIN `category` `c` ON `g`.`category_id`=`c`.`id` WHERE  `g`.`id` = '7' LIMIT 1 [ RunTime:0.001083s ]
[2026-08-17T22:38:26+08:00][sql] UPDATE `goods`  SET `view_count` = `view_count` + 1  WHERE  `id` = 7 [ RunTime:0.004602s ]
[2026-08-17T22:38:26+08:00][sql] SHOW FULL COLUMNS FROM `bid_record` [ RunTime:0.001404s ]
[2026-08-17T22:38:26+08:00][sql] SELECT `b`.*,`u`.`nickname`,`u`.`mobile` FROM `bid_record` `b` LEFT JOIN `user` `u` ON `b`.`user_id`=`u`.`id` WHERE  `b`.`goods_id` = '7'  AND `b`.`status` = '0' ORDER BY `b`.`price` DESC,`b`.`id` ASC LIMIT 1 [ RunTime:0.000936s ]
[2026-08-17T22:38:26+08:00][sql] SELECT `b`.*,`u`.`nickname`,`u`.`mobile` FROM `bid_record` `b` LEFT JOIN `user` `u` ON `b`.`user_id`=`u`.`id` WHERE  `b`.`goods_id` = '7' ORDER BY `b`.`price` DESC,`b`.`id` ASC LIMIT 50 [ RunTime:0.000515s ]
[2026-08-17T22:38:26+08:00][sql] SELECT MAX(`price`) AS think_max FROM `bid_record` WHERE  `goods_id` = 7  AND `user_id` = 18  AND `status` = 0 [ RunTime:0.000486s ]
[2026-08-17T22:38:26+08:00][sql] SELECT MAX(`deposit`) AS think_max FROM `bid_record` WHERE  `goods_id` = 7  AND `user_id` = 18  AND `deposit` > '0' [ RunTime:0.000708s ]
[2026-08-17T22:38:26+08:00][sql] CONNECT:[ UseTime:0.016126s ] mysql:host=127.0.0.1;port=3306;dbname=auction;charset=utf8mb4
[2026-08-17T22:38:26+08:00][sql] SHOW FULL COLUMNS FROM `goods` [ RunTime:0.001918s ]
[2026-08-17T22:38:26+08:00][sql] SELECT `id` FROM `goods` WHERE  `status` = 1  AND `end_time` <= 1786977506 [ RunTime:0.001032s ]
[2026-08-17T22:38:26+08:00][sql] SHOW FULL COLUMNS FROM `user` [ RunTime:0.001571s ]
[2026-08-17T22:38:26+08:00][sql] SELECT * FROM `user` WHERE  `id` = 18 LIMIT 1 [ RunTime:0.000992s ]
[2026-08-17T22:38:26+08:00][sql] SHOW FULL COLUMNS FROM `setting` [ RunTime:0.001390s ]
[2026-08-17T22:38:26+08:00][sql] SELECT * FROM `setting` [ RunTime:0.000951s ]
[2026-08-17T22:38:26+08:00][sql] SELECT * FROM `goods` WHERE  `id` = 7 LIMIT 1   FOR UPDATE [ RunTime:0.001104s ]
[2026-08-17T22:38:26+08:00][sql] SHOW FULL COLUMNS FROM `bid_record` [ RunTime:0.001220s ]
[2026-08-17T22:38:26+08:00][sql] SELECT MAX(`price`) AS think_max FROM `bid_record` WHERE  `goods_id` = 7  AND `status` = 0 [ RunTime:0.000776s ]
[2026-08-17T22:38:26+08:00][sql] SELECT * FROM `user` WHERE  `id` = 18 LIMIT 1   FOR UPDATE [ RunTime:0.000689s ]
[2026-08-17T22:38:26+08:00][sql] SELECT MAX(`deposit`) AS think_max FROM `bid_record` WHERE  `goods_id` = 7  AND `user_id` = 18  AND `deposit` > '0' [ RunTime:0.001007s ]
[2026-08-17T22:38:26+08:00][sql] UPDATE `user`  SET `balance` = '150' , `freeze_balance` = '50' , `update_time` = 1786977506  WHERE  `id` = 18 [ RunTime:0.000721s ]
[2026-08-17T22:38:26+08:00][sql] SHOW FULL COLUMNS FROM `balance_log` [ RunTime:0.001618s ]
[2026-08-17T22:38:26+08:00][sql] INSERT INTO `balance_log` SET `user_id` = 18 , `type` = 'deposit' , `amount` = '-50' , `balance` = '150' , `remark` = '拍卖保证金（全流程测试商品）' , `create_time` = 1786977506 [ RunTime:0.000778s ]
[2026-08-17T22:38:26+08:00][sql] INSERT INTO `bid_record` SET `goods_id` = 7 , `user_id` = 18 , `price` = '150' , `deposit` = '50' , `status` = 0 , `is_winner` = 0 , `create_time` = 1786977506 [ RunTime:0.000595s ]
[2026-08-17T22:38:26+08:00][sql] UPDATE `goods`  SET `bid_count` = bid_count+1 , `update_time` = 1786977506  WHERE  `id` = 7 [ RunTime:0.000871s ]
[2026-08-17T22:40:04+08:00][sql] CONNECT:[ UseTime:0.001792s ] mysql:host=127.0.0.1;port=3306;dbname=auction;charset=utf8mb4
[2026-08-17T22:40:04+08:00][sql] SHOW FULL COLUMNS FROM `goods` [ RunTime:0.001517s ]
[2026-08-17T22:40:04+08:00][sql] SELECT `id` FROM `goods` WHERE  `status` = 1  AND `end_time` <= 1786977604 [ RunTime:0.000860s ]
[2026-08-17T22:40:04+08:00][sql] SELECT * FROM `goods` WHERE  `id` = 7 LIMIT 1   FOR UPDATE [ RunTime:0.000817s ]
[2026-08-17T22:40:04+08:00][sql] SHOW FULL COLUMNS FROM `bid_record` [ RunTime:0.001300s ]
[2026-08-17T22:40:04+08:00][sql] SELECT * FROM `bid_record` WHERE  `goods_id` = 7  AND `status` = 0 ORDER BY `price` DESC,`id` ASC [ RunTime:0.000896s ]
[2026-08-17T22:40:04+08:00][sql] UPDATE `bid_record`  SET `status` = 2  WHERE  `goods_id` = 7  AND `status` = 0 [ RunTime:0.000792s ]
[2026-08-17T22:40:04+08:00][sql] UPDATE `bid_record`  SET `status` = 1 , `is_winner` = 1  WHERE  `id` = 7 [ RunTime:0.000602s ]
[2026-08-17T22:40:04+08:00][sql] SHOW FULL COLUMNS FROM `order` [ RunTime:0.001382s ]
[2026-08-17T22:40:04+08:00][sql] INSERT INTO `order` SET `order_no` = 'AU20260817224004194225' , `goods_id` = 7 , `goods_title` = '全流程测试商品' , `goods_cover` = '' , `seller_id` = 19 , `buyer_id` = 18 , `price` = '150.00' , `commission_rate` = '10' , `commission` = '15' , `seller_income` = '135' , `deposit` = '50.00' , `pay_status` = 0 , `order_status` = 0 , `create_time` = 1786977604 , `update_time` = 1786977604 [ RunTime:0.000744s ]
[2026-08-17T22:40:04+08:00][sql] UPDATE `goods`  SET `status` = 2 , `final_price` = '150.00' , `winner_id` = 18 , `order_id` = 2 , `update_time` = 1786977604  WHERE  `id` = 7 [ RunTime:0.000661s ]
[2026-08-17T22:40:04+08:00][sql] SHOW FULL COLUMNS FROM `user` [ RunTime:0.001551s ]
[2026-08-17T22:40:04+08:00][sql] SELECT * FROM `user` WHERE  `id` = 18 LIMIT 1 [ RunTime:0.000779s ]
[2026-08-17T22:40:04+08:00][sql] SHOW FULL COLUMNS FROM `setting` [ RunTime:0.001157s ]
[2026-08-17T22:40:04+08:00][sql] SELECT * FROM `setting` [ RunTime:0.000585s ]
[2026-08-17T22:40:04+08:00][sql] SELECT COUNT(*) AS think_count FROM `goods` `g` LEFT JOIN `user` `u` ON `g`.`seller_id`=`u`.`id` WHERE  `g`.`status` = '1'  AND `g`.`start_time` <= '1786977604'  AND `g`.`end_time` > '1786977604' [ RunTime:0.001097s ]
[2026-08-17T22:40:04+08:00][sql] SELECT `g`.*,u.nickname as seller_name FROM `goods` `g` LEFT JOIN `user` `u` ON `g`.`seller_id`=`u`.`id` WHERE  `g`.`status` = '1'  AND `g`.`start_time` <= '1786977604'  AND `g`.`end_time` > '1786977604' ORDER BY `g`.`end_time` ASC,`g`.`id` DESC LIMIT 0,12 [ RunTime:0.001020s ]
[2026-08-17T22:40:04+08:00][sql] SELECT MAX(`price`) AS think_max FROM `bid_record` WHERE  `goods_id` = 3  AND `status` = 0 [ RunTime:0.000687s ]
[2026-08-17T22:40:04+08:00][sql] SELECT MAX(`price`) AS think_max FROM `bid_record` WHERE  `goods_id` = 1  AND `status` = 0 [ RunTime:0.000612s ]
[2026-08-17T22:40:04+08:00][sql] SHOW FULL COLUMNS FROM `category` [ RunTime:0.001131s ]
[2026-08-17T22:40:04+08:00][sql] SELECT * FROM `category` WHERE  `status` = 1 ORDER BY `sort` ASC [ RunTime:0.000666s ]
[2026-08-17T22:40:04+08:00][sql] CONNECT:[ UseTime:0.011402s ] mysql:host=127.0.0.1;port=3306;dbname=auction;charset=utf8mb4
[2026-08-17T22:40:04+08:00][sql] SHOW FULL COLUMNS FROM `goods` [ RunTime:0.001687s ]
[2026-08-17T22:40:04+08:00][sql] SELECT `id` FROM `goods` WHERE  `status` = 1  AND `end_time` <= 1786977604 [ RunTime:0.000801s ]
[2026-08-17T22:40:04+08:00][sql] SHOW FULL COLUMNS FROM `user` [ RunTime:0.001393s ]
[2026-08-17T22:40:04+08:00][sql] SELECT * FROM `user` WHERE  `id` = 18 LIMIT 1 [ RunTime:0.000728s ]
[2026-08-17T22:40:04+08:00][sql] SHOW FULL COLUMNS FROM `setting` [ RunTime:0.001144s ]
[2026-08-17T22:40:04+08:00][sql] SELECT * FROM `setting` [ RunTime:0.000621s ]
[2026-08-17T22:40:04+08:00][sql] SHOW FULL COLUMNS FROM `order` [ RunTime:0.001488s ]
[2026-08-17T22:40:04+08:00][sql] SELECT * FROM `order` WHERE  `id` = 2  AND `buyer_id` = 18 LIMIT 1   FOR UPDATE [ RunTime:0.000822s ]
[2026-08-17T22:40:04+08:00][sql] SELECT * FROM `user` WHERE  `id` = 18 LIMIT 1   FOR UPDATE [ RunTime:0.001041s ]
[2026-08-17T22:40:04+08:00][sql] UPDATE `user`  SET `balance` = '50' , `freeze_balance` = '0' , `update_time` = 1786977604  WHERE  `id` = 18 [ RunTime:0.000987s ]
[2026-08-17T22:40:04+08:00][sql] SHOW FULL COLUMNS FROM `balance_log` [ RunTime:0.001561s ]
[2026-08-17T22:40:04+08:00][sql] INSERT INTO `balance_log` SET `user_id` = 18 , `type` = 'pay' , `amount` = '-100' , `balance` = '50' , `remark` = '拍卖订单支付：AU20260817224004194225' , `create_time` = 1786977604 [ RunTime:0.000763s ]
[2026-08-17T22:40:04+08:00][sql] UPDATE `order`  SET `pay_status` = 1 , `pay_time` = 1786977604 , `order_status` = 1 , `ship_name` = '测试买家' , `ship_mobile` = '13900000001' , `ship_address` = '北京市朝阳区测试路1号' , `update_time` = 1786977604  WHERE  `id` = 2 [ RunTime:0.000847s ]
[2026-08-17T22:40:04+08:00][sql] UPDATE `user`  SET `total_buy` = total_buy+1  WHERE  `id` = 18 [ RunTime:0.000723s ]
[2026-08-17T22:40:04+08:00][sql] SELECT * FROM `user` WHERE  `id` = 19 LIMIT 1   FOR UPDATE [ RunTime:0.000777s ]
[2026-08-17T22:40:04+08:00][sql] UPDATE `user`  SET `balance` = '135' , `total_sell` = total_sell+1 , `update_time` = 1786977604  WHERE  `id` = 19 [ RunTime:0.000736s ]
[2026-08-17T22:40:04+08:00][sql] INSERT INTO `balance_log` SET `user_id` = 19 , `type` = 'income' , `amount` = '135.00' , `balance` = '135' , `remark` = '拍卖成交收入：AU20260817224004194225（平台佣金 ¥15.00）' , `create_time` = 1786977604 [ RunTime:0.000669s ]
[2026-08-17T22:40:04+08:00][sql] CONNECT:[ UseTime:0.005865s ] mysql:host=127.0.0.1;port=3306;dbname=auction;charset=utf8mb4
[2026-08-17T22:40:04+08:00][sql] SHOW FULL COLUMNS FROM `goods` [ RunTime:0.001830s ]
[2026-08-17T22:40:04+08:00][sql] SELECT `id` FROM `goods` WHERE  `status` = 1  AND `end_time` <= 1786977604 [ RunTime:0.000836s ]
[2026-08-17T22:40:04+08:00][sql] SHOW FULL COLUMNS FROM `user` [ RunTime:0.001313s ]
[2026-08-17T22:40:04+08:00][sql] SELECT * FROM `user` WHERE  `id` = 19 LIMIT 1 [ RunTime:0.000713s ]
[2026-08-17T22:40:04+08:00][sql] SHOW FULL COLUMNS FROM `setting` [ RunTime:0.001332s ]
[2026-08-17T22:40:04+08:00][sql] SELECT * FROM `setting` [ RunTime:0.000615s ]
[2026-08-17T22:40:04+08:00][sql] SHOW FULL COLUMNS FROM `order` [ RunTime:0.001750s ]
[2026-08-17T22:40:04+08:00][sql] SELECT * FROM `order` WHERE  `id` = 2  AND `seller_id` = 19 LIMIT 1 [ RunTime:0.000937s ]
[2026-08-17T22:40:04+08:00][sql] UPDATE `order`  SET `ship_company` = '顺丰速运' , `ship_no` = 'SF1234567890' , `ship_time` = 1786977604 , `order_status` = 2 , `update_time` = 1786977604  WHERE  `id` = 2 [ RunTime:0.001944s ]
[2026-08-17T22:40:05+08:00][sql] CONNECT:[ UseTime:0.020264s ] mysql:host=127.0.0.1;port=3306;dbname=auction;charset=utf8mb4
[2026-08-17T22:40:05+08:00][sql] SHOW FULL COLUMNS FROM `goods` [ RunTime:0.001610s ]
[2026-08-17T22:40:05+08:00][sql] SELECT `id` FROM `goods` WHERE  `status` = 1  AND `end_time` <= 1786977604 [ RunTime:0.000824s ]
[2026-08-17T22:40:05+08:00][sql] SHOW FULL COLUMNS FROM `user` [ RunTime:0.001271s ]
[2026-08-17T22:40:05+08:00][sql] SELECT * FROM `user` WHERE  `id` = 18 LIMIT 1 [ RunTime:0.000686s ]
[2026-08-17T22:40:05+08:00][sql] SHOW FULL COLUMNS FROM `setting` [ RunTime:0.001092s ]
[2026-08-17T22:40:05+08:00][sql] SELECT * FROM `setting` [ RunTime:0.000619s ]
[2026-08-17T22:40:05+08:00][sql] SHOW FULL COLUMNS FROM `order` [ RunTime:0.001486s ]
[2026-08-17T22:40:05+08:00][sql] SELECT * FROM `order` WHERE  `id` = 2  AND `buyer_id` = 18 LIMIT 1 [ RunTime:0.000791s ]
[2026-08-17T22:40:05+08:00][sql] UPDATE `order`  SET `order_status` = 3 , `finish_time` = 1786977605 , `update_time` = 1786977605  WHERE  `id` = 2 [ RunTime:0.001825s ]
[2026-08-17T22:40:05+08:00][sql] CONNECT:[ UseTime:0.008697s ] mysql:host=127.0.0.1;port=3306;dbname=auction;charset=utf8mb4
[2026-08-17T22:40:05+08:00][sql] SHOW FULL COLUMNS FROM `goods` [ RunTime:0.002023s ]
[2026-08-17T22:40:05+08:00][sql] SELECT `id` FROM `goods` WHERE  `status` = 1  AND `end_time` <= 1786977605 [ RunTime:0.000755s ]
[2026-08-17T22:40:05+08:00][sql] SHOW FULL COLUMNS FROM `user` [ RunTime:0.001208s ]
[2026-08-17T22:40:05+08:00][sql] SELECT * FROM `user` WHERE  `id` = 18 LIMIT 1 [ RunTime:0.000687s ]
[2026-08-17T22:40:05+08:00][sql] SHOW FULL COLUMNS FROM `setting` [ RunTime:0.001098s ]
[2026-08-17T22:40:05+08:00][sql] SELECT * FROM `setting` [ RunTime:0.000554s ]
[2026-08-17T22:40:05+08:00][sql] SHOW FULL COLUMNS FROM `user_address` [ RunTime:0.002885s ]
[2026-08-17T22:40:05+08:00][sql] INSERT INTO `user_address` SET `user_id` = 18 , `name` = '测试买家' , `mobile` = '13900000001' , `province` = '北京市' , `city` = '北京市' , `district` = '朝阳区' , `address` = '测试路1号' , `is_default` = 1 , `create_time` = 1786977605 , `update_time` = 1786977605 [ RunTime:0.001652s ]
[2026-08-17T22:40:05+08:00][sql] UPDATE `user_address`  SET `is_default` = 0  WHERE  `user_id` = 18 [ RunTime:0.002228s ]
[2026-08-17T22:40:05+08:00][sql] UPDATE `user_address`  SET `is_default` = 1  WHERE  `id` = 4 [ RunTime:0.001389s ]
[2026-08-17T22:40:05+08:00][sql] CONNECT:[ UseTime:0.012998s ] mysql:host=127.0.0.1;port=3306;dbname=auction;charset=utf8mb4
[2026-08-17T22:40:05+08:00][sql] SHOW FULL COLUMNS FROM `goods` [ RunTime:0.001616s ]
[2026-08-17T22:40:05+08:00][sql] SELECT `id` FROM `goods` WHERE  `status` = 1  AND `end_time` <= 1786977605 [ RunTime:0.000850s ]
[2026-08-17T22:40:05+08:00][sql] SHOW FULL COLUMNS FROM `user` [ RunTime:0.001395s ]
[2026-08-17T22:40:05+08:00][sql] SELECT * FROM `user` WHERE  `id` = 18 LIMIT 1 [ RunTime:0.000789s ]
[2026-08-17T22:40:05+08:00][sql] SHOW FULL COLUMNS FROM `setting` [ RunTime:0.001220s ]
[2026-08-17T22:40:05+08:00][sql] SELECT * FROM `setting` [ RunTime:0.000700s ]
[2026-08-17T22:40:05+08:00][sql] SHOW FULL COLUMNS FROM `withdraw` [ RunTime:0.002927s ]
[2026-08-17T22:40:05+08:00][sql] INSERT INTO `withdraw` SET `user_id` = 18 , `amount` = '10' , `fee` = '0.1' , `account_type` = 1 , `account` = '6222000000000000' , `account_name` = '测试买家' , `status` = 0 , `create_time` = 1786977605 , `update_time` = 1786977605 [ RunTime:0.001501s ]
[2026-08-17T22:40:44+08:00][sql] CONNECT:[ UseTime:0.001319s ] mysql:host=127.0.0.1;port=3306;dbname=auction;charset=utf8mb4
[2026-08-17T22:40:44+08:00][sql] SHOW FULL COLUMNS FROM `goods` [ RunTime:0.001805s ]
[2026-08-17T22:40:44+08:00][sql] SELECT `id` FROM `goods` WHERE  `status` = 1  AND `end_time` <= 1786977644 [ RunTime:0.000563s ]
[2026-08-17T22:40:44+08:00][sql] SHOW FULL COLUMNS FROM `setting` [ RunTime:0.000802s ]
[2026-08-17T22:40:44+08:00][sql] SELECT * FROM `setting` [ RunTime:0.000413s ]
[2026-08-17T22:40:44+08:00][sql] SELECT COUNT(*) AS think_count FROM `goods` `g` LEFT JOIN `user` `u` ON `g`.`seller_id`=`u`.`id` WHERE  `g`.`status` = '1'  AND `g`.`start_time` <= '1786977644'  AND `g`.`end_time` > '1786977644' [ RunTime:0.000648s ]
[2026-08-17T22:40:44+08:00][sql] SELECT `g`.*,u.nickname as seller_name FROM `goods` `g` LEFT JOIN `user` `u` ON `g`.`seller_id`=`u`.`id` WHERE  `g`.`status` = '1'  AND `g`.`start_time` <= '1786977644'  AND `g`.`end_time` > '1786977644' ORDER BY `g`.`end_time` ASC,`g`.`id` DESC LIMIT 0,12 [ RunTime:0.000569s ]
[2026-08-17T22:40:44+08:00][sql] SHOW FULL COLUMNS FROM `bid_record` [ RunTime:0.000701s ]
[2026-08-17T22:40:44+08:00][sql] SELECT MAX(`price`) AS think_max FROM `bid_record` WHERE  `goods_id` = 3  AND `status` = 0 [ RunTime:0.000414s ]
[2026-08-17T22:40:44+08:00][sql] SELECT MAX(`price`) AS think_max FROM `bid_record` WHERE  `goods_id` = 1  AND `status` = 0 [ RunTime:0.000402s ]
[2026-08-17T22:40:44+08:00][sql] SHOW FULL COLUMNS FROM `category` [ RunTime:0.000714s ]
[2026-08-17T22:40:44+08:00][sql] SELECT * FROM `category` WHERE  `status` = 1 ORDER BY `sort` ASC [ RunTime:0.000387s ]
[2026-08-17T22:41:48+08:00][sql] CONNECT:[ UseTime:0.023075s ] mysql:host=127.0.0.1;port=3306;dbname=auction;charset=utf8mb4
[2026-08-17T22:41:48+08:00][sql] SHOW FULL COLUMNS FROM `goods` [ RunTime:0.002578s ]
[2026-08-17T22:41:48+08:00][sql] SELECT `id` FROM `goods` WHERE  `status` = 1  AND `end_time` <= 1786977707 [ RunTime:0.001213s ]
[2026-08-17T22:41:48+08:00][sql] SHOW FULL COLUMNS FROM `setting` [ RunTime:0.001621s ]
[2026-08-17T22:41:48+08:00][sql] SELECT * FROM `setting` [ RunTime:0.001087s ]
[2026-08-17T22:41:59+08:00][sql] CONNECT:[ UseTime:0.020446s ] mysql:host=127.0.0.1;port=3306;dbname=auction;charset=utf8mb4
[2026-08-17T22:41:59+08:00][sql] SHOW FULL COLUMNS FROM `goods` [ RunTime:0.002222s ]
[2026-08-17T22:41:59+08:00][sql] SELECT `id` FROM `goods` WHERE  `status` = 1  AND `end_time` <= 1786977719 [ RunTime:0.001136s ]
[2026-08-17T22:41:59+08:00][sql] SHOW FULL COLUMNS FROM `setting` [ RunTime:0.001580s ]
[2026-08-17T22:41:59+08:00][sql] SELECT * FROM `setting` [ RunTime:0.000972s ]
[2026-08-17T22:41:59+08:00][sql] SHOW FULL COLUMNS FROM `user` [ RunTime:0.001928s ]
[2026-08-17T22:41:59+08:00][sql] SELECT * FROM `user` WHERE  `mobile` = '18888888888' LIMIT 1 [ RunTime:0.001336s ]
[2026-08-17T22:41:59+08:00][sql] SELECT * FROM `user` WHERE  `invite_code` = '436B1D9E' LIMIT 1 [ RunTime:0.001004s ]
[2026-08-17T22:41:59+08:00][sql] INSERT INTO `user` SET `mobile` = '18888888888' , `password` = '63ee451939ed580ef3c4b6f0109d1fd0' , `nickname` = 'www' , `invite_code` = '436B1D9E' , `pid` = 0 , `status` = 1 , `reg_ip` = '127.0.0.1' , `reg_time` = 1786977719 , `create_time` = 1786977719 , `update_time` = 1786977719 [ RunTime:0.004793s ]
[2026-08-17T22:41:59+08:00][sql] SELECT * FROM `user` WHERE  `id` = 20 LIMIT 1 [ RunTime:0.000800s ]
[2026-08-17T22:42:01+08:00][sql] CONNECT:[ UseTime:0.016472s ] mysql:host=127.0.0.1;port=3306;dbname=auction;charset=utf8mb4
[2026-08-17T22:42:01+08:00][sql] SHOW FULL COLUMNS FROM `goods` [ RunTime:0.001829s ]
[2026-08-17T22:42:01+08:00][sql] SELECT `id` FROM `goods` WHERE  `status` = 1  AND `end_time` <= 1786977721 [ RunTime:0.000982s ]
[2026-08-17T22:42:01+08:00][sql] SHOW FULL COLUMNS FROM `user` [ RunTime:0.001548s ]
[2026-08-17T22:42:01+08:00][sql] SELECT * FROM `user` WHERE  `id` = 20 LIMIT 1 [ RunTime:0.000776s ]
[2026-08-17T22:42:01+08:00][sql] SHOW FULL COLUMNS FROM `setting` [ RunTime:0.001010s ]
[2026-08-17T22:42:01+08:00][sql] SELECT * FROM `setting` [ RunTime:0.000676s ]
[2026-08-17T22:42:01+08:00][sql] SHOW FULL COLUMNS FROM `bid_record` [ RunTime:0.001449s ]
[2026-08-17T22:42:01+08:00][sql] SELECT COUNT(*) AS think_count FROM `bid_record` WHERE  `user_id` = 20 [ RunTime:0.000670s ]
[2026-08-17T22:42:01+08:00][sql] SHOW FULL COLUMNS FROM `order` [ RunTime:0.001388s ]
[2026-08-17T22:42:01+08:00][sql] SELECT COUNT(*) AS think_count FROM `order` WHERE  `buyer_id` = 20  AND `pay_status` = 1 [ RunTime:0.000859s ]
[2026-08-17T22:42:01+08:00][sql] SELECT COUNT(*) AS think_count FROM `goods` WHERE  `seller_id` = 20  AND `status` = 2 [ RunTime:0.000739s ]
[2026-08-17T22:42:01+08:00][sql] SELECT COUNT(*) AS think_count FROM `goods` WHERE  `seller_id` = 20 [ RunTime:0.000733s ]
[2026-08-17T22:42:01+08:00][sql] SELECT COUNT(*) AS think_count FROM `order` WHERE  `buyer_id` = 20  AND `pay_status` = 0  AND `order_status` = 0 [ RunTime:0.000508s ]
[2026-08-17T22:42:01+08:00][sql] SELECT COUNT(*) AS think_count FROM `order` WHERE  `seller_id` = 20  AND `order_status` = 1 [ RunTime:0.000504s ]
[2026-08-17T22:42:01+08:00][sql] SHOW FULL COLUMNS FROM `balance_log` [ RunTime:0.000843s ]
[2026-08-17T22:42:01+08:00][sql] SELECT * FROM `balance_log` WHERE  `user_id` = 20 ORDER BY `id` DESC LIMIT 8 [ RunTime:0.000745s ]
[2026-08-17T22:42:01+08:00][sql] SELECT `b`.*,`g`.`title`,`g`.`cover`,g.status as goods_status,`g`.`end_time` FROM `bid_record` `b` LEFT JOIN `goods` `g` ON `b`.`goods_id`=`g`.`id` WHERE  `b`.`user_id` = '20' ORDER BY `b`.`id` DESC LIMIT 5 [ RunTime:0.000779s ]
[2026-08-17T22:42:18+08:00][sql] CONNECT:[ UseTime:0.017516s ] mysql:host=127.0.0.1;port=3306;dbname=auction;charset=utf8mb4
[2026-08-17T22:42:18+08:00][sql] SHOW FULL COLUMNS FROM `goods` [ RunTime:0.002632s ]
[2026-08-17T22:42:18+08:00][sql] SELECT `id` FROM `goods` WHERE  `status` = 1  AND `end_time` <= 1786977738 [ RunTime:0.001397s ]
[2026-08-17T22:42:18+08:00][sql] SHOW FULL COLUMNS FROM `user` [ RunTime:0.002036s ]
[2026-08-17T22:42:18+08:00][sql] SELECT * FROM `user` WHERE  `id` = 20 LIMIT 1 [ RunTime:0.001136s ]
[2026-08-17T22:42:18+08:00][sql] SHOW FULL COLUMNS FROM `setting` [ RunTime:0.001580s ]
[2026-08-17T22:42:18+08:00][sql] SELECT * FROM `setting` [ RunTime:0.000869s ]
[2026-08-17T22:42:26+08:00][sql] CONNECT:[ UseTime:0.012714s ] mysql:host=127.0.0.1;port=3306;dbname=auction;charset=utf8mb4
[2026-08-17T22:42:26+08:00][sql] SHOW FULL COLUMNS FROM `goods` [ RunTime:0.001572s ]
[2026-08-17T22:42:26+08:00][sql] SELECT `id` FROM `goods` WHERE  `status` = 1  AND `end_time` <= 1786977746 [ RunTime:0.000833s ]
[2026-08-17T22:42:26+08:00][sql] SHOW FULL COLUMNS FROM `user` [ RunTime:0.001423s ]
[2026-08-17T22:42:26+08:00][sql] SELECT * FROM `user` WHERE  `id` = 20 LIMIT 1 [ RunTime:0.000821s ]
[2026-08-17T22:42:26+08:00][sql] SHOW FULL COLUMNS FROM `setting` [ RunTime:0.001242s ]
[2026-08-17T22:42:26+08:00][sql] SELECT * FROM `setting` [ RunTime:0.000700s ]
[2026-08-17T22:42:27+08:00][sql] CONNECT:[ UseTime:0.001976s ] mysql:host=127.0.0.1;port=3306;dbname=auction;charset=utf8mb4
[2026-08-17T22:42:27+08:00][sql] SHOW FULL COLUMNS FROM `goods` [ RunTime:0.001765s ]
[2026-08-17T22:42:27+08:00][sql] SELECT `id` FROM `goods` WHERE  `status` = 1  AND `end_time` <= 1786977747 [ RunTime:0.000790s ]
[2026-08-17T22:42:27+08:00][sql] SHOW FULL COLUMNS FROM `user` [ RunTime:0.001535s ]
[2026-08-17T22:42:27+08:00][sql] SELECT * FROM `user` WHERE  `id` = 20 LIMIT 1 [ RunTime:0.000860s ]
[2026-08-17T22:42:27+08:00][sql] SHOW FULL COLUMNS FROM `setting` [ RunTime:0.001200s ]
[2026-08-17T22:42:27+08:00][sql] SELECT * FROM `setting` [ RunTime:0.000649s ]
[2026-08-17T22:42:28+08:00][sql] CONNECT:[ UseTime:0.001765s ] mysql:host=127.0.0.1;port=3306;dbname=auction;charset=utf8mb4
[2026-08-17T22:42:28+08:00][sql] SHOW FULL COLUMNS FROM `goods` [ RunTime:0.001541s ]
[2026-08-17T22:42:28+08:00][sql] SELECT `id` FROM `goods` WHERE  `status` = 1  AND `end_time` <= 1786977748 [ RunTime:0.000843s ]
[2026-08-17T22:42:28+08:00][sql] SHOW FULL COLUMNS FROM `user` [ RunTime:0.001473s ]
[2026-08-17T22:42:28+08:00][sql] SELECT * FROM `user` WHERE  `id` = 20 LIMIT 1 [ RunTime:0.000683s ]
[2026-08-17T22:42:28+08:00][sql] SHOW FULL COLUMNS FROM `setting` [ RunTime:0.001108s ]
[2026-08-17T22:42:28+08:00][sql] SELECT * FROM `setting` [ RunTime:0.000623s ]
[2026-08-17T22:43:07+08:00][sql] CONNECT:[ UseTime:0.019902s ] mysql:host=127.0.0.1;port=3306;dbname=auction;charset=utf8mb4
[2026-08-17T22:43:07+08:00][sql] SHOW FULL COLUMNS FROM `goods` [ RunTime:0.002437s ]
[2026-08-17T22:43:07+08:00][sql] SELECT `id` FROM `goods` WHERE  `status` = 1  AND `end_time` <= 1786977786 [ RunTime:0.001267s ]
[2026-08-17T22:43:07+08:00][sql] SHOW FULL COLUMNS FROM `user` [ RunTime:0.002138s ]
[2026-08-17T22:43:07+08:00][sql] SELECT * FROM `user` WHERE  `id` = 20 LIMIT 1 [ RunTime:0.001363s ]
[2026-08-17T22:43:07+08:00][sql] SHOW FULL COLUMNS FROM `setting` [ RunTime:0.001736s ]
[2026-08-17T22:43:07+08:00][sql] SELECT * FROM `setting` [ RunTime:0.000968s ]
[2026-08-17T22:43:09+08:00][sql] CONNECT:[ UseTime:0.019760s ] mysql:host=127.0.0.1;port=3306;dbname=auction;charset=utf8mb4
[2026-08-17T22:43:09+08:00][sql] SHOW FULL COLUMNS FROM `goods` [ RunTime:0.001929s ]
[2026-08-17T22:43:09+08:00][sql] SELECT `id` FROM `goods` WHERE  `status` = 1  AND `end_time` <= 1786977789 [ RunTime:0.000860s ]
[2026-08-17T22:43:09+08:00][sql] SHOW FULL COLUMNS FROM `user` [ RunTime:0.001341s ]
[2026-08-17T22:43:09+08:00][sql] SELECT * FROM `user` WHERE  `id` = 20 LIMIT 1 [ RunTime:0.000950s ]
[2026-08-17T22:43:09+08:00][sql] SHOW FULL COLUMNS FROM `setting` [ RunTime:0.001293s ]
[2026-08-17T22:43:09+08:00][sql] SELECT * FROM `setting` [ RunTime:0.000721s ]
[2026-08-17T22:43:09+08:00][sql] SHOW FULL COLUMNS FROM `category` [ RunTime:0.003128s ]
[2026-08-17T22:43:09+08:00][sql] SELECT * FROM `category` WHERE  `status` = 1 ORDER BY `sort` ASC [ RunTime:0.000845s ]
[2026-08-17T22:49:30+08:00][sql] CONNECT:[ UseTime:0.002213s ] mysql:host=127.0.0.1;port=3306;dbname=auction;charset=utf8mb4
[2026-08-17T22:49:30+08:00][sql] SHOW FULL COLUMNS FROM `goods` [ RunTime:0.001779s ]
[2026-08-17T22:49:30+08:00][sql] SELECT `id` FROM `goods` WHERE  `status` = 1  AND `end_time` <= 1786978170 [ RunTime:0.000902s ]
[2026-08-17T22:49:30+08:00][sql] SHOW FULL COLUMNS FROM `user` [ RunTime:0.001443s ]
[2026-08-17T22:49:30+08:00][sql] SELECT * FROM `user` WHERE  `id` = 20 LIMIT 1 [ RunTime:0.000813s ]
[2026-08-17T22:49:30+08:00][sql] SHOW FULL COLUMNS FROM `setting` [ RunTime:0.001206s ]
[2026-08-17T22:49:30+08:00][sql] SELECT * FROM `setting` [ RunTime:0.000692s ]
[2026-08-17T22:49:30+08:00][sql] SELECT COUNT(*) AS think_count FROM `goods` `g` LEFT JOIN `user` `u` ON `g`.`seller_id`=`u`.`id` WHERE  `g`.`status` = '1'  AND `g`.`start_time` <= '1786978170'  AND `g`.`end_time` > '1786978170' [ RunTime:0.001204s ]
[2026-08-17T22:49:30+08:00][sql] SELECT `g`.*,u.nickname as seller_name FROM `goods` `g` LEFT JOIN `user` `u` ON `g`.`seller_id`=`u`.`id` WHERE  `g`.`status` = '1'  AND `g`.`start_time` <= '1786978170'  AND `g`.`end_time` > '1786978170' ORDER BY `g`.`end_time` ASC,`g`.`id` DESC LIMIT 0,12 [ RunTime:0.001148s ]
[2026-08-17T22:49:30+08:00][sql] SHOW FULL COLUMNS FROM `bid_record` [ RunTime:0.001432s ]
[2026-08-17T22:49:30+08:00][sql] SELECT MAX(`price`) AS think_max FROM `bid_record` WHERE  `goods_id` = 3  AND `status` = 0 [ RunTime:0.000841s ]
[2026-08-17T22:49:30+08:00][sql] SELECT MAX(`price`) AS think_max FROM `bid_record` WHERE  `goods_id` = 1  AND `status` = 0 [ RunTime:0.000889s ]
[2026-08-17T22:49:30+08:00][sql] SHOW FULL COLUMNS FROM `category` [ RunTime:0.001539s ]
[2026-08-17T22:49:30+08:00][sql] SELECT * FROM `category` WHERE  `status` = 1 ORDER BY `sort` ASC [ RunTime:0.000779s ]
[2026-08-17T22:49:35+08:00][sql] CONNECT:[ UseTime:0.025040s ] mysql:host=127.0.0.1;port=3306;dbname=auction;charset=utf8mb4
[2026-08-17T22:49:35+08:00][sql] SHOW FULL COLUMNS FROM `goods` [ RunTime:0.001529s ]
[2026-08-17T22:49:35+08:00][sql] SELECT `id` FROM `goods` WHERE  `status` = 1  AND `end_time` <= 1786978175 [ RunTime:0.000671s ]
[2026-08-17T22:49:35+08:00][sql] SHOW FULL COLUMNS FROM `user` [ RunTime:0.001368s ]
[2026-08-17T22:49:35+08:00][sql] SELECT * FROM `user` WHERE  `id` = 20 LIMIT 1 [ RunTime:0.000747s ]
[2026-08-17T22:49:35+08:00][sql] SHOW FULL COLUMNS FROM `setting` [ RunTime:0.001283s ]
[2026-08-17T22:49:35+08:00][sql] SELECT * FROM `setting` [ RunTime:0.000724s ]
[2026-08-17T22:49:35+08:00][sql] SELECT COUNT(*) AS think_count FROM `goods` `g` LEFT JOIN `user` `u` ON `g`.`seller_id`=`u`.`id` WHERE  `g`.`status` = '1'  AND `g`.`start_time` <= '1786978175'  AND `g`.`end_time` > '1786978175' [ RunTime:0.001566s ]
[2026-08-17T22:49:35+08:00][sql] SELECT `g`.*,u.nickname as seller_name FROM `goods` `g` LEFT JOIN `user` `u` ON `g`.`seller_id`=`u`.`id` WHERE  `g`.`status` = '1'  AND `g`.`start_time` <= '1786978175'  AND `g`.`end_time` > '1786978175' ORDER BY `g`.`end_time` ASC,`g`.`id` DESC LIMIT 0,12 [ RunTime:0.001803s ]
[2026-08-17T22:49:35+08:00][sql] SHOW FULL COLUMNS FROM `bid_record` [ RunTime:0.001637s ]
[2026-08-17T22:49:35+08:00][sql] SELECT MAX(`price`) AS think_max FROM `bid_record` WHERE  `goods_id` = 3  AND `status` = 0 [ RunTime:0.000892s ]
[2026-08-17T22:49:35+08:00][sql] SELECT MAX(`price`) AS think_max FROM `bid_record` WHERE  `goods_id` = 1  AND `status` = 0 [ RunTime:0.000870s ]
[2026-08-17T22:49:35+08:00][sql] SHOW FULL COLUMNS FROM `category` [ RunTime:0.001593s ]
[2026-08-17T22:49:35+08:00][sql] SELECT * FROM `category` WHERE  `status` = 1 ORDER BY `sort` ASC [ RunTime:0.001342s ]
[2026-08-17T22:54:01+08:00][sql] CONNECT:[ UseTime:0.002308s ] mysql:host=127.0.0.1;port=3306;dbname=auction;charset=utf8mb4
[2026-08-17T22:54:01+08:00][sql] SHOW FULL COLUMNS FROM `goods` [ RunTime:0.001789s ]
[2026-08-17T22:54:01+08:00][sql] SELECT `id` FROM `goods` WHERE  `status` = 1  AND `end_time` <= 1786978441 [ RunTime:0.000869s ]
[2026-08-17T22:54:01+08:00][sql] SHOW FULL COLUMNS FROM `user` [ RunTime:0.001440s ]
[2026-08-17T22:54:01+08:00][sql] SELECT * FROM `user` WHERE  `id` = 20 LIMIT 1 [ RunTime:0.000790s ]
[2026-08-17T22:54:01+08:00][sql] SHOW FULL COLUMNS FROM `setting` [ RunTime:0.001380s ]
[2026-08-17T22:54:01+08:00][sql] SELECT * FROM `setting` [ RunTime:0.000665s ]
[2026-08-17T22:54:01+08:00][sql] SELECT COUNT(*) AS think_count FROM `goods` `g` LEFT JOIN `user` `u` ON `g`.`seller_id`=`u`.`id` WHERE  `g`.`status` = '1'  AND `g`.`start_time` <= '1786978441'  AND `g`.`end_time` > '1786978441' [ RunTime:0.001019s ]
[2026-08-17T22:54:01+08:00][sql] SELECT `g`.*,u.nickname as seller_name FROM `goods` `g` LEFT JOIN `user` `u` ON `g`.`seller_id`=`u`.`id` WHERE  `g`.`status` = '1'  AND `g`.`start_time` <= '1786978441'  AND `g`.`end_time` > '1786978441' ORDER BY `g`.`end_time` ASC,`g`.`id` DESC LIMIT 0,12 [ RunTime:0.000999s ]
[2026-08-17T22:54:01+08:00][sql] SHOW FULL COLUMNS FROM `bid_record` [ RunTime:0.001179s ]
[2026-08-17T22:54:01+08:00][sql] SELECT MAX(`price`) AS think_max FROM `bid_record` WHERE  `goods_id` = 3  AND `status` = 0 [ RunTime:0.000668s ]
[2026-08-17T22:54:01+08:00][sql] SELECT MAX(`price`) AS think_max FROM `bid_record` WHERE  `goods_id` = 1  AND `status` = 0 [ RunTime:0.000717s ]
[2026-08-17T22:54:01+08:00][sql] SHOW FULL COLUMNS FROM `category` [ RunTime:0.001203s ]
[2026-08-17T22:54:01+08:00][sql] SELECT * FROM `category` WHERE  `status` = 1 ORDER BY `sort` ASC [ RunTime:0.000767s ]
[2026-08-17T22:55:06+08:00][sql] CONNECT:[ UseTime:0.019448s ] mysql:host=127.0.0.1;port=3306;dbname=auction;charset=utf8mb4
[2026-08-17T22:55:06+08:00][sql] SHOW FULL COLUMNS FROM `goods` [ RunTime:0.002351s ]
[2026-08-17T22:55:06+08:00][sql] SELECT `id` FROM `goods` WHERE  `status` = 1  AND `end_time` <= 1786978506 [ RunTime:0.000943s ]
[2026-08-17T22:55:06+08:00][sql] SHOW FULL COLUMNS FROM `user` [ RunTime:0.001561s ]
[2026-08-17T22:55:06+08:00][sql] SELECT * FROM `user` WHERE  `id` = 20 LIMIT 1 [ RunTime:0.000883s ]
[2026-08-17T22:55:06+08:00][sql] SHOW FULL COLUMNS FROM `setting` [ RunTime:0.001309s ]
[2026-08-17T22:55:06+08:00][sql] SELECT * FROM `setting` [ RunTime:0.000679s ]
[2026-08-17T22:55:06+08:00][sql] SELECT COUNT(*) AS think_count FROM `goods` `g` LEFT JOIN `user` `u` ON `g`.`seller_id`=`u`.`id` WHERE  `g`.`status` = '1'  AND `g`.`start_time` <= '1786978506'  AND `g`.`end_time` > '1786978506' [ RunTime:0.001075s ]
[2026-08-17T22:55:06+08:00][sql] SELECT `g`.*,u.nickname as seller_name FROM `goods` `g` LEFT JOIN `user` `u` ON `g`.`seller_id`=`u`.`id` WHERE  `g`.`status` = '1'  AND `g`.`start_time` <= '1786978506'  AND `g`.`end_time` > '1786978506' ORDER BY `g`.`end_time` ASC,`g`.`id` DESC LIMIT 0,10 [ RunTime:0.001097s ]
[2026-08-17T22:55:06+08:00][sql] SHOW FULL COLUMNS FROM `bid_record` [ RunTime:0.001699s ]
[2026-08-17T22:55:06+08:00][sql] SELECT MAX(`price`) AS think_max FROM `bid_record` WHERE  `goods_id` = 3  AND `status` = 0 [ RunTime:0.001403s ]
[2026-08-17T22:55:06+08:00][sql] SELECT MAX(`price`) AS think_max FROM `bid_record` WHERE  `goods_id` = 1  AND `status` = 0 [ RunTime:0.000814s ]
[2026-08-17T22:55:06+08:00][sql] SHOW FULL COLUMNS FROM `category` [ RunTime:0.001457s ]
[2026-08-17T22:55:06+08:00][sql] SELECT * FROM `category` WHERE  `status` = 1 ORDER BY `sort` ASC [ RunTime:0.000895s ]
[2026-08-17T22:55:13+08:00][sql] CONNECT:[ UseTime:0.014905s ] mysql:host=127.0.0.1;port=3306;dbname=auction;charset=utf8mb4
[2026-08-17T22:55:13+08:00][sql] SHOW FULL COLUMNS FROM `goods` [ RunTime:0.001352s ]
[2026-08-17T22:55:13+08:00][sql] SELECT `id` FROM `goods` WHERE  `status` = 1  AND `end_time` <= 1786978513 [ RunTime:0.000891s ]
[2026-08-17T22:55:13+08:00][sql] SHOW FULL COLUMNS FROM `user` [ RunTime:0.001440s ]
[2026-08-17T22:55:13+08:00][sql] SELECT * FROM `user` WHERE  `id` = 20 LIMIT 1 [ RunTime:0.000797s ]
[2026-08-17T22:55:13+08:00][sql] SHOW FULL COLUMNS FROM `setting` [ RunTime:0.001192s ]
[2026-08-17T22:55:13+08:00][sql] SELECT * FROM `setting` [ RunTime:0.000619s ]
[2026-08-17T22:55:13+08:00][sql] SHOW FULL COLUMNS FROM `bid_record` [ RunTime:0.001416s ]
[2026-08-17T22:55:13+08:00][sql] SELECT COUNT(*) AS think_count FROM `bid_record` WHERE  `user_id` = 20 [ RunTime:0.000764s ]
[2026-08-17T22:55:13+08:00][sql] SHOW FULL COLUMNS FROM `order` [ RunTime:0.001092s ]
[2026-08-17T22:55:13+08:00][sql] SELECT COUNT(*) AS think_count FROM `order` WHERE  `buyer_id` = 20  AND `pay_status` = 1 [ RunTime:0.001100s ]
[2026-08-17T22:55:13+08:00][sql] SELECT COUNT(*) AS think_count FROM `goods` WHERE  `seller_id` = 20  AND `status` = 2 [ RunTime:0.000778s ]
[2026-08-17T22:55:13+08:00][sql] SELECT COUNT(*) AS think_count FROM `goods` WHERE  `seller_id` = 20 [ RunTime:0.000554s ]
[2026-08-17T22:55:13+08:00][sql] SELECT COUNT(*) AS think_count FROM `order` WHERE  `buyer_id` = 20  AND `pay_status` = 0  AND `order_status` = 0 [ RunTime:0.000708s ]
[2026-08-17T22:55:13+08:00][sql] SELECT COUNT(*) AS think_count FROM `order` WHERE  `seller_id` = 20  AND `order_status` = 1 [ RunTime:0.000672s ]
[2026-08-17T22:55:13+08:00][sql] SHOW FULL COLUMNS FROM `balance_log` [ RunTime:0.001272s ]
[2026-08-17T22:55:13+08:00][sql] SELECT * FROM `balance_log` WHERE  `user_id` = 20 ORDER BY `id` DESC LIMIT 8 [ RunTime:0.000713s ]
[2026-08-17T22:55:13+08:00][sql] SELECT `b`.*,`g`.`title`,`g`.`cover`,g.status as goods_status,`g`.`end_time` FROM `bid_record` `b` LEFT JOIN `goods` `g` ON `b`.`goods_id`=`g`.`id` WHERE  `b`.`user_id` = '20' ORDER BY `b`.`id` DESC LIMIT 5 [ RunTime:0.000751s ]
[2026-08-17T22:55:13+08:00][error] [2]Undefined variable $tab_active[D:\work\08\17_3\runtime\index\temp\1576bd838c8df20a78914cf2c6785596.php:137]
[2026-08-17T22:55:26+08:00][sql] CONNECT:[ UseTime:0.002127s ] mysql:host=127.0.0.1;port=3306;dbname=auction;charset=utf8mb4
[2026-08-17T22:55:26+08:00][sql] SHOW FULL COLUMNS FROM `goods` [ RunTime:0.001833s ]
[2026-08-17T22:55:26+08:00][sql] SELECT `id` FROM `goods` WHERE  `status` = 1  AND `end_time` <= 1786978526 [ RunTime:0.001202s ]
[2026-08-17T22:55:26+08:00][sql] SHOW FULL COLUMNS FROM `user` [ RunTime:0.001613s ]
[2026-08-17T22:55:26+08:00][sql] SELECT * FROM `user` WHERE  `id` = 20 LIMIT 1 [ RunTime:0.000839s ]
[2026-08-17T22:55:26+08:00][sql] SHOW FULL COLUMNS FROM `setting` [ RunTime:0.001401s ]
[2026-08-17T22:55:26+08:00][sql] SELECT * FROM `setting` [ RunTime:0.000816s ]
[2026-08-17T22:55:26+08:00][sql] SELECT COUNT(*) AS think_count FROM `goods` `g` LEFT JOIN `user` `u` ON `g`.`seller_id`=`u`.`id` WHERE  `g`.`status` = '1'  AND `g`.`start_time` <= '1786978526'  AND `g`.`end_time` > '1786978526' [ RunTime:0.000749s ]
[2026-08-17T22:55:26+08:00][sql] SELECT `g`.*,u.nickname as seller_name FROM `goods` `g` LEFT JOIN `user` `u` ON `g`.`seller_id`=`u`.`id` WHERE  `g`.`status` = '1'  AND `g`.`start_time` <= '1786978526'  AND `g`.`end_time` > '1786978526' ORDER BY `g`.`end_time` ASC,`g`.`id` DESC LIMIT 0,10 [ RunTime:0.001131s ]
[2026-08-17T22:55:26+08:00][sql] SHOW FULL COLUMNS FROM `bid_record` [ RunTime:0.001372s ]
[2026-08-17T22:55:26+08:00][sql] SELECT MAX(`price`) AS think_max FROM `bid_record` WHERE  `goods_id` = 3  AND `status` = 0 [ RunTime:0.000829s ]
[2026-08-17T22:55:26+08:00][sql] SELECT MAX(`price`) AS think_max FROM `bid_record` WHERE  `goods_id` = 1  AND `status` = 0 [ RunTime:0.000787s ]
[2026-08-17T22:55:26+08:00][sql] SHOW FULL COLUMNS FROM `category` [ RunTime:0.001251s ]
[2026-08-17T22:55:26+08:00][sql] SELECT * FROM `category` WHERE  `status` = 1 ORDER BY `sort` ASC [ RunTime:0.000688s ]
[2026-08-17T22:56:04+08:00][sql] CONNECT:[ UseTime:0.004443s ] mysql:host=127.0.0.1;port=3306;dbname=auction;charset=utf8mb4
[2026-08-17T22:56:04+08:00][sql] SHOW FULL COLUMNS FROM `goods` [ RunTime:0.001671s ]
[2026-08-17T22:56:04+08:00][sql] SELECT `id` FROM `goods` WHERE  `status` = 1  AND `end_time` <= 1786978564 [ RunTime:0.000750s ]
[2026-08-17T22:56:04+08:00][sql] SHOW FULL COLUMNS FROM `user` [ RunTime:0.001503s ]
[2026-08-17T22:56:04+08:00][sql] SELECT * FROM `user` WHERE  `id` = 20 LIMIT 1 [ RunTime:0.000819s ]
[2026-08-17T22:56:04+08:00][sql] SHOW FULL COLUMNS FROM `setting` [ RunTime:0.001210s ]
[2026-08-17T22:56:04+08:00][sql] SELECT * FROM `setting` [ RunTime:0.000701s ]
[2026-08-17T22:56:04+08:00][sql] SELECT COUNT(*) AS think_count FROM `goods` `g` LEFT JOIN `user` `u` ON `g`.`seller_id`=`u`.`id` WHERE  `g`.`status` = '1'  AND `g`.`start_time` <= '1786978564'  AND `g`.`end_time` > '1786978564' [ RunTime:0.001057s ]
[2026-08-17T22:56:04+08:00][sql] SELECT `g`.*,u.nickname as seller_name FROM `goods` `g` LEFT JOIN `user` `u` ON `g`.`seller_id`=`u`.`id` WHERE  `g`.`status` = '1'  AND `g`.`start_time` <= '1786978564'  AND `g`.`end_time` > '1786978564' ORDER BY `g`.`end_time` ASC,`g`.`id` DESC LIMIT 0,10 [ RunTime:0.001027s ]
[2026-08-17T22:56:04+08:00][sql] SHOW FULL COLUMNS FROM `bid_record` [ RunTime:0.001389s ]
[2026-08-17T22:56:04+08:00][sql] SELECT MAX(`price`) AS think_max FROM `bid_record` WHERE  `goods_id` = 3  AND `status` = 0 [ RunTime:0.000924s ]
[2026-08-17T22:56:04+08:00][sql] SELECT MAX(`price`) AS think_max FROM `bid_record` WHERE  `goods_id` = 1  AND `status` = 0 [ RunTime:0.001151s ]
[2026-08-17T22:56:04+08:00][sql] SHOW FULL COLUMNS FROM `category` [ RunTime:0.001064s ]
[2026-08-17T22:56:04+08:00][sql] SELECT * FROM `category` WHERE  `status` = 1 ORDER BY `sort` ASC [ RunTime:0.000891s ]
[2026-08-17T22:56:06+08:00][sql] CONNECT:[ UseTime:0.003335s ] mysql:host=127.0.0.1;port=3306;dbname=auction;charset=utf8mb4
[2026-08-17T22:56:06+08:00][sql] SHOW FULL COLUMNS FROM `goods` [ RunTime:0.001524s ]
[2026-08-17T22:56:06+08:00][sql] SELECT `id` FROM `goods` WHERE  `status` = 1  AND `end_time` <= 1786978566 [ RunTime:0.000769s ]
[2026-08-17T22:56:06+08:00][sql] SHOW FULL COLUMNS FROM `user` [ RunTime:0.001108s ]
[2026-08-17T22:56:06+08:00][sql] SELECT * FROM `user` WHERE  `id` = 20 LIMIT 1 [ RunTime:0.000579s ]
[2026-08-17T22:56:06+08:00][sql] SHOW FULL COLUMNS FROM `setting` [ RunTime:0.000941s ]
[2026-08-17T22:56:06+08:00][sql] SELECT * FROM `setting` [ RunTime:0.000495s ]
[2026-08-17T22:56:06+08:00][sql] SELECT COUNT(*) AS think_count FROM `goods` `g` LEFT JOIN `user` `u` ON `g`.`seller_id`=`u`.`id` WHERE  `g`.`status` = '1'  AND `g`.`start_time` <= '1786978566'  AND `g`.`end_time` > '1786978566'  AND `g`.`category_id` = '1' [ RunTime:0.002141s ]
[2026-08-17T22:56:06+08:00][sql] SELECT `g`.*,u.nickname as seller_name FROM `goods` `g` LEFT JOIN `user` `u` ON `g`.`seller_id`=`u`.`id` WHERE  `g`.`status` = '1'  AND `g`.`start_time` <= '1786978566'  AND `g`.`end_time` > '1786978566'  AND `g`.`category_id` = '1' ORDER BY `g`.`end_time` ASC,`g`.`id` DESC LIMIT 0,10 [ RunTime:0.001184s ]
[2026-08-17T22:56:06+08:00][sql] SHOW FULL COLUMNS FROM `bid_record` [ RunTime:0.002901s ]
[2026-08-17T22:56:06+08:00][sql] SELECT MAX(`price`) AS think_max FROM `bid_record` WHERE  `goods_id` = 1  AND `status` = 0 [ RunTime:0.000725s ]
[2026-08-17T22:56:06+08:00][sql] SHOW FULL COLUMNS FROM `category` [ RunTime:0.001100s ]
[2026-08-17T22:56:06+08:00][sql] SELECT * FROM `category` WHERE  `status` = 1 ORDER BY `sort` ASC [ RunTime:0.000609s ]
[2026-08-17T22:56:07+08:00][sql] CONNECT:[ UseTime:0.001511s ] mysql:host=127.0.0.1;port=3306;dbname=auction;charset=utf8mb4
[2026-08-17T22:56:07+08:00][sql] SHOW FULL COLUMNS FROM `goods` [ RunTime:0.001814s ]
[2026-08-17T22:56:07+08:00][sql] SELECT `id` FROM `goods` WHERE  `status` = 1  AND `end_time` <= 1786978567 [ RunTime:0.000816s ]
[2026-08-17T22:56:07+08:00][sql] SHOW FULL COLUMNS FROM `user` [ RunTime:0.001390s ]
[2026-08-17T22:56:07+08:00][sql] SELECT * FROM `user` WHERE  `id` = 20 LIMIT 1 [ RunTime:0.000675s ]
[2026-08-17T22:56:07+08:00][sql] SHOW FULL COLUMNS FROM `setting` [ RunTime:0.001039s ]
[2026-08-17T22:56:07+08:00][sql] SELECT * FROM `setting` [ RunTime:0.000502s ]
[2026-08-17T22:56:07+08:00][sql] SELECT COUNT(*) AS think_count FROM `goods` `g` LEFT JOIN `user` `u` ON `g`.`seller_id`=`u`.`id` WHERE  `g`.`status` = '1'  AND `g`.`start_time` <= '1786978567'  AND `g`.`end_time` > '1786978567'  AND `g`.`category_id` = '2' [ RunTime:0.000878s ]
[2026-08-17T22:56:07+08:00][sql] SELECT `g`.*,u.nickname as seller_name FROM `goods` `g` LEFT JOIN `user` `u` ON `g`.`seller_id`=`u`.`id` WHERE  `g`.`status` = '1'  AND `g`.`start_time` <= '1786978567'  AND `g`.`end_time` > '1786978567'  AND `g`.`category_id` = '2' ORDER BY `g`.`end_time` ASC,`g`.`id` DESC LIMIT 0,10 [ RunTime:0.001004s ]
[2026-08-17T22:56:07+08:00][sql] SHOW FULL COLUMNS FROM `category` [ RunTime:0.000943s ]
[2026-08-17T22:56:07+08:00][sql] SELECT * FROM `category` WHERE  `status` = 1 ORDER BY `sort` ASC [ RunTime:0.000548s ]
[2026-08-17T22:56:08+08:00][sql] CONNECT:[ UseTime:0.001936s ] mysql:host=127.0.0.1;port=3306;dbname=auction;charset=utf8mb4
[2026-08-17T22:56:08+08:00][sql] SHOW FULL COLUMNS FROM `goods` [ RunTime:0.001183s ]
[2026-08-17T22:56:08+08:00][sql] SELECT `id` FROM `goods` WHERE  `status` = 1  AND `end_time` <= 1786978568 [ RunTime:0.000687s ]
[2026-08-17T22:56:08+08:00][sql] SHOW FULL COLUMNS FROM `user` [ RunTime:0.001297s ]
[2026-08-17T22:56:08+08:00][sql] SELECT * FROM `user` WHERE  `id` = 20 LIMIT 1 [ RunTime:0.000701s ]
[2026-08-17T22:56:08+08:00][sql] SHOW FULL COLUMNS FROM `setting` [ RunTime:0.001076s ]
[2026-08-17T22:56:08+08:00][sql] SELECT * FROM `setting` [ RunTime:0.000566s ]
[2026-08-17T22:56:08+08:00][sql] SELECT COUNT(*) AS think_count FROM `goods` `g` LEFT JOIN `user` `u` ON `g`.`seller_id`=`u`.`id` WHERE  `g`.`status` = '1'  AND `g`.`start_time` <= '1786978568'  AND `g`.`end_time` > '1786978568'  AND `g`.`category_id` = '1' [ RunTime:0.000887s ]
[2026-08-17T22:56:08+08:00][sql] SELECT `g`.*,u.nickname as seller_name FROM `goods` `g` LEFT JOIN `user` `u` ON `g`.`seller_id`=`u`.`id` WHERE  `g`.`status` = '1'  AND `g`.`start_time` <= '1786978568'  AND `g`.`end_time` > '1786978568'  AND `g`.`category_id` = '1' ORDER BY `g`.`end_time` ASC,`g`.`id` DESC LIMIT 0,10 [ RunTime:0.000869s ]
[2026-08-17T22:56:08+08:00][sql] SHOW FULL COLUMNS FROM `bid_record` [ RunTime:0.001245s ]
[2026-08-17T22:56:08+08:00][sql] SELECT MAX(`price`) AS think_max FROM `bid_record` WHERE  `goods_id` = 1  AND `status` = 0 [ RunTime:0.000680s ]
[2026-08-17T22:56:08+08:00][sql] SHOW FULL COLUMNS FROM `category` [ RunTime:0.001218s ]
[2026-08-17T22:56:08+08:00][sql] SELECT * FROM `category` WHERE  `status` = 1 ORDER BY `sort` ASC [ RunTime:0.000614s ]
[2026-08-17T22:56:10+08:00][sql] CONNECT:[ UseTime:0.020309s ] mysql:host=127.0.0.1;port=3306;dbname=auction;charset=utf8mb4
[2026-08-17T22:56:10+08:00][sql] SHOW FULL COLUMNS FROM `goods` [ RunTime:0.001297s ]
[2026-08-17T22:56:10+08:00][sql] SELECT `id` FROM `goods` WHERE  `status` = 1  AND `end_time` <= 1786978570 [ RunTime:0.001156s ]
[2026-08-17T22:56:10+08:00][sql] SHOW FULL COLUMNS FROM `user` [ RunTime:0.001489s ]
[2026-08-17T22:56:10+08:00][sql] SELECT * FROM `user` WHERE  `id` = 20 LIMIT 1 [ RunTime:0.000818s ]
[2026-08-17T22:56:10+08:00][sql] SHOW FULL COLUMNS FROM `setting` [ RunTime:0.001607s ]
[2026-08-17T22:56:10+08:00][sql] SELECT * FROM `setting` [ RunTime:0.000672s ]
[2026-08-17T22:56:10+08:00][sql] SELECT COUNT(*) AS think_count FROM `goods` `g` LEFT JOIN `user` `u` ON `g`.`seller_id`=`u`.`id` WHERE  `g`.`status` = '1'  AND `g`.`start_time` <= '1786978570'  AND `g`.`end_time` > '1786978570' [ RunTime:0.000861s ]
[2026-08-17T22:56:10+08:00][sql] SELECT `g`.*,u.nickname as seller_name FROM `goods` `g` LEFT JOIN `user` `u` ON `g`.`seller_id`=`u`.`id` WHERE  `g`.`status` = '1'  AND `g`.`start_time` <= '1786978570'  AND `g`.`end_time` > '1786978570' ORDER BY `g`.`end_time` ASC,`g`.`id` DESC LIMIT 0,10 [ RunTime:0.000873s ]
[2026-08-17T22:56:10+08:00][sql] SHOW FULL COLUMNS FROM `bid_record` [ RunTime:0.001561s ]
[2026-08-17T22:56:10+08:00][sql] SELECT MAX(`price`) AS think_max FROM `bid_record` WHERE  `goods_id` = 3  AND `status` = 0 [ RunTime:0.000911s ]
[2026-08-17T22:56:10+08:00][sql] SELECT MAX(`price`) AS think_max FROM `bid_record` WHERE  `goods_id` = 1  AND `status` = 0 [ RunTime:0.000461s ]
[2026-08-17T22:56:10+08:00][sql] SHOW FULL COLUMNS FROM `category` [ RunTime:0.000729s ]
[2026-08-17T22:56:10+08:00][sql] SELECT * FROM `category` WHERE  `status` = 1 ORDER BY `sort` ASC [ RunTime:0.000566s ]
[2026-08-17T22:56:57+08:00][sql] CONNECT:[ UseTime:0.019141s ] mysql:host=127.0.0.1;port=3306;dbname=auction;charset=utf8mb4
[2026-08-17T22:56:57+08:00][sql] SHOW FULL COLUMNS FROM `goods` [ RunTime:0.001270s ]
[2026-08-17T22:56:57+08:00][sql] SELECT `id` FROM `goods` WHERE  `status` = 1  AND `end_time` <= 1786978617 [ RunTime:0.000878s ]
[2026-08-17T22:56:57+08:00][sql] SHOW FULL COLUMNS FROM `user` [ RunTime:0.001397s ]
[2026-08-17T22:56:57+08:00][sql] SELECT * FROM `user` WHERE  `id` = 20 LIMIT 1 [ RunTime:0.000722s ]
[2026-08-17T22:56:57+08:00][sql] SHOW FULL COLUMNS FROM `setting` [ RunTime:0.001079s ]
[2026-08-17T22:56:57+08:00][sql] SELECT * FROM `setting` [ RunTime:0.000589s ]
[2026-08-17T22:56:57+08:00][sql] SHOW FULL COLUMNS FROM `bid_record` [ RunTime:0.001243s ]
[2026-08-17T22:56:57+08:00][sql] SELECT COUNT(*) AS think_count FROM `bid_record` WHERE  `user_id` = 20 [ RunTime:0.000770s ]
[2026-08-17T22:56:57+08:00][sql] SHOW FULL COLUMNS FROM `order` [ RunTime:0.001350s ]
[2026-08-17T22:56:57+08:00][sql] SELECT COUNT(*) AS think_count FROM `order` WHERE  `buyer_id` = 20  AND `pay_status` = 1 [ RunTime:0.000719s ]
[2026-08-17T22:56:57+08:00][sql] SELECT COUNT(*) AS think_count FROM `goods` WHERE  `seller_id` = 20  AND `status` = 2 [ RunTime:0.000701s ]
[2026-08-17T22:56:57+08:00][sql] SELECT COUNT(*) AS think_count FROM `goods` WHERE  `seller_id` = 20 [ RunTime:0.000702s ]
[2026-08-17T22:56:57+08:00][sql] SELECT COUNT(*) AS think_count FROM `order` WHERE  `buyer_id` = 20  AND `pay_status` = 0  AND `order_status` = 0 [ RunTime:0.000734s ]
[2026-08-17T22:56:57+08:00][sql] SELECT COUNT(*) AS think_count FROM `order` WHERE  `seller_id` = 20  AND `order_status` = 1 [ RunTime:0.000535s ]
[2026-08-17T22:56:57+08:00][sql] SHOW FULL COLUMNS FROM `balance_log` [ RunTime:0.001167s ]
[2026-08-17T22:56:57+08:00][sql] SELECT * FROM `balance_log` WHERE  `user_id` = 20 ORDER BY `id` DESC LIMIT 8 [ RunTime:0.000675s ]
[2026-08-17T22:56:57+08:00][sql] SELECT `b`.*,`g`.`title`,`g`.`cover`,g.status as goods_status,`g`.`end_time` FROM `bid_record` `b` LEFT JOIN `goods` `g` ON `b`.`goods_id`=`g`.`id` WHERE  `b`.`user_id` = '20' ORDER BY `b`.`id` DESC LIMIT 5 [ RunTime:0.003879s ]
[2026-08-17T22:56:57+08:00][error] [2]Undefined variable $tab_active[D:\work\08\17_3\runtime\index\temp\1576bd838c8df20a78914cf2c6785596.php:137]
[2026-08-17T22:59:08+08:00][sql] CONNECT:[ UseTime:0.017439s ] mysql:host=127.0.0.1;port=3306;dbname=auction;charset=utf8mb4
[2026-08-17T22:59:08+08:00][sql] SHOW FULL COLUMNS FROM `goods` [ RunTime:0.001223s ]
[2026-08-17T22:59:08+08:00][sql] SELECT `id` FROM `goods` WHERE  `status` = 1  AND `end_time` <= 1786978747 [ RunTime:0.000743s ]
[2026-08-17T22:59:08+08:00][sql] SHOW FULL COLUMNS FROM `user` [ RunTime:0.001196s ]
[2026-08-17T22:59:08+08:00][sql] SELECT * FROM `user` WHERE  `id` = 20 LIMIT 1 [ RunTime:0.000663s ]
[2026-08-17T22:59:08+08:00][sql] SHOW FULL COLUMNS FROM `setting` [ RunTime:0.001048s ]
[2026-08-17T22:59:08+08:00][sql] SELECT * FROM `setting` [ RunTime:0.000599s ]
[2026-08-17T22:59:08+08:00][sql] SELECT COUNT(*) AS think_count FROM `goods` `g` LEFT JOIN `user` `u` ON `g`.`seller_id`=`u`.`id` WHERE  `g`.`status` = '1'  AND `g`.`start_time` <= '1786978747'  AND `g`.`end_time` > '1786978747' [ RunTime:0.001000s ]
[2026-08-17T22:59:08+08:00][sql] SELECT `g`.*,u.nickname as seller_name FROM `goods` `g` LEFT JOIN `user` `u` ON `g`.`seller_id`=`u`.`id` WHERE  `g`.`status` = '1'  AND `g`.`start_time` <= '1786978747'  AND `g`.`end_time` > '1786978747' ORDER BY `g`.`end_time` ASC,`g`.`id` DESC LIMIT 0,10 [ RunTime:0.000974s ]
[2026-08-17T22:59:08+08:00][sql] SHOW FULL COLUMNS FROM `bid_record` [ RunTime:0.001285s ]
[2026-08-17T22:59:08+08:00][sql] SELECT MAX(`price`) AS think_max FROM `bid_record` WHERE  `goods_id` = 3  AND `status` = 0 [ RunTime:0.000735s ]
[2026-08-17T22:59:08+08:00][sql] SELECT MAX(`price`) AS think_max FROM `bid_record` WHERE  `goods_id` = 1  AND `status` = 0 [ RunTime:0.000847s ]
[2026-08-17T22:59:08+08:00][sql] SHOW FULL COLUMNS FROM `category` [ RunTime:0.001468s ]
[2026-08-17T22:59:08+08:00][sql] SELECT * FROM `category` WHERE  `status` = 1 ORDER BY `sort` ASC [ RunTime:0.000805s ]
[2026-08-17T22:59:09+08:00][sql] CONNECT:[ UseTime:0.001972s ] mysql:host=127.0.0.1;port=3306;dbname=auction;charset=utf8mb4
[2026-08-17T22:59:09+08:00][sql] SHOW FULL COLUMNS FROM `goods` [ RunTime:0.001746s ]
[2026-08-17T22:59:09+08:00][sql] SELECT `id` FROM `goods` WHERE  `status` = 1  AND `end_time` <= 1786978749 [ RunTime:0.000664s ]
[2026-08-17T22:59:09+08:00][sql] SHOW FULL COLUMNS FROM `user` [ RunTime:0.001059s ]
[2026-08-17T22:59:09+08:00][sql] SELECT * FROM `user` WHERE  `id` = 20 LIMIT 1 [ RunTime:0.000844s ]
[2026-08-17T22:59:09+08:00][sql] SHOW FULL COLUMNS FROM `setting` [ RunTime:0.001284s ]
[2026-08-17T22:59:09+08:00][sql] SELECT * FROM `setting` [ RunTime:0.000632s ]
[2026-08-17T22:59:09+08:00][sql] SHOW FULL COLUMNS FROM `bid_record` [ RunTime:0.001398s ]
[2026-08-17T22:59:09+08:00][sql] SELECT COUNT(*) AS think_count FROM `bid_record` WHERE  `user_id` = 20 [ RunTime:0.000814s ]
[2026-08-17T22:59:09+08:00][sql] SHOW FULL COLUMNS FROM `order` [ RunTime:0.001394s ]
[2026-08-17T22:59:09+08:00][sql] SELECT COUNT(*) AS think_count FROM `order` WHERE  `buyer_id` = 20  AND `pay_status` = 1 [ RunTime:0.000721s ]
[2026-08-17T22:59:09+08:00][sql] SELECT COUNT(*) AS think_count FROM `goods` WHERE  `seller_id` = 20  AND `status` = 2 [ RunTime:0.000694s ]
[2026-08-17T22:59:09+08:00][sql] SELECT COUNT(*) AS think_count FROM `goods` WHERE  `seller_id` = 20 [ RunTime:0.000747s ]
[2026-08-17T22:59:09+08:00][sql] SELECT COUNT(*) AS think_count FROM `order` WHERE  `buyer_id` = 20  AND `pay_status` = 0  AND `order_status` = 0 [ RunTime:0.000934s ]
[2026-08-17T22:59:09+08:00][sql] SELECT COUNT(*) AS think_count FROM `order` WHERE  `seller_id` = 20  AND `order_status` = 1 [ RunTime:0.000545s ]
[2026-08-17T22:59:09+08:00][sql] SELECT COUNT(*) AS think_count FROM `order` WHERE  `buyer_id` = 20  AND `order_status` = 0  AND `pay_status` = 0 [ RunTime:0.000622s ]
[2026-08-17T22:59:09+08:00][sql] SELECT COUNT(*) AS think_count FROM `order` WHERE  `buyer_id` = 20  AND `order_status` = 1 [ RunTime:0.000498s ]
[2026-08-17T22:59:09+08:00][sql] SELECT COUNT(*) AS think_count FROM `order` WHERE  `buyer_id` = 20  AND `order_status` = 2 [ RunTime:0.000458s ]
[2026-08-17T22:59:09+08:00][sql] SELECT COUNT(*) AS think_count FROM `order` WHERE  `buyer_id` = 20  AND `order_status` = 3 [ RunTime:0.000634s ]
[2026-08-17T22:59:09+08:00][sql] SELECT COUNT(*) AS think_count FROM `order` WHERE  `seller_id` = 20  AND `order_status` = 1 [ RunTime:0.000678s ]
[2026-08-17T22:59:09+08:00][sql] SHOW FULL COLUMNS FROM `balance_log` [ RunTime:0.001309s ]
[2026-08-17T22:59:09+08:00][sql] SELECT * FROM `balance_log` WHERE  `user_id` = 20 ORDER BY `id` DESC LIMIT 5 [ RunTime:0.000734s ]
[2026-08-17T22:59:09+08:00][sql] SELECT `b`.*,`g`.`title`,`g`.`cover`,g.status as goods_status,`g`.`end_time` FROM `bid_record` `b` LEFT JOIN `goods` `g` ON `b`.`goods_id`=`g`.`id` WHERE  `b`.`user_id` = '20' ORDER BY `b`.`id` DESC LIMIT 5 [ RunTime:0.000813s ]
[2026-08-17T22:59:09+08:00][sql] SELECT `id`,`nickname`,`mobile`,`reg_time` FROM `user` WHERE  `pid` = 20 ORDER BY `id` DESC LIMIT 10 [ RunTime:0.000712s ]
[2026-08-17T22:59:33+08:00][sql] CONNECT:[ UseTime:0.004963s ] mysql:host=127.0.0.1;port=3306;dbname=auction;charset=utf8mb4
[2026-08-17T22:59:33+08:00][sql] SHOW FULL COLUMNS FROM `goods` [ RunTime:0.001498s ]
[2026-08-17T22:59:33+08:00][sql] SELECT `id` FROM `goods` WHERE  `status` = 1  AND `end_time` <= 1786978773 [ RunTime:0.000740s ]
[2026-08-17T22:59:33+08:00][sql] SHOW FULL COLUMNS FROM `user` [ RunTime:0.001184s ]
[2026-08-17T22:59:33+08:00][sql] SELECT * FROM `user` WHERE  `id` = 20 LIMIT 1 [ RunTime:0.000705s ]
[2026-08-17T22:59:33+08:00][sql] SHOW FULL COLUMNS FROM `setting` [ RunTime:0.001077s ]
[2026-08-17T22:59:33+08:00][sql] SELECT * FROM `setting` [ RunTime:0.000571s ]
[2026-08-17T22:59:33+08:00][sql] SHOW FULL COLUMNS FROM `user_address` [ RunTime:0.001134s ]
[2026-08-17T22:59:33+08:00][sql] SELECT * FROM `user_address` WHERE  `user_id` = 20 ORDER BY `is_default` DESC,`id` DESC [ RunTime:0.000661s ]
[2026-08-17T22:59:33+08:00][error] [2]Undefined variable $center_tab[D:\work\08\17_3\runtime\index\temp\9dc386b9f9c8843fbe1ea470e0dc97f9.php:46]
