[2026-08-18T20:34:10+08:00][sql] CONNECT:[ UseTime:0.017002s ] mysql:host=127.0.0.1;port=3306;dbname=auction;charset=utf8mb4
[2026-08-18T20:34:10+08:00][sql] SHOW FULL COLUMNS FROM `goods` [ RunTime:0.002044s ]
[2026-08-18T20:34:10+08:00][sql] SELECT `id` FROM `goods` WHERE  `status` = 1  AND `end_time` <= 1787056450 [ RunTime:0.000858s ]
[2026-08-18T20:34:10+08:00][sql] SHOW FULL COLUMNS FROM `user` [ RunTime:0.000971s ]
[2026-08-18T20:34:10+08:00][sql] SELECT * FROM `user` WHERE  `id` = 25 LIMIT 1 [ RunTime:0.000694s ]
[2026-08-18T20:34:10+08:00][sql] SHOW FULL COLUMNS FROM `setting` [ RunTime:0.000709s ]
[2026-08-18T20:34:10+08:00][sql] SELECT * FROM `setting` [ RunTime:0.000373s ]
[2026-08-18T20:34:10+08:00][sql] SHOW FULL COLUMNS FROM `message` [ RunTime:0.001541s ]
[2026-08-18T20:34:10+08:00][sql] SELECT * FROM `message` WHERE  `goods_id` = 28  AND `id` > 4  AND (  (  `from_uid` = 25  AND `to_uid` = 20 ) OR (  `from_uid` = 20  AND `to_uid` = 25 ) ) ORDER BY `id` ASC [ RunTime:0.000695s ]
[2026-08-18T20:34:13+08:00][sql] CONNECT:[ UseTime:0.023737s ] mysql:host=127.0.0.1;port=3306;dbname=auction;charset=utf8mb4
[2026-08-18T20:34:13+08:00][sql] SHOW FULL COLUMNS FROM `goods` [ RunTime:0.001123s ]
[2026-08-18T20:34:13+08:00][sql] SELECT `id` FROM `goods` WHERE  `status` = 1  AND `end_time` <= 1787056453 [ RunTime:0.000761s ]
[2026-08-18T20:34:13+08:00][sql] SHOW FULL COLUMNS FROM `user` [ RunTime:0.002072s ]
[2026-08-18T20:34:13+08:00][sql] SELECT * FROM `user` WHERE  `id` = 25 LIMIT 1 [ RunTime:0.001158s ]
[2026-08-18T20:34:13+08:00][sql] SHOW FULL COLUMNS FROM `setting` [ RunTime:0.001895s ]
[2026-08-18T20:34:13+08:00][sql] SELECT * FROM `setting` [ RunTime:0.000771s ]
[2026-08-18T20:34:13+08:00][sql] SHOW FULL COLUMNS FROM `message` [ RunTime:0.001834s ]
[2026-08-18T20:34:13+08:00][sql] SELECT * FROM `message` WHERE  `goods_id` = 28  AND `id` > 4  AND (  (  `from_uid` = 25  AND `to_uid` = 20 ) OR (  `from_uid` = 20  AND `to_uid` = 25 ) ) ORDER BY `id` ASC [ RunTime:0.000995s ]
[2026-08-18T20:34:16+08:00][sql] CONNECT:[ UseTime:0.014300s ] mysql:host=127.0.0.1;port=3306;dbname=auction;charset=utf8mb4
[2026-08-18T20:34:16+08:00][sql] SHOW FULL COLUMNS FROM `goods` [ RunTime:0.002403s ]
[2026-08-18T20:34:16+08:00][sql] SELECT `id` FROM `goods` WHERE  `status` = 1  AND `end_time` <= 1787056456 [ RunTime:0.001307s ]
[2026-08-18T20:34:16+08:00][sql] SHOW FULL COLUMNS FROM `user` [ RunTime:0.001809s ]
[2026-08-18T20:34:16+08:00][sql] SELECT * FROM `user` WHERE  `id` = 25 LIMIT 1 [ RunTime:0.000933s ]
[2026-08-18T20:34:16+08:00][sql] SHOW FULL COLUMNS FROM `setting` [ RunTime:0.001384s ]
[2026-08-18T20:34:16+08:00][sql] SELECT * FROM `setting` [ RunTime:0.000721s ]
[2026-08-18T20:34:16+08:00][sql] SHOW FULL COLUMNS FROM `message` [ RunTime:0.001321s ]
[2026-08-18T20:34:16+08:00][sql] SELECT * FROM `message` WHERE  `goods_id` = 28  AND `id` > 4  AND (  (  `from_uid` = 25  AND `to_uid` = 20 ) OR (  `from_uid` = 20  AND `to_uid` = 25 ) ) ORDER BY `id` ASC [ RunTime:0.001115s ]
[2026-08-18T20:34:19+08:00][sql] CONNECT:[ UseTime:0.014329s ] mysql:host=127.0.0.1;port=3306;dbname=auction;charset=utf8mb4
[2026-08-18T20:34:19+08:00][sql] SHOW FULL COLUMNS FROM `goods` [ RunTime:0.001809s ]
[2026-08-18T20:34:19+08:00][sql] SELECT `id` FROM `goods` WHERE  `status` = 1  AND `end_time` <= 1787056459 [ RunTime:0.000717s ]
[2026-08-18T20:34:19+08:00][sql] SHOW FULL COLUMNS FROM `user` [ RunTime:0.001788s ]
[2026-08-18T20:34:19+08:00][sql] SELECT * FROM `user` WHERE  `id` = 25 LIMIT 1 [ RunTime:0.000651s ]
[2026-08-18T20:34:19+08:00][sql] SHOW FULL COLUMNS FROM `setting` [ RunTime:0.001326s ]
[2026-08-18T20:34:19+08:00][sql] SELECT * FROM `setting` [ RunTime:0.000541s ]
[2026-08-18T20:34:19+08:00][sql] SHOW FULL COLUMNS FROM `message` [ RunTime:0.001401s ]
[2026-08-18T20:34:19+08:00][sql] SELECT * FROM `message` WHERE  `goods_id` = 28  AND `id` > 4  AND (  (  `from_uid` = 25  AND `to_uid` = 20 ) OR (  `from_uid` = 20  AND `to_uid` = 25 ) ) ORDER BY `id` ASC [ RunTime:0.000787s ]
[2026-08-18T20:34:22+08:00][sql] CONNECT:[ UseTime:0.018659s ] mysql:host=127.0.0.1;port=3306;dbname=auction;charset=utf8mb4
[2026-08-18T20:34:22+08:00][sql] SHOW FULL COLUMNS FROM `goods` [ RunTime:0.001120s ]
[2026-08-18T20:34:22+08:00][sql] SELECT `id` FROM `goods` WHERE  `status` = 1  AND `end_time` <= 1787056462 [ RunTime:0.000547s ]
[2026-08-18T20:34:22+08:00][sql] SHOW FULL COLUMNS FROM `user` [ RunTime:0.001516s ]
[2026-08-18T20:34:22+08:00][sql] SELECT * FROM `user` WHERE  `id` = 25 LIMIT 1 [ RunTime:0.000948s ]
[2026-08-18T20:34:22+08:00][sql] SHOW FULL COLUMNS FROM `setting` [ RunTime:0.001592s ]
[2026-08-18T20:34:22+08:00][sql] SELECT * FROM `setting` [ RunTime:0.000968s ]
[2026-08-18T20:34:22+08:00][sql] SHOW FULL COLUMNS FROM `message` [ RunTime:0.001687s ]
[2026-08-18T20:34:22+08:00][sql] SELECT * FROM `message` WHERE  `goods_id` = 28  AND `id` > 4  AND (  (  `from_uid` = 25  AND `to_uid` = 20 ) OR (  `from_uid` = 20  AND `to_uid` = 25 ) ) ORDER BY `id` ASC [ RunTime:0.001250s ]
[2026-08-18T20:34:25+08:00][sql] CONNECT:[ UseTime:0.018188s ] mysql:host=127.0.0.1;port=3306;dbname=auction;charset=utf8mb4
[2026-08-18T20:34:25+08:00][sql] SHOW FULL COLUMNS FROM `goods` [ RunTime:0.001419s ]
[2026-08-18T20:34:25+08:00][sql] SELECT `id` FROM `goods` WHERE  `status` = 1  AND `end_time` <= 1787056465 [ RunTime:0.000690s ]
[2026-08-18T20:34:25+08:00][sql] SHOW FULL COLUMNS FROM `user` [ RunTime:0.001287s ]
[2026-08-18T20:34:25+08:00][sql] SELECT * FROM `user` WHERE  `id` = 25 LIMIT 1 [ RunTime:0.000757s ]
[2026-08-18T20:34:25+08:00][sql] SHOW FULL COLUMNS FROM `setting` [ RunTime:0.001262s ]
[2026-08-18T20:34:25+08:00][sql] SELECT * FROM `setting` [ RunTime:0.000834s ]
[2026-08-18T20:34:25+08:00][sql] SHOW FULL COLUMNS FROM `message` [ RunTime:0.001211s ]
[2026-08-18T20:34:25+08:00][sql] SELECT * FROM `message` WHERE  `goods_id` = 28  AND `id` > 4  AND (  (  `from_uid` = 25  AND `to_uid` = 20 ) OR (  `from_uid` = 20  AND `to_uid` = 25 ) ) ORDER BY `id` ASC [ RunTime:0.000887s ]
[2026-08-18T20:34:28+08:00][sql] CONNECT:[ UseTime:0.006547s ] mysql:host=127.0.0.1;port=3306;dbname=auction;charset=utf8mb4
[2026-08-18T20:34:28+08:00][sql] SHOW FULL COLUMNS FROM `goods` [ RunTime:0.001867s ]
[2026-08-18T20:34:28+08:00][sql] SELECT `id` FROM `goods` WHERE  `status` = 1  AND `end_time` <= 1787056468 [ RunTime:0.001190s ]
[2026-08-18T20:34:28+08:00][sql] SHOW FULL COLUMNS FROM `user` [ RunTime:0.001863s ]
[2026-08-18T20:34:28+08:00][sql] SELECT * FROM `user` WHERE  `id` = 25 LIMIT 1 [ RunTime:0.001205s ]
[2026-08-18T20:34:28+08:00][sql] SHOW FULL COLUMNS FROM `setting` [ RunTime:0.001639s ]
[2026-08-18T20:34:28+08:00][sql] SELECT * FROM `setting` [ RunTime:0.001032s ]
[2026-08-18T20:34:28+08:00][sql] SHOW FULL COLUMNS FROM `message` [ RunTime:0.001554s ]
[2026-08-18T20:34:28+08:00][sql] SELECT * FROM `message` WHERE  `goods_id` = 28  AND `id` > 4  AND (  (  `from_uid` = 25  AND `to_uid` = 20 ) OR (  `from_uid` = 20  AND `to_uid` = 25 ) ) ORDER BY `id` ASC [ RunTime:0.000975s ]
[2026-08-18T20:34:31+08:00][sql] CONNECT:[ UseTime:0.016519s ] mysql:host=127.0.0.1;port=3306;dbname=auction;charset=utf8mb4
[2026-08-18T20:34:31+08:00][sql] SHOW FULL COLUMNS FROM `goods` [ RunTime:0.002228s ]
[2026-08-18T20:34:31+08:00][sql] SELECT `id` FROM `goods` WHERE  `status` = 1  AND `end_time` <= 1787056471 [ RunTime:0.000988s ]
[2026-08-18T20:34:31+08:00][sql] SHOW FULL COLUMNS FROM `user` [ RunTime:0.001289s ]
[2026-08-18T20:34:31+08:00][sql] SELECT * FROM `user` WHERE  `id` = 25 LIMIT 1 [ RunTime:0.001413s ]
[2026-08-18T20:34:31+08:00][sql] SHOW FULL COLUMNS FROM `setting` [ RunTime:0.001809s ]
[2026-08-18T20:34:31+08:00][sql] SELECT * FROM `setting` [ RunTime:0.001134s ]
[2026-08-18T20:34:31+08:00][sql] SHOW FULL COLUMNS FROM `message` [ RunTime:0.001601s ]
[2026-08-18T20:34:31+08:00][sql] SELECT * FROM `message` WHERE  `goods_id` = 28  AND `id` > 4  AND (  (  `from_uid` = 25  AND `to_uid` = 20 ) OR (  `from_uid` = 20  AND `to_uid` = 25 ) ) ORDER BY `id` ASC [ RunTime:0.001246s ]
[2026-08-18T20:35:03+08:00][sql] CONNECT:[ UseTime:0.010821s ] mysql:host=127.0.0.1;port=3306;dbname=auction;charset=utf8mb4
[2026-08-18T20:35:03+08:00][sql] SHOW FULL COLUMNS FROM `goods` [ RunTime:0.001781s ]
[2026-08-18T20:35:03+08:00][sql] SELECT `id` FROM `goods` WHERE  `status` = 1  AND `end_time` <= 1787056503 [ RunTime:0.000934s ]
[2026-08-18T20:35:03+08:00][sql] SHOW FULL COLUMNS FROM `user` [ RunTime:0.001747s ]
[2026-08-18T20:35:03+08:00][sql] SELECT * FROM `user` WHERE  `id` = 25 LIMIT 1 [ RunTime:0.001014s ]
[2026-08-18T20:35:03+08:00][sql] SHOW FULL COLUMNS FROM `setting` [ RunTime:0.001566s ]
[2026-08-18T20:35:03+08:00][sql] SELECT * FROM `setting` [ RunTime:0.000837s ]
[2026-08-18T20:35:03+08:00][sql] SHOW FULL COLUMNS FROM `message` [ RunTime:0.001196s ]
[2026-08-18T20:35:03+08:00][sql] SELECT * FROM `message` WHERE  `goods_id` = 28  AND `id` > 4  AND (  (  `from_uid` = 25  AND `to_uid` = 20 ) OR (  `from_uid` = 20  AND `to_uid` = 25 ) ) ORDER BY `id` ASC [ RunTime:0.001166s ]
[2026-08-18T20:36:03+08:00][sql] CONNECT:[ UseTime:0.010939s ] mysql:host=127.0.0.1;port=3306;dbname=auction;charset=utf8mb4
[2026-08-18T20:36:03+08:00][sql] SHOW FULL COLUMNS FROM `goods` [ RunTime:0.001362s ]
[2026-08-18T20:36:03+08:00][sql] SELECT `id` FROM `goods` WHERE  `status` = 1  AND `end_time` <= 1787056563 [ RunTime:0.000780s ]
[2026-08-18T20:36:03+08:00][sql] SHOW FULL COLUMNS FROM `user` [ RunTime:0.000982s ]
[2026-08-18T20:36:03+08:00][sql] SELECT * FROM `user` WHERE  `id` = 25 LIMIT 1 [ RunTime:0.000632s ]
[2026-08-18T20:36:03+08:00][sql] SHOW FULL COLUMNS FROM `setting` [ RunTime:0.000817s ]
[2026-08-18T20:36:03+08:00][sql] SELECT * FROM `setting` [ RunTime:0.000466s ]
[2026-08-18T20:36:03+08:00][sql] SHOW FULL COLUMNS FROM `message` [ RunTime:0.000962s ]
[2026-08-18T20:36:03+08:00][sql] SELECT * FROM `message` WHERE  `goods_id` = 28  AND `id` > 4  AND (  (  `from_uid` = 25  AND `to_uid` = 20 ) OR (  `from_uid` = 20  AND `to_uid` = 25 ) ) ORDER BY `id` ASC [ RunTime:0.000595s ]
[2026-08-18T20:37:03+08:00][sql] CONNECT:[ UseTime:0.022585s ] mysql:host=127.0.0.1;port=3306;dbname=auction;charset=utf8mb4
[2026-08-18T20:37:03+08:00][sql] SHOW FULL COLUMNS FROM `goods` [ RunTime:0.001554s ]
[2026-08-18T20:37:03+08:00][sql] SELECT `id` FROM `goods` WHERE  `status` = 1  AND `end_time` <= 1787056623 [ RunTime:0.000583s ]
[2026-08-18T20:37:03+08:00][sql] SHOW FULL COLUMNS FROM `user` [ RunTime:0.001365s ]
[2026-08-18T20:37:03+08:00][sql] SELECT * FROM `user` WHERE  `id` = 25 LIMIT 1 [ RunTime:0.001018s ]
[2026-08-18T20:37:03+08:00][sql] SHOW FULL COLUMNS FROM `setting` [ RunTime:0.001182s ]
[2026-08-18T20:37:03+08:00][sql] SELECT * FROM `setting` [ RunTime:0.000745s ]
[2026-08-18T20:37:03+08:00][sql] SHOW FULL COLUMNS FROM `message` [ RunTime:0.001441s ]
[2026-08-18T20:37:03+08:00][sql] SELECT * FROM `message` WHERE  `goods_id` = 28  AND `id` > 4  AND (  (  `from_uid` = 25  AND `to_uid` = 20 ) OR (  `from_uid` = 20  AND `to_uid` = 25 ) ) ORDER BY `id` ASC [ RunTime:0.000573s ]
[2026-08-18T20:38:03+08:00][sql] CONNECT:[ UseTime:0.011691s ] mysql:host=127.0.0.1;port=3306;dbname=auction;charset=utf8mb4
[2026-08-18T20:38:03+08:00][sql] SHOW FULL COLUMNS FROM `goods` [ RunTime:0.001495s ]
[2026-08-18T20:38:03+08:00][sql] SELECT `id` FROM `goods` WHERE  `status` = 1  AND `end_time` <= 1787056683 [ RunTime:0.000570s ]
[2026-08-18T20:38:03+08:00][sql] SHOW FULL COLUMNS FROM `user` [ RunTime:0.001145s ]
[2026-08-18T20:38:03+08:00][sql] SELECT * FROM `user` WHERE  `id` = 25 LIMIT 1 [ RunTime:0.000570s ]
[2026-08-18T20:38:03+08:00][sql] SHOW FULL COLUMNS FROM `setting` [ RunTime:0.001015s ]
[2026-08-18T20:38:03+08:00][sql] SELECT * FROM `setting` [ RunTime:0.000849s ]
[2026-08-18T20:38:03+08:00][sql] SHOW FULL COLUMNS FROM `message` [ RunTime:0.001397s ]
[2026-08-18T20:38:03+08:00][sql] SELECT * FROM `message` WHERE  `goods_id` = 28  AND `id` > 4  AND (  (  `from_uid` = 25  AND `to_uid` = 20 ) OR (  `from_uid` = 20  AND `to_uid` = 25 ) ) ORDER BY `id` ASC [ RunTime:0.001015s ]
[2026-08-18T20:39:03+08:00][sql] CONNECT:[ UseTime:0.012510s ] mysql:host=127.0.0.1;port=3306;dbname=auction;charset=utf8mb4
[2026-08-18T20:39:03+08:00][sql] SHOW FULL COLUMNS FROM `goods` [ RunTime:0.001492s ]
[2026-08-18T20:39:03+08:00][sql] SELECT `id` FROM `goods` WHERE  `status` = 1  AND `end_time` <= 1787056743 [ RunTime:0.000850s ]
[2026-08-18T20:39:03+08:00][sql] SHOW FULL COLUMNS FROM `user` [ RunTime:0.001512s ]
[2026-08-18T20:39:03+08:00][sql] SELECT * FROM `user` WHERE  `id` = 25 LIMIT 1 [ RunTime:0.000819s ]
[2026-08-18T20:39:03+08:00][sql] SHOW FULL COLUMNS FROM `setting` [ RunTime:0.001231s ]
[2026-08-18T20:39:03+08:00][sql] SELECT * FROM `setting` [ RunTime:0.000712s ]
[2026-08-18T20:39:03+08:00][sql] SHOW FULL COLUMNS FROM `message` [ RunTime:0.001302s ]
[2026-08-18T20:39:03+08:00][sql] SELECT * FROM `message` WHERE  `goods_id` = 28  AND `id` > 4  AND (  (  `from_uid` = 25  AND `to_uid` = 20 ) OR (  `from_uid` = 20  AND `to_uid` = 25 ) ) ORDER BY `id` ASC [ RunTime:0.000909s ]
[2026-08-18T20:40:03+08:00][sql] CONNECT:[ UseTime:0.019693s ] mysql:host=127.0.0.1;port=3306;dbname=auction;charset=utf8mb4
[2026-08-18T20:40:03+08:00][sql] SHOW FULL COLUMNS FROM `goods` [ RunTime:0.001431s ]
[2026-08-18T20:40:03+08:00][sql] SELECT `id` FROM `goods` WHERE  `status` = 1  AND `end_time` <= 1787056803 [ RunTime:0.000667s ]
[2026-08-18T20:40:03+08:00][sql] SHOW FULL COLUMNS FROM `user` [ RunTime:0.001282s ]
[2026-08-18T20:40:03+08:00][sql] SELECT * FROM `user` WHERE  `id` = 25 LIMIT 1 [ RunTime:0.000654s ]
[2026-08-18T20:40:03+08:00][sql] SHOW FULL COLUMNS FROM `setting` [ RunTime:0.001113s ]
[2026-08-18T20:40:03+08:00][sql] SELECT * FROM `setting` [ RunTime:0.000476s ]
[2026-08-18T20:40:03+08:00][sql] SHOW FULL COLUMNS FROM `message` [ RunTime:0.001180s ]
[2026-08-18T20:40:03+08:00][sql] SELECT * FROM `message` WHERE  `goods_id` = 28  AND `id` > 4  AND (  (  `from_uid` = 25  AND `to_uid` = 20 ) OR (  `from_uid` = 20  AND `to_uid` = 25 ) ) ORDER BY `id` ASC [ RunTime:0.000671s ]
[2026-08-18T20:41:03+08:00][sql] CONNECT:[ UseTime:0.016576s ] mysql:host=127.0.0.1;port=3306;dbname=auction;charset=utf8mb4
[2026-08-18T20:41:03+08:00][sql] SHOW FULL COLUMNS FROM `goods` [ RunTime:0.001646s ]
[2026-08-18T20:41:03+08:00][sql] SELECT `id` FROM `goods` WHERE  `status` = 1  AND `end_time` <= 1787056863 [ RunTime:0.000985s ]
[2026-08-18T20:41:03+08:00][sql] SHOW FULL COLUMNS FROM `user` [ RunTime:0.001463s ]
[2026-08-18T20:41:03+08:00][sql] SELECT * FROM `user` WHERE  `id` = 25 LIMIT 1 [ RunTime:0.000941s ]
[2026-08-18T20:41:03+08:00][sql] SHOW FULL COLUMNS FROM `setting` [ RunTime:0.001403s ]
[2026-08-18T20:41:03+08:00][sql] SELECT * FROM `setting` [ RunTime:0.000738s ]
[2026-08-18T20:41:03+08:00][sql] SHOW FULL COLUMNS FROM `message` [ RunTime:0.001267s ]
[2026-08-18T20:41:03+08:00][sql] SELECT * FROM `message` WHERE  `goods_id` = 28  AND `id` > 4  AND (  (  `from_uid` = 25  AND `to_uid` = 20 ) OR (  `from_uid` = 20  AND `to_uid` = 25 ) ) ORDER BY `id` ASC [ RunTime:0.000698s ]
[2026-08-18T20:42:03+08:00][sql] CONNECT:[ UseTime:0.015408s ] mysql:host=127.0.0.1;port=3306;dbname=auction;charset=utf8mb4
[2026-08-18T20:42:03+08:00][sql] SHOW FULL COLUMNS FROM `goods` [ RunTime:0.001388s ]
[2026-08-18T20:42:03+08:00][sql] SELECT `id` FROM `goods` WHERE  `status` = 1  AND `end_time` <= 1787056923 [ RunTime:0.000857s ]
[2026-08-18T20:42:03+08:00][sql] SHOW FULL COLUMNS FROM `user` [ RunTime:0.001472s ]
[2026-08-18T20:42:03+08:00][sql] SELECT * FROM `user` WHERE  `id` = 25 LIMIT 1 [ RunTime:0.000993s ]
[2026-08-18T20:42:03+08:00][sql] SHOW FULL COLUMNS FROM `setting` [ RunTime:0.001234s ]
[2026-08-18T20:42:03+08:00][sql] SELECT * FROM `setting` [ RunTime:0.000615s ]
[2026-08-18T20:42:03+08:00][sql] SHOW FULL COLUMNS FROM `message` [ RunTime:0.001210s ]
[2026-08-18T20:42:03+08:00][sql] SELECT * FROM `message` WHERE  `goods_id` = 28  AND `id` > 4  AND (  (  `from_uid` = 25  AND `to_uid` = 20 ) OR (  `from_uid` = 20  AND `to_uid` = 25 ) ) ORDER BY `id` ASC [ RunTime:0.000487s ]
[2026-08-18T20:43:03+08:00][sql] CONNECT:[ UseTime:0.020070s ] mysql:host=127.0.0.1;port=3306;dbname=auction;charset=utf8mb4
[2026-08-18T20:43:03+08:00][sql] SHOW FULL COLUMNS FROM `goods` [ RunTime:0.001416s ]
[2026-08-18T20:43:03+08:00][sql] SELECT `id` FROM `goods` WHERE  `status` = 1  AND `end_time` <= 1787056983 [ RunTime:0.000512s ]
[2026-08-18T20:43:03+08:00][sql] SHOW FULL COLUMNS FROM `user` [ RunTime:0.001207s ]
[2026-08-18T20:43:03+08:00][sql] SELECT * FROM `user` WHERE  `id` = 25 LIMIT 1 [ RunTime:0.000647s ]
[2026-08-18T20:43:03+08:00][sql] SHOW FULL COLUMNS FROM `setting` [ RunTime:0.001215s ]
[2026-08-18T20:43:03+08:00][sql] SELECT * FROM `setting` [ RunTime:0.000667s ]
[2026-08-18T20:43:03+08:00][sql] SHOW FULL COLUMNS FROM `message` [ RunTime:0.001343s ]
[2026-08-18T20:43:03+08:00][sql] SELECT * FROM `message` WHERE  `goods_id` = 28  AND `id` > 4  AND (  (  `from_uid` = 25  AND `to_uid` = 20 ) OR (  `from_uid` = 20  AND `to_uid` = 25 ) ) ORDER BY `id` ASC [ RunTime:0.000923s ]
[2026-08-18T20:44:03+08:00][sql] CONNECT:[ UseTime:0.021497s ] mysql:host=127.0.0.1;port=3306;dbname=auction;charset=utf8mb4
[2026-08-18T20:44:03+08:00][sql] SHOW FULL COLUMNS FROM `goods` [ RunTime:0.001499s ]
[2026-08-18T20:44:03+08:00][sql] SELECT `id` FROM `goods` WHERE  `status` = 1  AND `end_time` <= 1787057043 [ RunTime:0.000861s ]
[2026-08-18T20:44:03+08:00][sql] SHOW FULL COLUMNS FROM `user` [ RunTime:0.001529s ]
[2026-08-18T20:44:03+08:00][sql] SELECT * FROM `user` WHERE  `id` = 25 LIMIT 1 [ RunTime:0.000743s ]
[2026-08-18T20:44:03+08:00][sql] SHOW FULL COLUMNS FROM `setting` [ RunTime:0.001094s ]
[2026-08-18T20:44:03+08:00][sql] SELECT * FROM `setting` [ RunTime:0.000482s ]
[2026-08-18T20:44:03+08:00][sql] SHOW FULL COLUMNS FROM `message` [ RunTime:0.001304s ]
[2026-08-18T20:44:03+08:00][sql] SELECT * FROM `message` WHERE  `goods_id` = 28  AND `id` > 4  AND (  (  `from_uid` = 25  AND `to_uid` = 20 ) OR (  `from_uid` = 20  AND `to_uid` = 25 ) ) ORDER BY `id` ASC [ RunTime:0.000996s ]
[2026-08-18T20:45:03+08:00][sql] CONNECT:[ UseTime:0.016575s ] mysql:host=127.0.0.1;port=3306;dbname=auction;charset=utf8mb4
[2026-08-18T20:45:03+08:00][sql] SHOW FULL COLUMNS FROM `goods` [ RunTime:0.001538s ]
[2026-08-18T20:45:03+08:00][sql] SELECT `id` FROM `goods` WHERE  `status` = 1  AND `end_time` <= 1787057103 [ RunTime:0.000752s ]
[2026-08-18T20:45:03+08:00][sql] SHOW FULL COLUMNS FROM `user` [ RunTime:0.001291s ]
[2026-08-18T20:45:03+08:00][sql] SELECT * FROM `user` WHERE  `id` = 25 LIMIT 1 [ RunTime:0.000683s ]
[2026-08-18T20:45:03+08:00][sql] SHOW FULL COLUMNS FROM `setting` [ RunTime:0.001013s ]
[2026-08-18T20:45:03+08:00][sql] SELECT * FROM `setting` [ RunTime:0.000544s ]
[2026-08-18T20:45:03+08:00][sql] SHOW FULL COLUMNS FROM `message` [ RunTime:0.001260s ]
[2026-08-18T20:45:03+08:00][sql] SELECT * FROM `message` WHERE  `goods_id` = 28  AND `id` > 4  AND (  (  `from_uid` = 25  AND `to_uid` = 20 ) OR (  `from_uid` = 20  AND `to_uid` = 25 ) ) ORDER BY `id` ASC [ RunTime:0.000995s ]
[2026-08-18T20:46:03+08:00][sql] CONNECT:[ UseTime:0.012251s ] mysql:host=127.0.0.1;port=3306;dbname=auction;charset=utf8mb4
[2026-08-18T20:46:03+08:00][sql] SHOW FULL COLUMNS FROM `goods` [ RunTime:0.001662s ]
[2026-08-18T20:46:03+08:00][sql] SELECT `id` FROM `goods` WHERE  `status` = 1  AND `end_time` <= 1787057163 [ RunTime:0.000775s ]
[2026-08-18T20:46:03+08:00][sql] SHOW FULL COLUMNS FROM `user` [ RunTime:0.001733s ]
[2026-08-18T20:46:03+08:00][sql] SELECT * FROM `user` WHERE  `id` = 25 LIMIT 1 [ RunTime:0.001096s ]
[2026-08-18T20:46:03+08:00][sql] SHOW FULL COLUMNS FROM `setting` [ RunTime:0.001247s ]
[2026-08-18T20:46:03+08:00][sql] SELECT * FROM `setting` [ RunTime:0.000759s ]
[2026-08-18T20:46:03+08:00][sql] SHOW FULL COLUMNS FROM `message` [ RunTime:0.001365s ]
[2026-08-18T20:46:03+08:00][sql] SELECT * FROM `message` WHERE  `goods_id` = 28  AND `id` > 4  AND (  (  `from_uid` = 25  AND `to_uid` = 20 ) OR (  `from_uid` = 20  AND `to_uid` = 25 ) ) ORDER BY `id` ASC [ RunTime:0.000758s ]
[2026-08-18T20:47:03+08:00][sql] CONNECT:[ UseTime:0.025681s ] mysql:host=127.0.0.1;port=3306;dbname=auction;charset=utf8mb4
[2026-08-18T20:47:03+08:00][sql] SHOW FULL COLUMNS FROM `goods` [ RunTime:0.001358s ]
[2026-08-18T20:47:03+08:00][sql] SELECT `id` FROM `goods` WHERE  `status` = 1  AND `end_time` <= 1787057223 [ RunTime:0.000737s ]
[2026-08-18T20:47:03+08:00][sql] SHOW FULL COLUMNS FROM `user` [ RunTime:0.001231s ]
[2026-08-18T20:47:03+08:00][sql] SELECT * FROM `user` WHERE  `id` = 25 LIMIT 1 [ RunTime:0.000624s ]
[2026-08-18T20:47:03+08:00][sql] SHOW FULL COLUMNS FROM `setting` [ RunTime:0.000815s ]
[2026-08-18T20:47:03+08:00][sql] SELECT * FROM `setting` [ RunTime:0.000499s ]
[2026-08-18T20:47:03+08:00][sql] SHOW FULL COLUMNS FROM `message` [ RunTime:0.000865s ]
[2026-08-18T20:47:03+08:00][sql] SELECT * FROM `message` WHERE  `goods_id` = 28  AND `id` > 4  AND (  (  `from_uid` = 25  AND `to_uid` = 20 ) OR (  `from_uid` = 20  AND `to_uid` = 25 ) ) ORDER BY `id` ASC [ RunTime:0.000684s ]
[2026-08-18T20:48:03+08:00][sql] CONNECT:[ UseTime:0.025387s ] mysql:host=127.0.0.1;port=3306;dbname=auction;charset=utf8mb4
[2026-08-18T20:48:03+08:00][sql] SHOW FULL COLUMNS FROM `goods` [ RunTime:0.001606s ]
[2026-08-18T20:48:03+08:00][sql] SELECT `id` FROM `goods` WHERE  `status` = 1  AND `end_time` <= 1787057283 [ RunTime:0.000863s ]
[2026-08-18T20:48:03+08:00][sql] SHOW FULL COLUMNS FROM `user` [ RunTime:0.001437s ]
[2026-08-18T20:48:03+08:00][sql] SELECT * FROM `user` WHERE  `id` = 25 LIMIT 1 [ RunTime:0.000848s ]
[2026-08-18T20:48:03+08:00][sql] SHOW FULL COLUMNS FROM `setting` [ RunTime:0.001179s ]
[2026-08-18T20:48:03+08:00][sql] SELECT * FROM `setting` [ RunTime:0.000748s ]
[2026-08-18T20:48:03+08:00][sql] SHOW FULL COLUMNS FROM `message` [ RunTime:0.001397s ]
[2026-08-18T20:48:03+08:00][sql] SELECT * FROM `message` WHERE  `goods_id` = 28  AND `id` > 4  AND (  (  `from_uid` = 25  AND `to_uid` = 20 ) OR (  `from_uid` = 20  AND `to_uid` = 25 ) ) ORDER BY `id` ASC [ RunTime:0.001034s ]
[2026-08-18T21:02:00+08:00][sql] CONNECT:[ UseTime:0.023036s ] mysql:host=127.0.0.1;port=3306;dbname=auction;charset=utf8mb4
[2026-08-18T21:02:00+08:00][sql] SHOW FULL COLUMNS FROM `goods` [ RunTime:0.001211s ]
[2026-08-18T21:02:00+08:00][sql] SELECT `id` FROM `goods` WHERE  `status` = 1  AND `end_time` <= 1787058120 [ RunTime:0.000765s ]
[2026-08-18T21:02:00+08:00][sql] SHOW FULL COLUMNS FROM `user` [ RunTime:0.001413s ]
[2026-08-18T21:02:00+08:00][sql] SELECT * FROM `user` WHERE  `id` = 25 LIMIT 1 [ RunTime:0.000757s ]
[2026-08-18T21:02:00+08:00][sql] SHOW FULL COLUMNS FROM `setting` [ RunTime:0.001132s ]
[2026-08-18T21:02:00+08:00][sql] SELECT * FROM `setting` [ RunTime:0.000670s ]
[2026-08-18T21:02:00+08:00][sql] SHOW FULL COLUMNS FROM `message` [ RunTime:0.001321s ]
[2026-08-18T21:02:00+08:00][sql] SELECT * FROM `message` WHERE  `goods_id` = 28  AND `id` > 4  AND (  (  `from_uid` = 25  AND `to_uid` = 20 ) OR (  `from_uid` = 20  AND `to_uid` = 25 ) ) ORDER BY `id` ASC [ RunTime:0.000745s ]
[2026-08-18T21:02:01+08:00][sql] CONNECT:[ UseTime:0.013029s ] mysql:host=127.0.0.1;port=3306;dbname=auction;charset=utf8mb4
[2026-08-18T21:02:01+08:00][sql] SHOW FULL COLUMNS FROM `goods` [ RunTime:0.001589s ]
[2026-08-18T21:02:01+08:00][sql] SELECT `id` FROM `goods` WHERE  `status` = 1  AND `end_time` <= 1787058121 [ RunTime:0.000761s ]
[2026-08-18T21:02:01+08:00][sql] SHOW FULL COLUMNS FROM `user` [ RunTime:0.001523s ]
[2026-08-18T21:02:01+08:00][sql] SELECT * FROM `user` WHERE  `id` = 25 LIMIT 1 [ RunTime:0.000919s ]
[2026-08-18T21:02:01+08:00][sql] SHOW FULL COLUMNS FROM `setting` [ RunTime:0.001356s ]
[2026-08-18T21:02:01+08:00][sql] SELECT * FROM `setting` [ RunTime:0.000789s ]
[2026-08-18T21:02:01+08:00][sql] SHOW FULL COLUMNS FROM `message` [ RunTime:0.001434s ]
[2026-08-18T21:02:01+08:00][sql] SELECT * FROM `message` WHERE  `goods_id` = 28  AND `id` > 4  AND (  (  `from_uid` = 25  AND `to_uid` = 20 ) OR (  `from_uid` = 20  AND `to_uid` = 25 ) ) ORDER BY `id` ASC [ RunTime:0.000760s ]
[2026-08-18T21:02:02+08:00][sql] CONNECT:[ UseTime:0.009518s ] mysql:host=127.0.0.1;port=3306;dbname=auction;charset=utf8mb4
[2026-08-18T21:02:02+08:00][sql] SHOW FULL COLUMNS FROM `goods` [ RunTime:0.001664s ]
[2026-08-18T21:02:02+08:00][sql] SELECT `id` FROM `goods` WHERE  `status` = 1  AND `end_time` <= 1787058122 [ RunTime:0.000840s ]
[2026-08-18T21:02:02+08:00][sql] SHOW FULL COLUMNS FROM `user` [ RunTime:0.001149s ]
[2026-08-18T21:02:02+08:00][sql] SELECT * FROM `user` WHERE  `id` = 25 LIMIT 1 [ RunTime:0.000915s ]
[2026-08-18T21:02:02+08:00][sql] SHOW FULL COLUMNS FROM `setting` [ RunTime:0.001266s ]
[2026-08-18T21:02:02+08:00][sql] SELECT * FROM `setting` [ RunTime:0.000510s ]
[2026-08-18T21:02:02+08:00][sql] SELECT * FROM `goods` WHERE  `id` = 28  AND `status` = 1 LIMIT 1 [ RunTime:0.001010s ]
[2026-08-18T21:02:02+08:00][sql] SELECT * FROM `user` WHERE  `id` = 20 LIMIT 1 [ RunTime:0.000907s ]
[2026-08-18T21:02:02+08:00][sql] SHOW FULL COLUMNS FROM `message` [ RunTime:0.001411s ]
[2026-08-18T21:02:02+08:00][sql] SELECT * FROM `message` WHERE  `goods_id` = 28  AND (  (  `from_uid` = 25  AND `to_uid` = 20 ) OR (  `from_uid` = 20  AND `to_uid` = 25 ) ) ORDER BY `id` ASC [ RunTime:0.000952s ]
[2026-08-18T21:02:02+08:00][sql] UPDATE `message`  SET `is_read` = 1  WHERE  `goods_id` = 28  AND `from_uid` = 20  AND `to_uid` = 25  AND `is_read` = 0 [ RunTime:0.000969s ]
[2026-08-18T21:02:05+08:00][sql] CONNECT:[ UseTime:0.001788s ] mysql:host=127.0.0.1;port=3306;dbname=auction;charset=utf8mb4
[2026-08-18T21:02:05+08:00][sql] SHOW FULL COLUMNS FROM `goods` [ RunTime:0.001424s ]
[2026-08-18T21:02:05+08:00][sql] SELECT `id` FROM `goods` WHERE  `status` = 1  AND `end_time` <= 1787058125 [ RunTime:0.000735s ]
[2026-08-18T21:02:05+08:00][sql] SHOW FULL COLUMNS FROM `user` [ RunTime:0.001319s ]
[2026-08-18T21:02:05+08:00][sql] SELECT * FROM `user` WHERE  `id` = 25 LIMIT 1 [ RunTime:0.000852s ]
[2026-08-18T21:02:05+08:00][sql] SHOW FULL COLUMNS FROM `setting` [ RunTime:0.001266s ]
[2026-08-18T21:02:05+08:00][sql] SELECT * FROM `setting` [ RunTime:0.000782s ]
[2026-08-18T21:02:05+08:00][sql] SHOW FULL COLUMNS FROM `message` [ RunTime:0.001393s ]
[2026-08-18T21:02:05+08:00][sql] SELECT * FROM `message` WHERE  `goods_id` = 28  AND `id` > 4  AND (  (  `from_uid` = 25  AND `to_uid` = 20 ) OR (  `from_uid` = 20  AND `to_uid` = 25 ) ) ORDER BY `id` ASC [ RunTime:0.000920s ]
[2026-08-18T21:02:07+08:00][sql] CONNECT:[ UseTime:0.002181s ] mysql:host=127.0.0.1;port=3306;dbname=auction;charset=utf8mb4
[2026-08-18T21:02:07+08:00][sql] SHOW FULL COLUMNS FROM `goods` [ RunTime:0.001532s ]
[2026-08-18T21:02:07+08:00][sql] SELECT `id` FROM `goods` WHERE  `status` = 1  AND `end_time` <= 1787058127 [ RunTime:0.000760s ]
[2026-08-18T21:02:07+08:00][sql] SHOW FULL COLUMNS FROM `user` [ RunTime:0.001398s ]
[2026-08-18T21:02:07+08:00][sql] SELECT * FROM `user` WHERE  `id` = 25 LIMIT 1 [ RunTime:0.000961s ]
[2026-08-18T21:02:07+08:00][sql] SHOW FULL COLUMNS FROM `setting` [ RunTime:0.001323s ]
[2026-08-18T21:02:07+08:00][sql] SELECT * FROM `setting` [ RunTime:0.000913s ]
[2026-08-18T21:02:07+08:00][sql] SHOW FULL COLUMNS FROM `message` [ RunTime:0.001343s ]
[2026-08-18T21:02:07+08:00][sql] INSERT INTO `message` SET `from_uid` = 25 , `to_uid` = 20 , `goods_id` = 28 , `content` = '111' , `is_read` = 0 , `create_time` = 1787058127 [ RunTime:0.004790s ]
[2026-08-18T21:02:08+08:00][sql] CONNECT:[ UseTime:0.002370s ] mysql:host=127.0.0.1;port=3306;dbname=auction;charset=utf8mb4
[2026-08-18T21:02:08+08:00][sql] SHOW FULL COLUMNS FROM `goods` [ RunTime:0.002152s ]
[2026-08-18T21:02:08+08:00][sql] SELECT `id` FROM `goods` WHERE  `status` = 1  AND `end_time` <= 1787058128 [ RunTime:0.001075s ]
[2026-08-18T21:02:08+08:00][sql] SHOW FULL COLUMNS FROM `user` [ RunTime:0.001571s ]
[2026-08-18T21:02:08+08:00][sql] SELECT * FROM `user` WHERE  `id` = 25 LIMIT 1 [ RunTime:0.000961s ]
[2026-08-18T21:02:08+08:00][sql] SHOW FULL COLUMNS FROM `setting` [ RunTime:0.001340s ]
[2026-08-18T21:02:08+08:00][sql] SELECT * FROM `setting` [ RunTime:0.000771s ]
[2026-08-18T21:02:08+08:00][sql] SHOW FULL COLUMNS FROM `message` [ RunTime:0.001252s ]
[2026-08-18T21:02:08+08:00][sql] SELECT * FROM `message` WHERE  `goods_id` = 28  AND `id` > 5  AND (  (  `from_uid` = 25  AND `to_uid` = 20 ) OR (  `from_uid` = 20  AND `to_uid` = 25 ) ) ORDER BY `id` ASC [ RunTime:0.000903s ]
[2026-08-18T21:02:11+08:00][sql] CONNECT:[ UseTime:0.020204s ] mysql:host=127.0.0.1;port=3306;dbname=auction;charset=utf8mb4
[2026-08-18T21:02:11+08:00][sql] SHOW FULL COLUMNS FROM `goods` [ RunTime:0.001239s ]
[2026-08-18T21:02:11+08:00][sql] SELECT `id` FROM `goods` WHERE  `status` = 1  AND `end_time` <= 1787058131 [ RunTime:0.000865s ]
[2026-08-18T21:02:11+08:00][sql] SHOW FULL COLUMNS FROM `user` [ RunTime:0.001592s ]
[2026-08-18T21:02:11+08:00][sql] SELECT * FROM `user` WHERE  `id` = 25 LIMIT 1 [ RunTime:0.001033s ]
[2026-08-18T21:02:11+08:00][sql] SHOW FULL COLUMNS FROM `setting` [ RunTime:0.001321s ]
[2026-08-18T21:02:11+08:00][sql] SELECT * FROM `setting` [ RunTime:0.000771s ]
[2026-08-18T21:02:11+08:00][sql] SHOW FULL COLUMNS FROM `message` [ RunTime:0.001335s ]
[2026-08-18T21:02:11+08:00][sql] SELECT * FROM `message` WHERE  `goods_id` = 28  AND `id` > 5  AND (  (  `from_uid` = 25  AND `to_uid` = 20 ) OR (  `from_uid` = 20  AND `to_uid` = 25 ) ) ORDER BY `id` ASC [ RunTime:0.000785s ]
[2026-08-18T21:02:14+08:00][sql] CONNECT:[ UseTime:0.010826s ] mysql:host=127.0.0.1;port=3306;dbname=auction;charset=utf8mb4
[2026-08-18T21:02:14+08:00][sql] SHOW FULL COLUMNS FROM `goods` [ RunTime:0.001696s ]
[2026-08-18T21:02:14+08:00][sql] SELECT `id` FROM `goods` WHERE  `status` = 1  AND `end_time` <= 1787058134 [ RunTime:0.000907s ]
[2026-08-18T21:02:14+08:00][sql] SHOW FULL COLUMNS FROM `user` [ RunTime:0.001768s ]
[2026-08-18T21:02:14+08:00][sql] SELECT * FROM `user` WHERE  `id` = 25 LIMIT 1 [ RunTime:0.001108s ]
[2026-08-18T21:02:14+08:00][sql] SHOW FULL COLUMNS FROM `setting` [ RunTime:0.001563s ]
[2026-08-18T21:02:14+08:00][sql] SELECT * FROM `setting` [ RunTime:0.000812s ]
[2026-08-18T21:02:14+08:00][sql] SHOW FULL COLUMNS FROM `message` [ RunTime:0.001195s ]
[2026-08-18T21:02:14+08:00][sql] SELECT * FROM `message` WHERE  `goods_id` = 28  AND `id` > 5  AND (  (  `from_uid` = 25  AND `to_uid` = 20 ) OR (  `from_uid` = 20  AND `to_uid` = 25 ) ) ORDER BY `id` ASC [ RunTime:0.002526s ]
[2026-08-18T21:02:17+08:00][sql] CONNECT:[ UseTime:0.002043s ] mysql:host=127.0.0.1;port=3306;dbname=auction;charset=utf8mb4
[2026-08-18T21:02:17+08:00][sql] SHOW FULL COLUMNS FROM `goods` [ RunTime:0.001224s ]
[2026-08-18T21:02:17+08:00][sql] SELECT `id` FROM `goods` WHERE  `status` = 1  AND `end_time` <= 1787058137 [ RunTime:0.001636s ]
[2026-08-18T21:02:17+08:00][sql] SHOW FULL COLUMNS FROM `user` [ RunTime:0.001895s ]
[2026-08-18T21:02:17+08:00][sql] SELECT * FROM `user` WHERE  `id` = 25 LIMIT 1 [ RunTime:0.000908s ]
[2026-08-18T21:02:17+08:00][sql] SHOW FULL COLUMNS FROM `setting` [ RunTime:0.001163s ]
[2026-08-18T21:02:17+08:00][sql] SELECT * FROM `setting` [ RunTime:0.000680s ]
[2026-08-18T21:02:17+08:00][sql] SHOW FULL COLUMNS FROM `message` [ RunTime:0.001376s ]
[2026-08-18T21:02:17+08:00][sql] SELECT * FROM `message` WHERE  `goods_id` = 28  AND `id` > 5  AND (  (  `from_uid` = 25  AND `to_uid` = 20 ) OR (  `from_uid` = 20  AND `to_uid` = 25 ) ) ORDER BY `id` ASC [ RunTime:0.000970s ]
[2026-08-18T21:02:20+08:00][sql] CONNECT:[ UseTime:0.023729s ] mysql:host=127.0.0.1;port=3306;dbname=auction;charset=utf8mb4
[2026-08-18T21:02:20+08:00][sql] SHOW FULL COLUMNS FROM `goods` [ RunTime:0.002349s ]
[2026-08-18T21:02:20+08:00][sql] SELECT `id` FROM `goods` WHERE  `status` = 1  AND `end_time` <= 1787058140 [ RunTime:0.000973s ]
[2026-08-18T21:02:20+08:00][sql] SHOW FULL COLUMNS FROM `user` [ RunTime:0.001681s ]
[2026-08-18T21:02:20+08:00][sql] SELECT * FROM `user` WHERE  `id` = 25 LIMIT 1 [ RunTime:0.001202s ]
[2026-08-18T21:02:20+08:00][sql] SHOW FULL COLUMNS FROM `setting` [ RunTime:0.001817s ]
[2026-08-18T21:02:20+08:00][sql] SELECT * FROM `setting` [ RunTime:0.000945s ]
[2026-08-18T21:02:20+08:00][sql] SHOW FULL COLUMNS FROM `message` [ RunTime:0.001369s ]
[2026-08-18T21:02:20+08:00][sql] SELECT * FROM `message` WHERE  `goods_id` = 28  AND `id` > 5  AND (  (  `from_uid` = 25  AND `to_uid` = 20 ) OR (  `from_uid` = 20  AND `to_uid` = 25 ) ) ORDER BY `id` ASC [ RunTime:0.000955s ]
[2026-08-18T21:02:23+08:00][sql] CONNECT:[ UseTime:0.010995s ] mysql:host=127.0.0.1;port=3306;dbname=auction;charset=utf8mb4
[2026-08-18T21:02:23+08:00][sql] SHOW FULL COLUMNS FROM `goods` [ RunTime:0.001088s ]
[2026-08-18T21:02:23+08:00][sql] SELECT `id` FROM `goods` WHERE  `status` = 1  AND `end_time` <= 1787058143 [ RunTime:0.001121s ]
[2026-08-18T21:02:23+08:00][sql] SHOW FULL COLUMNS FROM `user` [ RunTime:0.001858s ]
[2026-08-18T21:02:23+08:00][sql] SELECT * FROM `user` WHERE  `id` = 25 LIMIT 1 [ RunTime:0.001164s ]
[2026-08-18T21:02:23+08:00][sql] SHOW FULL COLUMNS FROM `setting` [ RunTime:0.001459s ]
[2026-08-18T21:02:23+08:00][sql] SELECT * FROM `setting` [ RunTime:0.000906s ]
[2026-08-18T21:02:23+08:00][sql] SHOW FULL COLUMNS FROM `message` [ RunTime:0.001615s ]
[2026-08-18T21:02:23+08:00][sql] SELECT * FROM `message` WHERE  `goods_id` = 28  AND `id` > 5  AND (  (  `from_uid` = 25  AND `to_uid` = 20 ) OR (  `from_uid` = 20  AND `to_uid` = 25 ) ) ORDER BY `id` ASC [ RunTime:0.000958s ]
[2026-08-18T21:02:26+08:00][sql] CONNECT:[ UseTime:0.017086s ] mysql:host=127.0.0.1;port=3306;dbname=auction;charset=utf8mb4
[2026-08-18T21:02:26+08:00][sql] SHOW FULL COLUMNS FROM `goods` [ RunTime:0.001676s ]
[2026-08-18T21:02:26+08:00][sql] SELECT `id` FROM `goods` WHERE  `status` = 1  AND `end_time` <= 1787058146 [ RunTime:0.000984s ]
[2026-08-18T21:02:26+08:00][sql] SHOW FULL COLUMNS FROM `user` [ RunTime:0.001686s ]
[2026-08-18T21:02:26+08:00][sql] SELECT * FROM `user` WHERE  `id` = 25 LIMIT 1 [ RunTime:0.001094s ]
[2026-08-18T21:02:26+08:00][sql] SHOW FULL COLUMNS FROM `setting` [ RunTime:0.001295s ]
[2026-08-18T21:02:26+08:00][sql] SELECT * FROM `setting` [ RunTime:0.000649s ]
[2026-08-18T21:02:26+08:00][sql] SHOW FULL COLUMNS FROM `message` [ RunTime:0.001430s ]
[2026-08-18T21:02:26+08:00][sql] SELECT * FROM `message` WHERE  `goods_id` = 28  AND `id` > 5  AND (  (  `from_uid` = 25  AND `to_uid` = 20 ) OR (  `from_uid` = 20  AND `to_uid` = 25 ) ) ORDER BY `id` ASC [ RunTime:0.001081s ]
[2026-08-18T21:02:29+08:00][sql] CONNECT:[ UseTime:0.012777s ] mysql:host=127.0.0.1;port=3306;dbname=auction;charset=utf8mb4
[2026-08-18T21:02:29+08:00][sql] SHOW FULL COLUMNS FROM `goods` [ RunTime:0.001850s ]
[2026-08-18T21:02:29+08:00][sql] SELECT `id` FROM `goods` WHERE  `status` = 1  AND `end_time` <= 1787058149 [ RunTime:0.001039s ]
[2026-08-18T21:02:29+08:00][sql] SHOW FULL COLUMNS FROM `user` [ RunTime:0.001785s ]
[2026-08-18T21:02:29+08:00][sql] SELECT * FROM `user` WHERE  `id` = 25 LIMIT 1 [ RunTime:0.001115s ]
[2026-08-18T21:02:29+08:00][sql] SHOW FULL COLUMNS FROM `setting` [ RunTime:0.001206s ]
[2026-08-18T21:02:29+08:00][sql] SELECT * FROM `setting` [ RunTime:0.000601s ]
[2026-08-18T21:02:29+08:00][sql] SHOW FULL COLUMNS FROM `message` [ RunTime:0.001276s ]
[2026-08-18T21:02:29+08:00][sql] SELECT * FROM `message` WHERE  `goods_id` = 28  AND `id` > 5  AND (  (  `from_uid` = 25  AND `to_uid` = 20 ) OR (  `from_uid` = 20  AND `to_uid` = 25 ) ) ORDER BY `id` ASC [ RunTime:0.000683s ]
[2026-08-18T21:02:32+08:00][sql] CONNECT:[ UseTime:0.020720s ] mysql:host=127.0.0.1;port=3306;dbname=auction;charset=utf8mb4
[2026-08-18T21:02:32+08:00][sql] SHOW FULL COLUMNS FROM `goods` [ RunTime:0.001750s ]
[2026-08-18T21:02:32+08:00][sql] SELECT `id` FROM `goods` WHERE  `status` = 1  AND `end_time` <= 1787058152 [ RunTime:0.000895s ]
[2026-08-18T21:02:32+08:00][sql] SHOW FULL COLUMNS FROM `user` [ RunTime:0.001821s ]
[2026-08-18T21:02:32+08:00][sql] SELECT * FROM `user` WHERE  `id` = 25 LIMIT 1 [ RunTime:0.000861s ]
[2026-08-18T21:02:32+08:00][sql] SHOW FULL COLUMNS FROM `setting` [ RunTime:0.001293s ]
[2026-08-18T21:02:32+08:00][sql] SELECT * FROM `setting` [ RunTime:0.000891s ]
[2026-08-18T21:02:32+08:00][sql] SHOW FULL COLUMNS FROM `message` [ RunTime:0.001461s ]
[2026-08-18T21:02:32+08:00][sql] SELECT * FROM `message` WHERE  `goods_id` = 28  AND `id` > 5  AND (  (  `from_uid` = 25  AND `to_uid` = 20 ) OR (  `from_uid` = 20  AND `to_uid` = 25 ) ) ORDER BY `id` ASC [ RunTime:0.001115s ]
[2026-08-18T21:02:35+08:00][sql] CONNECT:[ UseTime:0.020867s ] mysql:host=127.0.0.1;port=3306;dbname=auction;charset=utf8mb4
[2026-08-18T21:02:35+08:00][sql] SHOW FULL COLUMNS FROM `goods` [ RunTime:0.001979s ]
[2026-08-18T21:02:35+08:00][sql] SELECT `id` FROM `goods` WHERE  `status` = 1  AND `end_time` <= 1787058155 [ RunTime:0.001414s ]
[2026-08-18T21:02:35+08:00][sql] SHOW FULL COLUMNS FROM `user` [ RunTime:0.002287s ]
[2026-08-18T21:02:35+08:00][sql] SELECT * FROM `user` WHERE  `id` = 25 LIMIT 1 [ RunTime:0.001457s ]
[2026-08-18T21:02:35+08:00][sql] SHOW FULL COLUMNS FROM `setting` [ RunTime:0.001791s ]
[2026-08-18T21:02:35+08:00][sql] SELECT * FROM `setting` [ RunTime:0.000921s ]
[2026-08-18T21:02:35+08:00][sql] SHOW FULL COLUMNS FROM `message` [ RunTime:0.001535s ]
[2026-08-18T21:02:35+08:00][sql] SELECT * FROM `message` WHERE  `goods_id` = 28  AND `id` > 5  AND (  (  `from_uid` = 25  AND `to_uid` = 20 ) OR (  `from_uid` = 20  AND `to_uid` = 25 ) ) ORDER BY `id` ASC [ RunTime:0.001094s ]
[2026-08-18T21:02:38+08:00][sql] CONNECT:[ UseTime:0.018955s ] mysql:host=127.0.0.1;port=3306;dbname=auction;charset=utf8mb4
[2026-08-18T21:02:38+08:00][sql] SHOW FULL COLUMNS FROM `goods` [ RunTime:0.001862s ]
[2026-08-18T21:02:38+08:00][sql] SELECT `id` FROM `goods` WHERE  `status` = 1  AND `end_time` <= 1787058158 [ RunTime:0.001070s ]
[2026-08-18T21:02:38+08:00][sql] SHOW FULL COLUMNS FROM `user` [ RunTime:0.001822s ]
[2026-08-18T21:02:38+08:00][sql] SELECT * FROM `user` WHERE  `id` = 25 LIMIT 1 [ RunTime:0.000931s ]
[2026-08-18T21:02:38+08:00][sql] SHOW FULL COLUMNS FROM `setting` [ RunTime:0.001851s ]
[2026-08-18T21:02:38+08:00][sql] SELECT * FROM `setting` [ RunTime:0.000942s ]
[2026-08-18T21:02:38+08:00][sql] SHOW FULL COLUMNS FROM `message` [ RunTime:0.001636s ]
[2026-08-18T21:02:38+08:00][sql] SELECT * FROM `message` WHERE  `goods_id` = 28  AND `id` > 5  AND (  (  `from_uid` = 25  AND `to_uid` = 20 ) OR (  `from_uid` = 20  AND `to_uid` = 25 ) ) ORDER BY `id` ASC [ RunTime:0.001120s ]
[2026-08-18T21:02:41+08:00][sql] CONNECT:[ UseTime:0.012859s ] mysql:host=127.0.0.1;port=3306;dbname=auction;charset=utf8mb4
[2026-08-18T21:02:41+08:00][sql] SHOW FULL COLUMNS FROM `goods` [ RunTime:0.001692s ]
[2026-08-18T21:02:41+08:00][sql] SELECT `id` FROM `goods` WHERE  `status` = 1  AND `end_time` <= 1787058161 [ RunTime:0.000911s ]
[2026-08-18T21:02:41+08:00][sql] SHOW FULL COLUMNS FROM `user` [ RunTime:0.001533s ]
[2026-08-18T21:02:41+08:00][sql] SELECT * FROM `user` WHERE  `id` = 25 LIMIT 1 [ RunTime:0.000724s ]
[2026-08-18T21:02:41+08:00][sql] SHOW FULL COLUMNS FROM `setting` [ RunTime:0.001092s ]
[2026-08-18T21:02:41+08:00][sql] SELECT * FROM `setting` [ RunTime:0.000444s ]
[2026-08-18T21:02:41+08:00][sql] SHOW FULL COLUMNS FROM `message` [ RunTime:0.001139s ]
[2026-08-18T21:02:41+08:00][sql] SELECT * FROM `message` WHERE  `goods_id` = 28  AND `id` > 5  AND (  (  `from_uid` = 25  AND `to_uid` = 20 ) OR (  `from_uid` = 20  AND `to_uid` = 25 ) ) ORDER BY `id` ASC [ RunTime:0.000751s ]
[2026-08-18T21:02:44+08:00][sql] CONNECT:[ UseTime:0.010877s ] mysql:host=127.0.0.1;port=3306;dbname=auction;charset=utf8mb4
[2026-08-18T21:02:44+08:00][sql] SHOW FULL COLUMNS FROM `goods` [ RunTime:0.001980s ]
[2026-08-18T21:02:44+08:00][sql] SELECT `id` FROM `goods` WHERE  `status` = 1  AND `end_time` <= 1787058164 [ RunTime:0.001126s ]
[2026-08-18T21:02:44+08:00][sql] SHOW FULL COLUMNS FROM `user` [ RunTime:0.001839s ]
[2026-08-18T21:02:44+08:00][sql] SELECT * FROM `user` WHERE  `id` = 25 LIMIT 1 [ RunTime:0.001168s ]
[2026-08-18T21:02:44+08:00][sql] SHOW FULL COLUMNS FROM `setting` [ RunTime:0.001484s ]
[2026-08-18T21:02:44+08:00][sql] SELECT * FROM `setting` [ RunTime:0.000906s ]
[2026-08-18T21:02:44+08:00][sql] SHOW FULL COLUMNS FROM `message` [ RunTime:0.001535s ]
[2026-08-18T21:02:44+08:00][sql] SELECT * FROM `message` WHERE  `goods_id` = 28  AND `id` > 5  AND (  (  `from_uid` = 25  AND `to_uid` = 20 ) OR (  `from_uid` = 20  AND `to_uid` = 25 ) ) ORDER BY `id` ASC [ RunTime:0.001130s ]
[2026-08-18T21:02:47+08:00][sql] CONNECT:[ UseTime:0.012055s ] mysql:host=127.0.0.1;port=3306;dbname=auction;charset=utf8mb4
[2026-08-18T21:02:47+08:00][sql] SHOW FULL COLUMNS FROM `goods` [ RunTime:0.001870s ]
[2026-08-18T21:02:47+08:00][sql] SELECT `id` FROM `goods` WHERE  `status` = 1  AND `end_time` <= 1787058167 [ RunTime:0.001067s ]
[2026-08-18T21:02:47+08:00][sql] SHOW FULL COLUMNS FROM `user` [ RunTime:0.001650s ]
[2026-08-18T21:02:47+08:00][sql] SELECT * FROM `user` WHERE  `id` = 25 LIMIT 1 [ RunTime:0.000895s ]
[2026-08-18T21:02:47+08:00][sql] SHOW FULL COLUMNS FROM `setting` [ RunTime:0.001542s ]
[2026-08-18T21:02:47+08:00][sql] SELECT * FROM `setting` [ RunTime:0.000896s ]
[2026-08-18T21:02:47+08:00][sql] SHOW FULL COLUMNS FROM `message` [ RunTime:0.001505s ]
[2026-08-18T21:02:47+08:00][sql] SELECT * FROM `message` WHERE  `goods_id` = 28  AND `id` > 5  AND (  (  `from_uid` = 25  AND `to_uid` = 20 ) OR (  `from_uid` = 20  AND `to_uid` = 25 ) ) ORDER BY `id` ASC [ RunTime:0.000916s ]
[2026-08-18T21:02:51+08:00][sql] CONNECT:[ UseTime:0.008779s ] mysql:host=127.0.0.1;port=3306;dbname=auction;charset=utf8mb4
[2026-08-18T21:02:51+08:00][sql] SHOW FULL COLUMNS FROM `goods` [ RunTime:0.002080s ]
[2026-08-18T21:02:51+08:00][sql] SELECT `id` FROM `goods` WHERE  `status` = 1  AND `end_time` <= 1787058170 [ RunTime:0.001018s ]
[2026-08-18T21:02:51+08:00][sql] SHOW FULL COLUMNS FROM `user` [ RunTime:0.002245s ]
[2026-08-18T21:02:51+08:00][sql] SELECT * FROM `user` WHERE  `id` = 25 LIMIT 1 [ RunTime:0.001242s ]
[2026-08-18T21:02:51+08:00][sql] SHOW FULL COLUMNS FROM `setting` [ RunTime:0.001450s ]
[2026-08-18T21:02:51+08:00][sql] SELECT * FROM `setting` [ RunTime:0.000777s ]
[2026-08-18T21:02:51+08:00][sql] SHOW FULL COLUMNS FROM `message` [ RunTime:0.001343s ]
[2026-08-18T21:02:51+08:00][sql] SELECT * FROM `message` WHERE  `goods_id` = 28  AND `id` > 5  AND (  (  `from_uid` = 25  AND `to_uid` = 20 ) OR (  `from_uid` = 20  AND `to_uid` = 25 ) ) ORDER BY `id` ASC [ RunTime:0.000914s ]
[2026-08-18T21:02:51+08:00][sql] CONNECT:[ UseTime:0.024938s ] mysql:host=127.0.0.1;port=3306;dbname=auction;charset=utf8mb4
[2026-08-18T21:02:51+08:00][sql] SHOW FULL COLUMNS FROM `goods` [ RunTime:0.001724s ]
[2026-08-18T21:02:51+08:00][sql] SELECT `id` FROM `goods` WHERE  `status` = 1  AND `end_time` <= 1787058171 [ RunTime:0.000803s ]
[2026-08-18T21:02:51+08:00][sql] SHOW FULL COLUMNS FROM `setting` [ RunTime:0.001094s ]
[2026-08-18T21:02:51+08:00][sql] SELECT * FROM `setting` [ RunTime:0.000601s ]
[2026-08-18T21:02:52+08:00][sql] CONNECT:[ UseTime:0.001855s ] mysql:host=127.0.0.1;port=3306;dbname=auction;charset=utf8mb4
[2026-08-18T21:02:52+08:00][sql] SHOW FULL COLUMNS FROM `goods` [ RunTime:0.001538s ]
[2026-08-18T21:02:52+08:00][sql] SELECT `id` FROM `goods` WHERE  `status` = 1  AND `end_time` <= 1787058172 [ RunTime:0.000894s ]
[2026-08-18T21:02:52+08:00][sql] SHOW FULL COLUMNS FROM `setting` [ RunTime:0.001381s ]
[2026-08-18T21:02:52+08:00][sql] SELECT * FROM `setting` [ RunTime:0.001024s ]
[2026-08-18T21:02:53+08:00][sql] CONNECT:[ UseTime:0.013637s ] mysql:host=127.0.0.1;port=3306;dbname=auction;charset=utf8mb4
[2026-08-18T21:02:53+08:00][sql] SHOW FULL COLUMNS FROM `goods` [ RunTime:0.002112s ]
[2026-08-18T21:02:53+08:00][sql] SELECT `id` FROM `goods` WHERE  `status` = 1  AND `end_time` <= 1787058173 [ RunTime:0.001131s ]
[2026-08-18T21:02:53+08:00][sql] SHOW FULL COLUMNS FROM `user` [ RunTime:0.001311s ]
[2026-08-18T21:02:53+08:00][sql] SELECT * FROM `user` WHERE  `id` = 25 LIMIT 1 [ RunTime:0.000887s ]
[2026-08-18T21:02:53+08:00][sql] SHOW FULL COLUMNS FROM `setting` [ RunTime:0.001251s ]
[2026-08-18T21:02:53+08:00][sql] SELECT * FROM `setting` [ RunTime:0.000702s ]
[2026-08-18T21:02:53+08:00][sql] SHOW FULL COLUMNS FROM `message` [ RunTime:0.001524s ]
[2026-08-18T21:02:53+08:00][sql] SELECT * FROM `message` WHERE  `goods_id` = 28  AND `id` > 5  AND (  (  `from_uid` = 25  AND `to_uid` = 20 ) OR (  `from_uid` = 20  AND `to_uid` = 25 ) ) ORDER BY `id` ASC [ RunTime:0.001476s ]
[2026-08-18T21:02:56+08:00][sql] CONNECT:[ UseTime:0.003181s ] mysql:host=127.0.0.1;port=3306;dbname=auction;charset=utf8mb4
[2026-08-18T21:02:56+08:00][sql] SHOW FULL COLUMNS FROM `goods` [ RunTime:0.001714s ]
[2026-08-18T21:02:56+08:00][sql] SELECT `id` FROM `goods` WHERE  `status` = 1  AND `end_time` <= 1787058176 [ RunTime:0.000874s ]
[2026-08-18T21:02:56+08:00][sql] SHOW FULL COLUMNS FROM `user` [ RunTime:0.001750s ]
[2026-08-18T21:02:56+08:00][sql] SELECT * FROM `user` WHERE  `id` = 25 LIMIT 1 [ RunTime:0.001143s ]
[2026-08-18T21:02:56+08:00][sql] SHOW FULL COLUMNS FROM `setting` [ RunTime:0.001518s ]
[2026-08-18T21:02:56+08:00][sql] SELECT * FROM `setting` [ RunTime:0.000898s ]
[2026-08-18T21:02:56+08:00][sql] SHOW FULL COLUMNS FROM `message` [ RunTime:0.001441s ]
[2026-08-18T21:02:56+08:00][sql] SELECT * FROM `message` WHERE  `goods_id` = 28  AND `id` > 5  AND (  (  `from_uid` = 25  AND `to_uid` = 20 ) OR (  `from_uid` = 20  AND `to_uid` = 25 ) ) ORDER BY `id` ASC [ RunTime:0.001032s ]
[2026-08-18T21:02:59+08:00][sql] CONNECT:[ UseTime:0.002738s ] mysql:host=127.0.0.1;port=3306;dbname=auction;charset=utf8mb4
[2026-08-18T21:02:59+08:00][sql] SHOW FULL COLUMNS FROM `goods` [ RunTime:0.001774s ]
[2026-08-18T21:02:59+08:00][sql] SELECT `id` FROM `goods` WHERE  `status` = 1  AND `end_time` <= 1787058179 [ RunTime:0.000810s ]
[2026-08-18T21:02:59+08:00][sql] SHOW FULL COLUMNS FROM `user` [ RunTime:0.001673s ]
[2026-08-18T21:02:59+08:00][sql] SELECT * FROM `user` WHERE  `id` = 25 LIMIT 1 [ RunTime:0.000853s ]
[2026-08-18T21:02:59+08:00][sql] SHOW FULL COLUMNS FROM `setting` [ RunTime:0.001337s ]
[2026-08-18T21:02:59+08:00][sql] SELECT * FROM `setting` [ RunTime:0.000763s ]
[2026-08-18T21:02:59+08:00][sql] SHOW FULL COLUMNS FROM `message` [ RunTime:0.001757s ]
[2026-08-18T21:02:59+08:00][sql] SELECT * FROM `message` WHERE  `goods_id` = 28  AND `id` > 5  AND (  (  `from_uid` = 25  AND `to_uid` = 20 ) OR (  `from_uid` = 20  AND `to_uid` = 25 ) ) ORDER BY `id` ASC [ RunTime:0.001135s ]
[2026-08-18T21:03:02+08:00][sql] CONNECT:[ UseTime:0.001864s ] mysql:host=127.0.0.1;port=3306;dbname=auction;charset=utf8mb4
[2026-08-18T21:03:02+08:00][sql] SHOW FULL COLUMNS FROM `goods` [ RunTime:0.001524s ]
[2026-08-18T21:03:02+08:00][sql] SELECT `id` FROM `goods` WHERE  `status` = 1  AND `end_time` <= 1787058182 [ RunTime:0.000884s ]
[2026-08-18T21:03:02+08:00][sql] SHOW FULL COLUMNS FROM `user` [ RunTime:0.001513s ]
[2026-08-18T21:03:02+08:00][sql] SELECT * FROM `user` WHERE  `id` = 25 LIMIT 1 [ RunTime:0.000976s ]
[2026-08-18T21:03:02+08:00][sql] SHOW FULL COLUMNS FROM `setting` [ RunTime:0.001334s ]
[2026-08-18T21:03:02+08:00][sql] SELECT * FROM `setting` [ RunTime:0.000713s ]
[2026-08-18T21:03:02+08:00][sql] SHOW FULL COLUMNS FROM `message` [ RunTime:0.001284s ]
[2026-08-18T21:03:02+08:00][sql] SELECT * FROM `message` WHERE  `goods_id` = 28  AND `id` > 5  AND (  (  `from_uid` = 25  AND `to_uid` = 20 ) OR (  `from_uid` = 20  AND `to_uid` = 25 ) ) ORDER BY `id` ASC [ RunTime:0.000835s ]
[2026-08-18T21:03:05+08:00][sql] CONNECT:[ UseTime:0.018938s ] mysql:host=127.0.0.1;port=3306;dbname=auction;charset=utf8mb4
[2026-08-18T21:03:05+08:00][sql] SHOW FULL COLUMNS FROM `goods` [ RunTime:0.001616s ]
[2026-08-18T21:03:05+08:00][sql] SELECT `id` FROM `goods` WHERE  `status` = 1  AND `end_time` <= 1787058185 [ RunTime:0.000963s ]
[2026-08-18T21:03:05+08:00][sql] SHOW FULL COLUMNS FROM `user` [ RunTime:0.001668s ]
[2026-08-18T21:03:05+08:00][sql] SELECT * FROM `user` WHERE  `id` = 25 LIMIT 1 [ RunTime:0.000971s ]
[2026-08-18T21:03:05+08:00][sql] SHOW FULL COLUMNS FROM `setting` [ RunTime:0.001352s ]
[2026-08-18T21:03:05+08:00][sql] SELECT * FROM `setting` [ RunTime:0.000647s ]
[2026-08-18T21:03:05+08:00][sql] SHOW FULL COLUMNS FROM `message` [ RunTime:0.001447s ]
[2026-08-18T21:03:05+08:00][sql] SELECT * FROM `message` WHERE  `goods_id` = 28  AND `id` > 5  AND (  (  `from_uid` = 25  AND `to_uid` = 20 ) OR (  `from_uid` = 20  AND `to_uid` = 25 ) ) ORDER BY `id` ASC [ RunTime:0.001001s ]
[2026-08-18T21:03:08+08:00][sql] CONNECT:[ UseTime:0.007703s ] mysql:host=127.0.0.1;port=3306;dbname=auction;charset=utf8mb4
[2026-08-18T21:03:08+08:00][sql] SHOW FULL COLUMNS FROM `goods` [ RunTime:0.001634s ]
[2026-08-18T21:03:08+08:00][sql] SELECT `id` FROM `goods` WHERE  `status` = 1  AND `end_time` <= 1787058188 [ RunTime:0.000638s ]
[2026-08-18T21:03:08+08:00][sql] SHOW FULL COLUMNS FROM `user` [ RunTime:0.001249s ]
[2026-08-18T21:03:08+08:00][sql] SELECT * FROM `user` WHERE  `id` = 25 LIMIT 1 [ RunTime:0.000713s ]
[2026-08-18T21:03:08+08:00][sql] SHOW FULL COLUMNS FROM `setting` [ RunTime:0.001046s ]
[2026-08-18T21:03:08+08:00][sql] SELECT * FROM `setting` [ RunTime:0.000609s ]
[2026-08-18T21:03:08+08:00][sql] SHOW FULL COLUMNS FROM `message` [ RunTime:0.001153s ]
[2026-08-18T21:03:08+08:00][sql] SELECT * FROM `message` WHERE  `goods_id` = 28  AND `id` > 5  AND (  (  `from_uid` = 25  AND `to_uid` = 20 ) OR (  `from_uid` = 20  AND `to_uid` = 25 ) ) ORDER BY `id` ASC [ RunTime:0.000843s ]
[2026-08-18T21:03:11+08:00][sql] CONNECT:[ UseTime:0.002153s ] mysql:host=127.0.0.1;port=3306;dbname=auction;charset=utf8mb4
[2026-08-18T21:03:11+08:00][sql] SHOW FULL COLUMNS FROM `goods` [ RunTime:0.001797s ]
[2026-08-18T21:03:11+08:00][sql] SELECT `id` FROM `goods` WHERE  `status` = 1  AND `end_time` <= 1787058191 [ RunTime:0.000822s ]
[2026-08-18T21:03:11+08:00][sql] SHOW FULL COLUMNS FROM `user` [ RunTime:0.001570s ]
[2026-08-18T21:03:11+08:00][sql] SELECT * FROM `user` WHERE  `id` = 25 LIMIT 1 [ RunTime:0.000976s ]
[2026-08-18T21:03:11+08:00][sql] SHOW FULL COLUMNS FROM `setting` [ RunTime:0.001030s ]
[2026-08-18T21:03:11+08:00][sql] SELECT * FROM `setting` [ RunTime:0.000472s ]
[2026-08-18T21:03:11+08:00][sql] SHOW FULL COLUMNS FROM `message` [ RunTime:0.001506s ]
[2026-08-18T21:03:11+08:00][sql] SELECT * FROM `message` WHERE  `goods_id` = 28  AND `id` > 5  AND (  (  `from_uid` = 25  AND `to_uid` = 20 ) OR (  `from_uid` = 20  AND `to_uid` = 25 ) ) ORDER BY `id` ASC [ RunTime:0.000991s ]
[2026-08-18T21:03:14+08:00][sql] CONNECT:[ UseTime:0.013805s ] mysql:host=127.0.0.1;port=3306;dbname=auction;charset=utf8mb4
[2026-08-18T21:03:14+08:00][sql] SHOW FULL COLUMNS FROM `goods` [ RunTime:0.001740s ]
[2026-08-18T21:03:14+08:00][sql] SELECT `id` FROM `goods` WHERE  `status` = 1  AND `end_time` <= 1787058194 [ RunTime:0.001191s ]
[2026-08-18T21:03:14+08:00][sql] SHOW FULL COLUMNS FROM `user` [ RunTime:0.001569s ]
[2026-08-18T21:03:14+08:00][sql] SELECT * FROM `user` WHERE  `id` = 25 LIMIT 1 [ RunTime:0.000978s ]
[2026-08-18T21:03:14+08:00][sql] SHOW FULL COLUMNS FROM `setting` [ RunTime:0.001343s ]
[2026-08-18T21:03:14+08:00][sql] SELECT * FROM `setting` [ RunTime:0.000693s ]
[2026-08-18T21:03:14+08:00][sql] SHOW FULL COLUMNS FROM `message` [ RunTime:0.001388s ]
[2026-08-18T21:03:14+08:00][sql] SELECT * FROM `message` WHERE  `goods_id` = 28  AND `id` > 5  AND (  (  `from_uid` = 25  AND `to_uid` = 20 ) OR (  `from_uid` = 20  AND `to_uid` = 25 ) ) ORDER BY `id` ASC [ RunTime:0.001056s ]
[2026-08-18T21:03:17+08:00][sql] CONNECT:[ UseTime:0.002272s ] mysql:host=127.0.0.1;port=3306;dbname=auction;charset=utf8mb4
[2026-08-18T21:03:17+08:00][sql] SHOW FULL COLUMNS FROM `goods` [ RunTime:0.001486s ]
[2026-08-18T21:03:17+08:00][sql] SELECT `id` FROM `goods` WHERE  `status` = 1  AND `end_time` <= 1787058197 [ RunTime:0.000697s ]
[2026-08-18T21:03:17+08:00][sql] SHOW FULL COLUMNS FROM `user` [ RunTime:0.001053s ]
[2026-08-18T21:03:17+08:00][sql] SELECT * FROM `user` WHERE  `id` = 25 LIMIT 1 [ RunTime:0.000637s ]
[2026-08-18T21:03:17+08:00][sql] SHOW FULL COLUMNS FROM `setting` [ RunTime:0.001009s ]
[2026-08-18T21:03:17+08:00][sql] SELECT * FROM `setting` [ RunTime:0.000510s ]
[2026-08-18T21:03:17+08:00][sql] SHOW FULL COLUMNS FROM `message` [ RunTime:0.001070s ]
[2026-08-18T21:03:17+08:00][sql] SELECT * FROM `message` WHERE  `goods_id` = 28  AND `id` > 5  AND (  (  `from_uid` = 25  AND `to_uid` = 20 ) OR (  `from_uid` = 20  AND `to_uid` = 25 ) ) ORDER BY `id` ASC [ RunTime:0.000643s ]
[2026-08-18T21:03:20+08:00][sql] CONNECT:[ UseTime:0.001515s ] mysql:host=127.0.0.1;port=3306;dbname=auction;charset=utf8mb4
[2026-08-18T21:03:20+08:00][sql] SHOW FULL COLUMNS FROM `goods` [ RunTime:0.001900s ]
[2026-08-18T21:03:20+08:00][sql] SELECT `id` FROM `goods` WHERE  `status` = 1  AND `end_time` <= 1787058200 [ RunTime:0.000902s ]
[2026-08-18T21:03:20+08:00][sql] SHOW FULL COLUMNS FROM `user` [ RunTime:0.001491s ]
[2026-08-18T21:03:20+08:00][sql] SELECT * FROM `user` WHERE  `id` = 25 LIMIT 1 [ RunTime:0.000998s ]
[2026-08-18T21:03:20+08:00][sql] SHOW FULL COLUMNS FROM `setting` [ RunTime:0.001324s ]
[2026-08-18T21:03:20+08:00][sql] SELECT * FROM `setting` [ RunTime:0.000800s ]
[2026-08-18T21:03:20+08:00][sql] SHOW FULL COLUMNS FROM `message` [ RunTime:0.001537s ]
[2026-08-18T21:03:20+08:00][sql] SELECT * FROM `message` WHERE  `goods_id` = 28  AND `id` > 5  AND (  (  `from_uid` = 25  AND `to_uid` = 20 ) OR (  `from_uid` = 20  AND `to_uid` = 25 ) ) ORDER BY `id` ASC [ RunTime:0.000929s ]
[2026-08-18T21:03:21+08:00][sql] CONNECT:[ UseTime:0.014801s ] mysql:host=127.0.0.1;port=3306;dbname=auction;charset=utf8mb4
[2026-08-18T21:03:21+08:00][sql] SHOW FULL COLUMNS FROM `goods` [ RunTime:0.001609s ]
[2026-08-18T21:03:21+08:00][sql] SELECT `id` FROM `goods` WHERE  `status` = 1  AND `end_time` <= 1787058200 [ RunTime:0.000781s ]
[2026-08-18T21:03:21+08:00][sql] SHOW FULL COLUMNS FROM `setting` [ RunTime:0.001222s ]
[2026-08-18T21:03:21+08:00][sql] SELECT * FROM `setting` [ RunTime:0.000655s ]
[2026-08-18T21:03:21+08:00][sql] SHOW FULL COLUMNS FROM `user` [ RunTime:0.001605s ]
[2026-08-18T21:03:21+08:00][sql] SELECT * FROM `user` WHERE  `mobile` = '18888888888' LIMIT 1 [ RunTime:0.000915s ]
[2026-08-18T21:03:21+08:00][sql] UPDATE `user`  SET `last_login_time` = 1787058201 , `update_time` = 1787058201  WHERE  `id` = 20 [ RunTime:0.001636s ]
[2026-08-18T21:03:21+08:00][sql] CONNECT:[ UseTime:0.019363s ] mysql:host=127.0.0.1;port=3306;dbname=auction;charset=utf8mb4
[2026-08-18T21:03:21+08:00][sql] SHOW FULL COLUMNS FROM `goods` [ RunTime:0.001763s ]
[2026-08-18T21:03:21+08:00][sql] SELECT `id` FROM `goods` WHERE  `status` = 1  AND `end_time` <= 1787058201 [ RunTime:0.000841s ]
[2026-08-18T21:03:21+08:00][sql] SHOW FULL COLUMNS FROM `user` [ RunTime:0.001506s ]
[2026-08-18T21:03:21+08:00][sql] SELECT * FROM `user` WHERE  `id` = 20 LIMIT 1 [ RunTime:0.000801s ]
[2026-08-18T21:03:21+08:00][sql] SHOW FULL COLUMNS FROM `setting` [ RunTime:0.001293s ]
[2026-08-18T21:03:21+08:00][sql] SELECT * FROM `setting` [ RunTime:0.000656s ]
[2026-08-18T21:03:21+08:00][sql] SHOW FULL COLUMNS FROM `bid_record` [ RunTime:0.001444s ]
[2026-08-18T21:03:21+08:00][sql] SELECT COUNT(*) AS think_count FROM `bid_record` WHERE  `user_id` = 20 [ RunTime:0.000838s ]
[2026-08-18T21:03:21+08:00][sql] SHOW FULL COLUMNS FROM `order` [ RunTime:0.001595s ]
[2026-08-18T21:03:21+08:00][sql] SELECT COUNT(*) AS think_count FROM `order` WHERE  `buyer_id` = 20  AND `pay_status` = 1 [ RunTime:0.001075s ]
[2026-08-18T21:03:21+08:00][sql] SELECT COUNT(*) AS think_count FROM `goods` WHERE  `seller_id` = 20  AND `status` = 2 [ RunTime:0.001942s ]
[2026-08-18T21:03:21+08:00][sql] SELECT COUNT(*) AS think_count FROM `goods` WHERE  `seller_id` = 20 [ RunTime:0.000688s ]
[2026-08-18T21:03:21+08:00][sql] SELECT COUNT(*) AS think_count FROM `order` WHERE  `buyer_id` = 20  AND `pay_status` = 0  AND `order_status` = 0 [ RunTime:0.000727s ]
[2026-08-18T21:03:21+08:00][sql] SELECT COUNT(*) AS think_count FROM `order` WHERE  `seller_id` = 20  AND `order_status` = 1 [ RunTime:0.000697s ]
[2026-08-18T21:03:21+08:00][sql] SELECT COUNT(*) AS think_count FROM `order` WHERE  `buyer_id` = 20  AND `order_status` = 0  AND `pay_status` = 0 [ RunTime:0.000717s ]
[2026-08-18T21:03:21+08:00][sql] SELECT COUNT(*) AS think_count FROM `order` WHERE  `buyer_id` = 20  AND `order_status` = 1 [ RunTime:0.000679s ]
[2026-08-18T21:03:21+08:00][sql] SELECT COUNT(*) AS think_count FROM `order` WHERE  `buyer_id` = 20  AND `order_status` = 2 [ RunTime:0.000665s ]
[2026-08-18T21:03:21+08:00][sql] SELECT COUNT(*) AS think_count FROM `order` WHERE  `buyer_id` = 20  AND `order_status` = 3 [ RunTime:0.000650s ]
[2026-08-18T21:03:21+08:00][sql] SELECT COUNT(*) AS think_count FROM `order` WHERE  `seller_id` = 20  AND `order_status` = 1 [ RunTime:0.000593s ]
[2026-08-18T21:03:21+08:00][sql] SHOW FULL COLUMNS FROM `goods_favorite` [ RunTime:0.001215s ]
[2026-08-18T21:03:21+08:00][sql] SELECT COUNT(*) AS think_count FROM `goods_favorite` WHERE  `user_id` = 20 [ RunTime:0.000661s ]
[2026-08-18T21:03:21+08:00][sql] SHOW FULL COLUMNS FROM `seller_follow` [ RunTime:0.001124s ]
[2026-08-18T21:03:21+08:00][sql] SELECT COUNT(*) AS think_count FROM `seller_follow` WHERE  `user_id` = 20 [ RunTime:0.000660s ]
[2026-08-18T21:03:21+08:00][sql] SHOW FULL COLUMNS FROM `browse_history` [ RunTime:0.001183s ]
[2026-08-18T21:03:21+08:00][sql] SELECT COUNT(*) AS think_count FROM `browse_history` WHERE  `user_id` = 20 [ RunTime:0.001150s ]
[2026-08-18T21:03:21+08:00][sql] SHOW FULL COLUMNS FROM `balance_log` [ RunTime:0.001093s ]
[2026-08-18T21:03:21+08:00][sql] SELECT * FROM `balance_log` WHERE  `user_id` = 20 ORDER BY `id` DESC LIMIT 5 [ RunTime:0.000558s ]
[2026-08-18T21:03:21+08:00][sql] SELECT `b`.*,`g`.`title`,`g`.`cover`,g.status as goods_status,`g`.`end_time` FROM `bid_record` `b` LEFT JOIN `goods` `g` ON `b`.`goods_id`=`g`.`id` WHERE  `b`.`user_id` = '20' ORDER BY `b`.`id` DESC LIMIT 5 [ RunTime:0.000590s ]
[2026-08-18T21:03:21+08:00][sql] SELECT `id`,`nickname`,`mobile`,`reg_time` FROM `user` WHERE  `pid` = 20 ORDER BY `id` DESC LIMIT 10 [ RunTime:0.000621s ]
[2026-08-18T21:03:23+08:00][sql] CONNECT:[ UseTime:0.002326s ] mysql:host=127.0.0.1;port=3306;dbname=auction;charset=utf8mb4
[2026-08-18T21:03:23+08:00][sql] SHOW FULL COLUMNS FROM `goods` [ RunTime:0.001707s ]
[2026-08-18T21:03:23+08:00][sql] SELECT `id` FROM `goods` WHERE  `status` = 1  AND `end_time` <= 1787058203 [ RunTime:0.000921s ]
[2026-08-18T21:03:23+08:00][sql] SHOW FULL COLUMNS FROM `user` [ RunTime:0.001667s ]
[2026-08-18T21:03:23+08:00][sql] SELECT * FROM `user` WHERE  `id` = 25 LIMIT 1 [ RunTime:0.000970s ]
[2026-08-18T21:03:23+08:00][sql] SHOW FULL COLUMNS FROM `setting` [ RunTime:0.001422s ]
[2026-08-18T21:03:23+08:00][sql] SELECT * FROM `setting` [ RunTime:0.000743s ]
[2026-08-18T21:03:23+08:00][sql] SHOW FULL COLUMNS FROM `message` [ RunTime:0.001281s ]
[2026-08-18T21:03:23+08:00][sql] SELECT * FROM `message` WHERE  `goods_id` = 28  AND `id` > 5  AND (  (  `from_uid` = 25  AND `to_uid` = 20 ) OR (  `from_uid` = 20  AND `to_uid` = 25 ) ) ORDER BY `id` ASC [ RunTime:0.001026s ]
[2026-08-18T21:03:23+08:00][sql] CONNECT:[ UseTime:0.002002s ] mysql:host=127.0.0.1;port=3306;dbname=auction;charset=utf8mb4
[2026-08-18T21:03:23+08:00][sql] SHOW FULL COLUMNS FROM `goods` [ RunTime:0.001331s ]
[2026-08-18T21:03:23+08:00][sql] SELECT `id` FROM `goods` WHERE  `status` = 1  AND `end_time` <= 1787058203 [ RunTime:0.000617s ]
[2026-08-18T21:03:23+08:00][sql] SHOW FULL COLUMNS FROM `user` [ RunTime:0.001310s ]
[2026-08-18T21:03:23+08:00][sql] SELECT * FROM `user` WHERE  `id` = 20 LIMIT 1 [ RunTime:0.000786s ]
[2026-08-18T21:03:23+08:00][sql] SHOW FULL COLUMNS FROM `setting` [ RunTime:0.001053s ]
[2026-08-18T21:03:23+08:00][sql] SELECT * FROM `setting` [ RunTime:0.000536s ]
[2026-08-18T21:03:23+08:00][sql] SHOW FULL COLUMNS FROM `message` [ RunTime:0.001240s ]
[2026-08-18T21:03:23+08:00][sql] SELECT `m`.*,u.nickname as other_name,u.avatar as other_avatar,u.shop_name as other_shop,g.title as goods_title FROM `message` `m` LEFT JOIN `user` `u` ON `m`.`to_uid`=`u`.`id` LEFT JOIN `goods` `g` ON `m`.`goods_id`=`g`.`id` WHERE  `m`.`from_uid` = '20' ORDER BY `m`.`id` DESC [ RunTime:0.000748s ]
[2026-08-18T21:03:23+08:00][sql] SELECT `m`.*,u.nickname as other_name,u.avatar as other_avatar,u.shop_name as other_shop,g.title as goods_title FROM `message` `m` LEFT JOIN `user` `u` ON `m`.`from_uid`=`u`.`id` LEFT JOIN `goods` `g` ON `m`.`goods_id`=`g`.`id` WHERE  `m`.`to_uid` = '20' ORDER BY `m`.`id` DESC [ RunTime:0.000679s ]
[2026-08-18T21:03:25+08:00][sql] CONNECT:[ UseTime:0.001543s ] mysql:host=127.0.0.1;port=3306;dbname=auction;charset=utf8mb4
[2026-08-18T21:03:25+08:00][sql] SHOW FULL COLUMNS FROM `goods` [ RunTime:0.001502s ]
[2026-08-18T21:03:25+08:00][sql] SELECT `id` FROM `goods` WHERE  `status` = 1  AND `end_time` <= 1787058205 [ RunTime:0.000732s ]
[2026-08-18T21:03:25+08:00][sql] SHOW FULL COLUMNS FROM `user` [ RunTime:0.001411s ]
[2026-08-18T21:03:25+08:00][sql] SELECT * FROM `user` WHERE  `id` = 20 LIMIT 1 [ RunTime:0.000803s ]
[2026-08-18T21:03:25+08:00][sql] SHOW FULL COLUMNS FROM `setting` [ RunTime:0.001223s ]
[2026-08-18T21:03:25+08:00][sql] SELECT * FROM `setting` [ RunTime:0.000665s ]
[2026-08-18T21:03:25+08:00][sql] SHOW FULL COLUMNS FROM `message` [ RunTime:0.001507s ]
[2026-08-18T21:03:25+08:00][sql] SELECT `m`.*,u.nickname as other_name,u.avatar as other_avatar,u.shop_name as other_shop,g.title as goods_title FROM `message` `m` LEFT JOIN `user` `u` ON `m`.`to_uid`=`u`.`id` LEFT JOIN `goods` `g` ON `m`.`goods_id`=`g`.`id` WHERE  `m`.`from_uid` = '20' ORDER BY `m`.`id` DESC [ RunTime:0.000748s ]
[2026-08-18T21:03:25+08:00][sql] SELECT `m`.*,u.nickname as other_name,u.avatar as other_avatar,u.shop_name as other_shop,g.title as goods_title FROM `message` `m` LEFT JOIN `user` `u` ON `m`.`from_uid`=`u`.`id` LEFT JOIN `goods` `g` ON `m`.`goods_id`=`g`.`id` WHERE  `m`.`to_uid` = '20' ORDER BY `m`.`id` DESC [ RunTime:0.000571s ]
[2026-08-18T21:03:26+08:00][sql] CONNECT:[ UseTime:0.004249s ] mysql:host=127.0.0.1;port=3306;dbname=auction;charset=utf8mb4
[2026-08-18T21:03:26+08:00][sql] SHOW FULL COLUMNS FROM `goods` [ RunTime:0.001675s ]
[2026-08-18T21:03:26+08:00][sql] SELECT `id` FROM `goods` WHERE  `status` = 1  AND `end_time` <= 1787058206 [ RunTime:0.000742s ]
[2026-08-18T21:03:26+08:00][sql] SHOW FULL COLUMNS FROM `user` [ RunTime:0.001373s ]
[2026-08-18T21:03:26+08:00][sql] SELECT * FROM `user` WHERE  `id` = 25 LIMIT 1 [ RunTime:0.000782s ]
[2026-08-18T21:03:26+08:00][sql] SHOW FULL COLUMNS FROM `setting` [ RunTime:0.001234s ]
[2026-08-18T21:03:26+08:00][sql] SELECT * FROM `setting` [ RunTime:0.000841s ]
[2026-08-18T21:03:26+08:00][sql] SHOW FULL COLUMNS FROM `message` [ RunTime:0.001228s ]
[2026-08-18T21:03:26+08:00][sql] SELECT * FROM `message` WHERE  `goods_id` = 28  AND `id` > 5  AND (  (  `from_uid` = 25  AND `to_uid` = 20 ) OR (  `from_uid` = 20  AND `to_uid` = 25 ) ) ORDER BY `id` ASC [ RunTime:0.000723s ]
[2026-08-18T21:03:26+08:00][sql] CONNECT:[ UseTime:0.022489s ] mysql:host=127.0.0.1;port=3306;dbname=auction;charset=utf8mb4
[2026-08-18T21:03:26+08:00][sql] SHOW FULL COLUMNS FROM `goods` [ RunTime:0.001266s ]
[2026-08-18T21:03:26+08:00][sql] SELECT `id` FROM `goods` WHERE  `status` = 1  AND `end_time` <= 1787058206 [ RunTime:0.000842s ]
[2026-08-18T21:03:26+08:00][sql] SHOW FULL COLUMNS FROM `user` [ RunTime:0.001475s ]
[2026-08-18T21:03:26+08:00][sql] SELECT * FROM `user` WHERE  `id` = 20 LIMIT 1 [ RunTime:0.000844s ]
[2026-08-18T21:03:26+08:00][sql] SHOW FULL COLUMNS FROM `setting` [ RunTime:0.001192s ]
[2026-08-18T21:03:26+08:00][sql] SELECT * FROM `setting` [ RunTime:0.000639s ]
[2026-08-18T21:03:26+08:00][sql] SHOW FULL COLUMNS FROM `message` [ RunTime:0.001405s ]
[2026-08-18T21:03:26+08:00][sql] SELECT `m`.*,u.nickname as other_name,u.avatar as other_avatar,u.shop_name as other_shop,g.title as goods_title FROM `message` `m` LEFT JOIN `user` `u` ON `m`.`to_uid`=`u`.`id` LEFT JOIN `goods` `g` ON `m`.`goods_id`=`g`.`id` WHERE  `m`.`from_uid` = '20' ORDER BY `m`.`id` DESC [ RunTime:0.000896s ]
[2026-08-18T21:03:26+08:00][sql] SELECT `m`.*,u.nickname as other_name,u.avatar as other_avatar,u.shop_name as other_shop,g.title as goods_title FROM `message` `m` LEFT JOIN `user` `u` ON `m`.`from_uid`=`u`.`id` LEFT JOIN `goods` `g` ON `m`.`goods_id`=`g`.`id` WHERE  `m`.`to_uid` = '20' ORDER BY `m`.`id` DESC [ RunTime:0.000806s ]
[2026-08-18T21:03:27+08:00][sql] CONNECT:[ UseTime:0.019500s ] mysql:host=127.0.0.1;port=3306;dbname=auction;charset=utf8mb4
[2026-08-18T21:03:27+08:00][sql] SHOW FULL COLUMNS FROM `goods` [ RunTime:0.001585s ]
[2026-08-18T21:03:27+08:00][sql] SELECT `id` FROM `goods` WHERE  `status` = 1  AND `end_time` <= 1787058207 [ RunTime:0.000629s ]
[2026-08-18T21:03:27+08:00][sql] SHOW FULL COLUMNS FROM `user` [ RunTime:0.001453s ]
[2026-08-18T21:03:27+08:00][sql] SELECT * FROM `user` WHERE  `id` = 20 LIMIT 1 [ RunTime:0.000867s ]
[2026-08-18T21:03:27+08:00][sql] SHOW FULL COLUMNS FROM `setting` [ RunTime:0.001160s ]
[2026-08-18T21:03:27+08:00][sql] SELECT * FROM `setting` [ RunTime:0.000600s ]
[2026-08-18T21:03:27+08:00][sql] SHOW FULL COLUMNS FROM `message` [ RunTime:0.001056s ]
[2026-08-18T21:03:27+08:00][sql] SELECT `m`.*,u.nickname as other_name,u.avatar as other_avatar,u.shop_name as other_shop,g.title as goods_title FROM `message` `m` LEFT JOIN `user` `u` ON `m`.`to_uid`=`u`.`id` LEFT JOIN `goods` `g` ON `m`.`goods_id`=`g`.`id` WHERE  `m`.`from_uid` = '20' ORDER BY `m`.`id` DESC [ RunTime:0.000817s ]
[2026-08-18T21:03:27+08:00][sql] SELECT `m`.*,u.nickname as other_name,u.avatar as other_avatar,u.shop_name as other_shop,g.title as goods_title FROM `message` `m` LEFT JOIN `user` `u` ON `m`.`from_uid`=`u`.`id` LEFT JOIN `goods` `g` ON `m`.`goods_id`=`g`.`id` WHERE  `m`.`to_uid` = '20' ORDER BY `m`.`id` DESC [ RunTime:0.000746s ]
[2026-08-18T21:03:29+08:00][sql] CONNECT:[ UseTime:0.019219s ] mysql:host=127.0.0.1;port=3306;dbname=auction;charset=utf8mb4
[2026-08-18T21:03:29+08:00][sql] SHOW FULL COLUMNS FROM `goods` [ RunTime:0.001600s ]
[2026-08-18T21:03:29+08:00][sql] SELECT `id` FROM `goods` WHERE  `status` = 1  AND `end_time` <= 1787058209 [ RunTime:0.000860s ]
[2026-08-18T21:03:29+08:00][sql] SHOW FULL COLUMNS FROM `user` [ RunTime:0.001604s ]
[2026-08-18T21:03:29+08:00][sql] SELECT * FROM `user` WHERE  `id` = 25 LIMIT 1 [ RunTime:0.000915s ]
[2026-08-18T21:03:29+08:00][sql] SHOW FULL COLUMNS FROM `setting` [ RunTime:0.001729s ]
[2026-08-18T21:03:29+08:00][sql] SELECT * FROM `setting` [ RunTime:0.000802s ]
[2026-08-18T21:03:29+08:00][sql] SHOW FULL COLUMNS FROM `message` [ RunTime:0.001353s ]
[2026-08-18T21:03:29+08:00][sql] SELECT * FROM `message` WHERE  `goods_id` = 28  AND `id` > 5  AND (  (  `from_uid` = 25  AND `to_uid` = 20 ) OR (  `from_uid` = 20  AND `to_uid` = 25 ) ) ORDER BY `id` ASC [ RunTime:0.001341s ]
[2026-08-18T21:03:31+08:00][sql] CONNECT:[ UseTime:0.002674s ] mysql:host=127.0.0.1;port=3306;dbname=auction;charset=utf8mb4
[2026-08-18T21:03:31+08:00][sql] SHOW FULL COLUMNS FROM `goods` [ RunTime:0.002343s ]
[2026-08-18T21:03:31+08:00][sql] SELECT `id` FROM `goods` WHERE  `status` = 1  AND `end_time` <= 1787058211 [ RunTime:0.001123s ]
[2026-08-18T21:03:31+08:00][sql] SHOW FULL COLUMNS FROM `user` [ RunTime:0.001844s ]
[2026-08-18T21:03:31+08:00][sql] SELECT * FROM `user` WHERE  `id` = 20 LIMIT 1 [ RunTime:0.000999s ]
[2026-08-18T21:03:31+08:00][sql] SHOW FULL COLUMNS FROM `setting` [ RunTime:0.001273s ]
[2026-08-18T21:03:31+08:00][sql] SELECT * FROM `setting` [ RunTime:0.000752s ]
[2026-08-18T21:03:31+08:00][sql] SHOW FULL COLUMNS FROM `message` [ RunTime:0.001267s ]
[2026-08-18T21:03:31+08:00][sql] SELECT `m`.*,u.nickname as other_name,u.avatar as other_avatar,u.shop_name as other_shop,g.title as goods_title FROM `message` `m` LEFT JOIN `user` `u` ON `m`.`to_uid`=`u`.`id` LEFT JOIN `goods` `g` ON `m`.`goods_id`=`g`.`id` WHERE  `m`.`from_uid` = '20' ORDER BY `m`.`id` DESC [ RunTime:0.001020s ]
[2026-08-18T21:03:31+08:00][sql] SELECT `m`.*,u.nickname as other_name,u.avatar as other_avatar,u.shop_name as other_shop,g.title as goods_title FROM `message` `m` LEFT JOIN `user` `u` ON `m`.`from_uid`=`u`.`id` LEFT JOIN `goods` `g` ON `m`.`goods_id`=`g`.`id` WHERE  `m`.`to_uid` = '20' ORDER BY `m`.`id` DESC [ RunTime:0.001435s ]
[2026-08-18T21:03:32+08:00][sql] CONNECT:[ UseTime:0.024571s ] mysql:host=127.0.0.1;port=3306;dbname=auction;charset=utf8mb4
[2026-08-18T21:03:32+08:00][sql] SHOW FULL COLUMNS FROM `goods` [ RunTime:0.001661s ]
[2026-08-18T21:03:32+08:00][sql] SELECT `id` FROM `goods` WHERE  `status` = 1  AND `end_time` <= 1787058212 [ RunTime:0.000893s ]
[2026-08-18T21:03:32+08:00][sql] SHOW FULL COLUMNS FROM `user` [ RunTime:0.001690s ]
[2026-08-18T21:03:32+08:00][sql] SELECT * FROM `user` WHERE  `id` = 25 LIMIT 1 [ RunTime:0.000992s ]
[2026-08-18T21:03:32+08:00][sql] SHOW FULL COLUMNS FROM `setting` [ RunTime:0.001371s ]
[2026-08-18T21:03:32+08:00][sql] SELECT * FROM `setting` [ RunTime:0.000748s ]
[2026-08-18T21:03:32+08:00][sql] SHOW FULL COLUMNS FROM `message` [ RunTime:0.001407s ]
[2026-08-18T21:03:32+08:00][sql] SELECT * FROM `message` WHERE  `goods_id` = 28  AND `id` > 5  AND (  (  `from_uid` = 25  AND `to_uid` = 20 ) OR (  `from_uid` = 20  AND `to_uid` = 25 ) ) ORDER BY `id` ASC [ RunTime:0.000880s ]
[2026-08-18T21:03:33+08:00][sql] CONNECT:[ UseTime:0.002137s ] mysql:host=127.0.0.1;port=3306;dbname=auction;charset=utf8mb4
[2026-08-18T21:03:33+08:00][sql] SHOW FULL COLUMNS FROM `goods` [ RunTime:0.001540s ]
[2026-08-18T21:03:33+08:00][sql] SELECT `id` FROM `goods` WHERE  `status` = 1  AND `end_time` <= 1787058213 [ RunTime:0.000777s ]
[2026-08-18T21:03:33+08:00][sql] SHOW FULL COLUMNS FROM `user` [ RunTime:0.001421s ]
[2026-08-18T21:03:33+08:00][sql] SELECT * FROM `user` WHERE  `id` = 20 LIMIT 1 [ RunTime:0.000968s ]
[2026-08-18T21:03:33+08:00][sql] SHOW FULL COLUMNS FROM `setting` [ RunTime:0.000933s ]
[2026-08-18T21:03:33+08:00][sql] SELECT * FROM `setting` [ RunTime:0.000477s ]
[2026-08-18T21:03:33+08:00][sql] SHOW FULL COLUMNS FROM `bid_record` [ RunTime:0.001910s ]
[2026-08-18T21:03:33+08:00][sql] SELECT COUNT(*) AS think_count FROM `bid_record` WHERE  `user_id` = 20 [ RunTime:0.000825s ]
[2026-08-18T21:03:33+08:00][sql] SHOW FULL COLUMNS FROM `order` [ RunTime:0.001656s ]
[2026-08-18T21:03:33+08:00][sql] SELECT COUNT(*) AS think_count FROM `order` WHERE  `buyer_id` = 20  AND `pay_status` = 1 [ RunTime:0.000838s ]
[2026-08-18T21:03:33+08:00][sql] SELECT COUNT(*) AS think_count FROM `goods` WHERE  `seller_id` = 20  AND `status` = 2 [ RunTime:0.002653s ]
[2026-08-18T21:03:33+08:00][sql] SELECT COUNT(*) AS think_count FROM `goods` WHERE  `seller_id` = 20 [ RunTime:0.000752s ]
[2026-08-18T21:03:33+08:00][sql] SELECT COUNT(*) AS think_count FROM `order` WHERE  `buyer_id` = 20  AND `pay_status` = 0  AND `order_status` = 0 [ RunTime:0.000687s ]
[2026-08-18T21:03:33+08:00][sql] SELECT COUNT(*) AS think_count FROM `order` WHERE  `seller_id` = 20  AND `order_status` = 1 [ RunTime:0.000709s ]
[2026-08-18T21:03:33+08:00][sql] SELECT COUNT(*) AS think_count FROM `order` WHERE  `buyer_id` = 20  AND `order_status` = 0  AND `pay_status` = 0 [ RunTime:0.000804s ]
[2026-08-18T21:03:33+08:00][sql] SELECT COUNT(*) AS think_count FROM `order` WHERE  `buyer_id` = 20  AND `order_status` = 1 [ RunTime:0.000736s ]
[2026-08-18T21:03:33+08:00][sql] SELECT COUNT(*) AS think_count FROM `order` WHERE  `buyer_id` = 20  AND `order_status` = 2 [ RunTime:0.000506s ]
[2026-08-18T21:03:33+08:00][sql] SELECT COUNT(*) AS think_count FROM `order` WHERE  `buyer_id` = 20  AND `order_status` = 3 [ RunTime:0.000556s ]
[2026-08-18T21:03:33+08:00][sql] SELECT COUNT(*) AS think_count FROM `order` WHERE  `seller_id` = 20  AND `order_status` = 1 [ RunTime:0.000496s ]
[2026-08-18T21:03:33+08:00][sql] SHOW FULL COLUMNS FROM `goods_favorite` [ RunTime:0.001247s ]
[2026-08-18T21:03:33+08:00][sql] SELECT COUNT(*) AS think_count FROM `goods_favorite` WHERE  `user_id` = 20 [ RunTime:0.000697s ]
[2026-08-18T21:03:33+08:00][sql] SHOW FULL COLUMNS FROM `seller_follow` [ RunTime:0.000939s ]
[2026-08-18T21:03:33+08:00][sql] SELECT COUNT(*) AS think_count FROM `seller_follow` WHERE  `user_id` = 20 [ RunTime:0.000551s ]
[2026-08-18T21:03:33+08:00][sql] SHOW FULL COLUMNS FROM `browse_history` [ RunTime:0.000822s ]
[2026-08-18T21:03:33+08:00][sql] SELECT COUNT(*) AS think_count FROM `browse_history` WHERE  `user_id` = 20 [ RunTime:0.000619s ]
[2026-08-18T21:03:33+08:00][sql] SHOW FULL COLUMNS FROM `balance_log` [ RunTime:0.001137s ]
[2026-08-18T21:03:33+08:00][sql] SELECT * FROM `balance_log` WHERE  `user_id` = 20 ORDER BY `id` DESC LIMIT 5 [ RunTime:0.000609s ]
[2026-08-18T21:03:33+08:00][sql] SELECT `b`.*,`g`.`title`,`g`.`cover`,g.status as goods_status,`g`.`end_time` FROM `bid_record` `b` LEFT JOIN `goods` `g` ON `b`.`goods_id`=`g`.`id` WHERE  `b`.`user_id` = '20' ORDER BY `b`.`id` DESC LIMIT 5 [ RunTime:0.000728s ]
[2026-08-18T21:03:33+08:00][sql] SELECT `id`,`nickname`,`mobile`,`reg_time` FROM `user` WHERE  `pid` = 20 ORDER BY `id` DESC LIMIT 10 [ RunTime:0.000563s ]
[2026-08-18T21:03:35+08:00][sql] CONNECT:[ UseTime:0.015251s ] mysql:host=127.0.0.1;port=3306;dbname=auction;charset=utf8mb4
[2026-08-18T21:03:35+08:00][sql] SHOW FULL COLUMNS FROM `goods` [ RunTime:0.001568s ]
[2026-08-18T21:03:35+08:00][sql] SELECT `id` FROM `goods` WHERE  `status` = 1  AND `end_time` <= 1787058215 [ RunTime:0.000910s ]
[2026-08-18T21:03:35+08:00][sql] SHOW FULL COLUMNS FROM `user` [ RunTime:0.002032s ]
[2026-08-18T21:03:35+08:00][sql] SELECT * FROM `user` WHERE  `id` = 25 LIMIT 1 [ RunTime:0.000942s ]
[2026-08-18T21:03:35+08:00][sql] SHOW FULL COLUMNS FROM `setting` [ RunTime:0.001318s ]
[2026-08-18T21:03:35+08:00][sql] SELECT * FROM `setting` [ RunTime:0.000704s ]
[2026-08-18T21:03:35+08:00][sql] SHOW FULL COLUMNS FROM `message` [ RunTime:0.001479s ]
[2026-08-18T21:03:35+08:00][sql] SELECT * FROM `message` WHERE  `goods_id` = 28  AND `id` > 5  AND (  (  `from_uid` = 25  AND `to_uid` = 20 ) OR (  `from_uid` = 20  AND `to_uid` = 25 ) ) ORDER BY `id` ASC [ RunTime:0.000898s ]
[2026-08-18T21:03:35+08:00][sql] CONNECT:[ UseTime:0.021556s ] mysql:host=127.0.0.1;port=3306;dbname=auction;charset=utf8mb4
[2026-08-18T21:03:35+08:00][sql] SHOW FULL COLUMNS FROM `goods` [ RunTime:0.001707s ]
[2026-08-18T21:03:35+08:00][sql] SELECT `id` FROM `goods` WHERE  `status` = 1  AND `end_time` <= 1787058215 [ RunTime:0.000873s ]
[2026-08-18T21:03:35+08:00][sql] SHOW FULL COLUMNS FROM `user` [ RunTime:0.001601s ]
[2026-08-18T21:03:35+08:00][sql] SELECT * FROM `user` WHERE  `id` = 20 LIMIT 1 [ RunTime:0.000869s ]
[2026-08-18T21:03:35+08:00][sql] SHOW FULL COLUMNS FROM `setting` [ RunTime:0.001189s ]
[2026-08-18T21:03:35+08:00][sql] SELECT * FROM `setting` [ RunTime:0.000677s ]
[2026-08-18T21:03:35+08:00][sql] SELECT COUNT(*) AS think_count FROM `goods` WHERE  `seller_id` = 20 [ RunTime:0.000823s ]
[2026-08-18T21:03:35+08:00][sql] SELECT * FROM `goods` WHERE  `seller_id` = 20 ORDER BY `id` DESC LIMIT 0,10 [ RunTime:0.000877s ]
[2026-08-18T21:03:35+08:00][sql] SHOW FULL COLUMNS FROM `bid_record` [ RunTime:0.001869s ]
[2026-08-18T21:03:35+08:00][sql] SELECT MAX(`price`) AS think_max FROM `bid_record` WHERE  `goods_id` = 28  AND `status` = 0 [ RunTime:0.001249s ]
[2026-08-18T21:03:35+08:00][sql] SELECT MAX(`price`) AS think_max FROM `bid_record` WHERE  `goods_id` = 26  AND `status` = 0 [ RunTime:0.000957s ]
[2026-08-18T21:03:38+08:00][sql] CONNECT:[ UseTime:0.001626s ] mysql:host=127.0.0.1;port=3306;dbname=auction;charset=utf8mb4
[2026-08-18T21:03:38+08:00][sql] SHOW FULL COLUMNS FROM `goods` [ RunTime:0.001315s ]
[2026-08-18T21:03:38+08:00][sql] SELECT `id` FROM `goods` WHERE  `status` = 1  AND `end_time` <= 1787058218 [ RunTime:0.000625s ]
[2026-08-18T21:03:38+08:00][sql] SHOW FULL COLUMNS FROM `user` [ RunTime:0.001155s ]
[2026-08-18T21:03:38+08:00][sql] SELECT * FROM `user` WHERE  `id` = 25 LIMIT 1 [ RunTime:0.000681s ]
[2026-08-18T21:03:38+08:00][sql] SHOW FULL COLUMNS FROM `setting` [ RunTime:0.001231s ]
[2026-08-18T21:03:38+08:00][sql] SELECT * FROM `setting` [ RunTime:0.000752s ]
[2026-08-18T21:03:38+08:00][sql] SHOW FULL COLUMNS FROM `message` [ RunTime:0.001247s ]
[2026-08-18T21:03:38+08:00][sql] SELECT * FROM `message` WHERE  `goods_id` = 28  AND `id` > 5  AND (  (  `from_uid` = 25  AND `to_uid` = 20 ) OR (  `from_uid` = 20  AND `to_uid` = 25 ) ) ORDER BY `id` ASC [ RunTime:0.000674s ]
[2026-08-18T21:03:41+08:00][sql] CONNECT:[ UseTime:0.011551s ] mysql:host=127.0.0.1;port=3306;dbname=auction;charset=utf8mb4
[2026-08-18T21:03:41+08:00][sql] SHOW FULL COLUMNS FROM `goods` [ RunTime:0.002449s ]
[2026-08-18T21:03:41+08:00][sql] SELECT `id` FROM `goods` WHERE  `status` = 1  AND `end_time` <= 1787058221 [ RunTime:0.001186s ]
[2026-08-18T21:03:41+08:00][sql] SHOW FULL COLUMNS FROM `user` [ RunTime:0.002023s ]
[2026-08-18T21:03:41+08:00][sql] SELECT * FROM `user` WHERE  `id` = 25 LIMIT 1 [ RunTime:0.001143s ]
[2026-08-18T21:03:41+08:00][sql] SHOW FULL COLUMNS FROM `setting` [ RunTime:0.001468s ]
[2026-08-18T21:03:41+08:00][sql] SELECT * FROM `setting` [ RunTime:0.000816s ]
[2026-08-18T21:03:41+08:00][sql] SHOW FULL COLUMNS FROM `message` [ RunTime:0.002109s ]
[2026-08-18T21:03:41+08:00][sql] SELECT * FROM `message` WHERE  `goods_id` = 28  AND `id` > 5  AND (  (  `from_uid` = 25  AND `to_uid` = 20 ) OR (  `from_uid` = 20  AND `to_uid` = 25 ) ) ORDER BY `id` ASC [ RunTime:0.001036s ]
[2026-08-18T21:03:44+08:00][sql] CONNECT:[ UseTime:0.007019s ] mysql:host=127.0.0.1;port=3306;dbname=auction;charset=utf8mb4
[2026-08-18T21:03:44+08:00][sql] SHOW FULL COLUMNS FROM `goods` [ RunTime:0.001583s ]
[2026-08-18T21:03:44+08:00][sql] SELECT `id` FROM `goods` WHERE  `status` = 1  AND `end_time` <= 1787058224 [ RunTime:0.000875s ]
[2026-08-18T21:03:44+08:00][sql] SHOW FULL COLUMNS FROM `user` [ RunTime:0.001552s ]
[2026-08-18T21:03:44+08:00][sql] SELECT * FROM `user` WHERE  `id` = 25 LIMIT 1 [ RunTime:0.000948s ]
[2026-08-18T21:03:44+08:00][sql] SHOW FULL COLUMNS FROM `setting` [ RunTime:0.001294s ]
[2026-08-18T21:03:44+08:00][sql] SELECT * FROM `setting` [ RunTime:0.000732s ]
[2026-08-18T21:03:44+08:00][sql] SHOW FULL COLUMNS FROM `message` [ RunTime:0.001436s ]
[2026-08-18T21:03:44+08:00][sql] SELECT * FROM `message` WHERE  `goods_id` = 28  AND `id` > 5  AND (  (  `from_uid` = 25  AND `to_uid` = 20 ) OR (  `from_uid` = 20  AND `to_uid` = 25 ) ) ORDER BY `id` ASC [ RunTime:0.000959s ]
[2026-08-18T21:03:47+08:00][sql] CONNECT:[ UseTime:0.001695s ] mysql:host=127.0.0.1;port=3306;dbname=auction;charset=utf8mb4
[2026-08-18T21:03:47+08:00][sql] SHOW FULL COLUMNS FROM `goods` [ RunTime:0.001465s ]
[2026-08-18T21:03:47+08:00][sql] SELECT `id` FROM `goods` WHERE  `status` = 1  AND `end_time` <= 1787058227 [ RunTime:0.000828s ]
[2026-08-18T21:03:47+08:00][sql] SHOW FULL COLUMNS FROM `user` [ RunTime:0.001543s ]
[2026-08-18T21:03:47+08:00][sql] SELECT * FROM `user` WHERE  `id` = 20 LIMIT 1 [ RunTime:0.001709s ]
[2026-08-18T21:03:47+08:00][sql] SHOW FULL COLUMNS FROM `setting` [ RunTime:0.001283s ]
[2026-08-18T21:03:47+08:00][sql] SELECT * FROM `setting` [ RunTime:0.000752s ]
[2026-08-18T21:03:47+08:00][sql] SELECT COUNT(*) AS think_count FROM `goods` WHERE  `seller_id` = 20  AND `status` = 1 [ RunTime:0.001030s ]
[2026-08-18T21:03:47+08:00][sql] SELECT * FROM `goods` WHERE  `seller_id` = 20  AND `status` = 1 ORDER BY `id` DESC LIMIT 0,10 [ RunTime:0.000996s ]
[2026-08-18T21:03:47+08:00][sql] SHOW FULL COLUMNS FROM `bid_record` [ RunTime:0.001341s ]
[2026-08-18T21:03:47+08:00][sql] SELECT MAX(`price`) AS think_max FROM `bid_record` WHERE  `goods_id` = 28  AND `status` = 0 [ RunTime:0.000918s ]
[2026-08-18T21:03:47+08:00][sql] CONNECT:[ UseTime:0.018515s ] mysql:host=127.0.0.1;port=3306;dbname=auction;charset=utf8mb4
[2026-08-18T21:03:47+08:00][sql] SHOW FULL COLUMNS FROM `goods` [ RunTime:0.001584s ]
[2026-08-18T21:03:47+08:00][sql] SELECT `id` FROM `goods` WHERE  `status` = 1  AND `end_time` <= 1787058227 [ RunTime:0.000775s ]
[2026-08-18T21:03:47+08:00][sql] SHOW FULL COLUMNS FROM `user` [ RunTime:0.001327s ]
[2026-08-18T21:03:47+08:00][sql] SELECT * FROM `user` WHERE  `id` = 25 LIMIT 1 [ RunTime:0.000789s ]
[2026-08-18T21:03:47+08:00][sql] SHOW FULL COLUMNS FROM `setting` [ RunTime:0.001196s ]
[2026-08-18T21:03:47+08:00][sql] SELECT * FROM `setting` [ RunTime:0.000725s ]
[2026-08-18T21:03:47+08:00][sql] SHOW FULL COLUMNS FROM `message` [ RunTime:0.001380s ]
[2026-08-18T21:03:47+08:00][sql] SELECT * FROM `message` WHERE  `goods_id` = 28  AND `id` > 5  AND (  (  `from_uid` = 25  AND `to_uid` = 20 ) OR (  `from_uid` = 20  AND `to_uid` = 25 ) ) ORDER BY `id` ASC [ RunTime:0.000854s ]
[2026-08-18T21:03:49+08:00][sql] CONNECT:[ UseTime:0.003054s ] mysql:host=127.0.0.1;port=3306;dbname=auction;charset=utf8mb4
[2026-08-18T21:03:49+08:00][sql] SHOW FULL COLUMNS FROM `goods` [ RunTime:0.002215s ]
[2026-08-18T21:03:49+08:00][sql] SELECT `id` FROM `goods` WHERE  `status` = 1  AND `end_time` <= 1787058229 [ RunTime:0.001208s ]
[2026-08-18T21:03:49+08:00][sql] SHOW FULL COLUMNS FROM `user` [ RunTime:0.002137s ]
[2026-08-18T21:03:49+08:00][sql] SELECT * FROM `user` WHERE  `id` = 20 LIMIT 1 [ RunTime:0.001241s ]
[2026-08-18T21:03:49+08:00][sql] SHOW FULL COLUMNS FROM `setting` [ RunTime:0.001786s ]
[2026-08-18T21:03:49+08:00][sql] SELECT * FROM `setting` [ RunTime:0.001208s ]
[2026-08-18T21:03:49+08:00][sql] SHOW FULL COLUMNS FROM `bid_record` [ RunTime:0.001716s ]
[2026-08-18T21:03:49+08:00][sql] SELECT COUNT(*) AS think_count FROM `bid_record` WHERE  `user_id` = 20 [ RunTime:0.000676s ]
[2026-08-18T21:03:49+08:00][sql] SHOW FULL COLUMNS FROM `order` [ RunTime:0.001667s ]
[2026-08-18T21:03:49+08:00][sql] SELECT COUNT(*) AS think_count FROM `order` WHERE  `buyer_id` = 20  AND `pay_status` = 1 [ RunTime:0.001177s ]
[2026-08-18T21:03:49+08:00][sql] SELECT COUNT(*) AS think_count FROM `goods` WHERE  `seller_id` = 20  AND `status` = 2 [ RunTime:0.003434s ]
[2026-08-18T21:03:49+08:00][sql] SELECT COUNT(*) AS think_count FROM `goods` WHERE  `seller_id` = 20 [ RunTime:0.001139s ]
[2026-08-18T21:03:49+08:00][sql] SELECT COUNT(*) AS think_count FROM `order` WHERE  `buyer_id` = 20  AND `pay_status` = 0  AND `order_status` = 0 [ RunTime:0.001137s ]
[2026-08-18T21:03:49+08:00][sql] SELECT COUNT(*) AS think_count FROM `order` WHERE  `seller_id` = 20  AND `order_status` = 1 [ RunTime:0.001386s ]
[2026-08-18T21:03:49+08:00][sql] SELECT COUNT(*) AS think_count FROM `order` WHERE  `buyer_id` = 20  AND `order_status` = 0  AND `pay_status` = 0 [ RunTime:0.001117s ]
[2026-08-18T21:03:49+08:00][sql] SELECT COUNT(*) AS think_count FROM `order` WHERE  `buyer_id` = 20  AND `order_status` = 1 [ RunTime:0.001015s ]
[2026-08-18T21:03:49+08:00][sql] SELECT COUNT(*) AS think_count FROM `order` WHERE  `buyer_id` = 20  AND `order_status` = 2 [ RunTime:0.000942s ]
[2026-08-18T21:03:49+08:00][sql] SELECT COUNT(*) AS think_count FROM `order` WHERE  `buyer_id` = 20  AND `order_status` = 3 [ RunTime:0.000887s ]
[2026-08-18T21:03:49+08:00][sql] SELECT COUNT(*) AS think_count FROM `order` WHERE  `seller_id` = 20  AND `order_status` = 1 [ RunTime:0.000953s ]
[2026-08-18T21:03:49+08:00][sql] SHOW FULL COLUMNS FROM `goods_favorite` [ RunTime:0.001625s ]
[2026-08-18T21:03:49+08:00][sql] SELECT COUNT(*) AS think_count FROM `goods_favorite` WHERE  `user_id` = 20 [ RunTime:0.001028s ]
[2026-08-18T21:03:49+08:00][sql] SHOW FULL COLUMNS FROM `seller_follow` [ RunTime:0.001719s ]
[2026-08-18T21:03:49+08:00][sql] SELECT COUNT(*) AS think_count FROM `seller_follow` WHERE  `user_id` = 20 [ RunTime:0.001064s ]
[2026-08-18T21:03:49+08:00][sql] SHOW FULL COLUMNS FROM `browse_history` [ RunTime:0.001794s ]
[2026-08-18T21:03:49+08:00][sql] SELECT COUNT(*) AS think_count FROM `browse_history` WHERE  `user_id` = 20 [ RunTime:0.001130s ]
[2026-08-18T21:03:49+08:00][sql] SHOW FULL COLUMNS FROM `balance_log` [ RunTime:0.002004s ]
[2026-08-18T21:03:49+08:00][sql] SELECT * FROM `balance_log` WHERE  `user_id` = 20 ORDER BY `id` DESC LIMIT 5 [ RunTime:0.000580s ]
[2026-08-18T21:03:49+08:00][sql] SELECT `b`.*,`g`.`title`,`g`.`cover`,g.status as goods_status,`g`.`end_time` FROM `bid_record` `b` LEFT JOIN `goods` `g` ON `b`.`goods_id`=`g`.`id` WHERE  `b`.`user_id` = '20' ORDER BY `b`.`id` DESC LIMIT 5 [ RunTime:0.001193s ]
[2026-08-18T21:03:49+08:00][sql] SELECT `id`,`nickname`,`mobile`,`reg_time` FROM `user` WHERE  `pid` = 20 ORDER BY `id` DESC LIMIT 10 [ RunTime:0.001040s ]
[2026-08-18T21:03:50+08:00][sql] CONNECT:[ UseTime:0.001668s ] mysql:host=127.0.0.1;port=3306;dbname=auction;charset=utf8mb4
[2026-08-18T21:03:50+08:00][sql] SHOW FULL COLUMNS FROM `goods` [ RunTime:0.001483s ]
[2026-08-18T21:03:50+08:00][sql] SELECT `id` FROM `goods` WHERE  `status` = 1  AND `end_time` <= 1787058230 [ RunTime:0.000842s ]
[2026-08-18T21:03:50+08:00][sql] SHOW FULL COLUMNS FROM `user` [ RunTime:0.001466s ]
[2026-08-18T21:03:50+08:00][sql] SELECT * FROM `user` WHERE  `id` = 25 LIMIT 1 [ RunTime:0.000933s ]
[2026-08-18T21:03:50+08:00][sql] SHOW FULL COLUMNS FROM `setting` [ RunTime:0.001322s ]
[2026-08-18T21:03:50+08:00][sql] SELECT * FROM `setting` [ RunTime:0.000710s ]
[2026-08-18T21:03:50+08:00][sql] SHOW FULL COLUMNS FROM `message` [ RunTime:0.001420s ]
[2026-08-18T21:03:50+08:00][sql] SELECT * FROM `message` WHERE  `goods_id` = 28  AND `id` > 5  AND (  (  `from_uid` = 25  AND `to_uid` = 20 ) OR (  `from_uid` = 20  AND `to_uid` = 25 ) ) ORDER BY `id` ASC [ RunTime:0.001103s ]
[2026-08-18T21:03:53+08:00][sql] CONNECT:[ UseTime:0.020931s ] mysql:host=127.0.0.1;port=3306;dbname=auction;charset=utf8mb4
[2026-08-18T21:03:53+08:00][sql] SHOW FULL COLUMNS FROM `goods` [ RunTime:0.001514s ]
[2026-08-18T21:03:53+08:00][sql] SELECT `id` FROM `goods` WHERE  `status` = 1  AND `end_time` <= 1787058233 [ RunTime:0.000795s ]
[2026-08-18T21:03:53+08:00][sql] SHOW FULL COLUMNS FROM `user` [ RunTime:0.001722s ]
[2026-08-18T21:03:53+08:00][sql] SELECT * FROM `user` WHERE  `id` = 25 LIMIT 1 [ RunTime:0.000848s ]
[2026-08-18T21:03:53+08:00][sql] SHOW FULL COLUMNS FROM `setting` [ RunTime:0.001173s ]
[2026-08-18T21:03:53+08:00][sql] SELECT * FROM `setting` [ RunTime:0.000660s ]
[2026-08-18T21:03:53+08:00][sql] SHOW FULL COLUMNS FROM `message` [ RunTime:0.001173s ]
[2026-08-18T21:03:53+08:00][sql] SELECT * FROM `message` WHERE  `goods_id` = 28  AND `id` > 5  AND (  (  `from_uid` = 25  AND `to_uid` = 20 ) OR (  `from_uid` = 20  AND `to_uid` = 25 ) ) ORDER BY `id` ASC [ RunTime:0.000754s ]
[2026-08-18T21:03:54+08:00][sql] CONNECT:[ UseTime:0.013545s ] mysql:host=127.0.0.1;port=3306;dbname=auction;charset=utf8mb4
[2026-08-18T21:03:54+08:00][sql] SHOW FULL COLUMNS FROM `goods` [ RunTime:0.001585s ]
[2026-08-18T21:03:54+08:00][sql] SELECT `id` FROM `goods` WHERE  `status` = 1  AND `end_time` <= 1787058234 [ RunTime:0.000868s ]
[2026-08-18T21:03:54+08:00][sql] SHOW FULL COLUMNS FROM `user` [ RunTime:0.001407s ]
[2026-08-18T21:03:54+08:00][sql] SELECT * FROM `user` WHERE  `id` = 20 LIMIT 1 [ RunTime:0.000797s ]
[2026-08-18T21:03:54+08:00][sql] SHOW FULL COLUMNS FROM `setting` [ RunTime:0.001136s ]
[2026-08-18T21:03:54+08:00][sql] SELECT * FROM `setting` [ RunTime:0.000643s ]
[2026-08-18T21:03:54+08:00][sql] SHOW FULL COLUMNS FROM `message` [ RunTime:0.001195s ]
[2026-08-18T21:03:54+08:00][sql] SELECT `m`.*,u.nickname as other_name,u.avatar as other_avatar,u.shop_name as other_shop,g.title as goods_title FROM `message` `m` LEFT JOIN `user` `u` ON `m`.`to_uid`=`u`.`id` LEFT JOIN `goods` `g` ON `m`.`goods_id`=`g`.`id` WHERE  `m`.`from_uid` = '20' ORDER BY `m`.`id` DESC [ RunTime:0.000829s ]
[2026-08-18T21:03:54+08:00][sql] SELECT `m`.*,u.nickname as other_name,u.avatar as other_avatar,u.shop_name as other_shop,g.title as goods_title FROM `message` `m` LEFT JOIN `user` `u` ON `m`.`from_uid`=`u`.`id` LEFT JOIN `goods` `g` ON `m`.`goods_id`=`g`.`id` WHERE  `m`.`to_uid` = '20' ORDER BY `m`.`id` DESC [ RunTime:0.000805s ]
[2026-08-18T21:03:56+08:00][sql] CONNECT:[ UseTime:0.008050s ] mysql:host=127.0.0.1;port=3306;dbname=auction;charset=utf8mb4
[2026-08-18T21:03:56+08:00][sql] SHOW FULL COLUMNS FROM `goods` [ RunTime:0.001503s ]
[2026-08-18T21:03:56+08:00][sql] SELECT `id` FROM `goods` WHERE  `status` = 1  AND `end_time` <= 1787058236 [ RunTime:0.000954s ]
[2026-08-18T21:03:56+08:00][sql] SHOW FULL COLUMNS FROM `user` [ RunTime:0.001563s ]
[2026-08-18T21:03:56+08:00][sql] SELECT * FROM `user` WHERE  `id` = 20 LIMIT 1 [ RunTime:0.000982s ]
[2026-08-18T21:03:56+08:00][sql] SHOW FULL COLUMNS FROM `setting` [ RunTime:0.001311s ]
[2026-08-18T21:03:56+08:00][sql] SELECT * FROM `setting` [ RunTime:0.000773s ]
[2026-08-18T21:03:56+08:00][sql] SHOW FULL COLUMNS FROM `message` [ RunTime:0.001380s ]
[2026-08-18T21:03:56+08:00][sql] SELECT `m`.*,u.nickname as other_name,u.avatar as other_avatar,u.shop_name as other_shop,g.title as goods_title FROM `message` `m` LEFT JOIN `user` `u` ON `m`.`to_uid`=`u`.`id` LEFT JOIN `goods` `g` ON `m`.`goods_id`=`g`.`id` WHERE  `m`.`from_uid` = '20' ORDER BY `m`.`id` DESC [ RunTime:0.000936s ]
[2026-08-18T21:03:56+08:00][sql] SELECT `m`.*,u.nickname as other_name,u.avatar as other_avatar,u.shop_name as other_shop,g.title as goods_title FROM `message` `m` LEFT JOIN `user` `u` ON `m`.`from_uid`=`u`.`id` LEFT JOIN `goods` `g` ON `m`.`goods_id`=`g`.`id` WHERE  `m`.`to_uid` = '20' ORDER BY `m`.`id` DESC [ RunTime:0.000950s ]
[2026-08-18T21:03:56+08:00][sql] CONNECT:[ UseTime:0.015880s ] mysql:host=127.0.0.1;port=3306;dbname=auction;charset=utf8mb4
[2026-08-18T21:03:56+08:00][sql] SHOW FULL COLUMNS FROM `goods` [ RunTime:0.001240s ]
[2026-08-18T21:03:56+08:00][sql] SELECT `id` FROM `goods` WHERE  `status` = 1  AND `end_time` <= 1787058236 [ RunTime:0.000593s ]
[2026-08-18T21:03:56+08:00][sql] SHOW FULL COLUMNS FROM `user` [ RunTime:0.001558s ]
[2026-08-18T21:03:56+08:00][sql] SELECT * FROM `user` WHERE  `id` = 25 LIMIT 1 [ RunTime:0.000950s ]
[2026-08-18T21:03:56+08:00][sql] SHOW FULL COLUMNS FROM `setting` [ RunTime:0.001250s ]
[2026-08-18T21:03:56+08:00][sql] SELECT * FROM `setting` [ RunTime:0.000732s ]
[2026-08-18T21:03:56+08:00][sql] SHOW FULL COLUMNS FROM `message` [ RunTime:0.001373s ]
[2026-08-18T21:03:56+08:00][sql] SELECT * FROM `message` WHERE  `goods_id` = 28  AND `id` > 5  AND (  (  `from_uid` = 25  AND `to_uid` = 20 ) OR (  `from_uid` = 20  AND `to_uid` = 25 ) ) ORDER BY `id` ASC [ RunTime:0.000830s ]
[2026-08-18T21:03:58+08:00][sql] CONNECT:[ UseTime:0.019557s ] mysql:host=127.0.0.1;port=3306;dbname=auction;charset=utf8mb4
[2026-08-18T21:03:58+08:00][sql] SHOW FULL COLUMNS FROM `goods` [ RunTime:0.001368s ]
[2026-08-18T21:03:58+08:00][sql] SELECT `id` FROM `goods` WHERE  `status` = 1  AND `end_time` <= 1787058238 [ RunTime:0.000924s ]
[2026-08-18T21:03:58+08:00][sql] SHOW FULL COLUMNS FROM `user` [ RunTime:0.001571s ]
[2026-08-18T21:03:58+08:00][sql] SELECT * FROM `user` WHERE  `id` = 20 LIMIT 1 [ RunTime:0.000971s ]
[2026-08-18T21:03:58+08:00][sql] SHOW FULL COLUMNS FROM `setting` [ RunTime:0.001192s ]
[2026-08-18T21:03:58+08:00][sql] SELECT * FROM `setting` [ RunTime:0.000705s ]
[2026-08-18T21:03:58+08:00][sql] SHOW FULL COLUMNS FROM `message` [ RunTime:0.001438s ]
[2026-08-18T21:03:58+08:00][sql] SELECT `m`.*,u.nickname as other_name,u.avatar as other_avatar,u.shop_name as other_shop,g.title as goods_title FROM `message` `m` LEFT JOIN `user` `u` ON `m`.`to_uid`=`u`.`id` LEFT JOIN `goods` `g` ON `m`.`goods_id`=`g`.`id` WHERE  `m`.`from_uid` = '20' ORDER BY `m`.`id` DESC [ RunTime:0.000695s ]
[2026-08-18T21:03:58+08:00][sql] SELECT `m`.*,u.nickname as other_name,u.avatar as other_avatar,u.shop_name as other_shop,g.title as goods_title FROM `message` `m` LEFT JOIN `user` `u` ON `m`.`from_uid`=`u`.`id` LEFT JOIN `goods` `g` ON `m`.`goods_id`=`g`.`id` WHERE  `m`.`to_uid` = '20' ORDER BY `m`.`id` DESC [ RunTime:0.000627s ]
[2026-08-18T21:03:59+08:00][sql] CONNECT:[ UseTime:0.002010s ] mysql:host=127.0.0.1;port=3306;dbname=auction;charset=utf8mb4
[2026-08-18T21:03:59+08:00][sql] SHOW FULL COLUMNS FROM `goods` [ RunTime:0.001421s ]
[2026-08-18T21:03:59+08:00][sql] SELECT `id` FROM `goods` WHERE  `status` = 1  AND `end_time` <= 1787058239 [ RunTime:0.000904s ]
[2026-08-18T21:03:59+08:00][sql] SHOW FULL COLUMNS FROM `user` [ RunTime:0.001475s ]
[2026-08-18T21:03:59+08:00][sql] SELECT * FROM `user` WHERE  `id` = 25 LIMIT 1 [ RunTime:0.000664s ]
[2026-08-18T21:03:59+08:00][sql] SHOW FULL COLUMNS FROM `setting` [ RunTime:0.001386s ]
[2026-08-18T21:03:59+08:00][sql] SELECT * FROM `setting` [ RunTime:0.000758s ]
[2026-08-18T21:03:59+08:00][sql] SHOW FULL COLUMNS FROM `message` [ RunTime:0.001436s ]
[2026-08-18T21:03:59+08:00][sql] SELECT * FROM `message` WHERE  `goods_id` = 28  AND `id` > 5  AND (  (  `from_uid` = 25  AND `to_uid` = 20 ) OR (  `from_uid` = 20  AND `to_uid` = 25 ) ) ORDER BY `id` ASC [ RunTime:0.000821s ]
[2026-08-18T21:04:01+08:00][sql] CONNECT:[ UseTime:0.001950s ] mysql:host=127.0.0.1;port=3306;dbname=auction;charset=utf8mb4
[2026-08-18T21:04:01+08:00][sql] SHOW FULL COLUMNS FROM `goods` [ RunTime:0.001594s ]
[2026-08-18T21:04:01+08:00][sql] SELECT `id` FROM `goods` WHERE  `status` = 1  AND `end_time` <= 1787058241 [ RunTime:0.000861s ]
[2026-08-18T21:04:01+08:00][sql] SHOW FULL COLUMNS FROM `user` [ RunTime:0.001532s ]
[2026-08-18T21:04:01+08:00][sql] SELECT * FROM `user` WHERE  `id` = 25 LIMIT 1 [ RunTime:0.001056s ]
[2026-08-18T21:04:01+08:00][sql] SHOW FULL COLUMNS FROM `setting` [ RunTime:0.001176s ]
[2026-08-18T21:04:01+08:00][sql] SELECT * FROM `setting` [ RunTime:0.000505s ]
[2026-08-18T21:04:01+08:00][sql] SELECT * FROM `goods` WHERE  `id` = 28  AND `status` = 1 LIMIT 1 [ RunTime:0.000866s ]
[2026-08-18T21:04:01+08:00][sql] SELECT * FROM `user` WHERE  `id` = 20 LIMIT 1 [ RunTime:0.000746s ]
[2026-08-18T21:04:01+08:00][sql] SHOW FULL COLUMNS FROM `message` [ RunTime:0.001227s ]
[2026-08-18T21:04:01+08:00][sql] SELECT * FROM `message` WHERE  `goods_id` = 28  AND (  (  `from_uid` = 25  AND `to_uid` = 20 ) OR (  `from_uid` = 20  AND `to_uid` = 25 ) ) ORDER BY `id` ASC [ RunTime:0.000780s ]
[2026-08-18T21:04:01+08:00][sql] UPDATE `message`  SET `is_read` = 1  WHERE  `goods_id` = 28  AND `from_uid` = 20  AND `to_uid` = 25  AND `is_read` = 0 [ RunTime:0.000770s ]
[2026-08-18T21:04:04+08:00][sql] CONNECT:[ UseTime:0.002273s ] mysql:host=127.0.0.1;port=3306;dbname=auction;charset=utf8mb4
[2026-08-18T21:04:04+08:00][sql] SHOW FULL COLUMNS FROM `goods` [ RunTime:0.001587s ]
[2026-08-18T21:04:04+08:00][sql] SELECT `id` FROM `goods` WHERE  `status` = 1  AND `end_time` <= 1787058244 [ RunTime:0.000912s ]
[2026-08-18T21:04:04+08:00][sql] SHOW FULL COLUMNS FROM `user` [ RunTime:0.001672s ]
[2026-08-18T21:04:04+08:00][sql] SELECT * FROM `user` WHERE  `id` = 25 LIMIT 1 [ RunTime:0.001017s ]
[2026-08-18T21:04:04+08:00][sql] SHOW FULL COLUMNS FROM `setting` [ RunTime:0.001489s ]
[2026-08-18T21:04:04+08:00][sql] SELECT * FROM `setting` [ RunTime:0.000875s ]
[2026-08-18T21:04:04+08:00][sql] SELECT * FROM `goods` WHERE  `id` = 28  AND `status` = 1 LIMIT 1 [ RunTime:0.001137s ]
[2026-08-18T21:04:04+08:00][sql] SELECT * FROM `user` WHERE  `id` = 20 LIMIT 1 [ RunTime:0.000994s ]
[2026-08-18T21:04:04+08:00][sql] SHOW FULL COLUMNS FROM `message` [ RunTime:0.001367s ]
[2026-08-18T21:04:04+08:00][sql] SELECT * FROM `message` WHERE  `goods_id` = 28  AND (  (  `from_uid` = 25  AND `to_uid` = 20 ) OR (  `from_uid` = 20  AND `to_uid` = 25 ) ) ORDER BY `id` ASC [ RunTime:0.000886s ]
[2026-08-18T21:04:04+08:00][sql] UPDATE `message`  SET `is_read` = 1  WHERE  `goods_id` = 28  AND `from_uid` = 20  AND `to_uid` = 25  AND `is_read` = 0 [ RunTime:0.000876s ]
[2026-08-18T21:04:07+08:00][sql] CONNECT:[ UseTime:0.019199s ] mysql:host=127.0.0.1;port=3306;dbname=auction;charset=utf8mb4
[2026-08-18T21:04:07+08:00][sql] SHOW FULL COLUMNS FROM `goods` [ RunTime:0.001385s ]
[2026-08-18T21:04:07+08:00][sql] SELECT `id` FROM `goods` WHERE  `status` = 1  AND `end_time` <= 1787058247 [ RunTime:0.000810s ]
[2026-08-18T21:04:07+08:00][sql] SHOW FULL COLUMNS FROM `user` [ RunTime:0.001402s ]
[2026-08-18T21:04:07+08:00][sql] SELECT * FROM `user` WHERE  `id` = 25 LIMIT 1 [ RunTime:0.000938s ]
[2026-08-18T21:04:07+08:00][sql] SHOW FULL COLUMNS FROM `setting` [ RunTime:0.001379s ]
[2026-08-18T21:04:07+08:00][sql] SELECT * FROM `setting` [ RunTime:0.000765s ]
[2026-08-18T21:04:07+08:00][sql] SHOW FULL COLUMNS FROM `message` [ RunTime:0.001491s ]
[2026-08-18T21:04:07+08:00][sql] SELECT * FROM `message` WHERE  `goods_id` = 28  AND `id` > 0  AND (  (  `from_uid` = 25  AND `to_uid` = 20 ) OR (  `from_uid` = 20  AND `to_uid` = 25 ) ) ORDER BY `id` ASC [ RunTime:0.000906s ]
[2026-08-18T21:04:07+08:00][sql] CONNECT:[ UseTime:0.001871s ] mysql:host=127.0.0.1;port=3306;dbname=auction;charset=utf8mb4
[2026-08-18T21:04:07+08:00][sql] SHOW FULL COLUMNS FROM `goods` [ RunTime:0.001467s ]
[2026-08-18T21:04:07+08:00][sql] SELECT `id` FROM `goods` WHERE  `status` = 1  AND `end_time` <= 1787058247 [ RunTime:0.000780s ]
[2026-08-18T21:04:07+08:00][sql] SHOW FULL COLUMNS FROM `user` [ RunTime:0.001420s ]
[2026-08-18T21:04:07+08:00][sql] SELECT * FROM `user` WHERE  `id` = 25 LIMIT 1 [ RunTime:0.000791s ]
[2026-08-18T21:04:07+08:00][sql] SHOW FULL COLUMNS FROM `setting` [ RunTime:0.001273s ]
[2026-08-18T21:04:07+08:00][sql] SELECT * FROM `setting` [ RunTime:0.001117s ]
[2026-08-18T21:04:07+08:00][sql] SHOW FULL COLUMNS FROM `message` [ RunTime:0.001420s ]
[2026-08-18T21:04:07+08:00][sql] INSERT INTO `message` SET `from_uid` = 25 , `to_uid` = 20 , `goods_id` = 28 , `content` = '111' , `is_read` = 0 , `create_time` = 1787058247 [ RunTime:0.001926s ]
[2026-08-18T21:04:10+08:00][sql] CONNECT:[ UseTime:0.001938s ] mysql:host=127.0.0.1;port=3306;dbname=auction;charset=utf8mb4
[2026-08-18T21:04:10+08:00][sql] SHOW FULL COLUMNS FROM `goods` [ RunTime:0.001489s ]
[2026-08-18T21:04:10+08:00][sql] SELECT `id` FROM `goods` WHERE  `status` = 1  AND `end_time` <= 1787058250 [ RunTime:0.000833s ]
[2026-08-18T21:04:10+08:00][sql] SHOW FULL COLUMNS FROM `user` [ RunTime:0.001557s ]
[2026-08-18T21:04:10+08:00][sql] SELECT * FROM `user` WHERE  `id` = 25 LIMIT 1 [ RunTime:0.000875s ]
[2026-08-18T21:04:10+08:00][sql] SHOW FULL COLUMNS FROM `setting` [ RunTime:0.001432s ]
[2026-08-18T21:04:10+08:00][sql] SELECT * FROM `setting` [ RunTime:0.000817s ]
[2026-08-18T21:04:10+08:00][sql] SHOW FULL COLUMNS FROM `message` [ RunTime:0.001323s ]
[2026-08-18T21:04:10+08:00][sql] SELECT * FROM `message` WHERE  `goods_id` = 28  AND `id` > 6  AND (  (  `from_uid` = 25  AND `to_uid` = 20 ) OR (  `from_uid` = 20  AND `to_uid` = 25 ) ) ORDER BY `id` ASC [ RunTime:0.000866s ]
[2026-08-18T21:04:10+08:00][sql] CONNECT:[ UseTime:0.001980s ] mysql:host=127.0.0.1;port=3306;dbname=auction;charset=utf8mb4
[2026-08-18T21:04:10+08:00][sql] SHOW FULL COLUMNS FROM `goods` [ RunTime:0.001153s ]
[2026-08-18T21:04:10+08:00][sql] SELECT `id` FROM `goods` WHERE  `status` = 1  AND `end_time` <= 1787058250 [ RunTime:0.000762s ]
[2026-08-18T21:04:10+08:00][sql] SHOW FULL COLUMNS FROM `user` [ RunTime:0.001072s ]
[2026-08-18T21:04:10+08:00][sql] SELECT * FROM `user` WHERE  `id` = 25 LIMIT 1 [ RunTime:0.000992s ]
[2026-08-18T21:04:10+08:00][sql] SHOW FULL COLUMNS FROM `setting` [ RunTime:0.001375s ]
[2026-08-18T21:04:10+08:00][sql] SELECT * FROM `setting` [ RunTime:0.000766s ]
[2026-08-18T21:04:10+08:00][sql] SELECT * FROM `goods` WHERE  `id` = 28  AND `status` = 1 LIMIT 1 [ RunTime:0.001199s ]
[2026-08-18T21:04:10+08:00][sql] SELECT * FROM `user` WHERE  `id` = 20 LIMIT 1 [ RunTime:0.001008s ]
[2026-08-18T21:04:10+08:00][sql] SHOW FULL COLUMNS FROM `message` [ RunTime:0.001467s ]
[2026-08-18T21:04:10+08:00][sql] SELECT * FROM `message` WHERE  `goods_id` = 28  AND (  (  `from_uid` = 25  AND `to_uid` = 20 ) OR (  `from_uid` = 20  AND `to_uid` = 25 ) ) ORDER BY `id` ASC [ RunTime:0.000961s ]
[2026-08-18T21:04:10+08:00][sql] UPDATE `message`  SET `is_read` = 1  WHERE  `goods_id` = 28  AND `from_uid` = 20  AND `to_uid` = 25  AND `is_read` = 0 [ RunTime:0.000550s ]
[2026-08-18T21:04:14+08:00][sql] CONNECT:[ UseTime:0.002134s ] mysql:host=127.0.0.1;port=3306;dbname=auction;charset=utf8mb4
[2026-08-18T21:04:14+08:00][sql] SHOW FULL COLUMNS FROM `goods` [ RunTime:0.001756s ]
[2026-08-18T21:04:14+08:00][sql] SELECT `id` FROM `goods` WHERE  `status` = 1  AND `end_time` <= 1787058254 [ RunTime:0.000923s ]
[2026-08-18T21:04:14+08:00][sql] SHOW FULL COLUMNS FROM `user` [ RunTime:0.001333s ]
[2026-08-18T21:04:14+08:00][sql] SELECT * FROM `user` WHERE  `id` = 25 LIMIT 1 [ RunTime:0.001035s ]
[2026-08-18T21:04:14+08:00][sql] SHOW FULL COLUMNS FROM `setting` [ RunTime:0.001448s ]
[2026-08-18T21:04:14+08:00][sql] SELECT * FROM `setting` [ RunTime:0.000899s ]
[2026-08-18T21:04:14+08:00][sql] SHOW FULL COLUMNS FROM `message` [ RunTime:0.001656s ]
[2026-08-18T21:04:14+08:00][sql] SELECT * FROM `message` WHERE  `goods_id` = 28  AND `id` > 6  AND (  (  `from_uid` = 25  AND `to_uid` = 20 ) OR (  `from_uid` = 20  AND `to_uid` = 25 ) ) ORDER BY `id` ASC [ RunTime:0.001070s ]
[2026-08-18T21:04:14+08:00][sql] CONNECT:[ UseTime:0.020421s ] mysql:host=127.0.0.1;port=3306;dbname=auction;charset=utf8mb4
[2026-08-18T21:04:14+08:00][sql] SHOW FULL COLUMNS FROM `goods` [ RunTime:0.001280s ]
[2026-08-18T21:04:14+08:00][sql] SELECT `id` FROM `goods` WHERE  `status` = 1  AND `end_time` <= 1787058254 [ RunTime:0.000865s ]
[2026-08-18T21:04:14+08:00][sql] SHOW FULL COLUMNS FROM `user` [ RunTime:0.001092s ]
[2026-08-18T21:04:14+08:00][sql] SELECT * FROM `user` WHERE  `id` = 20 LIMIT 1 [ RunTime:0.000605s ]
[2026-08-18T21:04:14+08:00][sql] SHOW FULL COLUMNS FROM `setting` [ RunTime:0.001276s ]
[2026-08-18T21:04:14+08:00][sql] SELECT * FROM `setting` [ RunTime:0.000618s ]
[2026-08-18T21:04:14+08:00][sql] SHOW FULL COLUMNS FROM `message` [ RunTime:0.001622s ]
[2026-08-18T21:04:14+08:00][sql] SELECT `m`.*,u.nickname as other_name,u.avatar as other_avatar,u.shop_name as other_shop,g.title as goods_title FROM `message` `m` LEFT JOIN `user` `u` ON `m`.`to_uid`=`u`.`id` LEFT JOIN `goods` `g` ON `m`.`goods_id`=`g`.`id` WHERE  `m`.`from_uid` = '20' ORDER BY `m`.`id` DESC [ RunTime:0.001007s ]
[2026-08-18T21:04:14+08:00][sql] SELECT `m`.*,u.nickname as other_name,u.avatar as other_avatar,u.shop_name as other_shop,g.title as goods_title FROM `message` `m` LEFT JOIN `user` `u` ON `m`.`from_uid`=`u`.`id` LEFT JOIN `goods` `g` ON `m`.`goods_id`=`g`.`id` WHERE  `m`.`to_uid` = '20' ORDER BY `m`.`id` DESC [ RunTime:0.000709s ]
[2026-08-18T21:04:14+08:00][sql] SELECT COUNT(*) AS think_count FROM `message` WHERE  `goods_id` = 28  AND `from_uid` = 25  AND `to_uid` = 20  AND `is_read` = 0 [ RunTime:0.000698s ]
[2026-08-18T21:04:16+08:00][sql] CONNECT:[ UseTime:0.001865s ] mysql:host=127.0.0.1;port=3306;dbname=auction;charset=utf8mb4
[2026-08-18T21:04:16+08:00][sql] SHOW FULL COLUMNS FROM `goods` [ RunTime:0.001422s ]
[2026-08-18T21:04:16+08:00][sql] SELECT `id` FROM `goods` WHERE  `status` = 1  AND `end_time` <= 1787058256 [ RunTime:0.000756s ]
[2026-08-18T21:04:16+08:00][sql] SHOW FULL COLUMNS FROM `user` [ RunTime:0.001384s ]
[2026-08-18T21:04:16+08:00][sql] SELECT * FROM `user` WHERE  `id` = 20 LIMIT 1 [ RunTime:0.000792s ]
[2026-08-18T21:04:16+08:00][sql] SHOW FULL COLUMNS FROM `setting` [ RunTime:0.001434s ]
[2026-08-18T21:04:16+08:00][sql] SELECT * FROM `setting` [ RunTime:0.000635s ]
[2026-08-18T21:04:16+08:00][sql] SELECT * FROM `goods` WHERE  `id` = 28  AND `status` = 1 LIMIT 1 [ RunTime:0.000895s ]
[2026-08-18T21:04:16+08:00][sql] SELECT * FROM `user` WHERE  `id` = 25 LIMIT 1 [ RunTime:0.000704s ]
[2026-08-18T21:04:16+08:00][sql] SHOW FULL COLUMNS FROM `message` [ RunTime:0.001135s ]
[2026-08-18T21:04:16+08:00][sql] SELECT * FROM `message` WHERE  `goods_id` = 28  AND (  (  `from_uid` = 20  AND `to_uid` = 25 ) OR (  `from_uid` = 25  AND `to_uid` = 20 ) ) ORDER BY `id` ASC [ RunTime:0.000819s ]
[2026-08-18T21:04:16+08:00][sql] UPDATE `message`  SET `is_read` = 1  WHERE  `goods_id` = 28  AND `from_uid` = 25  AND `to_uid` = 20  AND `is_read` = 0 [ RunTime:0.001957s ]
[2026-08-18T21:04:17+08:00][sql] CONNECT:[ UseTime:0.002031s ] mysql:host=127.0.0.1;port=3306;dbname=auction;charset=utf8mb4
[2026-08-18T21:04:17+08:00][sql] SHOW FULL COLUMNS FROM `goods` [ RunTime:0.001702s ]
[2026-08-18T21:04:17+08:00][sql] SELECT `id` FROM `goods` WHERE  `status` = 1  AND `end_time` <= 1787058257 [ RunTime:0.000858s ]
[2026-08-18T21:04:17+08:00][sql] SHOW FULL COLUMNS FROM `user` [ RunTime:0.001508s ]
[2026-08-18T21:04:17+08:00][sql] SELECT * FROM `user` WHERE  `id` = 25 LIMIT 1 [ RunTime:0.000873s ]
[2026-08-18T21:04:17+08:00][sql] SHOW FULL COLUMNS FROM `setting` [ RunTime:0.001266s ]
[2026-08-18T21:04:17+08:00][sql] SELECT * FROM `setting` [ RunTime:0.000750s ]
[2026-08-18T21:04:17+08:00][sql] SHOW FULL COLUMNS FROM `message` [ RunTime:0.001315s ]
[2026-08-18T21:04:17+08:00][sql] SELECT * FROM `message` WHERE  `goods_id` = 28  AND `id` > 6  AND (  (  `from_uid` = 25  AND `to_uid` = 20 ) OR (  `from_uid` = 20  AND `to_uid` = 25 ) ) ORDER BY `id` ASC [ RunTime:0.000829s ]
[2026-08-18T21:04:19+08:00][sql] CONNECT:[ UseTime:0.013405s ] mysql:host=127.0.0.1;port=3306;dbname=auction;charset=utf8mb4
[2026-08-18T21:04:19+08:00][sql] SHOW FULL COLUMNS FROM `goods` [ RunTime:0.001583s ]
[2026-08-18T21:04:19+08:00][sql] SELECT `id` FROM `goods` WHERE  `status` = 1  AND `end_time` <= 1787058259 [ RunTime:0.000861s ]
[2026-08-18T21:04:19+08:00][sql] SHOW FULL COLUMNS FROM `user` [ RunTime:0.001538s ]
[2026-08-18T21:04:19+08:00][sql] SELECT * FROM `user` WHERE  `id` = 20 LIMIT 1 [ RunTime:0.000874s ]
[2026-08-18T21:04:19+08:00][sql] SHOW FULL COLUMNS FROM `setting` [ RunTime:0.001365s ]
[2026-08-18T21:04:19+08:00][sql] SELECT * FROM `setting` [ RunTime:0.000728s ]
[2026-08-18T21:04:19+08:00][sql] SHOW FULL COLUMNS FROM `message` [ RunTime:0.001447s ]
[2026-08-18T21:04:19+08:00][sql] SELECT * FROM `message` WHERE  `goods_id` = 28  AND `id` > 6  AND (  (  `from_uid` = 20  AND `to_uid` = 25 ) OR (  `from_uid` = 25  AND `to_uid` = 20 ) ) ORDER BY `id` ASC [ RunTime:0.000941s ]
[2026-08-18T21:04:19+08:00][sql] CONNECT:[ UseTime:0.001656s ] mysql:host=127.0.0.1;port=3306;dbname=auction;charset=utf8mb4
[2026-08-18T21:04:19+08:00][sql] SHOW FULL COLUMNS FROM `goods` [ RunTime:0.001449s ]
[2026-08-18T21:04:19+08:00][sql] SELECT `id` FROM `goods` WHERE  `status` = 1  AND `end_time` <= 1787058259 [ RunTime:0.000764s ]
[2026-08-18T21:04:19+08:00][sql] SHOW FULL COLUMNS FROM `user` [ RunTime:0.001381s ]
[2026-08-18T21:04:19+08:00][sql] SELECT * FROM `user` WHERE  `id` = 20 LIMIT 1 [ RunTime:0.001452s ]
[2026-08-18T21:04:19+08:00][sql] SHOW FULL COLUMNS FROM `setting` [ RunTime:0.000884s ]
[2026-08-18T21:04:19+08:00][sql] SELECT * FROM `setting` [ RunTime:0.000429s ]
[2026-08-18T21:04:19+08:00][sql] SHOW FULL COLUMNS FROM `message` [ RunTime:0.001338s ]
[2026-08-18T21:04:19+08:00][sql] INSERT INTO `message` SET `from_uid` = 20 , `to_uid` = 25 , `goods_id` = 28 , `content` = '222' , `is_read` = 0 , `create_time` = 1787058259 [ RunTime:0.001613s ]
[2026-08-18T21:04:20+08:00][sql] CONNECT:[ UseTime:0.001881s ] mysql:host=127.0.0.1;port=3306;dbname=auction;charset=utf8mb4
[2026-08-18T21:04:20+08:00][sql] SHOW FULL COLUMNS FROM `goods` [ RunTime:0.001245s ]
[2026-08-18T21:04:20+08:00][sql] SELECT `id` FROM `goods` WHERE  `status` = 1  AND `end_time` <= 1787058260 [ RunTime:0.000794s ]
[2026-08-18T21:04:20+08:00][sql] SHOW FULL COLUMNS FROM `user` [ RunTime:0.001401s ]
[2026-08-18T21:04:20+08:00][sql] SELECT * FROM `user` WHERE  `id` = 25 LIMIT 1 [ RunTime:0.000713s ]
[2026-08-18T21:04:20+08:00][sql] SHOW FULL COLUMNS FROM `setting` [ RunTime:0.000846s ]
[2026-08-18T21:04:20+08:00][sql] SELECT * FROM `setting` [ RunTime:0.000434s ]
[2026-08-18T21:04:20+08:00][sql] SHOW FULL COLUMNS FROM `message` [ RunTime:0.001269s ]
[2026-08-18T21:04:20+08:00][sql] SELECT * FROM `message` WHERE  `goods_id` = 28  AND `id` > 6  AND (  (  `from_uid` = 25  AND `to_uid` = 20 ) OR (  `from_uid` = 20  AND `to_uid` = 25 ) ) ORDER BY `id` ASC [ RunTime:0.000843s ]
[2026-08-18T21:04:20+08:00][sql] UPDATE `message`  SET `is_read` = 1  WHERE  `id` = 7 [ RunTime:0.001937s ]
[2026-08-18T21:04:22+08:00][sql] CONNECT:[ UseTime:0.001770s ] mysql:host=127.0.0.1;port=3306;dbname=auction;charset=utf8mb4
[2026-08-18T21:04:22+08:00][sql] SHOW FULL COLUMNS FROM `goods` [ RunTime:0.002028s ]
[2026-08-18T21:04:22+08:00][sql] SELECT `id` FROM `goods` WHERE  `status` = 1  AND `end_time` <= 1787058262 [ RunTime:0.000567s ]
[2026-08-18T21:04:22+08:00][sql] SHOW FULL COLUMNS FROM `user` [ RunTime:0.000980s ]
[2026-08-18T21:04:22+08:00][sql] SELECT * FROM `user` WHERE  `id` = 20 LIMIT 1 [ RunTime:0.000545s ]
[2026-08-18T21:04:22+08:00][sql] SHOW FULL COLUMNS FROM `setting` [ RunTime:0.001141s ]
[2026-08-18T21:04:22+08:00][sql] SELECT * FROM `setting` [ RunTime:0.000629s ]
[2026-08-18T21:04:22+08:00][sql] SHOW FULL COLUMNS FROM `message` [ RunTime:0.001246s ]
[2026-08-18T21:04:22+08:00][sql] SELECT * FROM `message` WHERE  `goods_id` = 28  AND `id` > 7  AND (  (  `from_uid` = 20  AND `to_uid` = 25 ) OR (  `from_uid` = 25  AND `to_uid` = 20 ) ) ORDER BY `id` ASC [ RunTime:0.000792s ]
[2026-08-18T21:04:23+08:00][sql] CONNECT:[ UseTime:0.001886s ] mysql:host=127.0.0.1;port=3306;dbname=auction;charset=utf8mb4
[2026-08-18T21:04:23+08:00][sql] SHOW FULL COLUMNS FROM `goods` [ RunTime:0.001531s ]
[2026-08-18T21:04:23+08:00][sql] SELECT `id` FROM `goods` WHERE  `status` = 1  AND `end_time` <= 1787058263 [ RunTime:0.000790s ]
[2026-08-18T21:04:23+08:00][sql] SHOW FULL COLUMNS FROM `user` [ RunTime:0.001504s ]
[2026-08-18T21:04:23+08:00][sql] SELECT * FROM `user` WHERE  `id` = 25 LIMIT 1 [ RunTime:0.000839s ]
[2026-08-18T21:04:23+08:00][sql] SHOW FULL COLUMNS FROM `setting` [ RunTime:0.001179s ]
[2026-08-18T21:04:23+08:00][sql] SELECT * FROM `setting` [ RunTime:0.000692s ]
[2026-08-18T21:04:23+08:00][sql] SHOW FULL COLUMNS FROM `message` [ RunTime:0.001364s ]
[2026-08-18T21:04:23+08:00][sql] SELECT * FROM `message` WHERE  `goods_id` = 28  AND `id` > 7  AND (  (  `from_uid` = 25  AND `to_uid` = 20 ) OR (  `from_uid` = 20  AND `to_uid` = 25 ) ) ORDER BY `id` ASC [ RunTime:0.001019s ]
[2026-08-18T21:04:23+08:00][sql] CONNECT:[ UseTime:0.023890s ] mysql:host=127.0.0.1;port=3306;dbname=auction;charset=utf8mb4
[2026-08-18T21:04:23+08:00][sql] SHOW FULL COLUMNS FROM `goods` [ RunTime:0.001893s ]
[2026-08-18T21:04:23+08:00][sql] SELECT `id` FROM `goods` WHERE  `status` = 1  AND `end_time` <= 1787058263 [ RunTime:0.000764s ]
[2026-08-18T21:04:23+08:00][sql] SHOW FULL COLUMNS FROM `user` [ RunTime:0.001448s ]
[2026-08-18T21:04:23+08:00][sql] SELECT * FROM `user` WHERE  `id` = 25 LIMIT 1 [ RunTime:0.000830s ]
[2026-08-18T21:04:23+08:00][sql] SHOW FULL COLUMNS FROM `setting` [ RunTime:0.001173s ]
[2026-08-18T21:04:23+08:00][sql] SELECT * FROM `setting` [ RunTime:0.000598s ]
[2026-08-18T21:04:23+08:00][sql] SELECT * FROM `goods` WHERE  `id` = 28  AND `status` = 1 LIMIT 1 [ RunTime:0.000638s ]
[2026-08-18T21:04:23+08:00][sql] SELECT * FROM `user` WHERE  `id` = 20 LIMIT 1 [ RunTime:0.000489s ]
[2026-08-18T21:04:23+08:00][sql] SHOW FULL COLUMNS FROM `message` [ RunTime:0.001019s ]
[2026-08-18T21:04:23+08:00][sql] SELECT * FROM `message` WHERE  `goods_id` = 28  AND (  (  `from_uid` = 25  AND `to_uid` = 20 ) OR (  `from_uid` = 20  AND `to_uid` = 25 ) ) ORDER BY `id` ASC [ RunTime:0.001418s ]
[2026-08-18T21:04:23+08:00][sql] UPDATE `message`  SET `is_read` = 1  WHERE  `goods_id` = 28  AND `from_uid` = 20  AND `to_uid` = 25  AND `is_read` = 0 [ RunTime:0.000794s ]
[2026-08-18T21:04:25+08:00][sql] CONNECT:[ UseTime:0.001931s ] mysql:host=127.0.0.1;port=3306;dbname=auction;charset=utf8mb4
[2026-08-18T21:04:25+08:00][sql] SHOW FULL COLUMNS FROM `goods` [ RunTime:0.001554s ]
[2026-08-18T21:04:25+08:00][sql] SELECT `id` FROM `goods` WHERE  `status` = 1  AND `end_time` <= 1787058265 [ RunTime:0.000840s ]
[2026-08-18T21:04:25+08:00][sql] SHOW FULL COLUMNS FROM `user` [ RunTime:0.001588s ]
[2026-08-18T21:04:25+08:00][sql] SELECT * FROM `user` WHERE  `id` = 20 LIMIT 1 [ RunTime:0.000928s ]
[2026-08-18T21:04:25+08:00][sql] SHOW FULL COLUMNS FROM `setting` [ RunTime:0.001297s ]
[2026-08-18T21:04:25+08:00][sql] SELECT * FROM `setting` [ RunTime:0.000753s ]
[2026-08-18T21:04:25+08:00][sql] SHOW FULL COLUMNS FROM `message` [ RunTime:0.001468s ]
[2026-08-18T21:04:25+08:00][sql] SELECT * FROM `message` WHERE  `goods_id` = 28  AND `id` > 7  AND (  (  `from_uid` = 20  AND `to_uid` = 25 ) OR (  `from_uid` = 25  AND `to_uid` = 20 ) ) ORDER BY `id` ASC [ RunTime:0.000950s ]
[2026-08-18T21:04:26+08:00][sql] CONNECT:[ UseTime:0.015888s ] mysql:host=127.0.0.1;port=3306;dbname=auction;charset=utf8mb4
[2026-08-18T21:04:26+08:00][sql] SHOW FULL COLUMNS FROM `goods` [ RunTime:0.001684s ]
[2026-08-18T21:04:26+08:00][sql] SELECT `id` FROM `goods` WHERE  `status` = 1  AND `end_time` <= 1787058266 [ RunTime:0.000870s ]
[2026-08-18T21:04:26+08:00][sql] SHOW FULL COLUMNS FROM `user` [ RunTime:0.001577s ]
[2026-08-18T21:04:26+08:00][sql] SELECT * FROM `user` WHERE  `id` = 25 LIMIT 1 [ RunTime:0.000934s ]
[2026-08-18T21:04:26+08:00][sql] SHOW FULL COLUMNS FROM `setting` [ RunTime:0.001308s ]
[2026-08-18T21:04:26+08:00][sql] SELECT * FROM `setting` [ RunTime:0.000742s ]
[2026-08-18T21:04:26+08:00][sql] SHOW FULL COLUMNS FROM `message` [ RunTime:0.001412s ]
[2026-08-18T21:04:26+08:00][sql] SELECT * FROM `message` WHERE  `goods_id` = 28  AND `id` > 7  AND (  (  `from_uid` = 25  AND `to_uid` = 20 ) OR (  `from_uid` = 20  AND `to_uid` = 25 ) ) ORDER BY `id` ASC [ RunTime:0.001107s ]
[2026-08-18T21:04:28+08:00][sql] CONNECT:[ UseTime:0.002080s ] mysql:host=127.0.0.1;port=3306;dbname=auction;charset=utf8mb4
[2026-08-18T21:04:28+08:00][sql] SHOW FULL COLUMNS FROM `goods` [ RunTime:0.001429s ]
[2026-08-18T21:04:28+08:00][sql] SELECT `id` FROM `goods` WHERE  `status` = 1  AND `end_time` <= 1787058268 [ RunTime:0.000548s ]
[2026-08-18T21:04:28+08:00][sql] SHOW FULL COLUMNS FROM `user` [ RunTime:0.001384s ]
[2026-08-18T21:04:28+08:00][sql] SELECT * FROM `user` WHERE  `id` = 20 LIMIT 1 [ RunTime:0.000782s ]
[2026-08-18T21:04:28+08:00][sql] SHOW FULL COLUMNS FROM `setting` [ RunTime:0.001146s ]
[2026-08-18T21:04:28+08:00][sql] SELECT * FROM `setting` [ RunTime:0.000635s ]
[2026-08-18T21:04:28+08:00][sql] SHOW FULL COLUMNS FROM `message` [ RunTime:0.001270s ]
[2026-08-18T21:04:28+08:00][sql] SELECT * FROM `message` WHERE  `goods_id` = 28  AND `id` > 7  AND (  (  `from_uid` = 20  AND `to_uid` = 25 ) OR (  `from_uid` = 25  AND `to_uid` = 20 ) ) ORDER BY `id` ASC [ RunTime:0.000803s ]
[2026-08-18T21:04:29+08:00][sql] CONNECT:[ UseTime:0.016042s ] mysql:host=127.0.0.1;port=3306;dbname=auction;charset=utf8mb4
[2026-08-18T21:04:29+08:00][sql] SHOW FULL COLUMNS FROM `goods` [ RunTime:0.001367s ]
[2026-08-18T21:04:29+08:00][sql] SELECT `id` FROM `goods` WHERE  `status` = 1  AND `end_time` <= 1787058269 [ RunTime:0.000760s ]
[2026-08-18T21:04:29+08:00][sql] SHOW FULL COLUMNS FROM `user` [ RunTime:0.001525s ]
[2026-08-18T21:04:29+08:00][sql] SELECT * FROM `user` WHERE  `id` = 25 LIMIT 1 [ RunTime:0.000731s ]
[2026-08-18T21:04:29+08:00][sql] SHOW FULL COLUMNS FROM `setting` [ RunTime:0.001252s ]
[2026-08-18T21:04:29+08:00][sql] SELECT * FROM `setting` [ RunTime:0.000607s ]
[2026-08-18T21:04:29+08:00][sql] SHOW FULL COLUMNS FROM `message` [ RunTime:0.000924s ]
[2026-08-18T21:04:29+08:00][sql] SELECT * FROM `message` WHERE  `goods_id` = 28  AND `id` > 7  AND (  (  `from_uid` = 25  AND `to_uid` = 20 ) OR (  `from_uid` = 20  AND `to_uid` = 25 ) ) ORDER BY `id` ASC [ RunTime:0.000869s ]
[2026-08-18T21:04:31+08:00][sql] CONNECT:[ UseTime:0.018884s ] mysql:host=127.0.0.1;port=3306;dbname=auction;charset=utf8mb4
[2026-08-18T21:04:31+08:00][sql] SHOW FULL COLUMNS FROM `goods` [ RunTime:0.001548s ]
[2026-08-18T21:04:31+08:00][sql] SELECT `id` FROM `goods` WHERE  `status` = 1  AND `end_time` <= 1787058271 [ RunTime:0.000835s ]
[2026-08-18T21:04:31+08:00][sql] SHOW FULL COLUMNS FROM `user` [ RunTime:0.001138s ]
[2026-08-18T21:04:31+08:00][sql] SELECT * FROM `user` WHERE  `id` = 20 LIMIT 1 [ RunTime:0.000861s ]
[2026-08-18T21:04:31+08:00][sql] SHOW FULL COLUMNS FROM `setting` [ RunTime:0.001251s ]
[2026-08-18T21:04:31+08:00][sql] SELECT * FROM `setting` [ RunTime:0.000721s ]
[2026-08-18T21:04:31+08:00][sql] SHOW FULL COLUMNS FROM `message` [ RunTime:0.001523s ]
[2026-08-18T21:04:31+08:00][sql] SELECT * FROM `message` WHERE  `goods_id` = 28  AND `id` > 7  AND (  (  `from_uid` = 20  AND `to_uid` = 25 ) OR (  `from_uid` = 25  AND `to_uid` = 20 ) ) ORDER BY `id` ASC [ RunTime:0.000920s ]
[2026-08-18T21:04:32+08:00][sql] CONNECT:[ UseTime:0.020351s ] mysql:host=127.0.0.1;port=3306;dbname=auction;charset=utf8mb4
[2026-08-18T21:04:32+08:00][sql] SHOW FULL COLUMNS FROM `goods` [ RunTime:0.001507s ]
[2026-08-18T21:04:32+08:00][sql] SELECT `id` FROM `goods` WHERE  `status` = 1  AND `end_time` <= 1787058272 [ RunTime:0.000850s ]
[2026-08-18T21:04:32+08:00][sql] SHOW FULL COLUMNS FROM `user` [ RunTime:0.001546s ]
[2026-08-18T21:04:32+08:00][sql] SELECT * FROM `user` WHERE  `id` = 25 LIMIT 1 [ RunTime:0.000885s ]
[2026-08-18T21:04:32+08:00][sql] SHOW FULL COLUMNS FROM `setting` [ RunTime:0.001286s ]
[2026-08-18T21:04:32+08:00][sql] SELECT * FROM `setting` [ RunTime:0.000734s ]
[2026-08-18T21:04:32+08:00][sql] SHOW FULL COLUMNS FROM `message` [ RunTime:0.001519s ]
[2026-08-18T21:04:32+08:00][sql] SELECT * FROM `message` WHERE  `goods_id` = 28  AND `id` > 7  AND (  (  `from_uid` = 25  AND `to_uid` = 20 ) OR (  `from_uid` = 20  AND `to_uid` = 25 ) ) ORDER BY `id` ASC [ RunTime:0.000938s ]
[2026-08-18T21:04:34+08:00][sql] CONNECT:[ UseTime:0.002353s ] mysql:host=127.0.0.1;port=3306;dbname=auction;charset=utf8mb4
[2026-08-18T21:04:34+08:00][sql] SHOW FULL COLUMNS FROM `goods` [ RunTime:0.001906s ]
[2026-08-18T21:04:34+08:00][sql] SELECT `id` FROM `goods` WHERE  `status` = 1  AND `end_time` <= 1787058274 [ RunTime:0.000791s ]
[2026-08-18T21:04:34+08:00][sql] SHOW FULL COLUMNS FROM `user` [ RunTime:0.002206s ]
[2026-08-18T21:04:34+08:00][sql] SELECT * FROM `user` WHERE  `id` = 20 LIMIT 1 [ RunTime:0.001276s ]
[2026-08-18T21:04:34+08:00][sql] SHOW FULL COLUMNS FROM `setting` [ RunTime:0.001897s ]
[2026-08-18T21:04:34+08:00][sql] SELECT * FROM `setting` [ RunTime:0.001076s ]
[2026-08-18T21:04:34+08:00][sql] SHOW FULL COLUMNS FROM `message` [ RunTime:0.001533s ]
[2026-08-18T21:04:34+08:00][sql] SELECT * FROM `message` WHERE  `goods_id` = 28  AND `id` > 7  AND (  (  `from_uid` = 20  AND `to_uid` = 25 ) OR (  `from_uid` = 25  AND `to_uid` = 20 ) ) ORDER BY `id` ASC [ RunTime:0.001490s ]
[2026-08-18T21:04:35+08:00][sql] CONNECT:[ UseTime:0.001968s ] mysql:host=127.0.0.1;port=3306;dbname=auction;charset=utf8mb4
[2026-08-18T21:04:35+08:00][sql] SHOW FULL COLUMNS FROM `goods` [ RunTime:0.001640s ]
[2026-08-18T21:04:35+08:00][sql] SELECT `id` FROM `goods` WHERE  `status` = 1  AND `end_time` <= 1787058275 [ RunTime:0.000765s ]
[2026-08-18T21:04:35+08:00][sql] SHOW FULL COLUMNS FROM `user` [ RunTime:0.001426s ]
[2026-08-18T21:04:35+08:00][sql] SELECT * FROM `user` WHERE  `id` = 25 LIMIT 1 [ RunTime:0.000917s ]
[2026-08-18T21:04:35+08:00][sql] SHOW FULL COLUMNS FROM `setting` [ RunTime:0.001251s ]
[2026-08-18T21:04:35+08:00][sql] SELECT * FROM `setting` [ RunTime:0.000703s ]
[2026-08-18T21:04:35+08:00][sql] SHOW FULL COLUMNS FROM `message` [ RunTime:0.001431s ]
[2026-08-18T21:04:35+08:00][sql] SELECT * FROM `message` WHERE  `goods_id` = 28  AND `id` > 7  AND (  (  `from_uid` = 25  AND `to_uid` = 20 ) OR (  `from_uid` = 20  AND `to_uid` = 25 ) ) ORDER BY `id` ASC [ RunTime:0.000946s ]
[2026-08-18T21:04:37+08:00][sql] CONNECT:[ UseTime:0.016535s ] mysql:host=127.0.0.1;port=3306;dbname=auction;charset=utf8mb4
[2026-08-18T21:04:37+08:00][sql] SHOW FULL COLUMNS FROM `goods` [ RunTime:0.001531s ]
[2026-08-18T21:04:37+08:00][sql] SELECT `id` FROM `goods` WHERE  `status` = 1  AND `end_time` <= 1787058277 [ RunTime:0.000872s ]
[2026-08-18T21:04:37+08:00][sql] SHOW FULL COLUMNS FROM `user` [ RunTime:0.001522s ]
[2026-08-18T21:04:37+08:00][sql] SELECT * FROM `user` WHERE  `id` = 20 LIMIT 1 [ RunTime:0.000920s ]
[2026-08-18T21:04:37+08:00][sql] SHOW FULL COLUMNS FROM `setting` [ RunTime:0.001312s ]
[2026-08-18T21:04:37+08:00][sql] SELECT * FROM `setting` [ RunTime:0.000769s ]
[2026-08-18T21:04:37+08:00][sql] SHOW FULL COLUMNS FROM `message` [ RunTime:0.001328s ]
[2026-08-18T21:04:37+08:00][sql] SELECT * FROM `message` WHERE  `goods_id` = 28  AND `id` > 7  AND (  (  `from_uid` = 20  AND `to_uid` = 25 ) OR (  `from_uid` = 25  AND `to_uid` = 20 ) ) ORDER BY `id` ASC [ RunTime:0.000899s ]
[2026-08-18T21:04:37+08:00][sql] CONNECT:[ UseTime:0.019818s ] mysql:host=127.0.0.1;port=3306;dbname=auction;charset=utf8mb4
[2026-08-18T21:04:37+08:00][sql] SHOW FULL COLUMNS FROM `goods` [ RunTime:0.001607s ]
[2026-08-18T21:04:37+08:00][sql] SELECT `id` FROM `goods` WHERE  `status` = 1  AND `end_time` <= 1787058277 [ RunTime:0.000853s ]
[2026-08-18T21:04:37+08:00][sql] SHOW FULL COLUMNS FROM `user` [ RunTime:0.001405s ]
[2026-08-18T21:04:37+08:00][sql] SELECT * FROM `user` WHERE  `id` = 25 LIMIT 1 [ RunTime:0.000802s ]
[2026-08-18T21:04:37+08:00][sql] SHOW FULL COLUMNS FROM `setting` [ RunTime:0.001119s ]
[2026-08-18T21:04:37+08:00][sql] SELECT * FROM `setting` [ RunTime:0.000659s ]
[2026-08-18T21:04:37+08:00][sql] SHOW FULL COLUMNS FROM `message` [ RunTime:0.001265s ]
[2026-08-18T21:04:37+08:00][sql] INSERT INTO `message` SET `from_uid` = 25 , `to_uid` = 20 , `goods_id` = 28 , `content` = '333' , `is_read` = 0 , `create_time` = 1787058277 [ RunTime:0.001757s ]
[2026-08-18T21:04:38+08:00][sql] CONNECT:[ UseTime:0.010408s ] mysql:host=127.0.0.1;port=3306;dbname=auction;charset=utf8mb4
[2026-08-18T21:04:38+08:00][sql] SHOW FULL COLUMNS FROM `goods` [ RunTime:0.001108s ]
[2026-08-18T21:04:38+08:00][sql] SELECT `id` FROM `goods` WHERE  `status` = 1  AND `end_time` <= 1787058278 [ RunTime:0.001173s ]
[2026-08-18T21:04:38+08:00][sql] SHOW FULL COLUMNS FROM `user` [ RunTime:0.002146s ]
[2026-08-18T21:04:38+08:00][sql] SELECT * FROM `user` WHERE  `id` = 25 LIMIT 1 [ RunTime:0.001218s ]
[2026-08-18T21:04:38+08:00][sql] SHOW FULL COLUMNS FROM `setting` [ RunTime:0.001081s ]
[2026-08-18T21:04:38+08:00][sql] SELECT * FROM `setting` [ RunTime:0.000813s ]
[2026-08-18T21:04:38+08:00][sql] SHOW FULL COLUMNS FROM `message` [ RunTime:0.001626s ]
[2026-08-18T21:04:38+08:00][sql] SELECT * FROM `message` WHERE  `goods_id` = 28  AND `id` > 8  AND (  (  `from_uid` = 25  AND `to_uid` = 20 ) OR (  `from_uid` = 20  AND `to_uid` = 25 ) ) ORDER BY `id` ASC [ RunTime:0.001291s ]
[2026-08-18T21:04:40+08:00][sql] CONNECT:[ UseTime:0.006606s ] mysql:host=127.0.0.1;port=3306;dbname=auction;charset=utf8mb4
[2026-08-18T21:04:40+08:00][sql] SHOW FULL COLUMNS FROM `goods` [ RunTime:0.001600s ]
[2026-08-18T21:04:40+08:00][sql] SELECT `id` FROM `goods` WHERE  `status` = 1  AND `end_time` <= 1787058280 [ RunTime:0.000850s ]
[2026-08-18T21:04:40+08:00][sql] SHOW FULL COLUMNS FROM `user` [ RunTime:0.001533s ]
[2026-08-18T21:04:40+08:00][sql] SELECT * FROM `user` WHERE  `id` = 20 LIMIT 1 [ RunTime:0.000861s ]
[2026-08-18T21:04:40+08:00][sql] SHOW FULL COLUMNS FROM `setting` [ RunTime:0.001276s ]
[2026-08-18T21:04:40+08:00][sql] SELECT * FROM `setting` [ RunTime:0.000682s ]
[2026-08-18T21:04:40+08:00][sql] SHOW FULL COLUMNS FROM `message` [ RunTime:0.001362s ]
[2026-08-18T21:04:40+08:00][sql] SELECT * FROM `message` WHERE  `goods_id` = 28  AND `id` > 7  AND (  (  `from_uid` = 20  AND `to_uid` = 25 ) OR (  `from_uid` = 25  AND `to_uid` = 20 ) ) ORDER BY `id` ASC [ RunTime:0.000925s ]
[2026-08-18T21:04:40+08:00][sql] UPDATE `message`  SET `is_read` = 1  WHERE  `id` = 8 [ RunTime:0.005171s ]
[2026-08-18T21:04:41+08:00][sql] CONNECT:[ UseTime:0.019024s ] mysql:host=127.0.0.1;port=3306;dbname=auction;charset=utf8mb4
[2026-08-18T21:04:41+08:00][sql] SHOW FULL COLUMNS FROM `goods` [ RunTime:0.001597s ]
[2026-08-18T21:04:41+08:00][sql] SELECT `id` FROM `goods` WHERE  `status` = 1  AND `end_time` <= 1787058281 [ RunTime:0.000873s ]
[2026-08-18T21:04:41+08:00][sql] SHOW FULL COLUMNS FROM `user` [ RunTime:0.001540s ]
[2026-08-18T21:04:41+08:00][sql] SELECT * FROM `user` WHERE  `id` = 25 LIMIT 1 [ RunTime:0.000893s ]
[2026-08-18T21:04:41+08:00][sql] SHOW FULL COLUMNS FROM `setting` [ RunTime:0.001334s ]
[2026-08-18T21:04:41+08:00][sql] SELECT * FROM `setting` [ RunTime:0.000750s ]
[2026-08-18T21:04:41+08:00][sql] SHOW FULL COLUMNS FROM `message` [ RunTime:0.001471s ]
[2026-08-18T21:04:41+08:00][sql] SELECT * FROM `message` WHERE  `goods_id` = 28  AND `id` > 8  AND (  (  `from_uid` = 25  AND `to_uid` = 20 ) OR (  `from_uid` = 20  AND `to_uid` = 25 ) ) ORDER BY `id` ASC [ RunTime:0.000927s ]
[2026-08-18T21:04:43+08:00][sql] CONNECT:[ UseTime:0.013525s ] mysql:host=127.0.0.1;port=3306;dbname=auction;charset=utf8mb4
[2026-08-18T21:04:43+08:00][sql] SHOW FULL COLUMNS FROM `goods` [ RunTime:0.001493s ]
[2026-08-18T21:04:43+08:00][sql] SELECT `id` FROM `goods` WHERE  `status` = 1  AND `end_time` <= 1787058283 [ RunTime:0.000966s ]
[2026-08-18T21:04:43+08:00][sql] SHOW FULL COLUMNS FROM `user` [ RunTime:0.001859s ]
[2026-08-18T21:04:43+08:00][sql] SELECT * FROM `user` WHERE  `id` = 20 LIMIT 1 [ RunTime:0.001043s ]
[2026-08-18T21:04:43+08:00][sql] SHOW FULL COLUMNS FROM `setting` [ RunTime:0.001624s ]
[2026-08-18T21:04:43+08:00][sql] SELECT * FROM `setting` [ RunTime:0.001034s ]
[2026-08-18T21:04:43+08:00][sql] SHOW FULL COLUMNS FROM `message` [ RunTime:0.001655s ]
[2026-08-18T21:04:43+08:00][sql] SELECT * FROM `message` WHERE  `goods_id` = 28  AND `id` > 8  AND (  (  `from_uid` = 20  AND `to_uid` = 25 ) OR (  `from_uid` = 25  AND `to_uid` = 20 ) ) ORDER BY `id` ASC [ RunTime:0.001699s ]
[2026-08-18T21:04:44+08:00][sql] CONNECT:[ UseTime:0.001790s ] mysql:host=127.0.0.1;port=3306;dbname=auction;charset=utf8mb4
[2026-08-18T21:04:44+08:00][sql] SHOW FULL COLUMNS FROM `goods` [ RunTime:0.001496s ]
[2026-08-18T21:04:44+08:00][sql] SELECT `id` FROM `goods` WHERE  `status` = 1  AND `end_time` <= 1787058284 [ RunTime:0.000773s ]
[2026-08-18T21:04:44+08:00][sql] SHOW FULL COLUMNS FROM `user` [ RunTime:0.001442s ]
[2026-08-18T21:04:44+08:00][sql] SELECT * FROM `user` WHERE  `id` = 25 LIMIT 1 [ RunTime:0.000855s ]
[2026-08-18T21:04:44+08:00][sql] SHOW FULL COLUMNS FROM `setting` [ RunTime:0.001147s ]
[2026-08-18T21:04:44+08:00][sql] SELECT * FROM `setting` [ RunTime:0.000675s ]
[2026-08-18T21:04:44+08:00][sql] SHOW FULL COLUMNS FROM `message` [ RunTime:0.001553s ]
[2026-08-18T21:04:44+08:00][sql] SELECT * FROM `message` WHERE  `goods_id` = 28  AND `id` > 8  AND (  (  `from_uid` = 25  AND `to_uid` = 20 ) OR (  `from_uid` = 20  AND `to_uid` = 25 ) ) ORDER BY `id` ASC [ RunTime:0.001478s ]
[2026-08-18T21:04:46+08:00][sql] CONNECT:[ UseTime:0.008985s ] mysql:host=127.0.0.1;port=3306;dbname=auction;charset=utf8mb4
[2026-08-18T21:04:46+08:00][sql] SHOW FULL COLUMNS FROM `goods` [ RunTime:0.001892s ]
[2026-08-18T21:04:46+08:00][sql] SELECT `id` FROM `goods` WHERE  `status` = 1  AND `end_time` <= 1787058286 [ RunTime:0.001015s ]
[2026-08-18T21:04:46+08:00][sql] SHOW FULL COLUMNS FROM `user` [ RunTime:0.001798s ]
[2026-08-18T21:04:46+08:00][sql] SELECT * FROM `user` WHERE  `id` = 20 LIMIT 1 [ RunTime:0.001085s ]
[2026-08-18T21:04:46+08:00][sql] SHOW FULL COLUMNS FROM `setting` [ RunTime:0.001463s ]
[2026-08-18T21:04:46+08:00][sql] SELECT * FROM `setting` [ RunTime:0.000724s ]
[2026-08-18T21:04:46+08:00][sql] SHOW FULL COLUMNS FROM `message` [ RunTime:0.001513s ]
[2026-08-18T21:04:46+08:00][sql] SELECT * FROM `message` WHERE  `goods_id` = 28  AND `id` > 8  AND (  (  `from_uid` = 20  AND `to_uid` = 25 ) OR (  `from_uid` = 25  AND `to_uid` = 20 ) ) ORDER BY `id` ASC [ RunTime:0.000983s ]
[2026-08-18T21:04:47+08:00][sql] CONNECT:[ UseTime:0.019361s ] mysql:host=127.0.0.1;port=3306;dbname=auction;charset=utf8mb4
[2026-08-18T21:04:47+08:00][sql] SHOW FULL COLUMNS FROM `goods` [ RunTime:0.001753s ]
[2026-08-18T21:04:47+08:00][sql] SELECT `id` FROM `goods` WHERE  `status` = 1  AND `end_time` <= 1787058287 [ RunTime:0.000926s ]
[2026-08-18T21:04:47+08:00][sql] SHOW FULL COLUMNS FROM `user` [ RunTime:0.001802s ]
[2026-08-18T21:04:47+08:00][sql] SELECT * FROM `user` WHERE  `id` = 25 LIMIT 1 [ RunTime:0.001037s ]
[2026-08-18T21:04:47+08:00][sql] SHOW FULL COLUMNS FROM `setting` [ RunTime:0.001502s ]
[2026-08-18T21:04:47+08:00][sql] SELECT * FROM `setting` [ RunTime:0.000856s ]
[2026-08-18T21:04:47+08:00][sql] SHOW FULL COLUMNS FROM `message` [ RunTime:0.000906s ]
[2026-08-18T21:04:47+08:00][sql] SELECT * FROM `message` WHERE  `goods_id` = 28  AND `id` > 8  AND (  (  `from_uid` = 25  AND `to_uid` = 20 ) OR (  `from_uid` = 20  AND `to_uid` = 25 ) ) ORDER BY `id` ASC [ RunTime:0.000776s ]
[2026-08-18T21:04:49+08:00][sql] CONNECT:[ UseTime:0.022506s ] mysql:host=127.0.0.1;port=3306;dbname=auction;charset=utf8mb4
[2026-08-18T21:04:49+08:00][sql] SHOW FULL COLUMNS FROM `goods` [ RunTime:0.001858s ]
[2026-08-18T21:04:49+08:00][sql] SELECT `id` FROM `goods` WHERE  `status` = 1  AND `end_time` <= 1787058289 [ RunTime:0.000988s ]
[2026-08-18T21:04:49+08:00][sql] SHOW FULL COLUMNS FROM `user` [ RunTime:0.001500s ]
[2026-08-18T21:04:49+08:00][sql] SELECT * FROM `user` WHERE  `id` = 20 LIMIT 1 [ RunTime:0.000732s ]
[2026-08-18T21:04:49+08:00][sql] SHOW FULL COLUMNS FROM `setting` [ RunTime:0.001700s ]
[2026-08-18T21:04:49+08:00][sql] SELECT * FROM `setting` [ RunTime:0.001194s ]
[2026-08-18T21:04:49+08:00][sql] SHOW FULL COLUMNS FROM `message` [ RunTime:0.001788s ]
[2026-08-18T21:04:49+08:00][sql] SELECT * FROM `message` WHERE  `goods_id` = 28  AND `id` > 8  AND (  (  `from_uid` = 20  AND `to_uid` = 25 ) OR (  `from_uid` = 25  AND `to_uid` = 20 ) ) ORDER BY `id` ASC [ RunTime:0.001293s ]
[2026-08-18T21:04:50+08:00][sql] CONNECT:[ UseTime:0.012809s ] mysql:host=127.0.0.1;port=3306;dbname=auction;charset=utf8mb4
[2026-08-18T21:04:50+08:00][sql] SHOW FULL COLUMNS FROM `goods` [ RunTime:0.001990s ]
[2026-08-18T21:04:50+08:00][sql] SELECT `id` FROM `goods` WHERE  `status` = 1  AND `end_time` <= 1787058290 [ RunTime:0.001139s ]
[2026-08-18T21:04:50+08:00][sql] SHOW FULL COLUMNS FROM `user` [ RunTime:0.001908s ]
[2026-08-18T21:04:50+08:00][sql] SELECT * FROM `user` WHERE  `id` = 25 LIMIT 1 [ RunTime:0.000594s ]
[2026-08-18T21:04:50+08:00][sql] SHOW FULL COLUMNS FROM `setting` [ RunTime:0.001076s ]
[2026-08-18T21:04:50+08:00][sql] SELECT * FROM `setting` [ RunTime:0.000863s ]
[2026-08-18T21:04:50+08:00][sql] SHOW FULL COLUMNS FROM `message` [ RunTime:0.001324s ]
[2026-08-18T21:04:50+08:00][sql] SELECT * FROM `message` WHERE  `goods_id` = 28  AND `id` > 8  AND (  (  `from_uid` = 25  AND `to_uid` = 20 ) OR (  `from_uid` = 20  AND `to_uid` = 25 ) ) ORDER BY `id` ASC [ RunTime:0.000654s ]
[2026-08-18T21:04:52+08:00][sql] CONNECT:[ UseTime:0.024797s ] mysql:host=127.0.0.1;port=3306;dbname=auction;charset=utf8mb4
[2026-08-18T21:04:52+08:00][sql] SHOW FULL COLUMNS FROM `goods` [ RunTime:0.001391s ]
[2026-08-18T21:04:52+08:00][sql] SELECT `id` FROM `goods` WHERE  `status` = 1  AND `end_time` <= 1787058292 [ RunTime:0.000553s ]
[2026-08-18T21:04:52+08:00][sql] SHOW FULL COLUMNS FROM `user` [ RunTime:0.000880s ]
[2026-08-18T21:04:52+08:00][sql] SELECT * FROM `user` WHERE  `id` = 20 LIMIT 1 [ RunTime:0.000773s ]
[2026-08-18T21:04:52+08:00][sql] SHOW FULL COLUMNS FROM `setting` [ RunTime:0.001170s ]
[2026-08-18T21:04:52+08:00][sql] SELECT * FROM `setting` [ RunTime:0.000619s ]
[2026-08-18T21:04:52+08:00][sql] SHOW FULL COLUMNS FROM `message` [ RunTime:0.001404s ]
[2026-08-18T21:04:52+08:00][sql] SELECT * FROM `message` WHERE  `goods_id` = 28  AND `id` > 8  AND (  (  `from_uid` = 20  AND `to_uid` = 25 ) OR (  `from_uid` = 25  AND `to_uid` = 20 ) ) ORDER BY `id` ASC [ RunTime:0.001132s ]
[2026-08-18T21:04:53+08:00][sql] CONNECT:[ UseTime:0.010035s ] mysql:host=127.0.0.1;port=3306;dbname=auction;charset=utf8mb4
[2026-08-18T21:04:53+08:00][sql] SHOW FULL COLUMNS FROM `goods` [ RunTime:0.001582s ]
[2026-08-18T21:04:53+08:00][sql] SELECT `id` FROM `goods` WHERE  `status` = 1  AND `end_time` <= 1787058293 [ RunTime:0.000978s ]
[2026-08-18T21:04:53+08:00][sql] SHOW FULL COLUMNS FROM `user` [ RunTime:0.001660s ]
[2026-08-18T21:04:53+08:00][sql] SELECT * FROM `user` WHERE  `id` = 25 LIMIT 1 [ RunTime:0.001100s ]
[2026-08-18T21:04:53+08:00][sql] SHOW FULL COLUMNS FROM `setting` [ RunTime:0.001461s ]
[2026-08-18T21:04:53+08:00][sql] SELECT * FROM `setting` [ RunTime:0.000881s ]
[2026-08-18T21:04:53+08:00][sql] SHOW FULL COLUMNS FROM `message` [ RunTime:0.001360s ]
[2026-08-18T21:04:53+08:00][sql] SELECT * FROM `message` WHERE  `goods_id` = 28  AND `id` > 8  AND (  (  `from_uid` = 25  AND `to_uid` = 20 ) OR (  `from_uid` = 20  AND `to_uid` = 25 ) ) ORDER BY `id` ASC [ RunTime:0.000563s ]
[2026-08-18T21:04:55+08:00][sql] CONNECT:[ UseTime:0.009722s ] mysql:host=127.0.0.1;port=3306;dbname=auction;charset=utf8mb4
[2026-08-18T21:04:55+08:00][sql] SHOW FULL COLUMNS FROM `goods` [ RunTime:0.001782s ]
[2026-08-18T21:04:55+08:00][sql] SELECT `id` FROM `goods` WHERE  `status` = 1  AND `end_time` <= 1787058295 [ RunTime:0.000977s ]
[2026-08-18T21:04:55+08:00][sql] SHOW FULL COLUMNS FROM `user` [ RunTime:0.002239s ]
[2026-08-18T21:04:55+08:00][sql] SELECT * FROM `user` WHERE  `id` = 20 LIMIT 1 [ RunTime:0.001370s ]
[2026-08-18T21:04:55+08:00][sql] SHOW FULL COLUMNS FROM `setting` [ RunTime:0.001817s ]
[2026-08-18T21:04:55+08:00][sql] SELECT * FROM `setting` [ RunTime:0.001127s ]
[2026-08-18T21:04:55+08:00][sql] SHOW FULL COLUMNS FROM `message` [ RunTime:0.001843s ]
[2026-08-18T21:04:55+08:00][sql] SELECT * FROM `message` WHERE  `goods_id` = 28  AND `id` > 8  AND (  (  `from_uid` = 20  AND `to_uid` = 25 ) OR (  `from_uid` = 25  AND `to_uid` = 20 ) ) ORDER BY `id` ASC [ RunTime:0.001426s ]
[2026-08-18T21:04:56+08:00][sql] CONNECT:[ UseTime:0.023211s ] mysql:host=127.0.0.1;port=3306;dbname=auction;charset=utf8mb4
[2026-08-18T21:04:56+08:00][sql] SHOW FULL COLUMNS FROM `goods` [ RunTime:0.001458s ]
[2026-08-18T21:04:56+08:00][sql] SELECT `id` FROM `goods` WHERE  `status` = 1  AND `end_time` <= 1787058296 [ RunTime:0.001080s ]
[2026-08-18T21:04:56+08:00][sql] SHOW FULL COLUMNS FROM `user` [ RunTime:0.001845s ]
[2026-08-18T21:04:56+08:00][sql] SELECT * FROM `user` WHERE  `id` = 25 LIMIT 1 [ RunTime:0.001471s ]
[2026-08-18T21:04:56+08:00][sql] SHOW FULL COLUMNS FROM `setting` [ RunTime:0.001886s ]
[2026-08-18T21:04:56+08:00][sql] SELECT * FROM `setting` [ RunTime:0.001176s ]
[2026-08-18T21:04:56+08:00][sql] SHOW FULL COLUMNS FROM `message` [ RunTime:0.001887s ]
[2026-08-18T21:04:56+08:00][sql] SELECT * FROM `message` WHERE  `goods_id` = 28  AND `id` > 8  AND (  (  `from_uid` = 25  AND `to_uid` = 20 ) OR (  `from_uid` = 20  AND `to_uid` = 25 ) ) ORDER BY `id` ASC [ RunTime:0.001397s ]
[2026-08-18T21:04:58+08:00][sql] CONNECT:[ UseTime:0.007181s ] mysql:host=127.0.0.1;port=3306;dbname=auction;charset=utf8mb4
[2026-08-18T21:04:58+08:00][sql] SHOW FULL COLUMNS FROM `goods` [ RunTime:0.001184s ]
[2026-08-18T21:04:58+08:00][sql] SELECT `id` FROM `goods` WHERE  `status` = 1  AND `end_time` <= 1787058298 [ RunTime:0.001113s ]
[2026-08-18T21:04:58+08:00][sql] SHOW FULL COLUMNS FROM `user` [ RunTime:0.001904s ]
[2026-08-18T21:04:58+08:00][sql] SELECT * FROM `user` WHERE  `id` = 20 LIMIT 1 [ RunTime:0.001495s ]
[2026-08-18T21:04:58+08:00][sql] SHOW FULL COLUMNS FROM `setting` [ RunTime:0.001851s ]
[2026-08-18T21:04:58+08:00][sql] SELECT * FROM `setting` [ RunTime:0.001152s ]
[2026-08-18T21:04:58+08:00][sql] SHOW FULL COLUMNS FROM `message` [ RunTime:0.001895s ]
[2026-08-18T21:04:58+08:00][sql] SELECT * FROM `message` WHERE  `goods_id` = 28  AND `id` > 8  AND (  (  `from_uid` = 20  AND `to_uid` = 25 ) OR (  `from_uid` = 25  AND `to_uid` = 20 ) ) ORDER BY `id` ASC [ RunTime:0.001305s ]
[2026-08-18T21:04:59+08:00][sql] CONNECT:[ UseTime:0.005927s ] mysql:host=127.0.0.1;port=3306;dbname=auction;charset=utf8mb4
[2026-08-18T21:04:59+08:00][sql] SHOW FULL COLUMNS FROM `goods` [ RunTime:0.001274s ]
[2026-08-18T21:04:59+08:00][sql] SELECT `id` FROM `goods` WHERE  `status` = 1  AND `end_time` <= 1787058299 [ RunTime:0.000962s ]
[2026-08-18T21:04:59+08:00][sql] SHOW FULL COLUMNS FROM `user` [ RunTime:0.001960s ]
[2026-08-18T21:04:59+08:00][sql] SELECT * FROM `user` WHERE  `id` = 25 LIMIT 1 [ RunTime:0.001422s ]
[2026-08-18T21:04:59+08:00][sql] SHOW FULL COLUMNS FROM `setting` [ RunTime:0.001881s ]
[2026-08-18T21:04:59+08:00][sql] SELECT * FROM `setting` [ RunTime:0.001179s ]
[2026-08-18T21:04:59+08:00][sql] SHOW FULL COLUMNS FROM `message` [ RunTime:0.001857s ]
[2026-08-18T21:04:59+08:00][sql] SELECT * FROM `message` WHERE  `goods_id` = 28  AND `id` > 8  AND (  (  `from_uid` = 25  AND `to_uid` = 20 ) OR (  `from_uid` = 20  AND `to_uid` = 25 ) ) ORDER BY `id` ASC [ RunTime:0.001333s ]
[2026-08-18T21:05:01+08:00][sql] CONNECT:[ UseTime:0.006554s ] mysql:host=127.0.0.1;port=3306;dbname=auction;charset=utf8mb4
[2026-08-18T21:05:01+08:00][sql] SHOW FULL COLUMNS FROM `goods` [ RunTime:0.001286s ]
[2026-08-18T21:05:01+08:00][sql] SELECT `id` FROM `goods` WHERE  `status` = 1  AND `end_time` <= 1787058301 [ RunTime:0.001008s ]
[2026-08-18T21:05:01+08:00][sql] SHOW FULL COLUMNS FROM `user` [ RunTime:0.001843s ]
[2026-08-18T21:05:01+08:00][sql] SELECT * FROM `user` WHERE  `id` = 20 LIMIT 1 [ RunTime:0.001154s ]
[2026-08-18T21:05:01+08:00][sql] SHOW FULL COLUMNS FROM `setting` [ RunTime:0.001598s ]
[2026-08-18T21:05:01+08:00][sql] SELECT * FROM `setting` [ RunTime:0.000985s ]
[2026-08-18T21:05:01+08:00][sql] SHOW FULL COLUMNS FROM `message` [ RunTime:0.001623s ]
[2026-08-18T21:05:01+08:00][sql] SELECT * FROM `message` WHERE  `goods_id` = 28  AND `id` > 8  AND (  (  `from_uid` = 20  AND `to_uid` = 25 ) OR (  `from_uid` = 25  AND `to_uid` = 20 ) ) ORDER BY `id` ASC [ RunTime:0.001136s ]
[2026-08-18T21:05:02+08:00][sql] CONNECT:[ UseTime:0.010209s ] mysql:host=127.0.0.1;port=3306;dbname=auction;charset=utf8mb4
[2026-08-18T21:05:02+08:00][sql] SHOW FULL COLUMNS FROM `goods` [ RunTime:0.001773s ]
[2026-08-18T21:05:02+08:00][sql] SELECT `id` FROM `goods` WHERE  `status` = 1  AND `end_time` <= 1787058302 [ RunTime:0.001006s ]
[2026-08-18T21:05:02+08:00][sql] SHOW FULL COLUMNS FROM `user` [ RunTime:0.002306s ]
[2026-08-18T21:05:02+08:00][sql] SELECT * FROM `user` WHERE  `id` = 25 LIMIT 1 [ RunTime:0.001299s ]
[2026-08-18T21:05:02+08:00][sql] SHOW FULL COLUMNS FROM `setting` [ RunTime:0.001806s ]
[2026-08-18T21:05:02+08:00][sql] SELECT * FROM `setting` [ RunTime:0.001077s ]
[2026-08-18T21:05:02+08:00][sql] SHOW FULL COLUMNS FROM `message` [ RunTime:0.001583s ]
[2026-08-18T21:05:02+08:00][sql] SELECT * FROM `message` WHERE  `goods_id` = 28  AND `id` > 8  AND (  (  `from_uid` = 25  AND `to_uid` = 20 ) OR (  `from_uid` = 20  AND `to_uid` = 25 ) ) ORDER BY `id` ASC [ RunTime:0.001152s ]
[2026-08-18T21:05:04+08:00][sql] CONNECT:[ UseTime:0.008182s ] mysql:host=127.0.0.1;port=3306;dbname=auction;charset=utf8mb4
[2026-08-18T21:05:04+08:00][sql] SHOW FULL COLUMNS FROM `goods` [ RunTime:0.001250s ]
[2026-08-18T21:05:04+08:00][sql] SELECT `id` FROM `goods` WHERE  `status` = 1  AND `end_time` <= 1787058304 [ RunTime:0.001069s ]
[2026-08-18T21:05:04+08:00][sql] SHOW FULL COLUMNS FROM `user` [ RunTime:0.001824s ]
[2026-08-18T21:05:04+08:00][sql] SELECT * FROM `user` WHERE  `id` = 20 LIMIT 1 [ RunTime:0.001472s ]
[2026-08-18T21:05:04+08:00][sql] SHOW FULL COLUMNS FROM `setting` [ RunTime:0.001870s ]
[2026-08-18T21:05:04+08:00][sql] SELECT * FROM `setting` [ RunTime:0.001120s ]
[2026-08-18T21:05:04+08:00][sql] SHOW FULL COLUMNS FROM `message` [ RunTime:0.001663s ]
[2026-08-18T21:05:04+08:00][sql] SELECT * FROM `message` WHERE  `goods_id` = 28  AND `id` > 8  AND (  (  `from_uid` = 20  AND `to_uid` = 25 ) OR (  `from_uid` = 25  AND `to_uid` = 20 ) ) ORDER BY `id` ASC [ RunTime:0.001140s ]
[2026-08-18T21:05:05+08:00][sql] CONNECT:[ UseTime:0.006613s ] mysql:host=127.0.0.1;port=3306;dbname=auction;charset=utf8mb4
[2026-08-18T21:05:05+08:00][sql] SHOW FULL COLUMNS FROM `goods` [ RunTime:0.001228s ]
[2026-08-18T21:05:05+08:00][sql] SELECT `id` FROM `goods` WHERE  `status` = 1  AND `end_time` <= 1787058305 [ RunTime:0.000815s ]
[2026-08-18T21:05:05+08:00][sql] SHOW FULL COLUMNS FROM `user` [ RunTime:0.001754s ]
[2026-08-18T21:05:05+08:00][sql] SELECT * FROM `user` WHERE  `id` = 25 LIMIT 1 [ RunTime:0.001104s ]
[2026-08-18T21:05:05+08:00][sql] SHOW FULL COLUMNS FROM `setting` [ RunTime:0.001833s ]
[2026-08-18T21:05:05+08:00][sql] SELECT * FROM `setting` [ RunTime:0.001194s ]
[2026-08-18T21:05:05+08:00][sql] SHOW FULL COLUMNS FROM `message` [ RunTime:0.001930s ]
[2026-08-18T21:05:05+08:00][sql] SELECT * FROM `message` WHERE  `goods_id` = 28  AND `id` > 8  AND (  (  `from_uid` = 25  AND `to_uid` = 20 ) OR (  `from_uid` = 20  AND `to_uid` = 25 ) ) ORDER BY `id` ASC [ RunTime:0.001324s ]
[2026-08-18T21:05:07+08:00][sql] CONNECT:[ UseTime:0.025598s ] mysql:host=127.0.0.1;port=3306;dbname=auction;charset=utf8mb4
[2026-08-18T21:05:07+08:00][sql] SHOW FULL COLUMNS FROM `goods` [ RunTime:0.001052s ]
[2026-08-18T21:05:07+08:00][sql] SELECT `id` FROM `goods` WHERE  `status` = 1  AND `end_time` <= 1787058307 [ RunTime:0.000659s ]
[2026-08-18T21:05:07+08:00][sql] SHOW FULL COLUMNS FROM `user` [ RunTime:0.000876s ]
[2026-08-18T21:05:07+08:00][sql] SELECT * FROM `user` WHERE  `id` = 20 LIMIT 1 [ RunTime:0.000392s ]
[2026-08-18T21:05:07+08:00][sql] SHOW FULL COLUMNS FROM `setting` [ RunTime:0.001068s ]
[2026-08-18T21:05:07+08:00][sql] SELECT * FROM `setting` [ RunTime:0.000727s ]
[2026-08-18T21:05:07+08:00][sql] SHOW FULL COLUMNS FROM `message` [ RunTime:0.001248s ]
[2026-08-18T21:05:07+08:00][sql] SELECT * FROM `message` WHERE  `goods_id` = 28  AND `id` > 8  AND (  (  `from_uid` = 20  AND `to_uid` = 25 ) OR (  `from_uid` = 25  AND `to_uid` = 20 ) ) ORDER BY `id` ASC [ RunTime:0.000678s ]
[2026-08-18T21:05:08+08:00][sql] CONNECT:[ UseTime:0.025273s ] mysql:host=127.0.0.1;port=3306;dbname=auction;charset=utf8mb4
[2026-08-18T21:05:08+08:00][sql] SHOW FULL COLUMNS FROM `goods` [ RunTime:0.001854s ]
[2026-08-18T21:05:08+08:00][sql] SELECT `id` FROM `goods` WHERE  `status` = 1  AND `end_time` <= 1787058308 [ RunTime:0.001064s ]
[2026-08-18T21:05:08+08:00][sql] SHOW FULL COLUMNS FROM `user` [ RunTime:0.002192s ]
[2026-08-18T21:05:08+08:00][sql] SELECT * FROM `user` WHERE  `id` = 25 LIMIT 1 [ RunTime:0.001378s ]
[2026-08-18T21:05:08+08:00][sql] SHOW FULL COLUMNS FROM `setting` [ RunTime:0.001857s ]
[2026-08-18T21:05:08+08:00][sql] SELECT * FROM `setting` [ RunTime:0.001122s ]
[2026-08-18T21:05:08+08:00][sql] SHOW FULL COLUMNS FROM `message` [ RunTime:0.001828s ]
[2026-08-18T21:05:08+08:00][sql] SELECT * FROM `message` WHERE  `goods_id` = 28  AND `id` > 8  AND (  (  `from_uid` = 25  AND `to_uid` = 20 ) OR (  `from_uid` = 20  AND `to_uid` = 25 ) ) ORDER BY `id` ASC [ RunTime:0.001119s ]
[2026-08-18T21:05:10+08:00][sql] CONNECT:[ UseTime:0.010936s ] mysql:host=127.0.0.1;port=3306;dbname=auction;charset=utf8mb4
[2026-08-18T21:05:10+08:00][sql] SHOW FULL COLUMNS FROM `goods` [ RunTime:0.001290s ]
[2026-08-18T21:05:10+08:00][sql] SELECT `id` FROM `goods` WHERE  `status` = 1  AND `end_time` <= 1787058310 [ RunTime:0.001104s ]
[2026-08-18T21:05:10+08:00][sql] SHOW FULL COLUMNS FROM `user` [ RunTime:0.001850s ]
[2026-08-18T21:05:10+08:00][sql] SELECT * FROM `user` WHERE  `id` = 20 LIMIT 1 [ RunTime:0.001165s ]
[2026-08-18T21:05:10+08:00][sql] SHOW FULL COLUMNS FROM `setting` [ RunTime:0.001449s ]
[2026-08-18T21:05:10+08:00][sql] SELECT * FROM `setting` [ RunTime:0.000884s ]
[2026-08-18T21:05:10+08:00][sql] SHOW FULL COLUMNS FROM `message` [ RunTime:0.001608s ]
[2026-08-18T21:05:10+08:00][sql] SELECT * FROM `message` WHERE  `goods_id` = 28  AND `id` > 8  AND (  (  `from_uid` = 20  AND `to_uid` = 25 ) OR (  `from_uid` = 25  AND `to_uid` = 20 ) ) ORDER BY `id` ASC [ RunTime:0.001131s ]
[2026-08-18T21:05:11+08:00][sql] CONNECT:[ UseTime:0.010934s ] mysql:host=127.0.0.1;port=3306;dbname=auction;charset=utf8mb4
[2026-08-18T21:05:11+08:00][sql] SHOW FULL COLUMNS FROM `goods` [ RunTime:0.000939s ]
[2026-08-18T21:05:11+08:00][sql] SELECT `id` FROM `goods` WHERE  `status` = 1  AND `end_time` <= 1787058311 [ RunTime:0.000383s ]
[2026-08-18T21:05:11+08:00][sql] SHOW FULL COLUMNS FROM `user` [ RunTime:0.001440s ]
[2026-08-18T21:05:11+08:00][sql] SELECT * FROM `user` WHERE  `id` = 25 LIMIT 1 [ RunTime:0.000596s ]
[2026-08-18T21:05:11+08:00][sql] SHOW FULL COLUMNS FROM `setting` [ RunTime:0.001112s ]
[2026-08-18T21:05:11+08:00][sql] SELECT * FROM `setting` [ RunTime:0.000510s ]
[2026-08-18T21:05:11+08:00][sql] SHOW FULL COLUMNS FROM `message` [ RunTime:0.001195s ]
[2026-08-18T21:05:11+08:00][sql] SELECT * FROM `message` WHERE  `goods_id` = 28  AND `id` > 8  AND (  (  `from_uid` = 25  AND `to_uid` = 20 ) OR (  `from_uid` = 20  AND `to_uid` = 25 ) ) ORDER BY `id` ASC [ RunTime:0.000799s ]
[2026-08-18T21:05:13+08:00][sql] CONNECT:[ UseTime:0.010867s ] mysql:host=127.0.0.1;port=3306;dbname=auction;charset=utf8mb4
[2026-08-18T21:05:13+08:00][sql] SHOW FULL COLUMNS FROM `goods` [ RunTime:0.001378s ]
[2026-08-18T21:05:13+08:00][sql] SELECT `id` FROM `goods` WHERE  `status` = 1  AND `end_time` <= 1787058313 [ RunTime:0.000678s ]
[2026-08-18T21:05:13+08:00][sql] SHOW FULL COLUMNS FROM `user` [ RunTime:0.001276s ]
[2026-08-18T21:05:13+08:00][sql] SELECT * FROM `user` WHERE  `id` = 20 LIMIT 1 [ RunTime:0.000656s ]
[2026-08-18T21:05:13+08:00][sql] SHOW FULL COLUMNS FROM `setting` [ RunTime:0.001068s ]
[2026-08-18T21:05:13+08:00][sql] SELECT * FROM `setting` [ RunTime:0.000550s ]
[2026-08-18T21:05:13+08:00][sql] SHOW FULL COLUMNS FROM `message` [ RunTime:0.001022s ]
[2026-08-18T21:05:13+08:00][sql] SELECT * FROM `message` WHERE  `goods_id` = 28  AND `id` > 8  AND (  (  `from_uid` = 20  AND `to_uid` = 25 ) OR (  `from_uid` = 25  AND `to_uid` = 20 ) ) ORDER BY `id` ASC [ RunTime:0.000786s ]
[2026-08-18T21:05:14+08:00][sql] CONNECT:[ UseTime:0.023800s ] mysql:host=127.0.0.1;port=3306;dbname=auction;charset=utf8mb4
[2026-08-18T21:05:14+08:00][sql] SHOW FULL COLUMNS FROM `goods` [ RunTime:0.001300s ]
[2026-08-18T21:05:14+08:00][sql] SELECT `id` FROM `goods` WHERE  `status` = 1  AND `end_time` <= 1787058314 [ RunTime:0.000591s ]
[2026-08-18T21:05:14+08:00][sql] SHOW FULL COLUMNS FROM `user` [ RunTime:0.001526s ]
[2026-08-18T21:05:14+08:00][sql] SELECT * FROM `user` WHERE  `id` = 25 LIMIT 1 [ RunTime:0.000591s ]
[2026-08-18T21:05:14+08:00][sql] SHOW FULL COLUMNS FROM `setting` [ RunTime:0.000937s ]
[2026-08-18T21:05:14+08:00][sql] SELECT * FROM `setting` [ RunTime:0.000463s ]
[2026-08-18T21:05:14+08:00][sql] SHOW FULL COLUMNS FROM `message` [ RunTime:0.000893s ]
[2026-08-18T21:05:14+08:00][sql] SELECT * FROM `message` WHERE  `goods_id` = 28  AND `id` > 8  AND (  (  `from_uid` = 25  AND `to_uid` = 20 ) OR (  `from_uid` = 20  AND `to_uid` = 25 ) ) ORDER BY `id` ASC [ RunTime:0.000557s ]
[2026-08-18T21:05:16+08:00][sql] CONNECT:[ UseTime:0.010548s ] mysql:host=127.0.0.1;port=3306;dbname=auction;charset=utf8mb4
[2026-08-18T21:05:16+08:00][sql] SHOW FULL COLUMNS FROM `goods` [ RunTime:0.001688s ]
[2026-08-18T21:05:16+08:00][sql] SELECT `id` FROM `goods` WHERE  `status` = 1  AND `end_time` <= 1787058316 [ RunTime:0.000936s ]
[2026-08-18T21:05:16+08:00][sql] SHOW FULL COLUMNS FROM `user` [ RunTime:0.001764s ]
[2026-08-18T21:05:16+08:00][sql] SELECT * FROM `user` WHERE  `id` = 20 LIMIT 1 [ RunTime:0.001002s ]
[2026-08-18T21:05:16+08:00][sql] SHOW FULL COLUMNS FROM `setting` [ RunTime:0.001486s ]
[2026-08-18T21:05:16+08:00][sql] SELECT * FROM `setting` [ RunTime:0.000710s ]
[2026-08-18T21:05:16+08:00][sql] SHOW FULL COLUMNS FROM `message` [ RunTime:0.001564s ]
[2026-08-18T21:05:16+08:00][sql] SELECT * FROM `message` WHERE  `goods_id` = 28  AND `id` > 8  AND (  (  `from_uid` = 20  AND `to_uid` = 25 ) OR (  `from_uid` = 25  AND `to_uid` = 20 ) ) ORDER BY `id` ASC [ RunTime:0.001023s ]
[2026-08-18T21:05:17+08:00][sql] CONNECT:[ UseTime:0.011727s ] mysql:host=127.0.0.1;port=3306;dbname=auction;charset=utf8mb4
[2026-08-18T21:05:17+08:00][sql] SHOW FULL COLUMNS FROM `goods` [ RunTime:0.001808s ]
[2026-08-18T21:05:17+08:00][sql] SELECT `id` FROM `goods` WHERE  `status` = 1  AND `end_time` <= 1787058317 [ RunTime:0.001008s ]
[2026-08-18T21:05:17+08:00][sql] SHOW FULL COLUMNS FROM `user` [ RunTime:0.001814s ]
[2026-08-18T21:05:17+08:00][sql] SELECT * FROM `user` WHERE  `id` = 25 LIMIT 1 [ RunTime:0.001122s ]
[2026-08-18T21:05:17+08:00][sql] SHOW FULL COLUMNS FROM `setting` [ RunTime:0.001550s ]
[2026-08-18T21:05:17+08:00][sql] SELECT * FROM `setting` [ RunTime:0.000896s ]
[2026-08-18T21:05:17+08:00][sql] SHOW FULL COLUMNS FROM `message` [ RunTime:0.001509s ]
[2026-08-18T21:05:17+08:00][sql] SELECT * FROM `message` WHERE  `goods_id` = 28  AND `id` > 8  AND (  (  `from_uid` = 25  AND `to_uid` = 20 ) OR (  `from_uid` = 20  AND `to_uid` = 25 ) ) ORDER BY `id` ASC [ RunTime:0.001760s ]
[2026-08-18T21:05:19+08:00][sql] CONNECT:[ UseTime:0.010849s ] mysql:host=127.0.0.1;port=3306;dbname=auction;charset=utf8mb4
[2026-08-18T21:05:19+08:00][sql] SHOW FULL COLUMNS FROM `goods` [ RunTime:0.001758s ]
[2026-08-18T21:05:19+08:00][sql] SELECT `id` FROM `goods` WHERE  `status` = 1  AND `end_time` <= 1787058319 [ RunTime:0.000930s ]
[2026-08-18T21:05:19+08:00][sql] SHOW FULL COLUMNS FROM `user` [ RunTime:0.001780s ]
[2026-08-18T21:05:19+08:00][sql] SELECT * FROM `user` WHERE  `id` = 20 LIMIT 1 [ RunTime:0.000947s ]
[2026-08-18T21:05:19+08:00][sql] SHOW FULL COLUMNS FROM `setting` [ RunTime:0.001375s ]
[2026-08-18T21:05:19+08:00][sql] SELECT * FROM `setting` [ RunTime:0.000867s ]
[2026-08-18T21:05:19+08:00][sql] SHOW FULL COLUMNS FROM `message` [ RunTime:0.001500s ]
[2026-08-18T21:05:19+08:00][sql] SELECT * FROM `message` WHERE  `goods_id` = 28  AND `id` > 8  AND (  (  `from_uid` = 20  AND `to_uid` = 25 ) OR (  `from_uid` = 25  AND `to_uid` = 20 ) ) ORDER BY `id` ASC [ RunTime:0.000989s ]
[2026-08-18T21:05:20+08:00][sql] CONNECT:[ UseTime:0.010506s ] mysql:host=127.0.0.1;port=3306;dbname=auction;charset=utf8mb4
[2026-08-18T21:05:20+08:00][sql] SHOW FULL COLUMNS FROM `goods` [ RunTime:0.001792s ]
[2026-08-18T21:05:20+08:00][sql] SELECT `id` FROM `goods` WHERE  `status` = 1  AND `end_time` <= 1787058320 [ RunTime:0.000925s ]
[2026-08-18T21:05:20+08:00][sql] SHOW FULL COLUMNS FROM `user` [ RunTime:0.001764s ]
[2026-08-18T21:05:20+08:00][sql] SELECT * FROM `user` WHERE  `id` = 25 LIMIT 1 [ RunTime:0.000931s ]
[2026-08-18T21:05:20+08:00][sql] SHOW FULL COLUMNS FROM `setting` [ RunTime:0.001345s ]
[2026-08-18T21:05:20+08:00][sql] SELECT * FROM `setting` [ RunTime:0.000701s ]
[2026-08-18T21:05:20+08:00][sql] SHOW FULL COLUMNS FROM `message` [ RunTime:0.001447s ]
[2026-08-18T21:05:20+08:00][sql] SELECT * FROM `message` WHERE  `goods_id` = 28  AND `id` > 8  AND (  (  `from_uid` = 25  AND `to_uid` = 20 ) OR (  `from_uid` = 20  AND `to_uid` = 25 ) ) ORDER BY `id` ASC [ RunTime:0.000778s ]
[2026-08-18T21:05:23+08:00][sql] CONNECT:[ UseTime:0.010449s ] mysql:host=127.0.0.1;port=3306;dbname=auction;charset=utf8mb4
[2026-08-18T21:05:23+08:00][sql] SHOW FULL COLUMNS FROM `goods` [ RunTime:0.001665s ]
[2026-08-18T21:05:23+08:00][sql] SELECT `id` FROM `goods` WHERE  `status` = 1  AND `end_time` <= 1787058323 [ RunTime:0.001079s ]
[2026-08-18T21:05:23+08:00][sql] SHOW FULL COLUMNS FROM `user` [ RunTime:0.001800s ]
[2026-08-18T21:05:23+08:00][sql] SELECT * FROM `user` WHERE  `id` = 25 LIMIT 1 [ RunTime:0.001111s ]
[2026-08-18T21:05:23+08:00][sql] SHOW FULL COLUMNS FROM `setting` [ RunTime:0.001508s ]
[2026-08-18T21:05:23+08:00][sql] SELECT * FROM `setting` [ RunTime:0.000850s ]
[2026-08-18T21:05:23+08:00][sql] SHOW FULL COLUMNS FROM `message` [ RunTime:0.001560s ]
[2026-08-18T21:05:23+08:00][sql] SELECT * FROM `message` WHERE  `goods_id` = 28  AND `id` > 8  AND (  (  `from_uid` = 25  AND `to_uid` = 20 ) OR (  `from_uid` = 20  AND `to_uid` = 25 ) ) ORDER BY `id` ASC [ RunTime:0.001094s ]
[2026-08-18T21:05:26+08:00][sql] CONNECT:[ UseTime:0.007061s ] mysql:host=127.0.0.1;port=3306;dbname=auction;charset=utf8mb4
[2026-08-18T21:05:26+08:00][sql] SHOW FULL COLUMNS FROM `goods` [ RunTime:0.001579s ]
[2026-08-18T21:05:26+08:00][sql] SELECT `id` FROM `goods` WHERE  `status` = 1  AND `end_time` <= 1787058326 [ RunTime:0.001075s ]
[2026-08-18T21:05:26+08:00][sql] SHOW FULL COLUMNS FROM `user` [ RunTime:0.001885s ]
[2026-08-18T21:05:26+08:00][sql] SELECT * FROM `user` WHERE  `id` = 25 LIMIT 1 [ RunTime:0.001300s ]
[2026-08-18T21:05:26+08:00][sql] SHOW FULL COLUMNS FROM `setting` [ RunTime:0.001886s ]
[2026-08-18T21:05:26+08:00][sql] SELECT * FROM `setting` [ RunTime:0.001203s ]
[2026-08-18T21:05:26+08:00][sql] SHOW FULL COLUMNS FROM `message` [ RunTime:0.001963s ]
[2026-08-18T21:05:26+08:00][sql] SELECT * FROM `message` WHERE  `goods_id` = 28  AND `id` > 8  AND (  (  `from_uid` = 25  AND `to_uid` = 20 ) OR (  `from_uid` = 20  AND `to_uid` = 25 ) ) ORDER BY `id` ASC [ RunTime:0.001345s ]
[2026-08-18T21:05:29+08:00][sql] CONNECT:[ UseTime:0.008970s ] mysql:host=127.0.0.1;port=3306;dbname=auction;charset=utf8mb4
[2026-08-18T21:05:29+08:00][sql] SHOW FULL COLUMNS FROM `goods` [ RunTime:0.001501s ]
[2026-08-18T21:05:29+08:00][sql] SELECT `id` FROM `goods` WHERE  `status` = 1  AND `end_time` <= 1787058329 [ RunTime:0.000636s ]
[2026-08-18T21:05:29+08:00][sql] SHOW FULL COLUMNS FROM `user` [ RunTime:0.001423s ]
[2026-08-18T21:05:29+08:00][sql] SELECT * FROM `user` WHERE  `id` = 25 LIMIT 1 [ RunTime:0.000793s ]
[2026-08-18T21:05:29+08:00][sql] SHOW FULL COLUMNS FROM `setting` [ RunTime:0.001222s ]
[2026-08-18T21:05:29+08:00][sql] SELECT * FROM `setting` [ RunTime:0.000809s ]
[2026-08-18T21:05:29+08:00][sql] SHOW FULL COLUMNS FROM `message` [ RunTime:0.001261s ]
[2026-08-18T21:05:29+08:00][sql] SELECT * FROM `message` WHERE  `goods_id` = 28  AND `id` > 8  AND (  (  `from_uid` = 25  AND `to_uid` = 20 ) OR (  `from_uid` = 20  AND `to_uid` = 25 ) ) ORDER BY `id` ASC [ RunTime:0.000887s ]
[2026-08-18T21:05:32+08:00][sql] CONNECT:[ UseTime:0.021628s ] mysql:host=127.0.0.1;port=3306;dbname=auction;charset=utf8mb4
[2026-08-18T21:05:32+08:00][sql] SHOW FULL COLUMNS FROM `goods` [ RunTime:0.001805s ]
[2026-08-18T21:05:32+08:00][sql] SELECT `id` FROM `goods` WHERE  `status` = 1  AND `end_time` <= 1787058332 [ RunTime:0.000908s ]
[2026-08-18T21:05:32+08:00][sql] SHOW FULL COLUMNS FROM `user` [ RunTime:0.001820s ]
[2026-08-18T21:05:32+08:00][sql] SELECT * FROM `user` WHERE  `id` = 25 LIMIT 1 [ RunTime:0.000962s ]
[2026-08-18T21:05:32+08:00][sql] SHOW FULL COLUMNS FROM `setting` [ RunTime:0.001487s ]
[2026-08-18T21:05:32+08:00][sql] SELECT * FROM `setting` [ RunTime:0.000696s ]
[2026-08-18T21:05:32+08:00][sql] SHOW FULL COLUMNS FROM `message` [ RunTime:0.001544s ]
[2026-08-18T21:05:32+08:00][sql] SELECT * FROM `message` WHERE  `goods_id` = 28  AND `id` > 8  AND (  (  `from_uid` = 25  AND `to_uid` = 20 ) OR (  `from_uid` = 20  AND `to_uid` = 25 ) ) ORDER BY `id` ASC [ RunTime:0.001019s ]
[2026-08-18T21:05:35+08:00][sql] CONNECT:[ UseTime:0.011643s ] mysql:host=127.0.0.1;port=3306;dbname=auction;charset=utf8mb4
[2026-08-18T21:05:35+08:00][sql] SHOW FULL COLUMNS FROM `goods` [ RunTime:0.001773s ]
[2026-08-18T21:05:35+08:00][sql] SELECT `id` FROM `goods` WHERE  `status` = 1  AND `end_time` <= 1787058335 [ RunTime:0.000922s ]
[2026-08-18T21:05:35+08:00][sql] SHOW FULL COLUMNS FROM `user` [ RunTime:0.001790s ]
[2026-08-18T21:05:35+08:00][sql] SELECT * FROM `user` WHERE  `id` = 25 LIMIT 1 [ RunTime:0.000990s ]
[2026-08-18T21:05:35+08:00][sql] SHOW FULL COLUMNS FROM `setting` [ RunTime:0.001333s ]
[2026-08-18T21:05:35+08:00][sql] SELECT * FROM `setting` [ RunTime:0.000891s ]
[2026-08-18T21:05:35+08:00][sql] SHOW FULL COLUMNS FROM `message` [ RunTime:0.001544s ]
[2026-08-18T21:05:35+08:00][sql] SELECT * FROM `message` WHERE  `goods_id` = 28  AND `id` > 8  AND (  (  `from_uid` = 25  AND `to_uid` = 20 ) OR (  `from_uid` = 20  AND `to_uid` = 25 ) ) ORDER BY `id` ASC [ RunTime:0.000885s ]
[2026-08-18T21:05:38+08:00][sql] CONNECT:[ UseTime:0.009980s ] mysql:host=127.0.0.1;port=3306;dbname=auction;charset=utf8mb4
[2026-08-18T21:05:38+08:00][sql] SHOW FULL COLUMNS FROM `goods` [ RunTime:0.001605s ]
[2026-08-18T21:05:38+08:00][sql] SELECT `id` FROM `goods` WHERE  `status` = 1  AND `end_time` <= 1787058338 [ RunTime:0.000980s ]
[2026-08-18T21:05:38+08:00][sql] SHOW FULL COLUMNS FROM `user` [ RunTime:0.001815s ]
[2026-08-18T21:05:38+08:00][sql] SELECT * FROM `user` WHERE  `id` = 25 LIMIT 1 [ RunTime:0.001090s ]
[2026-08-18T21:05:38+08:00][sql] SHOW FULL COLUMNS FROM `setting` [ RunTime:0.001429s ]
[2026-08-18T21:05:38+08:00][sql] SELECT * FROM `setting` [ RunTime:0.000877s ]
[2026-08-18T21:05:38+08:00][sql] SHOW FULL COLUMNS FROM `message` [ RunTime:0.001497s ]
[2026-08-18T21:05:38+08:00][sql] SELECT * FROM `message` WHERE  `goods_id` = 28  AND `id` > 8  AND (  (  `from_uid` = 25  AND `to_uid` = 20 ) OR (  `from_uid` = 20  AND `to_uid` = 25 ) ) ORDER BY `id` ASC [ RunTime:0.001243s ]
[2026-08-18T21:05:41+08:00][sql] CONNECT:[ UseTime:0.010432s ] mysql:host=127.0.0.1;port=3306;dbname=auction;charset=utf8mb4
[2026-08-18T21:05:41+08:00][sql] SHOW FULL COLUMNS FROM `goods` [ RunTime:0.001561s ]
[2026-08-18T21:05:41+08:00][sql] SELECT `id` FROM `goods` WHERE  `status` = 1  AND `end_time` <= 1787058341 [ RunTime:0.000888s ]
[2026-08-18T21:05:41+08:00][sql] SHOW FULL COLUMNS FROM `user` [ RunTime:0.001620s ]
[2026-08-18T21:05:41+08:00][sql] SELECT * FROM `user` WHERE  `id` = 25 LIMIT 1 [ RunTime:0.000873s ]
[2026-08-18T21:05:41+08:00][sql] SHOW FULL COLUMNS FROM `setting` [ RunTime:0.001274s ]
[2026-08-18T21:05:41+08:00][sql] SELECT * FROM `setting` [ RunTime:0.000560s ]
[2026-08-18T21:05:41+08:00][sql] SHOW FULL COLUMNS FROM `message` [ RunTime:0.001134s ]
[2026-08-18T21:05:41+08:00][sql] SELECT * FROM `message` WHERE  `goods_id` = 28  AND `id` > 8  AND (  (  `from_uid` = 25  AND `to_uid` = 20 ) OR (  `from_uid` = 20  AND `to_uid` = 25 ) ) ORDER BY `id` ASC [ RunTime:0.000659s ]
[2026-08-18T21:05:44+08:00][sql] CONNECT:[ UseTime:0.010061s ] mysql:host=127.0.0.1;port=3306;dbname=auction;charset=utf8mb4
[2026-08-18T21:05:44+08:00][sql] SHOW FULL COLUMNS FROM `goods` [ RunTime:0.001649s ]
[2026-08-18T21:05:44+08:00][sql] SELECT `id` FROM `goods` WHERE  `status` = 1  AND `end_time` <= 1787058344 [ RunTime:0.001110s ]
[2026-08-18T21:05:44+08:00][sql] SHOW FULL COLUMNS FROM `user` [ RunTime:0.001822s ]
[2026-08-18T21:05:44+08:00][sql] SELECT * FROM `user` WHERE  `id` = 25 LIMIT 1 [ RunTime:0.001498s ]
[2026-08-18T21:05:44+08:00][sql] SHOW FULL COLUMNS FROM `setting` [ RunTime:0.001869s ]
[2026-08-18T21:05:44+08:00][sql] SELECT * FROM `setting` [ RunTime:0.001175s ]
[2026-08-18T21:05:44+08:00][sql] SHOW FULL COLUMNS FROM `message` [ RunTime:0.001859s ]
[2026-08-18T21:05:44+08:00][sql] SELECT * FROM `message` WHERE  `goods_id` = 28  AND `id` > 8  AND (  (  `from_uid` = 25  AND `to_uid` = 20 ) OR (  `from_uid` = 20  AND `to_uid` = 25 ) ) ORDER BY `id` ASC [ RunTime:0.001323s ]
[2026-08-18T21:05:47+08:00][sql] CONNECT:[ UseTime:0.017540s ] mysql:host=127.0.0.1;port=3306;dbname=auction;charset=utf8mb4
[2026-08-18T21:05:47+08:00][sql] SHOW FULL COLUMNS FROM `goods` [ RunTime:0.001612s ]
[2026-08-18T21:05:47+08:00][sql] SELECT `id` FROM `goods` WHERE  `status` = 1  AND `end_time` <= 1787058347 [ RunTime:0.000934s ]
[2026-08-18T21:05:47+08:00][sql] SHOW FULL COLUMNS FROM `user` [ RunTime:0.001602s ]
[2026-08-18T21:05:47+08:00][sql] SELECT * FROM `user` WHERE  `id` = 20 LIMIT 1 [ RunTime:0.000908s ]
[2026-08-18T21:05:47+08:00][sql] SHOW FULL COLUMNS FROM `setting` [ RunTime:0.001310s ]
[2026-08-18T21:05:47+08:00][sql] SELECT * FROM `setting` [ RunTime:0.000701s ]
[2026-08-18T21:05:47+08:00][sql] SHOW FULL COLUMNS FROM `message` [ RunTime:0.001452s ]
[2026-08-18T21:05:47+08:00][sql] SELECT * FROM `message` WHERE  `goods_id` = 28  AND `id` > 8  AND (  (  `from_uid` = 20  AND `to_uid` = 25 ) OR (  `from_uid` = 25  AND `to_uid` = 20 ) ) ORDER BY `id` ASC [ RunTime:0.001012s ]
[2026-08-18T21:05:49+08:00][sql] CONNECT:[ UseTime:0.011638s ] mysql:host=127.0.0.1;port=3306;dbname=auction;charset=utf8mb4
[2026-08-18T21:05:49+08:00][sql] SHOW FULL COLUMNS FROM `goods` [ RunTime:0.001617s ]
[2026-08-18T21:05:49+08:00][sql] SELECT `id` FROM `goods` WHERE  `status` = 1  AND `end_time` <= 1787058349 [ RunTime:0.000838s ]
[2026-08-18T21:05:49+08:00][sql] SHOW FULL COLUMNS FROM `user` [ RunTime:0.001555s ]
[2026-08-18T21:05:49+08:00][sql] SELECT * FROM `user` WHERE  `id` = 20 LIMIT 1 [ RunTime:0.000844s ]
[2026-08-18T21:05:49+08:00][sql] SHOW FULL COLUMNS FROM `setting` [ RunTime:0.001216s ]
[2026-08-18T21:05:49+08:00][sql] SELECT * FROM `setting` [ RunTime:0.000671s ]
[2026-08-18T21:05:49+08:00][sql] SHOW FULL COLUMNS FROM `message` [ RunTime:0.001312s ]
[2026-08-18T21:05:49+08:00][sql] SELECT * FROM `message` WHERE  `goods_id` = 28  AND `id` > 8  AND (  (  `from_uid` = 20  AND `to_uid` = 25 ) OR (  `from_uid` = 25  AND `to_uid` = 20 ) ) ORDER BY `id` ASC [ RunTime:0.000842s ]
[2026-08-18T21:05:50+08:00][sql] CONNECT:[ UseTime:0.012617s ] mysql:host=127.0.0.1;port=3306;dbname=auction;charset=utf8mb4
[2026-08-18T21:05:50+08:00][sql] SHOW FULL COLUMNS FROM `goods` [ RunTime:0.001657s ]
[2026-08-18T21:05:50+08:00][sql] SELECT `id` FROM `goods` WHERE  `status` = 1  AND `end_time` <= 1787058350 [ RunTime:0.000893s ]
[2026-08-18T21:05:50+08:00][sql] SHOW FULL COLUMNS FROM `user` [ RunTime:0.001381s ]
[2026-08-18T21:05:50+08:00][sql] SELECT * FROM `user` WHERE  `id` = 20 LIMIT 1 [ RunTime:0.000798s ]
[2026-08-18T21:05:50+08:00][sql] SHOW FULL COLUMNS FROM `setting` [ RunTime:0.001329s ]
[2026-08-18T21:05:50+08:00][sql] SELECT * FROM `setting` [ RunTime:0.000812s ]
[2026-08-18T21:05:50+08:00][sql] SELECT COUNT(*) AS think_count FROM `goods` `g` LEFT JOIN `user` `u` ON `g`.`seller_id`=`u`.`id` WHERE  `g`.`status` = '1'  AND `g`.`start_time` <= '1787058350'  AND `g`.`end_time` > '1787058350' [ RunTime:0.001068s ]
[2026-08-18T21:05:50+08:00][sql] SELECT `g`.*,u.nickname as seller_name FROM `goods` `g` LEFT JOIN `user` `u` ON `g`.`seller_id`=`u`.`id` WHERE  `g`.`status` = '1'  AND `g`.`start_time` <= '1787058350'  AND `g`.`end_time` > '1787058350' ORDER BY `g`.`end_time` ASC,`g`.`id` DESC LIMIT 0,10 [ RunTime:0.001077s ]
[2026-08-18T21:05:50+08:00][sql] SHOW FULL COLUMNS FROM `bid_record` [ RunTime:0.001796s ]
[2026-08-18T21:05:50+08:00][sql] SELECT MAX(`price`) AS think_max FROM `bid_record` WHERE  `goods_id` = 28  AND `status` = 0 [ RunTime:0.000839s ]
[2026-08-18T21:05:50+08:00][sql] SHOW FULL COLUMNS FROM `category` [ RunTime:0.001414s ]
[2026-08-18T21:05:50+08:00][sql] SELECT * FROM `category` WHERE  `status` = 1 ORDER BY `sort` ASC [ RunTime:0.000899s ]
[2026-08-18T21:05:50+08:00][sql] SELECT `b`.`price`,`b`.`create_time`,`g`.`title`,`u`.`nickname` FROM `bid_record` `b` LEFT JOIN `goods` `g` ON `b`.`goods_id`=`g`.`id` LEFT JOIN `user` `u` ON `b`.`user_id`=`u`.`id` WHERE  `b`.`status` = '1' ORDER BY `b`.`id` DESC LIMIT 5 [ RunTime:0.000905s ]
[2026-08-18T21:05:50+08:00][sql] SHOW FULL COLUMNS FROM `news` [ RunTime:0.001418s ]
[2026-08-18T21:05:50+08:00][sql] SELECT `id`,`title`,`create_time` FROM `news` WHERE  `status` = 1 ORDER BY `id` DESC LIMIT 3 [ RunTime:0.000852s ]
[2026-08-18T21:05:50+08:00][sql] SHOW FULL COLUMNS FROM `banner` [ RunTime:0.001334s ]
[2026-08-18T21:05:50+08:00][sql] SELECT * FROM `banner` WHERE  `status` = 1 ORDER BY `sort` ASC,`id` ASC [ RunTime:0.000620s ]
[2026-08-18T21:06:03+08:00][sql] CONNECT:[ UseTime:0.024844s ] mysql:host=127.0.0.1;port=3306;dbname=auction;charset=utf8mb4
[2026-08-18T21:06:03+08:00][sql] SHOW FULL COLUMNS FROM `goods` [ RunTime:0.001546s ]
[2026-08-18T21:06:03+08:00][sql] SELECT `id` FROM `goods` WHERE  `status` = 1  AND `end_time` <= 1787058363 [ RunTime:0.000890s ]
[2026-08-18T21:06:03+08:00][sql] SHOW FULL COLUMNS FROM `user` [ RunTime:0.001602s ]
[2026-08-18T21:06:03+08:00][sql] SELECT * FROM `user` WHERE  `id` = 25 LIMIT 1 [ RunTime:0.000947s ]
[2026-08-18T21:06:03+08:00][sql] SHOW FULL COLUMNS FROM `setting` [ RunTime:0.001337s ]
[2026-08-18T21:06:03+08:00][sql] SELECT * FROM `setting` [ RunTime:0.000706s ]
[2026-08-18T21:06:03+08:00][sql] SHOW FULL COLUMNS FROM `message` [ RunTime:0.001489s ]
[2026-08-18T21:06:03+08:00][sql] SELECT * FROM `message` WHERE  `goods_id` = 28  AND `id` > 8  AND (  (  `from_uid` = 25  AND `to_uid` = 20 ) OR (  `from_uid` = 20  AND `to_uid` = 25 ) ) ORDER BY `id` ASC [ RunTime:0.000924s ]
[2026-08-18T21:07:03+08:00][sql] CONNECT:[ UseTime:0.001969s ] mysql:host=127.0.0.1;port=3306;dbname=auction;charset=utf8mb4
[2026-08-18T21:07:03+08:00][sql] SHOW FULL COLUMNS FROM `goods` [ RunTime:0.001379s ]
[2026-08-18T21:07:03+08:00][sql] SELECT `id` FROM `goods` WHERE  `status` = 1  AND `end_time` <= 1787058423 [ RunTime:0.000757s ]
[2026-08-18T21:07:03+08:00][sql] SHOW FULL COLUMNS FROM `user` [ RunTime:0.001364s ]
[2026-08-18T21:07:03+08:00][sql] SELECT * FROM `user` WHERE  `id` = 25 LIMIT 1 [ RunTime:0.000912s ]
[2026-08-18T21:07:03+08:00][sql] SHOW FULL COLUMNS FROM `setting` [ RunTime:0.001143s ]
[2026-08-18T21:07:03+08:00][sql] SELECT * FROM `setting` [ RunTime:0.000685s ]
[2026-08-18T21:07:03+08:00][sql] SHOW FULL COLUMNS FROM `message` [ RunTime:0.001415s ]
[2026-08-18T21:07:03+08:00][sql] SELECT * FROM `message` WHERE  `goods_id` = 28  AND `id` > 8  AND (  (  `from_uid` = 25  AND `to_uid` = 20 ) OR (  `from_uid` = 20  AND `to_uid` = 25 ) ) ORDER BY `id` ASC [ RunTime:0.000837s ]
[2026-08-18T21:07:13+08:00][sql] CONNECT:[ UseTime:0.002610s ] mysql:host=127.0.0.1;port=3306;dbname=auction;charset=utf8mb4
[2026-08-18T21:07:13+08:00][sql] SHOW FULL COLUMNS FROM `goods` [ RunTime:0.001101s ]
[2026-08-18T21:07:13+08:00][sql] SELECT `id` FROM `goods` WHERE  `status` = 1  AND `end_time` <= 1787058433 [ RunTime:0.000739s ]
[2026-08-18T21:07:13+08:00][sql] SHOW FULL COLUMNS FROM `user` [ RunTime:0.001271s ]
[2026-08-18T21:07:13+08:00][sql] SELECT * FROM `user` WHERE  `id` = 25 LIMIT 1 [ RunTime:0.000797s ]
[2026-08-18T21:07:13+08:00][sql] SHOW FULL COLUMNS FROM `setting` [ RunTime:0.001093s ]
[2026-08-18T21:07:13+08:00][sql] SELECT * FROM `setting` [ RunTime:0.000608s ]
[2026-08-18T21:07:13+08:00][sql] SHOW FULL COLUMNS FROM `message` [ RunTime:0.001299s ]
[2026-08-18T21:07:13+08:00][sql] SELECT * FROM `message` WHERE  `goods_id` = 28  AND `id` > 8  AND (  (  `from_uid` = 25  AND `to_uid` = 20 ) OR (  `from_uid` = 20  AND `to_uid` = 25 ) ) ORDER BY `id` ASC [ RunTime:0.000807s ]
[2026-08-18T21:07:14+08:00][sql] CONNECT:[ UseTime:0.014088s ] mysql:host=127.0.0.1;port=3306;dbname=auction;charset=utf8mb4
[2026-08-18T21:07:14+08:00][sql] SHOW FULL COLUMNS FROM `goods` [ RunTime:0.001700s ]
[2026-08-18T21:07:14+08:00][sql] SELECT `id` FROM `goods` WHERE  `status` = 1  AND `end_time` <= 1787058434 [ RunTime:0.000875s ]
[2026-08-18T21:07:14+08:00][sql] SHOW FULL COLUMNS FROM `user` [ RunTime:0.001590s ]
[2026-08-18T21:07:14+08:00][sql] SELECT * FROM `user` WHERE  `id` = 25 LIMIT 1 [ RunTime:0.000901s ]
[2026-08-18T21:07:14+08:00][sql] SHOW FULL COLUMNS FROM `setting` [ RunTime:0.001301s ]
[2026-08-18T21:07:14+08:00][sql] SELECT * FROM `setting` [ RunTime:0.000755s ]
[2026-08-18T21:07:14+08:00][sql] SHOW FULL COLUMNS FROM `message` [ RunTime:0.001649s ]
[2026-08-18T21:07:14+08:00][sql] SELECT * FROM `message` WHERE  `goods_id` = 28  AND `id` > 8  AND (  (  `from_uid` = 25  AND `to_uid` = 20 ) OR (  `from_uid` = 20  AND `to_uid` = 25 ) ) ORDER BY `id` ASC [ RunTime:0.001343s ]
[2026-08-18T21:07:15+08:00][sql] CONNECT:[ UseTime:0.020963s ] mysql:host=127.0.0.1;port=3306;dbname=auction;charset=utf8mb4
[2026-08-18T21:07:15+08:00][sql] SHOW FULL COLUMNS FROM `goods` [ RunTime:0.001126s ]
[2026-08-18T21:07:15+08:00][sql] SELECT `id` FROM `goods` WHERE  `status` = 1  AND `end_time` <= 1787058435 [ RunTime:0.000834s ]
[2026-08-18T21:07:15+08:00][sql] SHOW FULL COLUMNS FROM `user` [ RunTime:0.001466s ]
[2026-08-18T21:07:15+08:00][sql] SELECT * FROM `user` WHERE  `id` = 25 LIMIT 1 [ RunTime:0.000825s ]
[2026-08-18T21:07:15+08:00][sql] SHOW FULL COLUMNS FROM `setting` [ RunTime:0.001214s ]
[2026-08-18T21:07:15+08:00][sql] SELECT * FROM `setting` [ RunTime:0.000641s ]
[2026-08-18T21:07:15+08:00][sql] SELECT * FROM `goods` WHERE  `id` = 28  AND `status` = 1 LIMIT 1 [ RunTime:0.000892s ]
[2026-08-18T21:07:15+08:00][sql] SELECT * FROM `user` WHERE  `id` = 20 LIMIT 1 [ RunTime:0.000842s ]
[2026-08-18T21:07:15+08:00][sql] SHOW FULL COLUMNS FROM `message` [ RunTime:0.001278s ]
[2026-08-18T21:07:15+08:00][sql] SELECT * FROM `message` WHERE  `goods_id` = 28  AND (  (  `from_uid` = 25  AND `to_uid` = 20 ) OR (  `from_uid` = 20  AND `to_uid` = 25 ) ) ORDER BY `id` ASC [ RunTime:0.000818s ]
[2026-08-18T21:07:15+08:00][sql] UPDATE `message`  SET `is_read` = 1  WHERE  `goods_id` = 28  AND `from_uid` = 20  AND `to_uid` = 25  AND `is_read` = 0 [ RunTime:0.000735s ]
[2026-08-18T21:07:18+08:00][sql] CONNECT:[ UseTime:0.002099s ] mysql:host=127.0.0.1;port=3306;dbname=auction;charset=utf8mb4
[2026-08-18T21:07:18+08:00][sql] SHOW FULL COLUMNS FROM `goods` [ RunTime:0.001411s ]
[2026-08-18T21:07:18+08:00][sql] SELECT `id` FROM `goods` WHERE  `status` = 1  AND `end_time` <= 1787058438 [ RunTime:0.000790s ]
[2026-08-18T21:07:18+08:00][sql] SHOW FULL COLUMNS FROM `user` [ RunTime:0.001479s ]
[2026-08-18T21:07:18+08:00][sql] SELECT * FROM `user` WHERE  `id` = 25 LIMIT 1 [ RunTime:0.000874s ]
[2026-08-18T21:07:18+08:00][sql] SHOW FULL COLUMNS FROM `setting` [ RunTime:0.001227s ]
[2026-08-18T21:07:18+08:00][sql] SELECT * FROM `setting` [ RunTime:0.000805s ]
[2026-08-18T21:07:18+08:00][sql] SHOW FULL COLUMNS FROM `message` [ RunTime:0.001533s ]
[2026-08-18T21:07:18+08:00][sql] SELECT * FROM `message` WHERE  `goods_id` = 28  AND `id` > 8  AND (  (  `from_uid` = 25  AND `to_uid` = 20 ) OR (  `from_uid` = 20  AND `to_uid` = 25 ) ) ORDER BY `id` ASC [ RunTime:0.000956s ]
[2026-08-18T21:07:22+08:00][sql] CONNECT:[ UseTime:0.002562s ] mysql:host=127.0.0.1;port=3306;dbname=auction;charset=utf8mb4
[2026-08-18T21:07:22+08:00][sql] SHOW FULL COLUMNS FROM `goods` [ RunTime:0.001441s ]
[2026-08-18T21:07:22+08:00][sql] SELECT `id` FROM `goods` WHERE  `status` = 1  AND `end_time` <= 1787058442 [ RunTime:0.000733s ]
[2026-08-18T21:07:22+08:00][sql] SHOW FULL COLUMNS FROM `user` [ RunTime:0.001146s ]
[2026-08-18T21:07:22+08:00][sql] SELECT * FROM `user` WHERE  `id` = 25 LIMIT 1 [ RunTime:0.000703s ]
[2026-08-18T21:07:22+08:00][sql] SHOW FULL COLUMNS FROM `setting` [ RunTime:0.001168s ]
[2026-08-18T21:07:22+08:00][sql] SELECT * FROM `setting` [ RunTime:0.000859s ]
[2026-08-18T21:07:22+08:00][sql] SHOW FULL COLUMNS FROM `message` [ RunTime:0.001408s ]
[2026-08-18T21:07:22+08:00][sql] SELECT * FROM `message` WHERE  `goods_id` = 28  AND `id` > 8  AND (  (  `from_uid` = 25  AND `to_uid` = 20 ) OR (  `from_uid` = 20  AND `to_uid` = 25 ) ) ORDER BY `id` ASC [ RunTime:0.000747s ]
[2026-08-18T21:07:23+08:00][sql] CONNECT:[ UseTime:0.001842s ] mysql:host=127.0.0.1;port=3306;dbname=auction;charset=utf8mb4
[2026-08-18T21:07:23+08:00][sql] SHOW FULL COLUMNS FROM `goods` [ RunTime:0.001477s ]
[2026-08-18T21:07:23+08:00][sql] SELECT `id` FROM `goods` WHERE  `status` = 1  AND `end_time` <= 1787058443 [ RunTime:0.000806s ]
[2026-08-18T21:07:23+08:00][sql] SHOW FULL COLUMNS FROM `user` [ RunTime:0.001446s ]
[2026-08-18T21:07:23+08:00][sql] SELECT * FROM `user` WHERE  `id` = 20 LIMIT 1 [ RunTime:0.000864s ]
[2026-08-18T21:07:23+08:00][sql] SHOW FULL COLUMNS FROM `setting` [ RunTime:0.001157s ]
[2026-08-18T21:07:23+08:00][sql] SELECT * FROM `setting` [ RunTime:0.000586s ]
[2026-08-18T21:07:23+08:00][sql] SHOW FULL COLUMNS FROM `bid_record` [ RunTime:0.001024s ]
[2026-08-18T21:07:23+08:00][sql] SELECT COUNT(*) AS think_count FROM `bid_record` WHERE  `user_id` = 20 [ RunTime:0.000557s ]
[2026-08-18T21:07:23+08:00][sql] SHOW FULL COLUMNS FROM `order` [ RunTime:0.001540s ]
[2026-08-18T21:07:23+08:00][sql] SELECT COUNT(*) AS think_count FROM `order` WHERE  `buyer_id` = 20  AND `pay_status` = 1 [ RunTime:0.000776s ]
[2026-08-18T21:07:23+08:00][sql] SELECT COUNT(*) AS think_count FROM `goods` WHERE  `seller_id` = 20  AND `status` = 2 [ RunTime:0.002540s ]
[2026-08-18T21:07:23+08:00][sql] SELECT COUNT(*) AS think_count FROM `goods` WHERE  `seller_id` = 20 [ RunTime:0.000769s ]
[2026-08-18T21:07:23+08:00][sql] SELECT COUNT(*) AS think_count FROM `order` WHERE  `buyer_id` = 20  AND `pay_status` = 0  AND `order_status` = 0 [ RunTime:0.000684s ]
[2026-08-18T21:07:23+08:00][sql] SELECT COUNT(*) AS think_count FROM `order` WHERE  `seller_id` = 20  AND `order_status` = 1 [ RunTime:0.000696s ]
[2026-08-18T21:07:23+08:00][sql] SELECT COUNT(*) AS think_count FROM `order` WHERE  `buyer_id` = 20  AND `order_status` = 0  AND `pay_status` = 0 [ RunTime:0.000739s ]
[2026-08-18T21:07:23+08:00][sql] SELECT COUNT(*) AS think_count FROM `order` WHERE  `buyer_id` = 20  AND `order_status` = 1 [ RunTime:0.000721s ]
[2026-08-18T21:07:23+08:00][sql] SELECT COUNT(*) AS think_count FROM `order` WHERE  `buyer_id` = 20  AND `order_status` = 2 [ RunTime:0.000652s ]
[2026-08-18T21:07:23+08:00][sql] SELECT COUNT(*) AS think_count FROM `order` WHERE  `buyer_id` = 20  AND `order_status` = 3 [ RunTime:0.000593s ]
[2026-08-18T21:07:23+08:00][sql] SELECT COUNT(*) AS think_count FROM `order` WHERE  `seller_id` = 20  AND `order_status` = 1 [ RunTime:0.000621s ]
[2026-08-18T21:07:23+08:00][sql] SHOW FULL COLUMNS FROM `goods_favorite` [ RunTime:0.001393s ]
[2026-08-18T21:07:23+08:00][sql] SELECT COUNT(*) AS think_count FROM `goods_favorite` WHERE  `user_id` = 20 [ RunTime:0.001197s ]
[2026-08-18T21:07:23+08:00][sql] SHOW FULL COLUMNS FROM `seller_follow` [ RunTime:0.001116s ]
[2026-08-18T21:07:23+08:00][sql] SELECT COUNT(*) AS think_count FROM `seller_follow` WHERE  `user_id` = 20 [ RunTime:0.000856s ]
[2026-08-18T21:07:23+08:00][sql] SHOW FULL COLUMNS FROM `browse_history` [ RunTime:0.001189s ]
[2026-08-18T21:07:23+08:00][sql] SELECT COUNT(*) AS think_count FROM `browse_history` WHERE  `user_id` = 20 [ RunTime:0.000729s ]
[2026-08-18T21:07:23+08:00][sql] SHOW FULL COLUMNS FROM `balance_log` [ RunTime:0.001230s ]
[2026-08-18T21:07:23+08:00][sql] SELECT * FROM `balance_log` WHERE  `user_id` = 20 ORDER BY `id` DESC LIMIT 5 [ RunTime:0.000783s ]
[2026-08-18T21:07:23+08:00][sql] SELECT `b`.*,`g`.`title`,`g`.`cover`,g.status as goods_status,`g`.`end_time` FROM `bid_record` `b` LEFT JOIN `goods` `g` ON `b`.`goods_id`=`g`.`id` WHERE  `b`.`user_id` = '20' ORDER BY `b`.`id` DESC LIMIT 5 [ RunTime:0.000724s ]
[2026-08-18T21:07:23+08:00][sql] SELECT `id`,`nickname`,`mobile`,`reg_time` FROM `user` WHERE  `pid` = 20 ORDER BY `id` DESC LIMIT 10 [ RunTime:0.000645s ]
[2026-08-18T21:07:24+08:00][sql] CONNECT:[ UseTime:0.007870s ] mysql:host=127.0.0.1;port=3306;dbname=auction;charset=utf8mb4
[2026-08-18T21:07:24+08:00][sql] SHOW FULL COLUMNS FROM `goods` [ RunTime:0.001059s ]
[2026-08-18T21:07:24+08:00][sql] SELECT `id` FROM `goods` WHERE  `status` = 1  AND `end_time` <= 1787058444 [ RunTime:0.000768s ]
[2026-08-18T21:07:24+08:00][sql] SHOW FULL COLUMNS FROM `user` [ RunTime:0.001305s ]
[2026-08-18T21:07:24+08:00][sql] SELECT * FROM `user` WHERE  `id` = 20 LIMIT 1 [ RunTime:0.000755s ]
[2026-08-18T21:07:24+08:00][sql] SHOW FULL COLUMNS FROM `setting` [ RunTime:0.001054s ]
[2026-08-18T21:07:24+08:00][sql] SELECT * FROM `setting` [ RunTime:0.000597s ]
[2026-08-18T21:07:24+08:00][sql] SHOW FULL COLUMNS FROM `message` [ RunTime:0.001252s ]
[2026-08-18T21:07:24+08:00][sql] SELECT `m`.*,u.nickname as other_name,u.avatar as other_avatar,u.shop_name as other_shop,g.title as goods_title FROM `message` `m` LEFT JOIN `user` `u` ON `m`.`to_uid`=`u`.`id` LEFT JOIN `goods` `g` ON `m`.`goods_id`=`g`.`id` WHERE  `m`.`from_uid` = '20' ORDER BY `m`.`id` DESC [ RunTime:0.000825s ]
[2026-08-18T21:07:24+08:00][sql] SELECT COUNT(*) AS think_count FROM `message` WHERE  `goods_id` = 28  AND `from_uid` = 25  AND `to_uid` = 20  AND `is_read` = 0 [ RunTime:0.000711s ]
[2026-08-18T21:07:24+08:00][sql] SELECT `m`.*,u.nickname as other_name,u.avatar as other_avatar,u.shop_name as other_shop,g.title as goods_title FROM `message` `m` LEFT JOIN `user` `u` ON `m`.`from_uid`=`u`.`id` LEFT JOIN `goods` `g` ON `m`.`goods_id`=`g`.`id` WHERE  `m`.`to_uid` = '20' ORDER BY `m`.`id` DESC [ RunTime:0.000755s ]
[2026-08-18T21:07:24+08:00][sql] SELECT COUNT(*) AS think_count FROM `message` WHERE  `goods_id` = 28  AND `from_uid` = 25  AND `to_uid` = 20  AND `is_read` = 0 [ RunTime:0.000634s ]
[2026-08-18T21:07:25+08:00][sql] CONNECT:[ UseTime:0.002997s ] mysql:host=127.0.0.1;port=3306;dbname=auction;charset=utf8mb4
[2026-08-18T21:07:25+08:00][sql] SHOW FULL COLUMNS FROM `goods` [ RunTime:0.001908s ]
[2026-08-18T21:07:25+08:00][sql] SELECT `id` FROM `goods` WHERE  `status` = 1  AND `end_time` <= 1787058445 [ RunTime:0.000726s ]
[2026-08-18T21:07:25+08:00][sql] SHOW FULL COLUMNS FROM `user` [ RunTime:0.001392s ]
[2026-08-18T21:07:25+08:00][sql] SELECT * FROM `user` WHERE  `id` = 25 LIMIT 1 [ RunTime:0.000675s ]
[2026-08-18T21:07:25+08:00][sql] SHOW FULL COLUMNS FROM `setting` [ RunTime:0.001411s ]
[2026-08-18T21:07:25+08:00][sql] SELECT * FROM `setting` [ RunTime:0.000877s ]
[2026-08-18T21:07:25+08:00][sql] SHOW FULL COLUMNS FROM `message` [ RunTime:0.001567s ]
[2026-08-18T21:07:25+08:00][sql] SELECT * FROM `message` WHERE  `goods_id` = 28  AND `id` > 8  AND (  (  `from_uid` = 25  AND `to_uid` = 20 ) OR (  `from_uid` = 20  AND `to_uid` = 25 ) ) ORDER BY `id` ASC [ RunTime:0.000932s ]
[2026-08-18T21:07:26+08:00][sql] CONNECT:[ UseTime:0.001805s ] mysql:host=127.0.0.1;port=3306;dbname=auction;charset=utf8mb4
[2026-08-18T21:07:26+08:00][sql] SHOW FULL COLUMNS FROM `goods` [ RunTime:0.001573s ]
[2026-08-18T21:07:26+08:00][sql] SELECT `id` FROM `goods` WHERE  `status` = 1  AND `end_time` <= 1787058446 [ RunTime:0.000864s ]
[2026-08-18T21:07:26+08:00][sql] SHOW FULL COLUMNS FROM `user` [ RunTime:0.001529s ]
[2026-08-18T21:07:26+08:00][sql] SELECT * FROM `user` WHERE  `id` = 20 LIMIT 1 [ RunTime:0.000909s ]
[2026-08-18T21:07:26+08:00][sql] SHOW FULL COLUMNS FROM `setting` [ RunTime:0.001279s ]
[2026-08-18T21:07:26+08:00][sql] SELECT * FROM `setting` [ RunTime:0.000714s ]
[2026-08-18T21:07:26+08:00][sql] SELECT * FROM `goods` WHERE  `id` = 28  AND `status` = 1 LIMIT 1 [ RunTime:0.000979s ]
[2026-08-18T21:07:26+08:00][sql] SELECT * FROM `user` WHERE  `id` = 25 LIMIT 1 [ RunTime:0.000864s ]
[2026-08-18T21:07:26+08:00][sql] SHOW FULL COLUMNS FROM `message` [ RunTime:0.001491s ]
[2026-08-18T21:07:26+08:00][sql] SELECT * FROM `message` WHERE  `goods_id` = 28  AND (  (  `from_uid` = 20  AND `to_uid` = 25 ) OR (  `from_uid` = 25  AND `to_uid` = 20 ) ) ORDER BY `id` ASC [ RunTime:0.000763s ]
[2026-08-18T21:07:26+08:00][sql] UPDATE `message`  SET `is_read` = 1  WHERE  `goods_id` = 28  AND `from_uid` = 25  AND `to_uid` = 20  AND `is_read` = 0 [ RunTime:0.000828s ]
[2026-08-18T21:07:28+08:00][sql] CONNECT:[ UseTime:0.002059s ] mysql:host=127.0.0.1;port=3306;dbname=auction;charset=utf8mb4
[2026-08-18T21:07:28+08:00][sql] SHOW FULL COLUMNS FROM `goods` [ RunTime:0.001574s ]
[2026-08-18T21:07:28+08:00][sql] SELECT `id` FROM `goods` WHERE  `status` = 1  AND `end_time` <= 1787058448 [ RunTime:0.000897s ]
[2026-08-18T21:07:28+08:00][sql] SHOW FULL COLUMNS FROM `user` [ RunTime:0.001601s ]
[2026-08-18T21:07:28+08:00][sql] SELECT * FROM `user` WHERE  `id` = 25 LIMIT 1 [ RunTime:0.000952s ]
[2026-08-18T21:07:28+08:00][sql] SHOW FULL COLUMNS FROM `setting` [ RunTime:0.001338s ]
[2026-08-18T21:07:28+08:00][sql] SELECT * FROM `setting` [ RunTime:0.000758s ]
[2026-08-18T21:07:28+08:00][sql] SHOW FULL COLUMNS FROM `message` [ RunTime:0.001545s ]
[2026-08-18T21:07:28+08:00][sql] SELECT * FROM `message` WHERE  `goods_id` = 28  AND `id` > 8  AND (  (  `from_uid` = 25  AND `to_uid` = 20 ) OR (  `from_uid` = 20  AND `to_uid` = 25 ) ) ORDER BY `id` ASC [ RunTime:0.000936s ]
[2026-08-18T21:07:29+08:00][sql] CONNECT:[ UseTime:0.002050s ] mysql:host=127.0.0.1;port=3306;dbname=auction;charset=utf8mb4
[2026-08-18T21:07:29+08:00][sql] SHOW FULL COLUMNS FROM `goods` [ RunTime:0.001674s ]
[2026-08-18T21:07:29+08:00][sql] SELECT `id` FROM `goods` WHERE  `status` = 1  AND `end_time` <= 1787058449 [ RunTime:0.001092s ]
[2026-08-18T21:07:29+08:00][sql] SHOW FULL COLUMNS FROM `user` [ RunTime:0.001549s ]
[2026-08-18T21:07:29+08:00][sql] SELECT * FROM `user` WHERE  `id` = 20 LIMIT 1 [ RunTime:0.001001s ]
[2026-08-18T21:07:29+08:00][sql] SHOW FULL COLUMNS FROM `setting` [ RunTime:0.001288s ]
[2026-08-18T21:07:29+08:00][sql] SELECT * FROM `setting` [ RunTime:0.000724s ]
[2026-08-18T21:07:29+08:00][sql] SHOW FULL COLUMNS FROM `message` [ RunTime:0.001375s ]
[2026-08-18T21:07:29+08:00][sql] SELECT * FROM `message` WHERE  `goods_id` = 28  AND `id` > 8  AND (  (  `from_uid` = 20  AND `to_uid` = 25 ) OR (  `from_uid` = 25  AND `to_uid` = 20 ) ) ORDER BY `id` ASC [ RunTime:0.000917s ]
[2026-08-18T21:07:31+08:00][sql] CONNECT:[ UseTime:0.002096s ] mysql:host=127.0.0.1;port=3306;dbname=auction;charset=utf8mb4
[2026-08-18T21:07:31+08:00][sql] SHOW FULL COLUMNS FROM `goods` [ RunTime:0.001523s ]
[2026-08-18T21:07:31+08:00][sql] SELECT `id` FROM `goods` WHERE  `status` = 1  AND `end_time` <= 1787058451 [ RunTime:0.000980s ]
[2026-08-18T21:07:31+08:00][sql] SHOW FULL COLUMNS FROM `user` [ RunTime:0.001565s ]
[2026-08-18T21:07:31+08:00][sql] SELECT * FROM `user` WHERE  `id` = 20 LIMIT 1 [ RunTime:0.000857s ]
[2026-08-18T21:07:31+08:00][sql] SHOW FULL COLUMNS FROM `setting` [ RunTime:0.001216s ]
[2026-08-18T21:07:31+08:00][sql] SELECT * FROM `setting` [ RunTime:0.000715s ]
[2026-08-18T21:07:31+08:00][sql] SHOW FULL COLUMNS FROM `message` [ RunTime:0.001340s ]
[2026-08-18T21:07:31+08:00][sql] INSERT INTO `message` SET `from_uid` = 20 , `to_uid` = 25 , `goods_id` = 28 , `content` = '3111' , `is_read` = 0 , `create_time` = 1787058451 [ RunTime:0.005342s ]
[2026-08-18T21:07:31+08:00][sql] CONNECT:[ UseTime:0.002220s ] mysql:host=127.0.0.1;port=3306;dbname=auction;charset=utf8mb4
[2026-08-18T21:07:31+08:00][sql] SHOW FULL COLUMNS FROM `goods` [ RunTime:0.001322s ]
[2026-08-18T21:07:31+08:00][sql] SELECT `id` FROM `goods` WHERE  `status` = 1  AND `end_time` <= 1787058451 [ RunTime:0.000627s ]
[2026-08-18T21:07:31+08:00][sql] SHOW FULL COLUMNS FROM `user` [ RunTime:0.001698s ]
[2026-08-18T21:07:31+08:00][sql] SELECT * FROM `user` WHERE  `id` = 25 LIMIT 1 [ RunTime:0.000853s ]
[2026-08-18T21:07:31+08:00][sql] SHOW FULL COLUMNS FROM `setting` [ RunTime:0.001171s ]
[2026-08-18T21:07:31+08:00][sql] SELECT * FROM `setting` [ RunTime:0.000575s ]
[2026-08-18T21:07:31+08:00][sql] SHOW FULL COLUMNS FROM `message` [ RunTime:0.001220s ]
[2026-08-18T21:07:31+08:00][sql] SELECT * FROM `message` WHERE  `goods_id` = 28  AND `id` > 8  AND (  (  `from_uid` = 25  AND `to_uid` = 20 ) OR (  `from_uid` = 20  AND `to_uid` = 25 ) ) ORDER BY `id` ASC [ RunTime:0.000845s ]
[2026-08-18T21:07:31+08:00][sql] UPDATE `message`  SET `is_read` = 1  WHERE  `id` = 9 [ RunTime:0.002451s ]
[2026-08-18T21:07:32+08:00][sql] CONNECT:[ UseTime:0.002169s ] mysql:host=127.0.0.1;port=3306;dbname=auction;charset=utf8mb4
[2026-08-18T21:07:32+08:00][sql] SHOW FULL COLUMNS FROM `goods` [ RunTime:0.001651s ]
[2026-08-18T21:07:32+08:00][sql] SELECT `id` FROM `goods` WHERE  `status` = 1  AND `end_time` <= 1787058452 [ RunTime:0.000778s ]
[2026-08-18T21:07:32+08:00][sql] SHOW FULL COLUMNS FROM `user` [ RunTime:0.001418s ]
[2026-08-18T21:07:32+08:00][sql] SELECT * FROM `user` WHERE  `id` = 20 LIMIT 1 [ RunTime:0.000822s ]
[2026-08-18T21:07:32+08:00][sql] SHOW FULL COLUMNS FROM `setting` [ RunTime:0.001111s ]
[2026-08-18T21:07:32+08:00][sql] SELECT * FROM `setting` [ RunTime:0.000616s ]
[2026-08-18T21:07:32+08:00][sql] SHOW FULL COLUMNS FROM `message` [ RunTime:0.001329s ]
[2026-08-18T21:07:32+08:00][sql] SELECT * FROM `message` WHERE  `goods_id` = 28  AND `id` > 9  AND (  (  `from_uid` = 20  AND `to_uid` = 25 ) OR (  `from_uid` = 25  AND `to_uid` = 20 ) ) ORDER BY `id` ASC [ RunTime:0.000869s ]
[2026-08-18T21:07:33+08:00][sql] CONNECT:[ UseTime:0.017464s ] mysql:host=127.0.0.1;port=3306;dbname=auction;charset=utf8mb4
[2026-08-18T21:07:33+08:00][sql] SHOW FULL COLUMNS FROM `goods` [ RunTime:0.001680s ]
[2026-08-18T21:07:33+08:00][sql] SELECT `id` FROM `goods` WHERE  `status` = 1  AND `end_time` <= 1787058453 [ RunTime:0.001069s ]
[2026-08-18T21:07:33+08:00][sql] SHOW FULL COLUMNS FROM `user` [ RunTime:0.001528s ]
[2026-08-18T21:07:33+08:00][sql] SELECT * FROM `user` WHERE  `id` = 25 LIMIT 1 [ RunTime:0.000857s ]
[2026-08-18T21:07:33+08:00][sql] SHOW FULL COLUMNS FROM `setting` [ RunTime:0.001236s ]
[2026-08-18T21:07:33+08:00][sql] SELECT * FROM `setting` [ RunTime:0.000678s ]
[2026-08-18T21:07:33+08:00][sql] SHOW FULL COLUMNS FROM `message` [ RunTime:0.001303s ]
[2026-08-18T21:07:33+08:00][sql] SELECT * FROM `message` WHERE  `goods_id` = 28  AND `id` > 9  AND (  (  `from_uid` = 25  AND `to_uid` = 20 ) OR (  `from_uid` = 20  AND `to_uid` = 25 ) ) ORDER BY `id` ASC [ RunTime:0.000827s ]
[2026-08-18T21:07:35+08:00][sql] CONNECT:[ UseTime:0.001862s ] mysql:host=127.0.0.1;port=3306;dbname=auction;charset=utf8mb4
[2026-08-18T21:07:35+08:00][sql] SHOW FULL COLUMNS FROM `goods` [ RunTime:0.001512s ]
[2026-08-18T21:07:35+08:00][sql] SELECT `id` FROM `goods` WHERE  `status` = 1  AND `end_time` <= 1787058455 [ RunTime:0.000718s ]
[2026-08-18T21:07:35+08:00][sql] SHOW FULL COLUMNS FROM `user` [ RunTime:0.001758s ]
[2026-08-18T21:07:35+08:00][sql] SELECT * FROM `user` WHERE  `id` = 20 LIMIT 1 [ RunTime:0.001071s ]
[2026-08-18T21:07:35+08:00][sql] SHOW FULL COLUMNS FROM `setting` [ RunTime:0.001525s ]
[2026-08-18T21:07:35+08:00][sql] SELECT * FROM `setting` [ RunTime:0.000844s ]
[2026-08-18T21:07:35+08:00][sql] SHOW FULL COLUMNS FROM `message` [ RunTime:0.001508s ]
[2026-08-18T21:07:35+08:00][sql] SELECT * FROM `message` WHERE  `goods_id` = 28  AND `id` > 9  AND (  (  `from_uid` = 20  AND `to_uid` = 25 ) OR (  `from_uid` = 25  AND `to_uid` = 20 ) ) ORDER BY `id` ASC [ RunTime:0.000938s ]
[2026-08-18T21:07:36+08:00][sql] CONNECT:[ UseTime:0.002651s ] mysql:host=127.0.0.1;port=3306;dbname=auction;charset=utf8mb4
[2026-08-18T21:07:36+08:00][sql] SHOW FULL COLUMNS FROM `goods` [ RunTime:0.002226s ]
[2026-08-18T21:07:36+08:00][sql] SELECT `id` FROM `goods` WHERE  `status` = 1  AND `end_time` <= 1787058456 [ RunTime:0.001680s ]
[2026-08-18T21:07:36+08:00][sql] SHOW FULL COLUMNS FROM `user` [ RunTime:0.003010s ]
[2026-08-18T21:07:36+08:00][sql] SELECT * FROM `user` WHERE  `id` = 25 LIMIT 1 [ RunTime:0.001139s ]
[2026-08-18T21:07:36+08:00][sql] SHOW FULL COLUMNS FROM `setting` [ RunTime:0.001583s ]
[2026-08-18T21:07:36+08:00][sql] SELECT * FROM `setting` [ RunTime:0.000928s ]
[2026-08-18T21:07:36+08:00][sql] SHOW FULL COLUMNS FROM `message` [ RunTime:0.001947s ]
[2026-08-18T21:07:36+08:00][sql] SELECT * FROM `message` WHERE  `goods_id` = 28  AND `id` > 9  AND (  (  `from_uid` = 25  AND `to_uid` = 20 ) OR (  `from_uid` = 20  AND `to_uid` = 25 ) ) ORDER BY `id` ASC [ RunTime:0.001212s ]
[2026-08-18T21:07:38+08:00][sql] CONNECT:[ UseTime:0.001894s ] mysql:host=127.0.0.1;port=3306;dbname=auction;charset=utf8mb4
[2026-08-18T21:07:38+08:00][sql] SHOW FULL COLUMNS FROM `goods` [ RunTime:0.001414s ]
[2026-08-18T21:07:38+08:00][sql] SELECT `id` FROM `goods` WHERE  `status` = 1  AND `end_time` <= 1787058458 [ RunTime:0.000922s ]
[2026-08-18T21:07:38+08:00][sql] SHOW FULL COLUMNS FROM `user` [ RunTime:0.002402s ]
[2026-08-18T21:07:38+08:00][sql] SELECT * FROM `user` WHERE  `id` = 20 LIMIT 1 [ RunTime:0.001585s ]
[2026-08-18T21:07:38+08:00][sql] SHOW FULL COLUMNS FROM `setting` [ RunTime:0.001745s ]
[2026-08-18T21:07:38+08:00][sql] SELECT * FROM `setting` [ RunTime:0.000793s ]
[2026-08-18T21:07:38+08:00][sql] SHOW FULL COLUMNS FROM `message` [ RunTime:0.001519s ]
[2026-08-18T21:07:38+08:00][sql] SELECT * FROM `message` WHERE  `goods_id` = 28  AND `id` > 9  AND (  (  `from_uid` = 20  AND `to_uid` = 25 ) OR (  `from_uid` = 25  AND `to_uid` = 20 ) ) ORDER BY `id` ASC [ RunTime:0.001012s ]
[2026-08-18T21:07:39+08:00][sql] CONNECT:[ UseTime:0.018369s ] mysql:host=127.0.0.1;port=3306;dbname=auction;charset=utf8mb4
[2026-08-18T21:07:39+08:00][sql] SHOW FULL COLUMNS FROM `goods` [ RunTime:0.001684s ]
[2026-08-18T21:07:39+08:00][sql] SELECT `id` FROM `goods` WHERE  `status` = 1  AND `end_time` <= 1787058459 [ RunTime:0.000655s ]
[2026-08-18T21:07:39+08:00][sql] SHOW FULL COLUMNS FROM `user` [ RunTime:0.001793s ]
[2026-08-18T21:07:39+08:00][sql] SELECT * FROM `user` WHERE  `id` = 25 LIMIT 1 [ RunTime:0.001132s ]
[2026-08-18T21:07:39+08:00][sql] SHOW FULL COLUMNS FROM `setting` [ RunTime:0.001470s ]
[2026-08-18T21:07:39+08:00][sql] SELECT * FROM `setting` [ RunTime:0.000877s ]
[2026-08-18T21:07:39+08:00][sql] SHOW FULL COLUMNS FROM `message` [ RunTime:0.001439s ]
[2026-08-18T21:07:39+08:00][sql] SELECT * FROM `message` WHERE  `goods_id` = 28  AND `id` > 9  AND (  (  `from_uid` = 25  AND `to_uid` = 20 ) OR (  `from_uid` = 20  AND `to_uid` = 25 ) ) ORDER BY `id` ASC [ RunTime:0.000912s ]
[2026-08-18T21:07:41+08:00][sql] CONNECT:[ UseTime:0.021607s ] mysql:host=127.0.0.1;port=3306;dbname=auction;charset=utf8mb4
[2026-08-18T21:07:41+08:00][sql] SHOW FULL COLUMNS FROM `goods` [ RunTime:0.001737s ]
[2026-08-18T21:07:41+08:00][sql] SELECT `id` FROM `goods` WHERE  `status` = 1  AND `end_time` <= 1787058461 [ RunTime:0.000794s ]
[2026-08-18T21:07:41+08:00][sql] SHOW FULL COLUMNS FROM `user` [ RunTime:0.001452s ]
[2026-08-18T21:07:41+08:00][sql] SELECT * FROM `user` WHERE  `id` = 20 LIMIT 1 [ RunTime:0.000883s ]
[2026-08-18T21:07:41+08:00][sql] SHOW FULL COLUMNS FROM `setting` [ RunTime:0.001319s ]
[2026-08-18T21:07:41+08:00][sql] SELECT * FROM `setting` [ RunTime:0.000685s ]
[2026-08-18T21:07:41+08:00][sql] SHOW FULL COLUMNS FROM `message` [ RunTime:0.001504s ]
[2026-08-18T21:07:41+08:00][sql] SELECT * FROM `message` WHERE  `goods_id` = 28  AND `id` > 9  AND (  (  `from_uid` = 20  AND `to_uid` = 25 ) OR (  `from_uid` = 25  AND `to_uid` = 20 ) ) ORDER BY `id` ASC [ RunTime:0.001127s ]
[2026-08-18T21:07:42+08:00][sql] CONNECT:[ UseTime:0.001882s ] mysql:host=127.0.0.1;port=3306;dbname=auction;charset=utf8mb4
[2026-08-18T21:07:42+08:00][sql] SHOW FULL COLUMNS FROM `goods` [ RunTime:0.001201s ]
[2026-08-18T21:07:42+08:00][sql] SELECT `id` FROM `goods` WHERE  `status` = 1  AND `end_time` <= 1787058462 [ RunTime:0.000794s ]
[2026-08-18T21:07:42+08:00][sql] SHOW FULL COLUMNS FROM `user` [ RunTime:0.001168s ]
[2026-08-18T21:07:42+08:00][sql] SELECT * FROM `user` WHERE  `id` = 25 LIMIT 1 [ RunTime:0.000751s ]
[2026-08-18T21:07:42+08:00][sql] SHOW FULL COLUMNS FROM `setting` [ RunTime:0.001055s ]
[2026-08-18T21:07:42+08:00][sql] SELECT * FROM `setting` [ RunTime:0.000578s ]
[2026-08-18T21:07:42+08:00][sql] SHOW FULL COLUMNS FROM `message` [ RunTime:0.001112s ]
[2026-08-18T21:07:42+08:00][sql] SELECT * FROM `message` WHERE  `goods_id` = 28  AND `id` > 9  AND (  (  `from_uid` = 25  AND `to_uid` = 20 ) OR (  `from_uid` = 20  AND `to_uid` = 25 ) ) ORDER BY `id` ASC [ RunTime:0.001142s ]
[2026-08-18T21:07:44+08:00][sql] CONNECT:[ UseTime:0.002044s ] mysql:host=127.0.0.1;port=3306;dbname=auction;charset=utf8mb4
[2026-08-18T21:07:44+08:00][sql] SHOW FULL COLUMNS FROM `goods` [ RunTime:0.002721s ]
[2026-08-18T21:07:44+08:00][sql] SELECT `id` FROM `goods` WHERE  `status` = 1  AND `end_time` <= 1787058464 [ RunTime:0.001122s ]
[2026-08-18T21:07:44+08:00][sql] SHOW FULL COLUMNS FROM `user` [ RunTime:0.001596s ]
[2026-08-18T21:07:44+08:00][sql] SELECT * FROM `user` WHERE  `id` = 20 LIMIT 1 [ RunTime:0.000924s ]
[2026-08-18T21:07:44+08:00][sql] SHOW FULL COLUMNS FROM `setting` [ RunTime:0.001279s ]
[2026-08-18T21:07:44+08:00][sql] SELECT * FROM `setting` [ RunTime:0.000813s ]
[2026-08-18T21:07:44+08:00][sql] SHOW FULL COLUMNS FROM `message` [ RunTime:0.001528s ]
[2026-08-18T21:07:44+08:00][sql] SELECT * FROM `message` WHERE  `goods_id` = 28  AND `id` > 9  AND (  (  `from_uid` = 20  AND `to_uid` = 25 ) OR (  `from_uid` = 25  AND `to_uid` = 20 ) ) ORDER BY `id` ASC [ RunTime:0.001012s ]
[2026-08-18T21:07:46+08:00][sql] CONNECT:[ UseTime:0.002067s ] mysql:host=127.0.0.1;port=3306;dbname=auction;charset=utf8mb4
[2026-08-18T21:07:46+08:00][sql] SHOW FULL COLUMNS FROM `goods` [ RunTime:0.001482s ]
[2026-08-18T21:07:46+08:00][sql] SELECT `id` FROM `goods` WHERE  `status` = 1  AND `end_time` <= 1787058466 [ RunTime:0.000867s ]
[2026-08-18T21:07:46+08:00][sql] SHOW FULL COLUMNS FROM `user` [ RunTime:0.001678s ]
[2026-08-18T21:07:46+08:00][sql] SELECT * FROM `user` WHERE  `id` = 25 LIMIT 1 [ RunTime:0.001312s ]
[2026-08-18T21:07:46+08:00][sql] SHOW FULL COLUMNS FROM `setting` [ RunTime:0.001630s ]
[2026-08-18T21:07:46+08:00][sql] SELECT * FROM `setting` [ RunTime:0.001185s ]
[2026-08-18T21:07:46+08:00][sql] SHOW FULL COLUMNS FROM `message` [ RunTime:0.001421s ]
[2026-08-18T21:07:46+08:00][sql] SELECT * FROM `message` WHERE  `goods_id` = 28  AND `id` > 9  AND (  (  `from_uid` = 25  AND `to_uid` = 20 ) OR (  `from_uid` = 20  AND `to_uid` = 25 ) ) ORDER BY `id` ASC [ RunTime:0.000873s ]
[2026-08-18T21:07:47+08:00][sql] CONNECT:[ UseTime:0.017437s ] mysql:host=127.0.0.1;port=3306;dbname=auction;charset=utf8mb4
[2026-08-18T21:07:47+08:00][sql] SHOW FULL COLUMNS FROM `goods` [ RunTime:0.001712s ]
[2026-08-18T21:07:47+08:00][sql] SELECT `id` FROM `goods` WHERE  `status` = 1  AND `end_time` <= 1787058467 [ RunTime:0.000886s ]
[2026-08-18T21:07:47+08:00][sql] SHOW FULL COLUMNS FROM `user` [ RunTime:0.001522s ]
[2026-08-18T21:07:47+08:00][sql] SELECT * FROM `user` WHERE  `id` = 20 LIMIT 1 [ RunTime:0.000841s ]
[2026-08-18T21:07:47+08:00][sql] SHOW FULL COLUMNS FROM `setting` [ RunTime:0.001300s ]
[2026-08-18T21:07:47+08:00][sql] SELECT * FROM `setting` [ RunTime:0.000624s ]
[2026-08-18T21:07:47+08:00][sql] SHOW FULL COLUMNS FROM `message` [ RunTime:0.001159s ]
[2026-08-18T21:07:47+08:00][sql] SELECT * FROM `message` WHERE  `goods_id` = 28  AND `id` > 9  AND (  (  `from_uid` = 20  AND `to_uid` = 25 ) OR (  `from_uid` = 25  AND `to_uid` = 20 ) ) ORDER BY `id` ASC [ RunTime:0.000837s ]
[2026-08-18T21:07:49+08:00][sql] CONNECT:[ UseTime:0.001795s ] mysql:host=127.0.0.1;port=3306;dbname=auction;charset=utf8mb4
[2026-08-18T21:07:49+08:00][sql] SHOW FULL COLUMNS FROM `goods` [ RunTime:0.001559s ]
[2026-08-18T21:07:49+08:00][sql] SELECT `id` FROM `goods` WHERE  `status` = 1  AND `end_time` <= 1787058469 [ RunTime:0.000781s ]
[2026-08-18T21:07:49+08:00][sql] SHOW FULL COLUMNS FROM `user` [ RunTime:0.001528s ]
[2026-08-18T21:07:49+08:00][sql] SELECT * FROM `user` WHERE  `id` = 25 LIMIT 1 [ RunTime:0.003554s ]
[2026-08-18T21:07:49+08:00][sql] SHOW FULL COLUMNS FROM `setting` [ RunTime:0.001222s ]
[2026-08-18T21:07:49+08:00][sql] SELECT * FROM `setting` [ RunTime:0.000728s ]
[2026-08-18T21:07:49+08:00][sql] SHOW FULL COLUMNS FROM `message` [ RunTime:0.001106s ]
[2026-08-18T21:07:49+08:00][sql] SELECT * FROM `message` WHERE  `goods_id` = 28  AND `id` > 9  AND (  (  `from_uid` = 25  AND `to_uid` = 20 ) OR (  `from_uid` = 20  AND `to_uid` = 25 ) ) ORDER BY `id` ASC [ RunTime:0.000765s ]
[2026-08-18T21:07:50+08:00][sql] CONNECT:[ UseTime:0.021655s ] mysql:host=127.0.0.1;port=3306;dbname=auction;charset=utf8mb4
[2026-08-18T21:07:50+08:00][sql] SHOW FULL COLUMNS FROM `goods` [ RunTime:0.001503s ]
[2026-08-18T21:07:50+08:00][sql] SELECT `id` FROM `goods` WHERE  `status` = 1  AND `end_time` <= 1787058470 [ RunTime:0.000799s ]
[2026-08-18T21:07:50+08:00][sql] SHOW FULL COLUMNS FROM `user` [ RunTime:0.001413s ]
[2026-08-18T21:07:50+08:00][sql] SELECT * FROM `user` WHERE  `id` = 20 LIMIT 1 [ RunTime:0.000827s ]
[2026-08-18T21:07:50+08:00][sql] SHOW FULL COLUMNS FROM `setting` [ RunTime:0.001136s ]
[2026-08-18T21:07:50+08:00][sql] SELECT * FROM `setting` [ RunTime:0.000648s ]
[2026-08-18T21:07:50+08:00][sql] SHOW FULL COLUMNS FROM `message` [ RunTime:0.001276s ]
[2026-08-18T21:07:50+08:00][sql] SELECT * FROM `message` WHERE  `goods_id` = 28  AND `id` > 9  AND (  (  `from_uid` = 20  AND `to_uid` = 25 ) OR (  `from_uid` = 25  AND `to_uid` = 20 ) ) ORDER BY `id` ASC [ RunTime:0.000963s ]
[2026-08-18T21:07:52+08:00][sql] CONNECT:[ UseTime:0.012088s ] mysql:host=127.0.0.1;port=3306;dbname=auction;charset=utf8mb4
[2026-08-18T21:07:52+08:00][sql] SHOW FULL COLUMNS FROM `goods` [ RunTime:0.001554s ]
[2026-08-18T21:07:52+08:00][sql] SELECT `id` FROM `goods` WHERE  `status` = 1  AND `end_time` <= 1787058472 [ RunTime:0.000979s ]
[2026-08-18T21:07:52+08:00][sql] SHOW FULL COLUMNS FROM `user` [ RunTime:0.001565s ]
[2026-08-18T21:07:52+08:00][sql] SELECT * FROM `user` WHERE  `id` = 25 LIMIT 1 [ RunTime:0.000924s ]
[2026-08-18T21:07:52+08:00][sql] SHOW FULL COLUMNS FROM `setting` [ RunTime:0.001297s ]
[2026-08-18T21:07:52+08:00][sql] SELECT * FROM `setting` [ RunTime:0.000735s ]
[2026-08-18T21:07:52+08:00][sql] SHOW FULL COLUMNS FROM `message` [ RunTime:0.001488s ]
[2026-08-18T21:07:52+08:00][sql] SELECT * FROM `message` WHERE  `goods_id` = 28  AND `id` > 9  AND (  (  `from_uid` = 25  AND `to_uid` = 20 ) OR (  `from_uid` = 20  AND `to_uid` = 25 ) ) ORDER BY `id` ASC [ RunTime:0.000930s ]
[2026-08-18T21:07:53+08:00][sql] CONNECT:[ UseTime:0.022757s ] mysql:host=127.0.0.1;port=3306;dbname=auction;charset=utf8mb4
[2026-08-18T21:07:53+08:00][sql] SHOW FULL COLUMNS FROM `goods` [ RunTime:0.001710s ]
[2026-08-18T21:07:53+08:00][sql] SELECT `id` FROM `goods` WHERE  `status` = 1  AND `end_time` <= 1787058473 [ RunTime:0.001264s ]
[2026-08-18T21:07:53+08:00][sql] SHOW FULL COLUMNS FROM `user` [ RunTime:0.001758s ]
[2026-08-18T21:07:53+08:00][sql] SELECT * FROM `user` WHERE  `id` = 20 LIMIT 1 [ RunTime:0.000823s ]
[2026-08-18T21:07:53+08:00][sql] SHOW FULL COLUMNS FROM `setting` [ RunTime:0.001206s ]
[2026-08-18T21:07:53+08:00][sql] SELECT * FROM `setting` [ RunTime:0.000628s ]
[2026-08-18T21:07:53+08:00][sql] SHOW FULL COLUMNS FROM `message` [ RunTime:0.001227s ]
[2026-08-18T21:07:53+08:00][sql] SELECT * FROM `message` WHERE  `goods_id` = 28  AND `id` > 9  AND (  (  `from_uid` = 20  AND `to_uid` = 25 ) OR (  `from_uid` = 25  AND `to_uid` = 20 ) ) ORDER BY `id` ASC [ RunTime:0.000858s ]
[2026-08-18T21:07:55+08:00][sql] CONNECT:[ UseTime:0.021670s ] mysql:host=127.0.0.1;port=3306;dbname=auction;charset=utf8mb4
[2026-08-18T21:07:55+08:00][sql] SHOW FULL COLUMNS FROM `goods` [ RunTime:0.001575s ]
[2026-08-18T21:07:55+08:00][sql] SELECT `id` FROM `goods` WHERE  `status` = 1  AND `end_time` <= 1787058475 [ RunTime:0.000908s ]
[2026-08-18T21:07:55+08:00][sql] SHOW FULL COLUMNS FROM `user` [ RunTime:0.001551s ]
[2026-08-18T21:07:55+08:00][sql] SELECT * FROM `user` WHERE  `id` = 25 LIMIT 1 [ RunTime:0.000829s ]
[2026-08-18T21:07:55+08:00][sql] SHOW FULL COLUMNS FROM `setting` [ RunTime:0.001140s ]
[2026-08-18T21:07:55+08:00][sql] SELECT * FROM `setting` [ RunTime:0.000737s ]
[2026-08-18T21:07:55+08:00][sql] SHOW FULL COLUMNS FROM `message` [ RunTime:0.001446s ]
[2026-08-18T21:07:55+08:00][sql] SELECT * FROM `message` WHERE  `goods_id` = 28  AND `id` > 9  AND (  (  `from_uid` = 25  AND `to_uid` = 20 ) OR (  `from_uid` = 20  AND `to_uid` = 25 ) ) ORDER BY `id` ASC [ RunTime:0.000947s ]
[2026-08-18T21:07:56+08:00][sql] CONNECT:[ UseTime:0.002244s ] mysql:host=127.0.0.1;port=3306;dbname=auction;charset=utf8mb4
[2026-08-18T21:07:56+08:00][sql] SHOW FULL COLUMNS FROM `goods` [ RunTime:0.001746s ]
[2026-08-18T21:07:56+08:00][sql] SELECT `id` FROM `goods` WHERE  `status` = 1  AND `end_time` <= 1787058476 [ RunTime:0.001036s ]
[2026-08-18T21:07:56+08:00][sql] SHOW FULL COLUMNS FROM `user` [ RunTime:0.001983s ]
[2026-08-18T21:07:56+08:00][sql] SELECT * FROM `user` WHERE  `id` = 20 LIMIT 1 [ RunTime:0.001076s ]
[2026-08-18T21:07:56+08:00][sql] SHOW FULL COLUMNS FROM `setting` [ RunTime:0.001633s ]
[2026-08-18T21:07:56+08:00][sql] SELECT * FROM `setting` [ RunTime:0.000836s ]
[2026-08-18T21:07:56+08:00][sql] SHOW FULL COLUMNS FROM `message` [ RunTime:0.001541s ]
[2026-08-18T21:07:56+08:00][sql] SELECT * FROM `message` WHERE  `goods_id` = 28  AND `id` > 9  AND (  (  `from_uid` = 20  AND `to_uid` = 25 ) OR (  `from_uid` = 25  AND `to_uid` = 20 ) ) ORDER BY `id` ASC [ RunTime:0.000966s ]
[2026-08-18T21:07:58+08:00][sql] CONNECT:[ UseTime:0.002536s ] mysql:host=127.0.0.1;port=3306;dbname=auction;charset=utf8mb4
[2026-08-18T21:07:58+08:00][sql] SHOW FULL COLUMNS FROM `goods` [ RunTime:0.002169s ]
[2026-08-18T21:07:58+08:00][sql] SELECT `id` FROM `goods` WHERE  `status` = 1  AND `end_time` <= 1787058478 [ RunTime:0.001194s ]
[2026-08-18T21:07:58+08:00][sql] SHOW FULL COLUMNS FROM `user` [ RunTime:0.002146s ]
[2026-08-18T21:07:58+08:00][sql] SELECT * FROM `user` WHERE  `id` = 25 LIMIT 1 [ RunTime:0.001762s ]
[2026-08-18T21:07:58+08:00][sql] SHOW FULL COLUMNS FROM `setting` [ RunTime:0.002725s ]
[2026-08-18T21:07:58+08:00][sql] SELECT * FROM `setting` [ RunTime:0.001105s ]
[2026-08-18T21:07:58+08:00][sql] SHOW FULL COLUMNS FROM `message` [ RunTime:0.002014s ]
[2026-08-18T21:07:58+08:00][sql] SELECT * FROM `message` WHERE  `goods_id` = 28  AND `id` > 9  AND (  (  `from_uid` = 25  AND `to_uid` = 20 ) OR (  `from_uid` = 20  AND `to_uid` = 25 ) ) ORDER BY `id` ASC [ RunTime:0.001568s ]
[2026-08-18T21:07:59+08:00][sql] CONNECT:[ UseTime:0.023416s ] mysql:host=127.0.0.1;port=3306;dbname=auction;charset=utf8mb4
[2026-08-18T21:07:59+08:00][sql] SHOW FULL COLUMNS FROM `goods` [ RunTime:0.001654s ]
[2026-08-18T21:07:59+08:00][sql] SELECT `id` FROM `goods` WHERE  `status` = 1  AND `end_time` <= 1787058479 [ RunTime:0.000844s ]
[2026-08-18T21:07:59+08:00][sql] SHOW FULL COLUMNS FROM `user` [ RunTime:0.001577s ]
[2026-08-18T21:07:59+08:00][sql] SELECT * FROM `user` WHERE  `id` = 20 LIMIT 1 [ RunTime:0.000882s ]
[2026-08-18T21:07:59+08:00][sql] SHOW FULL COLUMNS FROM `setting` [ RunTime:0.001345s ]
[2026-08-18T21:07:59+08:00][sql] SELECT * FROM `setting` [ RunTime:0.000756s ]
[2026-08-18T21:07:59+08:00][sql] SHOW FULL COLUMNS FROM `message` [ RunTime:0.001469s ]
[2026-08-18T21:07:59+08:00][sql] SELECT * FROM `message` WHERE  `goods_id` = 28  AND `id` > 9  AND (  (  `from_uid` = 20  AND `to_uid` = 25 ) OR (  `from_uid` = 25  AND `to_uid` = 20 ) ) ORDER BY `id` ASC [ RunTime:0.000915s ]
[2026-08-18T21:08:01+08:00][sql] CONNECT:[ UseTime:0.002253s ] mysql:host=127.0.0.1;port=3306;dbname=auction;charset=utf8mb4
[2026-08-18T21:08:01+08:00][sql] SHOW FULL COLUMNS FROM `goods` [ RunTime:0.001559s ]
[2026-08-18T21:08:01+08:00][sql] SELECT `id` FROM `goods` WHERE  `status` = 1  AND `end_time` <= 1787058481 [ RunTime:0.000816s ]
[2026-08-18T21:08:01+08:00][sql] SHOW FULL COLUMNS FROM `user` [ RunTime:0.001581s ]
[2026-08-18T21:08:01+08:00][sql] SELECT * FROM `user` WHERE  `id` = 25 LIMIT 1 [ RunTime:0.000883s ]
[2026-08-18T21:08:01+08:00][sql] SHOW FULL COLUMNS FROM `setting` [ RunTime:0.001300s ]
[2026-08-18T21:08:01+08:00][sql] SELECT * FROM `setting` [ RunTime:0.000732s ]
[2026-08-18T21:08:01+08:00][sql] SHOW FULL COLUMNS FROM `message` [ RunTime:0.001423s ]
[2026-08-18T21:08:01+08:00][sql] SELECT * FROM `message` WHERE  `goods_id` = 28  AND `id` > 9  AND (  (  `from_uid` = 25  AND `to_uid` = 20 ) OR (  `from_uid` = 20  AND `to_uid` = 25 ) ) ORDER BY `id` ASC [ RunTime:0.001058s ]
[2026-08-18T21:08:02+08:00][sql] CONNECT:[ UseTime:0.020650s ] mysql:host=127.0.0.1;port=3306;dbname=auction;charset=utf8mb4
[2026-08-18T21:08:02+08:00][sql] SHOW FULL COLUMNS FROM `goods` [ RunTime:0.001468s ]
[2026-08-18T21:08:02+08:00][sql] SELECT `id` FROM `goods` WHERE  `status` = 1  AND `end_time` <= 1787058482 [ RunTime:0.000821s ]
[2026-08-18T21:08:02+08:00][sql] SHOW FULL COLUMNS FROM `user` [ RunTime:0.001511s ]
[2026-08-18T21:08:02+08:00][sql] SELECT * FROM `user` WHERE  `id` = 20 LIMIT 1 [ RunTime:0.000924s ]
[2026-08-18T21:08:02+08:00][sql] SHOW FULL COLUMNS FROM `setting` [ RunTime:0.001282s ]
[2026-08-18T21:08:02+08:00][sql] SELECT * FROM `setting` [ RunTime:0.000725s ]
[2026-08-18T21:08:02+08:00][sql] SHOW FULL COLUMNS FROM `message` [ RunTime:0.001419s ]
[2026-08-18T21:08:02+08:00][sql] SELECT * FROM `message` WHERE  `goods_id` = 28  AND `id` > 9  AND (  (  `from_uid` = 20  AND `to_uid` = 25 ) OR (  `from_uid` = 25  AND `to_uid` = 20 ) ) ORDER BY `id` ASC [ RunTime:0.000922s ]
[2026-08-18T21:08:04+08:00][sql] CONNECT:[ UseTime:0.026203s ] mysql:host=127.0.0.1;port=3306;dbname=auction;charset=utf8mb4
[2026-08-18T21:08:04+08:00][sql] SHOW FULL COLUMNS FROM `goods` [ RunTime:0.001856s ]
[2026-08-18T21:08:04+08:00][sql] SELECT `id` FROM `goods` WHERE  `status` = 1  AND `end_time` <= 1787058484 [ RunTime:0.001066s ]
[2026-08-18T21:08:04+08:00][sql] SHOW FULL COLUMNS FROM `user` [ RunTime:0.001591s ]
[2026-08-18T21:08:04+08:00][sql] SELECT * FROM `user` WHERE  `id` = 25 LIMIT 1 [ RunTime:0.000914s ]
[2026-08-18T21:08:04+08:00][sql] SHOW FULL COLUMNS FROM `setting` [ RunTime:0.001278s ]
[2026-08-18T21:08:04+08:00][sql] SELECT * FROM `setting` [ RunTime:0.000776s ]
[2026-08-18T21:08:04+08:00][sql] SHOW FULL COLUMNS FROM `message` [ RunTime:0.001074s ]
[2026-08-18T21:08:04+08:00][sql] SELECT * FROM `message` WHERE  `goods_id` = 28  AND `id` > 9  AND (  (  `from_uid` = 25  AND `to_uid` = 20 ) OR (  `from_uid` = 20  AND `to_uid` = 25 ) ) ORDER BY `id` ASC [ RunTime:0.001033s ]
[2026-08-18T21:08:05+08:00][sql] CONNECT:[ UseTime:0.025971s ] mysql:host=127.0.0.1;port=3306;dbname=auction;charset=utf8mb4
[2026-08-18T21:08:05+08:00][sql] SHOW FULL COLUMNS FROM `goods` [ RunTime:0.001398s ]
[2026-08-18T21:08:05+08:00][sql] SELECT `id` FROM `goods` WHERE  `status` = 1  AND `end_time` <= 1787058485 [ RunTime:0.000807s ]
[2026-08-18T21:08:05+08:00][sql] SHOW FULL COLUMNS FROM `user` [ RunTime:0.001420s ]
[2026-08-18T21:08:05+08:00][sql] SELECT * FROM `user` WHERE  `id` = 20 LIMIT 1 [ RunTime:0.000817s ]
[2026-08-18T21:08:05+08:00][sql] SHOW FULL COLUMNS FROM `setting` [ RunTime:0.001239s ]
[2026-08-18T21:08:05+08:00][sql] SELECT * FROM `setting` [ RunTime:0.000709s ]
[2026-08-18T21:08:05+08:00][sql] SHOW FULL COLUMNS FROM `message` [ RunTime:0.001368s ]
[2026-08-18T21:08:05+08:00][sql] SELECT * FROM `message` WHERE  `goods_id` = 28  AND `id` > 9  AND (  (  `from_uid` = 20  AND `to_uid` = 25 ) OR (  `from_uid` = 25  AND `to_uid` = 20 ) ) ORDER BY `id` ASC [ RunTime:0.000829s ]
[2026-08-18T21:08:07+08:00][sql] CONNECT:[ UseTime:0.001888s ] mysql:host=127.0.0.1;port=3306;dbname=auction;charset=utf8mb4
[2026-08-18T21:08:07+08:00][sql] SHOW FULL COLUMNS FROM `goods` [ RunTime:0.001451s ]
[2026-08-18T21:08:07+08:00][sql] SELECT `id` FROM `goods` WHERE  `status` = 1  AND `end_time` <= 1787058487 [ RunTime:0.000813s ]
[2026-08-18T21:08:07+08:00][sql] SHOW FULL COLUMNS FROM `user` [ RunTime:0.001471s ]
[2026-08-18T21:08:07+08:00][sql] SELECT * FROM `user` WHERE  `id` = 25 LIMIT 1 [ RunTime:0.000849s ]
[2026-08-18T21:08:07+08:00][sql] SHOW FULL COLUMNS FROM `setting` [ RunTime:0.001207s ]
[2026-08-18T21:08:07+08:00][sql] SELECT * FROM `setting` [ RunTime:0.000862s ]
[2026-08-18T21:08:07+08:00][sql] SHOW FULL COLUMNS FROM `message` [ RunTime:0.001416s ]
[2026-08-18T21:08:07+08:00][sql] SELECT * FROM `message` WHERE  `goods_id` = 28  AND `id` > 9  AND (  (  `from_uid` = 25  AND `to_uid` = 20 ) OR (  `from_uid` = 20  AND `to_uid` = 25 ) ) ORDER BY `id` ASC [ RunTime:0.000891s ]
[2026-08-18T21:08:08+08:00][sql] CONNECT:[ UseTime:0.011230s ] mysql:host=127.0.0.1;port=3306;dbname=auction;charset=utf8mb4
[2026-08-18T21:08:08+08:00][sql] SHOW FULL COLUMNS FROM `goods` [ RunTime:0.001563s ]
[2026-08-18T21:08:08+08:00][sql] SELECT `id` FROM `goods` WHERE  `status` = 1  AND `end_time` <= 1787058488 [ RunTime:0.000858s ]
[2026-08-18T21:08:08+08:00][sql] SHOW FULL COLUMNS FROM `user` [ RunTime:0.001342s ]
[2026-08-18T21:08:08+08:00][sql] SELECT * FROM `user` WHERE  `id` = 20 LIMIT 1 [ RunTime:0.000888s ]
[2026-08-18T21:08:08+08:00][sql] SHOW FULL COLUMNS FROM `setting` [ RunTime:0.001314s ]
[2026-08-18T21:08:08+08:00][sql] SELECT * FROM `setting` [ RunTime:0.000787s ]
[2026-08-18T21:08:08+08:00][sql] SHOW FULL COLUMNS FROM `message` [ RunTime:0.001359s ]
[2026-08-18T21:08:08+08:00][sql] SELECT * FROM `message` WHERE  `goods_id` = 28  AND `id` > 9  AND (  (  `from_uid` = 20  AND `to_uid` = 25 ) OR (  `from_uid` = 25  AND `to_uid` = 20 ) ) ORDER BY `id` ASC [ RunTime:0.000969s ]
[2026-08-18T21:08:10+08:00][sql] CONNECT:[ UseTime:0.020296s ] mysql:host=127.0.0.1;port=3306;dbname=auction;charset=utf8mb4
[2026-08-18T21:08:10+08:00][sql] SHOW FULL COLUMNS FROM `goods` [ RunTime:0.001328s ]
[2026-08-18T21:08:10+08:00][sql] SELECT `id` FROM `goods` WHERE  `status` = 1  AND `end_time` <= 1787058490 [ RunTime:0.000703s ]
[2026-08-18T21:08:10+08:00][sql] SHOW FULL COLUMNS FROM `user` [ RunTime:0.001464s ]
[2026-08-18T21:08:10+08:00][sql] SELECT * FROM `user` WHERE  `id` = 25 LIMIT 1 [ RunTime:0.000828s ]
[2026-08-18T21:08:10+08:00][sql] SHOW FULL COLUMNS FROM `setting` [ RunTime:0.001236s ]
[2026-08-18T21:08:10+08:00][sql] SELECT * FROM `setting` [ RunTime:0.000642s ]
[2026-08-18T21:08:10+08:00][sql] SHOW FULL COLUMNS FROM `message` [ RunTime:0.001289s ]
[2026-08-18T21:08:10+08:00][sql] SELECT * FROM `message` WHERE  `goods_id` = 28  AND `id` > 9  AND (  (  `from_uid` = 25  AND `to_uid` = 20 ) OR (  `from_uid` = 20  AND `to_uid` = 25 ) ) ORDER BY `id` ASC [ RunTime:0.000919s ]
[2026-08-18T21:08:11+08:00][sql] CONNECT:[ UseTime:0.002233s ] mysql:host=127.0.0.1;port=3306;dbname=auction;charset=utf8mb4
[2026-08-18T21:08:11+08:00][sql] SHOW FULL COLUMNS FROM `goods` [ RunTime:0.001528s ]
[2026-08-18T21:08:11+08:00][sql] SELECT `id` FROM `goods` WHERE  `status` = 1  AND `end_time` <= 1787058491 [ RunTime:0.000818s ]
[2026-08-18T21:08:11+08:00][sql] SHOW FULL COLUMNS FROM `user` [ RunTime:0.001465s ]
[2026-08-18T21:08:11+08:00][sql] SELECT * FROM `user` WHERE  `id` = 20 LIMIT 1 [ RunTime:0.000703s ]
[2026-08-18T21:08:11+08:00][sql] SHOW FULL COLUMNS FROM `setting` [ RunTime:0.001312s ]
[2026-08-18T21:08:11+08:00][sql] SELECT * FROM `setting` [ RunTime:0.000686s ]
[2026-08-18T21:08:11+08:00][sql] SHOW FULL COLUMNS FROM `message` [ RunTime:0.001220s ]
[2026-08-18T21:08:11+08:00][sql] SELECT * FROM `message` WHERE  `goods_id` = 28  AND `id` > 9  AND (  (  `from_uid` = 20  AND `to_uid` = 25 ) OR (  `from_uid` = 25  AND `to_uid` = 20 ) ) ORDER BY `id` ASC [ RunTime:0.001055s ]
[2026-08-18T21:08:13+08:00][sql] CONNECT:[ UseTime:0.012837s ] mysql:host=127.0.0.1;port=3306;dbname=auction;charset=utf8mb4
[2026-08-18T21:08:13+08:00][sql] SHOW FULL COLUMNS FROM `goods` [ RunTime:0.001618s ]
[2026-08-18T21:08:13+08:00][sql] SELECT `id` FROM `goods` WHERE  `status` = 1  AND `end_time` <= 1787058493 [ RunTime:0.000848s ]
[2026-08-18T21:08:13+08:00][sql] SHOW FULL COLUMNS FROM `user` [ RunTime:0.001557s ]
[2026-08-18T21:08:13+08:00][sql] SELECT * FROM `user` WHERE  `id` = 25 LIMIT 1 [ RunTime:0.000584s ]
[2026-08-18T21:08:13+08:00][sql] SHOW FULL COLUMNS FROM `setting` [ RunTime:0.001443s ]
[2026-08-18T21:08:13+08:00][sql] SELECT * FROM `setting` [ RunTime:0.000752s ]
[2026-08-18T21:08:13+08:00][sql] SHOW FULL COLUMNS FROM `message` [ RunTime:0.001425s ]
[2026-08-18T21:08:13+08:00][sql] SELECT * FROM `message` WHERE  `goods_id` = 28  AND `id` > 9  AND (  (  `from_uid` = 25  AND `to_uid` = 20 ) OR (  `from_uid` = 20  AND `to_uid` = 25 ) ) ORDER BY `id` ASC [ RunTime:0.000987s ]
[2026-08-18T21:08:14+08:00][sql] CONNECT:[ UseTime:0.023292s ] mysql:host=127.0.0.1;port=3306;dbname=auction;charset=utf8mb4
[2026-08-18T21:08:14+08:00][sql] SHOW FULL COLUMNS FROM `goods` [ RunTime:0.001426s ]
[2026-08-18T21:08:14+08:00][sql] SELECT `id` FROM `goods` WHERE  `status` = 1  AND `end_time` <= 1787058494 [ RunTime:0.000753s ]
[2026-08-18T21:08:14+08:00][sql] SHOW FULL COLUMNS FROM `user` [ RunTime:0.001348s ]
[2026-08-18T21:08:14+08:00][sql] SELECT * FROM `user` WHERE  `id` = 20 LIMIT 1 [ RunTime:0.000739s ]
[2026-08-18T21:08:14+08:00][sql] SHOW FULL COLUMNS FROM `setting` [ RunTime:0.001101s ]
[2026-08-18T21:08:14+08:00][sql] SELECT * FROM `setting` [ RunTime:0.000631s ]
[2026-08-18T21:08:14+08:00][sql] SHOW FULL COLUMNS FROM `message` [ RunTime:0.001207s ]
[2026-08-18T21:08:14+08:00][sql] SELECT * FROM `message` WHERE  `goods_id` = 28  AND `id` > 9  AND (  (  `from_uid` = 20  AND `to_uid` = 25 ) OR (  `from_uid` = 25  AND `to_uid` = 20 ) ) ORDER BY `id` ASC [ RunTime:0.000761s ]
[2026-08-18T21:08:16+08:00][sql] CONNECT:[ UseTime:0.018735s ] mysql:host=127.0.0.1;port=3306;dbname=auction;charset=utf8mb4
[2026-08-18T21:08:16+08:00][sql] SHOW FULL COLUMNS FROM `goods` [ RunTime:0.001432s ]
[2026-08-18T21:08:16+08:00][sql] SELECT `id` FROM `goods` WHERE  `status` = 1  AND `end_time` <= 1787058496 [ RunTime:0.000786s ]
[2026-08-18T21:08:16+08:00][sql] SHOW FULL COLUMNS FROM `user` [ RunTime:0.001524s ]
[2026-08-18T21:08:16+08:00][sql] SELECT * FROM `user` WHERE  `id` = 25 LIMIT 1 [ RunTime:0.000837s ]
[2026-08-18T21:08:16+08:00][sql] SHOW FULL COLUMNS FROM `setting` [ RunTime:0.001236s ]
[2026-08-18T21:08:16+08:00][sql] SELECT * FROM `setting` [ RunTime:0.000665s ]
[2026-08-18T21:08:16+08:00][sql] SHOW FULL COLUMNS FROM `message` [ RunTime:0.001336s ]
[2026-08-18T21:08:16+08:00][sql] SELECT * FROM `message` WHERE  `goods_id` = 28  AND `id` > 9  AND (  (  `from_uid` = 25  AND `to_uid` = 20 ) OR (  `from_uid` = 20  AND `to_uid` = 25 ) ) ORDER BY `id` ASC [ RunTime:0.000833s ]
[2026-08-18T21:08:17+08:00][sql] CONNECT:[ UseTime:0.002356s ] mysql:host=127.0.0.1;port=3306;dbname=auction;charset=utf8mb4
[2026-08-18T21:08:17+08:00][sql] SHOW FULL COLUMNS FROM `goods` [ RunTime:0.001445s ]
[2026-08-18T21:08:17+08:00][sql] SELECT `id` FROM `goods` WHERE  `status` = 1  AND `end_time` <= 1787058497 [ RunTime:0.000823s ]
[2026-08-18T21:08:17+08:00][sql] SHOW FULL COLUMNS FROM `user` [ RunTime:0.001580s ]
[2026-08-18T21:08:17+08:00][sql] SELECT * FROM `user` WHERE  `id` = 20 LIMIT 1 [ RunTime:0.000877s ]
[2026-08-18T21:08:17+08:00][sql] SHOW FULL COLUMNS FROM `setting` [ RunTime:0.001258s ]
[2026-08-18T21:08:17+08:00][sql] SELECT * FROM `setting` [ RunTime:0.000723s ]
[2026-08-18T21:08:17+08:00][sql] SHOW FULL COLUMNS FROM `message` [ RunTime:0.001282s ]
[2026-08-18T21:08:17+08:00][sql] SELECT * FROM `message` WHERE  `goods_id` = 28  AND `id` > 9  AND (  (  `from_uid` = 20  AND `to_uid` = 25 ) OR (  `from_uid` = 25  AND `to_uid` = 20 ) ) ORDER BY `id` ASC [ RunTime:0.000952s ]
[2026-08-18T21:08:19+08:00][sql] CONNECT:[ UseTime:0.014931s ] mysql:host=127.0.0.1;port=3306;dbname=auction;charset=utf8mb4
[2026-08-18T21:08:19+08:00][sql] SHOW FULL COLUMNS FROM `goods` [ RunTime:0.001570s ]
[2026-08-18T21:08:19+08:00][sql] SELECT `id` FROM `goods` WHERE  `status` = 1  AND `end_time` <= 1787058499 [ RunTime:0.000649s ]
[2026-08-18T21:08:19+08:00][sql] SHOW FULL COLUMNS FROM `user` [ RunTime:0.001396s ]
[2026-08-18T21:08:19+08:00][sql] SELECT * FROM `user` WHERE  `id` = 25 LIMIT 1 [ RunTime:0.000924s ]
[2026-08-18T21:08:19+08:00][sql] SHOW FULL COLUMNS FROM `setting` [ RunTime:0.001314s ]
[2026-08-18T21:08:19+08:00][sql] SELECT * FROM `setting` [ RunTime:0.000769s ]
[2026-08-18T21:08:19+08:00][sql] SHOW FULL COLUMNS FROM `message` [ RunTime:0.001458s ]
[2026-08-18T21:08:19+08:00][sql] SELECT * FROM `message` WHERE  `goods_id` = 28  AND `id` > 9  AND (  (  `from_uid` = 25  AND `to_uid` = 20 ) OR (  `from_uid` = 20  AND `to_uid` = 25 ) ) ORDER BY `id` ASC [ RunTime:0.000946s ]
[2026-08-18T21:08:20+08:00][sql] CONNECT:[ UseTime:0.002301s ] mysql:host=127.0.0.1;port=3306;dbname=auction;charset=utf8mb4
[2026-08-18T21:08:20+08:00][sql] SHOW FULL COLUMNS FROM `goods` [ RunTime:0.001872s ]
[2026-08-18T21:08:20+08:00][sql] SELECT `id` FROM `goods` WHERE  `status` = 1  AND `end_time` <= 1787058500 [ RunTime:0.002800s ]
[2026-08-18T21:08:20+08:00][sql] SHOW FULL COLUMNS FROM `user` [ RunTime:0.001646s ]
[2026-08-18T21:08:20+08:00][sql] SELECT * FROM `user` WHERE  `id` = 20 LIMIT 1 [ RunTime:0.001034s ]
[2026-08-18T21:08:20+08:00][sql] SHOW FULL COLUMNS FROM `setting` [ RunTime:0.000872s ]
[2026-08-18T21:08:20+08:00][sql] SELECT * FROM `setting` [ RunTime:0.000426s ]
[2026-08-18T21:08:20+08:00][sql] SHOW FULL COLUMNS FROM `message` [ RunTime:0.003274s ]
[2026-08-18T21:08:20+08:00][sql] SELECT * FROM `message` WHERE  `goods_id` = 28  AND `id` > 9  AND (  (  `from_uid` = 20  AND `to_uid` = 25 ) OR (  `from_uid` = 25  AND `to_uid` = 20 ) ) ORDER BY `id` ASC [ RunTime:0.001068s ]
[2026-08-18T21:08:22+08:00][sql] CONNECT:[ UseTime:0.002092s ] mysql:host=127.0.0.1;port=3306;dbname=auction;charset=utf8mb4
[2026-08-18T21:08:22+08:00][sql] SHOW FULL COLUMNS FROM `goods` [ RunTime:0.001393s ]
[2026-08-18T21:08:22+08:00][sql] SELECT `id` FROM `goods` WHERE  `status` = 1  AND `end_time` <= 1787058502 [ RunTime:0.000834s ]
[2026-08-18T21:08:22+08:00][sql] SHOW FULL COLUMNS FROM `user` [ RunTime:0.001085s ]
[2026-08-18T21:08:22+08:00][sql] SELECT * FROM `user` WHERE  `id` = 25 LIMIT 1 [ RunTime:0.000761s ]
[2026-08-18T21:08:22+08:00][sql] SHOW FULL COLUMNS FROM `setting` [ RunTime:0.001194s ]
[2026-08-18T21:08:22+08:00][sql] SELECT * FROM `setting` [ RunTime:0.000681s ]
[2026-08-18T21:08:22+08:00][sql] SHOW FULL COLUMNS FROM `message` [ RunTime:0.000988s ]
[2026-08-18T21:08:22+08:00][sql] SELECT * FROM `message` WHERE  `goods_id` = 28  AND `id` > 9  AND (  (  `from_uid` = 25  AND `to_uid` = 20 ) OR (  `from_uid` = 20  AND `to_uid` = 25 ) ) ORDER BY `id` ASC [ RunTime:0.000702s ]
[2026-08-18T21:08:23+08:00][sql] CONNECT:[ UseTime:0.015595s ] mysql:host=127.0.0.1;port=3306;dbname=auction;charset=utf8mb4
[2026-08-18T21:08:23+08:00][sql] SHOW FULL COLUMNS FROM `goods` [ RunTime:0.001627s ]
[2026-08-18T21:08:23+08:00][sql] SELECT `id` FROM `goods` WHERE  `status` = 1  AND `end_time` <= 1787058503 [ RunTime:0.000854s ]
[2026-08-18T21:08:23+08:00][sql] SHOW FULL COLUMNS FROM `user` [ RunTime:0.001743s ]
[2026-08-18T21:08:23+08:00][sql] SELECT * FROM `user` WHERE  `id` = 20 LIMIT 1 [ RunTime:0.000935s ]
[2026-08-18T21:08:23+08:00][sql] SHOW FULL COLUMNS FROM `setting` [ RunTime:0.001305s ]
[2026-08-18T21:08:23+08:00][sql] SELECT * FROM `setting` [ RunTime:0.000738s ]
[2026-08-18T21:08:23+08:00][sql] SHOW FULL COLUMNS FROM `message` [ RunTime:0.001310s ]
[2026-08-18T21:08:23+08:00][sql] SELECT * FROM `message` WHERE  `goods_id` = 28  AND `id` > 9  AND (  (  `from_uid` = 20  AND `to_uid` = 25 ) OR (  `from_uid` = 25  AND `to_uid` = 20 ) ) ORDER BY `id` ASC [ RunTime:0.001117s ]
[2026-08-18T21:08:25+08:00][sql] CONNECT:[ UseTime:0.021691s ] mysql:host=127.0.0.1;port=3306;dbname=auction;charset=utf8mb4
[2026-08-18T21:08:25+08:00][sql] SHOW FULL COLUMNS FROM `goods` [ RunTime:0.001979s ]
[2026-08-18T21:08:25+08:00][sql] SELECT `id` FROM `goods` WHERE  `status` = 1  AND `end_time` <= 1787058505 [ RunTime:0.001167s ]
[2026-08-18T21:08:25+08:00][sql] SHOW FULL COLUMNS FROM `user` [ RunTime:0.002037s ]
[2026-08-18T21:08:25+08:00][sql] SELECT * FROM `user` WHERE  `id` = 25 LIMIT 1 [ RunTime:0.001187s ]
[2026-08-18T21:08:25+08:00][sql] SHOW FULL COLUMNS FROM `setting` [ RunTime:0.001559s ]
[2026-08-18T21:08:25+08:00][sql] SELECT * FROM `setting` [ RunTime:0.000962s ]
[2026-08-18T21:08:25+08:00][sql] SHOW FULL COLUMNS FROM `message` [ RunTime:0.001776s ]
[2026-08-18T21:08:25+08:00][sql] SELECT * FROM `message` WHERE  `goods_id` = 28  AND `id` > 9  AND (  (  `from_uid` = 25  AND `to_uid` = 20 ) OR (  `from_uid` = 20  AND `to_uid` = 25 ) ) ORDER BY `id` ASC [ RunTime:0.000953s ]
[2026-08-18T21:08:26+08:00][sql] CONNECT:[ UseTime:0.022861s ] mysql:host=127.0.0.1;port=3306;dbname=auction;charset=utf8mb4
[2026-08-18T21:08:26+08:00][sql] SHOW FULL COLUMNS FROM `goods` [ RunTime:0.001213s ]
[2026-08-18T21:08:26+08:00][sql] SELECT `id` FROM `goods` WHERE  `status` = 1  AND `end_time` <= 1787058506 [ RunTime:0.000845s ]
[2026-08-18T21:08:26+08:00][sql] SHOW FULL COLUMNS FROM `user` [ RunTime:0.001462s ]
[2026-08-18T21:08:26+08:00][sql] SELECT * FROM `user` WHERE  `id` = 20 LIMIT 1 [ RunTime:0.000967s ]
[2026-08-18T21:08:26+08:00][sql] SHOW FULL COLUMNS FROM `setting` [ RunTime:0.001251s ]
[2026-08-18T21:08:26+08:00][sql] SELECT * FROM `setting` [ RunTime:0.000639s ]
[2026-08-18T21:08:26+08:00][sql] SHOW FULL COLUMNS FROM `message` [ RunTime:0.001391s ]
[2026-08-18T21:08:26+08:00][sql] SELECT * FROM `message` WHERE  `goods_id` = 28  AND `id` > 9  AND (  (  `from_uid` = 20  AND `to_uid` = 25 ) OR (  `from_uid` = 25  AND `to_uid` = 20 ) ) ORDER BY `id` ASC [ RunTime:0.000870s ]
[2026-08-18T21:08:28+08:00][sql] CONNECT:[ UseTime:0.002047s ] mysql:host=127.0.0.1;port=3306;dbname=auction;charset=utf8mb4
[2026-08-18T21:08:28+08:00][sql] SHOW FULL COLUMNS FROM `goods` [ RunTime:0.001549s ]
[2026-08-18T21:08:28+08:00][sql] SELECT `id` FROM `goods` WHERE  `status` = 1  AND `end_time` <= 1787058508 [ RunTime:0.000838s ]
[2026-08-18T21:08:28+08:00][sql] SHOW FULL COLUMNS FROM `user` [ RunTime:0.001589s ]
[2026-08-18T21:08:28+08:00][sql] SELECT * FROM `user` WHERE  `id` = 25 LIMIT 1 [ RunTime:0.000871s ]
[2026-08-18T21:08:28+08:00][sql] SHOW FULL COLUMNS FROM `setting` [ RunTime:0.001292s ]
[2026-08-18T21:08:28+08:00][sql] SELECT * FROM `setting` [ RunTime:0.000772s ]
[2026-08-18T21:08:28+08:00][sql] SHOW FULL COLUMNS FROM `message` [ RunTime:0.001268s ]
[2026-08-18T21:08:28+08:00][sql] SELECT * FROM `message` WHERE  `goods_id` = 28  AND `id` > 9  AND (  (  `from_uid` = 25  AND `to_uid` = 20 ) OR (  `from_uid` = 20  AND `to_uid` = 25 ) ) ORDER BY `id` ASC [ RunTime:0.000860s ]
[2026-08-18T21:08:29+08:00][sql] CONNECT:[ UseTime:0.002032s ] mysql:host=127.0.0.1;port=3306;dbname=auction;charset=utf8mb4
[2026-08-18T21:08:29+08:00][sql] SHOW FULL COLUMNS FROM `goods` [ RunTime:0.001461s ]
[2026-08-18T21:08:29+08:00][sql] SELECT `id` FROM `goods` WHERE  `status` = 1  AND `end_time` <= 1787058509 [ RunTime:0.001232s ]
[2026-08-18T21:08:29+08:00][sql] SHOW FULL COLUMNS FROM `user` [ RunTime:0.002076s ]
[2026-08-18T21:08:29+08:00][sql] SELECT * FROM `user` WHERE  `id` = 20 LIMIT 1 [ RunTime:0.000980s ]
[2026-08-18T21:08:29+08:00][sql] SHOW FULL COLUMNS FROM `setting` [ RunTime:0.001148s ]
[2026-08-18T21:08:29+08:00][sql] SELECT * FROM `setting` [ RunTime:0.000742s ]
[2026-08-18T21:08:29+08:00][sql] SHOW FULL COLUMNS FROM `message` [ RunTime:0.001870s ]
[2026-08-18T21:08:29+08:00][sql] SELECT * FROM `message` WHERE  `goods_id` = 28  AND `id` > 9  AND (  (  `from_uid` = 20  AND `to_uid` = 25 ) OR (  `from_uid` = 25  AND `to_uid` = 20 ) ) ORDER BY `id` ASC [ RunTime:0.000888s ]
[2026-08-18T21:08:31+08:00][sql] CONNECT:[ UseTime:0.001860s ] mysql:host=127.0.0.1;port=3306;dbname=auction;charset=utf8mb4
[2026-08-18T21:08:31+08:00][sql] SHOW FULL COLUMNS FROM `goods` [ RunTime:0.001410s ]
[2026-08-18T21:08:31+08:00][sql] SELECT `id` FROM `goods` WHERE  `status` = 1  AND `end_time` <= 1787058511 [ RunTime:0.000960s ]
[2026-08-18T21:08:31+08:00][sql] SHOW FULL COLUMNS FROM `user` [ RunTime:0.001025s ]
[2026-08-18T21:08:31+08:00][sql] SELECT * FROM `user` WHERE  `id` = 25 LIMIT 1 [ RunTime:0.000573s ]
[2026-08-18T21:08:31+08:00][sql] SHOW FULL COLUMNS FROM `setting` [ RunTime:0.001001s ]
[2026-08-18T21:08:31+08:00][sql] SELECT * FROM `setting` [ RunTime:0.000686s ]
[2026-08-18T21:08:31+08:00][sql] SHOW FULL COLUMNS FROM `message` [ RunTime:0.001459s ]
[2026-08-18T21:08:31+08:00][sql] SELECT * FROM `message` WHERE  `goods_id` = 28  AND `id` > 9  AND (  (  `from_uid` = 25  AND `to_uid` = 20 ) OR (  `from_uid` = 20  AND `to_uid` = 25 ) ) ORDER BY `id` ASC [ RunTime:0.000887s ]
[2026-08-18T21:08:32+08:00][sql] CONNECT:[ UseTime:0.002012s ] mysql:host=127.0.0.1;port=3306;dbname=auction;charset=utf8mb4
[2026-08-18T21:08:32+08:00][sql] SHOW FULL COLUMNS FROM `goods` [ RunTime:0.001588s ]
[2026-08-18T21:08:32+08:00][sql] SELECT `id` FROM `goods` WHERE  `status` = 1  AND `end_time` <= 1787058512 [ RunTime:0.000920s ]
[2026-08-18T21:08:32+08:00][sql] SHOW FULL COLUMNS FROM `user` [ RunTime:0.001489s ]
[2026-08-18T21:08:32+08:00][sql] SELECT * FROM `user` WHERE  `id` = 20 LIMIT 1 [ RunTime:0.000982s ]
[2026-08-18T21:08:32+08:00][sql] SHOW FULL COLUMNS FROM `setting` [ RunTime:0.001216s ]
[2026-08-18T21:08:32+08:00][sql] SELECT * FROM `setting` [ RunTime:0.000709s ]
[2026-08-18T21:08:32+08:00][sql] SHOW FULL COLUMNS FROM `message` [ RunTime:0.001387s ]
[2026-08-18T21:08:32+08:00][sql] SELECT * FROM `message` WHERE  `goods_id` = 28  AND `id` > 9  AND (  (  `from_uid` = 20  AND `to_uid` = 25 ) OR (  `from_uid` = 25  AND `to_uid` = 20 ) ) ORDER BY `id` ASC [ RunTime:0.001058s ]
[2026-08-18T21:08:34+08:00][sql] CONNECT:[ UseTime:0.008793s ] mysql:host=127.0.0.1;port=3306;dbname=auction;charset=utf8mb4
[2026-08-18T21:08:34+08:00][sql] SHOW FULL COLUMNS FROM `goods` [ RunTime:0.001451s ]
[2026-08-18T21:08:34+08:00][sql] SELECT `id` FROM `goods` WHERE  `status` = 1  AND `end_time` <= 1787058514 [ RunTime:0.000786s ]
[2026-08-18T21:08:34+08:00][sql] SHOW FULL COLUMNS FROM `user` [ RunTime:0.001677s ]
[2026-08-18T21:08:34+08:00][sql] SELECT * FROM `user` WHERE  `id` = 25 LIMIT 1 [ RunTime:0.000904s ]
[2026-08-18T21:08:34+08:00][sql] SHOW FULL COLUMNS FROM `setting` [ RunTime:0.001263s ]
[2026-08-18T21:08:34+08:00][sql] SELECT * FROM `setting` [ RunTime:0.000687s ]
[2026-08-18T21:08:34+08:00][sql] SHOW FULL COLUMNS FROM `message` [ RunTime:0.001333s ]
[2026-08-18T21:08:34+08:00][sql] SELECT * FROM `message` WHERE  `goods_id` = 28  AND `id` > 9  AND (  (  `from_uid` = 25  AND `to_uid` = 20 ) OR (  `from_uid` = 20  AND `to_uid` = 25 ) ) ORDER BY `id` ASC [ RunTime:0.000881s ]
[2026-08-18T21:08:36+08:00][sql] CONNECT:[ UseTime:0.005594s ] mysql:host=127.0.0.1;port=3306;dbname=auction;charset=utf8mb4
[2026-08-18T21:08:36+08:00][sql] SHOW FULL COLUMNS FROM `goods` [ RunTime:0.004328s ]
[2026-08-18T21:08:36+08:00][sql] SELECT `id` FROM `goods` WHERE  `status` = 1  AND `end_time` <= 1787058516 [ RunTime:0.000752s ]
[2026-08-18T21:08:36+08:00][sql] SHOW FULL COLUMNS FROM `user` [ RunTime:0.001378s ]
[2026-08-18T21:08:36+08:00][sql] SELECT * FROM `user` WHERE  `id` = 20 LIMIT 1 [ RunTime:0.001165s ]
[2026-08-18T21:08:36+08:00][sql] SHOW FULL COLUMNS FROM `setting` [ RunTime:0.001234s ]
[2026-08-18T21:08:36+08:00][sql] SELECT * FROM `setting` [ RunTime:0.000638s ]
[2026-08-18T21:08:36+08:00][sql] SHOW FULL COLUMNS FROM `message` [ RunTime:0.001241s ]
[2026-08-18T21:08:36+08:00][sql] SELECT * FROM `message` WHERE  `goods_id` = 28  AND `id` > 9  AND (  (  `from_uid` = 20  AND `to_uid` = 25 ) OR (  `from_uid` = 25  AND `to_uid` = 20 ) ) ORDER BY `id` ASC [ RunTime:0.001066s ]
[2026-08-18T21:08:37+08:00][sql] CONNECT:[ UseTime:0.011301s ] mysql:host=127.0.0.1;port=3306;dbname=auction;charset=utf8mb4
[2026-08-18T21:08:37+08:00][sql] SHOW FULL COLUMNS FROM `goods` [ RunTime:0.001788s ]
[2026-08-18T21:08:37+08:00][sql] SELECT `id` FROM `goods` WHERE  `status` = 1  AND `end_time` <= 1787058517 [ RunTime:0.001093s ]
[2026-08-18T21:08:37+08:00][sql] SHOW FULL COLUMNS FROM `user` [ RunTime:0.001904s ]
[2026-08-18T21:08:37+08:00][sql] SELECT * FROM `user` WHERE  `id` = 25 LIMIT 1 [ RunTime:0.001174s ]
[2026-08-18T21:08:37+08:00][sql] SHOW FULL COLUMNS FROM `setting` [ RunTime:0.001539s ]
[2026-08-18T21:08:37+08:00][sql] SELECT * FROM `setting` [ RunTime:0.000923s ]
[2026-08-18T21:08:37+08:00][sql] SHOW FULL COLUMNS FROM `message` [ RunTime:0.001796s ]
[2026-08-18T21:08:37+08:00][sql] SELECT * FROM `message` WHERE  `goods_id` = 28  AND `id` > 9  AND (  (  `from_uid` = 25  AND `to_uid` = 20 ) OR (  `from_uid` = 20  AND `to_uid` = 25 ) ) ORDER BY `id` ASC [ RunTime:0.001224s ]
[2026-08-18T21:08:38+08:00][sql] CONNECT:[ UseTime:0.002312s ] mysql:host=127.0.0.1;port=3306;dbname=auction;charset=utf8mb4
[2026-08-18T21:08:38+08:00][sql] SHOW FULL COLUMNS FROM `goods` [ RunTime:0.001268s ]
[2026-08-18T21:08:38+08:00][sql] SELECT `id` FROM `goods` WHERE  `status` = 1  AND `end_time` <= 1787058518 [ RunTime:0.000678s ]
[2026-08-18T21:08:38+08:00][sql] SHOW FULL COLUMNS FROM `user` [ RunTime:0.001186s ]
[2026-08-18T21:08:38+08:00][sql] SELECT * FROM `user` WHERE  `id` = 20 LIMIT 1 [ RunTime:0.000715s ]
[2026-08-18T21:08:38+08:00][sql] SHOW FULL COLUMNS FROM `setting` [ RunTime:0.001292s ]
[2026-08-18T21:08:38+08:00][sql] SELECT * FROM `setting` [ RunTime:0.000625s ]
[2026-08-18T21:08:38+08:00][sql] SHOW FULL COLUMNS FROM `message` [ RunTime:0.001083s ]
[2026-08-18T21:08:38+08:00][sql] SELECT * FROM `message` WHERE  `goods_id` = 28  AND `id` > 9  AND (  (  `from_uid` = 20  AND `to_uid` = 25 ) OR (  `from_uid` = 25  AND `to_uid` = 20 ) ) ORDER BY `id` ASC [ RunTime:0.000850s ]
[2026-08-18T21:08:40+08:00][sql] CONNECT:[ UseTime:0.001654s ] mysql:host=127.0.0.1;port=3306;dbname=auction;charset=utf8mb4
[2026-08-18T21:08:40+08:00][sql] SHOW FULL COLUMNS FROM `goods` [ RunTime:0.001363s ]
[2026-08-18T21:08:40+08:00][sql] SELECT `id` FROM `goods` WHERE  `status` = 1  AND `end_time` <= 1787058520 [ RunTime:0.000705s ]
[2026-08-18T21:08:40+08:00][sql] SHOW FULL COLUMNS FROM `user` [ RunTime:0.001459s ]
[2026-08-18T21:08:40+08:00][sql] SELECT * FROM `user` WHERE  `id` = 25 LIMIT 1 [ RunTime:0.000836s ]
[2026-08-18T21:08:40+08:00][sql] SHOW FULL COLUMNS FROM `setting` [ RunTime:0.001221s ]
[2026-08-18T21:08:40+08:00][sql] SELECT * FROM `setting` [ RunTime:0.000769s ]
[2026-08-18T21:08:40+08:00][sql] SHOW FULL COLUMNS FROM `message` [ RunTime:0.001230s ]
[2026-08-18T21:08:40+08:00][sql] SELECT * FROM `message` WHERE  `goods_id` = 28  AND `id` > 9  AND (  (  `from_uid` = 25  AND `to_uid` = 20 ) OR (  `from_uid` = 20  AND `to_uid` = 25 ) ) ORDER BY `id` ASC [ RunTime:0.001120s ]
[2026-08-18T21:08:41+08:00][sql] CONNECT:[ UseTime:0.015393s ] mysql:host=127.0.0.1;port=3306;dbname=auction;charset=utf8mb4
[2026-08-18T21:08:41+08:00][sql] SHOW FULL COLUMNS FROM `goods` [ RunTime:0.002136s ]
[2026-08-18T21:08:41+08:00][sql] SELECT `id` FROM `goods` WHERE  `status` = 1  AND `end_time` <= 1787058521 [ RunTime:0.001084s ]
[2026-08-18T21:08:41+08:00][sql] SHOW FULL COLUMNS FROM `user` [ RunTime:0.001942s ]
[2026-08-18T21:08:41+08:00][sql] SELECT * FROM `user` WHERE  `id` = 20 LIMIT 1 [ RunTime:0.001159s ]
[2026-08-18T21:08:41+08:00][sql] SHOW FULL COLUMNS FROM `setting` [ RunTime:0.001680s ]
[2026-08-18T21:08:41+08:00][sql] SELECT * FROM `setting` [ RunTime:0.000897s ]
[2026-08-18T21:08:41+08:00][sql] SHOW FULL COLUMNS FROM `message` [ RunTime:0.001559s ]
[2026-08-18T21:08:41+08:00][sql] SELECT * FROM `message` WHERE  `goods_id` = 28  AND `id` > 9  AND (  (  `from_uid` = 20  AND `to_uid` = 25 ) OR (  `from_uid` = 25  AND `to_uid` = 20 ) ) ORDER BY `id` ASC [ RunTime:0.001218s ]
[2026-08-18T21:08:43+08:00][sql] CONNECT:[ UseTime:0.013053s ] mysql:host=127.0.0.1;port=3306;dbname=auction;charset=utf8mb4
[2026-08-18T21:08:43+08:00][sql] SHOW FULL COLUMNS FROM `goods` [ RunTime:0.001931s ]
[2026-08-18T21:08:43+08:00][sql] SELECT `id` FROM `goods` WHERE  `status` = 1  AND `end_time` <= 1787058523 [ RunTime:0.001008s ]
[2026-08-18T21:08:43+08:00][sql] SHOW FULL COLUMNS FROM `user` [ RunTime:0.002002s ]
[2026-08-18T21:08:43+08:00][sql] SELECT * FROM `user` WHERE  `id` = 25 LIMIT 1 [ RunTime:0.001039s ]
[2026-08-18T21:08:43+08:00][sql] SHOW FULL COLUMNS FROM `setting` [ RunTime:0.001502s ]
[2026-08-18T21:08:43+08:00][sql] SELECT * FROM `setting` [ RunTime:0.000842s ]
[2026-08-18T21:08:43+08:00][sql] SHOW FULL COLUMNS FROM `message` [ RunTime:0.001866s ]
[2026-08-18T21:08:43+08:00][sql] SELECT * FROM `message` WHERE  `goods_id` = 28  AND `id` > 9  AND (  (  `from_uid` = 25  AND `to_uid` = 20 ) OR (  `from_uid` = 20  AND `to_uid` = 25 ) ) ORDER BY `id` ASC [ RunTime:0.001146s ]
[2026-08-18T21:08:44+08:00][sql] CONNECT:[ UseTime:0.013729s ] mysql:host=127.0.0.1;port=3306;dbname=auction;charset=utf8mb4
[2026-08-18T21:08:44+08:00][sql] SHOW FULL COLUMNS FROM `goods` [ RunTime:0.001991s ]
[2026-08-18T21:08:44+08:00][sql] SELECT `id` FROM `goods` WHERE  `status` = 1  AND `end_time` <= 1787058524 [ RunTime:0.001060s ]
[2026-08-18T21:08:44+08:00][sql] SHOW FULL COLUMNS FROM `user` [ RunTime:0.001889s ]
[2026-08-18T21:08:44+08:00][sql] SELECT * FROM `user` WHERE  `id` = 20 LIMIT 1 [ RunTime:0.001192s ]
[2026-08-18T21:08:44+08:00][sql] SHOW FULL COLUMNS FROM `setting` [ RunTime:0.001650s ]
[2026-08-18T21:08:44+08:00][sql] SELECT * FROM `setting` [ RunTime:0.000970s ]
[2026-08-18T21:08:44+08:00][sql] SHOW FULL COLUMNS FROM `message` [ RunTime:0.001671s ]
[2026-08-18T21:08:44+08:00][sql] SELECT * FROM `message` WHERE  `goods_id` = 28  AND `id` > 9  AND (  (  `from_uid` = 20  AND `to_uid` = 25 ) OR (  `from_uid` = 25  AND `to_uid` = 20 ) ) ORDER BY `id` ASC [ RunTime:0.001090s ]
[2026-08-18T21:09:03+08:00][sql] CONNECT:[ UseTime:0.002027s ] mysql:host=127.0.0.1;port=3306;dbname=auction;charset=utf8mb4
[2026-08-18T21:09:03+08:00][sql] SHOW FULL COLUMNS FROM `goods` [ RunTime:0.001515s ]
[2026-08-18T21:09:03+08:00][sql] SELECT `id` FROM `goods` WHERE  `status` = 1  AND `end_time` <= 1787058543 [ RunTime:0.000853s ]
[2026-08-18T21:09:03+08:00][sql] SHOW FULL COLUMNS FROM `user` [ RunTime:0.001404s ]
[2026-08-18T21:09:03+08:00][sql] SELECT * FROM `user` WHERE  `id` = 25 LIMIT 1 [ RunTime:0.000814s ]
[2026-08-18T21:09:03+08:00][sql] SHOW FULL COLUMNS FROM `setting` [ RunTime:0.001239s ]
[2026-08-18T21:09:03+08:00][sql] SELECT * FROM `setting` [ RunTime:0.000661s ]
[2026-08-18T21:09:03+08:00][sql] SHOW FULL COLUMNS FROM `message` [ RunTime:0.001403s ]
[2026-08-18T21:09:03+08:00][sql] SELECT * FROM `message` WHERE  `goods_id` = 28  AND `id` > 9  AND (  (  `from_uid` = 25  AND `to_uid` = 20 ) OR (  `from_uid` = 20  AND `to_uid` = 25 ) ) ORDER BY `id` ASC [ RunTime:0.001024s ]
[2026-08-18T21:09:03+08:00][sql] CONNECT:[ UseTime:0.014279s ] mysql:host=127.0.0.1;port=3306;dbname=auction;charset=utf8mb4
[2026-08-18T21:09:03+08:00][sql] SHOW FULL COLUMNS FROM `goods` [ RunTime:0.002175s ]
[2026-08-18T21:09:03+08:00][sql] SELECT `id` FROM `goods` WHERE  `status` = 1  AND `end_time` <= 1787058543 [ RunTime:0.000891s ]
[2026-08-18T21:09:03+08:00][sql] SHOW FULL COLUMNS FROM `user` [ RunTime:0.001791s ]
[2026-08-18T21:09:03+08:00][sql] SELECT * FROM `user` WHERE  `id` = 20 LIMIT 1 [ RunTime:0.000966s ]
[2026-08-18T21:09:03+08:00][sql] SHOW FULL COLUMNS FROM `setting` [ RunTime:0.001085s ]
[2026-08-18T21:09:03+08:00][sql] SELECT * FROM `setting` [ RunTime:0.000623s ]
[2026-08-18T21:09:03+08:00][sql] SHOW FULL COLUMNS FROM `message` [ RunTime:0.001132s ]
[2026-08-18T21:09:03+08:00][sql] SELECT * FROM `message` WHERE  `goods_id` = 28  AND `id` > 9  AND (  (  `from_uid` = 20  AND `to_uid` = 25 ) OR (  `from_uid` = 25  AND `to_uid` = 20 ) ) ORDER BY `id` ASC [ RunTime:0.000756s ]
[2026-08-18T21:09:16+08:00][sql] CONNECT:[ UseTime:0.018999s ] mysql:host=127.0.0.1;port=3306;dbname=auction;charset=utf8mb4
[2026-08-18T21:09:16+08:00][sql] SHOW FULL COLUMNS FROM `goods` [ RunTime:0.002210s ]
[2026-08-18T21:09:16+08:00][sql] SELECT `id` FROM `goods` WHERE  `status` = 1  AND `end_time` <= 1787058556 [ RunTime:0.000820s ]
[2026-08-18T21:09:16+08:00][sql] SHOW FULL COLUMNS FROM `user` [ RunTime:0.001926s ]
[2026-08-18T21:09:16+08:00][sql] SELECT * FROM `user` WHERE  `id` = 25 LIMIT 1 [ RunTime:0.001038s ]
[2026-08-18T21:09:16+08:00][sql] SHOW FULL COLUMNS FROM `setting` [ RunTime:0.001509s ]
[2026-08-18T21:09:16+08:00][sql] SELECT * FROM `setting` [ RunTime:0.000847s ]
[2026-08-18T21:09:16+08:00][sql] SHOW FULL COLUMNS FROM `message` [ RunTime:0.001646s ]
[2026-08-18T21:09:16+08:00][sql] SELECT * FROM `message` WHERE  `goods_id` = 28  AND `id` > 9  AND (  (  `from_uid` = 25  AND `to_uid` = 20 ) OR (  `from_uid` = 20  AND `to_uid` = 25 ) ) ORDER BY `id` ASC [ RunTime:0.001136s ]
[2026-08-18T21:09:18+08:00][sql] CONNECT:[ UseTime:0.009903s ] mysql:host=127.0.0.1;port=3306;dbname=auction;charset=utf8mb4
[2026-08-18T21:09:18+08:00][sql] SHOW FULL COLUMNS FROM `goods` [ RunTime:0.002114s ]
[2026-08-18T21:09:18+08:00][sql] SELECT `id` FROM `goods` WHERE  `status` = 1  AND `end_time` <= 1787058558 [ RunTime:0.001296s ]
[2026-08-18T21:09:18+08:00][sql] SHOW FULL COLUMNS FROM `user` [ RunTime:0.002126s ]
[2026-08-18T21:09:18+08:00][sql] SELECT * FROM `user` WHERE  `id` = 25 LIMIT 1 [ RunTime:0.000930s ]
[2026-08-18T21:09:18+08:00][sql] SHOW FULL COLUMNS FROM `setting` [ RunTime:0.001233s ]
[2026-08-18T21:09:18+08:00][sql] SELECT * FROM `setting` [ RunTime:0.000913s ]
[2026-08-18T21:09:18+08:00][sql] SHOW FULL COLUMNS FROM `message` [ RunTime:0.001618s ]
[2026-08-18T21:09:18+08:00][sql] SELECT * FROM `message` WHERE  `goods_id` = 28  AND `id` > 9  AND (  (  `from_uid` = 25  AND `to_uid` = 20 ) OR (  `from_uid` = 20  AND `to_uid` = 25 ) ) ORDER BY `id` ASC [ RunTime:0.001206s ]
[2026-08-18T21:09:18+08:00][sql] CONNECT:[ UseTime:0.002557s ] mysql:host=127.0.0.1;port=3306;dbname=auction;charset=utf8mb4
[2026-08-18T21:09:18+08:00][sql] SHOW FULL COLUMNS FROM `goods` [ RunTime:0.002037s ]
[2026-08-18T21:09:18+08:00][sql] SELECT `id` FROM `goods` WHERE  `status` = 1  AND `end_time` <= 1787058558 [ RunTime:0.001027s ]
[2026-08-18T21:09:18+08:00][sql] SHOW FULL COLUMNS FROM `user` [ RunTime:0.001855s ]
[2026-08-18T21:09:18+08:00][sql] SELECT * FROM `user` WHERE  `id` = 25 LIMIT 1 [ RunTime:0.001029s ]
[2026-08-18T21:09:18+08:00][sql] SHOW FULL COLUMNS FROM `setting` [ RunTime:0.001738s ]
[2026-08-18T21:09:18+08:00][sql] SELECT * FROM `setting` [ RunTime:0.001144s ]
[2026-08-18T21:09:18+08:00][sql] SELECT * FROM `goods` WHERE  `id` = 28  AND `status` = 1 LIMIT 1 [ RunTime:0.001112s ]
[2026-08-18T21:09:18+08:00][sql] SELECT * FROM `user` WHERE  `id` = 20 LIMIT 1 [ RunTime:0.001099s ]
[2026-08-18T21:09:18+08:00][sql] SHOW FULL COLUMNS FROM `message` [ RunTime:0.001603s ]
[2026-08-18T21:09:18+08:00][sql] SELECT * FROM `message` WHERE  `goods_id` = 28  AND (  (  `from_uid` = 25  AND `to_uid` = 20 ) OR (  `from_uid` = 20  AND `to_uid` = 25 ) ) ORDER BY `id` ASC [ RunTime:0.001226s ]
[2026-08-18T21:09:18+08:00][sql] UPDATE `message`  SET `is_read` = 1  WHERE  `goods_id` = 28  AND `from_uid` = 20  AND `to_uid` = 25  AND `is_read` = 0 [ RunTime:0.000991s ]
[2026-08-18T21:09:22+08:00][sql] CONNECT:[ UseTime:0.018886s ] mysql:host=127.0.0.1;port=3306;dbname=auction;charset=utf8mb4
[2026-08-18T21:09:22+08:00][sql] SHOW FULL COLUMNS FROM `goods` [ RunTime:0.001750s ]
[2026-08-18T21:09:22+08:00][sql] SELECT `id` FROM `goods` WHERE  `status` = 1  AND `end_time` <= 1787058562 [ RunTime:0.000781s ]
[2026-08-18T21:09:22+08:00][sql] SHOW FULL COLUMNS FROM `user` [ RunTime:0.001450s ]
[2026-08-18T21:09:22+08:00][sql] SELECT * FROM `user` WHERE  `id` = 25 LIMIT 1 [ RunTime:0.000812s ]
[2026-08-18T21:09:22+08:00][sql] SHOW FULL COLUMNS FROM `setting` [ RunTime:0.001282s ]
[2026-08-18T21:09:22+08:00][sql] SELECT * FROM `setting` [ RunTime:0.000686s ]
[2026-08-18T21:09:22+08:00][sql] SHOW FULL COLUMNS FROM `message` [ RunTime:0.001275s ]
[2026-08-18T21:09:22+08:00][sql] SELECT * FROM `message` WHERE  `goods_id` = 28  AND `id` > 9  AND (  (  `from_uid` = 25  AND `to_uid` = 20 ) OR (  `from_uid` = 20  AND `to_uid` = 25 ) ) ORDER BY `id` ASC [ RunTime:0.000880s ]
[2026-08-18T21:09:25+08:00][sql] CONNECT:[ UseTime:0.018194s ] mysql:host=127.0.0.1;port=3306;dbname=auction;charset=utf8mb4
[2026-08-18T21:09:25+08:00][sql] SHOW FULL COLUMNS FROM `goods` [ RunTime:0.002134s ]
[2026-08-18T21:09:25+08:00][sql] SELECT `id` FROM `goods` WHERE  `status` = 1  AND `end_time` <= 1787058565 [ RunTime:0.000704s ]
[2026-08-18T21:09:25+08:00][sql] SHOW FULL COLUMNS FROM `user` [ RunTime:0.001075s ]
[2026-08-18T21:09:25+08:00][sql] SELECT * FROM `user` WHERE  `id` = 25 LIMIT 1 [ RunTime:0.001055s ]
[2026-08-18T21:09:25+08:00][sql] SHOW FULL COLUMNS FROM `setting` [ RunTime:0.001480s ]
[2026-08-18T21:09:25+08:00][sql] SELECT * FROM `setting` [ RunTime:0.000885s ]
[2026-08-18T21:09:25+08:00][sql] SHOW FULL COLUMNS FROM `message` [ RunTime:0.001292s ]
[2026-08-18T21:09:25+08:00][sql] SELECT * FROM `message` WHERE  `goods_id` = 28  AND `id` > 9  AND (  (  `from_uid` = 25  AND `to_uid` = 20 ) OR (  `from_uid` = 20  AND `to_uid` = 25 ) ) ORDER BY `id` ASC [ RunTime:0.000875s ]
[2026-08-18T21:09:27+08:00][sql] CONNECT:[ UseTime:0.001807s ] mysql:host=127.0.0.1;port=3306;dbname=auction;charset=utf8mb4
[2026-08-18T21:09:27+08:00][sql] SHOW FULL COLUMNS FROM `goods` [ RunTime:0.001255s ]
[2026-08-18T21:09:27+08:00][sql] SELECT `id` FROM `goods` WHERE  `status` = 1  AND `end_time` <= 1787058567 [ RunTime:0.000729s ]
[2026-08-18T21:09:27+08:00][sql] SHOW FULL COLUMNS FROM `user` [ RunTime:0.000980s ]
[2026-08-18T21:09:27+08:00][sql] SELECT * FROM `user` WHERE  `id` = 25 LIMIT 1 [ RunTime:0.000726s ]
[2026-08-18T21:09:27+08:00][sql] SHOW FULL COLUMNS FROM `setting` [ RunTime:0.001168s ]
[2026-08-18T21:09:27+08:00][sql] SELECT * FROM `setting` [ RunTime:0.000415s ]
[2026-08-18T21:09:27+08:00][sql] SHOW FULL COLUMNS FROM `message` [ RunTime:0.001435s ]
[2026-08-18T21:09:27+08:00][sql] SELECT * FROM `message` WHERE  `goods_id` = 28  AND `id` > 9  AND (  (  `from_uid` = 25  AND `to_uid` = 20 ) OR (  `from_uid` = 20  AND `to_uid` = 25 ) ) ORDER BY `id` ASC [ RunTime:0.000867s ]
[2026-08-18T21:09:31+08:00][sql] CONNECT:[ UseTime:0.013346s ] mysql:host=127.0.0.1;port=3306;dbname=auction;charset=utf8mb4
[2026-08-18T21:09:31+08:00][sql] SHOW FULL COLUMNS FROM `goods` [ RunTime:0.001455s ]
[2026-08-18T21:09:31+08:00][sql] SELECT `id` FROM `goods` WHERE  `status` = 1  AND `end_time` <= 1787058571 [ RunTime:0.000787s ]
[2026-08-18T21:09:31+08:00][sql] SHOW FULL COLUMNS FROM `user` [ RunTime:0.001325s ]
[2026-08-18T21:09:31+08:00][sql] SELECT * FROM `user` WHERE  `id` = 25 LIMIT 1 [ RunTime:0.000773s ]
[2026-08-18T21:09:31+08:00][sql] SHOW FULL COLUMNS FROM `setting` [ RunTime:0.001361s ]
[2026-08-18T21:09:31+08:00][sql] SELECT * FROM `setting` [ RunTime:0.000790s ]
[2026-08-18T21:09:31+08:00][sql] SHOW FULL COLUMNS FROM `message` [ RunTime:0.001199s ]
[2026-08-18T21:09:31+08:00][sql] SELECT * FROM `message` WHERE  `goods_id` = 28  AND `id` > 9  AND (  (  `from_uid` = 25  AND `to_uid` = 20 ) OR (  `from_uid` = 20  AND `to_uid` = 25 ) ) ORDER BY `id` ASC [ RunTime:0.000809s ]
[2026-08-18T21:09:34+08:00][sql] CONNECT:[ UseTime:0.023042s ] mysql:host=127.0.0.1;port=3306;dbname=auction;charset=utf8mb4
[2026-08-18T21:09:34+08:00][sql] SHOW FULL COLUMNS FROM `goods` [ RunTime:0.001840s ]
[2026-08-18T21:09:34+08:00][sql] SELECT `id` FROM `goods` WHERE  `status` = 1  AND `end_time` <= 1787058574 [ RunTime:0.000967s ]
[2026-08-18T21:09:34+08:00][sql] SHOW FULL COLUMNS FROM `user` [ RunTime:0.001784s ]
[2026-08-18T21:09:34+08:00][sql] SELECT * FROM `user` WHERE  `id` = 25 LIMIT 1 [ RunTime:0.001087s ]
[2026-08-18T21:09:34+08:00][sql] SHOW FULL COLUMNS FROM `setting` [ RunTime:0.001659s ]
[2026-08-18T21:09:34+08:00][sql] SELECT * FROM `setting` [ RunTime:0.000840s ]
[2026-08-18T21:09:34+08:00][sql] SHOW FULL COLUMNS FROM `message` [ RunTime:0.001459s ]
[2026-08-18T21:09:34+08:00][sql] SELECT * FROM `message` WHERE  `goods_id` = 28  AND `id` > 9  AND (  (  `from_uid` = 25  AND `to_uid` = 20 ) OR (  `from_uid` = 20  AND `to_uid` = 25 ) ) ORDER BY `id` ASC [ RunTime:0.001310s ]
[2026-08-18T21:09:37+08:00][sql] CONNECT:[ UseTime:0.002315s ] mysql:host=127.0.0.1;port=3306;dbname=auction;charset=utf8mb4
[2026-08-18T21:09:37+08:00][sql] SHOW FULL COLUMNS FROM `goods` [ RunTime:0.001985s ]
[2026-08-18T21:09:37+08:00][sql] SELECT `id` FROM `goods` WHERE  `status` = 1  AND `end_time` <= 1787058577 [ RunTime:0.001048s ]
[2026-08-18T21:09:37+08:00][sql] SHOW FULL COLUMNS FROM `user` [ RunTime:0.002037s ]
[2026-08-18T21:09:37+08:00][sql] SELECT * FROM `user` WHERE  `id` = 25 LIMIT 1 [ RunTime:0.001046s ]
[2026-08-18T21:09:37+08:00][sql] SHOW FULL COLUMNS FROM `setting` [ RunTime:0.001476s ]
[2026-08-18T21:09:37+08:00][sql] SELECT * FROM `setting` [ RunTime:0.000868s ]
[2026-08-18T21:09:37+08:00][sql] SHOW FULL COLUMNS FROM `message` [ RunTime:0.001977s ]
[2026-08-18T21:09:37+08:00][sql] SELECT * FROM `message` WHERE  `goods_id` = 28  AND `id` > 9  AND (  (  `from_uid` = 25  AND `to_uid` = 20 ) OR (  `from_uid` = 20  AND `to_uid` = 25 ) ) ORDER BY `id` ASC [ RunTime:0.001231s ]
[2026-08-18T21:09:40+08:00][sql] CONNECT:[ UseTime:0.002100s ] mysql:host=127.0.0.1;port=3306;dbname=auction;charset=utf8mb4
[2026-08-18T21:09:40+08:00][sql] SHOW FULL COLUMNS FROM `goods` [ RunTime:0.001411s ]
[2026-08-18T21:09:40+08:00][sql] SELECT `id` FROM `goods` WHERE  `status` = 1  AND `end_time` <= 1787058580 [ RunTime:0.000801s ]
[2026-08-18T21:09:40+08:00][sql] SHOW FULL COLUMNS FROM `user` [ RunTime:0.001330s ]
[2026-08-18T21:09:40+08:00][sql] SELECT * FROM `user` WHERE  `id` = 25 LIMIT 1 [ RunTime:0.000790s ]
[2026-08-18T21:09:40+08:00][sql] SHOW FULL COLUMNS FROM `setting` [ RunTime:0.001065s ]
[2026-08-18T21:09:40+08:00][sql] SELECT * FROM `setting` [ RunTime:0.000529s ]
[2026-08-18T21:09:40+08:00][sql] SHOW FULL COLUMNS FROM `message` [ RunTime:0.001271s ]
[2026-08-18T21:09:40+08:00][sql] SELECT * FROM `message` WHERE  `goods_id` = 28  AND `id` > 9  AND (  (  `from_uid` = 25  AND `to_uid` = 20 ) OR (  `from_uid` = 20  AND `to_uid` = 25 ) ) ORDER BY `id` ASC [ RunTime:0.000807s ]
[2026-08-18T21:09:43+08:00][sql] CONNECT:[ UseTime:0.014779s ] mysql:host=127.0.0.1;port=3306;dbname=auction;charset=utf8mb4
[2026-08-18T21:09:43+08:00][sql] SHOW FULL COLUMNS FROM `goods` [ RunTime:0.002600s ]
[2026-08-18T21:09:43+08:00][sql] SELECT `id` FROM `goods` WHERE  `status` = 1  AND `end_time` <= 1787058583 [ RunTime:0.001288s ]
[2026-08-18T21:09:43+08:00][sql] SHOW FULL COLUMNS FROM `user` [ RunTime:0.002254s ]
[2026-08-18T21:09:43+08:00][sql] SELECT * FROM `user` WHERE  `id` = 25 LIMIT 1 [ RunTime:0.001351s ]
[2026-08-18T21:09:43+08:00][sql] SHOW FULL COLUMNS FROM `setting` [ RunTime:0.001768s ]
[2026-08-18T21:09:43+08:00][sql] SELECT * FROM `setting` [ RunTime:0.001273s ]
[2026-08-18T21:09:43+08:00][sql] SHOW FULL COLUMNS FROM `message` [ RunTime:0.002103s ]
[2026-08-18T21:09:43+08:00][sql] SELECT * FROM `message` WHERE  `goods_id` = 28  AND `id` > 9  AND (  (  `from_uid` = 25  AND `to_uid` = 20 ) OR (  `from_uid` = 20  AND `to_uid` = 25 ) ) ORDER BY `id` ASC [ RunTime:0.001213s ]
[2026-08-18T21:09:46+08:00][sql] CONNECT:[ UseTime:0.022013s ] mysql:host=127.0.0.1;port=3306;dbname=auction;charset=utf8mb4
[2026-08-18T21:09:46+08:00][sql] SHOW FULL COLUMNS FROM `goods` [ RunTime:0.001921s ]
[2026-08-18T21:09:46+08:00][sql] SELECT `id` FROM `goods` WHERE  `status` = 1  AND `end_time` <= 1787058586 [ RunTime:0.001160s ]
[2026-08-18T21:09:46+08:00][sql] SHOW FULL COLUMNS FROM `user` [ RunTime:0.001870s ]
[2026-08-18T21:09:46+08:00][sql] SELECT * FROM `user` WHERE  `id` = 25 LIMIT 1 [ RunTime:0.001008s ]
[2026-08-18T21:09:46+08:00][sql] SHOW FULL COLUMNS FROM `setting` [ RunTime:0.001559s ]
[2026-08-18T21:09:46+08:00][sql] SELECT * FROM `setting` [ RunTime:0.001035s ]
[2026-08-18T21:09:46+08:00][sql] SHOW FULL COLUMNS FROM `message` [ RunTime:0.001699s ]
[2026-08-18T21:09:46+08:00][sql] SELECT * FROM `message` WHERE  `goods_id` = 28  AND `id` > 9  AND (  (  `from_uid` = 25  AND `to_uid` = 20 ) OR (  `from_uid` = 20  AND `to_uid` = 25 ) ) ORDER BY `id` ASC [ RunTime:0.001110s ]
[2026-08-18T21:09:49+08:00][sql] CONNECT:[ UseTime:0.001873s ] mysql:host=127.0.0.1;port=3306;dbname=auction;charset=utf8mb4
[2026-08-18T21:09:49+08:00][sql] SHOW FULL COLUMNS FROM `goods` [ RunTime:0.001269s ]
[2026-08-18T21:09:49+08:00][sql] SELECT `id` FROM `goods` WHERE  `status` = 1  AND `end_time` <= 1787058589 [ RunTime:0.000663s ]
[2026-08-18T21:09:49+08:00][sql] SHOW FULL COLUMNS FROM `user` [ RunTime:0.001197s ]
[2026-08-18T21:09:49+08:00][sql] SELECT * FROM `user` WHERE  `id` = 25 LIMIT 1 [ RunTime:0.000656s ]
[2026-08-18T21:09:49+08:00][sql] SHOW FULL COLUMNS FROM `setting` [ RunTime:0.000980s ]
[2026-08-18T21:09:49+08:00][sql] SELECT * FROM `setting` [ RunTime:0.000723s ]
[2026-08-18T21:09:49+08:00][sql] SHOW FULL COLUMNS FROM `message` [ RunTime:0.001316s ]
[2026-08-18T21:09:49+08:00][sql] SELECT * FROM `message` WHERE  `goods_id` = 28  AND `id` > 9  AND (  (  `from_uid` = 25  AND `to_uid` = 20 ) OR (  `from_uid` = 20  AND `to_uid` = 25 ) ) ORDER BY `id` ASC [ RunTime:0.000810s ]
[2026-08-18T21:09:52+08:00][sql] CONNECT:[ UseTime:0.004132s ] mysql:host=127.0.0.1;port=3306;dbname=auction;charset=utf8mb4
[2026-08-18T21:09:52+08:00][sql] SHOW FULL COLUMNS FROM `goods` [ RunTime:0.001903s ]
[2026-08-18T21:09:52+08:00][sql] SELECT `id` FROM `goods` WHERE  `status` = 1  AND `end_time` <= 1787058592 [ RunTime:0.001136s ]
[2026-08-18T21:09:52+08:00][sql] SHOW FULL COLUMNS FROM `user` [ RunTime:0.001866s ]
[2026-08-18T21:09:52+08:00][sql] SELECT * FROM `user` WHERE  `id` = 25 LIMIT 1 [ RunTime:0.001037s ]
[2026-08-18T21:09:52+08:00][sql] SHOW FULL COLUMNS FROM `setting` [ RunTime:0.001465s ]
[2026-08-18T21:09:52+08:00][sql] SELECT * FROM `setting` [ RunTime:0.000815s ]
[2026-08-18T21:09:52+08:00][sql] SHOW FULL COLUMNS FROM `message` [ RunTime:0.001226s ]
[2026-08-18T21:09:52+08:00][sql] SELECT * FROM `message` WHERE  `goods_id` = 28  AND `id` > 9  AND (  (  `from_uid` = 25  AND `to_uid` = 20 ) OR (  `from_uid` = 20  AND `to_uid` = 25 ) ) ORDER BY `id` ASC [ RunTime:0.001150s ]
[2026-08-18T21:09:55+08:00][sql] CONNECT:[ UseTime:0.001924s ] mysql:host=127.0.0.1;port=3306;dbname=auction;charset=utf8mb4
[2026-08-18T21:09:55+08:00][sql] SHOW FULL COLUMNS FROM `goods` [ RunTime:0.001435s ]
[2026-08-18T21:09:55+08:00][sql] SELECT `id` FROM `goods` WHERE  `status` = 1  AND `end_time` <= 1787058595 [ RunTime:0.000874s ]
[2026-08-18T21:09:55+08:00][sql] SHOW FULL COLUMNS FROM `user` [ RunTime:0.001426s ]
[2026-08-18T21:09:55+08:00][sql] SELECT * FROM `user` WHERE  `id` = 25 LIMIT 1 [ RunTime:0.000737s ]
[2026-08-18T21:09:55+08:00][sql] SHOW FULL COLUMNS FROM `setting` [ RunTime:0.001317s ]
[2026-08-18T21:09:55+08:00][sql] SELECT * FROM `setting` [ RunTime:0.000695s ]
[2026-08-18T21:09:55+08:00][sql] SHOW FULL COLUMNS FROM `message` [ RunTime:0.000940s ]
[2026-08-18T21:09:55+08:00][sql] SELECT * FROM `message` WHERE  `goods_id` = 28  AND `id` > 9  AND (  (  `from_uid` = 25  AND `to_uid` = 20 ) OR (  `from_uid` = 20  AND `to_uid` = 25 ) ) ORDER BY `id` ASC [ RunTime:0.000776s ]
[2026-08-18T21:09:58+08:00][sql] CONNECT:[ UseTime:0.001694s ] mysql:host=127.0.0.1;port=3306;dbname=auction;charset=utf8mb4
[2026-08-18T21:09:58+08:00][sql] SHOW FULL COLUMNS FROM `goods` [ RunTime:0.001244s ]
[2026-08-18T21:09:58+08:00][sql] SELECT `id` FROM `goods` WHERE  `status` = 1  AND `end_time` <= 1787058598 [ RunTime:0.000774s ]
[2026-08-18T21:09:58+08:00][sql] SHOW FULL COLUMNS FROM `user` [ RunTime:0.001788s ]
[2026-08-18T21:09:58+08:00][sql] SELECT * FROM `user` WHERE  `id` = 25 LIMIT 1 [ RunTime:0.000960s ]
[2026-08-18T21:09:58+08:00][sql] SHOW FULL COLUMNS FROM `setting` [ RunTime:0.001106s ]
[2026-08-18T21:09:58+08:00][sql] SELECT * FROM `setting` [ RunTime:0.000595s ]
[2026-08-18T21:09:58+08:00][sql] SHOW FULL COLUMNS FROM `message` [ RunTime:0.001510s ]
[2026-08-18T21:09:58+08:00][sql] SELECT * FROM `message` WHERE  `goods_id` = 28  AND `id` > 9  AND (  (  `from_uid` = 25  AND `to_uid` = 20 ) OR (  `from_uid` = 20  AND `to_uid` = 25 ) ) ORDER BY `id` ASC [ RunTime:0.000743s ]
[2026-08-18T21:10:01+08:00][sql] CONNECT:[ UseTime:0.014162s ] mysql:host=127.0.0.1;port=3306;dbname=auction;charset=utf8mb4
[2026-08-18T21:10:01+08:00][sql] SHOW FULL COLUMNS FROM `goods` [ RunTime:0.001813s ]
[2026-08-18T21:10:01+08:00][sql] SELECT `id` FROM `goods` WHERE  `status` = 1  AND `end_time` <= 1787058601 [ RunTime:0.000632s ]
[2026-08-18T21:10:01+08:00][sql] SHOW FULL COLUMNS FROM `user` [ RunTime:0.001669s ]
[2026-08-18T21:10:01+08:00][sql] SELECT * FROM `user` WHERE  `id` = 25 LIMIT 1 [ RunTime:0.001122s ]
[2026-08-18T21:10:01+08:00][sql] SHOW FULL COLUMNS FROM `setting` [ RunTime:0.001651s ]
[2026-08-18T21:10:01+08:00][sql] SELECT * FROM `setting` [ RunTime:0.000977s ]
[2026-08-18T21:10:01+08:00][sql] SHOW FULL COLUMNS FROM `message` [ RunTime:0.002035s ]
[2026-08-18T21:10:01+08:00][sql] SELECT * FROM `message` WHERE  `goods_id` = 28  AND `id` > 9  AND (  (  `from_uid` = 25  AND `to_uid` = 20 ) OR (  `from_uid` = 20  AND `to_uid` = 25 ) ) ORDER BY `id` ASC [ RunTime:0.001335s ]
[2026-08-18T21:10:03+08:00][sql] CONNECT:[ UseTime:0.002045s ] mysql:host=127.0.0.1;port=3306;dbname=auction;charset=utf8mb4
[2026-08-18T21:10:03+08:00][sql] SHOW FULL COLUMNS FROM `goods` [ RunTime:0.001646s ]
[2026-08-18T21:10:03+08:00][sql] SELECT `id` FROM `goods` WHERE  `status` = 1  AND `end_time` <= 1787058603 [ RunTime:0.000826s ]
[2026-08-18T21:10:03+08:00][sql] SHOW FULL COLUMNS FROM `user` [ RunTime:0.001372s ]
[2026-08-18T21:10:03+08:00][sql] SELECT * FROM `user` WHERE  `id` = 20 LIMIT 1 [ RunTime:0.000891s ]
[2026-08-18T21:10:03+08:00][sql] SHOW FULL COLUMNS FROM `setting` [ RunTime:0.001258s ]
[2026-08-18T21:10:03+08:00][sql] SELECT * FROM `setting` [ RunTime:0.000669s ]
[2026-08-18T21:10:03+08:00][sql] SHOW FULL COLUMNS FROM `message` [ RunTime:0.001388s ]
[2026-08-18T21:10:03+08:00][sql] SELECT * FROM `message` WHERE  `goods_id` = 28  AND `id` > 9  AND (  (  `from_uid` = 20  AND `to_uid` = 25 ) OR (  `from_uid` = 25  AND `to_uid` = 20 ) ) ORDER BY `id` ASC [ RunTime:0.000821s ]
[2026-08-18T21:10:04+08:00][sql] CONNECT:[ UseTime:0.018490s ] mysql:host=127.0.0.1;port=3306;dbname=auction;charset=utf8mb4
[2026-08-18T21:10:04+08:00][sql] SHOW FULL COLUMNS FROM `goods` [ RunTime:0.002094s ]
[2026-08-18T21:10:04+08:00][sql] SELECT `id` FROM `goods` WHERE  `status` = 1  AND `end_time` <= 1787058604 [ RunTime:0.001035s ]
[2026-08-18T21:10:04+08:00][sql] SHOW FULL COLUMNS FROM `user` [ RunTime:0.001917s ]
[2026-08-18T21:10:04+08:00][sql] SELECT * FROM `user` WHERE  `id` = 25 LIMIT 1 [ RunTime:0.001057s ]
[2026-08-18T21:10:04+08:00][sql] SHOW FULL COLUMNS FROM `setting` [ RunTime:0.001596s ]
[2026-08-18T21:10:04+08:00][sql] SELECT * FROM `setting` [ RunTime:0.000884s ]
[2026-08-18T21:10:04+08:00][sql] SHOW FULL COLUMNS FROM `message` [ RunTime:0.001580s ]
[2026-08-18T21:10:04+08:00][sql] SELECT * FROM `message` WHERE  `goods_id` = 28  AND `id` > 9  AND (  (  `from_uid` = 25  AND `to_uid` = 20 ) OR (  `from_uid` = 20  AND `to_uid` = 25 ) ) ORDER BY `id` ASC [ RunTime:0.001057s ]
[2026-08-18T21:10:09+08:00][sql] CONNECT:[ UseTime:0.005788s ] mysql:host=127.0.0.1;port=3306;dbname=auction;charset=utf8mb4
[2026-08-18T21:10:09+08:00][sql] SHOW FULL COLUMNS FROM `goods` [ RunTime:0.004234s ]
[2026-08-18T21:10:09+08:00][sql] SELECT `id` FROM `goods` WHERE  `status` = 1  AND `end_time` <= 1787058609 [ RunTime:0.000791s ]
[2026-08-18T21:10:09+08:00][sql] SHOW FULL COLUMNS FROM `user` [ RunTime:0.001381s ]
[2026-08-18T21:10:09+08:00][sql] SELECT * FROM `user` WHERE  `id` = 25 LIMIT 1 [ RunTime:0.001013s ]
[2026-08-18T21:10:09+08:00][sql] SHOW FULL COLUMNS FROM `setting` [ RunTime:0.001465s ]
[2026-08-18T21:10:09+08:00][sql] SELECT * FROM `setting` [ RunTime:0.000788s ]
[2026-08-18T21:10:09+08:00][sql] SHOW FULL COLUMNS FROM `message` [ RunTime:0.001193s ]
[2026-08-18T21:10:09+08:00][sql] SELECT * FROM `message` WHERE  `goods_id` = 28  AND `id` > 9  AND (  (  `from_uid` = 25  AND `to_uid` = 20 ) OR (  `from_uid` = 20  AND `to_uid` = 25 ) ) ORDER BY `id` ASC [ RunTime:0.000846s ]
[2026-08-18T21:10:10+08:00][sql] CONNECT:[ UseTime:0.016004s ] mysql:host=127.0.0.1;port=3306;dbname=auction;charset=utf8mb4
[2026-08-18T21:10:10+08:00][sql] SHOW FULL COLUMNS FROM `goods` [ RunTime:0.001480s ]
[2026-08-18T21:10:10+08:00][sql] SELECT `id` FROM `goods` WHERE  `status` = 1  AND `end_time` <= 1787058610 [ RunTime:0.000730s ]
[2026-08-18T21:10:10+08:00][sql] SHOW FULL COLUMNS FROM `user` [ RunTime:0.001337s ]
[2026-08-18T21:10:10+08:00][sql] SELECT * FROM `user` WHERE  `id` = 25 LIMIT 1 [ RunTime:0.000768s ]
[2026-08-18T21:10:10+08:00][sql] SHOW FULL COLUMNS FROM `setting` [ RunTime:0.001032s ]
[2026-08-18T21:10:10+08:00][sql] SELECT * FROM `setting` [ RunTime:0.000526s ]
[2026-08-18T21:10:10+08:00][sql] SHOW FULL COLUMNS FROM `message` [ RunTime:0.001048s ]
[2026-08-18T21:10:10+08:00][sql] SELECT * FROM `message` WHERE  `goods_id` = 28  AND `id` > 9  AND (  (  `from_uid` = 25  AND `to_uid` = 20 ) OR (  `from_uid` = 20  AND `to_uid` = 25 ) ) ORDER BY `id` ASC [ RunTime:0.000723s ]
[2026-08-18T21:10:13+08:00][sql] CONNECT:[ UseTime:0.016776s ] mysql:host=127.0.0.1;port=3306;dbname=auction;charset=utf8mb4
[2026-08-18T21:10:13+08:00][sql] SHOW FULL COLUMNS FROM `goods` [ RunTime:0.001434s ]
[2026-08-18T21:10:13+08:00][sql] SELECT `id` FROM `goods` WHERE  `status` = 1  AND `end_time` <= 1787058613 [ RunTime:0.000710s ]
[2026-08-18T21:10:13+08:00][sql] SHOW FULL COLUMNS FROM `user` [ RunTime:0.001447s ]
[2026-08-18T21:10:13+08:00][sql] SELECT * FROM `user` WHERE  `id` = 25 LIMIT 1 [ RunTime:0.000779s ]
[2026-08-18T21:10:13+08:00][sql] SHOW FULL COLUMNS FROM `setting` [ RunTime:0.001092s ]
[2026-08-18T21:10:13+08:00][sql] SELECT * FROM `setting` [ RunTime:0.000635s ]
[2026-08-18T21:10:13+08:00][sql] SHOW FULL COLUMNS FROM `message` [ RunTime:0.001317s ]
[2026-08-18T21:10:13+08:00][sql] SELECT * FROM `message` WHERE  `goods_id` = 28  AND `id` > 9  AND (  (  `from_uid` = 25  AND `to_uid` = 20 ) OR (  `from_uid` = 20  AND `to_uid` = 25 ) ) ORDER BY `id` ASC [ RunTime:0.000784s ]
[2026-08-18T21:10:16+08:00][sql] CONNECT:[ UseTime:0.021229s ] mysql:host=127.0.0.1;port=3306;dbname=auction;charset=utf8mb4
[2026-08-18T21:10:16+08:00][sql] SHOW FULL COLUMNS FROM `goods` [ RunTime:0.001924s ]
[2026-08-18T21:10:16+08:00][sql] SELECT `id` FROM `goods` WHERE  `status` = 1  AND `end_time` <= 1787058616 [ RunTime:0.000996s ]
[2026-08-18T21:10:16+08:00][sql] SHOW FULL COLUMNS FROM `user` [ RunTime:0.000911s ]
[2026-08-18T21:10:16+08:00][sql] SELECT * FROM `user` WHERE  `id` = 25 LIMIT 1 [ RunTime:0.000553s ]
[2026-08-18T21:10:16+08:00][sql] SHOW FULL COLUMNS FROM `setting` [ RunTime:0.000854s ]
[2026-08-18T21:10:16+08:00][sql] SELECT * FROM `setting` [ RunTime:0.000731s ]
[2026-08-18T21:10:16+08:00][sql] SHOW FULL COLUMNS FROM `message` [ RunTime:0.001394s ]
[2026-08-18T21:10:16+08:00][sql] SELECT * FROM `message` WHERE  `goods_id` = 28  AND `id` > 9  AND (  (  `from_uid` = 25  AND `to_uid` = 20 ) OR (  `from_uid` = 20  AND `to_uid` = 25 ) ) ORDER BY `id` ASC [ RunTime:0.000802s ]
[2026-08-18T21:10:19+08:00][sql] CONNECT:[ UseTime:0.021096s ] mysql:host=127.0.0.1;port=3306;dbname=auction;charset=utf8mb4
[2026-08-18T21:10:19+08:00][sql] SHOW FULL COLUMNS FROM `goods` [ RunTime:0.002137s ]
[2026-08-18T21:10:19+08:00][sql] SELECT `id` FROM `goods` WHERE  `status` = 1  AND `end_time` <= 1787058619 [ RunTime:0.001240s ]
[2026-08-18T21:10:19+08:00][sql] SHOW FULL COLUMNS FROM `user` [ RunTime:0.001945s ]
[2026-08-18T21:10:19+08:00][sql] SELECT * FROM `user` WHERE  `id` = 25 LIMIT 1 [ RunTime:0.001216s ]
[2026-08-18T21:10:19+08:00][sql] SHOW FULL COLUMNS FROM `setting` [ RunTime:0.001609s ]
[2026-08-18T21:10:19+08:00][sql] SELECT * FROM `setting` [ RunTime:0.000910s ]
[2026-08-18T21:10:19+08:00][sql] SHOW FULL COLUMNS FROM `message` [ RunTime:0.001866s ]
[2026-08-18T21:10:19+08:00][sql] SELECT * FROM `message` WHERE  `goods_id` = 28  AND `id` > 9  AND (  (  `from_uid` = 25  AND `to_uid` = 20 ) OR (  `from_uid` = 20  AND `to_uid` = 25 ) ) ORDER BY `id` ASC [ RunTime:0.001157s ]
[2026-08-18T21:10:22+08:00][sql] CONNECT:[ UseTime:0.021732s ] mysql:host=127.0.0.1;port=3306;dbname=auction;charset=utf8mb4
[2026-08-18T21:10:22+08:00][sql] SHOW FULL COLUMNS FROM `goods` [ RunTime:0.001062s ]
[2026-08-18T21:10:22+08:00][sql] SELECT `id` FROM `goods` WHERE  `status` = 1  AND `end_time` <= 1787058622 [ RunTime:0.001085s ]
[2026-08-18T21:10:22+08:00][sql] SHOW FULL COLUMNS FROM `user` [ RunTime:0.002037s ]
[2026-08-18T21:10:22+08:00][sql] SELECT * FROM `user` WHERE  `id` = 25 LIMIT 1 [ RunTime:0.001126s ]
[2026-08-18T21:10:22+08:00][sql] SHOW FULL COLUMNS FROM `setting` [ RunTime:0.001534s ]
[2026-08-18T21:10:22+08:00][sql] SELECT * FROM `setting` [ RunTime:0.000864s ]
[2026-08-18T21:10:22+08:00][sql] SHOW FULL COLUMNS FROM `message` [ RunTime:0.001629s ]
[2026-08-18T21:10:22+08:00][sql] SELECT * FROM `message` WHERE  `goods_id` = 28  AND `id` > 9  AND (  (  `from_uid` = 25  AND `to_uid` = 20 ) OR (  `from_uid` = 20  AND `to_uid` = 25 ) ) ORDER BY `id` ASC [ RunTime:0.000709s ]
[2026-08-18T21:10:29+08:00][sql] CONNECT:[ UseTime:0.020785s ] mysql:host=127.0.0.1;port=3306;dbname=auction;charset=utf8mb4
[2026-08-18T21:10:29+08:00][sql] SHOW FULL COLUMNS FROM `goods` [ RunTime:0.002145s ]
[2026-08-18T21:10:29+08:00][sql] SELECT `id` FROM `goods` WHERE  `status` = 1  AND `end_time` <= 1787058628 [ RunTime:0.001167s ]
[2026-08-18T21:10:29+08:00][sql] SHOW FULL COLUMNS FROM `user` [ RunTime:0.002065s ]
[2026-08-18T21:10:29+08:00][sql] SELECT * FROM `user` WHERE  `id` = 25 LIMIT 1 [ RunTime:0.001239s ]
[2026-08-18T21:10:29+08:00][sql] SHOW FULL COLUMNS FROM `setting` [ RunTime:0.001652s ]
[2026-08-18T21:10:29+08:00][sql] SELECT * FROM `setting` [ RunTime:0.000862s ]
[2026-08-18T21:10:29+08:00][sql] SHOW FULL COLUMNS FROM `category` [ RunTime:0.001972s ]
[2026-08-18T21:10:29+08:00][sql] SELECT * FROM `category` WHERE  `status` = 1 ORDER BY `sort` ASC [ RunTime:0.001108s ]
[2026-08-18T21:10:30+08:00][sql] CONNECT:[ UseTime:0.002181s ] mysql:host=127.0.0.1;port=3306;dbname=auction;charset=utf8mb4
[2026-08-18T21:10:30+08:00][sql] SHOW FULL COLUMNS FROM `goods` [ RunTime:0.001409s ]
[2026-08-18T21:10:30+08:00][sql] SELECT `id` FROM `goods` WHERE  `status` = 1  AND `end_time` <= 1787058630 [ RunTime:0.000721s ]
[2026-08-18T21:10:30+08:00][sql] SHOW FULL COLUMNS FROM `user` [ RunTime:0.001289s ]
[2026-08-18T21:10:30+08:00][sql] SELECT * FROM `user` WHERE  `id` = 25 LIMIT 1 [ RunTime:0.000735s ]
[2026-08-18T21:10:30+08:00][sql] SHOW FULL COLUMNS FROM `setting` [ RunTime:0.001495s ]
[2026-08-18T21:10:30+08:00][sql] SELECT * FROM `setting` [ RunTime:0.000594s ]
[2026-08-18T21:10:30+08:00][sql] SHOW FULL COLUMNS FROM `bid_record` [ RunTime:0.001398s ]
[2026-08-18T21:10:30+08:00][sql] SELECT COUNT(*) AS think_count FROM `bid_record` WHERE  `user_id` = 25 [ RunTime:0.000639s ]
[2026-08-18T21:10:30+08:00][sql] SHOW FULL COLUMNS FROM `order` [ RunTime:0.001462s ]
[2026-08-18T21:10:30+08:00][sql] SELECT COUNT(*) AS think_count FROM `order` WHERE  `buyer_id` = 25  AND `pay_status` = 1 [ RunTime:0.000731s ]
[2026-08-18T21:10:30+08:00][sql] SELECT COUNT(*) AS think_count FROM `goods` WHERE  `seller_id` = 25  AND `status` = 2 [ RunTime:0.002051s ]
[2026-08-18T21:10:30+08:00][sql] SELECT COUNT(*) AS think_count FROM `goods` WHERE  `seller_id` = 25 [ RunTime:0.000610s ]
[2026-08-18T21:10:30+08:00][sql] SELECT COUNT(*) AS think_count FROM `order` WHERE  `buyer_id` = 25  AND `pay_status` = 0  AND `order_status` = 0 [ RunTime:0.000633s ]
[2026-08-18T21:10:30+08:00][sql] SELECT COUNT(*) AS think_count FROM `order` WHERE  `seller_id` = 25  AND `order_status` = 1 [ RunTime:0.000637s ]
[2026-08-18T21:10:30+08:00][sql] SELECT COUNT(*) AS think_count FROM `order` WHERE  `buyer_id` = 25  AND `order_status` = 0  AND `pay_status` = 0 [ RunTime:0.000567s ]
[2026-08-18T21:10:30+08:00][sql] SELECT COUNT(*) AS think_count FROM `order` WHERE  `buyer_id` = 25  AND `order_status` = 1 [ RunTime:0.000847s ]
[2026-08-18T21:10:30+08:00][sql] SELECT COUNT(*) AS think_count FROM `order` WHERE  `buyer_id` = 25  AND `order_status` = 2 [ RunTime:0.000731s ]
[2026-08-18T21:10:30+08:00][sql] SELECT COUNT(*) AS think_count FROM `order` WHERE  `buyer_id` = 25  AND `order_status` = 3 [ RunTime:0.000691s ]
[2026-08-18T21:10:30+08:00][sql] SELECT COUNT(*) AS think_count FROM `order` WHERE  `seller_id` = 25  AND `order_status` = 1 [ RunTime:0.000402s ]
[2026-08-18T21:10:30+08:00][sql] SHOW FULL COLUMNS FROM `goods_favorite` [ RunTime:0.000841s ]
[2026-08-18T21:10:30+08:00][sql] SELECT COUNT(*) AS think_count FROM `goods_favorite` WHERE  `user_id` = 25 [ RunTime:0.000665s ]
[2026-08-18T21:10:30+08:00][sql] SHOW FULL COLUMNS FROM `seller_follow` [ RunTime:0.001111s ]
[2026-08-18T21:10:30+08:00][sql] SELECT COUNT(*) AS think_count FROM `seller_follow` WHERE  `user_id` = 25 [ RunTime:0.000621s ]
[2026-08-18T21:10:30+08:00][sql] SHOW FULL COLUMNS FROM `browse_history` [ RunTime:0.001103s ]
[2026-08-18T21:10:30+08:00][sql] SELECT COUNT(*) AS think_count FROM `browse_history` WHERE  `user_id` = 25 [ RunTime:0.000631s ]
[2026-08-18T21:10:30+08:00][sql] SHOW FULL COLUMNS FROM `balance_log` [ RunTime:0.001090s ]
[2026-08-18T21:10:30+08:00][sql] SELECT * FROM `balance_log` WHERE  `user_id` = 25 ORDER BY `id` DESC LIMIT 5 [ RunTime:0.000678s ]
[2026-08-18T21:10:30+08:00][sql] SELECT `b`.*,`g`.`title`,`g`.`cover`,g.status as goods_status,`g`.`end_time` FROM `bid_record` `b` LEFT JOIN `goods` `g` ON `b`.`goods_id`=`g`.`id` WHERE  `b`.`user_id` = '25' ORDER BY `b`.`id` DESC LIMIT 5 [ RunTime:0.000664s ]
[2026-08-18T21:10:30+08:00][sql] SELECT `id`,`nickname`,`mobile`,`reg_time` FROM `user` WHERE  `pid` = 25 ORDER BY `id` DESC LIMIT 10 [ RunTime:0.000563s ]
[2026-08-18T21:10:54+08:00][sql] CONNECT:[ UseTime:0.018149s ] mysql:host=127.0.0.1;port=3306;dbname=auction;charset=utf8mb4
[2026-08-18T21:10:54+08:00][sql] SHOW FULL COLUMNS FROM `goods` [ RunTime:0.001499s ]
[2026-08-18T21:10:54+08:00][sql] SELECT `id` FROM `goods` WHERE  `status` = 1  AND `end_time` <= 1787058654 [ RunTime:0.000790s ]
[2026-08-18T21:10:54+08:00][sql] SHOW FULL COLUMNS FROM `user` [ RunTime:0.001539s ]
[2026-08-18T21:10:54+08:00][sql] SELECT * FROM `user` WHERE  `id` = 20 LIMIT 1 [ RunTime:0.000991s ]
[2026-08-18T21:10:54+08:00][sql] SHOW FULL COLUMNS FROM `setting` [ RunTime:0.001640s ]
[2026-08-18T21:10:54+08:00][sql] SELECT * FROM `setting` [ RunTime:0.000906s ]
[2026-08-18T21:10:54+08:00][sql] SHOW FULL COLUMNS FROM `message` [ RunTime:0.001576s ]
[2026-08-18T21:10:54+08:00][sql] SELECT * FROM `message` WHERE  `goods_id` = 28  AND `id` > 9  AND (  (  `from_uid` = 20  AND `to_uid` = 25 ) OR (  `from_uid` = 25  AND `to_uid` = 20 ) ) ORDER BY `id` ASC [ RunTime:0.001013s ]
[2026-08-18T21:10:57+08:00][sql] CONNECT:[ UseTime:0.024832s ] mysql:host=127.0.0.1;port=3306;dbname=auction;charset=utf8mb4
[2026-08-18T21:10:57+08:00][sql] SHOW FULL COLUMNS FROM `goods` [ RunTime:0.002029s ]
[2026-08-18T21:10:57+08:00][sql] SELECT `id` FROM `goods` WHERE  `status` = 1  AND `end_time` <= 1787058657 [ RunTime:0.001095s ]
[2026-08-18T21:10:57+08:00][sql] SHOW FULL COLUMNS FROM `user` [ RunTime:0.001885s ]
[2026-08-18T21:10:57+08:00][sql] SELECT * FROM `user` WHERE  `id` = 20 LIMIT 1 [ RunTime:0.001223s ]
[2026-08-18T21:10:57+08:00][sql] SHOW FULL COLUMNS FROM `setting` [ RunTime:0.001611s ]
[2026-08-18T21:10:57+08:00][sql] SELECT * FROM `setting` [ RunTime:0.000866s ]
[2026-08-18T21:10:57+08:00][sql] SELECT COUNT(*) AS think_count FROM `goods` `g` LEFT JOIN `user` `u` ON `g`.`seller_id`=`u`.`id` WHERE  `g`.`status` = '1'  AND `g`.`start_time` <= '1787058657'  AND `g`.`end_time` > '1787058657' [ RunTime:0.001437s ]
[2026-08-18T21:10:57+08:00][sql] SELECT `g`.*,u.nickname as seller_name FROM `goods` `g` LEFT JOIN `user` `u` ON `g`.`seller_id`=`u`.`id` WHERE  `g`.`status` = '1'  AND `g`.`start_time` <= '1787058657'  AND `g`.`end_time` > '1787058657' ORDER BY `g`.`end_time` ASC,`g`.`id` DESC LIMIT 0,10 [ RunTime:0.001289s ]
[2026-08-18T21:10:57+08:00][sql] SHOW FULL COLUMNS FROM `bid_record` [ RunTime:0.001784s ]
[2026-08-18T21:10:57+08:00][sql] SELECT MAX(`price`) AS think_max FROM `bid_record` WHERE  `goods_id` = 28  AND `status` = 0 [ RunTime:0.000968s ]
[2026-08-18T21:10:57+08:00][sql] SHOW FULL COLUMNS FROM `category` [ RunTime:0.001517s ]
[2026-08-18T21:10:57+08:00][sql] SELECT * FROM `category` WHERE  `status` = 1 ORDER BY `sort` ASC [ RunTime:0.000966s ]
[2026-08-18T21:10:57+08:00][sql] SELECT `b`.`price`,`b`.`create_time`,`g`.`title`,`u`.`nickname` FROM `bid_record` `b` LEFT JOIN `goods` `g` ON `b`.`goods_id`=`g`.`id` LEFT JOIN `user` `u` ON `b`.`user_id`=`u`.`id` WHERE  `b`.`status` = '1' ORDER BY `b`.`id` DESC LIMIT 5 [ RunTime:0.001012s ]
[2026-08-18T21:10:57+08:00][sql] SHOW FULL COLUMNS FROM `news` [ RunTime:0.001454s ]
[2026-08-18T21:10:57+08:00][sql] SELECT `id`,`title`,`create_time` FROM `news` WHERE  `status` = 1 ORDER BY `id` DESC LIMIT 3 [ RunTime:0.000914s ]
[2026-08-18T21:10:57+08:00][sql] SHOW FULL COLUMNS FROM `banner` [ RunTime:0.001498s ]
[2026-08-18T21:10:57+08:00][sql] SELECT * FROM `banner` WHERE  `status` = 1 ORDER BY `sort` ASC,`id` ASC [ RunTime:0.001100s ]
[2026-08-18T21:11:00+08:00][sql] CONNECT:[ UseTime:0.014578s ] mysql:host=127.0.0.1;port=3306;dbname=auction;charset=utf8mb4
[2026-08-18T21:11:00+08:00][sql] SHOW FULL COLUMNS FROM `goods` [ RunTime:0.001657s ]
[2026-08-18T21:11:00+08:00][sql] SELECT `id` FROM `goods` WHERE  `status` = 1  AND `end_time` <= 1787058660 [ RunTime:0.001094s ]
[2026-08-18T21:11:00+08:00][sql] SHOW FULL COLUMNS FROM `user` [ RunTime:0.002015s ]
[2026-08-18T21:11:00+08:00][sql] SELECT * FROM `user` WHERE  `id` = 20 LIMIT 1 [ RunTime:0.001095s ]
[2026-08-18T21:11:00+08:00][sql] SHOW FULL COLUMNS FROM `setting` [ RunTime:0.001573s ]
[2026-08-18T21:11:00+08:00][sql] SELECT * FROM `setting` [ RunTime:0.000874s ]
[2026-08-18T21:11:00+08:00][sql] SHOW FULL COLUMNS FROM `bid_record` [ RunTime:0.001699s ]
[2026-08-18T21:11:00+08:00][sql] SELECT COUNT(*) AS think_count FROM `bid_record` WHERE  `user_id` = 20 [ RunTime:0.001221s ]
[2026-08-18T21:11:00+08:00][sql] SHOW FULL COLUMNS FROM `order` [ RunTime:0.001764s ]
[2026-08-18T21:11:00+08:00][sql] SELECT COUNT(*) AS think_count FROM `order` WHERE  `buyer_id` = 20  AND `pay_status` = 1 [ RunTime:0.000954s ]
[2026-08-18T21:11:00+08:00][sql] SELECT COUNT(*) AS think_count FROM `goods` WHERE  `seller_id` = 20  AND `status` = 2 [ RunTime:0.003277s ]
[2026-08-18T21:11:00+08:00][sql] SELECT COUNT(*) AS think_count FROM `goods` WHERE  `seller_id` = 20 [ RunTime:0.001055s ]
[2026-08-18T21:11:00+08:00][sql] SELECT COUNT(*) AS think_count FROM `order` WHERE  `buyer_id` = 20  AND `pay_status` = 0  AND `order_status` = 0 [ RunTime:0.000996s ]
[2026-08-18T21:11:00+08:00][sql] SELECT COUNT(*) AS think_count FROM `order` WHERE  `seller_id` = 20  AND `order_status` = 1 [ RunTime:0.000935s ]
[2026-08-18T21:11:00+08:00][sql] SELECT COUNT(*) AS think_count FROM `order` WHERE  `buyer_id` = 20  AND `order_status` = 0  AND `pay_status` = 0 [ RunTime:0.000909s ]
[2026-08-18T21:11:00+08:00][sql] SELECT COUNT(*) AS think_count FROM `order` WHERE  `buyer_id` = 20  AND `order_status` = 1 [ RunTime:0.000896s ]
[2026-08-18T21:11:00+08:00][sql] SELECT COUNT(*) AS think_count FROM `order` WHERE  `buyer_id` = 20  AND `order_status` = 2 [ RunTime:0.000875s ]
[2026-08-18T21:11:00+08:00][sql] SELECT COUNT(*) AS think_count FROM `order` WHERE  `buyer_id` = 20  AND `order_status` = 3 [ RunTime:0.000743s ]
[2026-08-18T21:11:00+08:00][sql] SELECT COUNT(*) AS think_count FROM `order` WHERE  `seller_id` = 20  AND `order_status` = 1 [ RunTime:0.001039s ]
[2026-08-18T21:11:00+08:00][sql] SHOW FULL COLUMNS FROM `goods_favorite` [ RunTime:0.001508s ]
[2026-08-18T21:11:00+08:00][sql] SELECT COUNT(*) AS think_count FROM `goods_favorite` WHERE  `user_id` = 20 [ RunTime:0.000996s ]
[2026-08-18T21:11:00+08:00][sql] SHOW FULL COLUMNS FROM `seller_follow` [ RunTime:0.001633s ]
[2026-08-18T21:11:00+08:00][sql] SELECT COUNT(*) AS think_count FROM `seller_follow` WHERE  `user_id` = 20 [ RunTime:0.000922s ]
[2026-08-18T21:11:00+08:00][sql] SHOW FULL COLUMNS FROM `browse_history` [ RunTime:0.001578s ]
[2026-08-18T21:11:00+08:00][sql] SELECT COUNT(*) AS think_count FROM `browse_history` WHERE  `user_id` = 20 [ RunTime:0.000992s ]
[2026-08-18T21:11:00+08:00][sql] SHOW FULL COLUMNS FROM `balance_log` [ RunTime:0.001575s ]
[2026-08-18T21:11:00+08:00][sql] SELECT * FROM `balance_log` WHERE  `user_id` = 20 ORDER BY `id` DESC LIMIT 5 [ RunTime:0.000929s ]
[2026-08-18T21:11:00+08:00][sql] SELECT `b`.*,`g`.`title`,`g`.`cover`,g.status as goods_status,`g`.`end_time` FROM `bid_record` `b` LEFT JOIN `goods` `g` ON `b`.`goods_id`=`g`.`id` WHERE  `b`.`user_id` = '20' ORDER BY `b`.`id` DESC LIMIT 5 [ RunTime:0.000997s ]
[2026-08-18T21:11:00+08:00][sql] SELECT `id`,`nickname`,`mobile`,`reg_time` FROM `user` WHERE  `pid` = 20 ORDER BY `id` DESC LIMIT 10 [ RunTime:0.000897s ]
[2026-08-18T21:11:12+08:00][sql] CONNECT:[ UseTime:0.010724s ] mysql:host=127.0.0.1;port=3306;dbname=auction;charset=utf8mb4
[2026-08-18T21:11:12+08:00][sql] SHOW FULL COLUMNS FROM `goods` [ RunTime:0.001438s ]
[2026-08-18T21:11:12+08:00][sql] SELECT `id` FROM `goods` WHERE  `status` = 1  AND `end_time` <= 1787058672 [ RunTime:0.000759s ]
[2026-08-18T21:11:12+08:00][sql] SHOW FULL COLUMNS FROM `user` [ RunTime:0.001222s ]
[2026-08-18T21:11:12+08:00][sql] SELECT * FROM `user` WHERE  `id` = 20 LIMIT 1 [ RunTime:0.000766s ]
[2026-08-18T21:11:12+08:00][sql] SHOW FULL COLUMNS FROM `setting` [ RunTime:0.001032s ]
[2026-08-18T21:11:12+08:00][sql] SELECT * FROM `setting` [ RunTime:0.000523s ]
[2026-08-18T21:11:12+08:00][sql] SELECT * FROM `user` WHERE  `id` = 20 LIMIT 1 [ RunTime:0.000649s ]
[2026-08-18T21:11:21+08:00][sql] CONNECT:[ UseTime:0.013555s ] mysql:host=127.0.0.1;port=3306;dbname=auction;charset=utf8mb4
[2026-08-18T21:11:21+08:00][sql] SHOW FULL COLUMNS FROM `goods` [ RunTime:0.001958s ]
[2026-08-18T21:11:21+08:00][sql] SELECT `id` FROM `goods` WHERE  `status` = 1  AND `end_time` <= 1787058681 [ RunTime:0.001008s ]
[2026-08-18T21:11:21+08:00][sql] SHOW FULL COLUMNS FROM `user` [ RunTime:0.002256s ]
[2026-08-18T21:11:21+08:00][sql] SELECT * FROM `user` WHERE  `id` = 20 LIMIT 1 [ RunTime:0.001277s ]
[2026-08-18T21:11:21+08:00][sql] SHOW FULL COLUMNS FROM `setting` [ RunTime:0.001796s ]
[2026-08-18T21:11:21+08:00][sql] SELECT * FROM `setting` [ RunTime:0.001007s ]
[2026-08-18T21:11:21+08:00][sql] SELECT COUNT(*) AS think_count FROM `goods` `g` LEFT JOIN `user` `u` ON `g`.`seller_id`=`u`.`id` WHERE  `g`.`status` = '1'  AND `g`.`start_time` <= '1787058681'  AND `g`.`end_time` > '1787058681' [ RunTime:0.001218s ]
[2026-08-18T21:11:21+08:00][sql] SELECT `g`.*,u.nickname as seller_name FROM `goods` `g` LEFT JOIN `user` `u` ON `g`.`seller_id`=`u`.`id` WHERE  `g`.`status` = '1'  AND `g`.`start_time` <= '1787058681'  AND `g`.`end_time` > '1787058681' ORDER BY `g`.`end_time` ASC,`g`.`id` DESC LIMIT 0,10 [ RunTime:0.001631s ]
[2026-08-18T21:11:21+08:00][sql] SHOW FULL COLUMNS FROM `bid_record` [ RunTime:0.001668s ]
[2026-08-18T21:11:21+08:00][sql] SELECT MAX(`price`) AS think_max FROM `bid_record` WHERE  `goods_id` = 28  AND `status` = 0 [ RunTime:0.001156s ]
[2026-08-18T21:11:21+08:00][sql] SHOW FULL COLUMNS FROM `category` [ RunTime:0.001849s ]
[2026-08-18T21:11:21+08:00][sql] SELECT * FROM `category` WHERE  `status` = 1 ORDER BY `sort` ASC [ RunTime:0.001187s ]
[2026-08-18T21:11:21+08:00][sql] SELECT `b`.`price`,`b`.`create_time`,`g`.`title`,`u`.`nickname` FROM `bid_record` `b` LEFT JOIN `goods` `g` ON `b`.`goods_id`=`g`.`id` LEFT JOIN `user` `u` ON `b`.`user_id`=`u`.`id` WHERE  `b`.`status` = '1' ORDER BY `b`.`id` DESC LIMIT 5 [ RunTime:0.001180s ]
[2026-08-18T21:11:21+08:00][sql] SHOW FULL COLUMNS FROM `news` [ RunTime:0.001760s ]
[2026-08-18T21:11:21+08:00][sql] SELECT `id`,`title`,`create_time` FROM `news` WHERE  `status` = 1 ORDER BY `id` DESC LIMIT 3 [ RunTime:0.000591s ]
[2026-08-18T21:11:21+08:00][sql] SHOW FULL COLUMNS FROM `banner` [ RunTime:0.001145s ]
[2026-08-18T21:11:21+08:00][sql] SELECT * FROM `banner` WHERE  `status` = 1 ORDER BY `sort` ASC,`id` ASC [ RunTime:0.001179s ]
[2026-08-18T21:14:43+08:00][sql] CONNECT:[ UseTime:0.001858s ] mysql:host=127.0.0.1;port=3306;dbname=auction;charset=utf8mb4
[2026-08-18T21:14:43+08:00][sql] SHOW FULL COLUMNS FROM `goods` [ RunTime:0.001375s ]
[2026-08-18T21:14:43+08:00][sql] SELECT `id` FROM `goods` WHERE  `status` = 1  AND `end_time` <= 1787058883 [ RunTime:0.000688s ]
[2026-08-18T21:14:43+08:00][sql] SHOW FULL COLUMNS FROM `user` [ RunTime:0.001170s ]
[2026-08-18T21:14:43+08:00][sql] SELECT * FROM `user` WHERE  `id` = 25 LIMIT 1 [ RunTime:0.000850s ]
[2026-08-18T21:14:43+08:00][sql] SHOW FULL COLUMNS FROM `setting` [ RunTime:0.001046s ]
[2026-08-18T21:14:43+08:00][sql] SELECT * FROM `setting` [ RunTime:0.000614s ]
[2026-08-18T21:14:43+08:00][sql] SELECT COUNT(*) AS think_count FROM `goods` `g` LEFT JOIN `user` `u` ON `g`.`seller_id`=`u`.`id` WHERE  `g`.`status` = '1'  AND `g`.`start_time` <= '1787058883'  AND `g`.`end_time` > '1787058883' [ RunTime:0.000892s ]
[2026-08-18T21:14:43+08:00][sql] SELECT `g`.*,u.nickname as seller_name FROM `goods` `g` LEFT JOIN `user` `u` ON `g`.`seller_id`=`u`.`id` WHERE  `g`.`status` = '1'  AND `g`.`start_time` <= '1787058883'  AND `g`.`end_time` > '1787058883' ORDER BY `g`.`end_time` ASC,`g`.`id` DESC LIMIT 0,10 [ RunTime:0.000969s ]
[2026-08-18T21:14:43+08:00][sql] SHOW FULL COLUMNS FROM `bid_record` [ RunTime:0.001086s ]
[2026-08-18T21:14:43+08:00][sql] SELECT MAX(`price`) AS think_max FROM `bid_record` WHERE  `goods_id` = 28  AND `status` = 0 [ RunTime:0.000725s ]
[2026-08-18T21:14:43+08:00][sql] SHOW FULL COLUMNS FROM `category` [ RunTime:0.001113s ]
[2026-08-18T21:14:43+08:00][sql] SELECT * FROM `category` WHERE  `status` = 1 ORDER BY `sort` ASC [ RunTime:0.000626s ]
[2026-08-18T21:14:43+08:00][sql] SELECT `b`.`price`,`b`.`create_time`,`g`.`title`,`u`.`nickname` FROM `bid_record` `b` LEFT JOIN `goods` `g` ON `b`.`goods_id`=`g`.`id` LEFT JOIN `user` `u` ON `b`.`user_id`=`u`.`id` WHERE  `b`.`status` = '1' ORDER BY `b`.`id` DESC LIMIT 5 [ RunTime:0.000648s ]
[2026-08-18T21:14:43+08:00][sql] SHOW FULL COLUMNS FROM `news` [ RunTime:0.001589s ]
[2026-08-18T21:14:43+08:00][sql] SELECT `id`,`title`,`create_time` FROM `news` WHERE  `status` = 1 ORDER BY `id` DESC LIMIT 3 [ RunTime:0.000649s ]
[2026-08-18T21:14:43+08:00][sql] SHOW FULL COLUMNS FROM `banner` [ RunTime:0.000936s ]
[2026-08-18T21:14:43+08:00][sql] SELECT * FROM `banner` WHERE  `status` = 1 ORDER BY `sort` ASC,`id` ASC [ RunTime:0.000702s ]
[2026-08-18T21:14:47+08:00][sql] CONNECT:[ UseTime:0.001890s ] mysql:host=127.0.0.1;port=3306;dbname=auction;charset=utf8mb4
[2026-08-18T21:14:47+08:00][sql] SHOW FULL COLUMNS FROM `goods` [ RunTime:0.001418s ]
[2026-08-18T21:14:47+08:00][sql] SELECT `id` FROM `goods` WHERE  `status` = 1  AND `end_time` <= 1787058887 [ RunTime:0.000760s ]
[2026-08-18T21:14:47+08:00][sql] SHOW FULL COLUMNS FROM `user` [ RunTime:0.001546s ]
[2026-08-18T21:14:47+08:00][sql] SELECT * FROM `user` WHERE  `id` = 25 LIMIT 1 [ RunTime:0.000895s ]
[2026-08-18T21:14:47+08:00][sql] SHOW FULL COLUMNS FROM `setting` [ RunTime:0.001218s ]
[2026-08-18T21:14:47+08:00][sql] SELECT * FROM `setting` [ RunTime:0.000742s ]
[2026-08-18T21:14:47+08:00][sql] SELECT `g`.*,u.nickname as seller_name,u.shop_name as seller_shop,u.avatar as seller_avatar,c.name as category_name FROM `goods` `g` LEFT JOIN `user` `u` ON `g`.`seller_id`=`u`.`id` LEFT JOIN `category` `c` ON `g`.`category_id`=`c`.`id` WHERE  `g`.`id` = '28' LIMIT 1 [ RunTime:0.001324s ]
[2026-08-18T21:14:47+08:00][sql] UPDATE `goods`  SET `view_count` = `view_count` + 1  WHERE  `id` = 28 [ RunTime:0.002192s ]
[2026-08-18T21:14:47+08:00][sql] SHOW FULL COLUMNS FROM `bid_record` [ RunTime:0.001278s ]
[2026-08-18T21:14:47+08:00][sql] SELECT `b`.*,`u`.`nickname`,`u`.`mobile` FROM `bid_record` `b` LEFT JOIN `user` `u` ON `b`.`user_id`=`u`.`id` WHERE  `b`.`goods_id` = '28'  AND `b`.`status` = '0' ORDER BY `b`.`price` DESC,`b`.`id` ASC LIMIT 1 [ RunTime:0.000969s ]
[2026-08-18T21:14:47+08:00][sql] SELECT `b`.*,`u`.`nickname`,`u`.`mobile` FROM `bid_record` `b` LEFT JOIN `user` `u` ON `b`.`user_id`=`u`.`id` WHERE  `b`.`goods_id` = '28' ORDER BY `b`.`price` DESC,`b`.`id` ASC LIMIT 50 [ RunTime:0.000831s ]
[2026-08-18T21:14:47+08:00][sql] SELECT MAX(`price`) AS think_max FROM `bid_record` WHERE  `goods_id` = 28  AND `user_id` = 25  AND `status` = 0 [ RunTime:0.000800s ]
[2026-08-18T21:14:47+08:00][sql] SELECT MAX(`deposit`) AS think_max FROM `bid_record` WHERE  `goods_id` = 28  AND `user_id` = 25  AND `deposit` > '0' [ RunTime:0.000975s ]
[2026-08-18T21:14:47+08:00][sql] SHOW FULL COLUMNS FROM `browse_history` [ RunTime:0.001003s ]
[2026-08-18T21:14:47+08:00][sql] REPLACE INTO `browse_history` SET `user_id` = 25 , `goods_id` = 28 , `create_time` = 1787058887 [ RunTime:0.001720s ]
[2026-08-18T21:14:47+08:00][sql] SHOW FULL COLUMNS FROM `goods_favorite` [ RunTime:0.003277s ]
[2026-08-18T21:14:47+08:00][sql] SELECT COUNT(*) AS think_count FROM `goods_favorite` WHERE  `user_id` = 25  AND `goods_id` = 28 [ RunTime:0.000764s ]
[2026-08-18T21:14:47+08:00][sql] SHOW FULL COLUMNS FROM `seller_follow` [ RunTime:0.003256s ]
[2026-08-18T21:14:47+08:00][sql] SELECT COUNT(*) AS think_count FROM `seller_follow` WHERE  `user_id` = 25  AND `seller_id` = 20 [ RunTime:0.000690s ]
[2026-08-18T21:16:54+08:00][sql] CONNECT:[ UseTime:0.006288s ] mysql:host=127.0.0.1;port=3306;dbname=auction;charset=utf8mb4
[2026-08-18T21:16:54+08:00][sql] SHOW FULL COLUMNS FROM `goods` [ RunTime:0.001458s ]
[2026-08-18T21:16:54+08:00][sql] SELECT `id` FROM `goods` WHERE  `status` = 1  AND `end_time` <= 1787059014 [ RunTime:0.000836s ]
[2026-08-18T21:16:54+08:00][sql] SHOW FULL COLUMNS FROM `user` [ RunTime:0.001507s ]
[2026-08-18T21:16:54+08:00][sql] SELECT * FROM `user` WHERE  `id` = 25 LIMIT 1 [ RunTime:0.000990s ]
[2026-08-18T21:16:54+08:00][sql] SHOW FULL COLUMNS FROM `setting` [ RunTime:0.001250s ]
[2026-08-18T21:16:54+08:00][sql] SELECT * FROM `setting` [ RunTime:0.000760s ]
[2026-08-18T21:16:54+08:00][sql] SELECT `g`.*,u.nickname as seller_name,u.shop_name as seller_shop,u.avatar as seller_avatar,c.name as category_name FROM `goods` `g` LEFT JOIN `user` `u` ON `g`.`seller_id`=`u`.`id` LEFT JOIN `category` `c` ON `g`.`category_id`=`c`.`id` WHERE  `g`.`id` = '28' LIMIT 1 [ RunTime:0.001276s ]
[2026-08-18T21:16:54+08:00][sql] UPDATE `goods`  SET `view_count` = `view_count` + 1  WHERE  `id` = 28 [ RunTime:0.005255s ]
[2026-08-18T21:16:54+08:00][sql] SHOW FULL COLUMNS FROM `bid_record` [ RunTime:0.001477s ]
[2026-08-18T21:16:54+08:00][sql] SELECT `b`.*,`u`.`nickname`,`u`.`mobile` FROM `bid_record` `b` LEFT JOIN `user` `u` ON `b`.`user_id`=`u`.`id` WHERE  `b`.`goods_id` = '28'  AND `b`.`status` = '0' ORDER BY `b`.`price` DESC,`b`.`id` ASC LIMIT 1 [ RunTime:0.001034s ]
[2026-08-18T21:16:54+08:00][sql] SELECT `b`.*,`u`.`nickname`,`u`.`mobile` FROM `bid_record` `b` LEFT JOIN `user` `u` ON `b`.`user_id`=`u`.`id` WHERE  `b`.`goods_id` = '28' ORDER BY `b`.`price` DESC,`b`.`id` ASC LIMIT 50 [ RunTime:0.000767s ]
[2026-08-18T21:16:54+08:00][sql] SELECT MAX(`price`) AS think_max FROM `bid_record` WHERE  `goods_id` = 28  AND `user_id` = 25  AND `status` = 0 [ RunTime:0.000774s ]
[2026-08-18T21:16:54+08:00][sql] SELECT MAX(`deposit`) AS think_max FROM `bid_record` WHERE  `goods_id` = 28  AND `user_id` = 25  AND `deposit` > '0' [ RunTime:0.000785s ]
[2026-08-18T21:16:54+08:00][sql] SHOW FULL COLUMNS FROM `browse_history` [ RunTime:0.001311s ]
[2026-08-18T21:16:54+08:00][sql] REPLACE INTO `browse_history` SET `user_id` = 25 , `goods_id` = 28 , `create_time` = 1787059014 [ RunTime:0.001697s ]
[2026-08-18T21:16:54+08:00][sql] SHOW FULL COLUMNS FROM `goods_favorite` [ RunTime:0.002648s ]
[2026-08-18T21:16:54+08:00][sql] SELECT COUNT(*) AS think_count FROM `goods_favorite` WHERE  `user_id` = 25  AND `goods_id` = 28 [ RunTime:0.000793s ]
[2026-08-18T21:16:54+08:00][sql] SHOW FULL COLUMNS FROM `seller_follow` [ RunTime:0.001201s ]
[2026-08-18T21:16:54+08:00][sql] SELECT COUNT(*) AS think_count FROM `seller_follow` WHERE  `user_id` = 25  AND `seller_id` = 20 [ RunTime:0.000746s ]
[2026-08-18T21:20:39+08:00][sql] CONNECT:[ UseTime:0.009461s ] mysql:host=127.0.0.1;port=3306;dbname=auction;charset=utf8mb4
[2026-08-18T21:20:39+08:00][sql] SHOW FULL COLUMNS FROM `goods` [ RunTime:0.001551s ]
[2026-08-18T21:20:39+08:00][sql] SELECT `id` FROM `goods` WHERE  `status` = 1  AND `end_time` <= 1787059239 [ RunTime:0.000806s ]
[2026-08-18T21:20:39+08:00][sql] SHOW FULL COLUMNS FROM `user` [ RunTime:0.001445s ]
[2026-08-18T21:20:39+08:00][sql] SELECT * FROM `user` WHERE  `id` = 25 LIMIT 1 [ RunTime:0.000747s ]
[2026-08-18T21:20:39+08:00][sql] SHOW FULL COLUMNS FROM `setting` [ RunTime:0.001093s ]
[2026-08-18T21:20:39+08:00][sql] SELECT * FROM `setting` [ RunTime:0.000608s ]
[2026-08-18T21:20:39+08:00][sql] SELECT `g`.*,u.nickname as seller_name,u.shop_name as seller_shop,u.avatar as seller_avatar,c.name as category_name FROM `goods` `g` LEFT JOIN `user` `u` ON `g`.`seller_id`=`u`.`id` LEFT JOIN `category` `c` ON `g`.`category_id`=`c`.`id` WHERE  `g`.`id` = '28' LIMIT 1 [ RunTime:0.000963s ]
[2026-08-18T21:20:39+08:00][sql] UPDATE `goods`  SET `view_count` = `view_count` + 1  WHERE  `id` = 28 [ RunTime:0.001979s ]
[2026-08-18T21:20:39+08:00][sql] SHOW FULL COLUMNS FROM `bid_record` [ RunTime:0.001197s ]
[2026-08-18T21:20:39+08:00][sql] SELECT `b`.*,`u`.`nickname`,`u`.`mobile` FROM `bid_record` `b` LEFT JOIN `user` `u` ON `b`.`user_id`=`u`.`id` WHERE  `b`.`goods_id` = '28'  AND `b`.`status` = '0' ORDER BY `b`.`price` DESC,`b`.`id` ASC LIMIT 1 [ RunTime:0.000873s ]
[2026-08-18T21:20:39+08:00][sql] SELECT `b`.*,`u`.`nickname`,`u`.`mobile` FROM `bid_record` `b` LEFT JOIN `user` `u` ON `b`.`user_id`=`u`.`id` WHERE  `b`.`goods_id` = '28' ORDER BY `b`.`price` DESC,`b`.`id` ASC LIMIT 50 [ RunTime:0.000824s ]
[2026-08-18T21:20:39+08:00][sql] SELECT MAX(`price`) AS think_max FROM `bid_record` WHERE  `goods_id` = 28  AND `user_id` = 25  AND `status` = 0 [ RunTime:0.000696s ]
[2026-08-18T21:20:39+08:00][sql] SELECT MAX(`deposit`) AS think_max FROM `bid_record` WHERE  `goods_id` = 28  AND `user_id` = 25  AND `deposit` > '0' [ RunTime:0.000692s ]
[2026-08-18T21:20:39+08:00][sql] SHOW FULL COLUMNS FROM `browse_history` [ RunTime:0.001125s ]
[2026-08-18T21:20:39+08:00][sql] REPLACE INTO `browse_history` SET `user_id` = 25 , `goods_id` = 28 , `create_time` = 1787059239 [ RunTime:0.001682s ]
[2026-08-18T21:20:39+08:00][sql] SHOW FULL COLUMNS FROM `goods_favorite` [ RunTime:0.001178s ]
[2026-08-18T21:20:39+08:00][sql] SELECT COUNT(*) AS think_count FROM `goods_favorite` WHERE  `user_id` = 25  AND `goods_id` = 28 [ RunTime:0.000737s ]
[2026-08-18T21:20:39+08:00][sql] SHOW FULL COLUMNS FROM `seller_follow` [ RunTime:0.001231s ]
[2026-08-18T21:20:39+08:00][sql] SELECT COUNT(*) AS think_count FROM `seller_follow` WHERE  `user_id` = 25  AND `seller_id` = 20 [ RunTime:0.000831s ]
[2026-08-18T21:21:04+08:00][sql] CONNECT:[ UseTime:0.015312s ] mysql:host=127.0.0.1;port=3306;dbname=auction;charset=utf8mb4
[2026-08-18T21:21:04+08:00][sql] SHOW FULL COLUMNS FROM `goods` [ RunTime:0.002277s ]
[2026-08-18T21:21:04+08:00][sql] SELECT `id` FROM `goods` WHERE  `status` = 1  AND `end_time` <= 1787059264 [ RunTime:0.001178s ]
[2026-08-18T21:21:04+08:00][sql] SHOW FULL COLUMNS FROM `user` [ RunTime:0.002155s ]
[2026-08-18T21:21:04+08:00][sql] SELECT * FROM `user` WHERE  `id` = 25 LIMIT 1 [ RunTime:0.001232s ]
[2026-08-18T21:21:04+08:00][sql] SHOW FULL COLUMNS FROM `setting` [ RunTime:0.001534s ]
[2026-08-18T21:21:04+08:00][sql] SELECT * FROM `setting` [ RunTime:0.001002s ]
[2026-08-18T21:21:04+08:00][sql] SELECT `g`.*,u.nickname as seller_name,u.shop_name as seller_shop,u.avatar as seller_avatar,c.name as category_name FROM `goods` `g` LEFT JOIN `user` `u` ON `g`.`seller_id`=`u`.`id` LEFT JOIN `category` `c` ON `g`.`category_id`=`c`.`id` WHERE  `g`.`id` = '28' LIMIT 1 [ RunTime:0.001673s ]
[2026-08-18T21:21:04+08:00][sql] UPDATE `goods`  SET `view_count` = `view_count` + 1  WHERE  `id` = 28 [ RunTime:0.002671s ]
[2026-08-18T21:21:04+08:00][sql] SHOW FULL COLUMNS FROM `bid_record` [ RunTime:0.001710s ]
[2026-08-18T21:21:04+08:00][sql] SELECT `b`.*,`u`.`nickname`,`u`.`mobile` FROM `bid_record` `b` LEFT JOIN `user` `u` ON `b`.`user_id`=`u`.`id` WHERE  `b`.`goods_id` = '28'  AND `b`.`status` = '0' ORDER BY `b`.`price` DESC,`b`.`id` ASC LIMIT 1 [ RunTime:0.001351s ]
[2026-08-18T21:21:04+08:00][sql] SELECT `b`.*,`u`.`nickname`,`u`.`mobile` FROM `bid_record` `b` LEFT JOIN `user` `u` ON `b`.`user_id`=`u`.`id` WHERE  `b`.`goods_id` = '28' ORDER BY `b`.`price` DESC,`b`.`id` ASC LIMIT 50 [ RunTime:0.001049s ]
[2026-08-18T21:21:04+08:00][sql] SELECT MAX(`price`) AS think_max FROM `bid_record` WHERE  `goods_id` = 28  AND `user_id` = 25  AND `status` = 0 [ RunTime:0.000904s ]
[2026-08-18T21:21:04+08:00][sql] SELECT MAX(`deposit`) AS think_max FROM `bid_record` WHERE  `goods_id` = 28  AND `user_id` = 25  AND `deposit` > '0' [ RunTime:0.000871s ]
[2026-08-18T21:21:04+08:00][sql] SHOW FULL COLUMNS FROM `browse_history` [ RunTime:0.001370s ]
[2026-08-18T21:21:04+08:00][sql] REPLACE INTO `browse_history` SET `user_id` = 25 , `goods_id` = 28 , `create_time` = 1787059264 [ RunTime:0.001967s ]
[2026-08-18T21:21:04+08:00][sql] SHOW FULL COLUMNS FROM `goods_favorite` [ RunTime:0.003629s ]
[2026-08-18T21:21:04+08:00][sql] SELECT COUNT(*) AS think_count FROM `goods_favorite` WHERE  `user_id` = 25  AND `goods_id` = 28 [ RunTime:0.000846s ]
[2026-08-18T21:21:04+08:00][sql] SHOW FULL COLUMNS FROM `seller_follow` [ RunTime:0.001515s ]
[2026-08-18T21:21:04+08:00][sql] SELECT COUNT(*) AS think_count FROM `seller_follow` WHERE  `user_id` = 25  AND `seller_id` = 20 [ RunTime:0.000842s ]
[2026-08-18T21:22:48+08:00][sql] CONNECT:[ UseTime:0.014719s ] mysql:host=127.0.0.1;port=3306;dbname=auction;charset=utf8mb4
[2026-08-18T21:22:48+08:00][sql] SHOW FULL COLUMNS FROM `goods` [ RunTime:0.002072s ]
[2026-08-18T21:22:48+08:00][sql] SELECT `id` FROM `goods` WHERE  `status` = 1  AND `end_time` <= 1787059368 [ RunTime:0.001424s ]
[2026-08-18T21:22:48+08:00][sql] SHOW FULL COLUMNS FROM `user` [ RunTime:0.002139s ]
[2026-08-18T21:22:48+08:00][sql] SELECT * FROM `user` WHERE  `id` = 25 LIMIT 1 [ RunTime:0.001331s ]
[2026-08-18T21:22:48+08:00][sql] SHOW FULL COLUMNS FROM `setting` [ RunTime:0.001667s ]
[2026-08-18T21:22:48+08:00][sql] SELECT * FROM `setting` [ RunTime:0.000948s ]
[2026-08-18T21:22:48+08:00][sql] SHOW FULL COLUMNS FROM `bid_record` [ RunTime:0.002000s ]
[2026-08-18T21:22:48+08:00][sql] SELECT COUNT(*) AS think_count FROM `bid_record` WHERE  `user_id` = 25 [ RunTime:0.001037s ]
[2026-08-18T21:22:48+08:00][sql] SHOW FULL COLUMNS FROM `order` [ RunTime:0.002166s ]
[2026-08-18T21:22:48+08:00][sql] SELECT COUNT(*) AS think_count FROM `order` WHERE  `buyer_id` = 25  AND `pay_status` = 1 [ RunTime:0.001139s ]
[2026-08-18T21:22:48+08:00][sql] SELECT COUNT(*) AS think_count FROM `goods` WHERE  `seller_id` = 25  AND `status` = 2 [ RunTime:0.003315s ]
[2026-08-18T21:22:48+08:00][sql] SELECT COUNT(*) AS think_count FROM `goods` WHERE  `seller_id` = 25 [ RunTime:0.000931s ]
[2026-08-18T21:22:48+08:00][sql] SELECT COUNT(*) AS think_count FROM `order` WHERE  `buyer_id` = 25  AND `pay_status` = 0  AND `order_status` = 0 [ RunTime:0.000940s ]
[2026-08-18T21:22:48+08:00][sql] SELECT COUNT(*) AS think_count FROM `order` WHERE  `seller_id` = 25  AND `order_status` = 1 [ RunTime:0.001104s ]
[2026-08-18T21:22:48+08:00][sql] SELECT COUNT(*) AS think_count FROM `order` WHERE  `buyer_id` = 25  AND `order_status` = 0  AND `pay_status` = 0 [ RunTime:0.001205s ]
[2026-08-18T21:22:48+08:00][sql] SELECT COUNT(*) AS think_count FROM `order` WHERE  `buyer_id` = 25  AND `order_status` = 1 [ RunTime:0.001119s ]
[2026-08-18T21:22:48+08:00][sql] SELECT COUNT(*) AS think_count FROM `order` WHERE  `buyer_id` = 25  AND `order_status` = 2 [ RunTime:0.001037s ]
[2026-08-18T21:22:48+08:00][sql] SELECT COUNT(*) AS think_count FROM `order` WHERE  `buyer_id` = 25  AND `order_status` = 3 [ RunTime:0.001047s ]
[2026-08-18T21:22:48+08:00][sql] SELECT COUNT(*) AS think_count FROM `order` WHERE  `seller_id` = 25  AND `order_status` = 1 [ RunTime:0.001046s ]
[2026-08-18T21:22:48+08:00][sql] SHOW FULL COLUMNS FROM `goods_favorite` [ RunTime:0.001838s ]
[2026-08-18T21:22:48+08:00][sql] SELECT COUNT(*) AS think_count FROM `goods_favorite` WHERE  `user_id` = 25 [ RunTime:0.001238s ]
[2026-08-18T21:22:48+08:00][sql] SHOW FULL COLUMNS FROM `seller_follow` [ RunTime:0.001566s ]
[2026-08-18T21:22:48+08:00][sql] SELECT COUNT(*) AS think_count FROM `seller_follow` WHERE  `user_id` = 25 [ RunTime:0.001030s ]
[2026-08-18T21:22:48+08:00][sql] SHOW FULL COLUMNS FROM `browse_history` [ RunTime:0.001632s ]
[2026-08-18T21:22:48+08:00][sql] SELECT COUNT(*) AS think_count FROM `browse_history` WHERE  `user_id` = 25 [ RunTime:0.001033s ]
[2026-08-18T21:22:48+08:00][sql] SHOW FULL COLUMNS FROM `balance_log` [ RunTime:0.001322s ]
[2026-08-18T21:22:48+08:00][sql] SELECT * FROM `balance_log` WHERE  `user_id` = 25 ORDER BY `id` DESC LIMIT 5 [ RunTime:0.001031s ]
[2026-08-18T21:22:48+08:00][sql] SELECT `b`.*,`g`.`title`,`g`.`cover`,g.status as goods_status,`g`.`end_time` FROM `bid_record` `b` LEFT JOIN `goods` `g` ON `b`.`goods_id`=`g`.`id` WHERE  `b`.`user_id` = '25' ORDER BY `b`.`id` DESC LIMIT 5 [ RunTime:0.000775s ]
[2026-08-18T21:22:48+08:00][sql] SELECT `id`,`nickname`,`mobile`,`reg_time` FROM `user` WHERE  `pid` = 25 ORDER BY `id` DESC LIMIT 10 [ RunTime:0.000894s ]
[2026-08-18T21:22:51+08:00][sql] CONNECT:[ UseTime:0.002227s ] mysql:host=127.0.0.1;port=3306;dbname=auction;charset=utf8mb4
[2026-08-18T21:22:51+08:00][sql] SHOW FULL COLUMNS FROM `goods` [ RunTime:0.001547s ]
[2026-08-18T21:22:51+08:00][sql] SELECT `id` FROM `goods` WHERE  `status` = 1  AND `end_time` <= 1787059371 [ RunTime:0.000857s ]
[2026-08-18T21:22:51+08:00][sql] SHOW FULL COLUMNS FROM `user` [ RunTime:0.001693s ]
[2026-08-18T21:22:51+08:00][sql] SELECT * FROM `user` WHERE  `id` = 25 LIMIT 1 [ RunTime:0.001321s ]
[2026-08-18T21:22:51+08:00][sql] SHOW FULL COLUMNS FROM `setting` [ RunTime:0.001471s ]
[2026-08-18T21:22:51+08:00][sql] SELECT * FROM `setting` [ RunTime:0.000712s ]
[2026-08-18T21:22:51+08:00][sql] SELECT * FROM `user` WHERE  `id` = 25 LIMIT 1 [ RunTime:0.001003s ]
[2026-08-18T21:22:51+08:00][sql] SHOW FULL COLUMNS FROM `order` [ RunTime:0.001615s ]
[2026-08-18T21:22:51+08:00][sql] SELECT COUNT(*) AS think_count FROM `order` WHERE  `buyer_id` = 25  AND `order_status` = 0  AND `pay_status` = 0 [ RunTime:0.000827s ]
[2026-08-18T21:22:51+08:00][sql] SELECT COUNT(*) AS think_count FROM `order` WHERE  `buyer_id` = 25  AND `order_status` = 3 [ RunTime:0.000722s ]
[2026-08-18T21:22:51+08:00][sql] SHOW FULL COLUMNS FROM `balance_log` [ RunTime:0.001213s ]
[2026-08-18T21:22:51+08:00][sql] SELECT * FROM `balance_log` WHERE  `user_id` = 25 ORDER BY `id` DESC LIMIT 8 [ RunTime:0.001239s ]
[2026-08-18T21:22:53+08:00][sql] CONNECT:[ UseTime:0.024389s ] mysql:host=127.0.0.1;port=3306;dbname=auction;charset=utf8mb4
[2026-08-18T21:22:53+08:00][sql] SHOW FULL COLUMNS FROM `goods` [ RunTime:0.002627s ]
[2026-08-18T21:22:53+08:00][sql] SELECT `id` FROM `goods` WHERE  `status` = 1  AND `end_time` <= 1787059373 [ RunTime:0.001226s ]
[2026-08-18T21:22:53+08:00][sql] SHOW FULL COLUMNS FROM `user` [ RunTime:0.001869s ]
[2026-08-18T21:22:53+08:00][sql] SELECT * FROM `user` WHERE  `id` = 25 LIMIT 1 [ RunTime:0.001068s ]
[2026-08-18T21:22:53+08:00][sql] SHOW FULL COLUMNS FROM `setting` [ RunTime:0.001333s ]
[2026-08-18T21:22:53+08:00][sql] SELECT * FROM `setting` [ RunTime:0.000826s ]
[2026-08-18T21:22:53+08:00][sql] SHOW FULL COLUMNS FROM `withdraw` [ RunTime:0.003860s ]
[2026-08-18T21:22:53+08:00][sql] SELECT * FROM `withdraw` WHERE  `user_id` = 25 ORDER BY `id` DESC LIMIT 20 [ RunTime:0.002946s ]
[2026-08-18T21:23:09+08:00][sql] CONNECT:[ UseTime:0.020541s ] mysql:host=127.0.0.1;port=3306;dbname=auction;charset=utf8mb4
[2026-08-18T21:23:09+08:00][sql] SHOW FULL COLUMNS FROM `goods` [ RunTime:0.002040s ]
[2026-08-18T21:23:09+08:00][sql] SELECT `id` FROM `goods` WHERE  `status` = 1  AND `end_time` <= 1787059389 [ RunTime:0.001048s ]
[2026-08-18T21:23:09+08:00][sql] SHOW FULL COLUMNS FROM `user` [ RunTime:0.001958s ]
[2026-08-18T21:23:09+08:00][sql] SELECT * FROM `user` WHERE  `id` = 25 LIMIT 1 [ RunTime:0.001074s ]
[2026-08-18T21:23:09+08:00][sql] SHOW FULL COLUMNS FROM `setting` [ RunTime:0.001545s ]
[2026-08-18T21:23:09+08:00][sql] SELECT * FROM `setting` [ RunTime:0.000880s ]
[2026-08-18T21:23:56+08:00][sql] CONNECT:[ UseTime:0.004902s ] mysql:host=127.0.0.1;port=3306;dbname=auction;charset=utf8mb4
[2026-08-18T21:23:56+08:00][sql] SHOW FULL COLUMNS FROM `goods` [ RunTime:0.002026s ]
[2026-08-18T21:23:56+08:00][sql] SELECT `id` FROM `goods` WHERE  `status` = 1  AND `end_time` <= 1787059436 [ RunTime:0.001164s ]
[2026-08-18T21:23:56+08:00][sql] SHOW FULL COLUMNS FROM `user` [ RunTime:0.001962s ]
[2026-08-18T21:23:56+08:00][sql] SELECT * FROM `user` WHERE  `id` = 25 LIMIT 1 [ RunTime:0.001172s ]
[2026-08-18T21:23:56+08:00][sql] SHOW FULL COLUMNS FROM `setting` [ RunTime:0.001547s ]
[2026-08-18T21:23:56+08:00][sql] SELECT * FROM `setting` [ RunTime:0.000889s ]
[2026-08-18T21:23:56+08:00][sql] SHOW FULL COLUMNS FROM `bid_record` [ RunTime:0.001843s ]
[2026-08-18T21:23:56+08:00][sql] SELECT COUNT(*) AS think_count FROM `bid_record` WHERE  `user_id` = 25 [ RunTime:0.000878s ]
[2026-08-18T21:23:56+08:00][sql] SHOW FULL COLUMNS FROM `order` [ RunTime:0.002191s ]
[2026-08-18T21:23:56+08:00][sql] SELECT COUNT(*) AS think_count FROM `order` WHERE  `buyer_id` = 25  AND `pay_status` = 1 [ RunTime:0.001139s ]
[2026-08-18T21:23:56+08:00][sql] SELECT COUNT(*) AS think_count FROM `goods` WHERE  `seller_id` = 25  AND `status` = 2 [ RunTime:0.003526s ]
[2026-08-18T21:23:56+08:00][sql] SELECT COUNT(*) AS think_count FROM `goods` WHERE  `seller_id` = 25 [ RunTime:0.001233s ]
[2026-08-18T21:23:56+08:00][sql] SELECT COUNT(*) AS think_count FROM `order` WHERE  `buyer_id` = 25  AND `pay_status` = 0  AND `order_status` = 0 [ RunTime:0.001135s ]
[2026-08-18T21:23:56+08:00][sql] SELECT COUNT(*) AS think_count FROM `order` WHERE  `seller_id` = 25  AND `order_status` = 1 [ RunTime:0.001146s ]
[2026-08-18T21:23:56+08:00][sql] SELECT COUNT(*) AS think_count FROM `order` WHERE  `buyer_id` = 25  AND `order_status` = 0  AND `pay_status` = 0 [ RunTime:0.001198s ]
[2026-08-18T21:23:56+08:00][sql] SELECT COUNT(*) AS think_count FROM `order` WHERE  `buyer_id` = 25  AND `order_status` = 1 [ RunTime:0.001265s ]
[2026-08-18T21:23:56+08:00][sql] SELECT COUNT(*) AS think_count FROM `order` WHERE  `buyer_id` = 25  AND `order_status` = 2 [ RunTime:0.001309s ]
[2026-08-18T21:23:56+08:00][sql] SELECT COUNT(*) AS think_count FROM `order` WHERE  `buyer_id` = 25  AND `order_status` = 3 [ RunTime:0.000833s ]
[2026-08-18T21:23:56+08:00][sql] SELECT COUNT(*) AS think_count FROM `order` WHERE  `seller_id` = 25  AND `order_status` = 1 [ RunTime:0.000729s ]
[2026-08-18T21:23:56+08:00][sql] SHOW FULL COLUMNS FROM `goods_favorite` [ RunTime:0.001792s ]
[2026-08-18T21:23:56+08:00][sql] SELECT COUNT(*) AS think_count FROM `goods_favorite` WHERE  `user_id` = 25 [ RunTime:0.001115s ]
[2026-08-18T21:23:56+08:00][sql] SHOW FULL COLUMNS FROM `seller_follow` [ RunTime:0.001887s ]
[2026-08-18T21:23:56+08:00][sql] SELECT COUNT(*) AS think_count FROM `seller_follow` WHERE  `user_id` = 25 [ RunTime:0.001181s ]
[2026-08-18T21:23:56+08:00][sql] SHOW FULL COLUMNS FROM `browse_history` [ RunTime:0.001777s ]
[2026-08-18T21:23:56+08:00][sql] SELECT COUNT(*) AS think_count FROM `browse_history` WHERE  `user_id` = 25 [ RunTime:0.001058s ]
[2026-08-18T21:23:56+08:00][sql] SHOW FULL COLUMNS FROM `balance_log` [ RunTime:0.001671s ]
[2026-08-18T21:23:56+08:00][sql] SELECT * FROM `balance_log` WHERE  `user_id` = 25 ORDER BY `id` DESC LIMIT 5 [ RunTime:0.001122s ]
[2026-08-18T21:23:56+08:00][sql] SELECT `b`.*,`g`.`title`,`g`.`cover`,g.status as goods_status,`g`.`end_time` FROM `bid_record` `b` LEFT JOIN `goods` `g` ON `b`.`goods_id`=`g`.`id` WHERE  `b`.`user_id` = '25' ORDER BY `b`.`id` DESC LIMIT 5 [ RunTime:0.000878s ]
[2026-08-18T21:23:56+08:00][sql] SELECT `id`,`nickname`,`mobile`,`reg_time` FROM `user` WHERE  `pid` = 25 ORDER BY `id` DESC LIMIT 10 [ RunTime:0.000965s ]
[2026-08-18T21:24:01+08:00][sql] CONNECT:[ UseTime:0.020063s ] mysql:host=127.0.0.1;port=3306;dbname=auction;charset=utf8mb4
[2026-08-18T21:24:01+08:00][sql] SHOW FULL COLUMNS FROM `goods` [ RunTime:0.002062s ]
[2026-08-18T21:24:01+08:00][sql] SELECT `id` FROM `goods` WHERE  `status` = 1  AND `end_time` <= 1787059441 [ RunTime:0.000548s ]
[2026-08-18T21:24:01+08:00][sql] SHOW FULL COLUMNS FROM `user` [ RunTime:0.001788s ]
[2026-08-18T21:24:01+08:00][sql] SELECT * FROM `user` WHERE  `id` = 25 LIMIT 1 [ RunTime:0.001105s ]
[2026-08-18T21:24:01+08:00][sql] SHOW FULL COLUMNS FROM `setting` [ RunTime:0.001669s ]
[2026-08-18T21:24:01+08:00][sql] SELECT * FROM `setting` [ RunTime:0.000899s ]
[2026-08-18T21:24:01+08:00][sql] SELECT COUNT(*) AS think_count FROM `goods` WHERE  `seller_id` = 25 [ RunTime:0.001098s ]
[2026-08-18T21:24:01+08:00][sql] SELECT * FROM `goods` WHERE  `seller_id` = 25 ORDER BY `id` DESC LIMIT 0,10 [ RunTime:0.001330s ]
[2026-08-18T21:24:01+08:00][sql] SHOW FULL COLUMNS FROM `bid_record` [ RunTime:0.001760s ]
[2026-08-18T21:24:01+08:00][sql] SELECT MAX(`price`) AS think_max FROM `bid_record` WHERE  `goods_id` = 31  AND `status` = 0 [ RunTime:0.001005s ]
[2026-08-18T21:24:01+08:00][sql] SELECT MAX(`price`) AS think_max FROM `bid_record` WHERE  `goods_id` = 30  AND `status` = 0 [ RunTime:0.000862s ]
[2026-08-18T21:24:01+08:00][sql] SELECT MAX(`price`) AS think_max FROM `bid_record` WHERE  `goods_id` = 29  AND `status` = 0 [ RunTime:0.000961s ]
[2026-08-18T21:24:01+08:00][sql] SELECT MAX(`price`) AS think_max FROM `bid_record` WHERE  `goods_id` = 27  AND `status` = 0 [ RunTime:0.000727s ]
[2026-08-18T21:24:04+08:00][sql] CONNECT:[ UseTime:0.024534s ] mysql:host=127.0.0.1;port=3306;dbname=auction;charset=utf8mb4
[2026-08-18T21:24:04+08:00][sql] SHOW FULL COLUMNS FROM `goods` [ RunTime:0.001017s ]
[2026-08-18T21:24:04+08:00][sql] SELECT `id` FROM `goods` WHERE  `status` = 1  AND `end_time` <= 1787059444 [ RunTime:0.000816s ]
[2026-08-18T21:24:04+08:00][sql] SHOW FULL COLUMNS FROM `user` [ RunTime:0.001464s ]
[2026-08-18T21:24:04+08:00][sql] SELECT * FROM `user` WHERE  `id` = 25 LIMIT 1 [ RunTime:0.001002s ]
[2026-08-18T21:24:04+08:00][sql] SHOW FULL COLUMNS FROM `setting` [ RunTime:0.001317s ]
[2026-08-18T21:24:04+08:00][sql] SELECT * FROM `setting` [ RunTime:0.000718s ]
[2026-08-18T21:24:04+08:00][sql] SELECT COUNT(*) AS think_count FROM `goods` WHERE  `seller_id` = 25  AND `status` = 2 [ RunTime:0.002326s ]
[2026-08-18T21:24:04+08:00][sql] SELECT * FROM `goods` WHERE  `seller_id` = 25  AND `status` = 2 ORDER BY `id` DESC LIMIT 0,10 [ RunTime:0.000927s ]
[2026-08-18T21:24:04+08:00][sql] SHOW FULL COLUMNS FROM `bid_record` [ RunTime:0.001776s ]
[2026-08-18T21:24:04+08:00][sql] SELECT MAX(`price`) AS think_max FROM `bid_record` WHERE  `goods_id` = 31  AND `status` = 0 [ RunTime:0.000778s ]
[2026-08-18T21:24:04+08:00][sql] SELECT MAX(`price`) AS think_max FROM `bid_record` WHERE  `goods_id` = 29  AND `status` = 0 [ RunTime:0.000659s ]
[2026-08-18T21:24:08+08:00][sql] CONNECT:[ UseTime:0.020966s ] mysql:host=127.0.0.1;port=3306;dbname=auction;charset=utf8mb4
[2026-08-18T21:24:08+08:00][sql] SHOW FULL COLUMNS FROM `goods` [ RunTime:0.002119s ]
[2026-08-18T21:24:08+08:00][sql] SELECT `id` FROM `goods` WHERE  `status` = 1  AND `end_time` <= 1787059447 [ RunTime:0.001166s ]
[2026-08-18T21:24:08+08:00][sql] SHOW FULL COLUMNS FROM `user` [ RunTime:0.001994s ]
[2026-08-18T21:24:08+08:00][sql] SELECT * FROM `user` WHERE  `id` = 25 LIMIT 1 [ RunTime:0.001112s ]
[2026-08-18T21:24:08+08:00][sql] SHOW FULL COLUMNS FROM `setting` [ RunTime:0.001555s ]
[2026-08-18T21:24:08+08:00][sql] SELECT * FROM `setting` [ RunTime:0.000874s ]
[2026-08-18T21:24:08+08:00][sql] SHOW FULL COLUMNS FROM `category` [ RunTime:0.001455s ]
[2026-08-18T21:24:08+08:00][sql] SELECT * FROM `category` WHERE  `status` = 1 ORDER BY `sort` ASC [ RunTime:0.001001s ]
[2026-08-18T21:24:13+08:00][sql] CONNECT:[ UseTime:0.001843s ] mysql:host=127.0.0.1;port=3306;dbname=auction;charset=utf8mb4
[2026-08-18T21:24:13+08:00][sql] SHOW FULL COLUMNS FROM `goods` [ RunTime:0.001446s ]
[2026-08-18T21:24:13+08:00][sql] SELECT `id` FROM `goods` WHERE  `status` = 1  AND `end_time` <= 1787059453 [ RunTime:0.000881s ]
[2026-08-18T21:24:13+08:00][sql] SHOW FULL COLUMNS FROM `user` [ RunTime:0.001354s ]
[2026-08-18T21:24:13+08:00][sql] SELECT * FROM `user` WHERE  `id` = 25 LIMIT 1 [ RunTime:0.000704s ]
[2026-08-18T21:24:13+08:00][sql] SHOW FULL COLUMNS FROM `setting` [ RunTime:0.000908s ]
[2026-08-18T21:24:13+08:00][sql] SELECT * FROM `setting` [ RunTime:0.000497s ]
[2026-08-18T21:24:13+08:00][sql] SELECT COUNT(*) AS think_count FROM `goods` `g` LEFT JOIN `user` `u` ON `g`.`seller_id`=`u`.`id` WHERE  `g`.`status` = '1'  AND `g`.`start_time` <= '1787059453'  AND `g`.`end_time` > '1787059453' [ RunTime:0.000690s ]
[2026-08-18T21:24:13+08:00][sql] SELECT `g`.*,u.nickname as seller_name FROM `goods` `g` LEFT JOIN `user` `u` ON `g`.`seller_id`=`u`.`id` WHERE  `g`.`status` = '1'  AND `g`.`start_time` <= '1787059453'  AND `g`.`end_time` > '1787059453' ORDER BY `g`.`end_time` ASC,`g`.`id` DESC LIMIT 0,10 [ RunTime:0.001040s ]
[2026-08-18T21:24:13+08:00][sql] SHOW FULL COLUMNS FROM `bid_record` [ RunTime:0.000969s ]
[2026-08-18T21:24:13+08:00][sql] SELECT MAX(`price`) AS think_max FROM `bid_record` WHERE  `goods_id` = 28  AND `status` = 0 [ RunTime:0.000663s ]
[2026-08-18T21:24:13+08:00][sql] SHOW FULL COLUMNS FROM `category` [ RunTime:0.001026s ]
[2026-08-18T21:24:13+08:00][sql] SELECT * FROM `category` WHERE  `status` = 1 ORDER BY `sort` ASC [ RunTime:0.000667s ]
[2026-08-18T21:24:13+08:00][sql] SELECT `b`.`price`,`b`.`create_time`,`g`.`title`,`u`.`nickname` FROM `bid_record` `b` LEFT JOIN `goods` `g` ON `b`.`goods_id`=`g`.`id` LEFT JOIN `user` `u` ON `b`.`user_id`=`u`.`id` WHERE  `b`.`status` = '1' ORDER BY `b`.`id` DESC LIMIT 5 [ RunTime:0.000806s ]
[2026-08-18T21:24:13+08:00][sql] SHOW FULL COLUMNS FROM `news` [ RunTime:0.001258s ]
[2026-08-18T21:24:13+08:00][sql] SELECT `id`,`title`,`create_time` FROM `news` WHERE  `status` = 1 ORDER BY `id` DESC LIMIT 3 [ RunTime:0.000636s ]
[2026-08-18T21:24:13+08:00][sql] SHOW FULL COLUMNS FROM `banner` [ RunTime:0.001245s ]
[2026-08-18T21:24:13+08:00][sql] SELECT * FROM `banner` WHERE  `status` = 1 ORDER BY `sort` ASC,`id` ASC [ RunTime:0.000729s ]
[2026-08-18T21:24:22+08:00][sql] CONNECT:[ UseTime:0.002587s ] mysql:host=127.0.0.1;port=3306;dbname=auction;charset=utf8mb4
[2026-08-18T21:24:22+08:00][sql] SHOW FULL COLUMNS FROM `goods` [ RunTime:0.001474s ]
[2026-08-18T21:24:22+08:00][sql] SELECT `id` FROM `goods` WHERE  `status` = 1  AND `end_time` <= 1787059462 [ RunTime:0.000846s ]
[2026-08-18T21:24:22+08:00][sql] SHOW FULL COLUMNS FROM `user` [ RunTime:0.001631s ]
[2026-08-18T21:24:22+08:00][sql] SELECT * FROM `user` WHERE  `id` = 25 LIMIT 1 [ RunTime:0.000841s ]
[2026-08-18T21:24:22+08:00][sql] SHOW FULL COLUMNS FROM `setting` [ RunTime:0.001315s ]
[2026-08-18T21:24:22+08:00][sql] SELECT * FROM `setting` [ RunTime:0.000809s ]
[2026-08-18T21:24:22+08:00][sql] SHOW FULL COLUMNS FROM `category` [ RunTime:0.001537s ]
[2026-08-18T21:24:22+08:00][sql] SELECT * FROM `category` WHERE  `status` = 1 ORDER BY `sort` ASC [ RunTime:0.001418s ]
[2026-08-18T21:24:28+08:00][sql] CONNECT:[ UseTime:0.023359s ] mysql:host=127.0.0.1;port=3306;dbname=auction;charset=utf8mb4
[2026-08-18T21:24:28+08:00][sql] SHOW FULL COLUMNS FROM `goods` [ RunTime:0.002460s ]
[2026-08-18T21:24:28+08:00][sql] SELECT `id` FROM `goods` WHERE  `status` = 1  AND `end_time` <= 1787059468 [ RunTime:0.001373s ]
[2026-08-18T21:24:28+08:00][sql] SHOW FULL COLUMNS FROM `user` [ RunTime:0.002393s ]
[2026-08-18T21:24:28+08:00][sql] SELECT * FROM `user` WHERE  `id` = 25 LIMIT 1 [ RunTime:0.001195s ]
[2026-08-18T21:24:28+08:00][sql] SHOW FULL COLUMNS FROM `setting` [ RunTime:0.001717s ]
[2026-08-18T21:24:28+08:00][sql] SELECT * FROM `setting` [ RunTime:0.000955s ]
[2026-08-18T21:24:28+08:00][sql] SHOW FULL COLUMNS FROM `bid_record` [ RunTime:0.001702s ]
[2026-08-18T21:24:28+08:00][sql] SELECT COUNT(*) AS think_count FROM `bid_record` WHERE  `user_id` = 25 [ RunTime:0.000969s ]
[2026-08-18T21:24:28+08:00][sql] SHOW FULL COLUMNS FROM `order` [ RunTime:0.001766s ]
[2026-08-18T21:24:28+08:00][sql] SELECT COUNT(*) AS think_count FROM `order` WHERE  `buyer_id` = 25  AND `pay_status` = 1 [ RunTime:0.000891s ]
[2026-08-18T21:24:28+08:00][sql] SELECT COUNT(*) AS think_count FROM `goods` WHERE  `seller_id` = 25  AND `status` = 2 [ RunTime:0.002434s ]
[2026-08-18T21:24:28+08:00][sql] SELECT COUNT(*) AS think_count FROM `goods` WHERE  `seller_id` = 25 [ RunTime:0.000650s ]
[2026-08-18T21:24:28+08:00][sql] SELECT COUNT(*) AS think_count FROM `order` WHERE  `buyer_id` = 25  AND `pay_status` = 0  AND `order_status` = 0 [ RunTime:0.000653s ]
[2026-08-18T21:24:28+08:00][sql] SELECT COUNT(*) AS think_count FROM `order` WHERE  `seller_id` = 25  AND `order_status` = 1 [ RunTime:0.000605s ]
[2026-08-18T21:24:28+08:00][sql] SELECT COUNT(*) AS think_count FROM `order` WHERE  `buyer_id` = 25  AND `order_status` = 0  AND `pay_status` = 0 [ RunTime:0.000611s ]
[2026-08-18T21:24:28+08:00][sql] SELECT COUNT(*) AS think_count FROM `order` WHERE  `buyer_id` = 25  AND `order_status` = 1 [ RunTime:0.000597s ]
[2026-08-18T21:24:28+08:00][sql] SELECT COUNT(*) AS think_count FROM `order` WHERE  `buyer_id` = 25  AND `order_status` = 2 [ RunTime:0.000617s ]
[2026-08-18T21:24:28+08:00][sql] SELECT COUNT(*) AS think_count FROM `order` WHERE  `buyer_id` = 25  AND `order_status` = 3 [ RunTime:0.000659s ]
[2026-08-18T21:24:28+08:00][sql] SELECT COUNT(*) AS think_count FROM `order` WHERE  `seller_id` = 25  AND `order_status` = 1 [ RunTime:0.000832s ]
[2026-08-18T21:24:28+08:00][sql] SHOW FULL COLUMNS FROM `goods_favorite` [ RunTime:0.001352s ]
[2026-08-18T21:24:28+08:00][sql] SELECT COUNT(*) AS think_count FROM `goods_favorite` WHERE  `user_id` = 25 [ RunTime:0.000668s ]
[2026-08-18T21:24:28+08:00][sql] SHOW FULL COLUMNS FROM `seller_follow` [ RunTime:0.001064s ]
[2026-08-18T21:24:28+08:00][sql] SELECT COUNT(*) AS think_count FROM `seller_follow` WHERE  `user_id` = 25 [ RunTime:0.000689s ]
[2026-08-18T21:24:28+08:00][sql] SHOW FULL COLUMNS FROM `browse_history` [ RunTime:0.000868s ]
[2026-08-18T21:24:28+08:00][sql] SELECT COUNT(*) AS think_count FROM `browse_history` WHERE  `user_id` = 25 [ RunTime:0.000716s ]
[2026-08-18T21:24:28+08:00][sql] SHOW FULL COLUMNS FROM `balance_log` [ RunTime:0.001230s ]
[2026-08-18T21:24:28+08:00][sql] SELECT * FROM `balance_log` WHERE  `user_id` = 25 ORDER BY `id` DESC LIMIT 5 [ RunTime:0.000817s ]
[2026-08-18T21:24:28+08:00][sql] SELECT `b`.*,`g`.`title`,`g`.`cover`,g.status as goods_status,`g`.`end_time` FROM `bid_record` `b` LEFT JOIN `goods` `g` ON `b`.`goods_id`=`g`.`id` WHERE  `b`.`user_id` = '25' ORDER BY `b`.`id` DESC LIMIT 5 [ RunTime:0.000767s ]
[2026-08-18T21:24:28+08:00][sql] SELECT `id`,`nickname`,`mobile`,`reg_time` FROM `user` WHERE  `pid` = 25 ORDER BY `id` DESC LIMIT 10 [ RunTime:0.000680s ]
[2026-08-18T21:24:33+08:00][sql] CONNECT:[ UseTime:0.010916s ] mysql:host=127.0.0.1;port=3306;dbname=auction;charset=utf8mb4
[2026-08-18T21:24:33+08:00][sql] SHOW FULL COLUMNS FROM `goods` [ RunTime:0.002146s ]
[2026-08-18T21:24:33+08:00][sql] SELECT `id` FROM `goods` WHERE  `status` = 1  AND `end_time` <= 1787059473 [ RunTime:0.001074s ]
[2026-08-18T21:24:33+08:00][sql] SHOW FULL COLUMNS FROM `user` [ RunTime:0.001932s ]
[2026-08-18T21:24:33+08:00][sql] SELECT * FROM `user` WHERE  `id` = 25 LIMIT 1 [ RunTime:0.001230s ]
[2026-08-18T21:24:33+08:00][sql] SHOW FULL COLUMNS FROM `setting` [ RunTime:0.001563s ]
[2026-08-18T21:24:33+08:00][sql] SELECT * FROM `setting` [ RunTime:0.000884s ]
[2026-08-18T21:24:33+08:00][sql] SELECT * FROM `user` WHERE  `id` = 25 LIMIT 1 [ RunTime:0.001158s ]
[2026-08-18T21:24:35+08:00][sql] CONNECT:[ UseTime:0.013861s ] mysql:host=127.0.0.1;port=3306;dbname=auction;charset=utf8mb4
[2026-08-18T21:24:35+08:00][sql] SHOW FULL COLUMNS FROM `goods` [ RunTime:0.002099s ]
[2026-08-18T21:24:35+08:00][sql] SELECT `id` FROM `goods` WHERE  `status` = 1  AND `end_time` <= 1787059475 [ RunTime:0.001131s ]
[2026-08-18T21:24:35+08:00][sql] SHOW FULL COLUMNS FROM `user` [ RunTime:0.002066s ]
[2026-08-18T21:24:35+08:00][sql] SELECT * FROM `user` WHERE  `id` = 25 LIMIT 1 [ RunTime:0.001183s ]
[2026-08-18T21:24:35+08:00][sql] SHOW FULL COLUMNS FROM `setting` [ RunTime:0.001638s ]
[2026-08-18T21:24:35+08:00][sql] SELECT * FROM `setting` [ RunTime:0.000855s ]
[2026-08-18T21:24:38+08:00][sql] CONNECT:[ UseTime:0.021438s ] mysql:host=127.0.0.1;port=3306;dbname=auction;charset=utf8mb4
[2026-08-18T21:24:38+08:00][sql] SHOW FULL COLUMNS FROM `goods` [ RunTime:0.002158s ]
[2026-08-18T21:24:38+08:00][sql] SELECT `id` FROM `goods` WHERE  `status` = 1  AND `end_time` <= 1787059478 [ RunTime:0.001320s ]
[2026-08-18T21:24:38+08:00][sql] SHOW FULL COLUMNS FROM `user` [ RunTime:0.002250s ]
[2026-08-18T21:24:38+08:00][sql] SELECT * FROM `user` WHERE  `id` = 25 LIMIT 1 [ RunTime:0.001225s ]
[2026-08-18T21:24:38+08:00][sql] SHOW FULL COLUMNS FROM `setting` [ RunTime:0.001696s ]
[2026-08-18T21:24:38+08:00][sql] SELECT * FROM `setting` [ RunTime:0.001028s ]
[2026-08-18T21:24:38+08:00][sql] SHOW FULL COLUMNS FROM `category` [ RunTime:0.001610s ]
[2026-08-18T21:24:38+08:00][sql] SELECT * FROM `category` WHERE  `status` = 1 ORDER BY `sort` ASC [ RunTime:0.001132s ]
[2026-08-18T21:24:41+08:00][sql] CONNECT:[ UseTime:0.001664s ] mysql:host=127.0.0.1;port=3306;dbname=auction;charset=utf8mb4
[2026-08-18T21:24:41+08:00][sql] SHOW FULL COLUMNS FROM `goods` [ RunTime:0.001576s ]
[2026-08-18T21:24:41+08:00][sql] SELECT `id` FROM `goods` WHERE  `status` = 1  AND `end_time` <= 1787059480 [ RunTime:0.000908s ]
[2026-08-18T21:24:41+08:00][sql] SHOW FULL COLUMNS FROM `user` [ RunTime:0.001601s ]
[2026-08-18T21:24:41+08:00][sql] SELECT * FROM `user` WHERE  `id` = 25 LIMIT 1 [ RunTime:0.000932s ]
[2026-08-18T21:24:41+08:00][sql] SHOW FULL COLUMNS FROM `setting` [ RunTime:0.001402s ]
[2026-08-18T21:24:41+08:00][sql] SELECT * FROM `setting` [ RunTime:0.000808s ]
[2026-08-18T21:24:41+08:00][sql] SHOW FULL COLUMNS FROM `category` [ RunTime:0.001861s ]
[2026-08-18T21:24:41+08:00][sql] SELECT * FROM `category` WHERE  `status` = 1 ORDER BY `sort` ASC [ RunTime:0.001052s ]
[2026-08-18T21:24:42+08:00][sql] CONNECT:[ UseTime:0.011197s ] mysql:host=127.0.0.1;port=3306;dbname=auction;charset=utf8mb4
[2026-08-18T21:24:42+08:00][sql] SHOW FULL COLUMNS FROM `goods` [ RunTime:0.002267s ]
[2026-08-18T21:24:42+08:00][sql] SELECT `id` FROM `goods` WHERE  `status` = 1  AND `end_time` <= 1787059482 [ RunTime:0.001130s ]
[2026-08-18T21:24:42+08:00][sql] SHOW FULL COLUMNS FROM `user` [ RunTime:0.002120s ]
[2026-08-18T21:24:42+08:00][sql] SELECT * FROM `user` WHERE  `id` = 25 LIMIT 1 [ RunTime:0.001133s ]
[2026-08-18T21:24:42+08:00][sql] SHOW FULL COLUMNS FROM `setting` [ RunTime:0.001766s ]
[2026-08-18T21:24:42+08:00][sql] SELECT * FROM `setting` [ RunTime:0.000920s ]
[2026-08-18T21:24:42+08:00][sql] SHOW FULL COLUMNS FROM `bid_record` [ RunTime:0.001591s ]
[2026-08-18T21:24:42+08:00][sql] SELECT COUNT(*) AS think_count FROM `bid_record` WHERE  `user_id` = 25 [ RunTime:0.000967s ]
[2026-08-18T21:24:42+08:00][sql] SHOW FULL COLUMNS FROM `order` [ RunTime:0.001941s ]
[2026-08-18T21:24:42+08:00][sql] SELECT COUNT(*) AS think_count FROM `order` WHERE  `buyer_id` = 25  AND `pay_status` = 1 [ RunTime:0.001148s ]
[2026-08-18T21:24:42+08:00][sql] SELECT COUNT(*) AS think_count FROM `goods` WHERE  `seller_id` = 25  AND `status` = 2 [ RunTime:0.003322s ]
[2026-08-18T21:24:42+08:00][sql] SELECT COUNT(*) AS think_count FROM `goods` WHERE  `seller_id` = 25 [ RunTime:0.000992s ]
[2026-08-18T21:24:42+08:00][sql] SELECT COUNT(*) AS think_count FROM `order` WHERE  `buyer_id` = 25  AND `pay_status` = 0  AND `order_status` = 0 [ RunTime:0.001105s ]
[2026-08-18T21:24:42+08:00][sql] SELECT COUNT(*) AS think_count FROM `order` WHERE  `seller_id` = 25  AND `order_status` = 1 [ RunTime:0.001061s ]
[2026-08-18T21:24:42+08:00][sql] SELECT COUNT(*) AS think_count FROM `order` WHERE  `buyer_id` = 25  AND `order_status` = 0  AND `pay_status` = 0 [ RunTime:0.000956s ]
[2026-08-18T21:24:42+08:00][sql] SELECT COUNT(*) AS think_count FROM `order` WHERE  `buyer_id` = 25  AND `order_status` = 1 [ RunTime:0.000908s ]
[2026-08-18T21:24:42+08:00][sql] SELECT COUNT(*) AS think_count FROM `order` WHERE  `buyer_id` = 25  AND `order_status` = 2 [ RunTime:0.000912s ]
[2026-08-18T21:24:42+08:00][sql] SELECT COUNT(*) AS think_count FROM `order` WHERE  `buyer_id` = 25  AND `order_status` = 3 [ RunTime:0.000921s ]
[2026-08-18T21:24:42+08:00][sql] SELECT COUNT(*) AS think_count FROM `order` WHERE  `seller_id` = 25  AND `order_status` = 1 [ RunTime:0.000837s ]
[2026-08-18T21:24:42+08:00][sql] SHOW FULL COLUMNS FROM `goods_favorite` [ RunTime:0.000834s ]
[2026-08-18T21:24:42+08:00][sql] SELECT COUNT(*) AS think_count FROM `goods_favorite` WHERE  `user_id` = 25 [ RunTime:0.000540s ]
[2026-08-18T21:24:42+08:00][sql] SHOW FULL COLUMNS FROM `seller_follow` [ RunTime:0.001523s ]
[2026-08-18T21:24:42+08:00][sql] SELECT COUNT(*) AS think_count FROM `seller_follow` WHERE  `user_id` = 25 [ RunTime:0.000870s ]
[2026-08-18T21:24:42+08:00][sql] SHOW FULL COLUMNS FROM `browse_history` [ RunTime:0.001368s ]
[2026-08-18T21:24:42+08:00][sql] SELECT COUNT(*) AS think_count FROM `browse_history` WHERE  `user_id` = 25 [ RunTime:0.000818s ]
[2026-08-18T21:24:42+08:00][sql] SHOW FULL COLUMNS FROM `balance_log` [ RunTime:0.001305s ]
[2026-08-18T21:24:42+08:00][sql] SELECT * FROM `balance_log` WHERE  `user_id` = 25 ORDER BY `id` DESC LIMIT 5 [ RunTime:0.001002s ]
[2026-08-18T21:24:42+08:00][sql] SELECT `b`.*,`g`.`title`,`g`.`cover`,g.status as goods_status,`g`.`end_time` FROM `bid_record` `b` LEFT JOIN `goods` `g` ON `b`.`goods_id`=`g`.`id` WHERE  `b`.`user_id` = '25' ORDER BY `b`.`id` DESC LIMIT 5 [ RunTime:0.001015s ]
[2026-08-18T21:24:42+08:00][sql] SELECT `id`,`nickname`,`mobile`,`reg_time` FROM `user` WHERE  `pid` = 25 ORDER BY `id` DESC LIMIT 10 [ RunTime:0.000893s ]
[2026-08-18T21:24:44+08:00][sql] CONNECT:[ UseTime:0.003701s ] mysql:host=127.0.0.1;port=3306;dbname=auction;charset=utf8mb4
[2026-08-18T21:24:44+08:00][sql] SHOW FULL COLUMNS FROM `goods` [ RunTime:0.001731s ]
[2026-08-18T21:24:44+08:00][sql] SELECT `id` FROM `goods` WHERE  `status` = 1  AND `end_time` <= 1787059484 [ RunTime:0.000787s ]
[2026-08-18T21:24:44+08:00][sql] SHOW FULL COLUMNS FROM `user` [ RunTime:0.001333s ]
[2026-08-18T21:24:44+08:00][sql] SELECT * FROM `user` WHERE  `id` = 25 LIMIT 1 [ RunTime:0.000686s ]
[2026-08-18T21:24:44+08:00][sql] SHOW FULL COLUMNS FROM `setting` [ RunTime:0.000924s ]
[2026-08-18T21:24:44+08:00][sql] SELECT * FROM `setting` [ RunTime:0.000550s ]
[2026-08-18T21:24:44+08:00][sql] SELECT * FROM `user` WHERE  `id` = 25 LIMIT 1 [ RunTime:0.000872s ]
[2026-08-18T21:24:44+08:00][sql] SHOW FULL COLUMNS FROM `order` [ RunTime:0.001410s ]
[2026-08-18T21:24:44+08:00][sql] SELECT COUNT(*) AS think_count FROM `order` WHERE  `buyer_id` = 25  AND `order_status` = 0  AND `pay_status` = 0 [ RunTime:0.000735s ]
[2026-08-18T21:24:44+08:00][sql] SELECT COUNT(*) AS think_count FROM `order` WHERE  `buyer_id` = 25  AND `order_status` = 3 [ RunTime:0.000640s ]
[2026-08-18T21:24:44+08:00][sql] SHOW FULL COLUMNS FROM `balance_log` [ RunTime:0.001123s ]
[2026-08-18T21:24:44+08:00][sql] SELECT * FROM `balance_log` WHERE  `user_id` = 25 ORDER BY `id` DESC LIMIT 8 [ RunTime:0.000708s ]
[2026-08-18T21:24:56+08:00][sql] CONNECT:[ UseTime:0.002749s ] mysql:host=127.0.0.1;port=3306;dbname=auction;charset=utf8mb4
[2026-08-18T21:24:56+08:00][sql] SHOW FULL COLUMNS FROM `goods` [ RunTime:0.001533s ]
[2026-08-18T21:24:56+08:00][sql] SELECT `id` FROM `goods` WHERE  `status` = 1  AND `end_time` <= 1787059496 [ RunTime:0.000843s ]
[2026-08-18T21:24:56+08:00][sql] SHOW FULL COLUMNS FROM `user` [ RunTime:0.001378s ]
[2026-08-18T21:24:56+08:00][sql] SELECT * FROM `user` WHERE  `id` = 20 LIMIT 1 [ RunTime:0.000974s ]
[2026-08-18T21:24:56+08:00][sql] SHOW FULL COLUMNS FROM `setting` [ RunTime:0.001369s ]
[2026-08-18T21:24:56+08:00][sql] SELECT * FROM `setting` [ RunTime:0.000680s ]
[2026-08-18T21:24:56+08:00][sql] SHOW FULL COLUMNS FROM `bid_record` [ RunTime:0.001485s ]
[2026-08-18T21:24:56+08:00][sql] SELECT COUNT(*) AS think_count FROM `bid_record` WHERE  `user_id` = 20 [ RunTime:0.000757s ]
[2026-08-18T21:24:56+08:00][sql] SHOW FULL COLUMNS FROM `order` [ RunTime:0.001419s ]
[2026-08-18T21:24:56+08:00][sql] SELECT COUNT(*) AS think_count FROM `order` WHERE  `buyer_id` = 20  AND `pay_status` = 1 [ RunTime:0.000666s ]
[2026-08-18T21:24:56+08:00][sql] SELECT COUNT(*) AS think_count FROM `goods` WHERE  `seller_id` = 20  AND `status` = 2 [ RunTime:0.002365s ]
[2026-08-18T21:24:56+08:00][sql] SELECT COUNT(*) AS think_count FROM `goods` WHERE  `seller_id` = 20 [ RunTime:0.000703s ]
[2026-08-18T21:24:56+08:00][sql] SELECT COUNT(*) AS think_count FROM `order` WHERE  `buyer_id` = 20  AND `pay_status` = 0  AND `order_status` = 0 [ RunTime:0.000640s ]
[2026-08-18T21:24:56+08:00][sql] SELECT COUNT(*) AS think_count FROM `order` WHERE  `seller_id` = 20  AND `order_status` = 1 [ RunTime:0.000566s ]
[2026-08-18T21:24:56+08:00][sql] SELECT COUNT(*) AS think_count FROM `order` WHERE  `buyer_id` = 20  AND `order_status` = 0  AND `pay_status` = 0 [ RunTime:0.000560s ]
[2026-08-18T21:24:56+08:00][sql] SELECT COUNT(*) AS think_count FROM `order` WHERE  `buyer_id` = 20  AND `order_status` = 1 [ RunTime:0.000541s ]
[2026-08-18T21:24:56+08:00][sql] SELECT COUNT(*) AS think_count FROM `order` WHERE  `buyer_id` = 20  AND `order_status` = 2 [ RunTime:0.000526s ]
[2026-08-18T21:24:56+08:00][sql] SELECT COUNT(*) AS think_count FROM `order` WHERE  `buyer_id` = 20  AND `order_status` = 3 [ RunTime:0.000519s ]
[2026-08-18T21:24:56+08:00][sql] SELECT COUNT(*) AS think_count FROM `order` WHERE  `seller_id` = 20  AND `order_status` = 1 [ RunTime:0.000512s ]
[2026-08-18T21:24:56+08:00][sql] SHOW FULL COLUMNS FROM `goods_favorite` [ RunTime:0.000992s ]
[2026-08-18T21:24:56+08:00][sql] SELECT COUNT(*) AS think_count FROM `goods_favorite` WHERE  `user_id` = 20 [ RunTime:0.000506s ]
[2026-08-18T21:24:56+08:00][sql] SHOW FULL COLUMNS FROM `seller_follow` [ RunTime:0.001111s ]
[2026-08-18T21:24:56+08:00][sql] SELECT COUNT(*) AS think_count FROM `seller_follow` WHERE  `user_id` = 20 [ RunTime:0.000623s ]
[2026-08-18T21:24:56+08:00][sql] SHOW FULL COLUMNS FROM `browse_history` [ RunTime:0.000859s ]
[2026-08-18T21:24:56+08:00][sql] SELECT COUNT(*) AS think_count FROM `browse_history` WHERE  `user_id` = 20 [ RunTime:0.000639s ]
[2026-08-18T21:24:56+08:00][sql] SHOW FULL COLUMNS FROM `balance_log` [ RunTime:0.000795s ]
[2026-08-18T21:24:56+08:00][sql] SELECT * FROM `balance_log` WHERE  `user_id` = 20 ORDER BY `id` DESC LIMIT 5 [ RunTime:0.000636s ]
[2026-08-18T21:24:56+08:00][sql] SELECT `b`.*,`g`.`title`,`g`.`cover`,g.status as goods_status,`g`.`end_time` FROM `bid_record` `b` LEFT JOIN `goods` `g` ON `b`.`goods_id`=`g`.`id` WHERE  `b`.`user_id` = '20' ORDER BY `b`.`id` DESC LIMIT 5 [ RunTime:0.000709s ]
[2026-08-18T21:24:56+08:00][sql] SELECT `id`,`nickname`,`mobile`,`reg_time` FROM `user` WHERE  `pid` = 20 ORDER BY `id` DESC LIMIT 10 [ RunTime:0.000572s ]
[2026-08-18T21:24:58+08:00][sql] CONNECT:[ UseTime:0.024691s ] mysql:host=127.0.0.1;port=3306;dbname=auction;charset=utf8mb4
[2026-08-18T21:24:58+08:00][sql] SHOW FULL COLUMNS FROM `goods` [ RunTime:0.001879s ]
[2026-08-18T21:24:58+08:00][sql] SELECT `id` FROM `goods` WHERE  `status` = 1  AND `end_time` <= 1787059497 [ RunTime:0.000885s ]
[2026-08-18T21:24:58+08:00][sql] SHOW FULL COLUMNS FROM `user` [ RunTime:0.001744s ]
[2026-08-18T21:24:58+08:00][sql] SELECT * FROM `user` WHERE  `id` = 20 LIMIT 1 [ RunTime:0.000926s ]
[2026-08-18T21:24:58+08:00][sql] SHOW FULL COLUMNS FROM `setting` [ RunTime:0.001302s ]
[2026-08-18T21:24:58+08:00][sql] SELECT * FROM `setting` [ RunTime:0.000725s ]
[2026-08-18T21:24:58+08:00][sql] SELECT * FROM `user` WHERE  `id` = 20 LIMIT 1 [ RunTime:0.000984s ]
[2026-08-18T21:24:58+08:00][sql] SHOW FULL COLUMNS FROM `order` [ RunTime:0.005577s ]
[2026-08-18T21:24:58+08:00][sql] SELECT COUNT(*) AS think_count FROM `order` WHERE  `buyer_id` = 20  AND `order_status` = 0  AND `pay_status` = 0 [ RunTime:0.000952s ]
[2026-08-18T21:24:58+08:00][sql] SELECT COUNT(*) AS think_count FROM `order` WHERE  `buyer_id` = 20  AND `order_status` = 3 [ RunTime:0.000689s ]
[2026-08-18T21:24:58+08:00][sql] SHOW FULL COLUMNS FROM `balance_log` [ RunTime:0.001659s ]
[2026-08-18T21:24:58+08:00][sql] SELECT * FROM `balance_log` WHERE  `user_id` = 20 ORDER BY `id` DESC LIMIT 8 [ RunTime:0.000935s ]
[2026-08-18T21:25:01+08:00][sql] CONNECT:[ UseTime:0.014850s ] mysql:host=127.0.0.1;port=3306;dbname=auction;charset=utf8mb4
[2026-08-18T21:25:01+08:00][sql] SHOW FULL COLUMNS FROM `goods` [ RunTime:0.001457s ]
[2026-08-18T21:25:01+08:00][sql] SELECT `id` FROM `goods` WHERE  `status` = 1  AND `end_time` <= 1787059501 [ RunTime:0.000726s ]
[2026-08-18T21:25:01+08:00][sql] SHOW FULL COLUMNS FROM `user` [ RunTime:0.001429s ]
[2026-08-18T21:25:01+08:00][sql] SELECT * FROM `user` WHERE  `id` = 20 LIMIT 1 [ RunTime:0.000746s ]
[2026-08-18T21:25:01+08:00][sql] SHOW FULL COLUMNS FROM `setting` [ RunTime:0.001032s ]
[2026-08-18T21:25:01+08:00][sql] SELECT * FROM `setting` [ RunTime:0.000570s ]
[2026-08-18T21:26:12+08:00][sql] CONNECT:[ UseTime:0.002536s ] mysql:host=127.0.0.1;port=3306;dbname=auction;charset=utf8mb4
[2026-08-18T21:26:12+08:00][sql] SHOW FULL COLUMNS FROM `goods` [ RunTime:0.001536s ]
[2026-08-18T21:26:12+08:00][sql] SELECT `id` FROM `goods` WHERE  `status` = 1  AND `end_time` <= 1787059572 [ RunTime:0.000812s ]
[2026-08-18T21:26:12+08:00][sql] SHOW FULL COLUMNS FROM `user` [ RunTime:0.001349s ]
[2026-08-18T21:26:12+08:00][sql] SELECT * FROM `user` WHERE  `id` = 20 LIMIT 1 [ RunTime:0.000801s ]
[2026-08-18T21:26:12+08:00][sql] SHOW FULL COLUMNS FROM `setting` [ RunTime:0.001174s ]
[2026-08-18T21:26:12+08:00][sql] SELECT * FROM `setting` [ RunTime:0.000601s ]
[2026-08-18T21:26:12+08:00][sql] SELECT * FROM `user` WHERE  `id` = 20 LIMIT 1   FOR UPDATE [ RunTime:0.000765s ]
[2026-08-18T21:26:12+08:00][sql] UPDATE `user`  SET `balance` = '10000' , `update_time` = 1787059572  WHERE  `id` = 20 [ RunTime:0.005588s ]
[2026-08-18T21:26:12+08:00][sql] SHOW FULL COLUMNS FROM `balance_log` [ RunTime:0.001549s ]
[2026-08-18T21:26:12+08:00][sql] INSERT INTO `balance_log` SET `user_id` = 20 , `type` = 'recharge' , `amount` = '10000' , `balance` = '10000' , `remark` = '余额充值（模拟支付）' , `create_time` = 1787059572 [ RunTime:0.001799s ]
[2026-08-18T21:26:13+08:00][sql] CONNECT:[ UseTime:0.019038s ] mysql:host=127.0.0.1;port=3306;dbname=auction;charset=utf8mb4
[2026-08-18T21:26:13+08:00][sql] SHOW FULL COLUMNS FROM `goods` [ RunTime:0.002218s ]
[2026-08-18T21:26:13+08:00][sql] SELECT `id` FROM `goods` WHERE  `status` = 1  AND `end_time` <= 1787059573 [ RunTime:0.001171s ]
[2026-08-18T21:26:13+08:00][sql] SHOW FULL COLUMNS FROM `user` [ RunTime:0.002051s ]
[2026-08-18T21:26:13+08:00][sql] SELECT * FROM `user` WHERE  `id` = 20 LIMIT 1 [ RunTime:0.001269s ]
[2026-08-18T21:26:13+08:00][sql] SHOW FULL COLUMNS FROM `setting` [ RunTime:0.001651s ]
[2026-08-18T21:26:13+08:00][sql] SELECT * FROM `setting` [ RunTime:0.000883s ]
[2026-08-18T21:26:13+08:00][sql] SELECT * FROM `user` WHERE  `id` = 20 LIMIT 1 [ RunTime:0.001407s ]
[2026-08-18T21:26:13+08:00][sql] SHOW FULL COLUMNS FROM `order` [ RunTime:0.002303s ]
[2026-08-18T21:26:13+08:00][sql] SELECT COUNT(*) AS think_count FROM `order` WHERE  `buyer_id` = 20  AND `order_status` = 0  AND `pay_status` = 0 [ RunTime:0.000928s ]
[2026-08-18T21:26:13+08:00][sql] SELECT COUNT(*) AS think_count FROM `order` WHERE  `buyer_id` = 20  AND `order_status` = 3 [ RunTime:0.001053s ]
[2026-08-18T21:26:13+08:00][sql] SHOW FULL COLUMNS FROM `balance_log` [ RunTime:0.001875s ]
[2026-08-18T21:26:13+08:00][sql] SELECT * FROM `balance_log` WHERE  `user_id` = 20 ORDER BY `id` DESC LIMIT 8 [ RunTime:0.001171s ]
[2026-08-18T21:26:15+08:00][sql] CONNECT:[ UseTime:0.002160s ] mysql:host=127.0.0.1;port=3306;dbname=auction;charset=utf8mb4
[2026-08-18T21:26:15+08:00][sql] SHOW FULL COLUMNS FROM `goods` [ RunTime:0.001683s ]
[2026-08-18T21:26:15+08:00][sql] SELECT `id` FROM `goods` WHERE  `status` = 1  AND `end_time` <= 1787059575 [ RunTime:0.001144s ]
[2026-08-18T21:26:15+08:00][sql] SHOW FULL COLUMNS FROM `user` [ RunTime:0.001889s ]
[2026-08-18T21:26:15+08:00][sql] SELECT * FROM `user` WHERE  `id` = 20 LIMIT 1 [ RunTime:0.001063s ]
[2026-08-18T21:26:15+08:00][sql] SHOW FULL COLUMNS FROM `setting` [ RunTime:0.001526s ]
[2026-08-18T21:26:15+08:00][sql] SELECT * FROM `setting` [ RunTime:0.000863s ]
[2026-08-18T21:26:21+08:00][sql] CONNECT:[ UseTime:0.003014s ] mysql:host=127.0.0.1;port=3306;dbname=auction;charset=utf8mb4
[2026-08-18T21:26:21+08:00][sql] SHOW FULL COLUMNS FROM `goods` [ RunTime:0.002269s ]
[2026-08-18T21:26:21+08:00][sql] SELECT `id` FROM `goods` WHERE  `status` = 1  AND `end_time` <= 1787059581 [ RunTime:0.001695s ]
[2026-08-18T21:26:21+08:00][sql] SHOW FULL COLUMNS FROM `user` [ RunTime:0.002363s ]
[2026-08-18T21:26:21+08:00][sql] SELECT * FROM `user` WHERE  `id` = 20 LIMIT 1 [ RunTime:0.001034s ]
[2026-08-18T21:26:21+08:00][sql] SHOW FULL COLUMNS FROM `setting` [ RunTime:0.001285s ]
[2026-08-18T21:26:21+08:00][sql] SELECT * FROM `setting` [ RunTime:0.000654s ]
[2026-08-18T21:26:32+08:00][sql] CONNECT:[ UseTime:0.002077s ] mysql:host=127.0.0.1;port=3306;dbname=auction;charset=utf8mb4
[2026-08-18T21:26:32+08:00][sql] SHOW FULL COLUMNS FROM `goods` [ RunTime:0.001524s ]
[2026-08-18T21:26:32+08:00][sql] SELECT `id` FROM `goods` WHERE  `status` = 1  AND `end_time` <= 1787059592 [ RunTime:0.000950s ]
[2026-08-18T21:26:32+08:00][sql] SHOW FULL COLUMNS FROM `user` [ RunTime:0.001487s ]
[2026-08-18T21:26:32+08:00][sql] SELECT * FROM `user` WHERE  `id` = 20 LIMIT 1 [ RunTime:0.000790s ]
[2026-08-18T21:26:32+08:00][sql] SHOW FULL COLUMNS FROM `setting` [ RunTime:0.001203s ]
[2026-08-18T21:26:32+08:00][sql] SELECT * FROM `setting` [ RunTime:0.000703s ]
[2026-08-18T21:26:32+08:00][sql] SHOW FULL COLUMNS FROM `bid_record` [ RunTime:0.001317s ]
[2026-08-18T21:26:32+08:00][sql] SELECT COUNT(*) AS think_count FROM `bid_record` WHERE  `user_id` = 20 [ RunTime:0.000858s ]
[2026-08-18T21:26:32+08:00][sql] SHOW FULL COLUMNS FROM `order` [ RunTime:0.001669s ]
[2026-08-18T21:26:32+08:00][sql] SELECT COUNT(*) AS think_count FROM `order` WHERE  `buyer_id` = 20  AND `pay_status` = 1 [ RunTime:0.000855s ]
[2026-08-18T21:26:32+08:00][sql] SELECT COUNT(*) AS think_count FROM `goods` WHERE  `seller_id` = 20  AND `status` = 2 [ RunTime:0.002879s ]
[2026-08-18T21:26:32+08:00][sql] SELECT COUNT(*) AS think_count FROM `goods` WHERE  `seller_id` = 20 [ RunTime:0.001065s ]
[2026-08-18T21:26:32+08:00][sql] SELECT COUNT(*) AS think_count FROM `order` WHERE  `buyer_id` = 20  AND `pay_status` = 0  AND `order_status` = 0 [ RunTime:0.000941s ]
[2026-08-18T21:26:32+08:00][sql] SELECT COUNT(*) AS think_count FROM `order` WHERE  `seller_id` = 20  AND `order_status` = 1 [ RunTime:0.000917s ]
[2026-08-18T21:26:32+08:00][sql] SELECT COUNT(*) AS think_count FROM `order` WHERE  `buyer_id` = 20  AND `order_status` = 0  AND `pay_status` = 0 [ RunTime:0.000911s ]
[2026-08-18T21:26:32+08:00][sql] SELECT COUNT(*) AS think_count FROM `order` WHERE  `buyer_id` = 20  AND `order_status` = 1 [ RunTime:0.000936s ]
[2026-08-18T21:26:32+08:00][sql] SELECT COUNT(*) AS think_count FROM `order` WHERE  `buyer_id` = 20  AND `order_status` = 2 [ RunTime:0.000900s ]
[2026-08-18T21:26:32+08:00][sql] SELECT COUNT(*) AS think_count FROM `order` WHERE  `buyer_id` = 20  AND `order_status` = 3 [ RunTime:0.000895s ]
[2026-08-18T21:26:32+08:00][sql] SELECT COUNT(*) AS think_count FROM `order` WHERE  `seller_id` = 20  AND `order_status` = 1 [ RunTime:0.001199s ]
[2026-08-18T21:26:32+08:00][sql] SHOW FULL COLUMNS FROM `goods_favorite` [ RunTime:0.002024s ]
[2026-08-18T21:26:32+08:00][sql] SELECT COUNT(*) AS think_count FROM `goods_favorite` WHERE  `user_id` = 20 [ RunTime:0.001124s ]
[2026-08-18T21:26:32+08:00][sql] SHOW FULL COLUMNS FROM `seller_follow` [ RunTime:0.001990s ]
[2026-08-18T21:26:32+08:00][sql] SELECT COUNT(*) AS think_count FROM `seller_follow` WHERE  `user_id` = 20 [ RunTime:0.001209s ]
[2026-08-18T21:26:32+08:00][sql] SHOW FULL COLUMNS FROM `browse_history` [ RunTime:0.001997s ]
[2026-08-18T21:26:32+08:00][sql] SELECT COUNT(*) AS think_count FROM `browse_history` WHERE  `user_id` = 20 [ RunTime:0.001259s ]
[2026-08-18T21:26:32+08:00][sql] SHOW FULL COLUMNS FROM `balance_log` [ RunTime:0.001736s ]
[2026-08-18T21:26:32+08:00][sql] SELECT * FROM `balance_log` WHERE  `user_id` = 20 ORDER BY `id` DESC LIMIT 5 [ RunTime:0.001043s ]
[2026-08-18T21:26:32+08:00][sql] SELECT `b`.*,`g`.`title`,`g`.`cover`,g.status as goods_status,`g`.`end_time` FROM `bid_record` `b` LEFT JOIN `goods` `g` ON `b`.`goods_id`=`g`.`id` WHERE  `b`.`user_id` = '20' ORDER BY `b`.`id` DESC LIMIT 5 [ RunTime:0.001414s ]
[2026-08-18T21:26:32+08:00][sql] SELECT `id`,`nickname`,`mobile`,`reg_time` FROM `user` WHERE  `pid` = 20 ORDER BY `id` DESC LIMIT 10 [ RunTime:0.001499s ]
[2026-08-18T21:27:43+08:00][sql] CONNECT:[ UseTime:0.002301s ] mysql:host=127.0.0.1;port=3306;dbname=auction;charset=utf8mb4
[2026-08-18T21:27:43+08:00][sql] SHOW FULL COLUMNS FROM `goods` [ RunTime:0.001513s ]
[2026-08-18T21:27:43+08:00][sql] SELECT `id` FROM `goods` WHERE  `status` = 1  AND `end_time` <= 1787059663 [ RunTime:0.000882s ]
[2026-08-18T21:27:43+08:00][sql] SHOW FULL COLUMNS FROM `user` [ RunTime:0.002337s ]
[2026-08-18T21:27:43+08:00][sql] SELECT * FROM `user` WHERE  `id` = 20 LIMIT 1 [ RunTime:0.000880s ]
[2026-08-18T21:27:43+08:00][sql] SHOW FULL COLUMNS FROM `setting` [ RunTime:0.001031s ]
[2026-08-18T21:27:43+08:00][sql] SELECT * FROM `setting` [ RunTime:0.000782s ]
[2026-08-18T21:27:43+08:00][sql] SELECT * FROM `user` WHERE  `id` = 20 LIMIT 1 [ RunTime:0.001256s ]
[2026-08-18T21:27:43+08:00][sql] SHOW FULL COLUMNS FROM `order` [ RunTime:0.002035s ]
[2026-08-18T21:27:43+08:00][sql] SELECT COUNT(*) AS think_count FROM `order` WHERE  `buyer_id` = 20  AND `order_status` = 0  AND `pay_status` = 0 [ RunTime:0.001186s ]
[2026-08-18T21:27:43+08:00][sql] SELECT COUNT(*) AS think_count FROM `order` WHERE  `buyer_id` = 20  AND `order_status` = 3 [ RunTime:0.000981s ]
[2026-08-18T21:27:43+08:00][sql] SHOW FULL COLUMNS FROM `balance_log` [ RunTime:0.001691s ]
[2026-08-18T21:27:43+08:00][sql] SELECT * FROM `balance_log` WHERE  `user_id` = 20 ORDER BY `id` DESC LIMIT 8 [ RunTime:0.001233s ]
[2026-08-18T21:27:44+08:00][sql] CONNECT:[ UseTime:0.011108s ] mysql:host=127.0.0.1;port=3306;dbname=auction;charset=utf8mb4
[2026-08-18T21:27:44+08:00][sql] SHOW FULL COLUMNS FROM `goods` [ RunTime:0.001993s ]
[2026-08-18T21:27:44+08:00][sql] SELECT `id` FROM `goods` WHERE  `status` = 1  AND `end_time` <= 1787059664 [ RunTime:0.000981s ]
[2026-08-18T21:27:44+08:00][sql] SHOW FULL COLUMNS FROM `user` [ RunTime:0.001926s ]
[2026-08-18T21:27:44+08:00][sql] SELECT * FROM `user` WHERE  `id` = 20 LIMIT 1 [ RunTime:0.000979s ]
[2026-08-18T21:27:44+08:00][sql] SHOW FULL COLUMNS FROM `setting` [ RunTime:0.001407s ]
[2026-08-18T21:27:44+08:00][sql] SELECT * FROM `setting` [ RunTime:0.000803s ]
[2026-08-18T21:29:19+08:00][sql] CONNECT:[ UseTime:0.001840s ] mysql:host=127.0.0.1;port=3306;dbname=auction;charset=utf8mb4
[2026-08-18T21:29:19+08:00][sql] SHOW FULL COLUMNS FROM `goods` [ RunTime:0.002936s ]
[2026-08-18T21:29:19+08:00][sql] SELECT `id` FROM `goods` WHERE  `status` = 1  AND `end_time` <= 1787059759 [ RunTime:0.001142s ]
[2026-08-18T21:29:19+08:00][sql] SHOW FULL COLUMNS FROM `user` [ RunTime:0.001495s ]
[2026-08-18T21:29:19+08:00][sql] SELECT * FROM `user` WHERE  `id` = 20 LIMIT 1 [ RunTime:0.000767s ]
[2026-08-18T21:29:19+08:00][sql] SHOW FULL COLUMNS FROM `setting` [ RunTime:0.001027s ]
[2026-08-18T21:29:19+08:00][sql] SELECT * FROM `setting` [ RunTime:0.000602s ]
[2026-08-18T21:29:19+08:00][sql] SHOW FULL COLUMNS FROM `bid_record` [ RunTime:0.001226s ]
[2026-08-18T21:29:19+08:00][sql] SELECT COUNT(*) AS think_count FROM `bid_record` WHERE  `user_id` = 20 [ RunTime:0.000713s ]
[2026-08-18T21:29:19+08:00][sql] SHOW FULL COLUMNS FROM `order` [ RunTime:0.001336s ]
[2026-08-18T21:29:19+08:00][sql] SELECT COUNT(*) AS think_count FROM `order` WHERE  `buyer_id` = 20  AND `pay_status` = 1 [ RunTime:0.000736s ]
[2026-08-18T21:29:19+08:00][sql] SELECT COUNT(*) AS think_count FROM `goods` WHERE  `seller_id` = 20  AND `status` = 2 [ RunTime:0.003175s ]
[2026-08-18T21:29:19+08:00][sql] SELECT COUNT(*) AS think_count FROM `goods` WHERE  `seller_id` = 20 [ RunTime:0.000852s ]
[2026-08-18T21:29:19+08:00][sql] SELECT COUNT(*) AS think_count FROM `order` WHERE  `buyer_id` = 20  AND `pay_status` = 0  AND `order_status` = 0 [ RunTime:0.000736s ]
[2026-08-18T21:29:19+08:00][sql] SELECT COUNT(*) AS think_count FROM `order` WHERE  `seller_id` = 20  AND `order_status` = 1 [ RunTime:0.000665s ]
[2026-08-18T21:29:19+08:00][sql] SELECT COUNT(*) AS think_count FROM `order` WHERE  `buyer_id` = 20  AND `order_status` = 0  AND `pay_status` = 0 [ RunTime:0.000597s ]
[2026-08-18T21:29:19+08:00][sql] SELECT COUNT(*) AS think_count FROM `order` WHERE  `buyer_id` = 20  AND `order_status` = 1 [ RunTime:0.000559s ]
[2026-08-18T21:29:19+08:00][sql] SELECT COUNT(*) AS think_count FROM `order` WHERE  `buyer_id` = 20  AND `order_status` = 2 [ RunTime:0.000578s ]
[2026-08-18T21:29:19+08:00][sql] SELECT COUNT(*) AS think_count FROM `order` WHERE  `buyer_id` = 20  AND `order_status` = 3 [ RunTime:0.000612s ]
[2026-08-18T21:29:19+08:00][sql] SELECT COUNT(*) AS think_count FROM `order` WHERE  `seller_id` = 20  AND `order_status` = 1 [ RunTime:0.000600s ]
[2026-08-18T21:29:19+08:00][sql] SHOW FULL COLUMNS FROM `goods_favorite` [ RunTime:0.001192s ]
[2026-08-18T21:29:19+08:00][sql] SELECT COUNT(*) AS think_count FROM `goods_favorite` WHERE  `user_id` = 20 [ RunTime:0.000692s ]
[2026-08-18T21:29:19+08:00][sql] SHOW FULL COLUMNS FROM `seller_follow` [ RunTime:0.001084s ]
[2026-08-18T21:29:19+08:00][sql] SELECT COUNT(*) AS think_count FROM `seller_follow` WHERE  `user_id` = 20 [ RunTime:0.000589s ]
[2026-08-18T21:29:19+08:00][sql] SHOW FULL COLUMNS FROM `browse_history` [ RunTime:0.000939s ]
[2026-08-18T21:29:19+08:00][sql] SELECT COUNT(*) AS think_count FROM `browse_history` WHERE  `user_id` = 20 [ RunTime:0.000578s ]
[2026-08-18T21:29:19+08:00][sql] SHOW FULL COLUMNS FROM `balance_log` [ RunTime:0.001224s ]
[2026-08-18T21:29:19+08:00][sql] SELECT * FROM `balance_log` WHERE  `user_id` = 20 ORDER BY `id` DESC LIMIT 5 [ RunTime:0.001241s ]
[2026-08-18T21:29:19+08:00][sql] SELECT `b`.*,`g`.`title`,`g`.`cover`,g.status as goods_status,`g`.`end_time` FROM `bid_record` `b` LEFT JOIN `goods` `g` ON `b`.`goods_id`=`g`.`id` WHERE  `b`.`user_id` = '20' ORDER BY `b`.`id` DESC LIMIT 5 [ RunTime:0.000942s ]
[2026-08-18T21:29:19+08:00][sql] SELECT `id`,`nickname`,`mobile`,`reg_time` FROM `user` WHERE  `pid` = 20 ORDER BY `id` DESC LIMIT 10 [ RunTime:0.000785s ]
[2026-08-18T21:29:50+08:00][sql] CONNECT:[ UseTime:0.002002s ] mysql:host=127.0.0.1;port=3306;dbname=auction;charset=utf8mb4
[2026-08-18T21:29:50+08:00][sql] SHOW FULL COLUMNS FROM `goods` [ RunTime:0.001614s ]
[2026-08-18T21:29:50+08:00][sql] SELECT `id` FROM `goods` WHERE  `status` = 1  AND `end_time` <= 1787059790 [ RunTime:0.000833s ]
[2026-08-18T21:29:50+08:00][sql] SHOW FULL COLUMNS FROM `user` [ RunTime:0.001621s ]
[2026-08-18T21:29:50+08:00][sql] SELECT * FROM `user` WHERE  `id` = 25 LIMIT 1 [ RunTime:0.000924s ]
[2026-08-18T21:29:50+08:00][sql] SHOW FULL COLUMNS FROM `setting` [ RunTime:0.001357s ]
[2026-08-18T21:29:50+08:00][sql] SELECT * FROM `setting` [ RunTime:0.000755s ]
[2026-08-18T21:29:50+08:00][sql] SHOW FULL COLUMNS FROM `bid_record` [ RunTime:0.001338s ]
[2026-08-18T21:29:50+08:00][sql] SELECT COUNT(*) AS think_count FROM `bid_record` WHERE  `user_id` = 25 [ RunTime:0.000756s ]
[2026-08-18T21:29:50+08:00][sql] SHOW FULL COLUMNS FROM `order` [ RunTime:0.001409s ]
[2026-08-18T21:29:50+08:00][sql] SELECT COUNT(*) AS think_count FROM `order` WHERE  `buyer_id` = 25  AND `pay_status` = 1 [ RunTime:0.000742s ]
[2026-08-18T21:29:50+08:00][sql] SELECT COUNT(*) AS think_count FROM `goods` WHERE  `seller_id` = 25  AND `status` = 2 [ RunTime:0.002829s ]
[2026-08-18T21:29:50+08:00][sql] SELECT COUNT(*) AS think_count FROM `goods` WHERE  `seller_id` = 25 [ RunTime:0.000741s ]
[2026-08-18T21:29:50+08:00][sql] SELECT COUNT(*) AS think_count FROM `order` WHERE  `buyer_id` = 25  AND `pay_status` = 0  AND `order_status` = 0 [ RunTime:0.000767s ]
[2026-08-18T21:29:50+08:00][sql] SELECT COUNT(*) AS think_count FROM `order` WHERE  `seller_id` = 25  AND `order_status` = 1 [ RunTime:0.000732s ]
[2026-08-18T21:29:50+08:00][sql] SELECT COUNT(*) AS think_count FROM `order` WHERE  `buyer_id` = 25  AND `order_status` = 0  AND `pay_status` = 0 [ RunTime:0.000730s ]
[2026-08-18T21:29:50+08:00][sql] SELECT COUNT(*) AS think_count FROM `order` WHERE  `buyer_id` = 25  AND `order_status` = 1 [ RunTime:0.000688s ]
[2026-08-18T21:29:50+08:00][sql] SELECT COUNT(*) AS think_count FROM `order` WHERE  `buyer_id` = 25  AND `order_status` = 2 [ RunTime:0.000738s ]
[2026-08-18T21:29:50+08:00][sql] SELECT COUNT(*) AS think_count FROM `order` WHERE  `buyer_id` = 25  AND `order_status` = 3 [ RunTime:0.000731s ]
[2026-08-18T21:29:50+08:00][sql] SELECT COUNT(*) AS think_count FROM `order` WHERE  `seller_id` = 25  AND `order_status` = 1 [ RunTime:0.001743s ]
[2026-08-18T21:29:50+08:00][sql] SHOW FULL COLUMNS FROM `goods_favorite` [ RunTime:0.001422s ]
[2026-08-18T21:29:50+08:00][sql] SELECT COUNT(*) AS think_count FROM `goods_favorite` WHERE  `user_id` = 25 [ RunTime:0.000788s ]
[2026-08-18T21:29:50+08:00][sql] SHOW FULL COLUMNS FROM `seller_follow` [ RunTime:0.001366s ]
[2026-08-18T21:29:50+08:00][sql] SELECT COUNT(*) AS think_count FROM `seller_follow` WHERE  `user_id` = 25 [ RunTime:0.000867s ]
[2026-08-18T21:29:50+08:00][sql] SHOW FULL COLUMNS FROM `browse_history` [ RunTime:0.001090s ]
[2026-08-18T21:29:50+08:00][sql] SELECT COUNT(*) AS think_count FROM `browse_history` WHERE  `user_id` = 25 [ RunTime:0.000480s ]
[2026-08-18T21:29:50+08:00][sql] SHOW FULL COLUMNS FROM `balance_log` [ RunTime:0.000943s ]
[2026-08-18T21:29:50+08:00][sql] SELECT * FROM `balance_log` WHERE  `user_id` = 25 ORDER BY `id` DESC LIMIT 5 [ RunTime:0.000712s ]
[2026-08-18T21:29:50+08:00][sql] SELECT `b`.*,`g`.`title`,`g`.`cover`,g.status as goods_status,`g`.`end_time` FROM `bid_record` `b` LEFT JOIN `goods` `g` ON `b`.`goods_id`=`g`.`id` WHERE  `b`.`user_id` = '25' ORDER BY `b`.`id` DESC LIMIT 5 [ RunTime:0.000840s ]
[2026-08-18T21:29:50+08:00][sql] SELECT `id`,`nickname`,`mobile`,`reg_time` FROM `user` WHERE  `pid` = 25 ORDER BY `id` DESC LIMIT 10 [ RunTime:0.000667s ]
[2026-08-18T21:30:04+08:00][sql] CONNECT:[ UseTime:0.001878s ] mysql:host=127.0.0.1;port=3306;dbname=auction;charset=utf8mb4
[2026-08-18T21:30:04+08:00][sql] SHOW FULL COLUMNS FROM `goods` [ RunTime:0.001130s ]
[2026-08-18T21:30:04+08:00][sql] SELECT `id` FROM `goods` WHERE  `status` = 1  AND `end_time` <= 1787059803 [ RunTime:0.000537s ]
[2026-08-18T21:30:04+08:00][sql] SHOW FULL COLUMNS FROM `user` [ RunTime:0.001460s ]
[2026-08-18T21:30:04+08:00][sql] SELECT * FROM `user` WHERE  `id` = 20 LIMIT 1 [ RunTime:0.000749s ]
[2026-08-18T21:30:04+08:00][sql] SHOW FULL COLUMNS FROM `setting` [ RunTime:0.001003s ]
[2026-08-18T21:30:04+08:00][sql] SELECT * FROM `setting` [ RunTime:0.000586s ]
[2026-08-18T21:30:04+08:00][sql] SHOW FULL COLUMNS FROM `bid_record` [ RunTime:0.000909s ]
[2026-08-18T21:30:04+08:00][sql] SELECT COUNT(*) AS think_count FROM `bid_record` WHERE  `user_id` = 20 [ RunTime:0.000496s ]
[2026-08-18T21:30:04+08:00][sql] SHOW FULL COLUMNS FROM `order` [ RunTime:0.001180s ]
[2026-08-18T21:30:04+08:00][sql] SELECT COUNT(*) AS think_count FROM `order` WHERE  `buyer_id` = 20  AND `pay_status` = 1 [ RunTime:0.000655s ]
[2026-08-18T21:30:04+08:00][sql] SELECT COUNT(*) AS think_count FROM `goods` WHERE  `seller_id` = 20  AND `status` = 2 [ RunTime:0.002183s ]
[2026-08-18T21:30:04+08:00][sql] SELECT COUNT(*) AS think_count FROM `goods` WHERE  `seller_id` = 20 [ RunTime:0.000606s ]
[2026-08-18T21:30:04+08:00][sql] SELECT COUNT(*) AS think_count FROM `order` WHERE  `buyer_id` = 20  AND `pay_status` = 0  AND `order_status` = 0 [ RunTime:0.000584s ]
[2026-08-18T21:30:04+08:00][sql] SELECT COUNT(*) AS think_count FROM `order` WHERE  `seller_id` = 20  AND `order_status` = 1 [ RunTime:0.000622s ]
[2026-08-18T21:30:04+08:00][sql] SELECT COUNT(*) AS think_count FROM `order` WHERE  `buyer_id` = 20  AND `order_status` = 0  AND `pay_status` = 0 [ RunTime:0.000611s ]
[2026-08-18T21:30:04+08:00][sql] SELECT COUNT(*) AS think_count FROM `order` WHERE  `buyer_id` = 20  AND `order_status` = 1 [ RunTime:0.000616s ]
[2026-08-18T21:30:04+08:00][sql] SELECT COUNT(*) AS think_count FROM `order` WHERE  `buyer_id` = 20  AND `order_status` = 2 [ RunTime:0.000550s ]
[2026-08-18T21:30:04+08:00][sql] SELECT COUNT(*) AS think_count FROM `order` WHERE  `buyer_id` = 20  AND `order_status` = 3 [ RunTime:0.000529s ]
[2026-08-18T21:30:04+08:00][sql] SELECT COUNT(*) AS think_count FROM `order` WHERE  `seller_id` = 20  AND `order_status` = 1 [ RunTime:0.000520s ]
[2026-08-18T21:30:04+08:00][sql] SHOW FULL COLUMNS FROM `goods_favorite` [ RunTime:0.001297s ]
[2026-08-18T21:30:04+08:00][sql] SELECT COUNT(*) AS think_count FROM `goods_favorite` WHERE  `user_id` = 20 [ RunTime:0.000761s ]
[2026-08-18T21:30:04+08:00][sql] SHOW FULL COLUMNS FROM `seller_follow` [ RunTime:0.001082s ]
[2026-08-18T21:30:04+08:00][sql] SELECT COUNT(*) AS think_count FROM `seller_follow` WHERE  `user_id` = 20 [ RunTime:0.000504s ]
[2026-08-18T21:30:04+08:00][sql] SHOW FULL COLUMNS FROM `browse_history` [ RunTime:0.000733s ]
[2026-08-18T21:30:04+08:00][sql] SELECT COUNT(*) AS think_count FROM `browse_history` WHERE  `user_id` = 20 [ RunTime:0.000577s ]
[2026-08-18T21:30:04+08:00][sql] SHOW FULL COLUMNS FROM `balance_log` [ RunTime:0.000941s ]
[2026-08-18T21:30:04+08:00][sql] SELECT * FROM `balance_log` WHERE  `user_id` = 20 ORDER BY `id` DESC LIMIT 5 [ RunTime:0.000539s ]
[2026-08-18T21:30:04+08:00][sql] SELECT `b`.*,`g`.`title`,`g`.`cover`,g.status as goods_status,`g`.`end_time` FROM `bid_record` `b` LEFT JOIN `goods` `g` ON `b`.`goods_id`=`g`.`id` WHERE  `b`.`user_id` = '20' ORDER BY `b`.`id` DESC LIMIT 5 [ RunTime:0.000658s ]
[2026-08-18T21:30:04+08:00][sql] SELECT `id`,`nickname`,`mobile`,`reg_time` FROM `user` WHERE  `pid` = 20 ORDER BY `id` DESC LIMIT 10 [ RunTime:0.000618s ]
[2026-08-18T21:30:07+08:00][sql] CONNECT:[ UseTime:0.002332s ] mysql:host=127.0.0.1;port=3306;dbname=auction;charset=utf8mb4
[2026-08-18T21:30:07+08:00][sql] SHOW FULL COLUMNS FROM `goods` [ RunTime:0.001841s ]
[2026-08-18T21:30:07+08:00][sql] SELECT `id` FROM `goods` WHERE  `status` = 1  AND `end_time` <= 1787059806 [ RunTime:0.001185s ]
[2026-08-18T21:30:07+08:00][sql] SHOW FULL COLUMNS FROM `user` [ RunTime:0.002022s ]
[2026-08-18T21:30:07+08:00][sql] SELECT * FROM `user` WHERE  `id` = 20 LIMIT 1 [ RunTime:0.001549s ]
[2026-08-18T21:30:07+08:00][sql] SHOW FULL COLUMNS FROM `setting` [ RunTime:0.001709s ]
[2026-08-18T21:30:07+08:00][sql] SELECT * FROM `setting` [ RunTime:0.000880s ]
[2026-08-18T21:30:59+08:00][sql] CONNECT:[ UseTime:0.025524s ] mysql:host=127.0.0.1;port=3306;dbname=auction;charset=utf8mb4
[2026-08-18T21:30:59+08:00][sql] SHOW FULL COLUMNS FROM `goods` [ RunTime:0.001240s ]
[2026-08-18T21:30:59+08:00][sql] SELECT `id` FROM `goods` WHERE  `status` = 1  AND `end_time` <= 1787059858 [ RunTime:0.000857s ]
[2026-08-18T21:30:59+08:00][sql] SHOW FULL COLUMNS FROM `user` [ RunTime:0.001852s ]
[2026-08-18T21:30:59+08:00][sql] SELECT * FROM `user` WHERE  `id` = 20 LIMIT 1 [ RunTime:0.000896s ]
[2026-08-18T21:30:59+08:00][sql] SHOW FULL COLUMNS FROM `setting` [ RunTime:0.001152s ]
[2026-08-18T21:30:59+08:00][sql] SELECT * FROM `setting` [ RunTime:0.000610s ]
[2026-08-18T21:30:59+08:00][sql] SHOW FULL COLUMNS FROM `bid_record` [ RunTime:0.001267s ]
[2026-08-18T21:30:59+08:00][sql] SELECT COUNT(*) AS think_count FROM `bid_record` WHERE  `user_id` = 20 [ RunTime:0.000641s ]
[2026-08-18T21:30:59+08:00][sql] SHOW FULL COLUMNS FROM `order` [ RunTime:0.001190s ]
[2026-08-18T21:30:59+08:00][sql] SELECT COUNT(*) AS think_count FROM `order` WHERE  `buyer_id` = 20  AND `pay_status` = 1 [ RunTime:0.000616s ]
[2026-08-18T21:30:59+08:00][sql] SELECT COUNT(*) AS think_count FROM `goods` WHERE  `seller_id` = 20  AND `status` = 2 [ RunTime:0.006479s ]
[2026-08-18T21:30:59+08:00][sql] SELECT COUNT(*) AS think_count FROM `goods` WHERE  `seller_id` = 20 [ RunTime:0.000850s ]
[2026-08-18T21:30:59+08:00][sql] SELECT COUNT(*) AS think_count FROM `order` WHERE  `buyer_id` = 20  AND `pay_status` = 0  AND `order_status` = 0 [ RunTime:0.000775s ]
[2026-08-18T21:30:59+08:00][sql] SELECT COUNT(*) AS think_count FROM `order` WHERE  `seller_id` = 20  AND `order_status` = 1 [ RunTime:0.000711s ]
[2026-08-18T21:30:59+08:00][sql] SELECT COUNT(*) AS think_count FROM `order` WHERE  `buyer_id` = 20  AND `order_status` = 0  AND `pay_status` = 0 [ RunTime:0.000688s ]
[2026-08-18T21:30:59+08:00][sql] SELECT COUNT(*) AS think_count FROM `order` WHERE  `buyer_id` = 20  AND `order_status` = 1 [ RunTime:0.000684s ]
[2026-08-18T21:30:59+08:00][sql] SELECT COUNT(*) AS think_count FROM `order` WHERE  `buyer_id` = 20  AND `order_status` = 2 [ RunTime:0.000661s ]
[2026-08-18T21:30:59+08:00][sql] SELECT COUNT(*) AS think_count FROM `order` WHERE  `buyer_id` = 20  AND `order_status` = 3 [ RunTime:0.000684s ]
[2026-08-18T21:30:59+08:00][sql] SELECT COUNT(*) AS think_count FROM `order` WHERE  `seller_id` = 20  AND `order_status` = 1 [ RunTime:0.000700s ]
[2026-08-18T21:30:59+08:00][sql] SHOW FULL COLUMNS FROM `goods_favorite` [ RunTime:0.001410s ]
[2026-08-18T21:30:59+08:00][sql] SELECT COUNT(*) AS think_count FROM `goods_favorite` WHERE  `user_id` = 20 [ RunTime:0.001021s ]
[2026-08-18T21:30:59+08:00][sql] SHOW FULL COLUMNS FROM `seller_follow` [ RunTime:0.002389s ]
[2026-08-18T21:30:59+08:00][sql] SELECT COUNT(*) AS think_count FROM `seller_follow` WHERE  `user_id` = 20 [ RunTime:0.001147s ]
[2026-08-18T21:30:59+08:00][sql] SHOW FULL COLUMNS FROM `browse_history` [ RunTime:0.001202s ]
[2026-08-18T21:30:59+08:00][sql] SELECT COUNT(*) AS think_count FROM `browse_history` WHERE  `user_id` = 20 [ RunTime:0.000691s ]
[2026-08-18T21:30:59+08:00][sql] SHOW FULL COLUMNS FROM `balance_log` [ RunTime:0.001093s ]
[2026-08-18T21:30:59+08:00][sql] SELECT * FROM `balance_log` WHERE  `user_id` = 20 ORDER BY `id` DESC LIMIT 5 [ RunTime:0.000633s ]
[2026-08-18T21:30:59+08:00][sql] SELECT `b`.*,`g`.`title`,`g`.`cover`,g.status as goods_status,`g`.`end_time` FROM `bid_record` `b` LEFT JOIN `goods` `g` ON `b`.`goods_id`=`g`.`id` WHERE  `b`.`user_id` = '20' ORDER BY `b`.`id` DESC LIMIT 5 [ RunTime:0.000713s ]
[2026-08-18T21:30:59+08:00][sql] SELECT `id`,`nickname`,`mobile`,`reg_time` FROM `user` WHERE  `pid` = 20 ORDER BY `id` DESC LIMIT 10 [ RunTime:0.000607s ]
[2026-08-18T21:31:01+08:00][sql] CONNECT:[ UseTime:0.012356s ] mysql:host=127.0.0.1;port=3306;dbname=auction;charset=utf8mb4
[2026-08-18T21:31:01+08:00][sql] SHOW FULL COLUMNS FROM `goods` [ RunTime:0.001687s ]
[2026-08-18T21:31:01+08:00][sql] SELECT `id` FROM `goods` WHERE  `status` = 1  AND `end_time` <= 1787059860 [ RunTime:0.000906s ]
[2026-08-18T21:31:01+08:00][sql] SHOW FULL COLUMNS FROM `user` [ RunTime:0.001547s ]
[2026-08-18T21:31:01+08:00][sql] SELECT * FROM `user` WHERE  `id` = 20 LIMIT 1 [ RunTime:0.000915s ]
[2026-08-18T21:31:01+08:00][sql] SHOW FULL COLUMNS FROM `setting` [ RunTime:0.001297s ]
[2026-08-18T21:31:01+08:00][sql] SELECT * FROM `setting` [ RunTime:0.000739s ]
[2026-08-18T21:31:01+08:00][sql] SHOW FULL COLUMNS FROM `bid_record` [ RunTime:0.002371s ]
[2026-08-18T21:31:01+08:00][sql] SELECT COUNT(*) AS think_count FROM `bid_record` WHERE  `user_id` = 20 [ RunTime:0.001434s ]
[2026-08-18T21:31:01+08:00][sql] SHOW FULL COLUMNS FROM `order` [ RunTime:0.001799s ]
[2026-08-18T21:31:01+08:00][sql] SELECT COUNT(*) AS think_count FROM `order` WHERE  `buyer_id` = 20  AND `pay_status` = 1 [ RunTime:0.000908s ]
[2026-08-18T21:31:01+08:00][sql] SELECT COUNT(*) AS think_count FROM `goods` WHERE  `seller_id` = 20  AND `status` = 2 [ RunTime:0.002320s ]
[2026-08-18T21:31:01+08:00][sql] SELECT COUNT(*) AS think_count FROM `goods` WHERE  `seller_id` = 20 [ RunTime:0.000722s ]
[2026-08-18T21:31:01+08:00][sql] SELECT COUNT(*) AS think_count FROM `order` WHERE  `buyer_id` = 20  AND `pay_status` = 0  AND `order_status` = 0 [ RunTime:0.000710s ]
[2026-08-18T21:31:01+08:00][sql] SELECT COUNT(*) AS think_count FROM `order` WHERE  `seller_id` = 20  AND `order_status` = 1 [ RunTime:0.000655s ]
[2026-08-18T21:31:01+08:00][sql] SELECT COUNT(*) AS think_count FROM `order` WHERE  `buyer_id` = 20  AND `order_status` = 0  AND `pay_status` = 0 [ RunTime:0.000553s ]
[2026-08-18T21:31:01+08:00][sql] SELECT COUNT(*) AS think_count FROM `order` WHERE  `buyer_id` = 20  AND `order_status` = 1 [ RunTime:0.000684s ]
[2026-08-18T21:31:01+08:00][sql] SELECT COUNT(*) AS think_count FROM `order` WHERE  `buyer_id` = 20  AND `order_status` = 2 [ RunTime:0.000595s ]
[2026-08-18T21:31:01+08:00][sql] SELECT COUNT(*) AS think_count FROM `order` WHERE  `buyer_id` = 20  AND `order_status` = 3 [ RunTime:0.000556s ]
[2026-08-18T21:31:01+08:00][sql] SELECT COUNT(*) AS think_count FROM `order` WHERE  `seller_id` = 20  AND `order_status` = 1 [ RunTime:0.000611s ]
[2026-08-18T21:31:01+08:00][sql] SHOW FULL COLUMNS FROM `goods_favorite` [ RunTime:0.001278s ]
[2026-08-18T21:31:01+08:00][sql] SELECT COUNT(*) AS think_count FROM `goods_favorite` WHERE  `user_id` = 20 [ RunTime:0.001506s ]
[2026-08-18T21:31:01+08:00][sql] SHOW FULL COLUMNS FROM `seller_follow` [ RunTime:0.001591s ]
[2026-08-18T21:31:01+08:00][sql] SELECT COUNT(*) AS think_count FROM `seller_follow` WHERE  `user_id` = 20 [ RunTime:0.000856s ]
[2026-08-18T21:31:01+08:00][sql] SHOW FULL COLUMNS FROM `browse_history` [ RunTime:0.001307s ]
[2026-08-18T21:31:01+08:00][sql] SELECT COUNT(*) AS think_count FROM `browse_history` WHERE  `user_id` = 20 [ RunTime:0.000863s ]
[2026-08-18T21:31:01+08:00][sql] SHOW FULL COLUMNS FROM `balance_log` [ RunTime:0.001383s ]
[2026-08-18T21:31:01+08:00][sql] SELECT * FROM `balance_log` WHERE  `user_id` = 20 ORDER BY `id` DESC LIMIT 5 [ RunTime:0.000806s ]
[2026-08-18T21:31:01+08:00][sql] SELECT `b`.*,`g`.`title`,`g`.`cover`,g.status as goods_status,`g`.`end_time` FROM `bid_record` `b` LEFT JOIN `goods` `g` ON `b`.`goods_id`=`g`.`id` WHERE  `b`.`user_id` = '20' ORDER BY `b`.`id` DESC LIMIT 5 [ RunTime:0.000763s ]
[2026-08-18T21:31:01+08:00][sql] SELECT `id`,`nickname`,`mobile`,`reg_time` FROM `user` WHERE  `pid` = 20 ORDER BY `id` DESC LIMIT 10 [ RunTime:0.000710s ]
[2026-08-18T21:31:09+08:00][sql] CONNECT:[ UseTime:0.002134s ] mysql:host=127.0.0.1;port=3306;dbname=auction;charset=utf8mb4
[2026-08-18T21:31:09+08:00][sql] SHOW FULL COLUMNS FROM `goods` [ RunTime:0.001434s ]
[2026-08-18T21:31:09+08:00][sql] SELECT `id` FROM `goods` WHERE  `status` = 1  AND `end_time` <= 1787059869 [ RunTime:0.000734s ]
[2026-08-18T21:31:09+08:00][sql] SHOW FULL COLUMNS FROM `user` [ RunTime:0.001321s ]
[2026-08-18T21:31:09+08:00][sql] SELECT * FROM `user` WHERE  `id` = 25 LIMIT 1 [ RunTime:0.000861s ]
[2026-08-18T21:31:09+08:00][sql] SHOW FULL COLUMNS FROM `setting` [ RunTime:0.001371s ]
[2026-08-18T21:31:09+08:00][sql] SELECT * FROM `setting` [ RunTime:0.000721s ]
[2026-08-18T21:31:09+08:00][sql] SHOW FULL COLUMNS FROM `bid_record` [ RunTime:0.001239s ]
[2026-08-18T21:31:09+08:00][sql] SELECT COUNT(*) AS think_count FROM `bid_record` WHERE  `user_id` = 25 [ RunTime:0.000839s ]
[2026-08-18T21:31:09+08:00][sql] SHOW FULL COLUMNS FROM `order` [ RunTime:0.001451s ]
[2026-08-18T21:31:09+08:00][sql] SELECT COUNT(*) AS think_count FROM `order` WHERE  `buyer_id` = 25  AND `pay_status` = 1 [ RunTime:0.000786s ]
[2026-08-18T21:31:09+08:00][sql] SELECT COUNT(*) AS think_count FROM `goods` WHERE  `seller_id` = 25  AND `status` = 2 [ RunTime:0.002529s ]
[2026-08-18T21:31:09+08:00][sql] SELECT COUNT(*) AS think_count FROM `goods` WHERE  `seller_id` = 25 [ RunTime:0.000841s ]
[2026-08-18T21:31:09+08:00][sql] SELECT COUNT(*) AS think_count FROM `order` WHERE  `buyer_id` = 25  AND `pay_status` = 0  AND `order_status` = 0 [ RunTime:0.000737s ]
[2026-08-18T21:31:09+08:00][sql] SELECT COUNT(*) AS think_count FROM `order` WHERE  `seller_id` = 25  AND `order_status` = 1 [ RunTime:0.000668s ]
[2026-08-18T21:31:09+08:00][sql] SELECT COUNT(*) AS think_count FROM `order` WHERE  `buyer_id` = 25  AND `order_status` = 0  AND `pay_status` = 0 [ RunTime:0.000804s ]
[2026-08-18T21:31:09+08:00][sql] SELECT COUNT(*) AS think_count FROM `order` WHERE  `buyer_id` = 25  AND `order_status` = 1 [ RunTime:0.000775s ]
[2026-08-18T21:31:09+08:00][sql] SELECT COUNT(*) AS think_count FROM `order` WHERE  `buyer_id` = 25  AND `order_status` = 2 [ RunTime:0.000756s ]
[2026-08-18T21:31:09+08:00][sql] SELECT COUNT(*) AS think_count FROM `order` WHERE  `buyer_id` = 25  AND `order_status` = 3 [ RunTime:0.000718s ]
[2026-08-18T21:31:09+08:00][sql] SELECT COUNT(*) AS think_count FROM `order` WHERE  `seller_id` = 25  AND `order_status` = 1 [ RunTime:0.000714s ]
[2026-08-18T21:31:09+08:00][sql] SHOW FULL COLUMNS FROM `goods_favorite` [ RunTime:0.001250s ]
[2026-08-18T21:31:09+08:00][sql] SELECT COUNT(*) AS think_count FROM `goods_favorite` WHERE  `user_id` = 25 [ RunTime:0.000724s ]
[2026-08-18T21:31:09+08:00][sql] SHOW FULL COLUMNS FROM `seller_follow` [ RunTime:0.001099s ]
[2026-08-18T21:31:09+08:00][sql] SELECT COUNT(*) AS think_count FROM `seller_follow` WHERE  `user_id` = 25 [ RunTime:0.000628s ]
[2026-08-18T21:31:09+08:00][sql] SHOW FULL COLUMNS FROM `browse_history` [ RunTime:0.001018s ]
[2026-08-18T21:31:09+08:00][sql] SELECT COUNT(*) AS think_count FROM `browse_history` WHERE  `user_id` = 25 [ RunTime:0.000612s ]
[2026-08-18T21:31:09+08:00][sql] SHOW FULL COLUMNS FROM `balance_log` [ RunTime:0.001039s ]
[2026-08-18T21:31:09+08:00][sql] SELECT * FROM `balance_log` WHERE  `user_id` = 25 ORDER BY `id` DESC LIMIT 5 [ RunTime:0.001309s ]
[2026-08-18T21:31:09+08:00][sql] SELECT `b`.*,`g`.`title`,`g`.`cover`,g.status as goods_status,`g`.`end_time` FROM `bid_record` `b` LEFT JOIN `goods` `g` ON `b`.`goods_id`=`g`.`id` WHERE  `b`.`user_id` = '25' ORDER BY `b`.`id` DESC LIMIT 5 [ RunTime:0.000720s ]
[2026-08-18T21:31:09+08:00][sql] SELECT `id`,`nickname`,`mobile`,`reg_time` FROM `user` WHERE  `pid` = 25 ORDER BY `id` DESC LIMIT 10 [ RunTime:0.000731s ]
[2026-08-18T21:31:46+08:00][sql] CONNECT:[ UseTime:0.020946s ] mysql:host=127.0.0.1;port=3306;dbname=auction;charset=utf8mb4
[2026-08-18T21:31:46+08:00][sql] SHOW FULL COLUMNS FROM `goods` [ RunTime:0.001723s ]
[2026-08-18T21:31:46+08:00][sql] SELECT `id` FROM `goods` WHERE  `status` = 1  AND `end_time` <= 1787059906 [ RunTime:0.000876s ]
[2026-08-18T21:31:46+08:00][sql] SHOW FULL COLUMNS FROM `user` [ RunTime:0.001471s ]
[2026-08-18T21:31:46+08:00][sql] SELECT * FROM `user` WHERE  `id` = 20 LIMIT 1 [ RunTime:0.000891s ]
[2026-08-18T21:31:46+08:00][sql] SHOW FULL COLUMNS FROM `setting` [ RunTime:0.001239s ]
[2026-08-18T21:31:46+08:00][sql] SELECT * FROM `setting` [ RunTime:0.000740s ]
[2026-08-18T21:31:46+08:00][sql] SHOW FULL COLUMNS FROM `bid_record` [ RunTime:0.001299s ]
[2026-08-18T21:31:46+08:00][sql] SELECT COUNT(*) AS think_count FROM `bid_record` WHERE  `user_id` = 20 [ RunTime:0.000778s ]
[2026-08-18T21:31:46+08:00][sql] SHOW FULL COLUMNS FROM `order` [ RunTime:0.001679s ]
[2026-08-18T21:31:46+08:00][sql] SELECT COUNT(*) AS think_count FROM `order` WHERE  `buyer_id` = 20  AND `pay_status` = 1 [ RunTime:0.000932s ]
[2026-08-18T21:31:46+08:00][sql] SELECT COUNT(*) AS think_count FROM `goods` WHERE  `seller_id` = 20  AND `status` = 2 [ RunTime:0.002298s ]
[2026-08-18T21:31:46+08:00][sql] SELECT COUNT(*) AS think_count FROM `goods` WHERE  `seller_id` = 20 [ RunTime:0.000795s ]
[2026-08-18T21:31:46+08:00][sql] SELECT COUNT(*) AS think_count FROM `order` WHERE  `buyer_id` = 20  AND `pay_status` = 0  AND `order_status` = 0 [ RunTime:0.000765s ]
[2026-08-18T21:31:46+08:00][sql] SELECT COUNT(*) AS think_count FROM `order` WHERE  `seller_id` = 20  AND `order_status` = 1 [ RunTime:0.000775s ]
[2026-08-18T21:31:46+08:00][sql] SELECT COUNT(*) AS think_count FROM `order` WHERE  `buyer_id` = 20  AND `order_status` = 0  AND `pay_status` = 0 [ RunTime:0.000759s ]
[2026-08-18T21:31:46+08:00][sql] SELECT COUNT(*) AS think_count FROM `order` WHERE  `buyer_id` = 20  AND `order_status` = 1 [ RunTime:0.000748s ]
[2026-08-18T21:31:46+08:00][sql] SELECT COUNT(*) AS think_count FROM `order` WHERE  `buyer_id` = 20  AND `order_status` = 2 [ RunTime:0.000758s ]
[2026-08-18T21:31:46+08:00][sql] SELECT COUNT(*) AS think_count FROM `order` WHERE  `buyer_id` = 20  AND `order_status` = 3 [ RunTime:0.000737s ]
[2026-08-18T21:31:46+08:00][sql] SELECT COUNT(*) AS think_count FROM `order` WHERE  `seller_id` = 20  AND `order_status` = 1 [ RunTime:0.000712s ]
[2026-08-18T21:31:46+08:00][sql] SHOW FULL COLUMNS FROM `goods_favorite` [ RunTime:0.001390s ]
[2026-08-18T21:31:46+08:00][sql] SELECT COUNT(*) AS think_count FROM `goods_favorite` WHERE  `user_id` = 20 [ RunTime:0.000831s ]
[2026-08-18T21:31:46+08:00][sql] SHOW FULL COLUMNS FROM `seller_follow` [ RunTime:0.001411s ]
[2026-08-18T21:31:46+08:00][sql] SELECT COUNT(*) AS think_count FROM `seller_follow` WHERE  `user_id` = 20 [ RunTime:0.000815s ]
[2026-08-18T21:31:46+08:00][sql] SHOW FULL COLUMNS FROM `browse_history` [ RunTime:0.001576s ]
[2026-08-18T21:31:46+08:00][sql] SELECT COUNT(*) AS think_count FROM `browse_history` WHERE  `user_id` = 20 [ RunTime:0.000909s ]
[2026-08-18T21:31:46+08:00][sql] SHOW FULL COLUMNS FROM `balance_log` [ RunTime:0.001305s ]
[2026-08-18T21:31:46+08:00][sql] SELECT * FROM `balance_log` WHERE  `user_id` = 20 ORDER BY `id` DESC LIMIT 5 [ RunTime:0.000826s ]
[2026-08-18T21:31:46+08:00][sql] SELECT `b`.*,`g`.`title`,`g`.`cover`,g.status as goods_status,`g`.`end_time` FROM `bid_record` `b` LEFT JOIN `goods` `g` ON `b`.`goods_id`=`g`.`id` WHERE  `b`.`user_id` = '20' ORDER BY `b`.`id` DESC LIMIT 5 [ RunTime:0.000866s ]
[2026-08-18T21:31:46+08:00][sql] SELECT `id`,`nickname`,`mobile`,`reg_time` FROM `user` WHERE  `pid` = 20 ORDER BY `id` DESC LIMIT 10 [ RunTime:0.000812s ]
[2026-08-18T21:31:50+08:00][sql] CONNECT:[ UseTime:0.002304s ] mysql:host=127.0.0.1;port=3306;dbname=auction;charset=utf8mb4
[2026-08-18T21:31:50+08:00][sql] SHOW FULL COLUMNS FROM `goods` [ RunTime:0.001585s ]
[2026-08-18T21:31:50+08:00][sql] SELECT `id` FROM `goods` WHERE  `status` = 1  AND `end_time` <= 1787059910 [ RunTime:0.000851s ]
[2026-08-18T21:31:50+08:00][sql] SHOW FULL COLUMNS FROM `user` [ RunTime:0.001505s ]
[2026-08-18T21:31:50+08:00][sql] SELECT * FROM `user` WHERE  `id` = 25 LIMIT 1 [ RunTime:0.000901s ]
[2026-08-18T21:31:50+08:00][sql] SHOW FULL COLUMNS FROM `setting` [ RunTime:0.001242s ]
[2026-08-18T21:31:50+08:00][sql] SELECT * FROM `setting` [ RunTime:0.000708s ]
[2026-08-18T21:31:50+08:00][sql] SHOW FULL COLUMNS FROM `bid_record` [ RunTime:0.001458s ]
[2026-08-18T21:31:50+08:00][sql] SELECT COUNT(*) AS think_count FROM `bid_record` WHERE  `user_id` = 25 [ RunTime:0.000947s ]
[2026-08-18T21:31:50+08:00][sql] SHOW FULL COLUMNS FROM `order` [ RunTime:0.001546s ]
[2026-08-18T21:31:50+08:00][sql] SELECT COUNT(*) AS think_count FROM `order` WHERE  `buyer_id` = 25  AND `pay_status` = 1 [ RunTime:0.000844s ]
[2026-08-18T21:31:50+08:00][sql] SELECT COUNT(*) AS think_count FROM `goods` WHERE  `seller_id` = 25  AND `status` = 2 [ RunTime:0.002541s ]
[2026-08-18T21:31:50+08:00][sql] SELECT COUNT(*) AS think_count FROM `goods` WHERE  `seller_id` = 25 [ RunTime:0.000839s ]
[2026-08-18T21:31:50+08:00][sql] SELECT COUNT(*) AS think_count FROM `order` WHERE  `buyer_id` = 25  AND `pay_status` = 0  AND `order_status` = 0 [ RunTime:0.000802s ]
[2026-08-18T21:31:50+08:00][sql] SELECT COUNT(*) AS think_count FROM `order` WHERE  `seller_id` = 25  AND `order_status` = 1 [ RunTime:0.000825s ]
[2026-08-18T21:31:50+08:00][sql] SELECT COUNT(*) AS think_count FROM `order` WHERE  `buyer_id` = 25  AND `order_status` = 0  AND `pay_status` = 0 [ RunTime:0.000812s ]
[2026-08-18T21:31:50+08:00][sql] SELECT COUNT(*) AS think_count FROM `order` WHERE  `buyer_id` = 25  AND `order_status` = 1 [ RunTime:0.000785s ]
[2026-08-18T21:31:50+08:00][sql] SELECT COUNT(*) AS think_count FROM `order` WHERE  `buyer_id` = 25  AND `order_status` = 2 [ RunTime:0.000760s ]
[2026-08-18T21:31:50+08:00][sql] SELECT COUNT(*) AS think_count FROM `order` WHERE  `buyer_id` = 25  AND `order_status` = 3 [ RunTime:0.000722s ]
[2026-08-18T21:31:50+08:00][sql] SELECT COUNT(*) AS think_count FROM `order` WHERE  `seller_id` = 25  AND `order_status` = 1 [ RunTime:0.000829s ]
[2026-08-18T21:31:50+08:00][sql] SHOW FULL COLUMNS FROM `goods_favorite` [ RunTime:0.001418s ]
[2026-08-18T21:31:50+08:00][sql] SELECT COUNT(*) AS think_count FROM `goods_favorite` WHERE  `user_id` = 25 [ RunTime:0.001389s ]
[2026-08-18T21:31:50+08:00][sql] SHOW FULL COLUMNS FROM `seller_follow` [ RunTime:0.001972s ]
[2026-08-18T21:31:50+08:00][sql] SELECT COUNT(*) AS think_count FROM `seller_follow` WHERE  `user_id` = 25 [ RunTime:0.000973s ]
[2026-08-18T21:31:50+08:00][sql] SHOW FULL COLUMNS FROM `browse_history` [ RunTime:0.001463s ]
[2026-08-18T21:31:50+08:00][sql] SELECT COUNT(*) AS think_count FROM `browse_history` WHERE  `user_id` = 25 [ RunTime:0.000849s ]
[2026-08-18T21:31:50+08:00][sql] SHOW FULL COLUMNS FROM `balance_log` [ RunTime:0.001321s ]
[2026-08-18T21:31:50+08:00][sql] SELECT * FROM `balance_log` WHERE  `user_id` = 25 ORDER BY `id` DESC LIMIT 5 [ RunTime:0.000928s ]
[2026-08-18T21:31:50+08:00][sql] SELECT `b`.*,`g`.`title`,`g`.`cover`,g.status as goods_status,`g`.`end_time` FROM `bid_record` `b` LEFT JOIN `goods` `g` ON `b`.`goods_id`=`g`.`id` WHERE  `b`.`user_id` = '25' ORDER BY `b`.`id` DESC LIMIT 5 [ RunTime:0.000879s ]
[2026-08-18T21:31:50+08:00][sql] SELECT `id`,`nickname`,`mobile`,`reg_time` FROM `user` WHERE  `pid` = 25 ORDER BY `id` DESC LIMIT 10 [ RunTime:0.000660s ]
[2026-08-18T21:31:51+08:00][sql] CONNECT:[ UseTime:0.003233s ] mysql:host=127.0.0.1;port=3306;dbname=auction;charset=utf8mb4
[2026-08-18T21:31:51+08:00][sql] SHOW FULL COLUMNS FROM `goods` [ RunTime:0.001764s ]
[2026-08-18T21:31:51+08:00][sql] SELECT `id` FROM `goods` WHERE  `status` = 1  AND `end_time` <= 1787059911 [ RunTime:0.000931s ]
[2026-08-18T21:31:51+08:00][sql] SHOW FULL COLUMNS FROM `user` [ RunTime:0.001683s ]
[2026-08-18T21:31:51+08:00][sql] SELECT * FROM `user` WHERE  `id` = 25 LIMIT 1 [ RunTime:0.000970s ]
[2026-08-18T21:31:51+08:00][sql] SHOW FULL COLUMNS FROM `setting` [ RunTime:0.001357s ]
[2026-08-18T21:31:51+08:00][sql] SELECT * FROM `setting` [ RunTime:0.000760s ]
[2026-08-18T21:31:51+08:00][sql] SHOW FULL COLUMNS FROM `bid_record` [ RunTime:0.002425s ]
[2026-08-18T21:31:51+08:00][sql] SELECT COUNT(*) AS think_count FROM `bid_record` WHERE  `user_id` = 25 [ RunTime:0.000823s ]
[2026-08-18T21:31:51+08:00][sql] SHOW FULL COLUMNS FROM `order` [ RunTime:0.001438s ]
[2026-08-18T21:31:51+08:00][sql] SELECT COUNT(*) AS think_count FROM `order` WHERE  `buyer_id` = 25  AND `pay_status` = 1 [ RunTime:0.000806s ]
[2026-08-18T21:31:51+08:00][sql] SELECT COUNT(*) AS think_count FROM `goods` WHERE  `seller_id` = 25  AND `status` = 2 [ RunTime:0.002314s ]
[2026-08-18T21:31:51+08:00][sql] SELECT COUNT(*) AS think_count FROM `goods` WHERE  `seller_id` = 25 [ RunTime:0.000704s ]
[2026-08-18T21:31:51+08:00][sql] SELECT COUNT(*) AS think_count FROM `order` WHERE  `buyer_id` = 25  AND `pay_status` = 0  AND `order_status` = 0 [ RunTime:0.000674s ]
[2026-08-18T21:31:51+08:00][sql] SELECT COUNT(*) AS think_count FROM `order` WHERE  `seller_id` = 25  AND `order_status` = 1 [ RunTime:0.000753s ]
[2026-08-18T21:31:51+08:00][sql] SELECT COUNT(*) AS think_count FROM `order` WHERE  `buyer_id` = 25  AND `order_status` = 0  AND `pay_status` = 0 [ RunTime:0.000767s ]
[2026-08-18T21:31:51+08:00][sql] SELECT COUNT(*) AS think_count FROM `order` WHERE  `buyer_id` = 25  AND `order_status` = 1 [ RunTime:0.000892s ]
[2026-08-18T21:31:51+08:00][sql] SELECT COUNT(*) AS think_count FROM `order` WHERE  `buyer_id` = 25  AND `order_status` = 2 [ RunTime:0.000829s ]
[2026-08-18T21:31:51+08:00][sql] SELECT COUNT(*) AS think_count FROM `order` WHERE  `buyer_id` = 25  AND `order_status` = 3 [ RunTime:0.000712s ]
[2026-08-18T21:31:51+08:00][sql] SELECT COUNT(*) AS think_count FROM `order` WHERE  `seller_id` = 25  AND `order_status` = 1 [ RunTime:0.000724s ]
[2026-08-18T21:31:51+08:00][sql] SHOW FULL COLUMNS FROM `goods_favorite` [ RunTime:0.001530s ]
[2026-08-18T21:31:51+08:00][sql] SELECT COUNT(*) AS think_count FROM `goods_favorite` WHERE  `user_id` = 25 [ RunTime:0.000718s ]
[2026-08-18T21:31:51+08:00][sql] SHOW FULL COLUMNS FROM `seller_follow` [ RunTime:0.000942s ]
[2026-08-18T21:31:51+08:00][sql] SELECT COUNT(*) AS think_count FROM `seller_follow` WHERE  `user_id` = 25 [ RunTime:0.000718s ]
[2026-08-18T21:31:51+08:00][sql] SHOW FULL COLUMNS FROM `browse_history` [ RunTime:0.001220s ]
[2026-08-18T21:31:51+08:00][sql] SELECT COUNT(*) AS think_count FROM `browse_history` WHERE  `user_id` = 25 [ RunTime:0.000754s ]
[2026-08-18T21:31:51+08:00][sql] SHOW FULL COLUMNS FROM `balance_log` [ RunTime:0.001232s ]
[2026-08-18T21:31:51+08:00][sql] SELECT * FROM `balance_log` WHERE  `user_id` = 25 ORDER BY `id` DESC LIMIT 5 [ RunTime:0.000863s ]
[2026-08-18T21:31:51+08:00][sql] SELECT `b`.*,`g`.`title`,`g`.`cover`,g.status as goods_status,`g`.`end_time` FROM `bid_record` `b` LEFT JOIN `goods` `g` ON `b`.`goods_id`=`g`.`id` WHERE  `b`.`user_id` = '25' ORDER BY `b`.`id` DESC LIMIT 5 [ RunTime:0.000881s ]
[2026-08-18T21:31:51+08:00][sql] SELECT `id`,`nickname`,`mobile`,`reg_time` FROM `user` WHERE  `pid` = 25 ORDER BY `id` DESC LIMIT 10 [ RunTime:0.000741s ]
[2026-08-18T21:32:02+08:00][sql] CONNECT:[ UseTime:0.012655s ] mysql:host=127.0.0.1;port=3306;dbname=auction;charset=utf8mb4
[2026-08-18T21:32:02+08:00][sql] SHOW FULL COLUMNS FROM `goods` [ RunTime:0.001718s ]
[2026-08-18T21:32:02+08:00][sql] SELECT `id` FROM `goods` WHERE  `status` = 1  AND `end_time` <= 1787059922 [ RunTime:0.000921s ]
[2026-08-18T21:32:02+08:00][sql] SHOW FULL COLUMNS FROM `user` [ RunTime:0.001551s ]
[2026-08-18T21:32:02+08:00][sql] SELECT * FROM `user` WHERE  `id` = 25 LIMIT 1 [ RunTime:0.000891s ]
[2026-08-18T21:32:02+08:00][sql] SHOW FULL COLUMNS FROM `setting` [ RunTime:0.001265s ]
[2026-08-18T21:32:02+08:00][sql] SELECT * FROM `setting` [ RunTime:0.000793s ]
[2026-08-18T21:32:02+08:00][sql] SHOW FULL COLUMNS FROM `bid_record` [ RunTime:0.001357s ]
[2026-08-18T21:32:02+08:00][sql] SELECT COUNT(*) AS think_count FROM `bid_record` WHERE  `user_id` = 25 [ RunTime:0.000771s ]
[2026-08-18T21:32:02+08:00][sql] SHOW FULL COLUMNS FROM `order` [ RunTime:0.001820s ]
[2026-08-18T21:32:02+08:00][sql] SELECT COUNT(*) AS think_count FROM `order` WHERE  `buyer_id` = 25  AND `pay_status` = 1 [ RunTime:0.000904s ]
[2026-08-18T21:32:02+08:00][sql] SELECT COUNT(*) AS think_count FROM `goods` WHERE  `seller_id` = 25  AND `status` = 2 [ RunTime:0.002258s ]
[2026-08-18T21:32:02+08:00][sql] SELECT COUNT(*) AS think_count FROM `goods` WHERE  `seller_id` = 25 [ RunTime:0.000761s ]
[2026-08-18T21:32:02+08:00][sql] SELECT COUNT(*) AS think_count FROM `order` WHERE  `buyer_id` = 25  AND `pay_status` = 0  AND `order_status` = 0 [ RunTime:0.000785s ]
[2026-08-18T21:32:02+08:00][sql] SELECT COUNT(*) AS think_count FROM `order` WHERE  `seller_id` = 25  AND `order_status` = 1 [ RunTime:0.000820s ]
[2026-08-18T21:32:02+08:00][sql] SELECT COUNT(*) AS think_count FROM `order` WHERE  `buyer_id` = 25  AND `order_status` = 0  AND `pay_status` = 0 [ RunTime:0.000763s ]
[2026-08-18T21:32:02+08:00][sql] SELECT COUNT(*) AS think_count FROM `order` WHERE  `buyer_id` = 25  AND `order_status` = 1 [ RunTime:0.000762s ]
[2026-08-18T21:32:02+08:00][sql] SELECT COUNT(*) AS think_count FROM `order` WHERE  `buyer_id` = 25  AND `order_status` = 2 [ RunTime:0.000801s ]
[2026-08-18T21:32:02+08:00][sql] SELECT COUNT(*) AS think_count FROM `order` WHERE  `buyer_id` = 25  AND `order_status` = 3 [ RunTime:0.000749s ]
[2026-08-18T21:32:02+08:00][sql] SELECT COUNT(*) AS think_count FROM `order` WHERE  `seller_id` = 25  AND `order_status` = 1 [ RunTime:0.000744s ]
[2026-08-18T21:32:02+08:00][sql] SHOW FULL COLUMNS FROM `goods_favorite` [ RunTime:0.001341s ]
[2026-08-18T21:32:02+08:00][sql] SELECT COUNT(*) AS think_count FROM `goods_favorite` WHERE  `user_id` = 25 [ RunTime:0.000838s ]
[2026-08-18T21:32:02+08:00][sql] SHOW FULL COLUMNS FROM `seller_follow` [ RunTime:0.001271s ]
[2026-08-18T21:32:02+08:00][sql] SELECT COUNT(*) AS think_count FROM `seller_follow` WHERE  `user_id` = 25 [ RunTime:0.000751s ]
[2026-08-18T21:32:02+08:00][sql] SHOW FULL COLUMNS FROM `browse_history` [ RunTime:0.001025s ]
[2026-08-18T21:32:02+08:00][sql] SELECT COUNT(*) AS think_count FROM `browse_history` WHERE  `user_id` = 25 [ RunTime:0.000875s ]
[2026-08-18T21:32:02+08:00][sql] SHOW FULL COLUMNS FROM `balance_log` [ RunTime:0.002242s ]
[2026-08-18T21:32:02+08:00][sql] SELECT * FROM `balance_log` WHERE  `user_id` = 25 ORDER BY `id` DESC LIMIT 5 [ RunTime:0.001408s ]
[2026-08-18T21:32:02+08:00][sql] SELECT `b`.*,`g`.`title`,`g`.`cover`,g.status as goods_status,`g`.`end_time` FROM `bid_record` `b` LEFT JOIN `goods` `g` ON `b`.`goods_id`=`g`.`id` WHERE  `b`.`user_id` = '25' ORDER BY `b`.`id` DESC LIMIT 5 [ RunTime:0.001212s ]
[2026-08-18T21:32:02+08:00][sql] SELECT `id`,`nickname`,`mobile`,`reg_time` FROM `user` WHERE  `pid` = 25 ORDER BY `id` DESC LIMIT 10 [ RunTime:0.000761s ]
[2026-08-18T21:32:22+08:00][sql] CONNECT:[ UseTime:0.017506s ] mysql:host=127.0.0.1;port=3306;dbname=auction;charset=utf8mb4
[2026-08-18T21:32:22+08:00][sql] SHOW FULL COLUMNS FROM `goods` [ RunTime:0.001681s ]
[2026-08-18T21:32:22+08:00][sql] SELECT `id` FROM `goods` WHERE  `status` = 1  AND `end_time` <= 1787059942 [ RunTime:0.000877s ]
[2026-08-18T21:32:22+08:00][sql] SHOW FULL COLUMNS FROM `user` [ RunTime:0.001477s ]
[2026-08-18T21:32:22+08:00][sql] SELECT * FROM `user` WHERE  `id` = 25 LIMIT 1 [ RunTime:0.000893s ]
[2026-08-18T21:32:22+08:00][sql] SHOW FULL COLUMNS FROM `setting` [ RunTime:0.001306s ]
[2026-08-18T21:32:22+08:00][sql] SELECT * FROM `setting` [ RunTime:0.000738s ]
[2026-08-18T21:32:22+08:00][sql] SELECT COUNT(*) AS think_count FROM `goods` `g` LEFT JOIN `user` `u` ON `g`.`seller_id`=`u`.`id` WHERE  `g`.`status` = '1'  AND `g`.`start_time` <= '1787059942'  AND `g`.`end_time` > '1787059942' [ RunTime:0.001018s ]
[2026-08-18T21:32:22+08:00][sql] SELECT `g`.*,u.nickname as seller_name FROM `goods` `g` LEFT JOIN `user` `u` ON `g`.`seller_id`=`u`.`id` WHERE  `g`.`status` = '1'  AND `g`.`start_time` <= '1787059942'  AND `g`.`end_time` > '1787059942' ORDER BY `g`.`end_time` ASC,`g`.`id` DESC LIMIT 0,10 [ RunTime:0.001057s ]
[2026-08-18T21:32:22+08:00][sql] SHOW FULL COLUMNS FROM `bid_record` [ RunTime:0.001130s ]
[2026-08-18T21:32:22+08:00][sql] SELECT MAX(`price`) AS think_max FROM `bid_record` WHERE  `goods_id` = 28  AND `status` = 0 [ RunTime:0.000698s ]
[2026-08-18T21:32:22+08:00][sql] SHOW FULL COLUMNS FROM `category` [ RunTime:0.001160s ]
[2026-08-18T21:32:22+08:00][sql] SELECT * FROM `category` WHERE  `status` = 1 ORDER BY `sort` ASC [ RunTime:0.000854s ]
[2026-08-18T21:32:22+08:00][sql] SELECT `b`.`price`,`b`.`create_time`,`g`.`title`,`u`.`nickname` FROM `bid_record` `b` LEFT JOIN `goods` `g` ON `b`.`goods_id`=`g`.`id` LEFT JOIN `user` `u` ON `b`.`user_id`=`u`.`id` WHERE  `b`.`status` = '1' ORDER BY `b`.`id` DESC LIMIT 5 [ RunTime:0.000927s ]
[2026-08-18T21:32:22+08:00][sql] SHOW FULL COLUMNS FROM `news` [ RunTime:0.001431s ]
[2026-08-18T21:32:22+08:00][sql] SELECT `id`,`title`,`create_time` FROM `news` WHERE  `status` = 1 ORDER BY `id` DESC LIMIT 3 [ RunTime:0.000889s ]
[2026-08-18T21:32:22+08:00][sql] SHOW FULL COLUMNS FROM `banner` [ RunTime:0.001470s ]
[2026-08-18T21:32:22+08:00][sql] SELECT * FROM `banner` WHERE  `status` = 1 ORDER BY `sort` ASC,`id` ASC [ RunTime:0.000846s ]
[2026-08-18T21:35:52+08:00][sql] CONNECT:[ UseTime:0.008638s ] mysql:host=127.0.0.1;port=3306;dbname=auction;charset=utf8mb4
[2026-08-18T21:35:52+08:00][sql] SHOW FULL COLUMNS FROM `goods` [ RunTime:0.001583s ]
[2026-08-18T21:35:52+08:00][sql] SELECT `id` FROM `goods` WHERE  `status` = 1  AND `end_time` <= 1787060152 [ RunTime:0.000797s ]
[2026-08-18T21:35:52+08:00][sql] SHOW FULL COLUMNS FROM `user` [ RunTime:0.001478s ]
[2026-08-18T21:35:52+08:00][sql] SELECT * FROM `user` WHERE  `id` = 20 LIMIT 1 [ RunTime:0.000780s ]
[2026-08-18T21:35:52+08:00][sql] SHOW FULL COLUMNS FROM `setting` [ RunTime:0.001108s ]
[2026-08-18T21:35:52+08:00][sql] SELECT * FROM `setting` [ RunTime:0.000633s ]
[2026-08-18T21:35:52+08:00][sql] SELECT * FROM `user` WHERE  `id` = 20 LIMIT 1 [ RunTime:0.000782s ]
[2026-08-18T21:35:52+08:00][sql] SHOW FULL COLUMNS FROM `order` [ RunTime:0.001406s ]
[2026-08-18T21:35:52+08:00][sql] SELECT COUNT(*) AS think_count FROM `order` WHERE  `buyer_id` = 20  AND `order_status` = 0  AND `pay_status` = 0 [ RunTime:0.001176s ]
[2026-08-18T21:35:52+08:00][sql] SELECT COUNT(*) AS think_count FROM `order` WHERE  `buyer_id` = 20  AND `order_status` = 3 [ RunTime:0.000778s ]
[2026-08-18T21:35:52+08:00][sql] SHOW FULL COLUMNS FROM `balance_log` [ RunTime:0.000864s ]
[2026-08-18T21:35:52+08:00][sql] SELECT * FROM `balance_log` WHERE  `user_id` = 20 ORDER BY `id` DESC LIMIT 8 [ RunTime:0.000838s ]
[2026-08-18T21:36:11+08:00][sql] CONNECT:[ UseTime:0.009964s ] mysql:host=127.0.0.1;port=3306;dbname=auction;charset=utf8mb4
[2026-08-18T21:36:11+08:00][sql] SHOW FULL COLUMNS FROM `goods` [ RunTime:0.001447s ]
[2026-08-18T21:36:11+08:00][sql] SELECT `id` FROM `goods` WHERE  `status` = 1  AND `end_time` <= 1787060171 [ RunTime:0.000553s ]
[2026-08-18T21:36:11+08:00][sql] SHOW FULL COLUMNS FROM `setting` [ RunTime:0.000670s ]
[2026-08-18T21:36:11+08:00][sql] SELECT * FROM `setting` [ RunTime:0.000546s ]
[2026-08-18T21:36:11+08:00][sql] SHOW FULL COLUMNS FROM `user` [ RunTime:0.001641s ]
[2026-08-18T21:36:11+08:00][sql] SELECT * FROM `user` WHERE  `mobile` = '19900000001' LIMIT 1 [ RunTime:0.001082s ]
[2026-08-18T21:36:11+08:00][sql] UPDATE `user`  SET `last_login_time` = 1787060171 , `update_time` = 1787060171  WHERE  `id` = 21 [ RunTime:0.002393s ]
[2026-08-18T21:36:21+08:00][sql] CONNECT:[ UseTime:0.017584s ] mysql:host=127.0.0.1;port=3306;dbname=auction;charset=utf8mb4
[2026-08-18T21:36:21+08:00][sql] SHOW FULL COLUMNS FROM `goods` [ RunTime:0.001451s ]
[2026-08-18T21:36:21+08:00][sql] SELECT `id` FROM `goods` WHERE  `status` = 1  AND `end_time` <= 1787060181 [ RunTime:0.000626s ]
[2026-08-18T21:36:21+08:00][sql] SHOW FULL COLUMNS FROM `user` [ RunTime:0.001213s ]
[2026-08-18T21:36:21+08:00][sql] SELECT * FROM `user` WHERE  `id` = 21 LIMIT 1 [ RunTime:0.000547s ]
[2026-08-18T21:36:21+08:00][sql] SHOW FULL COLUMNS FROM `setting` [ RunTime:0.000947s ]
[2026-08-18T21:36:21+08:00][sql] SELECT * FROM `setting` [ RunTime:0.000423s ]
[2026-08-18T21:36:21+08:00][sql] SELECT `value` FROM `setting` WHERE  `name` = 'service_link' LIMIT 1 [ RunTime:0.000529s ]
[2026-08-18T21:38:16+08:00][sql] CONNECT:[ UseTime:0.014068s ] mysql:host=127.0.0.1;port=3306;dbname=auction;charset=utf8mb4
[2026-08-18T21:38:16+08:00][sql] SHOW FULL COLUMNS FROM `goods` [ RunTime:0.001901s ]
[2026-08-18T21:38:16+08:00][sql] SELECT `id` FROM `goods` WHERE  `status` = 1  AND `end_time` <= 1787060296 [ RunTime:0.001137s ]
[2026-08-18T21:38:16+08:00][sql] SHOW FULL COLUMNS FROM `user` [ RunTime:0.002084s ]
[2026-08-18T21:38:16+08:00][sql] SELECT * FROM `user` WHERE  `id` = 20 LIMIT 1 [ RunTime:0.001117s ]
[2026-08-18T21:38:16+08:00][sql] SHOW FULL COLUMNS FROM `setting` [ RunTime:0.001403s ]
[2026-08-18T21:38:16+08:00][sql] SELECT * FROM `setting` [ RunTime:0.000752s ]
[2026-08-18T21:38:16+08:00][sql] SELECT * FROM `user` WHERE  `id` = 20 LIMIT 1 [ RunTime:0.001190s ]
[2026-08-18T21:38:16+08:00][sql] SHOW FULL COLUMNS FROM `order` [ RunTime:0.000904s ]
[2026-08-18T21:38:16+08:00][sql] SELECT COUNT(*) AS think_count FROM `order` WHERE  `buyer_id` = 20  AND `order_status` = 0  AND `pay_status` = 0 [ RunTime:0.001039s ]
[2026-08-18T21:38:16+08:00][sql] SELECT COUNT(*) AS think_count FROM `order` WHERE  `buyer_id` = 20  AND `order_status` = 3 [ RunTime:0.001067s ]
[2026-08-18T21:38:16+08:00][sql] SHOW FULL COLUMNS FROM `balance_log` [ RunTime:0.001701s ]
[2026-08-18T21:38:16+08:00][sql] SELECT * FROM `balance_log` WHERE  `user_id` = 20 ORDER BY `id` DESC LIMIT 8 [ RunTime:0.001089s ]
[2026-08-18T21:38:18+08:00][sql] CONNECT:[ UseTime:0.002159s ] mysql:host=127.0.0.1;port=3306;dbname=auction;charset=utf8mb4
[2026-08-18T21:38:18+08:00][sql] SHOW FULL COLUMNS FROM `goods` [ RunTime:0.001583s ]
[2026-08-18T21:38:18+08:00][sql] SELECT `id` FROM `goods` WHERE  `status` = 1  AND `end_time` <= 1787060297 [ RunTime:0.000739s ]
[2026-08-18T21:38:18+08:00][sql] SHOW FULL COLUMNS FROM `user` [ RunTime:0.001270s ]
[2026-08-18T21:38:18+08:00][sql] SELECT * FROM `user` WHERE  `id` = 20 LIMIT 1 [ RunTime:0.000805s ]
[2026-08-18T21:38:18+08:00][sql] SHOW FULL COLUMNS FROM `setting` [ RunTime:0.000944s ]
[2026-08-18T21:38:18+08:00][sql] SELECT * FROM `setting` [ RunTime:0.000478s ]
[2026-08-18T21:38:18+08:00][sql] SELECT `value` FROM `setting` WHERE  `name` = 'service_link' LIMIT 1 [ RunTime:0.000518s ]
[2026-08-18T21:38:28+08:00][sql] CONNECT:[ UseTime:0.015494s ] mysql:host=127.0.0.1;port=3306;dbname=auction;charset=utf8mb4
[2026-08-18T21:38:28+08:00][sql] SHOW FULL COLUMNS FROM `goods` [ RunTime:0.001767s ]
[2026-08-18T21:38:28+08:00][sql] SELECT `id` FROM `goods` WHERE  `status` = 1  AND `end_time` <= 1787060307 [ RunTime:0.000919s ]
[2026-08-18T21:38:28+08:00][sql] SHOW FULL COLUMNS FROM `user` [ RunTime:0.001506s ]
[2026-08-18T21:38:28+08:00][sql] SELECT * FROM `user` WHERE  `id` = 20 LIMIT 1 [ RunTime:0.000881s ]
[2026-08-18T21:38:28+08:00][sql] SHOW FULL COLUMNS FROM `setting` [ RunTime:0.001162s ]
[2026-08-18T21:38:28+08:00][sql] SELECT * FROM `setting` [ RunTime:0.000693s ]
[2026-08-18T21:38:28+08:00][sql] SELECT COUNT(*) AS think_count FROM `goods` `g` LEFT JOIN `user` `u` ON `g`.`seller_id`=`u`.`id` WHERE  `g`.`status` = '1'  AND `g`.`start_time` <= '1787060307'  AND `g`.`end_time` > '1787060307' [ RunTime:0.001116s ]
[2026-08-18T21:38:28+08:00][sql] SELECT `g`.*,u.nickname as seller_name FROM `goods` `g` LEFT JOIN `user` `u` ON `g`.`seller_id`=`u`.`id` WHERE  `g`.`status` = '1'  AND `g`.`start_time` <= '1787060307'  AND `g`.`end_time` > '1787060307' ORDER BY `g`.`end_time` ASC,`g`.`id` DESC LIMIT 0,10 [ RunTime:0.001507s ]
[2026-08-18T21:38:28+08:00][sql] SHOW FULL COLUMNS FROM `bid_record` [ RunTime:0.001582s ]
[2026-08-18T21:38:28+08:00][sql] SELECT MAX(`price`) AS think_max FROM `bid_record` WHERE  `goods_id` = 28  AND `status` = 0 [ RunTime:0.001185s ]
[2026-08-18T21:38:28+08:00][sql] SHOW FULL COLUMNS FROM `category` [ RunTime:0.001743s ]
[2026-08-18T21:38:28+08:00][sql] SELECT * FROM `category` WHERE  `status` = 1 ORDER BY `sort` ASC [ RunTime:0.001004s ]
[2026-08-18T21:38:28+08:00][sql] SELECT `b`.`price`,`b`.`create_time`,`g`.`title`,`u`.`nickname` FROM `bid_record` `b` LEFT JOIN `goods` `g` ON `b`.`goods_id`=`g`.`id` LEFT JOIN `user` `u` ON `b`.`user_id`=`u`.`id` WHERE  `b`.`status` = '1' ORDER BY `b`.`id` DESC LIMIT 5 [ RunTime:0.001077s ]
[2026-08-18T21:38:28+08:00][sql] SHOW FULL COLUMNS FROM `news` [ RunTime:0.001779s ]
[2026-08-18T21:38:28+08:00][sql] SELECT `id`,`title`,`create_time` FROM `news` WHERE  `status` = 1 ORDER BY `id` DESC LIMIT 3 [ RunTime:0.001030s ]
[2026-08-18T21:38:28+08:00][sql] SHOW FULL COLUMNS FROM `banner` [ RunTime:0.001625s ]
[2026-08-18T21:38:28+08:00][sql] SELECT * FROM `banner` WHERE  `status` = 1 ORDER BY `sort` ASC,`id` ASC [ RunTime:0.001012s ]
[2026-08-18T21:39:03+08:00][sql] CONNECT:[ UseTime:0.020878s ] mysql:host=127.0.0.1;port=3306;dbname=auction;charset=utf8mb4
[2026-08-18T21:39:03+08:00][sql] SHOW FULL COLUMNS FROM `goods` [ RunTime:0.001725s ]
[2026-08-18T21:39:03+08:00][sql] SELECT `id` FROM `goods` WHERE  `status` = 1  AND `end_time` <= 1787060343 [ RunTime:0.000813s ]
[2026-08-18T21:39:03+08:00][sql] SHOW FULL COLUMNS FROM `user` [ RunTime:0.001341s ]
[2026-08-18T21:39:03+08:00][sql] SELECT * FROM `user` WHERE  `id` = 20 LIMIT 1 [ RunTime:0.000865s ]
[2026-08-18T21:39:03+08:00][sql] SHOW FULL COLUMNS FROM `setting` [ RunTime:0.001219s ]
[2026-08-18T21:39:03+08:00][sql] SELECT * FROM `setting` [ RunTime:0.000700s ]
[2026-08-18T21:39:03+08:00][sql] SHOW FULL COLUMNS FROM `bid_record` [ RunTime:0.001178s ]
[2026-08-18T21:39:03+08:00][sql] SELECT COUNT(*) AS think_count FROM `bid_record` WHERE  `user_id` = 20 [ RunTime:0.000710s ]
[2026-08-18T21:39:03+08:00][sql] SHOW FULL COLUMNS FROM `order` [ RunTime:0.001274s ]
[2026-08-18T21:39:03+08:00][sql] SELECT COUNT(*) AS think_count FROM `order` WHERE  `buyer_id` = 20  AND `pay_status` = 1 [ RunTime:0.000738s ]
[2026-08-18T21:39:03+08:00][sql] SELECT COUNT(*) AS think_count FROM `goods` WHERE  `seller_id` = 20  AND `status` = 2 [ RunTime:0.002546s ]
[2026-08-18T21:39:03+08:00][sql] SELECT COUNT(*) AS think_count FROM `goods` WHERE  `seller_id` = 20 [ RunTime:0.000734s ]
[2026-08-18T21:39:03+08:00][sql] SELECT COUNT(*) AS think_count FROM `order` WHERE  `buyer_id` = 20  AND `pay_status` = 0  AND `order_status` = 0 [ RunTime:0.000697s ]
[2026-08-18T21:39:03+08:00][sql] SELECT COUNT(*) AS think_count FROM `order` WHERE  `seller_id` = 20  AND `order_status` = 1 [ RunTime:0.000628s ]
[2026-08-18T21:39:03+08:00][sql] SELECT COUNT(*) AS think_count FROM `order` WHERE  `buyer_id` = 20  AND `order_status` = 0  AND `pay_status` = 0 [ RunTime:0.000600s ]
[2026-08-18T21:39:03+08:00][sql] SELECT COUNT(*) AS think_count FROM `order` WHERE  `buyer_id` = 20  AND `order_status` = 1 [ RunTime:0.000663s ]
[2026-08-18T21:39:03+08:00][sql] SELECT COUNT(*) AS think_count FROM `order` WHERE  `buyer_id` = 20  AND `order_status` = 2 [ RunTime:0.000768s ]
[2026-08-18T21:39:03+08:00][sql] SELECT COUNT(*) AS think_count FROM `order` WHERE  `buyer_id` = 20  AND `order_status` = 3 [ RunTime:0.000711s ]
[2026-08-18T21:39:03+08:00][sql] SELECT COUNT(*) AS think_count FROM `order` WHERE  `seller_id` = 20  AND `order_status` = 1 [ RunTime:0.000665s ]
[2026-08-18T21:39:03+08:00][sql] SHOW FULL COLUMNS FROM `goods_favorite` [ RunTime:0.001160s ]
[2026-08-18T21:39:03+08:00][sql] SELECT COUNT(*) AS think_count FROM `goods_favorite` WHERE  `user_id` = 20 [ RunTime:0.000652s ]
[2026-08-18T21:39:03+08:00][sql] SHOW FULL COLUMNS FROM `seller_follow` [ RunTime:0.001128s ]
[2026-08-18T21:39:03+08:00][sql] SELECT COUNT(*) AS think_count FROM `seller_follow` WHERE  `user_id` = 20 [ RunTime:0.000672s ]
[2026-08-18T21:39:03+08:00][sql] SHOW FULL COLUMNS FROM `browse_history` [ RunTime:0.001073s ]
[2026-08-18T21:39:03+08:00][sql] SELECT COUNT(*) AS think_count FROM `browse_history` WHERE  `user_id` = 20 [ RunTime:0.000633s ]
[2026-08-18T21:39:03+08:00][sql] SHOW FULL COLUMNS FROM `balance_log` [ RunTime:0.001241s ]
[2026-08-18T21:39:03+08:00][sql] SELECT * FROM `balance_log` WHERE  `user_id` = 20 ORDER BY `id` DESC LIMIT 5 [ RunTime:0.000721s ]
[2026-08-18T21:39:03+08:00][sql] SELECT `b`.*,`g`.`title`,`g`.`cover`,g.status as goods_status,`g`.`end_time` FROM `bid_record` `b` LEFT JOIN `goods` `g` ON `b`.`goods_id`=`g`.`id` WHERE  `b`.`user_id` = '20' ORDER BY `b`.`id` DESC LIMIT 5 [ RunTime:0.000720s ]
[2026-08-18T21:39:03+08:00][sql] SELECT `id`,`nickname`,`mobile`,`reg_time` FROM `user` WHERE  `pid` = 20 ORDER BY `id` DESC LIMIT 10 [ RunTime:0.000649s ]
[2026-08-18T21:39:05+08:00][sql] CONNECT:[ UseTime:0.001915s ] mysql:host=127.0.0.1;port=3306;dbname=auction;charset=utf8mb4
[2026-08-18T21:39:05+08:00][sql] SHOW FULL COLUMNS FROM `goods` [ RunTime:0.001474s ]
[2026-08-18T21:39:05+08:00][sql] SELECT `id` FROM `goods` WHERE  `status` = 1  AND `end_time` <= 1787060345 [ RunTime:0.000849s ]
[2026-08-18T21:39:05+08:00][sql] SHOW FULL COLUMNS FROM `user` [ RunTime:0.001609s ]
[2026-08-18T21:39:05+08:00][sql] SELECT * FROM `user` WHERE  `id` = 20 LIMIT 1 [ RunTime:0.001058s ]
[2026-08-18T21:39:05+08:00][sql] SHOW FULL COLUMNS FROM `setting` [ RunTime:0.001908s ]
[2026-08-18T21:39:05+08:00][sql] SELECT * FROM `setting` [ RunTime:0.001183s ]
[2026-08-18T21:39:05+08:00][sql] SELECT * FROM `user` WHERE  `id` = 20 LIMIT 1 [ RunTime:0.001199s ]
[2026-08-18T21:39:05+08:00][sql] SHOW FULL COLUMNS FROM `order` [ RunTime:0.001961s ]
[2026-08-18T21:39:05+08:00][sql] SELECT COUNT(*) AS think_count FROM `order` WHERE  `buyer_id` = 20  AND `order_status` = 0  AND `pay_status` = 0 [ RunTime:0.001096s ]
[2026-08-18T21:39:05+08:00][sql] SELECT COUNT(*) AS think_count FROM `order` WHERE  `buyer_id` = 20  AND `order_status` = 3 [ RunTime:0.000968s ]
[2026-08-18T21:39:05+08:00][sql] SHOW FULL COLUMNS FROM `balance_log` [ RunTime:0.001599s ]
[2026-08-18T21:39:05+08:00][sql] SELECT * FROM `balance_log` WHERE  `user_id` = 20 ORDER BY `id` DESC LIMIT 8 [ RunTime:0.001013s ]
[2026-08-18T21:39:08+08:00][sql] CONNECT:[ UseTime:0.021839s ] mysql:host=127.0.0.1;port=3306;dbname=auction;charset=utf8mb4
[2026-08-18T21:39:08+08:00][sql] SHOW FULL COLUMNS FROM `goods` [ RunTime:0.002022s ]
[2026-08-18T21:39:08+08:00][sql] SELECT `id` FROM `goods` WHERE  `status` = 1  AND `end_time` <= 1787060348 [ RunTime:0.001063s ]
[2026-08-18T21:39:08+08:00][sql] SHOW FULL COLUMNS FROM `user` [ RunTime:0.001973s ]
[2026-08-18T21:39:08+08:00][sql] SELECT * FROM `user` WHERE  `id` = 20 LIMIT 1 [ RunTime:0.001094s ]
[2026-08-18T21:39:08+08:00][sql] SHOW FULL COLUMNS FROM `setting` [ RunTime:0.001618s ]
[2026-08-18T21:39:08+08:00][sql] SELECT * FROM `setting` [ RunTime:0.000856s ]
[2026-08-18T21:39:08+08:00][sql] SHOW FULL COLUMNS FROM `withdraw` [ RunTime:0.004798s ]
[2026-08-18T21:39:08+08:00][sql] SELECT * FROM `withdraw` WHERE  `user_id` = 20 ORDER BY `id` DESC LIMIT 20 [ RunTime:0.001136s ]
[2026-08-18T21:39:26+08:00][sql] CONNECT:[ UseTime:0.001956s ] mysql:host=127.0.0.1;port=3306;dbname=auction;charset=utf8mb4
[2026-08-18T21:39:26+08:00][sql] SHOW FULL COLUMNS FROM `goods` [ RunTime:0.002185s ]
[2026-08-18T21:39:26+08:00][sql] SELECT `id` FROM `goods` WHERE  `status` = 1  AND `end_time` <= 1787060366 [ RunTime:0.000921s ]
[2026-08-18T21:39:26+08:00][sql] SHOW FULL COLUMNS FROM `user` [ RunTime:0.001853s ]
[2026-08-18T21:39:26+08:00][sql] SELECT * FROM `user` WHERE  `id` = 20 LIMIT 1 [ RunTime:0.000801s ]
[2026-08-18T21:39:26+08:00][sql] SHOW FULL COLUMNS FROM `setting` [ RunTime:0.001118s ]
[2026-08-18T21:39:26+08:00][sql] SELECT * FROM `setting` [ RunTime:0.000651s ]
[2026-08-18T21:39:26+08:00][sql] SHOW FULL COLUMNS FROM `withdraw` [ RunTime:0.003285s ]
[2026-08-18T21:39:26+08:00][sql] SELECT * FROM `withdraw` WHERE  `user_id` = 20 ORDER BY `id` DESC LIMIT 20 [ RunTime:0.000700s ]
[2026-08-18T21:53:36+08:00][sql] CONNECT:[ UseTime:0.002158s ] mysql:host=127.0.0.1;port=3306;dbname=auction;charset=utf8mb4
[2026-08-18T21:53:36+08:00][sql] SHOW FULL COLUMNS FROM `goods` [ RunTime:0.001115s ]
[2026-08-18T21:53:36+08:00][sql] SELECT `id` FROM `goods` WHERE  `status` = 1  AND `end_time` <= 1787061216 [ RunTime:0.000636s ]
[2026-08-18T21:53:36+08:00][sql] SHOW FULL COLUMNS FROM `user` [ RunTime:0.001358s ]
[2026-08-18T21:53:36+08:00][sql] SELECT * FROM `user` WHERE  `id` = 21 LIMIT 1 [ RunTime:0.000802s ]
[2026-08-18T21:53:36+08:00][sql] SHOW FULL COLUMNS FROM `setting` [ RunTime:0.001286s ]
[2026-08-18T21:53:36+08:00][sql] SELECT * FROM `setting` [ RunTime:0.000821s ]
[2026-08-18T21:53:36+08:00][sql] SELECT * FROM `user` WHERE  `mobile` = '19900000001' LIMIT 1 [ RunTime:0.000920s ]
[2026-08-18T21:53:36+08:00][sql] UPDATE `user`  SET `last_login_time` = 1787061216 , `update_time` = 1787061216  WHERE  `id` = 21 [ RunTime:0.004545s ]
[2026-08-18T21:53:36+08:00][sql] CONNECT:[ UseTime:0.011742s ] mysql:host=127.0.0.1;port=3306;dbname=auction;charset=utf8mb4
[2026-08-18T21:53:36+08:00][sql] SHOW FULL COLUMNS FROM `goods` [ RunTime:0.001543s ]
[2026-08-18T21:53:36+08:00][sql] SELECT `id` FROM `goods` WHERE  `status` = 1  AND `end_time` <= 1787061216 [ RunTime:0.000989s ]
[2026-08-18T21:53:36+08:00][sql] SHOW FULL COLUMNS FROM `user` [ RunTime:0.001916s ]
[2026-08-18T21:53:36+08:00][sql] SELECT * FROM `user` WHERE  `id` = 21 LIMIT 1 [ RunTime:0.001562s ]
[2026-08-18T21:53:36+08:00][sql] SHOW FULL COLUMNS FROM `setting` [ RunTime:0.001989s ]
[2026-08-18T21:53:36+08:00][sql] SELECT * FROM `setting` [ RunTime:0.001220s ]
[2026-08-18T21:53:36+08:00][sql] SHOW FULL COLUMNS FROM `pay_account` [ RunTime:0.005392s ]
[2026-08-18T21:53:36+08:00][sql] SELECT * FROM `pay_account` WHERE  `user_id` = 21 [ RunTime:0.001267s ]
[2026-08-18T21:54:11+08:00][sql] CONNECT:[ UseTime:0.019480s ] mysql:host=127.0.0.1;port=3306;dbname=auction;charset=utf8mb4
[2026-08-18T21:54:11+08:00][sql] SHOW FULL COLUMNS FROM `goods` [ RunTime:0.001772s ]
[2026-08-18T21:54:11+08:00][sql] SELECT `id` FROM `goods` WHERE  `status` = 1  AND `end_time` <= 1787061250 [ RunTime:0.000905s ]
[2026-08-18T21:54:11+08:00][sql] SHOW FULL COLUMNS FROM `user` [ RunTime:0.001753s ]
[2026-08-18T21:54:11+08:00][sql] SELECT * FROM `user` WHERE  `id` = 20 LIMIT 1 [ RunTime:0.000868s ]
[2026-08-18T21:54:11+08:00][sql] SHOW FULL COLUMNS FROM `setting` [ RunTime:0.001261s ]
[2026-08-18T21:54:11+08:00][sql] SELECT * FROM `setting` [ RunTime:0.000682s ]
[2026-08-18T21:54:11+08:00][sql] SHOW FULL COLUMNS FROM `withdraw` [ RunTime:0.003235s ]
[2026-08-18T21:54:11+08:00][sql] SELECT * FROM `withdraw` WHERE  `user_id` = 20 ORDER BY `id` DESC LIMIT 20 [ RunTime:0.000836s ]
[2026-08-18T21:54:11+08:00][sql] SHOW FULL COLUMNS FROM `pay_account` [ RunTime:0.004503s ]
[2026-08-18T21:54:11+08:00][sql] SELECT * FROM `pay_account` WHERE  `user_id` = 20 [ RunTime:0.000874s ]
[2026-08-18T21:54:14+08:00][sql] CONNECT:[ UseTime:0.013660s ] mysql:host=127.0.0.1;port=3306;dbname=auction;charset=utf8mb4
[2026-08-18T21:54:14+08:00][sql] SHOW FULL COLUMNS FROM `goods` [ RunTime:0.001685s ]
[2026-08-18T21:54:14+08:00][sql] SELECT `id` FROM `goods` WHERE  `status` = 1  AND `end_time` <= 1787061254 [ RunTime:0.000789s ]
[2026-08-18T21:54:14+08:00][sql] SHOW FULL COLUMNS FROM `user` [ RunTime:0.001333s ]
[2026-08-18T21:54:14+08:00][sql] SELECT * FROM `user` WHERE  `id` = 21 LIMIT 1 [ RunTime:0.000948s ]
[2026-08-18T21:54:14+08:00][sql] SHOW FULL COLUMNS FROM `setting` [ RunTime:0.001165s ]
[2026-08-18T21:54:14+08:00][sql] SELECT * FROM `setting` [ RunTime:0.000605s ]
[2026-08-18T21:54:14+08:00][sql] SHOW FULL COLUMNS FROM `pay_account` [ RunTime:0.002925s ]
[2026-08-18T21:54:14+08:00][sql] SELECT * FROM `pay_account` WHERE  `user_id` = 21  AND `type` = 1 LIMIT 1 [ RunTime:0.000881s ]
[2026-08-18T21:54:14+08:00][sql] INSERT INTO `pay_account` SET `real_name` = '张三' , `account` = 'test@alipay.com' , `bank_name` = '' , `qr_code` = '/uploads/20260818/110040_6707.jpg' , `update_time` = 1787061254 , `user_id` = 21 , `type` = 1 , `create_time` = 1787061254 [ RunTime:0.001321s ]
[2026-08-18T21:54:30+08:00][sql] CONNECT:[ UseTime:0.002132s ] mysql:host=127.0.0.1;port=3306;dbname=auction;charset=utf8mb4
[2026-08-18T21:54:30+08:00][sql] SHOW FULL COLUMNS FROM `goods` [ RunTime:0.001696s ]
[2026-08-18T21:54:30+08:00][sql] SELECT `id` FROM `goods` WHERE  `status` = 1  AND `end_time` <= 1787061270 [ RunTime:0.000854s ]
[2026-08-18T21:54:30+08:00][sql] SHOW FULL COLUMNS FROM `user` [ RunTime:0.001045s ]
[2026-08-18T21:54:30+08:00][sql] SELECT * FROM `user` WHERE  `id` = 21 LIMIT 1 [ RunTime:0.000866s ]
[2026-08-18T21:54:30+08:00][sql] SHOW FULL COLUMNS FROM `setting` [ RunTime:0.000930s ]
[2026-08-18T21:54:30+08:00][sql] SELECT * FROM `setting` [ RunTime:0.000740s ]
[2026-08-18T21:54:30+08:00][sql] SHOW FULL COLUMNS FROM `pay_account` [ RunTime:0.002982s ]
[2026-08-18T21:54:30+08:00][sql] SELECT * FROM `pay_account` WHERE  `user_id` = 21  AND `type` = 3 LIMIT 1 [ RunTime:0.000788s ]
[2026-08-18T21:54:30+08:00][sql] INSERT INTO `pay_account` SET `real_name` = '张三' , `account` = '6222021234567890123' , `bank_name` = '中国工商银行' , `qr_code` = '' , `update_time` = 1787061270 , `user_id` = 21 , `type` = 3 , `create_time` = 1787061270 [ RunTime:0.005053s ]
[2026-08-18T21:54:30+08:00][sql] CONNECT:[ UseTime:0.009443s ] mysql:host=127.0.0.1;port=3306;dbname=auction;charset=utf8mb4
[2026-08-18T21:54:30+08:00][sql] SHOW FULL COLUMNS FROM `goods` [ RunTime:0.001429s ]
[2026-08-18T21:54:30+08:00][sql] SELECT `id` FROM `goods` WHERE  `status` = 1  AND `end_time` <= 1787061270 [ RunTime:0.000785s ]
[2026-08-18T21:54:30+08:00][sql] SHOW FULL COLUMNS FROM `user` [ RunTime:0.001429s ]
[2026-08-18T21:54:30+08:00][sql] SELECT * FROM `user` WHERE  `id` = 21 LIMIT 1 [ RunTime:0.000853s ]
[2026-08-18T21:54:30+08:00][sql] SHOW FULL COLUMNS FROM `setting` [ RunTime:0.001185s ]
[2026-08-18T21:54:30+08:00][sql] SELECT * FROM `setting` [ RunTime:0.000681s ]
[2026-08-18T21:54:30+08:00][sql] SHOW FULL COLUMNS FROM `pay_account` [ RunTime:0.003540s ]
[2026-08-18T21:54:30+08:00][sql] SELECT * FROM `pay_account` WHERE  `user_id` = 21  AND `type` = 1 LIMIT 1 [ RunTime:0.000775s ]
[2026-08-18T21:54:30+08:00][sql] UPDATE `pay_account`  SET `real_name` = '李四' , `account` = 'test2@alipay.com' , `bank_name` = '' , `qr_code` = '/uploads/20260818/110040_6707.jpg' , `update_time` = 1787061270  WHERE  `id` = 1 [ RunTime:0.001686s ]
[2026-08-18T21:54:49+08:00][sql] CONNECT:[ UseTime:0.007868s ] mysql:host=127.0.0.1;port=3306;dbname=auction;charset=utf8mb4
[2026-08-18T21:54:49+08:00][sql] SHOW FULL COLUMNS FROM `goods` [ RunTime:0.001790s ]
[2026-08-18T21:54:49+08:00][sql] SELECT `id` FROM `goods` WHERE  `status` = 1  AND `end_time` <= 1787061289 [ RunTime:0.000737s ]
[2026-08-18T21:54:49+08:00][sql] SHOW FULL COLUMNS FROM `user` [ RunTime:0.001757s ]
[2026-08-18T21:54:49+08:00][sql] SELECT * FROM `user` WHERE  `id` = 21 LIMIT 1 [ RunTime:0.001065s ]
[2026-08-18T21:54:49+08:00][sql] SHOW FULL COLUMNS FROM `setting` [ RunTime:0.001442s ]
[2026-08-18T21:54:49+08:00][sql] SELECT * FROM `setting` [ RunTime:0.000867s ]
[2026-08-18T21:54:49+08:00][sql] SHOW FULL COLUMNS FROM `withdraw` [ RunTime:0.003478s ]
[2026-08-18T21:54:49+08:00][sql] SELECT * FROM `withdraw` WHERE  `user_id` = 21 ORDER BY `id` DESC LIMIT 20 [ RunTime:0.000922s ]
[2026-08-18T21:54:49+08:00][sql] SHOW FULL COLUMNS FROM `pay_account` [ RunTime:0.003190s ]
[2026-08-18T21:54:49+08:00][sql] SELECT * FROM `pay_account` WHERE  `user_id` = 21 [ RunTime:0.000869s ]
[2026-08-18T21:54:50+08:00][sql] CONNECT:[ UseTime:0.026492s ] mysql:host=127.0.0.1;port=3306;dbname=auction;charset=utf8mb4
[2026-08-18T21:54:50+08:00][sql] SHOW FULL COLUMNS FROM `goods` [ RunTime:0.001777s ]
[2026-08-18T21:54:50+08:00][sql] SELECT `id` FROM `goods` WHERE  `status` = 1  AND `end_time` <= 1787061290 [ RunTime:0.001077s ]
[2026-08-18T21:54:50+08:00][sql] SHOW FULL COLUMNS FROM `user` [ RunTime:0.001581s ]
[2026-08-18T21:54:50+08:00][sql] SELECT * FROM `user` WHERE  `id` = 21 LIMIT 1 [ RunTime:0.001072s ]
[2026-08-18T21:54:50+08:00][sql] SHOW FULL COLUMNS FROM `setting` [ RunTime:0.001556s ]
[2026-08-18T21:54:50+08:00][sql] SELECT * FROM `setting` [ RunTime:0.000818s ]
[2026-08-18T21:54:50+08:00][sql] CONNECT:[ UseTime:0.016491s ] mysql:host=127.0.0.1;port=3306;dbname=auction;charset=utf8mb4
[2026-08-18T21:54:50+08:00][sql] SHOW FULL COLUMNS FROM `goods` [ RunTime:0.001656s ]
[2026-08-18T21:54:50+08:00][sql] SELECT `id` FROM `goods` WHERE  `status` = 1  AND `end_time` <= 1787061290 [ RunTime:0.000822s ]
[2026-08-18T21:54:50+08:00][sql] SHOW FULL COLUMNS FROM `user` [ RunTime:0.001435s ]
[2026-08-18T21:54:50+08:00][sql] SELECT * FROM `user` WHERE  `id` = 21 LIMIT 1 [ RunTime:0.000873s ]
[2026-08-18T21:54:50+08:00][sql] SHOW FULL COLUMNS FROM `setting` [ RunTime:0.001165s ]
[2026-08-18T21:54:50+08:00][sql] SELECT * FROM `setting` [ RunTime:0.000758s ]
[2026-08-18T21:54:50+08:00][sql] CONNECT:[ UseTime:0.003697s ] mysql:host=127.0.0.1;port=3306;dbname=auction;charset=utf8mb4
[2026-08-18T21:54:50+08:00][sql] SHOW FULL COLUMNS FROM `goods` [ RunTime:0.002391s ]
[2026-08-18T21:54:50+08:00][sql] SELECT `id` FROM `goods` WHERE  `status` = 1  AND `end_time` <= 1787061290 [ RunTime:0.001466s ]
[2026-08-18T21:54:50+08:00][sql] SHOW FULL COLUMNS FROM `user` [ RunTime:0.002237s ]
[2026-08-18T21:54:50+08:00][sql] SELECT * FROM `user` WHERE  `id` = 21 LIMIT 1 [ RunTime:0.001226s ]
[2026-08-18T21:54:50+08:00][sql] SHOW FULL COLUMNS FROM `setting` [ RunTime:0.001761s ]
[2026-08-18T21:54:50+08:00][sql] SELECT * FROM `setting` [ RunTime:0.001063s ]
[2026-08-18T21:54:50+08:00][sql] SHOW FULL COLUMNS FROM `pay_account` [ RunTime:0.004249s ]
[2026-08-18T21:54:50+08:00][sql] SELECT * FROM `pay_account` WHERE  `user_id` = 21  AND `type` = 3 LIMIT 1 [ RunTime:0.000914s ]
[2026-08-18T21:54:50+08:00][sql] SHOW FULL COLUMNS FROM `withdraw` [ RunTime:0.003364s ]
[2026-08-18T21:54:50+08:00][sql] INSERT INTO `withdraw` SET `user_id` = 21 , `amount` = '20' , `fee` = '0.2' , `account_type` = 3 , `account` = '6222021234567890123' , `account_name` = '张三' , `bank_name` = '中国工商银行' , `qr_code` = '' , `status` = 0 , `create_time` = 1787061290 , `update_time` = 1787061290 [ RunTime:0.005200s ]
[2026-08-18T21:55:14+08:00][sql] CONNECT:[ UseTime:0.013015s ] mysql:host=127.0.0.1;port=3306;dbname=auction;charset=utf8mb4
[2026-08-18T21:55:14+08:00][sql] SHOW FULL COLUMNS FROM `goods` [ RunTime:0.001285s ]
[2026-08-18T21:55:14+08:00][sql] SELECT `id` FROM `goods` WHERE  `status` = 1  AND `end_time` <= 1787061314 [ RunTime:0.000906s ]
[2026-08-18T21:55:14+08:00][sql] SHOW FULL COLUMNS FROM `user` [ RunTime:0.001537s ]
[2026-08-18T21:55:14+08:00][sql] SELECT * FROM `user` WHERE  `id` = 21 LIMIT 1 [ RunTime:0.000970s ]
[2026-08-18T21:55:14+08:00][sql] SHOW FULL COLUMNS FROM `setting` [ RunTime:0.001292s ]
[2026-08-18T21:55:14+08:00][sql] SELECT * FROM `setting` [ RunTime:0.000747s ]
[2026-08-18T21:55:14+08:00][sql] SHOW FULL COLUMNS FROM `pay_account` [ RunTime:0.003333s ]
[2026-08-18T21:55:14+08:00][sql] SELECT * FROM `pay_account` WHERE  `user_id` = 21  AND `type` = 2 LIMIT 1 [ RunTime:0.000803s ]
[2026-08-18T21:55:14+08:00][sql] CONNECT:[ UseTime:0.019124s ] mysql:host=127.0.0.1;port=3306;dbname=auction;charset=utf8mb4
[2026-08-18T21:55:14+08:00][sql] SHOW FULL COLUMNS FROM `goods` [ RunTime:0.001532s ]
[2026-08-18T21:55:14+08:00][sql] SELECT `id` FROM `goods` WHERE  `status` = 1  AND `end_time` <= 1787061314 [ RunTime:0.000777s ]
[2026-08-18T21:55:14+08:00][sql] SHOW FULL COLUMNS FROM `user` [ RunTime:0.001410s ]
[2026-08-18T21:55:14+08:00][sql] SELECT * FROM `user` WHERE  `id` = 21 LIMIT 1 [ RunTime:0.000935s ]
[2026-08-18T21:55:14+08:00][sql] SHOW FULL COLUMNS FROM `setting` [ RunTime:0.003787s ]
[2026-08-18T21:55:14+08:00][sql] SELECT * FROM `setting` [ RunTime:0.000842s ]
[2026-08-18T21:55:14+08:00][sql] SHOW FULL COLUMNS FROM `pay_account` [ RunTime:0.002800s ]
[2026-08-18T21:55:14+08:00][sql] SELECT * FROM `pay_account` WHERE  `user_id` = 21  AND `type` = 1 LIMIT 1 [ RunTime:0.000759s ]
[2026-08-18T21:55:14+08:00][sql] SHOW FULL COLUMNS FROM `withdraw` [ RunTime:0.002998s ]
[2026-08-18T21:55:14+08:00][sql] INSERT INTO `withdraw` SET `user_id` = 21 , `amount` = '1' , `fee` = '0.01' , `account_type` = 1 , `account` = 'test2@alipay.com' , `account_name` = '李四' , `bank_name` = '' , `qr_code` = '/uploads/20260818/110040_6707.jpg' , `status` = 0 , `create_time` = 1787061314 , `update_time` = 1787061314 [ RunTime:0.001514s ]
[2026-08-18T21:56:09+08:00][sql] CONNECT:[ UseTime:0.020943s ] mysql:host=127.0.0.1;port=3306;dbname=auction;charset=utf8mb4
[2026-08-18T21:56:09+08:00][sql] SHOW FULL COLUMNS FROM `goods` [ RunTime:0.001647s ]
[2026-08-18T21:56:09+08:00][sql] SELECT `id` FROM `goods` WHERE  `status` = 1  AND `end_time` <= 1787061369 [ RunTime:0.000838s ]
[2026-08-18T21:56:09+08:00][sql] SHOW FULL COLUMNS FROM `user` [ RunTime:0.001494s ]
[2026-08-18T21:56:09+08:00][sql] SELECT * FROM `user` WHERE  `id` = 20 LIMIT 1 [ RunTime:0.000881s ]
[2026-08-18T21:56:09+08:00][sql] SHOW FULL COLUMNS FROM `setting` [ RunTime:0.001186s ]
[2026-08-18T21:56:09+08:00][sql] SELECT * FROM `setting` [ RunTime:0.000740s ]
[2026-08-18T21:56:09+08:00][sql] SHOW FULL COLUMNS FROM `pay_account` [ RunTime:0.003305s ]
[2026-08-18T21:56:09+08:00][sql] SELECT * FROM `pay_account` WHERE  `user_id` = 20 [ RunTime:0.000883s ]
[2026-08-18T21:57:50+08:00][sql] CONNECT:[ UseTime:0.012469s ] mysql:host=127.0.0.1;port=3306;dbname=auction;charset=utf8mb4
[2026-08-18T21:57:50+08:00][sql] SHOW FULL COLUMNS FROM `goods` [ RunTime:0.001987s ]
[2026-08-18T21:57:50+08:00][sql] SELECT `id` FROM `goods` WHERE  `status` = 1  AND `end_time` <= 1787061469 [ RunTime:0.000664s ]
[2026-08-18T21:57:50+08:00][sql] SHOW FULL COLUMNS FROM `user` [ RunTime:0.001606s ]
[2026-08-18T21:57:50+08:00][sql] SELECT * FROM `user` WHERE  `id` = 21 LIMIT 1 [ RunTime:0.000798s ]
[2026-08-18T21:57:50+08:00][sql] SHOW FULL COLUMNS FROM `setting` [ RunTime:0.001317s ]
[2026-08-18T21:57:50+08:00][sql] SELECT * FROM `setting` [ RunTime:0.000552s ]
[2026-08-18T21:57:50+08:00][sql] SHOW FULL COLUMNS FROM `withdraw` [ RunTime:0.003344s ]
[2026-08-18T21:57:50+08:00][sql] SELECT * FROM `withdraw` WHERE  `user_id` = 21 ORDER BY `id` DESC LIMIT 20 [ RunTime:0.001271s ]
[2026-08-18T21:57:50+08:00][sql] SHOW FULL COLUMNS FROM `pay_account` [ RunTime:0.003613s ]
[2026-08-18T21:57:50+08:00][sql] SELECT * FROM `pay_account` WHERE  `user_id` = 21 [ RunTime:0.001048s ]
[2026-08-18T21:57:50+08:00][sql] CONNECT:[ UseTime:0.002332s ] mysql:host=127.0.0.1;port=3306;dbname=auction;charset=utf8mb4
[2026-08-18T21:57:50+08:00][sql] SHOW FULL COLUMNS FROM `goods` [ RunTime:0.002176s ]
[2026-08-18T21:57:50+08:00][sql] SELECT `id` FROM `goods` WHERE  `status` = 1  AND `end_time` <= 1787061470 [ RunTime:0.001150s ]
[2026-08-18T21:57:50+08:00][sql] SHOW FULL COLUMNS FROM `user` [ RunTime:0.002097s ]
[2026-08-18T21:57:50+08:00][sql] SELECT * FROM `user` WHERE  `id` = 21 LIMIT 1 [ RunTime:0.001255s ]
[2026-08-18T21:57:50+08:00][sql] SHOW FULL COLUMNS FROM `setting` [ RunTime:0.001562s ]
[2026-08-18T21:57:50+08:00][sql] SELECT * FROM `setting` [ RunTime:0.000782s ]
[2026-08-18T21:57:50+08:00][sql] SHOW FULL COLUMNS FROM `pay_account` [ RunTime:0.004027s ]
[2026-08-18T21:57:50+08:00][sql] SELECT * FROM `pay_account` WHERE  `user_id` = 21 [ RunTime:0.001334s ]
[2026-08-18T22:00:41+08:00][sql] CONNECT:[ UseTime:0.026629s ] mysql:host=127.0.0.1;port=3306;dbname=auction;charset=utf8mb4
[2026-08-18T22:00:41+08:00][sql] SHOW FULL COLUMNS FROM `goods` [ RunTime:0.002560s ]
[2026-08-18T22:00:41+08:00][sql] SELECT `id` FROM `goods` WHERE  `status` = 1  AND `end_time` <= 1787061640 [ RunTime:0.001124s ]
[2026-08-18T22:00:41+08:00][sql] SHOW FULL COLUMNS FROM `user` [ RunTime:0.001919s ]
[2026-08-18T22:00:41+08:00][sql] SELECT * FROM `user` WHERE  `id` = 20 LIMIT 1 [ RunTime:0.001054s ]
[2026-08-18T22:00:41+08:00][sql] SHOW FULL COLUMNS FROM `setting` [ RunTime:0.001508s ]
[2026-08-18T22:00:41+08:00][sql] SELECT * FROM `setting` [ RunTime:0.000859s ]
[2026-08-18T22:00:41+08:00][sql] SHOW FULL COLUMNS FROM `withdraw` [ RunTime:0.004153s ]
[2026-08-18T22:00:41+08:00][sql] SELECT * FROM `withdraw` WHERE  `user_id` = 20 ORDER BY `id` DESC LIMIT 20 [ RunTime:0.001152s ]
[2026-08-18T22:00:41+08:00][sql] SHOW FULL COLUMNS FROM `pay_account` [ RunTime:0.001627s ]
[2026-08-18T22:00:41+08:00][sql] SELECT * FROM `pay_account` WHERE  `user_id` = 20 [ RunTime:0.000900s ]
[2026-08-18T22:00:44+08:00][sql] CONNECT:[ UseTime:0.015417s ] mysql:host=127.0.0.1;port=3306;dbname=auction;charset=utf8mb4
[2026-08-18T22:00:44+08:00][sql] SHOW FULL COLUMNS FROM `goods` [ RunTime:0.001143s ]
[2026-08-18T22:00:44+08:00][sql] SELECT `id` FROM `goods` WHERE  `status` = 1  AND `end_time` <= 1787061644 [ RunTime:0.001110s ]
[2026-08-18T22:00:44+08:00][sql] SHOW FULL COLUMNS FROM `user` [ RunTime:0.001956s ]
[2026-08-18T22:00:44+08:00][sql] SELECT * FROM `user` WHERE  `id` = 20 LIMIT 1 [ RunTime:0.001114s ]
[2026-08-18T22:00:44+08:00][sql] SHOW FULL COLUMNS FROM `setting` [ RunTime:0.001536s ]
[2026-08-18T22:00:44+08:00][sql] SELECT * FROM `setting` [ RunTime:0.000838s ]
[2026-08-18T22:00:44+08:00][sql] SHOW FULL COLUMNS FROM `pay_account` [ RunTime:0.001579s ]
[2026-08-18T22:00:44+08:00][sql] SELECT * FROM `pay_account` WHERE  `user_id` = 20 [ RunTime:0.001009s ]
[2026-08-18T22:00:47+08:00][sql] CONNECT:[ UseTime:0.006166s ] mysql:host=127.0.0.1;port=3306;dbname=auction;charset=utf8mb4
[2026-08-18T22:00:47+08:00][sql] SHOW FULL COLUMNS FROM `goods` [ RunTime:0.002450s ]
[2026-08-18T22:00:47+08:00][sql] SELECT `id` FROM `goods` WHERE  `status` = 1  AND `end_time` <= 1787061646 [ RunTime:0.001125s ]
[2026-08-18T22:00:47+08:00][sql] SHOW FULL COLUMNS FROM `user` [ RunTime:0.001942s ]
[2026-08-18T22:00:47+08:00][sql] SELECT * FROM `user` WHERE  `id` = 20 LIMIT 1 [ RunTime:0.001099s ]
[2026-08-18T22:00:47+08:00][sql] SHOW FULL COLUMNS FROM `setting` [ RunTime:0.001526s ]
[2026-08-18T22:00:47+08:00][sql] SELECT * FROM `setting` [ RunTime:0.000852s ]
[2026-08-18T22:00:47+08:00][sql] SHOW FULL COLUMNS FROM `pay_account` [ RunTime:0.001812s ]
[2026-08-18T22:00:47+08:00][sql] SELECT * FROM `pay_account` WHERE  `user_id` = 20 [ RunTime:0.001034s ]
[2026-08-18T22:01:05+08:00][sql] CONNECT:[ UseTime:0.011035s ] mysql:host=127.0.0.1;port=3306;dbname=auction;charset=utf8mb4
[2026-08-18T22:01:05+08:00][sql] SHOW FULL COLUMNS FROM `goods` [ RunTime:0.001982s ]
[2026-08-18T22:01:05+08:00][sql] SELECT `id` FROM `goods` WHERE  `status` = 1  AND `end_time` <= 1787061665 [ RunTime:0.000953s ]
[2026-08-18T22:01:05+08:00][sql] SHOW FULL COLUMNS FROM `user` [ RunTime:0.001730s ]
[2026-08-18T22:01:05+08:00][sql] SELECT * FROM `user` WHERE  `id` = 20 LIMIT 1 [ RunTime:0.000933s ]
[2026-08-18T22:01:05+08:00][sql] SHOW FULL COLUMNS FROM `setting` [ RunTime:0.001337s ]
[2026-08-18T22:01:05+08:00][sql] SELECT * FROM `setting` [ RunTime:0.000752s ]
[2026-08-18T22:01:05+08:00][sql] SHOW FULL COLUMNS FROM `pay_account` [ RunTime:0.001377s ]
[2026-08-18T22:01:05+08:00][sql] SELECT * FROM `pay_account` WHERE  `user_id` = 20  AND `type` = 3 LIMIT 1 [ RunTime:0.000795s ]
[2026-08-18T22:01:05+08:00][sql] INSERT INTO `pay_account` SET `real_name` = '老师' , `account` = '88888888888888888' , `bank_name` = '中国银行' , `qr_code` = '' , `update_time` = 1787061665 , `user_id` = 20 , `type` = 3 , `create_time` = 1787061665 [ RunTime:0.005512s ]
[2026-08-18T22:01:05+08:00][sql] CONNECT:[ UseTime:0.013960s ] mysql:host=127.0.0.1;port=3306;dbname=auction;charset=utf8mb4
[2026-08-18T22:01:05+08:00][sql] SHOW FULL COLUMNS FROM `goods` [ RunTime:0.001989s ]
[2026-08-18T22:01:05+08:00][sql] SELECT `id` FROM `goods` WHERE  `status` = 1  AND `end_time` <= 1787061665 [ RunTime:0.001087s ]
[2026-08-18T22:01:05+08:00][sql] SHOW FULL COLUMNS FROM `user` [ RunTime:0.001971s ]
[2026-08-18T22:01:05+08:00][sql] SELECT * FROM `user` WHERE  `id` = 20 LIMIT 1 [ RunTime:0.001141s ]
[2026-08-18T22:01:05+08:00][sql] SHOW FULL COLUMNS FROM `setting` [ RunTime:0.001571s ]
[2026-08-18T22:01:05+08:00][sql] SELECT * FROM `setting` [ RunTime:0.001022s ]
[2026-08-18T22:01:05+08:00][sql] SHOW FULL COLUMNS FROM `pay_account` [ RunTime:0.002100s ]
[2026-08-18T22:01:05+08:00][sql] SELECT * FROM `pay_account` WHERE  `user_id` = 20 [ RunTime:0.000935s ]
[2026-08-18T22:01:12+08:00][sql] CONNECT:[ UseTime:0.005708s ] mysql:host=127.0.0.1;port=3306;dbname=auction;charset=utf8mb4
[2026-08-18T22:01:12+08:00][sql] SHOW FULL COLUMNS FROM `goods` [ RunTime:0.002180s ]
[2026-08-18T22:01:12+08:00][sql] SELECT `id` FROM `goods` WHERE  `status` = 1  AND `end_time` <= 1787061672 [ RunTime:0.000863s ]
[2026-08-18T22:01:12+08:00][sql] SHOW FULL COLUMNS FROM `user` [ RunTime:0.001521s ]
[2026-08-18T22:01:12+08:00][sql] SELECT * FROM `user` WHERE  `id` = 20 LIMIT 1 [ RunTime:0.000938s ]
[2026-08-18T22:01:12+08:00][sql] SHOW FULL COLUMNS FROM `setting` [ RunTime:0.001157s ]
[2026-08-18T22:01:12+08:00][sql] SELECT * FROM `setting` [ RunTime:0.000609s ]
[2026-08-18T22:01:12+08:00][sql] SHOW FULL COLUMNS FROM `withdraw` [ RunTime:0.001311s ]
[2026-08-18T22:01:12+08:00][sql] SELECT * FROM `withdraw` WHERE  `user_id` = 20 ORDER BY `id` DESC LIMIT 20 [ RunTime:0.000704s ]
[2026-08-18T22:01:12+08:00][sql] SHOW FULL COLUMNS FROM `pay_account` [ RunTime:0.001082s ]
[2026-08-18T22:01:12+08:00][sql] SELECT * FROM `pay_account` WHERE  `user_id` = 20 [ RunTime:0.000835s ]
[2026-08-18T22:01:19+08:00][sql] CONNECT:[ UseTime:0.003144s ] mysql:host=127.0.0.1;port=3306;dbname=auction;charset=utf8mb4
[2026-08-18T22:01:19+08:00][sql] SHOW FULL COLUMNS FROM `goods` [ RunTime:0.001792s ]
[2026-08-18T22:01:19+08:00][sql] SELECT `id` FROM `goods` WHERE  `status` = 1  AND `end_time` <= 1787061679 [ RunTime:0.000915s ]
[2026-08-18T22:01:19+08:00][sql] SHOW FULL COLUMNS FROM `user` [ RunTime:0.001711s ]
[2026-08-18T22:01:19+08:00][sql] SELECT * FROM `user` WHERE  `id` = 20 LIMIT 1 [ RunTime:0.000976s ]
[2026-08-18T22:01:19+08:00][sql] SHOW FULL COLUMNS FROM `setting` [ RunTime:0.001340s ]
[2026-08-18T22:01:19+08:00][sql] SELECT * FROM `setting` [ RunTime:0.000751s ]
[2026-08-18T22:01:19+08:00][sql] SHOW FULL COLUMNS FROM `pay_account` [ RunTime:0.003307s ]
[2026-08-18T22:01:19+08:00][sql] SELECT * FROM `pay_account` WHERE  `user_id` = 20  AND `type` = 3 LIMIT 1 [ RunTime:0.000764s ]
[2026-08-18T22:01:19+08:00][sql] SHOW FULL COLUMNS FROM `withdraw` [ RunTime:0.003394s ]
[2026-08-18T22:01:19+08:00][sql] INSERT INTO `withdraw` SET `user_id` = 20 , `amount` = '5000' , `fee` = '50' , `account_type` = 3 , `account` = '88888888888888888' , `account_name` = '老师' , `bank_name` = '中国银行' , `qr_code` = '' , `status` = 0 , `create_time` = 1787061679 , `update_time` = 1787061679 [ RunTime:0.006239s ]
[2026-08-18T22:01:20+08:00][sql] CONNECT:[ UseTime:0.014589s ] mysql:host=127.0.0.1;port=3306;dbname=auction;charset=utf8mb4
[2026-08-18T22:01:20+08:00][sql] SHOW FULL COLUMNS FROM `goods` [ RunTime:0.002267s ]
[2026-08-18T22:01:20+08:00][sql] SELECT `id` FROM `goods` WHERE  `status` = 1  AND `end_time` <= 1787061680 [ RunTime:0.001075s ]
[2026-08-18T22:01:20+08:00][sql] SHOW FULL COLUMNS FROM `user` [ RunTime:0.002046s ]
[2026-08-18T22:01:20+08:00][sql] SELECT * FROM `user` WHERE  `id` = 20 LIMIT 1 [ RunTime:0.001061s ]
[2026-08-18T22:01:20+08:00][sql] SHOW FULL COLUMNS FROM `setting` [ RunTime:0.001552s ]
[2026-08-18T22:01:20+08:00][sql] SELECT * FROM `setting` [ RunTime:0.000835s ]
[2026-08-18T22:01:20+08:00][sql] SHOW FULL COLUMNS FROM `withdraw` [ RunTime:0.004149s ]
[2026-08-18T22:01:20+08:00][sql] SELECT * FROM `withdraw` WHERE  `user_id` = 20 ORDER BY `id` DESC LIMIT 20 [ RunTime:0.001150s ]
[2026-08-18T22:01:20+08:00][sql] SHOW FULL COLUMNS FROM `pay_account` [ RunTime:0.003892s ]
[2026-08-18T22:01:20+08:00][sql] SELECT * FROM `pay_account` WHERE  `user_id` = 20 [ RunTime:0.000962s ]
[2026-08-18T22:01:24+08:00][sql] CONNECT:[ UseTime:0.012200s ] mysql:host=127.0.0.1;port=3306;dbname=auction;charset=utf8mb4
[2026-08-18T22:01:24+08:00][sql] SHOW FULL COLUMNS FROM `goods` [ RunTime:0.002363s ]
[2026-08-18T22:01:24+08:00][sql] SELECT `id` FROM `goods` WHERE  `status` = 1  AND `end_time` <= 1787061684 [ RunTime:0.001181s ]
[2026-08-18T22:01:24+08:00][sql] SHOW FULL COLUMNS FROM `user` [ RunTime:0.001952s ]
[2026-08-18T22:01:24+08:00][sql] SELECT * FROM `user` WHERE  `id` = 20 LIMIT 1 [ RunTime:0.001072s ]
[2026-08-18T22:01:24+08:00][sql] SHOW FULL COLUMNS FROM `setting` [ RunTime:0.001480s ]
[2026-08-18T22:01:24+08:00][sql] SELECT * FROM `setting` [ RunTime:0.000830s ]
[2026-08-18T22:01:24+08:00][sql] SHOW FULL COLUMNS FROM `bid_record` [ RunTime:0.001590s ]
[2026-08-18T22:01:24+08:00][sql] SELECT COUNT(*) AS think_count FROM `bid_record` WHERE  `user_id` = 20 [ RunTime:0.000892s ]
[2026-08-18T22:01:24+08:00][sql] SHOW FULL COLUMNS FROM `order` [ RunTime:0.001747s ]
[2026-08-18T22:01:24+08:00][sql] SELECT COUNT(*) AS think_count FROM `order` WHERE  `buyer_id` = 20  AND `pay_status` = 1 [ RunTime:0.000915s ]
[2026-08-18T22:01:24+08:00][sql] SELECT COUNT(*) AS think_count FROM `goods` WHERE  `seller_id` = 20  AND `status` = 2 [ RunTime:0.003130s ]
[2026-08-18T22:01:24+08:00][sql] SELECT COUNT(*) AS think_count FROM `goods` WHERE  `seller_id` = 20 [ RunTime:0.000834s ]
[2026-08-18T22:01:24+08:00][sql] SELECT COUNT(*) AS think_count FROM `order` WHERE  `buyer_id` = 20  AND `pay_status` = 0  AND `order_status` = 0 [ RunTime:0.000850s ]
[2026-08-18T22:01:24+08:00][sql] SELECT COUNT(*) AS think_count FROM `order` WHERE  `seller_id` = 20  AND `order_status` = 1 [ RunTime:0.000817s ]
[2026-08-18T22:01:24+08:00][sql] SELECT COUNT(*) AS think_count FROM `order` WHERE  `buyer_id` = 20  AND `order_status` = 0  AND `pay_status` = 0 [ RunTime:0.000819s ]
[2026-08-18T22:01:24+08:00][sql] SELECT COUNT(*) AS think_count FROM `order` WHERE  `buyer_id` = 20  AND `order_status` = 1 [ RunTime:0.000774s ]
[2026-08-18T22:01:24+08:00][sql] SELECT COUNT(*) AS think_count FROM `order` WHERE  `buyer_id` = 20  AND `order_status` = 2 [ RunTime:0.000948s ]
[2026-08-18T22:01:24+08:00][sql] SELECT COUNT(*) AS think_count FROM `order` WHERE  `buyer_id` = 20  AND `order_status` = 3 [ RunTime:0.001143s ]
[2026-08-18T22:01:24+08:00][sql] SELECT COUNT(*) AS think_count FROM `order` WHERE  `seller_id` = 20  AND `order_status` = 1 [ RunTime:0.001254s ]
[2026-08-18T22:01:24+08:00][sql] SHOW FULL COLUMNS FROM `goods_favorite` [ RunTime:0.002287s ]
[2026-08-18T22:01:24+08:00][sql] SELECT COUNT(*) AS think_count FROM `goods_favorite` WHERE  `user_id` = 20 [ RunTime:0.001062s ]
[2026-08-18T22:01:24+08:00][sql] SHOW FULL COLUMNS FROM `seller_follow` [ RunTime:0.001333s ]
[2026-08-18T22:01:24+08:00][sql] SELECT COUNT(*) AS think_count FROM `seller_follow` WHERE  `user_id` = 20 [ RunTime:0.000768s ]
[2026-08-18T22:01:24+08:00][sql] SHOW FULL COLUMNS FROM `browse_history` [ RunTime:0.001203s ]
[2026-08-18T22:01:24+08:00][sql] SELECT COUNT(*) AS think_count FROM `browse_history` WHERE  `user_id` = 20 [ RunTime:0.000678s ]
[2026-08-18T22:01:24+08:00][sql] SHOW FULL COLUMNS FROM `balance_log` [ RunTime:0.001141s ]
[2026-08-18T22:01:24+08:00][sql] SELECT * FROM `balance_log` WHERE  `user_id` = 20 ORDER BY `id` DESC LIMIT 5 [ RunTime:0.000667s ]
[2026-08-18T22:01:24+08:00][sql] SELECT `b`.*,`g`.`title`,`g`.`cover`,g.status as goods_status,`g`.`end_time` FROM `bid_record` `b` LEFT JOIN `goods` `g` ON `b`.`goods_id`=`g`.`id` WHERE  `b`.`user_id` = '20' ORDER BY `b`.`id` DESC LIMIT 5 [ RunTime:0.000713s ]
[2026-08-18T22:01:24+08:00][sql] SELECT `id`,`nickname`,`mobile`,`reg_time` FROM `user` WHERE  `pid` = 20 ORDER BY `id` DESC LIMIT 10 [ RunTime:0.001047s ]
[2026-08-18T22:01:25+08:00][sql] CONNECT:[ UseTime:0.016020s ] mysql:host=127.0.0.1;port=3306;dbname=auction;charset=utf8mb4
[2026-08-18T22:01:25+08:00][sql] SHOW FULL COLUMNS FROM `goods` [ RunTime:0.002186s ]
[2026-08-18T22:01:25+08:00][sql] SELECT `id` FROM `goods` WHERE  `status` = 1  AND `end_time` <= 1787061685 [ RunTime:0.001103s ]
[2026-08-18T22:01:25+08:00][sql] SHOW FULL COLUMNS FROM `user` [ RunTime:0.001947s ]
[2026-08-18T22:01:25+08:00][sql] SELECT * FROM `user` WHERE  `id` = 20 LIMIT 1 [ RunTime:0.001077s ]
[2026-08-18T22:01:25+08:00][sql] SHOW FULL COLUMNS FROM `setting` [ RunTime:0.001537s ]
[2026-08-18T22:01:25+08:00][sql] SELECT * FROM `setting` [ RunTime:0.000881s ]
[2026-08-18T22:01:25+08:00][sql] SELECT * FROM `user` WHERE  `id` = 20 LIMIT 1 [ RunTime:0.001221s ]
[2026-08-18T22:01:25+08:00][sql] SHOW FULL COLUMNS FROM `order` [ RunTime:0.001971s ]
[2026-08-18T22:01:25+08:00][sql] SELECT COUNT(*) AS think_count FROM `order` WHERE  `buyer_id` = 20  AND `order_status` = 0  AND `pay_status` = 0 [ RunTime:0.001034s ]
[2026-08-18T22:01:25+08:00][sql] SELECT COUNT(*) AS think_count FROM `order` WHERE  `buyer_id` = 20  AND `order_status` = 3 [ RunTime:0.000936s ]
[2026-08-18T22:01:25+08:00][sql] SHOW FULL COLUMNS FROM `balance_log` [ RunTime:0.001526s ]
[2026-08-18T22:01:25+08:00][sql] SELECT * FROM `balance_log` WHERE  `user_id` = 20 ORDER BY `id` DESC LIMIT 8 [ RunTime:0.000967s ]
[2026-08-18T22:01:27+08:00][sql] CONNECT:[ UseTime:0.011120s ] mysql:host=127.0.0.1;port=3306;dbname=auction;charset=utf8mb4
[2026-08-18T22:01:27+08:00][sql] SHOW FULL COLUMNS FROM `goods` [ RunTime:0.001409s ]
[2026-08-18T22:01:27+08:00][sql] SELECT `id` FROM `goods` WHERE  `status` = 1  AND `end_time` <= 1787061687 [ RunTime:0.001014s ]
[2026-08-18T22:01:27+08:00][sql] SHOW FULL COLUMNS FROM `user` [ RunTime:0.001850s ]
[2026-08-18T22:01:27+08:00][sql] SELECT * FROM `user` WHERE  `id` = 20 LIMIT 1 [ RunTime:0.000983s ]
[2026-08-18T22:01:27+08:00][sql] SHOW FULL COLUMNS FROM `setting` [ RunTime:0.001450s ]
[2026-08-18T22:01:27+08:00][sql] SELECT * FROM `setting` [ RunTime:0.000798s ]
[2026-08-18T22:01:27+08:00][sql] SHOW FULL COLUMNS FROM `withdraw` [ RunTime:0.001496s ]
[2026-08-18T22:01:27+08:00][sql] SELECT * FROM `withdraw` WHERE  `user_id` = 20 ORDER BY `id` DESC LIMIT 20 [ RunTime:0.001054s ]
[2026-08-18T22:01:27+08:00][sql] SHOW FULL COLUMNS FROM `pay_account` [ RunTime:0.001527s ]
[2026-08-18T22:01:27+08:00][sql] SELECT * FROM `pay_account` WHERE  `user_id` = 20 [ RunTime:0.000761s ]
[2026-08-18T22:01:51+08:00][sql] CONNECT:[ UseTime:0.002391s ] mysql:host=127.0.0.1;port=3306;dbname=auction;charset=utf8mb4
[2026-08-18T22:01:51+08:00][sql] SHOW FULL COLUMNS FROM `goods` [ RunTime:0.001477s ]
[2026-08-18T22:01:51+08:00][sql] SELECT `id` FROM `goods` WHERE  `status` = 1  AND `end_time` <= 1787061711 [ RunTime:0.000746s ]
[2026-08-18T22:01:51+08:00][sql] SHOW FULL COLUMNS FROM `user` [ RunTime:0.001354s ]
[2026-08-18T22:01:51+08:00][sql] SELECT * FROM `user` WHERE  `id` = 20 LIMIT 1 [ RunTime:0.000757s ]
[2026-08-18T22:01:51+08:00][sql] SHOW FULL COLUMNS FROM `setting` [ RunTime:0.001091s ]
[2026-08-18T22:01:51+08:00][sql] SELECT * FROM `setting` [ RunTime:0.000575s ]
[2026-08-18T22:01:51+08:00][sql] SHOW FULL COLUMNS FROM `withdraw` [ RunTime:0.001266s ]
[2026-08-18T22:01:51+08:00][sql] SELECT * FROM `withdraw` WHERE  `user_id` = 20 ORDER BY `id` DESC LIMIT 20 [ RunTime:0.000755s ]
[2026-08-18T22:01:51+08:00][sql] SHOW FULL COLUMNS FROM `pay_account` [ RunTime:0.001192s ]
[2026-08-18T22:01:51+08:00][sql] SELECT * FROM `pay_account` WHERE  `user_id` = 20 [ RunTime:0.001096s ]
[2026-08-18T22:06:51+08:00][sql] CONNECT:[ UseTime:0.023894s ] mysql:host=127.0.0.1;port=3306;dbname=auction;charset=utf8mb4
[2026-08-18T22:06:51+08:00][sql] SHOW FULL COLUMNS FROM `goods` [ RunTime:0.001316s ]
[2026-08-18T22:06:51+08:00][sql] SELECT `id` FROM `goods` WHERE  `status` = 1  AND `end_time` <= 1787062011 [ RunTime:0.000749s ]
[2026-08-18T22:06:51+08:00][sql] SHOW FULL COLUMNS FROM `setting` [ RunTime:0.001414s ]
[2026-08-18T22:06:51+08:00][sql] SELECT * FROM `setting` [ RunTime:0.000685s ]
[2026-08-18T22:06:51+08:00][sql] CONNECT:[ UseTime:0.019185s ] mysql:host=127.0.0.1;port=3306;dbname=auction;charset=utf8mb4
[2026-08-18T22:06:51+08:00][sql] SHOW FULL COLUMNS FROM `goods` [ RunTime:0.001873s ]
[2026-08-18T22:06:51+08:00][sql] SELECT `id` FROM `goods` WHERE  `status` = 1  AND `end_time` <= 1787062011 [ RunTime:0.001091s ]
[2026-08-18T22:06:51+08:00][sql] SHOW FULL COLUMNS FROM `setting` [ RunTime:0.001476s ]
[2026-08-18T22:06:51+08:00][sql] SELECT * FROM `setting` [ RunTime:0.000659s ]
[2026-08-18T22:06:51+08:00][sql] SHOW FULL COLUMNS FROM `user` [ RunTime:0.001903s ]
[2026-08-18T22:06:51+08:00][sql] SELECT * FROM `user` WHERE  `mobile` = '19900000001' LIMIT 1 [ RunTime:0.001161s ]
[2026-08-18T22:06:51+08:00][sql] UPDATE `user`  SET `last_login_time` = 1787062011 , `update_time` = 1787062011  WHERE  `id` = 21 [ RunTime:0.005822s ]
[2026-08-18T22:06:51+08:00][sql] CONNECT:[ UseTime:0.013461s ] mysql:host=127.0.0.1;port=3306;dbname=auction;charset=utf8mb4
[2026-08-18T22:06:51+08:00][sql] SHOW FULL COLUMNS FROM `goods` [ RunTime:0.001858s ]
[2026-08-18T22:06:51+08:00][sql] SELECT `id` FROM `goods` WHERE  `status` = 1  AND `end_time` <= 1787062011 [ RunTime:0.001064s ]
[2026-08-18T22:06:51+08:00][sql] SHOW FULL COLUMNS FROM `user` [ RunTime:0.001824s ]
[2026-08-18T22:06:51+08:00][sql] SELECT * FROM `user` WHERE  `id` = 21 LIMIT 1 [ RunTime:0.001122s ]
[2026-08-18T22:06:51+08:00][sql] SHOW FULL COLUMNS FROM `setting` [ RunTime:0.001330s ]
[2026-08-18T22:06:51+08:00][sql] SELECT * FROM `setting` [ RunTime:0.000981s ]
[2026-08-18T22:06:51+08:00][sql] SHOW FULL COLUMNS FROM `pay_account` [ RunTime:0.001554s ]
[2026-08-18T22:06:51+08:00][sql] SELECT * FROM `pay_account` WHERE  `user_id` = 21  AND `type` = 1 LIMIT 1 [ RunTime:0.000939s ]
[2026-08-18T22:06:51+08:00][sql] INSERT INTO `pay_account` SET `real_name` = '张三' , `account` = 'test@alipay.com' , `bank_name` = '' , `qr_code` = '/uploads/20260818/110040_6707.jpg' , `update_time` = 1787062011 , `user_id` = 21 , `type` = 1 , `create_time` = 1787062011 [ RunTime:0.002064s ]
[2026-08-18T22:07:35+08:00][sql] CONNECT:[ UseTime:0.010759s ] mysql:host=127.0.0.1;port=3306;dbname=auction;charset=utf8mb4
[2026-08-18T22:07:35+08:00][sql] SHOW FULL COLUMNS FROM `goods` [ RunTime:0.001674s ]
[2026-08-18T22:07:35+08:00][sql] SELECT `id` FROM `goods` WHERE  `status` = 1  AND `end_time` <= 1787062055 [ RunTime:0.000915s ]
[2026-08-18T22:07:35+08:00][sql] SHOW FULL COLUMNS FROM `user` [ RunTime:0.001750s ]
[2026-08-18T22:07:35+08:00][sql] SELECT * FROM `user` WHERE  `id` = 21 LIMIT 1 [ RunTime:0.000811s ]
[2026-08-18T22:07:35+08:00][sql] SHOW FULL COLUMNS FROM `setting` [ RunTime:0.001263s ]
[2026-08-18T22:07:35+08:00][sql] SELECT * FROM `setting` [ RunTime:0.000586s ]
[2026-08-18T22:07:35+08:00][sql] SHOW FULL COLUMNS FROM `pay_account` [ RunTime:0.001303s ]
[2026-08-18T22:07:35+08:00][sql] SELECT * FROM `pay_account` WHERE  `user_id` = 21  AND `type` = 1 LIMIT 1 [ RunTime:0.000615s ]
[2026-08-18T22:07:35+08:00][sql] SELECT * FROM `user` WHERE  `id` = 21 LIMIT 1   FOR UPDATE [ RunTime:0.000760s ]
[2026-08-18T22:07:35+08:00][sql] UPDATE `user`  SET `balance` = '19' , `update_time` = 1787062055  WHERE  `id` = 21 [ RunTime:0.000860s ]
[2026-08-18T22:07:35+08:00][sql] SHOW FULL COLUMNS FROM `withdraw` [ RunTime:0.001483s ]
[2026-08-18T22:07:35+08:00][sql] INSERT INTO `withdraw` SET `user_id` = 21 , `amount` = '1' , `fee` = '0.01' , `account_type` = 1 , `account` = 'test@alipay.com' , `account_name` = '张三' , `bank_name` = '' , `qr_code` = '/uploads/20260818/110040_6707.jpg' , `status` = 0 , `create_time` = 1787062055 , `update_time` = 1787062055 [ RunTime:0.000903s ]
[2026-08-18T22:07:35+08:00][sql] SHOW FULL COLUMNS FROM `balance_log` [ RunTime:0.001505s ]
[2026-08-18T22:07:35+08:00][sql] INSERT INTO `balance_log` SET `user_id` = 21 , `type` = 'withdraw' , `amount` = '-1' , `balance` = '19' , `remark` = '提现申请冻结：1元' , `create_time` = 1787062055 [ RunTime:0.000748s ]
[2026-08-18T22:07:35+08:00][sql] CONNECT:[ UseTime:0.011039s ] mysql:host=127.0.0.1;port=3306;dbname=auction;charset=utf8mb4
[2026-08-18T22:07:35+08:00][sql] SHOW FULL COLUMNS FROM `goods` [ RunTime:0.001382s ]
[2026-08-18T22:07:35+08:00][sql] SELECT `id` FROM `goods` WHERE  `status` = 1  AND `end_time` <= 1787062055 [ RunTime:0.000783s ]
[2026-08-18T22:07:35+08:00][sql] SHOW FULL COLUMNS FROM `user` [ RunTime:0.001452s ]
[2026-08-18T22:07:35+08:00][sql] SELECT * FROM `user` WHERE  `id` = 21 LIMIT 1 [ RunTime:0.000830s ]
[2026-08-18T22:07:35+08:00][sql] SHOW FULL COLUMNS FROM `setting` [ RunTime:0.001307s ]
[2026-08-18T22:07:35+08:00][sql] SELECT * FROM `setting` [ RunTime:0.000656s ]
[2026-08-18T22:07:35+08:00][sql] SHOW FULL COLUMNS FROM `pay_account` [ RunTime:0.001417s ]
[2026-08-18T22:07:35+08:00][sql] SELECT * FROM `pay_account` WHERE  `user_id` = 21  AND `type` = 1 LIMIT 1 [ RunTime:0.000845s ]
[2026-08-18T22:07:35+08:00][sql] SELECT * FROM `user` WHERE  `id` = 21 LIMIT 1   FOR UPDATE [ RunTime:0.000976s ]
[2026-08-18T22:07:35+08:00][sql] UPDATE `user`  SET `balance` = '18' , `update_time` = 1787062055  WHERE  `id` = 21 [ RunTime:0.000866s ]
[2026-08-18T22:07:35+08:00][sql] SHOW FULL COLUMNS FROM `withdraw` [ RunTime:0.001499s ]
[2026-08-18T22:07:35+08:00][sql] INSERT INTO `withdraw` SET `user_id` = 21 , `amount` = '1' , `fee` = '0.01' , `account_type` = 1 , `account` = 'test@alipay.com' , `account_name` = '张三' , `bank_name` = '' , `qr_code` = '/uploads/20260818/110040_6707.jpg' , `status` = 0 , `create_time` = 1787062055 , `update_time` = 1787062055 [ RunTime:0.000800s ]
[2026-08-18T22:07:35+08:00][sql] SHOW FULL COLUMNS FROM `balance_log` [ RunTime:0.003420s ]
[2026-08-18T22:07:35+08:00][sql] INSERT INTO `balance_log` SET `user_id` = 21 , `type` = 'withdraw' , `amount` = '-1' , `balance` = '18' , `remark` = '提现申请冻结：1元' , `create_time` = 1787062055 [ RunTime:0.000930s ]
[2026-08-18T22:07:48+08:00][sql] CONNECT:[ UseTime:0.010600s ] mysql:host=127.0.0.1;port=3306;dbname=auction;charset=utf8mb4
[2026-08-18T22:07:48+08:00][sql] SHOW FULL COLUMNS FROM `goods` [ RunTime:0.001524s ]
[2026-08-18T22:07:48+08:00][sql] SELECT `id` FROM `goods` WHERE  `status` = 1  AND `end_time` <= 1787062068 [ RunTime:0.000508s ]
[2026-08-18T22:07:48+08:00][sql] SHOW FULL COLUMNS FROM `user` [ RunTime:0.000983s ]
[2026-08-18T22:07:48+08:00][sql] SELECT * FROM `user` WHERE  `id` = 21 LIMIT 1 [ RunTime:0.000689s ]
[2026-08-18T22:07:48+08:00][sql] SHOW FULL COLUMNS FROM `setting` [ RunTime:0.001140s ]
[2026-08-18T22:07:48+08:00][sql] SELECT * FROM `setting` [ RunTime:0.000515s ]
[2026-08-18T22:07:48+08:00][sql] SHOW FULL COLUMNS FROM `pay_account` [ RunTime:0.001096s ]
[2026-08-18T22:07:48+08:00][sql] SELECT * FROM `pay_account` WHERE  `user_id` = 21  AND `type` = 1 LIMIT 1 [ RunTime:0.000517s ]
[2026-08-18T22:07:48+08:00][sql] SELECT * FROM `user` WHERE  `id` = 21 LIMIT 1   FOR UPDATE [ RunTime:0.000586s ]
[2026-08-18T22:08:16+08:00][sql] CONNECT:[ UseTime:0.014049s ] mysql:host=127.0.0.1;port=3306;dbname=auction;charset=utf8mb4
[2026-08-18T22:08:16+08:00][sql] SHOW FULL COLUMNS FROM `goods` [ RunTime:0.002785s ]
[2026-08-18T22:08:16+08:00][sql] SELECT `id` FROM `goods` WHERE  `status` = 1  AND `end_time` <= 1787062096 [ RunTime:0.001018s ]
[2026-08-18T22:08:16+08:00][sql] SHOW FULL COLUMNS FROM `user` [ RunTime:0.001849s ]
[2026-08-18T22:08:16+08:00][sql] SELECT * FROM `user` WHERE  `id` = 20 LIMIT 1 [ RunTime:0.000999s ]
[2026-08-18T22:08:16+08:00][sql] SHOW FULL COLUMNS FROM `setting` [ RunTime:0.001376s ]
[2026-08-18T22:08:16+08:00][sql] SELECT * FROM `setting` [ RunTime:0.000733s ]
[2026-08-18T22:08:16+08:00][sql] SHOW FULL COLUMNS FROM `withdraw` [ RunTime:0.002616s ]
[2026-08-18T22:08:16+08:00][sql] SELECT * FROM `withdraw` WHERE  `user_id` = 20 ORDER BY `id` DESC LIMIT 20 [ RunTime:0.001499s ]
[2026-08-18T22:08:16+08:00][sql] SHOW FULL COLUMNS FROM `pay_account` [ RunTime:0.002035s ]
[2026-08-18T22:08:16+08:00][sql] SELECT * FROM `pay_account` WHERE  `user_id` = 20 [ RunTime:0.000987s ]
[2026-08-18T22:09:02+08:00][sql] CONNECT:[ UseTime:0.007662s ] mysql:host=127.0.0.1;port=3306;dbname=auction;charset=utf8mb4
[2026-08-18T22:09:02+08:00][sql] SHOW FULL COLUMNS FROM `goods` [ RunTime:0.001769s ]
[2026-08-18T22:09:02+08:00][sql] SELECT `id` FROM `goods` WHERE  `status` = 1  AND `end_time` <= 1787062142 [ RunTime:0.000757s ]
[2026-08-18T22:09:02+08:00][sql] SHOW FULL COLUMNS FROM `user` [ RunTime:0.001441s ]
[2026-08-18T22:09:02+08:00][sql] SELECT * FROM `user` WHERE  `id` = 20 LIMIT 1 [ RunTime:0.000854s ]
[2026-08-18T22:09:02+08:00][sql] SHOW FULL COLUMNS FROM `setting` [ RunTime:0.001159s ]
[2026-08-18T22:09:02+08:00][sql] SELECT * FROM `setting` [ RunTime:0.000623s ]
[2026-08-18T22:09:02+08:00][sql] SHOW FULL COLUMNS FROM `bid_record` [ RunTime:0.001237s ]
[2026-08-18T22:09:02+08:00][sql] SELECT COUNT(*) AS think_count FROM `bid_record` WHERE  `user_id` = 20 [ RunTime:0.000771s ]
[2026-08-18T22:09:02+08:00][sql] SHOW FULL COLUMNS FROM `order` [ RunTime:0.001287s ]
[2026-08-18T22:09:02+08:00][sql] SELECT COUNT(*) AS think_count FROM `order` WHERE  `buyer_id` = 20  AND `pay_status` = 1 [ RunTime:0.000735s ]
[2026-08-18T22:09:02+08:00][sql] SELECT COUNT(*) AS think_count FROM `goods` WHERE  `seller_id` = 20  AND `status` = 2 [ RunTime:0.002497s ]
[2026-08-18T22:09:02+08:00][sql] SELECT COUNT(*) AS think_count FROM `goods` WHERE  `seller_id` = 20 [ RunTime:0.000521s ]
[2026-08-18T22:09:02+08:00][sql] SELECT COUNT(*) AS think_count FROM `order` WHERE  `buyer_id` = 20  AND `pay_status` = 0  AND `order_status` = 0 [ RunTime:0.000593s ]
[2026-08-18T22:09:02+08:00][sql] SELECT COUNT(*) AS think_count FROM `order` WHERE  `seller_id` = 20  AND `order_status` = 1 [ RunTime:0.000587s ]
[2026-08-18T22:09:02+08:00][sql] SELECT COUNT(*) AS think_count FROM `order` WHERE  `buyer_id` = 20  AND `order_status` = 0  AND `pay_status` = 0 [ RunTime:0.000592s ]
[2026-08-18T22:09:02+08:00][sql] SELECT COUNT(*) AS think_count FROM `order` WHERE  `buyer_id` = 20  AND `order_status` = 1 [ RunTime:0.000544s ]
[2026-08-18T22:09:02+08:00][sql] SELECT COUNT(*) AS think_count FROM `order` WHERE  `buyer_id` = 20  AND `order_status` = 2 [ RunTime:0.000527s ]
[2026-08-18T22:09:02+08:00][sql] SELECT COUNT(*) AS think_count FROM `order` WHERE  `buyer_id` = 20  AND `order_status` = 3 [ RunTime:0.000554s ]
[2026-08-18T22:09:02+08:00][sql] SELECT COUNT(*) AS think_count FROM `order` WHERE  `seller_id` = 20  AND `order_status` = 1 [ RunTime:0.000530s ]
[2026-08-18T22:09:02+08:00][sql] SHOW FULL COLUMNS FROM `goods_favorite` [ RunTime:0.001180s ]
[2026-08-18T22:09:02+08:00][sql] SELECT COUNT(*) AS think_count FROM `goods_favorite` WHERE  `user_id` = 20 [ RunTime:0.000614s ]
[2026-08-18T22:09:02+08:00][sql] SHOW FULL COLUMNS FROM `seller_follow` [ RunTime:0.000976s ]
[2026-08-18T22:09:02+08:00][sql] SELECT COUNT(*) AS think_count FROM `seller_follow` WHERE  `user_id` = 20 [ RunTime:0.000577s ]
[2026-08-18T22:09:02+08:00][sql] SHOW FULL COLUMNS FROM `browse_history` [ RunTime:0.001020s ]
[2026-08-18T22:09:02+08:00][sql] SELECT COUNT(*) AS think_count FROM `browse_history` WHERE  `user_id` = 20 [ RunTime:0.000574s ]
[2026-08-18T22:09:02+08:00][sql] SHOW FULL COLUMNS FROM `balance_log` [ RunTime:0.000961s ]
[2026-08-18T22:09:02+08:00][sql] SELECT * FROM `balance_log` WHERE  `user_id` = 20 ORDER BY `id` DESC LIMIT 5 [ RunTime:0.000578s ]
[2026-08-18T22:09:02+08:00][sql] SELECT `b`.*,`g`.`title`,`g`.`cover`,g.status as goods_status,`g`.`end_time` FROM `bid_record` `b` LEFT JOIN `goods` `g` ON `b`.`goods_id`=`g`.`id` WHERE  `b`.`user_id` = '20' ORDER BY `b`.`id` DESC LIMIT 5 [ RunTime:0.000720s ]
[2026-08-18T22:09:02+08:00][sql] SELECT `id`,`nickname`,`mobile`,`reg_time` FROM `user` WHERE  `pid` = 20 ORDER BY `id` DESC LIMIT 10 [ RunTime:0.000522s ]
[2026-08-18T22:10:43+08:00][sql] CONNECT:[ UseTime:0.005964s ] mysql:host=127.0.0.1;port=3306;dbname=auction;charset=utf8mb4
[2026-08-18T22:10:43+08:00][sql] SHOW FULL COLUMNS FROM `goods` [ RunTime:0.001786s ]
[2026-08-18T22:10:43+08:00][sql] SELECT `id` FROM `goods` WHERE  `status` = 1  AND `end_time` <= 1787062243 [ RunTime:0.000830s ]
[2026-08-18T22:10:43+08:00][sql] SHOW FULL COLUMNS FROM `user` [ RunTime:0.001472s ]
[2026-08-18T22:10:43+08:00][sql] SELECT * FROM `user` WHERE  `id` = 20 LIMIT 1 [ RunTime:0.000832s ]
[2026-08-18T22:10:43+08:00][sql] SHOW FULL COLUMNS FROM `setting` [ RunTime:0.001239s ]
[2026-08-18T22:10:43+08:00][sql] SELECT * FROM `setting` [ RunTime:0.000695s ]
[2026-08-18T22:10:43+08:00][sql] SELECT * FROM `user` WHERE  `id` = 20 LIMIT 1 [ RunTime:0.003105s ]
[2026-08-18T22:10:43+08:00][sql] SHOW FULL COLUMNS FROM `order` [ RunTime:0.001603s ]
[2026-08-18T22:10:43+08:00][sql] SELECT COUNT(*) AS think_count FROM `order` WHERE  `buyer_id` = 20  AND `order_status` = 0  AND `pay_status` = 0 [ RunTime:0.000785s ]
[2026-08-18T22:10:43+08:00][sql] SELECT COUNT(*) AS think_count FROM `order` WHERE  `buyer_id` = 20  AND `order_status` = 3 [ RunTime:0.000801s ]
[2026-08-18T22:10:43+08:00][sql] SHOW FULL COLUMNS FROM `balance_log` [ RunTime:0.003433s ]
[2026-08-18T22:10:43+08:00][sql] SELECT * FROM `balance_log` WHERE  `user_id` = 20 ORDER BY `id` DESC LIMIT 8 [ RunTime:0.000957s ]
[2026-08-18T22:10:50+08:00][sql] CONNECT:[ UseTime:0.002557s ] mysql:host=127.0.0.1;port=3306;dbname=auction;charset=utf8mb4
[2026-08-18T22:10:50+08:00][sql] SHOW FULL COLUMNS FROM `goods` [ RunTime:0.001515s ]
[2026-08-18T22:10:50+08:00][sql] SELECT `id` FROM `goods` WHERE  `status` = 1  AND `end_time` <= 1787062250 [ RunTime:0.000837s ]
[2026-08-18T22:10:50+08:00][sql] SHOW FULL COLUMNS FROM `user` [ RunTime:0.001364s ]
[2026-08-18T22:10:50+08:00][sql] SELECT * FROM `user` WHERE  `id` = 20 LIMIT 1 [ RunTime:0.000785s ]
[2026-08-18T22:10:50+08:00][sql] SHOW FULL COLUMNS FROM `setting` [ RunTime:0.001048s ]
[2026-08-18T22:10:50+08:00][sql] SELECT * FROM `setting` [ RunTime:0.000562s ]
[2026-08-18T22:10:50+08:00][sql] SHOW FULL COLUMNS FROM `withdraw` [ RunTime:0.002794s ]
[2026-08-18T22:10:50+08:00][sql] SELECT * FROM `withdraw` WHERE  `user_id` = 20 ORDER BY `id` DESC LIMIT 20 [ RunTime:0.000715s ]
[2026-08-18T22:10:50+08:00][sql] SHOW FULL COLUMNS FROM `pay_account` [ RunTime:0.001263s ]
[2026-08-18T22:10:50+08:00][sql] SELECT * FROM `pay_account` WHERE  `user_id` = 20 [ RunTime:0.000643s ]
[2026-08-18T22:10:57+08:00][sql] CONNECT:[ UseTime:0.010615s ] mysql:host=127.0.0.1;port=3306;dbname=auction;charset=utf8mb4
[2026-08-18T22:10:57+08:00][sql] SHOW FULL COLUMNS FROM `goods` [ RunTime:0.001848s ]
[2026-08-18T22:10:57+08:00][sql] SELECT `id` FROM `goods` WHERE  `status` = 1  AND `end_time` <= 1787062257 [ RunTime:0.001000s ]
[2026-08-18T22:10:57+08:00][sql] SHOW FULL COLUMNS FROM `user` [ RunTime:0.001740s ]
[2026-08-18T22:10:57+08:00][sql] SELECT * FROM `user` WHERE  `id` = 20 LIMIT 1 [ RunTime:0.000927s ]
[2026-08-18T22:10:57+08:00][sql] SHOW FULL COLUMNS FROM `setting` [ RunTime:0.001370s ]
[2026-08-18T22:10:57+08:00][sql] SELECT * FROM `setting` [ RunTime:0.000730s ]
[2026-08-18T22:10:57+08:00][sql] SHOW FULL COLUMNS FROM `pay_account` [ RunTime:0.001298s ]
[2026-08-18T22:10:57+08:00][sql] SELECT * FROM `pay_account` WHERE  `user_id` = 20  AND `type` = 3 LIMIT 1 [ RunTime:0.000670s ]
[2026-08-18T22:10:57+08:00][sql] SELECT * FROM `user` WHERE  `id` = 20 LIMIT 1   FOR UPDATE [ RunTime:0.001288s ]
[2026-08-18T22:10:57+08:00][sql] UPDATE `user`  SET `balance` = '0' , `update_time` = 1787062257  WHERE  `id` = 20 [ RunTime:0.000969s ]
[2026-08-18T22:10:57+08:00][sql] SHOW FULL COLUMNS FROM `withdraw` [ RunTime:0.001668s ]
[2026-08-18T22:10:57+08:00][sql] INSERT INTO `withdraw` SET `user_id` = 20 , `amount` = '5000' , `fee` = '50' , `account_type` = 3 , `account` = '88888888888888888' , `account_name` = '老师' , `bank_name` = '中国银行' , `qr_code` = '' , `status` = 0 , `create_time` = 1787062257 , `update_time` = 1787062257 [ RunTime:0.001015s ]
[2026-08-18T22:10:57+08:00][sql] SHOW FULL COLUMNS FROM `balance_log` [ RunTime:0.001482s ]
[2026-08-18T22:10:57+08:00][sql] INSERT INTO `balance_log` SET `user_id` = 20 , `type` = 'withdraw' , `amount` = '-5000' , `balance` = '0' , `remark` = '提现申请冻结：5000元' , `create_time` = 1787062257 [ RunTime:0.000885s ]
[2026-08-18T22:10:58+08:00][sql] CONNECT:[ UseTime:0.013527s ] mysql:host=127.0.0.1;port=3306;dbname=auction;charset=utf8mb4
[2026-08-18T22:10:58+08:00][sql] SHOW FULL COLUMNS FROM `goods` [ RunTime:0.002237s ]
[2026-08-18T22:10:58+08:00][sql] SELECT `id` FROM `goods` WHERE  `status` = 1  AND `end_time` <= 1787062258 [ RunTime:0.001020s ]
[2026-08-18T22:10:58+08:00][sql] SHOW FULL COLUMNS FROM `user` [ RunTime:0.001896s ]
[2026-08-18T22:10:58+08:00][sql] SELECT * FROM `user` WHERE  `id` = 20 LIMIT 1 [ RunTime:0.001054s ]
[2026-08-18T22:10:58+08:00][sql] SHOW FULL COLUMNS FROM `setting` [ RunTime:0.001449s ]
[2026-08-18T22:10:58+08:00][sql] SELECT * FROM `setting` [ RunTime:0.000823s ]
[2026-08-18T22:10:58+08:00][sql] SHOW FULL COLUMNS FROM `withdraw` [ RunTime:0.004046s ]
[2026-08-18T22:10:58+08:00][sql] SELECT * FROM `withdraw` WHERE  `user_id` = 20 ORDER BY `id` DESC LIMIT 20 [ RunTime:0.001092s ]
[2026-08-18T22:10:58+08:00][sql] SHOW FULL COLUMNS FROM `pay_account` [ RunTime:0.001612s ]
[2026-08-18T22:10:58+08:00][sql] SELECT * FROM `pay_account` WHERE  `user_id` = 20 [ RunTime:0.000923s ]
[2026-08-18T22:11:12+08:00][sql] CONNECT:[ UseTime:0.008884s ] mysql:host=127.0.0.1;port=3306;dbname=auction;charset=utf8mb4
[2026-08-18T22:11:12+08:00][sql] SHOW FULL COLUMNS FROM `goods` [ RunTime:0.001455s ]
[2026-08-18T22:11:12+08:00][sql] SELECT `id` FROM `goods` WHERE  `status` = 1  AND `end_time` <= 1787062272 [ RunTime:0.001009s ]
[2026-08-18T22:11:12+08:00][sql] SHOW FULL COLUMNS FROM `user` [ RunTime:0.001839s ]
[2026-08-18T22:11:12+08:00][sql] SELECT * FROM `user` WHERE  `id` = 20 LIMIT 1 [ RunTime:0.000988s ]
[2026-08-18T22:11:12+08:00][sql] SHOW FULL COLUMNS FROM `setting` [ RunTime:0.001401s ]
[2026-08-18T22:11:12+08:00][sql] SELECT * FROM `setting` [ RunTime:0.000761s ]
[2026-08-18T22:11:12+08:00][sql] SHOW FULL COLUMNS FROM `pay_account` [ RunTime:0.001578s ]
[2026-08-18T22:11:12+08:00][sql] SELECT * FROM `pay_account` WHERE  `user_id` = 20  AND `type` = 3 LIMIT 1 [ RunTime:0.000907s ]
[2026-08-18T22:11:12+08:00][sql] SELECT * FROM `user` WHERE  `id` = 20 LIMIT 1   FOR UPDATE [ RunTime:0.001048s ]
[2026-08-18T22:11:28+08:00][sql] CONNECT:[ UseTime:0.001650s ] mysql:host=127.0.0.1;port=3306;dbname=auction;charset=utf8mb4
[2026-08-18T22:11:28+08:00][sql] SHOW FULL COLUMNS FROM `goods` [ RunTime:0.001507s ]
[2026-08-18T22:11:28+08:00][sql] SELECT `id` FROM `goods` WHERE  `status` = 1  AND `end_time` <= 1787062288 [ RunTime:0.000720s ]
[2026-08-18T22:11:28+08:00][sql] SHOW FULL COLUMNS FROM `user` [ RunTime:0.001265s ]
[2026-08-18T22:11:28+08:00][sql] SELECT * FROM `user` WHERE  `id` = 20 LIMIT 1 [ RunTime:0.000789s ]
[2026-08-18T22:11:28+08:00][sql] SHOW FULL COLUMNS FROM `setting` [ RunTime:0.001078s ]
[2026-08-18T22:11:28+08:00][sql] SELECT * FROM `setting` [ RunTime:0.000598s ]
[2026-08-18T22:11:28+08:00][sql] SHOW FULL COLUMNS FROM `withdraw` [ RunTime:0.001195s ]
[2026-08-18T22:11:28+08:00][sql] SELECT * FROM `withdraw` WHERE  `user_id` = 20 ORDER BY `id` DESC LIMIT 20 [ RunTime:0.000758s ]
[2026-08-18T22:11:28+08:00][sql] SHOW FULL COLUMNS FROM `pay_account` [ RunTime:0.001155s ]
[2026-08-18T22:11:28+08:00][sql] SELECT * FROM `pay_account` WHERE  `user_id` = 20 [ RunTime:0.001123s ]
[2026-08-18T22:11:39+08:00][sql] CONNECT:[ UseTime:0.019057s ] mysql:host=127.0.0.1;port=3306;dbname=auction;charset=utf8mb4
[2026-08-18T22:11:39+08:00][sql] SHOW FULL COLUMNS FROM `goods` [ RunTime:0.002334s ]
[2026-08-18T22:11:39+08:00][sql] SELECT `id` FROM `goods` WHERE  `status` = 1  AND `end_time` <= 1787062299 [ RunTime:0.001075s ]
[2026-08-18T22:11:39+08:00][sql] SHOW FULL COLUMNS FROM `user` [ RunTime:0.001867s ]
[2026-08-18T22:11:39+08:00][sql] SELECT * FROM `user` WHERE  `id` = 20 LIMIT 1 [ RunTime:0.001084s ]
[2026-08-18T22:11:39+08:00][sql] SHOW FULL COLUMNS FROM `setting` [ RunTime:0.001528s ]
[2026-08-18T22:11:39+08:00][sql] SELECT * FROM `setting` [ RunTime:0.000808s ]
[2026-08-18T22:11:39+08:00][sql] SHOW FULL COLUMNS FROM `bid_record` [ RunTime:0.001674s ]
[2026-08-18T22:11:39+08:00][sql] SELECT COUNT(*) AS think_count FROM `bid_record` WHERE  `user_id` = 20 [ RunTime:0.000979s ]
[2026-08-18T22:11:39+08:00][sql] SHOW FULL COLUMNS FROM `order` [ RunTime:0.001769s ]
[2026-08-18T22:11:39+08:00][sql] SELECT COUNT(*) AS think_count FROM `order` WHERE  `buyer_id` = 20  AND `pay_status` = 1 [ RunTime:0.000980s ]
[2026-08-18T22:11:39+08:00][sql] SELECT COUNT(*) AS think_count FROM `goods` WHERE  `seller_id` = 20  AND `status` = 2 [ RunTime:0.002869s ]
[2026-08-18T22:11:39+08:00][sql] SELECT COUNT(*) AS think_count FROM `goods` WHERE  `seller_id` = 20 [ RunTime:0.000843s ]
[2026-08-18T22:11:39+08:00][sql] SELECT COUNT(*) AS think_count FROM `order` WHERE  `buyer_id` = 20  AND `pay_status` = 0  AND `order_status` = 0 [ RunTime:0.000858s ]
[2026-08-18T22:11:39+08:00][sql] SELECT COUNT(*) AS think_count FROM `order` WHERE  `seller_id` = 20  AND `order_status` = 1 [ RunTime:0.000865s ]
[2026-08-18T22:11:39+08:00][sql] SELECT COUNT(*) AS think_count FROM `order` WHERE  `buyer_id` = 20  AND `order_status` = 0  AND `pay_status` = 0 [ RunTime:0.000824s ]
[2026-08-18T22:11:39+08:00][sql] SELECT COUNT(*) AS think_count FROM `order` WHERE  `buyer_id` = 20  AND `order_status` = 1 [ RunTime:0.000755s ]
[2026-08-18T22:11:39+08:00][sql] SELECT COUNT(*) AS think_count FROM `order` WHERE  `buyer_id` = 20  AND `order_status` = 2 [ RunTime:0.000793s ]
[2026-08-18T22:11:39+08:00][sql] SELECT COUNT(*) AS think_count FROM `order` WHERE  `buyer_id` = 20  AND `order_status` = 3 [ RunTime:0.000884s ]
[2026-08-18T22:11:39+08:00][sql] SELECT COUNT(*) AS think_count FROM `order` WHERE  `seller_id` = 20  AND `order_status` = 1 [ RunTime:0.000870s ]
[2026-08-18T22:11:39+08:00][sql] SHOW FULL COLUMNS FROM `goods_favorite` [ RunTime:0.001366s ]
[2026-08-18T22:11:39+08:00][sql] SELECT COUNT(*) AS think_count FROM `goods_favorite` WHERE  `user_id` = 20 [ RunTime:0.000916s ]
[2026-08-18T22:11:39+08:00][sql] SHOW FULL COLUMNS FROM `seller_follow` [ RunTime:0.001529s ]
[2026-08-18T22:11:39+08:00][sql] SELECT COUNT(*) AS think_count FROM `seller_follow` WHERE  `user_id` = 20 [ RunTime:0.000875s ]
[2026-08-18T22:11:39+08:00][sql] SHOW FULL COLUMNS FROM `browse_history` [ RunTime:0.001495s ]
[2026-08-18T22:11:39+08:00][sql] SELECT COUNT(*) AS think_count FROM `browse_history` WHERE  `user_id` = 20 [ RunTime:0.000864s ]
[2026-08-18T22:11:39+08:00][sql] SHOW FULL COLUMNS FROM `balance_log` [ RunTime:0.001452s ]
[2026-08-18T22:11:39+08:00][sql] SELECT * FROM `balance_log` WHERE  `user_id` = 20 ORDER BY `id` DESC LIMIT 5 [ RunTime:0.001011s ]
[2026-08-18T22:11:39+08:00][sql] SELECT `b`.*,`g`.`title`,`g`.`cover`,g.status as goods_status,`g`.`end_time` FROM `bid_record` `b` LEFT JOIN `goods` `g` ON `b`.`goods_id`=`g`.`id` WHERE  `b`.`user_id` = '20' ORDER BY `b`.`id` DESC LIMIT 5 [ RunTime:0.000897s ]
[2026-08-18T22:11:39+08:00][sql] SELECT `id`,`nickname`,`mobile`,`reg_time` FROM `user` WHERE  `pid` = 20 ORDER BY `id` DESC LIMIT 10 [ RunTime:0.000798s ]
[2026-08-18T22:13:40+08:00][sql] CONNECT:[ UseTime:0.014697s ] mysql:host=127.0.0.1;port=3306;dbname=auction;charset=utf8mb4
[2026-08-18T22:13:40+08:00][sql] SHOW FULL COLUMNS FROM `goods` [ RunTime:0.001644s ]
[2026-08-18T22:13:40+08:00][sql] SELECT `id` FROM `goods` WHERE  `status` = 1  AND `end_time` <= 1787062420 [ RunTime:0.000777s ]
[2026-08-18T22:13:40+08:00][sql] SHOW FULL COLUMNS FROM `user` [ RunTime:0.001445s ]
[2026-08-18T22:13:40+08:00][sql] SELECT * FROM `user` WHERE  `id` = 20 LIMIT 1 [ RunTime:0.000889s ]
[2026-08-18T22:13:40+08:00][sql] SHOW FULL COLUMNS FROM `setting` [ RunTime:0.001236s ]
[2026-08-18T22:13:40+08:00][sql] SELECT * FROM `setting` [ RunTime:0.000655s ]
[2026-08-18T22:13:40+08:00][sql] SHOW FULL COLUMNS FROM `bid_record` [ RunTime:0.001252s ]
[2026-08-18T22:13:40+08:00][sql] SELECT COUNT(*) AS think_count FROM `bid_record` WHERE  `user_id` = 20 [ RunTime:0.001206s ]
[2026-08-18T22:13:40+08:00][sql] SHOW FULL COLUMNS FROM `order` [ RunTime:0.002389s ]
[2026-08-18T22:13:40+08:00][sql] SELECT COUNT(*) AS think_count FROM `order` WHERE  `buyer_id` = 20  AND `pay_status` = 1 [ RunTime:0.001030s ]
[2026-08-18T22:13:40+08:00][sql] SELECT COUNT(*) AS think_count FROM `goods` WHERE  `seller_id` = 20  AND `status` = 2 [ RunTime:0.002809s ]
[2026-08-18T22:13:40+08:00][sql] SELECT COUNT(*) AS think_count FROM `goods` WHERE  `seller_id` = 20 [ RunTime:0.000778s ]
[2026-08-18T22:13:40+08:00][sql] SELECT COUNT(*) AS think_count FROM `order` WHERE  `buyer_id` = 20  AND `pay_status` = 0  AND `order_status` = 0 [ RunTime:0.000848s ]
[2026-08-18T22:13:40+08:00][sql] SELECT COUNT(*) AS think_count FROM `order` WHERE  `seller_id` = 20  AND `order_status` = 1 [ RunTime:0.000615s ]
[2026-08-18T22:13:40+08:00][sql] SELECT COUNT(*) AS think_count FROM `order` WHERE  `buyer_id` = 20  AND `order_status` = 0  AND `pay_status` = 0 [ RunTime:0.000644s ]
[2026-08-18T22:13:40+08:00][sql] SELECT COUNT(*) AS think_count FROM `order` WHERE  `buyer_id` = 20  AND `order_status` = 1 [ RunTime:0.000686s ]
[2026-08-18T22:13:40+08:00][sql] SELECT COUNT(*) AS think_count FROM `order` WHERE  `buyer_id` = 20  AND `order_status` = 2 [ RunTime:0.000690s ]
[2026-08-18T22:13:40+08:00][sql] SELECT COUNT(*) AS think_count FROM `order` WHERE  `buyer_id` = 20  AND `order_status` = 3 [ RunTime:0.000674s ]
[2026-08-18T22:13:40+08:00][sql] SELECT COUNT(*) AS think_count FROM `order` WHERE  `seller_id` = 20  AND `order_status` = 1 [ RunTime:0.000666s ]
[2026-08-18T22:13:40+08:00][sql] SHOW FULL COLUMNS FROM `goods_favorite` [ RunTime:0.001650s ]
[2026-08-18T22:13:40+08:00][sql] SELECT COUNT(*) AS think_count FROM `goods_favorite` WHERE  `user_id` = 20 [ RunTime:0.000724s ]
[2026-08-18T22:13:40+08:00][sql] SHOW FULL COLUMNS FROM `seller_follow` [ RunTime:0.001435s ]
[2026-08-18T22:13:40+08:00][sql] SELECT COUNT(*) AS think_count FROM `seller_follow` WHERE  `user_id` = 20 [ RunTime:0.000854s ]
[2026-08-18T22:13:40+08:00][sql] SHOW FULL COLUMNS FROM `browse_history` [ RunTime:0.001250s ]
[2026-08-18T22:13:40+08:00][sql] SELECT COUNT(*) AS think_count FROM `browse_history` WHERE  `user_id` = 20 [ RunTime:0.000768s ]
[2026-08-18T22:13:40+08:00][sql] SHOW FULL COLUMNS FROM `balance_log` [ RunTime:0.001233s ]
[2026-08-18T22:13:40+08:00][sql] SELECT * FROM `balance_log` WHERE  `user_id` = 20 ORDER BY `id` DESC LIMIT 5 [ RunTime:0.000903s ]
[2026-08-18T22:13:40+08:00][sql] SELECT `b`.*,`g`.`title`,`g`.`cover`,g.status as goods_status,`g`.`end_time` FROM `bid_record` `b` LEFT JOIN `goods` `g` ON `b`.`goods_id`=`g`.`id` WHERE  `b`.`user_id` = '20' ORDER BY `b`.`id` DESC LIMIT 5 [ RunTime:0.000856s ]
[2026-08-18T22:13:40+08:00][sql] SELECT `id`,`nickname`,`mobile`,`reg_time` FROM `user` WHERE  `pid` = 20 ORDER BY `id` DESC LIMIT 10 [ RunTime:0.000834s ]
[2026-08-18T22:13:49+08:00][sql] CONNECT:[ UseTime:0.008811s ] mysql:host=127.0.0.1;port=3306;dbname=auction;charset=utf8mb4
[2026-08-18T22:13:49+08:00][sql] SHOW FULL COLUMNS FROM `goods` [ RunTime:0.001536s ]
[2026-08-18T22:13:49+08:00][sql] SELECT `id` FROM `goods` WHERE  `status` = 1  AND `end_time` <= 1787062429 [ RunTime:0.000823s ]
[2026-08-18T22:13:49+08:00][sql] SHOW FULL COLUMNS FROM `user` [ RunTime:0.001472s ]
[2026-08-18T22:13:49+08:00][sql] SELECT * FROM `user` WHERE  `id` = 20 LIMIT 1 [ RunTime:0.001689s ]
[2026-08-18T22:13:49+08:00][sql] SHOW FULL COLUMNS FROM `setting` [ RunTime:0.001344s ]
[2026-08-18T22:13:49+08:00][sql] SELECT * FROM `setting` [ RunTime:0.000782s ]
[2026-08-18T22:13:49+08:00][sql] SHOW FULL COLUMNS FROM `message` [ RunTime:0.001444s ]
[2026-08-18T22:13:49+08:00][sql] SELECT `m`.*,u.nickname as other_name,u.avatar as other_avatar,u.shop_name as other_shop,g.title as goods_title FROM `message` `m` LEFT JOIN `user` `u` ON `m`.`to_uid`=`u`.`id` LEFT JOIN `goods` `g` ON `m`.`goods_id`=`g`.`id` WHERE  `m`.`from_uid` = '20' ORDER BY `m`.`id` DESC [ RunTime:0.001207s ]
[2026-08-18T22:13:49+08:00][sql] SELECT COUNT(*) AS think_count FROM `message` WHERE  `goods_id` = 28  AND `from_uid` = 25  AND `to_uid` = 20  AND `is_read` = 0 [ RunTime:0.001311s ]
[2026-08-18T22:13:49+08:00][sql] SELECT `m`.*,u.nickname as other_name,u.avatar as other_avatar,u.shop_name as other_shop,g.title as goods_title FROM `message` `m` LEFT JOIN `user` `u` ON `m`.`from_uid`=`u`.`id` LEFT JOIN `goods` `g` ON `m`.`goods_id`=`g`.`id` WHERE  `m`.`to_uid` = '20' ORDER BY `m`.`id` DESC [ RunTime:0.001434s ]
[2026-08-18T22:13:49+08:00][sql] SELECT COUNT(*) AS think_count FROM `message` WHERE  `goods_id` = 28  AND `from_uid` = 25  AND `to_uid` = 20  AND `is_read` = 0 [ RunTime:0.000737s ]
[2026-08-18T22:13:51+08:00][sql] CONNECT:[ UseTime:0.013770s ] mysql:host=127.0.0.1;port=3306;dbname=auction;charset=utf8mb4
[2026-08-18T22:13:51+08:00][sql] SHOW FULL COLUMNS FROM `goods` [ RunTime:0.001557s ]
[2026-08-18T22:13:51+08:00][sql] SELECT `id` FROM `goods` WHERE  `status` = 1  AND `end_time` <= 1787062431 [ RunTime:0.000814s ]
[2026-08-18T22:13:51+08:00][sql] SHOW FULL COLUMNS FROM `user` [ RunTime:0.001415s ]
[2026-08-18T22:13:51+08:00][sql] SELECT * FROM `user` WHERE  `id` = 20 LIMIT 1 [ RunTime:0.000832s ]
[2026-08-18T22:13:51+08:00][sql] SHOW FULL COLUMNS FROM `setting` [ RunTime:0.001197s ]
[2026-08-18T22:13:51+08:00][sql] SELECT * FROM `setting` [ RunTime:0.000675s ]
[2026-08-18T22:13:51+08:00][sql] SHOW FULL COLUMNS FROM `message` [ RunTime:0.001394s ]
[2026-08-18T22:13:51+08:00][sql] SELECT `m`.*,u.nickname as other_name,u.avatar as other_avatar,u.shop_name as other_shop,g.title as goods_title FROM `message` `m` LEFT JOIN `user` `u` ON `m`.`to_uid`=`u`.`id` LEFT JOIN `goods` `g` ON `m`.`goods_id`=`g`.`id` WHERE  `m`.`from_uid` = '20' ORDER BY `m`.`id` DESC [ RunTime:0.001137s ]
[2026-08-18T22:13:51+08:00][sql] SELECT COUNT(*) AS think_count FROM `message` WHERE  `goods_id` = 28  AND `from_uid` = 25  AND `to_uid` = 20  AND `is_read` = 0 [ RunTime:0.000839s ]
[2026-08-18T22:13:51+08:00][sql] SELECT `m`.*,u.nickname as other_name,u.avatar as other_avatar,u.shop_name as other_shop,g.title as goods_title FROM `message` `m` LEFT JOIN `user` `u` ON `m`.`from_uid`=`u`.`id` LEFT JOIN `goods` `g` ON `m`.`goods_id`=`g`.`id` WHERE  `m`.`to_uid` = '20' ORDER BY `m`.`id` DESC [ RunTime:0.001037s ]
[2026-08-18T22:13:51+08:00][sql] SELECT COUNT(*) AS think_count FROM `message` WHERE  `goods_id` = 28  AND `from_uid` = 25  AND `to_uid` = 20  AND `is_read` = 0 [ RunTime:0.000638s ]
[2026-08-18T22:13:52+08:00][sql] CONNECT:[ UseTime:0.014023s ] mysql:host=127.0.0.1;port=3306;dbname=auction;charset=utf8mb4
[2026-08-18T22:13:52+08:00][sql] SHOW FULL COLUMNS FROM `goods` [ RunTime:0.001802s ]
[2026-08-18T22:13:52+08:00][sql] SELECT `id` FROM `goods` WHERE  `status` = 1  AND `end_time` <= 1787062432 [ RunTime:0.000940s ]
[2026-08-18T22:13:52+08:00][sql] SHOW FULL COLUMNS FROM `user` [ RunTime:0.001609s ]
[2026-08-18T22:13:52+08:00][sql] SELECT * FROM `user` WHERE  `id` = 20 LIMIT 1 [ RunTime:0.001008s ]
[2026-08-18T22:13:52+08:00][sql] SHOW FULL COLUMNS FROM `setting` [ RunTime:0.001329s ]
[2026-08-18T22:13:52+08:00][sql] SELECT * FROM `setting` [ RunTime:0.000842s ]
[2026-08-18T22:13:52+08:00][sql] SHOW FULL COLUMNS FROM `message` [ RunTime:0.001529s ]
[2026-08-18T22:13:52+08:00][sql] SELECT `m`.*,u.nickname as other_name,u.avatar as other_avatar,u.shop_name as other_shop,g.title as goods_title FROM `message` `m` LEFT JOIN `user` `u` ON `m`.`to_uid`=`u`.`id` LEFT JOIN `goods` `g` ON `m`.`goods_id`=`g`.`id` WHERE  `m`.`from_uid` = '20' ORDER BY `m`.`id` DESC [ RunTime:0.001189s ]
[2026-08-18T22:13:52+08:00][sql] SELECT COUNT(*) AS think_count FROM `message` WHERE  `goods_id` = 28  AND `from_uid` = 25  AND `to_uid` = 20  AND `is_read` = 0 [ RunTime:0.000903s ]
[2026-08-18T22:13:52+08:00][sql] SELECT `m`.*,u.nickname as other_name,u.avatar as other_avatar,u.shop_name as other_shop,g.title as goods_title FROM `message` `m` LEFT JOIN `user` `u` ON `m`.`from_uid`=`u`.`id` LEFT JOIN `goods` `g` ON `m`.`goods_id`=`g`.`id` WHERE  `m`.`to_uid` = '20' ORDER BY `m`.`id` DESC [ RunTime:0.000742s ]
[2026-08-18T22:13:52+08:00][sql] SELECT COUNT(*) AS think_count FROM `message` WHERE  `goods_id` = 28  AND `from_uid` = 25  AND `to_uid` = 20  AND `is_read` = 0 [ RunTime:0.000901s ]
[2026-08-18T22:13:53+08:00][sql] CONNECT:[ UseTime:0.019587s ] mysql:host=127.0.0.1;port=3306;dbname=auction;charset=utf8mb4
[2026-08-18T22:13:53+08:00][sql] SHOW FULL COLUMNS FROM `goods` [ RunTime:0.001404s ]
[2026-08-18T22:13:53+08:00][sql] SELECT `id` FROM `goods` WHERE  `status` = 1  AND `end_time` <= 1787062433 [ RunTime:0.000986s ]
[2026-08-18T22:13:53+08:00][sql] SHOW FULL COLUMNS FROM `user` [ RunTime:0.001639s ]
[2026-08-18T22:13:53+08:00][sql] SELECT * FROM `user` WHERE  `id` = 20 LIMIT 1 [ RunTime:0.000999s ]
[2026-08-18T22:13:53+08:00][sql] SHOW FULL COLUMNS FROM `setting` [ RunTime:0.001432s ]
[2026-08-18T22:13:53+08:00][sql] SELECT * FROM `setting` [ RunTime:0.000830s ]
[2026-08-18T22:13:53+08:00][sql] SHOW FULL COLUMNS FROM `message` [ RunTime:0.001557s ]
[2026-08-18T22:13:53+08:00][sql] SELECT `m`.*,u.nickname as other_name,u.avatar as other_avatar,u.shop_name as other_shop,g.title as goods_title FROM `message` `m` LEFT JOIN `user` `u` ON `m`.`to_uid`=`u`.`id` LEFT JOIN `goods` `g` ON `m`.`goods_id`=`g`.`id` WHERE  `m`.`from_uid` = '20' ORDER BY `m`.`id` DESC [ RunTime:0.001170s ]
[2026-08-18T22:13:53+08:00][sql] SELECT COUNT(*) AS think_count FROM `message` WHERE  `goods_id` = 28  AND `from_uid` = 25  AND `to_uid` = 20  AND `is_read` = 0 [ RunTime:0.000927s ]
[2026-08-18T22:13:53+08:00][sql] SELECT `m`.*,u.nickname as other_name,u.avatar as other_avatar,u.shop_name as other_shop,g.title as goods_title FROM `message` `m` LEFT JOIN `user` `u` ON `m`.`from_uid`=`u`.`id` LEFT JOIN `goods` `g` ON `m`.`goods_id`=`g`.`id` WHERE  `m`.`to_uid` = '20' ORDER BY `m`.`id` DESC [ RunTime:0.000935s ]
[2026-08-18T22:13:53+08:00][sql] SELECT COUNT(*) AS think_count FROM `message` WHERE  `goods_id` = 28  AND `from_uid` = 25  AND `to_uid` = 20  AND `is_read` = 0 [ RunTime:0.000720s ]
[2026-08-18T22:13:54+08:00][sql] CONNECT:[ UseTime:0.002226s ] mysql:host=127.0.0.1;port=3306;dbname=auction;charset=utf8mb4
[2026-08-18T22:13:54+08:00][sql] SHOW FULL COLUMNS FROM `goods` [ RunTime:0.001754s ]
[2026-08-18T22:13:54+08:00][sql] SELECT `id` FROM `goods` WHERE  `status` = 1  AND `end_time` <= 1787062434 [ RunTime:0.000930s ]
[2026-08-18T22:13:54+08:00][sql] SHOW FULL COLUMNS FROM `user` [ RunTime:0.001834s ]
[2026-08-18T22:13:54+08:00][sql] SELECT * FROM `user` WHERE  `id` = 20 LIMIT 1 [ RunTime:0.001027s ]
[2026-08-18T22:13:54+08:00][sql] SHOW FULL COLUMNS FROM `setting` [ RunTime:0.001435s ]
[2026-08-18T22:13:54+08:00][sql] SELECT * FROM `setting` [ RunTime:0.000758s ]
[2026-08-18T22:13:54+08:00][sql] SHOW FULL COLUMNS FROM `message` [ RunTime:0.001434s ]
[2026-08-18T22:13:54+08:00][sql] SELECT `m`.*,u.nickname as other_name,u.avatar as other_avatar,u.shop_name as other_shop,g.title as goods_title FROM `message` `m` LEFT JOIN `user` `u` ON `m`.`to_uid`=`u`.`id` LEFT JOIN `goods` `g` ON `m`.`goods_id`=`g`.`id` WHERE  `m`.`from_uid` = '20' ORDER BY `m`.`id` DESC [ RunTime:0.001069s ]
[2026-08-18T22:13:54+08:00][sql] SELECT COUNT(*) AS think_count FROM `message` WHERE  `goods_id` = 28  AND `from_uid` = 25  AND `to_uid` = 20  AND `is_read` = 0 [ RunTime:0.000834s ]
[2026-08-18T22:13:54+08:00][sql] SELECT `m`.*,u.nickname as other_name,u.avatar as other_avatar,u.shop_name as other_shop,g.title as goods_title FROM `message` `m` LEFT JOIN `user` `u` ON `m`.`from_uid`=`u`.`id` LEFT JOIN `goods` `g` ON `m`.`goods_id`=`g`.`id` WHERE  `m`.`to_uid` = '20' ORDER BY `m`.`id` DESC [ RunTime:0.000900s ]
[2026-08-18T22:13:54+08:00][sql] SELECT COUNT(*) AS think_count FROM `message` WHERE  `goods_id` = 28  AND `from_uid` = 25  AND `to_uid` = 20  AND `is_read` = 0 [ RunTime:0.000700s ]
[2026-08-18T22:13:57+08:00][sql] CONNECT:[ UseTime:0.025780s ] mysql:host=127.0.0.1;port=3306;dbname=auction;charset=utf8mb4
[2026-08-18T22:13:57+08:00][sql] SHOW FULL COLUMNS FROM `goods` [ RunTime:0.001789s ]
[2026-08-18T22:13:57+08:00][sql] SELECT `id` FROM `goods` WHERE  `status` = 1  AND `end_time` <= 1787062437 [ RunTime:0.000902s ]
[2026-08-18T22:13:57+08:00][sql] SHOW FULL COLUMNS FROM `user` [ RunTime:0.001922s ]
[2026-08-18T22:13:57+08:00][sql] SELECT * FROM `user` WHERE  `id` = 20 LIMIT 1 [ RunTime:0.000955s ]
[2026-08-18T22:13:57+08:00][sql] SHOW FULL COLUMNS FROM `setting` [ RunTime:0.001357s ]
[2026-08-18T22:13:57+08:00][sql] SELECT * FROM `setting` [ RunTime:0.000740s ]
[2026-08-18T22:13:57+08:00][sql] SHOW FULL COLUMNS FROM `bid_record` [ RunTime:0.001443s ]
[2026-08-18T22:13:57+08:00][sql] SELECT COUNT(*) AS think_count FROM `bid_record` WHERE  `user_id` = 20 [ RunTime:0.001033s ]
[2026-08-18T22:13:57+08:00][sql] SHOW FULL COLUMNS FROM `order` [ RunTime:0.001656s ]
[2026-08-18T22:13:57+08:00][sql] SELECT COUNT(*) AS think_count FROM `order` WHERE  `buyer_id` = 20  AND `pay_status` = 1 [ RunTime:0.000803s ]
[2026-08-18T22:13:57+08:00][sql] SELECT COUNT(*) AS think_count FROM `goods` WHERE  `seller_id` = 20  AND `status` = 2 [ RunTime:0.002341s ]
[2026-08-18T22:13:57+08:00][sql] SELECT COUNT(*) AS think_count FROM `goods` WHERE  `seller_id` = 20 [ RunTime:0.000654s ]
[2026-08-18T22:13:57+08:00][sql] SELECT COUNT(*) AS think_count FROM `order` WHERE  `buyer_id` = 20  AND `pay_status` = 0  AND `order_status` = 0 [ RunTime:0.000751s ]
[2026-08-18T22:13:57+08:00][sql] SELECT COUNT(*) AS think_count FROM `order` WHERE  `seller_id` = 20  AND `order_status` = 1 [ RunTime:0.000949s ]
[2026-08-18T22:13:57+08:00][sql] SELECT COUNT(*) AS think_count FROM `order` WHERE  `buyer_id` = 20  AND `order_status` = 0  AND `pay_status` = 0 [ RunTime:0.001035s ]
[2026-08-18T22:13:57+08:00][sql] SELECT COUNT(*) AS think_count FROM `order` WHERE  `buyer_id` = 20  AND `order_status` = 1 [ RunTime:0.000788s ]
[2026-08-18T22:13:57+08:00][sql] SELECT COUNT(*) AS think_count FROM `order` WHERE  `buyer_id` = 20  AND `order_status` = 2 [ RunTime:0.000754s ]
[2026-08-18T22:13:57+08:00][sql] SELECT COUNT(*) AS think_count FROM `order` WHERE  `buyer_id` = 20  AND `order_status` = 3 [ RunTime:0.000717s ]
[2026-08-18T22:13:57+08:00][sql] SELECT COUNT(*) AS think_count FROM `order` WHERE  `seller_id` = 20  AND `order_status` = 1 [ RunTime:0.000745s ]
[2026-08-18T22:13:57+08:00][sql] SHOW FULL COLUMNS FROM `goods_favorite` [ RunTime:0.001479s ]
[2026-08-18T22:13:57+08:00][sql] SELECT COUNT(*) AS think_count FROM `goods_favorite` WHERE  `user_id` = 20 [ RunTime:0.000824s ]
[2026-08-18T22:13:57+08:00][sql] SHOW FULL COLUMNS FROM `seller_follow` [ RunTime:0.001634s ]
[2026-08-18T22:13:57+08:00][sql] SELECT COUNT(*) AS think_count FROM `seller_follow` WHERE  `user_id` = 20 [ RunTime:0.000911s ]
[2026-08-18T22:13:57+08:00][sql] SHOW FULL COLUMNS FROM `browse_history` [ RunTime:0.001270s ]
[2026-08-18T22:13:57+08:00][sql] SELECT COUNT(*) AS think_count FROM `browse_history` WHERE  `user_id` = 20 [ RunTime:0.000657s ]
[2026-08-18T22:13:57+08:00][sql] SHOW FULL COLUMNS FROM `balance_log` [ RunTime:0.001310s ]
[2026-08-18T22:13:57+08:00][sql] SELECT * FROM `balance_log` WHERE  `user_id` = 20 ORDER BY `id` DESC LIMIT 5 [ RunTime:0.000857s ]
[2026-08-18T22:13:57+08:00][sql] SELECT `b`.*,`g`.`title`,`g`.`cover`,g.status as goods_status,`g`.`end_time` FROM `bid_record` `b` LEFT JOIN `goods` `g` ON `b`.`goods_id`=`g`.`id` WHERE  `b`.`user_id` = '20' ORDER BY `b`.`id` DESC LIMIT 5 [ RunTime:0.000872s ]
[2026-08-18T22:13:57+08:00][sql] SELECT `id`,`nickname`,`mobile`,`reg_time` FROM `user` WHERE  `pid` = 20 ORDER BY `id` DESC LIMIT 10 [ RunTime:0.000781s ]
[2026-08-18T22:14:00+08:00][sql] CONNECT:[ UseTime:0.011656s ] mysql:host=127.0.0.1;port=3306;dbname=auction;charset=utf8mb4
[2026-08-18T22:14:00+08:00][sql] SHOW FULL COLUMNS FROM `goods` [ RunTime:0.001715s ]
[2026-08-18T22:14:00+08:00][sql] SELECT `id` FROM `goods` WHERE  `status` = 1  AND `end_time` <= 1787062440 [ RunTime:0.000995s ]
[2026-08-18T22:14:00+08:00][sql] SHOW FULL COLUMNS FROM `user` [ RunTime:0.001613s ]
[2026-08-18T22:14:00+08:00][sql] SELECT * FROM `user` WHERE  `id` = 20 LIMIT 1 [ RunTime:0.000974s ]
[2026-08-18T22:14:00+08:00][sql] SHOW FULL COLUMNS FROM `setting` [ RunTime:0.001299s ]
[2026-08-18T22:14:00+08:00][sql] SELECT * FROM `setting` [ RunTime:0.000749s ]
[2026-08-18T22:14:00+08:00][sql] SHOW FULL COLUMNS FROM `message` [ RunTime:0.001658s ]
[2026-08-18T22:14:00+08:00][sql] SELECT `m`.*,u.nickname as other_name,u.avatar as other_avatar,u.shop_name as other_shop,g.title as goods_title FROM `message` `m` LEFT JOIN `user` `u` ON `m`.`to_uid`=`u`.`id` LEFT JOIN `goods` `g` ON `m`.`goods_id`=`g`.`id` WHERE  `m`.`from_uid` = '20' ORDER BY `m`.`id` DESC [ RunTime:0.001189s ]
[2026-08-18T22:14:00+08:00][sql] SELECT COUNT(*) AS think_count FROM `message` WHERE  `goods_id` = 28  AND `from_uid` = 25  AND `to_uid` = 20  AND `is_read` = 0 [ RunTime:0.000745s ]
[2026-08-18T22:14:00+08:00][sql] SELECT `m`.*,u.nickname as other_name,u.avatar as other_avatar,u.shop_name as other_shop,g.title as goods_title FROM `message` `m` LEFT JOIN `user` `u` ON `m`.`from_uid`=`u`.`id` LEFT JOIN `goods` `g` ON `m`.`goods_id`=`g`.`id` WHERE  `m`.`to_uid` = '20' ORDER BY `m`.`id` DESC [ RunTime:0.000756s ]
[2026-08-18T22:14:00+08:00][sql] SELECT COUNT(*) AS think_count FROM `message` WHERE  `goods_id` = 28  AND `from_uid` = 25  AND `to_uid` = 20  AND `is_read` = 0 [ RunTime:0.000826s ]
[2026-08-18T22:14:10+08:00][sql] CONNECT:[ UseTime:0.022996s ] mysql:host=127.0.0.1;port=3306;dbname=auction;charset=utf8mb4
[2026-08-18T22:14:10+08:00][sql] SHOW FULL COLUMNS FROM `goods` [ RunTime:0.002200s ]
[2026-08-18T22:14:10+08:00][sql] SELECT `id` FROM `goods` WHERE  `status` = 1  AND `end_time` <= 1787062450 [ RunTime:0.001276s ]
[2026-08-18T22:14:10+08:00][sql] SHOW FULL COLUMNS FROM `user` [ RunTime:0.002226s ]
[2026-08-18T22:14:10+08:00][sql] SELECT * FROM `user` WHERE  `id` = 20 LIMIT 1 [ RunTime:0.001338s ]
[2026-08-18T22:14:10+08:00][sql] SHOW FULL COLUMNS FROM `setting` [ RunTime:0.002034s ]
[2026-08-18T22:14:10+08:00][sql] SELECT * FROM `setting` [ RunTime:0.001028s ]
[2026-08-18T22:14:10+08:00][sql] SELECT COUNT(*) AS think_count FROM `goods` `g` LEFT JOIN `user` `u` ON `g`.`seller_id`=`u`.`id` WHERE  `g`.`status` = '1'  AND `g`.`start_time` <= '1787062450'  AND `g`.`end_time` > '1787062450' [ RunTime:0.000979s ]
[2026-08-18T22:14:10+08:00][sql] SELECT `g`.*,u.nickname as seller_name FROM `goods` `g` LEFT JOIN `user` `u` ON `g`.`seller_id`=`u`.`id` WHERE  `g`.`status` = '1'  AND `g`.`start_time` <= '1787062450'  AND `g`.`end_time` > '1787062450' ORDER BY `g`.`end_time` ASC,`g`.`id` DESC LIMIT 0,10 [ RunTime:0.001052s ]
[2026-08-18T22:14:10+08:00][sql] SHOW FULL COLUMNS FROM `bid_record` [ RunTime:0.001944s ]
[2026-08-18T22:14:10+08:00][sql] SELECT MAX(`price`) AS think_max FROM `bid_record` WHERE  `goods_id` = 28  AND `status` = 0 [ RunTime:0.001245s ]
[2026-08-18T22:14:10+08:00][sql] SHOW FULL COLUMNS FROM `category` [ RunTime:0.001910s ]
[2026-08-18T22:14:10+08:00][sql] SELECT * FROM `category` WHERE  `status` = 1 ORDER BY `sort` ASC [ RunTime:0.001224s ]
[2026-08-18T22:14:10+08:00][sql] SELECT `b`.`price`,`b`.`create_time`,`g`.`title`,`u`.`nickname` FROM `bid_record` `b` LEFT JOIN `goods` `g` ON `b`.`goods_id`=`g`.`id` LEFT JOIN `user` `u` ON `b`.`user_id`=`u`.`id` WHERE  `b`.`status` = '1' ORDER BY `b`.`id` DESC LIMIT 5 [ RunTime:0.001352s ]
[2026-08-18T22:14:10+08:00][sql] SHOW FULL COLUMNS FROM `news` [ RunTime:0.001945s ]
[2026-08-18T22:14:10+08:00][sql] SELECT `id`,`title`,`create_time` FROM `news` WHERE  `status` = 1 ORDER BY `id` DESC LIMIT 3 [ RunTime:0.001406s ]
[2026-08-18T22:14:10+08:00][sql] SHOW FULL COLUMNS FROM `banner` [ RunTime:0.002065s ]
[2026-08-18T22:14:10+08:00][sql] SELECT * FROM `banner` WHERE  `status` = 1 ORDER BY `sort` ASC,`id` ASC [ RunTime:0.001451s ]
[2026-08-18T22:14:20+08:00][sql] CONNECT:[ UseTime:0.002034s ] mysql:host=127.0.0.1;port=3306;dbname=auction;charset=utf8mb4
[2026-08-18T22:14:20+08:00][sql] SHOW FULL COLUMNS FROM `goods` [ RunTime:0.001724s ]
[2026-08-18T22:14:20+08:00][sql] SELECT `id` FROM `goods` WHERE  `status` = 1  AND `end_time` <= 1787062460 [ RunTime:0.001094s ]
[2026-08-18T22:14:20+08:00][sql] SHOW FULL COLUMNS FROM `user` [ RunTime:0.001588s ]
[2026-08-18T22:14:20+08:00][sql] SELECT * FROM `user` WHERE  `id` = 20 LIMIT 1 [ RunTime:0.000897s ]
[2026-08-18T22:14:20+08:00][sql] SHOW FULL COLUMNS FROM `setting` [ RunTime:0.001195s ]
[2026-08-18T22:14:20+08:00][sql] SELECT * FROM `setting` [ RunTime:0.000814s ]
[2026-08-18T22:14:20+08:00][sql] SHOW FULL COLUMNS FROM `category` [ RunTime:0.001634s ]
[2026-08-18T22:14:20+08:00][sql] SELECT * FROM `category` WHERE  `status` = 1 ORDER BY `sort` ASC [ RunTime:0.001114s ]
[2026-08-18T22:14:22+08:00][sql] CONNECT:[ UseTime:0.009655s ] mysql:host=127.0.0.1;port=3306;dbname=auction;charset=utf8mb4
[2026-08-18T22:14:22+08:00][sql] SHOW FULL COLUMNS FROM `goods` [ RunTime:0.001788s ]
[2026-08-18T22:14:22+08:00][sql] SELECT `id` FROM `goods` WHERE  `status` = 1  AND `end_time` <= 1787062462 [ RunTime:0.001053s ]
[2026-08-18T22:14:22+08:00][sql] SHOW FULL COLUMNS FROM `user` [ RunTime:0.001806s ]
[2026-08-18T22:14:22+08:00][sql] SELECT * FROM `user` WHERE  `id` = 20 LIMIT 1 [ RunTime:0.000939s ]
[2026-08-18T22:14:22+08:00][sql] SHOW FULL COLUMNS FROM `setting` [ RunTime:0.001311s ]
[2026-08-18T22:14:22+08:00][sql] SELECT * FROM `setting` [ RunTime:0.000719s ]
[2026-08-18T22:14:22+08:00][sql] SELECT COUNT(*) AS think_count FROM `goods` `g` LEFT JOIN `user` `u` ON `g`.`seller_id`=`u`.`id` WHERE  `g`.`status` = '1'  AND `g`.`start_time` <= '1787062462'  AND `g`.`end_time` > '1787062462' [ RunTime:0.001046s ]
[2026-08-18T22:14:22+08:00][sql] SELECT `g`.*,u.nickname as seller_name FROM `goods` `g` LEFT JOIN `user` `u` ON `g`.`seller_id`=`u`.`id` WHERE  `g`.`status` = '1'  AND `g`.`start_time` <= '1787062462'  AND `g`.`end_time` > '1787062462' ORDER BY `g`.`end_time` ASC,`g`.`id` DESC LIMIT 0,10 [ RunTime:0.001169s ]
[2026-08-18T22:14:22+08:00][sql] SHOW FULL COLUMNS FROM `bid_record` [ RunTime:0.001465s ]
[2026-08-18T22:14:22+08:00][sql] SELECT MAX(`price`) AS think_max FROM `bid_record` WHERE  `goods_id` = 28  AND `status` = 0 [ RunTime:0.002005s ]
[2026-08-18T22:14:22+08:00][sql] SHOW FULL COLUMNS FROM `category` [ RunTime:0.001633s ]
[2026-08-18T22:14:22+08:00][sql] SELECT * FROM `category` WHERE  `status` = 1 ORDER BY `sort` ASC [ RunTime:0.000950s ]
[2026-08-18T22:14:22+08:00][sql] SELECT `b`.`price`,`b`.`create_time`,`g`.`title`,`u`.`nickname` FROM `bid_record` `b` LEFT JOIN `goods` `g` ON `b`.`goods_id`=`g`.`id` LEFT JOIN `user` `u` ON `b`.`user_id`=`u`.`id` WHERE  `b`.`status` = '1' ORDER BY `b`.`id` DESC LIMIT 5 [ RunTime:0.001306s ]
[2026-08-18T22:14:22+08:00][sql] SHOW FULL COLUMNS FROM `news` [ RunTime:0.001356s ]
[2026-08-18T22:14:22+08:00][sql] SELECT `id`,`title`,`create_time` FROM `news` WHERE  `status` = 1 ORDER BY `id` DESC LIMIT 3 [ RunTime:0.000795s ]
[2026-08-18T22:14:22+08:00][sql] SHOW FULL COLUMNS FROM `banner` [ RunTime:0.001264s ]
[2026-08-18T22:14:22+08:00][sql] SELECT * FROM `banner` WHERE  `status` = 1 ORDER BY `sort` ASC,`id` ASC [ RunTime:0.000784s ]
[2026-08-18T22:14:26+08:00][sql] CONNECT:[ UseTime:0.007512s ] mysql:host=127.0.0.1;port=3306;dbname=auction;charset=utf8mb4
[2026-08-18T22:14:26+08:00][sql] SHOW FULL COLUMNS FROM `goods` [ RunTime:0.001377s ]
[2026-08-18T22:14:26+08:00][sql] SELECT `id` FROM `goods` WHERE  `status` = 1  AND `end_time` <= 1787062466 [ RunTime:0.000720s ]
[2026-08-18T22:14:26+08:00][sql] SHOW FULL COLUMNS FROM `user` [ RunTime:0.001375s ]
[2026-08-18T22:14:26+08:00][sql] SELECT * FROM `user` WHERE  `id` = 20 LIMIT 1 [ RunTime:0.000759s ]
[2026-08-18T22:14:26+08:00][sql] SHOW FULL COLUMNS FROM `setting` [ RunTime:0.001123s ]
[2026-08-18T22:14:26+08:00][sql] SELECT * FROM `setting` [ RunTime:0.000590s ]
[2026-08-18T22:14:26+08:00][sql] SHOW FULL COLUMNS FROM `category` [ RunTime:0.001259s ]
[2026-08-18T22:14:26+08:00][sql] SELECT * FROM `category` WHERE  `status` = 1 ORDER BY `sort` ASC [ RunTime:0.000687s ]
[2026-08-18T22:14:27+08:00][sql] CONNECT:[ UseTime:0.002091s ] mysql:host=127.0.0.1;port=3306;dbname=auction;charset=utf8mb4
[2026-08-18T22:14:27+08:00][sql] SHOW FULL COLUMNS FROM `goods` [ RunTime:0.001526s ]
[2026-08-18T22:14:27+08:00][sql] SELECT `id` FROM `goods` WHERE  `status` = 1  AND `end_time` <= 1787062467 [ RunTime:0.000738s ]
[2026-08-18T22:14:27+08:00][sql] SHOW FULL COLUMNS FROM `user` [ RunTime:0.001317s ]
[2026-08-18T22:14:27+08:00][sql] SELECT * FROM `user` WHERE  `id` = 20 LIMIT 1 [ RunTime:0.000757s ]
[2026-08-18T22:14:27+08:00][sql] SHOW FULL COLUMNS FROM `setting` [ RunTime:0.001047s ]
[2026-08-18T22:14:27+08:00][sql] SELECT * FROM `setting` [ RunTime:0.000545s ]
[2026-08-18T22:14:27+08:00][sql] SELECT COUNT(*) AS think_count FROM `goods` `g` LEFT JOIN `user` `u` ON `g`.`seller_id`=`u`.`id` WHERE  `g`.`status` = '1'  AND `g`.`start_time` <= '1787062467'  AND `g`.`end_time` > '1787062467' [ RunTime:0.001175s ]
[2026-08-18T22:14:27+08:00][sql] SELECT `g`.*,u.nickname as seller_name FROM `goods` `g` LEFT JOIN `user` `u` ON `g`.`seller_id`=`u`.`id` WHERE  `g`.`status` = '1'  AND `g`.`start_time` <= '1787062467'  AND `g`.`end_time` > '1787062467' ORDER BY `g`.`end_time` ASC,`g`.`id` DESC LIMIT 0,10 [ RunTime:0.001279s ]
[2026-08-18T22:14:27+08:00][sql] SHOW FULL COLUMNS FROM `bid_record` [ RunTime:0.001326s ]
[2026-08-18T22:14:27+08:00][sql] SELECT MAX(`price`) AS think_max FROM `bid_record` WHERE  `goods_id` = 28  AND `status` = 0 [ RunTime:0.000805s ]
[2026-08-18T22:14:27+08:00][sql] SHOW FULL COLUMNS FROM `category` [ RunTime:0.001129s ]
[2026-08-18T22:14:27+08:00][sql] SELECT * FROM `category` WHERE  `status` = 1 ORDER BY `sort` ASC [ RunTime:0.000670s ]
[2026-08-18T22:14:27+08:00][sql] SELECT `b`.`price`,`b`.`create_time`,`g`.`title`,`u`.`nickname` FROM `bid_record` `b` LEFT JOIN `goods` `g` ON `b`.`goods_id`=`g`.`id` LEFT JOIN `user` `u` ON `b`.`user_id`=`u`.`id` WHERE  `b`.`status` = '1' ORDER BY `b`.`id` DESC LIMIT 5 [ RunTime:0.000724s ]
[2026-08-18T22:14:27+08:00][sql] SHOW FULL COLUMNS FROM `news` [ RunTime:0.001125s ]
[2026-08-18T22:14:27+08:00][sql] SELECT `id`,`title`,`create_time` FROM `news` WHERE  `status` = 1 ORDER BY `id` DESC LIMIT 3 [ RunTime:0.000692s ]
[2026-08-18T22:14:27+08:00][sql] SHOW FULL COLUMNS FROM `banner` [ RunTime:0.001220s ]
[2026-08-18T22:14:27+08:00][sql] SELECT * FROM `banner` WHERE  `status` = 1 ORDER BY `sort` ASC,`id` ASC [ RunTime:0.000732s ]
[2026-08-18T22:14:33+08:00][sql] CONNECT:[ UseTime:0.002172s ] mysql:host=127.0.0.1;port=3306;dbname=auction;charset=utf8mb4
[2026-08-18T22:14:33+08:00][sql] SHOW FULL COLUMNS FROM `goods` [ RunTime:0.001633s ]
[2026-08-18T22:14:33+08:00][sql] SELECT `id` FROM `goods` WHERE  `status` = 1  AND `end_time` <= 1787062473 [ RunTime:0.000838s ]
[2026-08-18T22:14:33+08:00][sql] SHOW FULL COLUMNS FROM `user` [ RunTime:0.001673s ]
[2026-08-18T22:14:33+08:00][sql] SELECT * FROM `user` WHERE  `id` = 20 LIMIT 1 [ RunTime:0.000661s ]
[2026-08-18T22:14:33+08:00][sql] SHOW FULL COLUMNS FROM `setting` [ RunTime:0.000810s ]
[2026-08-18T22:14:33+08:00][sql] SELECT * FROM `setting` [ RunTime:0.000627s ]
[2026-08-18T22:14:33+08:00][sql] SHOW FULL COLUMNS FROM `bid_record` [ RunTime:0.001220s ]
[2026-08-18T22:14:33+08:00][sql] SELECT COUNT(*) AS think_count FROM `bid_record` WHERE  `user_id` = 20 [ RunTime:0.000689s ]
[2026-08-18T22:14:33+08:00][sql] SHOW FULL COLUMNS FROM `order` [ RunTime:0.001266s ]
[2026-08-18T22:14:33+08:00][sql] SELECT COUNT(*) AS think_count FROM `order` WHERE  `buyer_id` = 20  AND `pay_status` = 1 [ RunTime:0.000733s ]
[2026-08-18T22:14:33+08:00][sql] SELECT COUNT(*) AS think_count FROM `goods` WHERE  `seller_id` = 20  AND `status` = 2 [ RunTime:0.002401s ]
[2026-08-18T22:14:33+08:00][sql] SELECT COUNT(*) AS think_count FROM `goods` WHERE  `seller_id` = 20 [ RunTime:0.000737s ]
[2026-08-18T22:14:33+08:00][sql] SELECT COUNT(*) AS think_count FROM `order` WHERE  `buyer_id` = 20  AND `pay_status` = 0  AND `order_status` = 0 [ RunTime:0.000733s ]
[2026-08-18T22:14:33+08:00][sql] SELECT COUNT(*) AS think_count FROM `order` WHERE  `seller_id` = 20  AND `order_status` = 1 [ RunTime:0.000603s ]
[2026-08-18T22:14:33+08:00][sql] SELECT COUNT(*) AS think_count FROM `order` WHERE  `buyer_id` = 20  AND `order_status` = 0  AND `pay_status` = 0 [ RunTime:0.000582s ]
[2026-08-18T22:14:33+08:00][sql] SELECT COUNT(*) AS think_count FROM `order` WHERE  `buyer_id` = 20  AND `order_status` = 1 [ RunTime:0.000620s ]
[2026-08-18T22:14:33+08:00][sql] SELECT COUNT(*) AS think_count FROM `order` WHERE  `buyer_id` = 20  AND `order_status` = 2 [ RunTime:0.000667s ]
[2026-08-18T22:14:33+08:00][sql] SELECT COUNT(*) AS think_count FROM `order` WHERE  `buyer_id` = 20  AND `order_status` = 3 [ RunTime:0.000602s ]
[2026-08-18T22:14:33+08:00][sql] SELECT COUNT(*) AS think_count FROM `order` WHERE  `seller_id` = 20  AND `order_status` = 1 [ RunTime:0.000637s ]
[2026-08-18T22:14:33+08:00][sql] SHOW FULL COLUMNS FROM `goods_favorite` [ RunTime:0.001231s ]
[2026-08-18T22:14:33+08:00][sql] SELECT COUNT(*) AS think_count FROM `goods_favorite` WHERE  `user_id` = 20 [ RunTime:0.000786s ]
[2026-08-18T22:14:33+08:00][sql] SHOW FULL COLUMNS FROM `seller_follow` [ RunTime:0.001192s ]
[2026-08-18T22:14:33+08:00][sql] SELECT COUNT(*) AS think_count FROM `seller_follow` WHERE  `user_id` = 20 [ RunTime:0.000752s ]
[2026-08-18T22:14:33+08:00][sql] SHOW FULL COLUMNS FROM `browse_history` [ RunTime:0.000794s ]
[2026-08-18T22:14:33+08:00][sql] SELECT COUNT(*) AS think_count FROM `browse_history` WHERE  `user_id` = 20 [ RunTime:0.000575s ]
[2026-08-18T22:14:33+08:00][sql] SHOW FULL COLUMNS FROM `balance_log` [ RunTime:0.001131s ]
[2026-08-18T22:14:33+08:00][sql] SELECT * FROM `balance_log` WHERE  `user_id` = 20 ORDER BY `id` DESC LIMIT 5 [ RunTime:0.000900s ]
[2026-08-18T22:14:33+08:00][sql] SELECT `b`.*,`g`.`title`,`g`.`cover`,g.status as goods_status,`g`.`end_time` FROM `bid_record` `b` LEFT JOIN `goods` `g` ON `b`.`goods_id`=`g`.`id` WHERE  `b`.`user_id` = '20' ORDER BY `b`.`id` DESC LIMIT 5 [ RunTime:0.000912s ]
[2026-08-18T22:14:33+08:00][sql] SELECT `id`,`nickname`,`mobile`,`reg_time` FROM `user` WHERE  `pid` = 20 ORDER BY `id` DESC LIMIT 10 [ RunTime:0.000911s ]
[2026-08-18T22:14:35+08:00][sql] CONNECT:[ UseTime:0.005002s ] mysql:host=127.0.0.1;port=3306;dbname=auction;charset=utf8mb4
[2026-08-18T22:14:35+08:00][sql] SHOW FULL COLUMNS FROM `goods` [ RunTime:0.001600s ]
[2026-08-18T22:14:35+08:00][sql] SELECT `id` FROM `goods` WHERE  `status` = 1  AND `end_time` <= 1787062475 [ RunTime:0.000881s ]
[2026-08-18T22:14:35+08:00][sql] SHOW FULL COLUMNS FROM `user` [ RunTime:0.001462s ]
[2026-08-18T22:14:35+08:00][sql] SELECT * FROM `user` WHERE  `id` = 20 LIMIT 1 [ RunTime:0.000864s ]
[2026-08-18T22:14:35+08:00][sql] SHOW FULL COLUMNS FROM `setting` [ RunTime:0.001248s ]
[2026-08-18T22:14:35+08:00][sql] SELECT * FROM `setting` [ RunTime:0.000658s ]
[2026-08-18T22:14:35+08:00][sql] SHOW FULL COLUMNS FROM `browse_history` [ RunTime:0.001235s ]
[2026-08-18T22:14:35+08:00][sql] SELECT `h`.*,`g`.`title`,`g`.`cover`,`g`.`start_price`,g.status as goods_status,`g`.`end_time` FROM `browse_history` `h` LEFT JOIN `goods` `g` ON `h`.`goods_id`=`g`.`id` WHERE  `h`.`user_id` = '20' ORDER BY `h`.`create_time` DESC LIMIT 200 [ RunTime:0.000968s ]
[2026-08-18T22:14:35+08:00][sql] SHOW FULL COLUMNS FROM `bid_record` [ RunTime:0.001135s ]
[2026-08-18T22:14:35+08:00][sql] SELECT MAX(`price`) AS think_max FROM `bid_record` WHERE  `goods_id` = 28  AND `status` = 0 [ RunTime:0.000984s ]
[2026-08-18T22:14:37+08:00][sql] CONNECT:[ UseTime:0.005377s ] mysql:host=127.0.0.1;port=3306;dbname=auction;charset=utf8mb4
[2026-08-18T22:14:37+08:00][sql] SHOW FULL COLUMNS FROM `goods` [ RunTime:0.001760s ]
[2026-08-18T22:14:37+08:00][sql] SELECT `id` FROM `goods` WHERE  `status` = 1  AND `end_time` <= 1787062477 [ RunTime:0.000983s ]
[2026-08-18T22:14:37+08:00][sql] SHOW FULL COLUMNS FROM `user` [ RunTime:0.001505s ]
[2026-08-18T22:14:37+08:00][sql] SELECT * FROM `user` WHERE  `id` = 20 LIMIT 1 [ RunTime:0.000978s ]
[2026-08-18T22:14:37+08:00][sql] SHOW FULL COLUMNS FROM `setting` [ RunTime:0.001323s ]
[2026-08-18T22:14:37+08:00][sql] SELECT * FROM `setting` [ RunTime:0.000802s ]
[2026-08-18T22:14:37+08:00][sql] SELECT `g`.*,u.nickname as seller_name,u.shop_name as seller_shop,u.avatar as seller_avatar,c.name as category_name FROM `goods` `g` LEFT JOIN `user` `u` ON `g`.`seller_id`=`u`.`id` LEFT JOIN `category` `c` ON `g`.`category_id`=`c`.`id` WHERE  `g`.`id` = '28' LIMIT 1 [ RunTime:0.001196s ]
[2026-08-18T22:14:37+08:00][sql] UPDATE `goods`  SET `view_count` = `view_count` + 1  WHERE  `id` = 28 [ RunTime:0.001988s ]
[2026-08-18T22:14:37+08:00][sql] SHOW FULL COLUMNS FROM `bid_record` [ RunTime:0.001457s ]
[2026-08-18T22:14:37+08:00][sql] SELECT `b`.*,`u`.`nickname`,`u`.`mobile` FROM `bid_record` `b` LEFT JOIN `user` `u` ON `b`.`user_id`=`u`.`id` WHERE  `b`.`goods_id` = '28'  AND `b`.`status` = '0' ORDER BY `b`.`price` DESC,`b`.`id` ASC LIMIT 1 [ RunTime:0.001098s ]
[2026-08-18T22:14:37+08:00][sql] SELECT `b`.*,`u`.`nickname`,`u`.`mobile` FROM `bid_record` `b` LEFT JOIN `user` `u` ON `b`.`user_id`=`u`.`id` WHERE  `b`.`goods_id` = '28' ORDER BY `b`.`price` DESC,`b`.`id` ASC LIMIT 50 [ RunTime:0.000969s ]
[2026-08-18T22:14:37+08:00][sql] SELECT MAX(`price`) AS think_max FROM `bid_record` WHERE  `goods_id` = 28  AND `user_id` = 20  AND `status` = 0 [ RunTime:0.000821s ]
[2026-08-18T22:14:37+08:00][sql] SELECT MAX(`deposit`) AS think_max FROM `bid_record` WHERE  `goods_id` = 28  AND `user_id` = 20  AND `deposit` > '0' [ RunTime:0.000787s ]
[2026-08-18T22:14:37+08:00][sql] SHOW FULL COLUMNS FROM `browse_history` [ RunTime:0.001209s ]
[2026-08-18T22:14:37+08:00][sql] REPLACE INTO `browse_history` SET `user_id` = 20 , `goods_id` = 28 , `create_time` = 1787062477 [ RunTime:0.001885s ]
[2026-08-18T22:14:37+08:00][sql] SHOW FULL COLUMNS FROM `goods_favorite` [ RunTime:0.001238s ]
[2026-08-18T22:14:37+08:00][sql] SELECT COUNT(*) AS think_count FROM `goods_favorite` WHERE  `user_id` = 20  AND `goods_id` = 28 [ RunTime:0.000805s ]
[2026-08-18T22:14:37+08:00][sql] SHOW FULL COLUMNS FROM `seller_follow` [ RunTime:0.001234s ]
[2026-08-18T22:14:37+08:00][sql] SELECT COUNT(*) AS think_count FROM `seller_follow` WHERE  `user_id` = 20  AND `seller_id` = 20 [ RunTime:0.000736s ]
[2026-08-18T22:15:41+08:00][sql] CONNECT:[ UseTime:0.001648s ] mysql:host=127.0.0.1;port=3306;dbname=auction;charset=utf8mb4
[2026-08-18T22:15:41+08:00][sql] SHOW FULL COLUMNS FROM `goods` [ RunTime:0.001808s ]
[2026-08-18T22:15:41+08:00][sql] SELECT `id` FROM `goods` WHERE  `status` = 1  AND `end_time` <= 1787062541 [ RunTime:0.000843s ]
[2026-08-18T22:15:41+08:00][sql] SHOW FULL COLUMNS FROM `setting` [ RunTime:0.001186s ]
[2026-08-18T22:15:41+08:00][sql] SELECT * FROM `setting` [ RunTime:0.000726s ]
[2026-08-18T22:15:41+08:00][sql] CONNECT:[ UseTime:0.001858s ] mysql:host=127.0.0.1;port=3306;dbname=auction;charset=utf8mb4
[2026-08-18T22:15:41+08:00][sql] SHOW FULL COLUMNS FROM `goods` [ RunTime:0.002707s ]
[2026-08-18T22:15:41+08:00][sql] SELECT `id` FROM `goods` WHERE  `status` = 1  AND `end_time` <= 1787062541 [ RunTime:0.001056s ]
[2026-08-18T22:15:41+08:00][sql] SHOW FULL COLUMNS FROM `setting` [ RunTime:0.001274s ]
[2026-08-18T22:15:41+08:00][sql] SELECT * FROM `setting` [ RunTime:0.000758s ]
[2026-08-18T22:15:49+08:00][sql] CONNECT:[ UseTime:0.026124s ] mysql:host=127.0.0.1;port=3306;dbname=auction;charset=utf8mb4
[2026-08-18T22:15:49+08:00][sql] SHOW FULL COLUMNS FROM `goods` [ RunTime:0.001710s ]
[2026-08-18T22:15:49+08:00][sql] SELECT `id` FROM `goods` WHERE  `status` = 1  AND `end_time` <= 1787062549 [ RunTime:0.000897s ]
[2026-08-18T22:15:49+08:00][sql] SHOW FULL COLUMNS FROM `user` [ RunTime:0.001549s ]
[2026-08-18T22:15:49+08:00][sql] SELECT * FROM `user` WHERE  `id` = 20 LIMIT 1 [ RunTime:0.000901s ]
[2026-08-18T22:15:49+08:00][sql] SHOW FULL COLUMNS FROM `setting` [ RunTime:0.001302s ]
[2026-08-18T22:15:49+08:00][sql] SELECT * FROM `setting` [ RunTime:0.000732s ]
[2026-08-18T22:15:49+08:00][sql] SELECT * FROM `goods` WHERE  `id` = 28  AND `status` = 1 LIMIT 1 [ RunTime:0.001076s ]
[2026-08-18T22:15:49+08:00][sql] SELECT * FROM `user` WHERE  `id` = 20 LIMIT 1 [ RunTime:0.000888s ]
[2026-08-18T22:15:49+08:00][sql] SHOW FULL COLUMNS FROM `message` [ RunTime:0.001507s ]
[2026-08-18T22:15:49+08:00][sql] SELECT * FROM `message` WHERE  `goods_id` = 28  AND (  (  `from_uid` = 20  AND `to_uid` = 20 ) OR (  `from_uid` = 20  AND `to_uid` = 20 ) ) ORDER BY `id` ASC [ RunTime:0.001001s ]
[2026-08-18T22:15:49+08:00][sql] UPDATE `message`  SET `is_read` = 1  WHERE  `goods_id` = 28  AND `from_uid` = 20  AND `to_uid` = 20  AND `is_read` = 0 [ RunTime:0.000736s ]
[2026-08-18T22:15:52+08:00][sql] CONNECT:[ UseTime:0.004191s ] mysql:host=127.0.0.1;port=3306;dbname=auction;charset=utf8mb4
[2026-08-18T22:15:52+08:00][sql] SHOW FULL COLUMNS FROM `goods` [ RunTime:0.001561s ]
[2026-08-18T22:15:52+08:00][sql] SELECT `id` FROM `goods` WHERE  `status` = 1  AND `end_time` <= 1787062552 [ RunTime:0.000756s ]
[2026-08-18T22:15:52+08:00][sql] SHOW FULL COLUMNS FROM `user` [ RunTime:0.001530s ]
[2026-08-18T22:15:52+08:00][sql] SELECT * FROM `user` WHERE  `id` = 20 LIMIT 1 [ RunTime:0.000843s ]
[2026-08-18T22:15:52+08:00][sql] SHOW FULL COLUMNS FROM `setting` [ RunTime:0.001040s ]
[2026-08-18T22:15:52+08:00][sql] SELECT * FROM `setting` [ RunTime:0.000534s ]
[2026-08-18T22:15:52+08:00][sql] SHOW FULL COLUMNS FROM `message` [ RunTime:0.001339s ]
[2026-08-18T22:15:52+08:00][sql] SELECT * FROM `message` WHERE  `goods_id` = 28  AND `id` > 0  AND (  (  `from_uid` = 20  AND `to_uid` = 20 ) OR (  `from_uid` = 20  AND `to_uid` = 20 ) ) ORDER BY `id` ASC [ RunTime:0.000785s ]
[2026-08-18T22:15:53+08:00][sql] CONNECT:[ UseTime:0.018377s ] mysql:host=127.0.0.1;port=3306;dbname=auction;charset=utf8mb4
[2026-08-18T22:15:53+08:00][sql] SHOW FULL COLUMNS FROM `goods` [ RunTime:0.001852s ]
[2026-08-18T22:15:53+08:00][sql] SELECT `id` FROM `goods` WHERE  `status` = 1  AND `end_time` <= 1787062553 [ RunTime:0.000757s ]
[2026-08-18T22:15:53+08:00][sql] SHOW FULL COLUMNS FROM `user` [ RunTime:0.001288s ]
[2026-08-18T22:15:53+08:00][sql] SELECT * FROM `user` WHERE  `id` = 20 LIMIT 1 [ RunTime:0.000741s ]
[2026-08-18T22:15:53+08:00][sql] SHOW FULL COLUMNS FROM `setting` [ RunTime:0.001092s ]
[2026-08-18T22:15:53+08:00][sql] SELECT * FROM `setting` [ RunTime:0.000728s ]
[2026-08-18T22:15:53+08:00][sql] SHOW FULL COLUMNS FROM `message` [ RunTime:0.001121s ]
[2026-08-18T22:15:53+08:00][sql] INSERT INTO `message` SET `from_uid` = 20 , `to_uid` = 20 , `goods_id` = 28 , `content` = '111' , `is_read` = 0 , `create_time` = 1787062553 [ RunTime:0.001898s ]
[2026-08-18T22:16:13+08:00][sql] CONNECT:[ UseTime:0.024967s ] mysql:host=127.0.0.1;port=3306;dbname=auction;charset=utf8mb4
[2026-08-18T22:16:13+08:00][sql] SHOW FULL COLUMNS FROM `goods` [ RunTime:0.001320s ]
[2026-08-18T22:16:13+08:00][sql] SELECT `id` FROM `goods` WHERE  `status` = 1  AND `end_time` <= 1787062573 [ RunTime:0.001226s ]
[2026-08-18T22:16:13+08:00][sql] SHOW FULL COLUMNS FROM `user` [ RunTime:0.002224s ]
[2026-08-18T22:16:13+08:00][sql] SELECT * FROM `user` WHERE  `id` = 20 LIMIT 1 [ RunTime:0.001298s ]
[2026-08-18T22:16:13+08:00][sql] SHOW FULL COLUMNS FROM `setting` [ RunTime:0.001982s ]
[2026-08-18T22:16:13+08:00][sql] SELECT * FROM `setting` [ RunTime:0.001019s ]
[2026-08-18T22:16:13+08:00][sql] SELECT `g`.*,u.nickname as seller_name,u.shop_name as seller_shop,u.avatar as seller_avatar,c.name as category_name FROM `goods` `g` LEFT JOIN `user` `u` ON `g`.`seller_id`=`u`.`id` LEFT JOIN `category` `c` ON `g`.`category_id`=`c`.`id` WHERE  `g`.`id` = '28' LIMIT 1 [ RunTime:0.001486s ]
[2026-08-18T22:16:13+08:00][sql] UPDATE `goods`  SET `view_count` = `view_count` + 1  WHERE  `id` = 28 [ RunTime:0.002766s ]
[2026-08-18T22:16:13+08:00][sql] SHOW FULL COLUMNS FROM `bid_record` [ RunTime:0.002063s ]
[2026-08-18T22:16:13+08:00][sql] SELECT `b`.*,`u`.`nickname`,`u`.`mobile` FROM `bid_record` `b` LEFT JOIN `user` `u` ON `b`.`user_id`=`u`.`id` WHERE  `b`.`goods_id` = '28'  AND `b`.`status` = '0' ORDER BY `b`.`price` DESC,`b`.`id` ASC LIMIT 1 [ RunTime:0.001413s ]
[2026-08-18T22:16:13+08:00][sql] SELECT `b`.*,`u`.`nickname`,`u`.`mobile` FROM `bid_record` `b` LEFT JOIN `user` `u` ON `b`.`user_id`=`u`.`id` WHERE  `b`.`goods_id` = '28' ORDER BY `b`.`price` DESC,`b`.`id` ASC LIMIT 50 [ RunTime:0.001536s ]
[2026-08-18T22:16:13+08:00][sql] SELECT MAX(`price`) AS think_max FROM `bid_record` WHERE  `goods_id` = 28  AND `user_id` = 20  AND `status` = 0 [ RunTime:0.001259s ]
[2026-08-18T22:16:13+08:00][sql] SELECT MAX(`deposit`) AS think_max FROM `bid_record` WHERE  `goods_id` = 28  AND `user_id` = 20  AND `deposit` > '0' [ RunTime:0.000908s ]
[2026-08-18T22:16:13+08:00][sql] SHOW FULL COLUMNS FROM `browse_history` [ RunTime:0.004002s ]
[2026-08-18T22:16:13+08:00][sql] REPLACE INTO `browse_history` SET `user_id` = 20 , `goods_id` = 28 , `create_time` = 1787062573 [ RunTime:0.002036s ]
[2026-08-18T22:16:13+08:00][sql] SHOW FULL COLUMNS FROM `goods_favorite` [ RunTime:0.006107s ]
[2026-08-18T22:16:13+08:00][sql] SELECT COUNT(*) AS think_count FROM `goods_favorite` WHERE  `user_id` = 20  AND `goods_id` = 28 [ RunTime:0.000971s ]
[2026-08-18T22:16:13+08:00][sql] SHOW FULL COLUMNS FROM `seller_follow` [ RunTime:0.003562s ]
[2026-08-18T22:16:13+08:00][sql] SELECT COUNT(*) AS think_count FROM `seller_follow` WHERE  `user_id` = 20  AND `seller_id` = 20 [ RunTime:0.000763s ]
[2026-08-18T22:16:17+08:00][sql] CONNECT:[ UseTime:0.008676s ] mysql:host=127.0.0.1;port=3306;dbname=auction;charset=utf8mb4
[2026-08-18T22:16:17+08:00][sql] SHOW FULL COLUMNS FROM `goods` [ RunTime:0.002637s ]
[2026-08-18T22:16:17+08:00][sql] SELECT `id` FROM `goods` WHERE  `status` = 1  AND `end_time` <= 1787062577 [ RunTime:0.001333s ]
[2026-08-18T22:16:17+08:00][sql] SHOW FULL COLUMNS FROM `user` [ RunTime:0.002328s ]
[2026-08-18T22:16:17+08:00][sql] SELECT * FROM `user` WHERE  `id` = 20 LIMIT 1 [ RunTime:0.001250s ]
[2026-08-18T22:16:17+08:00][sql] SHOW FULL COLUMNS FROM `setting` [ RunTime:0.001691s ]
[2026-08-18T22:16:17+08:00][sql] SELECT * FROM `setting` [ RunTime:0.000947s ]
[2026-08-18T22:16:17+08:00][sql] SHOW FULL COLUMNS FROM `bid_record` [ RunTime:0.002081s ]
[2026-08-18T22:16:17+08:00][sql] SELECT COUNT(*) AS think_count FROM `bid_record` WHERE  `user_id` = 20 [ RunTime:0.000945s ]
[2026-08-18T22:16:17+08:00][sql] SHOW FULL COLUMNS FROM `order` [ RunTime:0.001565s ]
[2026-08-18T22:16:17+08:00][sql] SELECT COUNT(*) AS think_count FROM `order` WHERE  `buyer_id` = 20  AND `pay_status` = 1 [ RunTime:0.000845s ]
[2026-08-18T22:16:17+08:00][sql] SELECT COUNT(*) AS think_count FROM `goods` WHERE  `seller_id` = 20  AND `status` = 2 [ RunTime:0.002564s ]
[2026-08-18T22:16:17+08:00][sql] SELECT COUNT(*) AS think_count FROM `goods` WHERE  `seller_id` = 20 [ RunTime:0.000766s ]
[2026-08-18T22:16:17+08:00][sql] SELECT COUNT(*) AS think_count FROM `order` WHERE  `buyer_id` = 20  AND `pay_status` = 0  AND `order_status` = 0 [ RunTime:0.000755s ]
[2026-08-18T22:16:17+08:00][sql] SELECT COUNT(*) AS think_count FROM `order` WHERE  `seller_id` = 20  AND `order_status` = 1 [ RunTime:0.000713s ]
[2026-08-18T22:16:17+08:00][sql] SELECT COUNT(*) AS think_count FROM `order` WHERE  `buyer_id` = 20  AND `order_status` = 0  AND `pay_status` = 0 [ RunTime:0.000698s ]
[2026-08-18T22:16:17+08:00][sql] SELECT COUNT(*) AS think_count FROM `order` WHERE  `buyer_id` = 20  AND `order_status` = 1 [ RunTime:0.000668s ]
[2026-08-18T22:16:17+08:00][sql] SELECT COUNT(*) AS think_count FROM `order` WHERE  `buyer_id` = 20  AND `order_status` = 2 [ RunTime:0.000704s ]
[2026-08-18T22:16:17+08:00][sql] SELECT COUNT(*) AS think_count FROM `order` WHERE  `buyer_id` = 20  AND `order_status` = 3 [ RunTime:0.000945s ]
[2026-08-18T22:16:17+08:00][sql] SELECT COUNT(*) AS think_count FROM `order` WHERE  `seller_id` = 20  AND `order_status` = 1 [ RunTime:0.001376s ]
[2026-08-18T22:16:17+08:00][sql] SHOW FULL COLUMNS FROM `goods_favorite` [ RunTime:0.001237s ]
[2026-08-18T22:16:17+08:00][sql] SELECT COUNT(*) AS think_count FROM `goods_favorite` WHERE  `user_id` = 20 [ RunTime:0.000609s ]
[2026-08-18T22:16:17+08:00][sql] SHOW FULL COLUMNS FROM `seller_follow` [ RunTime:0.001450s ]
[2026-08-18T22:16:17+08:00][sql] SELECT COUNT(*) AS think_count FROM `seller_follow` WHERE  `user_id` = 20 [ RunTime:0.000887s ]
[2026-08-18T22:16:17+08:00][sql] SHOW FULL COLUMNS FROM `browse_history` [ RunTime:0.001331s ]
[2026-08-18T22:16:17+08:00][sql] SELECT COUNT(*) AS think_count FROM `browse_history` WHERE  `user_id` = 20 [ RunTime:0.000833s ]
[2026-08-18T22:16:17+08:00][sql] SHOW FULL COLUMNS FROM `balance_log` [ RunTime:0.001238s ]
[2026-08-18T22:16:17+08:00][sql] SELECT * FROM `balance_log` WHERE  `user_id` = 20 ORDER BY `id` DESC LIMIT 5 [ RunTime:0.000809s ]
[2026-08-18T22:16:17+08:00][sql] SELECT `b`.*,`g`.`title`,`g`.`cover`,g.status as goods_status,`g`.`end_time` FROM `bid_record` `b` LEFT JOIN `goods` `g` ON `b`.`goods_id`=`g`.`id` WHERE  `b`.`user_id` = '20' ORDER BY `b`.`id` DESC LIMIT 5 [ RunTime:0.000936s ]
[2026-08-18T22:16:17+08:00][sql] SELECT `id`,`nickname`,`mobile`,`reg_time` FROM `user` WHERE  `pid` = 20 ORDER BY `id` DESC LIMIT 10 [ RunTime:0.000850s ]
[2026-08-18T22:16:19+08:00][sql] CONNECT:[ UseTime:0.012196s ] mysql:host=127.0.0.1;port=3306;dbname=auction;charset=utf8mb4
[2026-08-18T22:16:19+08:00][sql] SHOW FULL COLUMNS FROM `goods` [ RunTime:0.001824s ]
[2026-08-18T22:16:19+08:00][sql] SELECT `id` FROM `goods` WHERE  `status` = 1  AND `end_time` <= 1787062579 [ RunTime:0.000957s ]
[2026-08-18T22:16:19+08:00][sql] SHOW FULL COLUMNS FROM `user` [ RunTime:0.001598s ]
[2026-08-18T22:16:19+08:00][sql] SELECT * FROM `user` WHERE  `id` = 20 LIMIT 1 [ RunTime:0.001045s ]
[2026-08-18T22:16:19+08:00][sql] SHOW FULL COLUMNS FROM `setting` [ RunTime:0.001361s ]
[2026-08-18T22:16:19+08:00][sql] SELECT * FROM `setting` [ RunTime:0.000785s ]
[2026-08-18T22:16:26+08:00][sql] CONNECT:[ UseTime:0.015445s ] mysql:host=127.0.0.1;port=3306;dbname=auction;charset=utf8mb4
[2026-08-18T22:16:26+08:00][sql] SHOW FULL COLUMNS FROM `goods` [ RunTime:0.002418s ]
[2026-08-18T22:16:26+08:00][sql] SELECT `id` FROM `goods` WHERE  `status` = 1  AND `end_time` <= 1787062585 [ RunTime:0.001358s ]
[2026-08-18T22:16:26+08:00][sql] SHOW FULL COLUMNS FROM `user` [ RunTime:0.002277s ]
[2026-08-18T22:16:26+08:00][sql] SELECT * FROM `user` WHERE  `id` = 20 LIMIT 1 [ RunTime:0.001372s ]
[2026-08-18T22:16:26+08:00][sql] SHOW FULL COLUMNS FROM `setting` [ RunTime:0.001886s ]
[2026-08-18T22:16:26+08:00][sql] SELECT * FROM `setting` [ RunTime:0.000998s ]
[2026-08-18T22:16:26+08:00][sql] SHOW FULL COLUMNS FROM `bid_record` [ RunTime:0.001971s ]
[2026-08-18T22:16:26+08:00][sql] SELECT COUNT(*) AS think_count FROM `bid_record` WHERE  `user_id` = 20 [ RunTime:0.001076s ]
[2026-08-18T22:16:26+08:00][sql] SHOW FULL COLUMNS FROM `order` [ RunTime:0.002128s ]
[2026-08-18T22:16:26+08:00][sql] SELECT COUNT(*) AS think_count FROM `order` WHERE  `buyer_id` = 20  AND `pay_status` = 1 [ RunTime:0.001114s ]
[2026-08-18T22:16:26+08:00][sql] SELECT COUNT(*) AS think_count FROM `goods` WHERE  `seller_id` = 20  AND `status` = 2 [ RunTime:0.003130s ]
[2026-08-18T22:16:26+08:00][sql] SELECT COUNT(*) AS think_count FROM `goods` WHERE  `seller_id` = 20 [ RunTime:0.000908s ]
[2026-08-18T22:16:26+08:00][sql] SELECT COUNT(*) AS think_count FROM `order` WHERE  `buyer_id` = 20  AND `pay_status` = 0  AND `order_status` = 0 [ RunTime:0.000811s ]
[2026-08-18T22:16:26+08:00][sql] SELECT COUNT(*) AS think_count FROM `order` WHERE  `seller_id` = 20  AND `order_status` = 1 [ RunTime:0.000983s ]
[2026-08-18T22:16:26+08:00][sql] SELECT COUNT(*) AS think_count FROM `order` WHERE  `buyer_id` = 20  AND `order_status` = 0  AND `pay_status` = 0 [ RunTime:0.001123s ]
[2026-08-18T22:16:26+08:00][sql] SELECT COUNT(*) AS think_count FROM `order` WHERE  `buyer_id` = 20  AND `order_status` = 1 [ RunTime:0.000759s ]
[2026-08-18T22:16:26+08:00][sql] SELECT COUNT(*) AS think_count FROM `order` WHERE  `buyer_id` = 20  AND `order_status` = 2 [ RunTime:0.000652s ]
[2026-08-18T22:16:26+08:00][sql] SELECT COUNT(*) AS think_count FROM `order` WHERE  `buyer_id` = 20  AND `order_status` = 3 [ RunTime:0.000806s ]
[2026-08-18T22:16:26+08:00][sql] SELECT COUNT(*) AS think_count FROM `order` WHERE  `seller_id` = 20  AND `order_status` = 1 [ RunTime:0.000826s ]
[2026-08-18T22:16:26+08:00][sql] SHOW FULL COLUMNS FROM `goods_favorite` [ RunTime:0.001436s ]
[2026-08-18T22:16:26+08:00][sql] SELECT COUNT(*) AS think_count FROM `goods_favorite` WHERE  `user_id` = 20 [ RunTime:0.000824s ]
[2026-08-18T22:16:26+08:00][sql] SHOW FULL COLUMNS FROM `seller_follow` [ RunTime:0.001285s ]
[2026-08-18T22:16:26+08:00][sql] SELECT COUNT(*) AS think_count FROM `seller_follow` WHERE  `user_id` = 20 [ RunTime:0.000734s ]
[2026-08-18T22:16:26+08:00][sql] SHOW FULL COLUMNS FROM `browse_history` [ RunTime:0.001100s ]
[2026-08-18T22:16:26+08:00][sql] SELECT COUNT(*) AS think_count FROM `browse_history` WHERE  `user_id` = 20 [ RunTime:0.000671s ]
[2026-08-18T22:16:26+08:00][sql] SHOW FULL COLUMNS FROM `balance_log` [ RunTime:0.001150s ]
[2026-08-18T22:16:26+08:00][sql] SELECT * FROM `balance_log` WHERE  `user_id` = 20 ORDER BY `id` DESC LIMIT 5 [ RunTime:0.000735s ]
[2026-08-18T22:16:26+08:00][sql] SELECT `b`.*,`g`.`title`,`g`.`cover`,g.status as goods_status,`g`.`end_time` FROM `bid_record` `b` LEFT JOIN `goods` `g` ON `b`.`goods_id`=`g`.`id` WHERE  `b`.`user_id` = '20' ORDER BY `b`.`id` DESC LIMIT 5 [ RunTime:0.000784s ]
[2026-08-18T22:16:26+08:00][sql] SELECT `id`,`nickname`,`mobile`,`reg_time` FROM `user` WHERE  `pid` = 20 ORDER BY `id` DESC LIMIT 10 [ RunTime:0.000884s ]
[2026-08-18T22:16:28+08:00][sql] CONNECT:[ UseTime:0.011634s ] mysql:host=127.0.0.1;port=3306;dbname=auction;charset=utf8mb4
[2026-08-18T22:16:28+08:00][sql] SHOW FULL COLUMNS FROM `goods` [ RunTime:0.001255s ]
[2026-08-18T22:16:28+08:00][sql] SELECT `id` FROM `goods` WHERE  `status` = 1  AND `end_time` <= 1787062588 [ RunTime:0.000745s ]
[2026-08-18T22:16:28+08:00][sql] SHOW FULL COLUMNS FROM `user` [ RunTime:0.001303s ]
[2026-08-18T22:16:28+08:00][sql] SELECT * FROM `user` WHERE  `id` = 20 LIMIT 1 [ RunTime:0.000799s ]
[2026-08-18T22:16:28+08:00][sql] SHOW FULL COLUMNS FROM `setting` [ RunTime:0.001069s ]
[2026-08-18T22:16:28+08:00][sql] SELECT * FROM `setting` [ RunTime:0.000592s ]
[2026-08-18T22:16:28+08:00][sql] SELECT COUNT(*) AS think_count FROM `goods` WHERE  `seller_id` = 20 [ RunTime:0.000673s ]
[2026-08-18T22:16:28+08:00][sql] SELECT * FROM `goods` WHERE  `seller_id` = 20 ORDER BY `id` DESC LIMIT 0,10 [ RunTime:0.000739s ]
[2026-08-18T22:16:28+08:00][sql] SHOW FULL COLUMNS FROM `bid_record` [ RunTime:0.001139s ]
[2026-08-18T22:16:28+08:00][sql] SELECT MAX(`price`) AS think_max FROM `bid_record` WHERE  `goods_id` = 28  AND `status` = 0 [ RunTime:0.000683s ]
[2026-08-18T22:16:28+08:00][sql] SELECT MAX(`price`) AS think_max FROM `bid_record` WHERE  `goods_id` = 26  AND `status` = 0 [ RunTime:0.000680s ]
[2026-08-18T22:17:29+08:00][sql] CONNECT:[ UseTime:0.011125s ] mysql:host=127.0.0.1;port=3306;dbname=auction;charset=utf8mb4
[2026-08-18T22:17:29+08:00][sql] SHOW FULL COLUMNS FROM `goods` [ RunTime:0.002169s ]
[2026-08-18T22:17:29+08:00][sql] SELECT `id` FROM `goods` WHERE  `status` = 1  AND `end_time` <= 1787062649 [ RunTime:0.000871s ]
[2026-08-18T22:17:29+08:00][sql] SHOW FULL COLUMNS FROM `user` [ RunTime:0.001468s ]
[2026-08-18T22:17:29+08:00][sql] SELECT * FROM `user` WHERE  `id` = 20 LIMIT 1 [ RunTime:0.000893s ]
[2026-08-18T22:17:29+08:00][sql] SHOW FULL COLUMNS FROM `setting` [ RunTime:0.001218s ]
[2026-08-18T22:17:29+08:00][sql] SELECT * FROM `setting` [ RunTime:0.000715s ]
[2026-08-18T22:17:29+08:00][sql] SELECT * FROM `user` WHERE  `id` = 20 LIMIT 1 [ RunTime:0.000884s ]
[2026-08-18T22:17:29+08:00][sql] SHOW FULL COLUMNS FROM `order` [ RunTime:0.001358s ]
[2026-08-18T22:17:29+08:00][sql] SELECT COUNT(*) AS think_count FROM `order` WHERE  `buyer_id` = 20  AND `order_status` = 0  AND `pay_status` = 0 [ RunTime:0.000767s ]
[2026-08-18T22:17:29+08:00][sql] SELECT COUNT(*) AS think_count FROM `order` WHERE  `buyer_id` = 20  AND `order_status` = 3 [ RunTime:0.000708s ]
[2026-08-18T22:17:29+08:00][sql] SHOW FULL COLUMNS FROM `balance_log` [ RunTime:0.001417s ]
[2026-08-18T22:17:29+08:00][sql] SELECT * FROM `balance_log` WHERE  `user_id` = 20 ORDER BY `id` DESC LIMIT 8 [ RunTime:0.000844s ]
[2026-08-18T22:17:30+08:00][sql] CONNECT:[ UseTime:0.009178s ] mysql:host=127.0.0.1;port=3306;dbname=auction;charset=utf8mb4
[2026-08-18T22:17:30+08:00][sql] SHOW FULL COLUMNS FROM `goods` [ RunTime:0.001558s ]
[2026-08-18T22:17:30+08:00][sql] SELECT `id` FROM `goods` WHERE  `status` = 1  AND `end_time` <= 1787062650 [ RunTime:0.000835s ]
[2026-08-18T22:17:30+08:00][sql] SHOW FULL COLUMNS FROM `user` [ RunTime:0.001437s ]
[2026-08-18T22:17:30+08:00][sql] SELECT * FROM `user` WHERE  `id` = 20 LIMIT 1 [ RunTime:0.000967s ]
[2026-08-18T22:17:30+08:00][sql] SHOW FULL COLUMNS FROM `setting` [ RunTime:0.001390s ]
[2026-08-18T22:17:30+08:00][sql] SELECT * FROM `setting` [ RunTime:0.000872s ]
[2026-08-18T22:17:30+08:00][sql] SHOW FULL COLUMNS FROM `withdraw` [ RunTime:0.002054s ]
[2026-08-18T22:17:30+08:00][sql] SELECT * FROM `withdraw` WHERE  `user_id` = 20 ORDER BY `id` DESC LIMIT 20 [ RunTime:0.001434s ]
[2026-08-18T22:17:30+08:00][sql] SHOW FULL COLUMNS FROM `pay_account` [ RunTime:0.001352s ]
[2026-08-18T22:17:30+08:00][sql] SELECT * FROM `pay_account` WHERE  `user_id` = 20 [ RunTime:0.001094s ]
[2026-08-18T22:17:33+08:00][sql] CONNECT:[ UseTime:0.011235s ] mysql:host=127.0.0.1;port=3306;dbname=auction;charset=utf8mb4
[2026-08-18T22:17:33+08:00][sql] SHOW FULL COLUMNS FROM `goods` [ RunTime:0.001917s ]
[2026-08-18T22:17:33+08:00][sql] SELECT `id` FROM `goods` WHERE  `status` = 1  AND `end_time` <= 1787062653 [ RunTime:0.000833s ]
[2026-08-18T22:17:33+08:00][sql] SHOW FULL COLUMNS FROM `setting` [ RunTime:0.001180s ]
[2026-08-18T22:17:33+08:00][sql] SELECT * FROM `setting` [ RunTime:0.000670s ]
[2026-08-18T22:17:33+08:00][sql] CONNECT:[ UseTime:0.006186s ] mysql:host=127.0.0.1;port=3306;dbname=auction;charset=utf8mb4
[2026-08-18T22:17:33+08:00][sql] SHOW FULL COLUMNS FROM `goods` [ RunTime:0.001950s ]
[2026-08-18T22:17:33+08:00][sql] SELECT `id` FROM `goods` WHERE  `status` = 1  AND `end_time` <= 1787062653 [ RunTime:0.000820s ]
[2026-08-18T22:17:33+08:00][sql] SHOW FULL COLUMNS FROM `setting` [ RunTime:0.001132s ]
[2026-08-18T22:17:33+08:00][sql] SELECT * FROM `setting` [ RunTime:0.000630s ]
[2026-08-18T22:17:39+08:00][sql] CONNECT:[ UseTime:0.009681s ] mysql:host=127.0.0.1;port=3306;dbname=auction;charset=utf8mb4
[2026-08-18T22:17:39+08:00][sql] SHOW FULL COLUMNS FROM `goods` [ RunTime:0.001681s ]
[2026-08-18T22:17:39+08:00][sql] SELECT `id` FROM `goods` WHERE  `status` = 1  AND `end_time` <= 1787062659 [ RunTime:0.000938s ]
[2026-08-18T22:17:39+08:00][sql] SHOW FULL COLUMNS FROM `user` [ RunTime:0.001591s ]
[2026-08-18T22:17:39+08:00][sql] SELECT * FROM `user` WHERE  `id` = 20 LIMIT 1 [ RunTime:0.000988s ]
[2026-08-18T22:17:39+08:00][sql] SHOW FULL COLUMNS FROM `setting` [ RunTime:0.001287s ]
[2026-08-18T22:17:39+08:00][sql] SELECT * FROM `setting` [ RunTime:0.000744s ]
[2026-08-18T22:17:39+08:00][sql] SHOW FULL COLUMNS FROM `pay_account` [ RunTime:0.001437s ]
[2026-08-18T22:17:39+08:00][sql] SELECT * FROM `pay_account` WHERE  `user_id` = 20 [ RunTime:0.000831s ]
[2026-08-18T22:19:11+08:00][sql] CONNECT:[ UseTime:0.001576s ] mysql:host=127.0.0.1;port=3306;dbname=auction;charset=utf8mb4
[2026-08-18T22:19:11+08:00][sql] SHOW FULL COLUMNS FROM `goods` [ RunTime:0.001106s ]
[2026-08-18T22:19:11+08:00][sql] SELECT `id` FROM `goods` WHERE  `status` = 1  AND `end_time` <= 1787062751 [ RunTime:0.000546s ]
[2026-08-18T22:19:11+08:00][sql] SHOW FULL COLUMNS FROM `user` [ RunTime:0.000996s ]
[2026-08-18T22:19:11+08:00][sql] SELECT * FROM `user` WHERE  `id` = 20 LIMIT 1 [ RunTime:0.000539s ]
[2026-08-18T22:19:11+08:00][sql] SHOW FULL COLUMNS FROM `setting` [ RunTime:0.000754s ]
[2026-08-18T22:19:11+08:00][sql] SELECT * FROM `setting` [ RunTime:0.000428s ]
[2026-08-18T22:19:16+08:00][sql] CONNECT:[ UseTime:0.010594s ] mysql:host=127.0.0.1;port=3306;dbname=auction;charset=utf8mb4
[2026-08-18T22:19:16+08:00][sql] SHOW FULL COLUMNS FROM `goods` [ RunTime:0.001730s ]
[2026-08-18T22:19:16+08:00][sql] SELECT `id` FROM `goods` WHERE  `status` = 1  AND `end_time` <= 1787062756 [ RunTime:0.000936s ]
[2026-08-18T22:19:16+08:00][sql] SHOW FULL COLUMNS FROM `user` [ RunTime:0.001593s ]
[2026-08-18T22:19:16+08:00][sql] SELECT * FROM `user` WHERE  `id` = 20 LIMIT 1 [ RunTime:0.000907s ]
[2026-08-18T22:19:16+08:00][sql] SHOW FULL COLUMNS FROM `setting` [ RunTime:0.001347s ]
[2026-08-18T22:19:16+08:00][sql] SELECT * FROM `setting` [ RunTime:0.000754s ]
[2026-08-18T22:19:16+08:00][sql] SHOW FULL COLUMNS FROM `pay_account` [ RunTime:0.001521s ]
[2026-08-18T22:19:16+08:00][sql] SELECT * FROM `pay_account` WHERE  `user_id` = 20  AND `type` = 1 LIMIT 1 [ RunTime:0.000967s ]
[2026-08-18T22:19:16+08:00][sql] INSERT INTO `pay_account` SET `real_name` = '老头' , `account` = '18888888888' , `bank_name` = '' , `qr_code` = '/uploads/20260818/221911_2808.png' , `update_time` = 1787062756 , `user_id` = 20 , `type` = 1 , `create_time` = 1787062756 [ RunTime:0.004898s ]
[2026-08-18T22:19:16+08:00][sql] CONNECT:[ UseTime:0.008599s ] mysql:host=127.0.0.1;port=3306;dbname=auction;charset=utf8mb4
[2026-08-18T22:19:16+08:00][sql] SHOW FULL COLUMNS FROM `goods` [ RunTime:0.001680s ]
[2026-08-18T22:19:16+08:00][sql] SELECT `id` FROM `goods` WHERE  `status` = 1  AND `end_time` <= 1787062756 [ RunTime:0.000839s ]
[2026-08-18T22:19:16+08:00][sql] SHOW FULL COLUMNS FROM `user` [ RunTime:0.001428s ]
[2026-08-18T22:19:16+08:00][sql] SELECT * FROM `user` WHERE  `id` = 20 LIMIT 1 [ RunTime:0.000900s ]
[2026-08-18T22:19:16+08:00][sql] SHOW FULL COLUMNS FROM `setting` [ RunTime:0.001190s ]
[2026-08-18T22:19:16+08:00][sql] SELECT * FROM `setting` [ RunTime:0.000672s ]
[2026-08-18T22:19:16+08:00][sql] SHOW FULL COLUMNS FROM `pay_account` [ RunTime:0.001428s ]
[2026-08-18T22:19:16+08:00][sql] SELECT * FROM `pay_account` WHERE  `user_id` = 20 [ RunTime:0.000784s ]
[2026-08-18T22:19:21+08:00][sql] CONNECT:[ UseTime:0.010682s ] mysql:host=127.0.0.1;port=3306;dbname=auction;charset=utf8mb4
[2026-08-18T22:19:21+08:00][sql] SHOW FULL COLUMNS FROM `goods` [ RunTime:0.001628s ]
[2026-08-18T22:19:21+08:00][sql] SELECT `id` FROM `goods` WHERE  `status` = 1  AND `end_time` <= 1787062761 [ RunTime:0.000853s ]
[2026-08-18T22:19:21+08:00][sql] SHOW FULL COLUMNS FROM `user` [ RunTime:0.001502s ]
[2026-08-18T22:19:21+08:00][sql] SELECT * FROM `user` WHERE  `id` = 20 LIMIT 1 [ RunTime:0.000980s ]
[2026-08-18T22:19:21+08:00][sql] SHOW FULL COLUMNS FROM `setting` [ RunTime:0.001272s ]
[2026-08-18T22:19:21+08:00][sql] SELECT * FROM `setting` [ RunTime:0.000748s ]
[2026-08-18T22:19:21+08:00][sql] SHOW FULL COLUMNS FROM `withdraw` [ RunTime:0.001370s ]
[2026-08-18T22:19:21+08:00][sql] SELECT * FROM `withdraw` WHERE  `user_id` = 20 ORDER BY `id` DESC LIMIT 20 [ RunTime:0.001005s ]
[2026-08-18T22:19:21+08:00][sql] SHOW FULL COLUMNS FROM `pay_account` [ RunTime:0.001577s ]
[2026-08-18T22:19:21+08:00][sql] SELECT * FROM `pay_account` WHERE  `user_id` = 20 [ RunTime:0.001141s ]
[2026-08-18T22:19:34+08:00][sql] CONNECT:[ UseTime:0.017177s ] mysql:host=127.0.0.1;port=3306;dbname=auction;charset=utf8mb4
[2026-08-18T22:19:34+08:00][sql] SHOW FULL COLUMNS FROM `goods` [ RunTime:0.002604s ]
[2026-08-18T22:19:34+08:00][sql] SELECT `id` FROM `goods` WHERE  `status` = 1  AND `end_time` <= 1787062773 [ RunTime:0.000962s ]
[2026-08-18T22:19:34+08:00][sql] SHOW FULL COLUMNS FROM `user` [ RunTime:0.001599s ]
[2026-08-18T22:19:34+08:00][sql] SELECT * FROM `user` WHERE  `id` = 20 LIMIT 1 [ RunTime:0.000870s ]
[2026-08-18T22:19:34+08:00][sql] SHOW FULL COLUMNS FROM `setting` [ RunTime:0.001291s ]
[2026-08-18T22:19:34+08:00][sql] SELECT * FROM `setting` [ RunTime:0.000720s ]
[2026-08-18T22:19:34+08:00][sql] SHOW FULL COLUMNS FROM `pay_account` [ RunTime:0.001455s ]
[2026-08-18T22:19:34+08:00][sql] SELECT * FROM `pay_account` WHERE  `user_id` = 20  AND `type` = 1 LIMIT 1 [ RunTime:0.000835s ]
[2026-08-18T22:19:34+08:00][sql] SELECT * FROM `user` WHERE  `id` = 20 LIMIT 1   FOR UPDATE [ RunTime:0.000983s ]
[2026-08-18T22:19:34+08:00][sql] UPDATE `user`  SET `balance` = '4000' , `update_time` = 1787062774  WHERE  `id` = 20 [ RunTime:0.001398s ]
[2026-08-18T22:19:34+08:00][sql] SHOW FULL COLUMNS FROM `withdraw` [ RunTime:0.001933s ]
[2026-08-18T22:19:34+08:00][sql] INSERT INTO `withdraw` SET `user_id` = 20 , `amount` = '1000' , `fee` = '10' , `account_type` = 1 , `account` = '18888888888' , `account_name` = '老头' , `bank_name` = '' , `qr_code` = '/uploads/20260818/221911_2808.png' , `status` = 0 , `create_time` = 1787062774 , `update_time` = 1787062774 [ RunTime:0.000708s ]
[2026-08-18T22:19:34+08:00][sql] SHOW FULL COLUMNS FROM `balance_log` [ RunTime:0.006420s ]
[2026-08-18T22:19:34+08:00][sql] INSERT INTO `balance_log` SET `user_id` = 20 , `type` = 'withdraw' , `amount` = '-1000' , `balance` = '4000' , `remark` = '提现申请冻结：1000元' , `create_time` = 1787062774 [ RunTime:0.000820s ]
[2026-08-18T22:19:34+08:00][sql] CONNECT:[ UseTime:0.020563s ] mysql:host=127.0.0.1;port=3306;dbname=auction;charset=utf8mb4
[2026-08-18T22:19:34+08:00][sql] SHOW FULL COLUMNS FROM `goods` [ RunTime:0.001942s ]
[2026-08-18T22:19:34+08:00][sql] SELECT `id` FROM `goods` WHERE  `status` = 1  AND `end_time` <= 1787062774 [ RunTime:0.000977s ]
[2026-08-18T22:19:34+08:00][sql] SHOW FULL COLUMNS FROM `user` [ RunTime:0.001616s ]
[2026-08-18T22:19:34+08:00][sql] SELECT * FROM `user` WHERE  `id` = 20 LIMIT 1 [ RunTime:0.001002s ]
[2026-08-18T22:19:34+08:00][sql] SHOW FULL COLUMNS FROM `setting` [ RunTime:0.001324s ]
[2026-08-18T22:19:34+08:00][sql] SELECT * FROM `setting` [ RunTime:0.000694s ]
[2026-08-18T22:19:34+08:00][sql] SHOW FULL COLUMNS FROM `withdraw` [ RunTime:0.001404s ]
[2026-08-18T22:19:34+08:00][sql] SELECT * FROM `withdraw` WHERE  `user_id` = 20 ORDER BY `id` DESC LIMIT 20 [ RunTime:0.000866s ]
[2026-08-18T22:19:34+08:00][sql] SHOW FULL COLUMNS FROM `pay_account` [ RunTime:0.001335s ]
[2026-08-18T22:19:34+08:00][sql] SELECT * FROM `pay_account` WHERE  `user_id` = 20 [ RunTime:0.001377s ]
[2026-08-18T22:19:48+08:00][sql] CONNECT:[ UseTime:0.003983s ] mysql:host=127.0.0.1;port=3306;dbname=auction;charset=utf8mb4
[2026-08-18T22:19:48+08:00][sql] SHOW FULL COLUMNS FROM `goods` [ RunTime:0.001769s ]
[2026-08-18T22:19:48+08:00][sql] SELECT `id` FROM `goods` WHERE  `status` = 1  AND `end_time` <= 1787062787 [ RunTime:0.000944s ]
[2026-08-18T22:19:48+08:00][sql] SHOW FULL COLUMNS FROM `user` [ RunTime:0.001619s ]
[2026-08-18T22:19:48+08:00][sql] SELECT * FROM `user` WHERE  `id` = 20 LIMIT 1 [ RunTime:0.000994s ]
[2026-08-18T22:19:48+08:00][sql] SHOW FULL COLUMNS FROM `setting` [ RunTime:0.001428s ]
[2026-08-18T22:19:48+08:00][sql] SELECT * FROM `setting` [ RunTime:0.000765s ]
[2026-08-18T22:19:48+08:00][sql] SHOW FULL COLUMNS FROM `bid_record` [ RunTime:0.001511s ]
[2026-08-18T22:19:48+08:00][sql] SELECT COUNT(*) AS think_count FROM `bid_record` WHERE  `user_id` = 20 [ RunTime:0.000841s ]
[2026-08-18T22:19:48+08:00][sql] SHOW FULL COLUMNS FROM `order` [ RunTime:0.002349s ]
[2026-08-18T22:19:48+08:00][sql] SELECT COUNT(*) AS think_count FROM `order` WHERE  `buyer_id` = 20  AND `pay_status` = 1 [ RunTime:0.000901s ]
[2026-08-18T22:19:48+08:00][sql] SELECT COUNT(*) AS think_count FROM `goods` WHERE  `seller_id` = 20  AND `status` = 2 [ RunTime:0.002590s ]
[2026-08-18T22:19:48+08:00][sql] SELECT COUNT(*) AS think_count FROM `goods` WHERE  `seller_id` = 20 [ RunTime:0.000872s ]
[2026-08-18T22:19:48+08:00][sql] SELECT COUNT(*) AS think_count FROM `order` WHERE  `buyer_id` = 20  AND `pay_status` = 0  AND `order_status` = 0 [ RunTime:0.000788s ]
[2026-08-18T22:19:48+08:00][sql] SELECT COUNT(*) AS think_count FROM `order` WHERE  `seller_id` = 20  AND `order_status` = 1 [ RunTime:0.000826s ]
[2026-08-18T22:19:48+08:00][sql] SELECT COUNT(*) AS think_count FROM `order` WHERE  `buyer_id` = 20  AND `order_status` = 0  AND `pay_status` = 0 [ RunTime:0.000744s ]
[2026-08-18T22:19:48+08:00][sql] SELECT COUNT(*) AS think_count FROM `order` WHERE  `buyer_id` = 20  AND `order_status` = 1 [ RunTime:0.000784s ]
[2026-08-18T22:19:48+08:00][sql] SELECT COUNT(*) AS think_count FROM `order` WHERE  `buyer_id` = 20  AND `order_status` = 2 [ RunTime:0.000772s ]
[2026-08-18T22:19:48+08:00][sql] SELECT COUNT(*) AS think_count FROM `order` WHERE  `buyer_id` = 20  AND `order_status` = 3 [ RunTime:0.000733s ]
[2026-08-18T22:19:48+08:00][sql] SELECT COUNT(*) AS think_count FROM `order` WHERE  `seller_id` = 20  AND `order_status` = 1 [ RunTime:0.000727s ]
[2026-08-18T22:19:48+08:00][sql] SHOW FULL COLUMNS FROM `goods_favorite` [ RunTime:0.001802s ]
[2026-08-18T22:19:48+08:00][sql] SELECT COUNT(*) AS think_count FROM `goods_favorite` WHERE  `user_id` = 20 [ RunTime:0.001265s ]
[2026-08-18T22:19:48+08:00][sql] SHOW FULL COLUMNS FROM `seller_follow` [ RunTime:0.001667s ]
[2026-08-18T22:19:48+08:00][sql] SELECT COUNT(*) AS think_count FROM `seller_follow` WHERE  `user_id` = 20 [ RunTime:0.000922s ]
[2026-08-18T22:19:48+08:00][sql] SHOW FULL COLUMNS FROM `browse_history` [ RunTime:0.001435s ]
[2026-08-18T22:19:48+08:00][sql] SELECT COUNT(*) AS think_count FROM `browse_history` WHERE  `user_id` = 20 [ RunTime:0.000875s ]
[2026-08-18T22:19:48+08:00][sql] SHOW FULL COLUMNS FROM `balance_log` [ RunTime:0.001430s ]
[2026-08-18T22:19:48+08:00][sql] SELECT * FROM `balance_log` WHERE  `user_id` = 20 ORDER BY `id` DESC LIMIT 5 [ RunTime:0.000968s ]
[2026-08-18T22:19:48+08:00][sql] SELECT `b`.*,`g`.`title`,`g`.`cover`,g.status as goods_status,`g`.`end_time` FROM `bid_record` `b` LEFT JOIN `goods` `g` ON `b`.`goods_id`=`g`.`id` WHERE  `b`.`user_id` = '20' ORDER BY `b`.`id` DESC LIMIT 5 [ RunTime:0.001003s ]
[2026-08-18T22:19:48+08:00][sql] SELECT `id`,`nickname`,`mobile`,`reg_time` FROM `user` WHERE  `pid` = 20 ORDER BY `id` DESC LIMIT 10 [ RunTime:0.000901s ]
[2026-08-18T22:22:12+08:00][sql] CONNECT:[ UseTime:0.019876s ] mysql:host=127.0.0.1;port=3306;dbname=auction;charset=utf8mb4
[2026-08-18T22:22:12+08:00][sql] SHOW FULL COLUMNS FROM `goods` [ RunTime:0.001149s ]
[2026-08-18T22:22:12+08:00][sql] SELECT `id` FROM `goods` WHERE  `status` = 1  AND `end_time` <= 1787062932 [ RunTime:0.001220s ]
[2026-08-18T22:22:12+08:00][sql] SHOW FULL COLUMNS FROM `user` [ RunTime:0.002002s ]
[2026-08-18T22:22:12+08:00][sql] SELECT * FROM `user` WHERE  `id` = 20 LIMIT 1 [ RunTime:0.001124s ]
[2026-08-18T22:22:12+08:00][sql] SHOW FULL COLUMNS FROM `setting` [ RunTime:0.001563s ]
[2026-08-18T22:22:12+08:00][sql] SELECT * FROM `setting` [ RunTime:0.000861s ]
[2026-08-18T22:22:12+08:00][sql] SELECT * FROM `user` WHERE  `id` = 20 LIMIT 1 [ RunTime:0.001166s ]
[2026-08-18T22:22:12+08:00][sql] SHOW FULL COLUMNS FROM `order` [ RunTime:0.001943s ]
[2026-08-18T22:22:12+08:00][sql] SELECT COUNT(*) AS think_count FROM `order` WHERE  `buyer_id` = 20  AND `order_status` = 0  AND `pay_status` = 0 [ RunTime:0.000975s ]
[2026-08-18T22:22:12+08:00][sql] SELECT COUNT(*) AS think_count FROM `order` WHERE  `buyer_id` = 20  AND `order_status` = 3 [ RunTime:0.001106s ]
[2026-08-18T22:22:12+08:00][sql] SHOW FULL COLUMNS FROM `balance_log` [ RunTime:0.001722s ]
[2026-08-18T22:22:12+08:00][sql] SELECT * FROM `balance_log` WHERE  `user_id` = 20 ORDER BY `id` DESC LIMIT 8 [ RunTime:0.001150s ]
[2026-08-18T22:22:14+08:00][sql] CONNECT:[ UseTime:0.012874s ] mysql:host=127.0.0.1;port=3306;dbname=auction;charset=utf8mb4
[2026-08-18T22:22:14+08:00][sql] SHOW FULL COLUMNS FROM `goods` [ RunTime:0.002256s ]
[2026-08-18T22:22:14+08:00][sql] SELECT `id` FROM `goods` WHERE  `status` = 1  AND `end_time` <= 1787062934 [ RunTime:0.000986s ]
[2026-08-18T22:22:14+08:00][sql] SHOW FULL COLUMNS FROM `user` [ RunTime:0.001733s ]
[2026-08-18T22:22:14+08:00][sql] SELECT * FROM `user` WHERE  `id` = 20 LIMIT 1 [ RunTime:0.000937s ]
[2026-08-18T22:22:14+08:00][sql] SHOW FULL COLUMNS FROM `setting` [ RunTime:0.001214s ]
[2026-08-18T22:22:14+08:00][sql] SELECT * FROM `setting` [ RunTime:0.000623s ]
[2026-08-18T22:22:14+08:00][sql] SHOW FULL COLUMNS FROM `withdraw` [ RunTime:0.001788s ]
[2026-08-18T22:22:14+08:00][sql] SELECT * FROM `withdraw` WHERE  `user_id` = 20 ORDER BY `id` DESC LIMIT 20 [ RunTime:0.001427s ]
[2026-08-18T22:22:14+08:00][sql] SHOW FULL COLUMNS FROM `pay_account` [ RunTime:0.001717s ]
[2026-08-18T22:22:14+08:00][sql] SELECT * FROM `pay_account` WHERE  `user_id` = 20 [ RunTime:0.000871s ]
[2026-08-18T22:22:16+08:00][sql] CONNECT:[ UseTime:0.019656s ] mysql:host=127.0.0.1;port=3306;dbname=auction;charset=utf8mb4
[2026-08-18T22:22:16+08:00][sql] SHOW FULL COLUMNS FROM `goods` [ RunTime:0.001444s ]
[2026-08-18T22:22:16+08:00][sql] SELECT `id` FROM `goods` WHERE  `status` = 1  AND `end_time` <= 1787062936 [ RunTime:0.000750s ]
[2026-08-18T22:22:16+08:00][sql] SHOW FULL COLUMNS FROM `user` [ RunTime:0.002217s ]
[2026-08-18T22:22:16+08:00][sql] SELECT * FROM `user` WHERE  `id` = 20 LIMIT 1 [ RunTime:0.000737s ]
[2026-08-18T22:22:16+08:00][sql] SHOW FULL COLUMNS FROM `setting` [ RunTime:0.001170s ]
[2026-08-18T22:22:16+08:00][sql] SELECT * FROM `setting` [ RunTime:0.000619s ]
[2026-08-18T22:22:16+08:00][sql] SHOW FULL COLUMNS FROM `pay_account` [ RunTime:0.001213s ]
[2026-08-18T22:22:16+08:00][sql] SELECT * FROM `pay_account` WHERE  `user_id` = 20 [ RunTime:0.000700s ]
[2026-08-18T22:22:21+08:00][sql] CONNECT:[ UseTime:0.006007s ] mysql:host=127.0.0.1;port=3306;dbname=auction;charset=utf8mb4
[2026-08-18T22:22:21+08:00][sql] SHOW FULL COLUMNS FROM `goods` [ RunTime:0.002375s ]
[2026-08-18T22:22:21+08:00][sql] SELECT `id` FROM `goods` WHERE  `status` = 1  AND `end_time` <= 1787062941 [ RunTime:0.001131s ]
[2026-08-18T22:22:21+08:00][sql] SHOW FULL COLUMNS FROM `user` [ RunTime:0.002190s ]
[2026-08-18T22:22:21+08:00][sql] SELECT * FROM `user` WHERE  `id` = 20 LIMIT 1 [ RunTime:0.001229s ]
[2026-08-18T22:22:21+08:00][sql] SHOW FULL COLUMNS FROM `setting` [ RunTime:0.001599s ]
[2026-08-18T22:22:21+08:00][sql] SELECT * FROM `setting` [ RunTime:0.000856s ]
[2026-08-18T22:22:21+08:00][sql] SHOW FULL COLUMNS FROM `pay_account` [ RunTime:0.001713s ]
[2026-08-18T22:22:21+08:00][sql] SELECT * FROM `pay_account` WHERE  `user_id` = 20 [ RunTime:0.000995s ]
[2026-08-18T22:22:33+08:00][sql] CONNECT:[ UseTime:0.010126s ] mysql:host=127.0.0.1;port=3306;dbname=auction;charset=utf8mb4
[2026-08-18T22:22:33+08:00][sql] SHOW FULL COLUMNS FROM `goods` [ RunTime:0.001293s ]
[2026-08-18T22:22:33+08:00][sql] SELECT `id` FROM `goods` WHERE  `status` = 1  AND `end_time` <= 1787062953 [ RunTime:0.001030s ]
[2026-08-18T22:22:33+08:00][sql] SHOW FULL COLUMNS FROM `setting` [ RunTime:0.001777s ]
[2026-08-18T22:22:33+08:00][sql] SELECT * FROM `setting` [ RunTime:0.001087s ]
[2026-08-18T22:22:34+08:00][sql] CONNECT:[ UseTime:0.012932s ] mysql:host=127.0.0.1;port=3306;dbname=auction;charset=utf8mb4
[2026-08-18T22:22:34+08:00][sql] SHOW FULL COLUMNS FROM `goods` [ RunTime:0.001256s ]
[2026-08-18T22:22:34+08:00][sql] SELECT `id` FROM `goods` WHERE  `status` = 1  AND `end_time` <= 1787062953 [ RunTime:0.000902s ]
[2026-08-18T22:22:34+08:00][sql] SHOW FULL COLUMNS FROM `setting` [ RunTime:0.001738s ]
[2026-08-18T22:22:34+08:00][sql] SELECT * FROM `setting` [ RunTime:0.001215s ]
[2026-08-18T22:23:26+08:00][sql] CONNECT:[ UseTime:0.010566s ] mysql:host=127.0.0.1;port=3306;dbname=auction;charset=utf8mb4
[2026-08-18T22:23:26+08:00][sql] SHOW FULL COLUMNS FROM `goods` [ RunTime:0.001222s ]
[2026-08-18T22:23:26+08:00][sql] SELECT `id` FROM `goods` WHERE  `status` = 1  AND `end_time` <= 1787063006 [ RunTime:0.000683s ]
[2026-08-18T22:23:26+08:00][sql] SHOW FULL COLUMNS FROM `setting` [ RunTime:0.001269s ]
[2026-08-18T22:23:26+08:00][sql] SELECT * FROM `setting` [ RunTime:0.000713s ]
[2026-08-18T22:23:26+08:00][sql] CONNECT:[ UseTime:0.013591s ] mysql:host=127.0.0.1;port=3306;dbname=auction;charset=utf8mb4
[2026-08-18T22:23:26+08:00][sql] SHOW FULL COLUMNS FROM `goods` [ RunTime:0.001203s ]
[2026-08-18T22:23:26+08:00][sql] SELECT `id` FROM `goods` WHERE  `status` = 1  AND `end_time` <= 1787063006 [ RunTime:0.000597s ]
[2026-08-18T22:23:26+08:00][sql] SHOW FULL COLUMNS FROM `setting` [ RunTime:0.001311s ]
[2026-08-18T22:23:26+08:00][sql] SELECT * FROM `setting` [ RunTime:0.000674s ]
[2026-08-18T22:23:26+08:00][sql] SHOW FULL COLUMNS FROM `user` [ RunTime:0.001052s ]
[2026-08-18T22:23:26+08:00][sql] SELECT * FROM `user` WHERE  `mobile` = '19900000001' LIMIT 1 [ RunTime:0.000945s ]
[2026-08-18T22:23:26+08:00][sql] UPDATE `user`  SET `last_login_time` = 1787063006 , `update_time` = 1787063006  WHERE  `id` = 21 [ RunTime:0.004542s ]
[2026-08-18T22:23:26+08:00][sql] CONNECT:[ UseTime:0.012521s ] mysql:host=127.0.0.1;port=3306;dbname=auction;charset=utf8mb4
[2026-08-18T22:23:26+08:00][sql] SHOW FULL COLUMNS FROM `goods` [ RunTime:0.001180s ]
[2026-08-18T22:23:26+08:00][sql] SELECT `id` FROM `goods` WHERE  `status` = 1  AND `end_time` <= 1787063006 [ RunTime:0.000599s ]
[2026-08-18T22:23:26+08:00][sql] SHOW FULL COLUMNS FROM `user` [ RunTime:0.001292s ]
[2026-08-18T22:23:26+08:00][sql] SELECT * FROM `user` WHERE  `id` = 21 LIMIT 1 [ RunTime:0.000638s ]
[2026-08-18T22:23:26+08:00][sql] SHOW FULL COLUMNS FROM `setting` [ RunTime:0.001104s ]
[2026-08-18T22:23:26+08:00][sql] SELECT * FROM `setting` [ RunTime:0.000589s ]
[2026-08-18T22:23:26+08:00][sql] SHOW FULL COLUMNS FROM `pay_account` [ RunTime:0.001098s ]
[2026-08-18T22:23:26+08:00][sql] SELECT * FROM `pay_account` WHERE  `user_id` = 21 [ RunTime:0.000593s ]
[2026-08-18T22:24:54+08:00][sql] CONNECT:[ UseTime:0.020614s ] mysql:host=127.0.0.1;port=3306;dbname=auction;charset=utf8mb4
[2026-08-18T22:24:54+08:00][sql] SHOW FULL COLUMNS FROM `goods` [ RunTime:0.002370s ]
[2026-08-18T22:24:54+08:00][sql] SELECT `id` FROM `goods` WHERE  `status` = 1  AND `end_time` <= 1787063094 [ RunTime:0.001331s ]
[2026-08-18T22:24:54+08:00][sql] SHOW FULL COLUMNS FROM `user` [ RunTime:0.002371s ]
[2026-08-18T22:24:54+08:00][sql] SELECT * FROM `user` WHERE  `id` = 20 LIMIT 1 [ RunTime:0.001504s ]
[2026-08-18T22:24:54+08:00][sql] SHOW FULL COLUMNS FROM `setting` [ RunTime:0.001955s ]
[2026-08-18T22:24:54+08:00][sql] SELECT * FROM `setting` [ RunTime:0.001122s ]
[2026-08-18T22:24:54+08:00][sql] SHOW FULL COLUMNS FROM `pay_account` [ RunTime:0.001978s ]
[2026-08-18T22:24:54+08:00][sql] SELECT * FROM `pay_account` WHERE  `user_id` = 20 [ RunTime:0.001069s ]
