[2026-08-19T08:51:43+08:00][error] [10501]SQLSTATE[HY000] [2002] 由于目标计算机积极拒绝，无法连接。[D:\work\08\17_3\vendor\topthink\think-orm\src\db\PDOConnection.php:836]
[2026-08-19T08:53:00+08:00][sql] CONNECT:[ UseTime:0.026418s ] mysql:host=127.0.0.1;port=3306;dbname=auction;charset=utf8mb4
[2026-08-19T08:53:00+08:00][sql] SHOW FULL COLUMNS FROM `goods` [ RunTime:0.012352s ]
[2026-08-19T08:53:00+08:00][sql] SELECT `id` FROM `goods` WHERE  `status` = 1  AND `end_time` <= 1787100780 [ RunTime:0.002865s ]
[2026-08-19T08:53:00+08:00][sql] SHOW FULL COLUMNS FROM `setting` [ RunTime:0.005267s ]
[2026-08-19T08:53:00+08:00][sql] SELECT * FROM `setting` [ RunTime:0.000891s ]
[2026-08-19T08:53:00+08:00][sql] SELECT COUNT(*) AS think_count FROM `goods` `g` LEFT JOIN `user` `u` ON `g`.`seller_id`=`u`.`id` WHERE  `g`.`status` = '1'  AND `g`.`start_time` <= '1787100780'  AND `g`.`end_time` > '1787100780' [ RunTime:0.005727s ]
[2026-08-19T08:53:00+08:00][sql] SELECT `g`.*,u.nickname as seller_name FROM `goods` `g` LEFT JOIN `user` `u` ON `g`.`seller_id`=`u`.`id` WHERE  `g`.`status` = '1'  AND `g`.`start_time` <= '1787100780'  AND `g`.`end_time` > '1787100780' ORDER BY `g`.`end_time` ASC,`g`.`id` DESC LIMIT 0,10 [ RunTime:0.001556s ]
[2026-08-19T08:53:00+08:00][sql] SHOW FULL COLUMNS FROM `bid_record` [ RunTime:0.006530s ]
[2026-08-19T08:53:00+08:00][sql] SELECT MAX(`price`) AS think_max FROM `bid_record` WHERE  `goods_id` = 28  AND `status` = 0 [ RunTime:0.001414s ]
[2026-08-19T08:53:00+08:00][sql] SHOW FULL COLUMNS FROM `category` [ RunTime:0.006121s ]
[2026-08-19T08:53:00+08:00][sql] SELECT * FROM `category` WHERE  `status` = 1 ORDER BY `sort` ASC [ RunTime:0.001067s ]
[2026-08-19T08:53:00+08:00][sql] SELECT `b`.`price`,`b`.`create_time`,`g`.`title`,`u`.`nickname` FROM `bid_record` `b` LEFT JOIN `goods` `g` ON `b`.`goods_id`=`g`.`id` LEFT JOIN `user` `u` ON `b`.`user_id`=`u`.`id` WHERE  `b`.`status` = '1' ORDER BY `b`.`id` DESC LIMIT 5 [ RunTime:0.001036s ]
[2026-08-19T08:53:00+08:00][sql] SHOW FULL COLUMNS FROM `news` [ RunTime:0.005956s ]
[2026-08-19T08:53:00+08:00][sql] SELECT `id`,`title`,`create_time` FROM `news` WHERE  `status` = 1 ORDER BY `id` DESC LIMIT 3 [ RunTime:0.001422s ]
[2026-08-19T08:53:00+08:00][sql] SHOW FULL COLUMNS FROM `banner` [ RunTime:0.007002s ]
[2026-08-19T08:53:00+08:00][sql] SELECT * FROM `banner` WHERE  `status` = 1 ORDER BY `sort` ASC,`id` ASC [ RunTime:0.001033s ]
[2026-08-19T08:53:10+08:00][sql] CONNECT:[ UseTime:0.008555s ] mysql:host=127.0.0.1;port=3306;dbname=auction;charset=utf8mb4
[2026-08-19T08:53:10+08:00][sql] SHOW FULL COLUMNS FROM `goods` [ RunTime:0.002386s ]
[2026-08-19T08:53:10+08:00][sql] SELECT `id` FROM `goods` WHERE  `status` = 1  AND `end_time` <= 1787100790 [ RunTime:0.000751s ]
[2026-08-19T08:53:10+08:00][sql] SHOW FULL COLUMNS FROM `setting` [ RunTime:0.002554s ]
[2026-08-19T08:53:10+08:00][sql] SELECT * FROM `setting` [ RunTime:0.000607s ]
[2026-08-19T08:53:10+08:00][sql] SELECT `g`.*,u.nickname as seller_name,u.shop_name as seller_shop,u.avatar as seller_avatar,c.name as category_name FROM `goods` `g` LEFT JOIN `user` `u` ON `g`.`seller_id`=`u`.`id` LEFT JOIN `category` `c` ON `g`.`category_id`=`c`.`id` WHERE  `g`.`id` = '28' LIMIT 1 [ RunTime:0.003565s ]
[2026-08-19T08:53:10+08:00][sql] UPDATE `goods`  SET `view_count` = `view_count` + 1  WHERE  `id` = 28 [ RunTime:0.002271s ]
[2026-08-19T08:53:10+08:00][sql] SHOW FULL COLUMNS FROM `bid_record` [ RunTime:0.002542s ]
[2026-08-19T08:53:10+08:00][sql] SELECT `b`.*,`u`.`nickname`,`u`.`mobile` FROM `bid_record` `b` LEFT JOIN `user` `u` ON `b`.`user_id`=`u`.`id` WHERE  `b`.`goods_id` = '28'  AND `b`.`status` = '0' ORDER BY `b`.`price` DESC,`b`.`id` ASC LIMIT 1 [ RunTime:0.000948s ]
[2026-08-19T08:53:10+08:00][sql] SELECT `b`.*,`u`.`nickname`,`u`.`mobile` FROM `bid_record` `b` LEFT JOIN `user` `u` ON `b`.`user_id`=`u`.`id` WHERE  `b`.`goods_id` = '28' ORDER BY `b`.`price` DESC,`b`.`id` ASC LIMIT 50 [ RunTime:0.000783s ]
[2026-08-19T08:54:38+08:00][sql] CONNECT:[ UseTime:0.002541s ] mysql:host=127.0.0.1;port=3306;dbname=auction;charset=utf8mb4
[2026-08-19T08:54:38+08:00][sql] SHOW FULL COLUMNS FROM `goods` [ RunTime:0.003246s ]
[2026-08-19T08:54:38+08:00][sql] SELECT `id` FROM `goods` WHERE  `status` = 1  AND `end_time` <= 1787100878 [ RunTime:0.000868s ]
[2026-08-19T08:54:38+08:00][sql] SHOW FULL COLUMNS FROM `setting` [ RunTime:0.005214s ]
[2026-08-19T08:54:38+08:00][sql] SELECT * FROM `setting` [ RunTime:0.000874s ]
[2026-08-19T08:54:38+08:00][sql] CONNECT:[ UseTime:0.004778s ] mysql:host=127.0.0.1;port=3306;dbname=auction;charset=utf8mb4
[2026-08-19T08:54:38+08:00][sql] SHOW FULL COLUMNS FROM `goods` [ RunTime:0.004418s ]
[2026-08-19T08:54:38+08:00][sql] SELECT `id` FROM `goods` WHERE  `status` = 1  AND `end_time` <= 1787100878 [ RunTime:0.001150s ]
[2026-08-19T08:54:38+08:00][sql] SHOW FULL COLUMNS FROM `setting` [ RunTime:0.003878s ]
[2026-08-19T08:54:38+08:00][sql] SELECT * FROM `setting` [ RunTime:0.001092s ]
[2026-08-19T08:55:55+08:00][sql] CONNECT:[ UseTime:0.012373s ] mysql:host=127.0.0.1;port=3306;dbname=auction;charset=utf8mb4
[2026-08-19T08:55:55+08:00][sql] SHOW FULL COLUMNS FROM `goods` [ RunTime:0.002885s ]
[2026-08-19T08:55:55+08:00][sql] SELECT `id` FROM `goods` WHERE  `status` = 1  AND `end_time` <= 1787100955 [ RunTime:0.000865s ]
[2026-08-19T08:55:55+08:00][sql] SHOW FULL COLUMNS FROM `setting` [ RunTime:0.002823s ]
[2026-08-19T08:55:55+08:00][sql] SELECT * FROM `setting` [ RunTime:0.000633s ]
[2026-08-19T08:56:52+08:00][sql] CONNECT:[ UseTime:0.001854s ] mysql:host=127.0.0.1;port=3306;dbname=auction;charset=utf8mb4
[2026-08-19T08:56:52+08:00][sql] SHOW FULL COLUMNS FROM `goods` [ RunTime:0.002783s ]
[2026-08-19T08:56:52+08:00][sql] SELECT `id` FROM `goods` WHERE  `status` = 1  AND `end_time` <= 1787101012 [ RunTime:0.000656s ]
[2026-08-19T08:56:52+08:00][sql] SHOW FULL COLUMNS FROM `setting` [ RunTime:0.002603s ]
[2026-08-19T08:56:52+08:00][sql] SELECT * FROM `setting` [ RunTime:0.000543s ]
[2026-08-19T08:56:52+08:00][sql] SHOW FULL COLUMNS FROM `user` [ RunTime:0.002712s ]
[2026-08-19T08:56:52+08:00][sql] SELECT * FROM `user` WHERE  `mobile` = '15555555555' LIMIT 1 [ RunTime:0.003622s ]
[2026-08-19T08:56:52+08:00][sql] UPDATE `user`  SET `last_login_time` = 1787101012 , `update_time` = 1787101012  WHERE  `id` = 25 [ RunTime:0.001624s ]
[2026-08-19T08:56:53+08:00][sql] CONNECT:[ UseTime:0.002014s ] mysql:host=127.0.0.1;port=3306;dbname=auction;charset=utf8mb4
[2026-08-19T08:56:53+08:00][sql] SHOW FULL COLUMNS FROM `goods` [ RunTime:0.002967s ]
[2026-08-19T08:56:53+08:00][sql] SELECT `id` FROM `goods` WHERE  `status` = 1  AND `end_time` <= 1787101013 [ RunTime:0.000668s ]
[2026-08-19T08:56:53+08:00][sql] SHOW FULL COLUMNS FROM `user` [ RunTime:0.003154s ]
[2026-08-19T08:56:53+08:00][sql] SELECT * FROM `user` WHERE  `id` = 25 LIMIT 1 [ RunTime:0.000844s ]
[2026-08-19T08:56:53+08:00][sql] SHOW FULL COLUMNS FROM `setting` [ RunTime:0.002551s ]
[2026-08-19T08:56:53+08:00][sql] SELECT * FROM `setting` [ RunTime:0.000572s ]
[2026-08-19T08:56:53+08:00][sql] SHOW FULL COLUMNS FROM `bid_record` [ RunTime:0.003600s ]
[2026-08-19T08:56:53+08:00][sql] SELECT COUNT(*) AS think_count FROM `bid_record` WHERE  `user_id` = 25 [ RunTime:0.001362s ]
[2026-08-19T08:56:53+08:00][sql] SHOW FULL COLUMNS FROM `order` [ RunTime:0.003475s ]
[2026-08-19T08:56:53+08:00][sql] SELECT COUNT(*) AS think_count FROM `order` WHERE  `buyer_id` = 25  AND `pay_status` = 1 [ RunTime:0.001270s ]
[2026-08-19T08:56:53+08:00][sql] SELECT COUNT(*) AS think_count FROM `goods` WHERE  `seller_id` = 25  AND `status` = 2 [ RunTime:0.005178s ]
[2026-08-19T08:56:53+08:00][sql] SELECT COUNT(*) AS think_count FROM `goods` WHERE  `seller_id` = 25 [ RunTime:0.001169s ]
[2026-08-19T08:56:53+08:00][sql] SELECT COUNT(*) AS think_count FROM `order` WHERE  `buyer_id` = 25  AND `pay_status` = 0  AND `order_status` = 0 [ RunTime:0.000826s ]
[2026-08-19T08:56:53+08:00][sql] SELECT COUNT(*) AS think_count FROM `order` WHERE  `seller_id` = 25  AND `order_status` = 1 [ RunTime:0.001821s ]
[2026-08-19T08:56:53+08:00][sql] SELECT COUNT(*) AS think_count FROM `order` WHERE  `buyer_id` = 25  AND `order_status` = 0  AND `pay_status` = 0 [ RunTime:0.001057s ]
[2026-08-19T08:56:53+08:00][sql] SELECT COUNT(*) AS think_count FROM `order` WHERE  `buyer_id` = 25  AND `order_status` = 1 [ RunTime:0.001091s ]
[2026-08-19T08:56:53+08:00][sql] SELECT COUNT(*) AS think_count FROM `order` WHERE  `buyer_id` = 25  AND `order_status` = 2 [ RunTime:0.001054s ]
[2026-08-19T08:56:53+08:00][sql] SELECT COUNT(*) AS think_count FROM `order` WHERE  `buyer_id` = 25  AND `order_status` = 3 [ RunTime:0.001029s ]
[2026-08-19T08:56:53+08:00][sql] SELECT COUNT(*) AS think_count FROM `order` WHERE  `seller_id` = 25  AND `order_status` = 1 [ RunTime:0.001031s ]
[2026-08-19T08:56:53+08:00][sql] SHOW FULL COLUMNS FROM `goods_favorite` [ RunTime:0.007323s ]
[2026-08-19T08:56:53+08:00][sql] SELECT COUNT(*) AS think_count FROM `goods_favorite` WHERE  `user_id` = 25 [ RunTime:0.000782s ]
[2026-08-19T08:56:53+08:00][sql] SHOW FULL COLUMNS FROM `seller_follow` [ RunTime:0.006452s ]
[2026-08-19T08:56:53+08:00][sql] SELECT COUNT(*) AS think_count FROM `seller_follow` WHERE  `user_id` = 25 [ RunTime:0.001278s ]
[2026-08-19T08:56:53+08:00][sql] SHOW FULL COLUMNS FROM `browse_history` [ RunTime:0.005042s ]
[2026-08-19T08:56:53+08:00][sql] SELECT COUNT(*) AS think_count FROM `browse_history` WHERE  `user_id` = 25 [ RunTime:0.001213s ]
[2026-08-19T08:56:53+08:00][sql] SHOW FULL COLUMNS FROM `balance_log` [ RunTime:0.005841s ]
[2026-08-19T08:56:53+08:00][sql] SELECT * FROM `balance_log` WHERE  `user_id` = 25 ORDER BY `id` DESC LIMIT 5 [ RunTime:0.001358s ]
[2026-08-19T08:56:53+08:00][sql] SELECT `b`.*,`g`.`title`,`g`.`cover`,g.status as goods_status,`g`.`end_time` FROM `bid_record` `b` LEFT JOIN `goods` `g` ON `b`.`goods_id`=`g`.`id` WHERE  `b`.`user_id` = '25' ORDER BY `b`.`id` DESC LIMIT 5 [ RunTime:0.001325s ]
[2026-08-19T08:56:53+08:00][sql] SELECT `id`,`nickname`,`mobile`,`reg_time` FROM `user` WHERE  `pid` = 25 ORDER BY `id` DESC LIMIT 10 [ RunTime:0.001863s ]
[2026-08-19T08:56:58+08:00][sql] CONNECT:[ UseTime:0.013705s ] mysql:host=127.0.0.1;port=3306;dbname=auction;charset=utf8mb4
[2026-08-19T08:56:58+08:00][sql] SHOW FULL COLUMNS FROM `goods` [ RunTime:0.004705s ]
[2026-08-19T08:56:58+08:00][sql] SELECT `id` FROM `goods` WHERE  `status` = 1  AND `end_time` <= 1787101018 [ RunTime:0.001214s ]
[2026-08-19T08:56:58+08:00][sql] SHOW FULL COLUMNS FROM `user` [ RunTime:0.004269s ]
[2026-08-19T08:56:58+08:00][sql] SELECT * FROM `user` WHERE  `id` = 25 LIMIT 1 [ RunTime:0.001299s ]
[2026-08-19T08:56:58+08:00][sql] SHOW FULL COLUMNS FROM `setting` [ RunTime:0.003938s ]
[2026-08-19T08:56:58+08:00][sql] SELECT * FROM `setting` [ RunTime:0.000966s ]
[2026-08-19T08:56:58+08:00][sql] CONNECT:[ UseTime:0.010407s ] mysql:host=127.0.0.1;port=3306;dbname=auction;charset=utf8mb4
[2026-08-19T08:56:58+08:00][sql] SHOW FULL COLUMNS FROM `goods` [ RunTime:0.004272s ]
[2026-08-19T08:56:58+08:00][sql] SELECT `id` FROM `goods` WHERE  `status` = 1  AND `end_time` <= 1787101018 [ RunTime:0.001071s ]
[2026-08-19T08:56:58+08:00][sql] SHOW FULL COLUMNS FROM `setting` [ RunTime:0.003527s ]
[2026-08-19T08:56:58+08:00][sql] SELECT * FROM `setting` [ RunTime:0.000874s ]
[2026-08-19T08:56:58+08:00][sql] SELECT COUNT(*) AS think_count FROM `goods` `g` LEFT JOIN `user` `u` ON `g`.`seller_id`=`u`.`id` WHERE  `g`.`status` = '1'  AND `g`.`start_time` <= '1787101018'  AND `g`.`end_time` > '1787101018' [ RunTime:0.003788s ]
[2026-08-19T08:56:58+08:00][sql] SELECT `g`.*,u.nickname as seller_name FROM `goods` `g` LEFT JOIN `user` `u` ON `g`.`seller_id`=`u`.`id` WHERE  `g`.`status` = '1'  AND `g`.`start_time` <= '1787101018'  AND `g`.`end_time` > '1787101018' ORDER BY `g`.`end_time` ASC,`g`.`id` DESC LIMIT 0,10 [ RunTime:0.001589s ]
[2026-08-19T08:56:58+08:00][sql] SHOW FULL COLUMNS FROM `bid_record` [ RunTime:0.004467s ]
[2026-08-19T08:56:58+08:00][sql] SELECT MAX(`price`) AS think_max FROM `bid_record` WHERE  `goods_id` = 28  AND `status` = 0 [ RunTime:0.001213s ]
[2026-08-19T08:56:58+08:00][sql] SHOW FULL COLUMNS FROM `category` [ RunTime:0.004174s ]
[2026-08-19T08:56:58+08:00][sql] SELECT * FROM `category` WHERE  `status` = 1 ORDER BY `sort` ASC [ RunTime:0.001257s ]
[2026-08-19T08:56:58+08:00][sql] SELECT `b`.`price`,`b`.`create_time`,`g`.`title`,`u`.`nickname` FROM `bid_record` `b` LEFT JOIN `goods` `g` ON `b`.`goods_id`=`g`.`id` LEFT JOIN `user` `u` ON `b`.`user_id`=`u`.`id` WHERE  `b`.`status` = '1' ORDER BY `b`.`id` DESC LIMIT 5 [ RunTime:0.001228s ]
[2026-08-19T08:56:58+08:00][sql] SHOW FULL COLUMNS FROM `news` [ RunTime:0.003913s ]
[2026-08-19T08:56:58+08:00][sql] SELECT `id`,`title`,`create_time` FROM `news` WHERE  `status` = 1 ORDER BY `id` DESC LIMIT 3 [ RunTime:0.000967s ]
[2026-08-19T08:56:58+08:00][sql] SHOW FULL COLUMNS FROM `banner` [ RunTime:0.003531s ]
[2026-08-19T08:56:58+08:00][sql] SELECT * FROM `banner` WHERE  `status` = 1 ORDER BY `sort` ASC,`id` ASC [ RunTime:0.000986s ]
[2026-08-19T08:57:00+08:00][sql] CONNECT:[ UseTime:0.017850s ] mysql:host=127.0.0.1;port=3306;dbname=auction;charset=utf8mb4
[2026-08-19T08:57:00+08:00][sql] SHOW FULL COLUMNS FROM `goods` [ RunTime:0.002729s ]
[2026-08-19T08:57:00+08:00][sql] SELECT `id` FROM `goods` WHERE  `status` = 1  AND `end_time` <= 1787101020 [ RunTime:0.000997s ]
[2026-08-19T08:57:00+08:00][sql] SHOW FULL COLUMNS FROM `setting` [ RunTime:0.003394s ]
[2026-08-19T08:57:00+08:00][sql] SELECT * FROM `setting` [ RunTime:0.000865s ]
[2026-08-19T08:57:00+08:00][sql] CONNECT:[ UseTime:0.002218s ] mysql:host=127.0.0.1;port=3306;dbname=auction;charset=utf8mb4
[2026-08-19T08:57:00+08:00][sql] SHOW FULL COLUMNS FROM `goods` [ RunTime:0.004882s ]
[2026-08-19T08:57:00+08:00][sql] SELECT `id` FROM `goods` WHERE  `status` = 1  AND `end_time` <= 1787101020 [ RunTime:0.001238s ]
[2026-08-19T08:57:00+08:00][sql] SHOW FULL COLUMNS FROM `setting` [ RunTime:0.003901s ]
[2026-08-19T08:57:00+08:00][sql] SELECT * FROM `setting` [ RunTime:0.001203s ]
[2026-08-19T08:57:30+08:00][sql] CONNECT:[ UseTime:0.018139s ] mysql:host=127.0.0.1;port=3306;dbname=auction;charset=utf8mb4
[2026-08-19T08:57:30+08:00][sql] SHOW FULL COLUMNS FROM `goods` [ RunTime:0.002348s ]
[2026-08-19T08:57:30+08:00][sql] SELECT `id` FROM `goods` WHERE  `status` = 1  AND `end_time` <= 1787101050 [ RunTime:0.000804s ]
[2026-08-19T08:57:30+08:00][sql] SHOW FULL COLUMNS FROM `setting` [ RunTime:0.001115s ]
[2026-08-19T08:57:30+08:00][sql] SELECT * FROM `setting` [ RunTime:0.000639s ]
[2026-08-19T08:57:35+08:00][sql] CONNECT:[ UseTime:0.024972s ] mysql:host=127.0.0.1;port=3306;dbname=auction;charset=utf8mb4
[2026-08-19T08:57:35+08:00][sql] SHOW FULL COLUMNS FROM `goods` [ RunTime:0.001807s ]
[2026-08-19T08:57:35+08:00][sql] SELECT `id` FROM `goods` WHERE  `status` = 1  AND `end_time` <= 1787101055 [ RunTime:0.000904s ]
[2026-08-19T08:57:35+08:00][sql] SHOW FULL COLUMNS FROM `setting` [ RunTime:0.001415s ]
[2026-08-19T08:57:35+08:00][sql] SELECT * FROM `setting` [ RunTime:0.000775s ]
[2026-08-19T08:57:51+08:00][sql] CONNECT:[ UseTime:0.020364s ] mysql:host=127.0.0.1;port=3306;dbname=auction;charset=utf8mb4
[2026-08-19T08:57:51+08:00][sql] SHOW FULL COLUMNS FROM `goods` [ RunTime:0.002567s ]
[2026-08-19T08:57:51+08:00][sql] SELECT `id` FROM `goods` WHERE  `status` = 1  AND `end_time` <= 1787101071 [ RunTime:0.000793s ]
[2026-08-19T08:57:51+08:00][sql] SHOW FULL COLUMNS FROM `setting` [ RunTime:0.002721s ]
[2026-08-19T08:57:51+08:00][sql] SELECT * FROM `setting` [ RunTime:0.000667s ]
[2026-08-19T08:57:59+08:00][sql] CONNECT:[ UseTime:0.010115s ] mysql:host=127.0.0.1;port=3306;dbname=auction;charset=utf8mb4
[2026-08-19T08:57:59+08:00][sql] SHOW FULL COLUMNS FROM `goods` [ RunTime:0.001987s ]
[2026-08-19T08:57:59+08:00][sql] SELECT `id` FROM `goods` WHERE  `status` = 1  AND `end_time` <= 1787101079 [ RunTime:0.000998s ]
[2026-08-19T08:57:59+08:00][sql] SHOW FULL COLUMNS FROM `setting` [ RunTime:0.003293s ]
[2026-08-19T08:57:59+08:00][sql] SELECT * FROM `setting` [ RunTime:0.000789s ]
[2026-08-19T08:57:59+08:00][sql] SHOW FULL COLUMNS FROM `user` [ RunTime:0.001843s ]
[2026-08-19T08:57:59+08:00][sql] SELECT * FROM `user` WHERE  `mobile` = '15555555555' LIMIT 1 [ RunTime:0.001065s ]
[2026-08-19T08:57:59+08:00][sql] UPDATE `user`  SET `last_login_time` = 1787101079 , `update_time` = 1787101079  WHERE  `id` = 25 [ RunTime:0.004851s ]
[2026-08-19T08:58:00+08:00][sql] CONNECT:[ UseTime:0.008251s ] mysql:host=127.0.0.1;port=3306;dbname=auction;charset=utf8mb4
[2026-08-19T08:58:00+08:00][sql] SHOW FULL COLUMNS FROM `goods` [ RunTime:0.004617s ]
[2026-08-19T08:58:00+08:00][sql] SELECT `id` FROM `goods` WHERE  `status` = 1  AND `end_time` <= 1787101080 [ RunTime:0.001277s ]
[2026-08-19T08:58:00+08:00][sql] SHOW FULL COLUMNS FROM `user` [ RunTime:0.002151s ]
[2026-08-19T08:58:00+08:00][sql] SELECT * FROM `user` WHERE  `id` = 25 LIMIT 1 [ RunTime:0.001196s ]
[2026-08-19T08:58:00+08:00][sql] SHOW FULL COLUMNS FROM `setting` [ RunTime:0.004455s ]
[2026-08-19T08:58:00+08:00][sql] SELECT * FROM `setting` [ RunTime:0.000958s ]
[2026-08-19T08:58:00+08:00][sql] SHOW FULL COLUMNS FROM `bid_record` [ RunTime:0.003911s ]
[2026-08-19T08:58:00+08:00][sql] SELECT COUNT(*) AS think_count FROM `bid_record` WHERE  `user_id` = 25 [ RunTime:0.001004s ]
[2026-08-19T08:58:00+08:00][sql] SHOW FULL COLUMNS FROM `order` [ RunTime:0.003889s ]
[2026-08-19T08:58:00+08:00][sql] SELECT COUNT(*) AS think_count FROM `order` WHERE  `buyer_id` = 25  AND `pay_status` = 1 [ RunTime:0.000769s ]
[2026-08-19T08:58:00+08:00][sql] SELECT COUNT(*) AS think_count FROM `goods` WHERE  `seller_id` = 25  AND `status` = 2 [ RunTime:0.002424s ]
[2026-08-19T08:58:00+08:00][sql] SELECT COUNT(*) AS think_count FROM `goods` WHERE  `seller_id` = 25 [ RunTime:0.001160s ]
[2026-08-19T08:58:00+08:00][sql] SELECT COUNT(*) AS think_count FROM `order` WHERE  `buyer_id` = 25  AND `pay_status` = 0  AND `order_status` = 0 [ RunTime:0.001027s ]
[2026-08-19T08:58:00+08:00][sql] SELECT COUNT(*) AS think_count FROM `order` WHERE  `seller_id` = 25  AND `order_status` = 1 [ RunTime:0.000930s ]
[2026-08-19T08:58:00+08:00][sql] SELECT COUNT(*) AS think_count FROM `order` WHERE  `buyer_id` = 25  AND `order_status` = 0  AND `pay_status` = 0 [ RunTime:0.000933s ]
[2026-08-19T08:58:00+08:00][sql] SELECT COUNT(*) AS think_count FROM `order` WHERE  `buyer_id` = 25  AND `order_status` = 1 [ RunTime:0.000911s ]
[2026-08-19T08:58:00+08:00][sql] SELECT COUNT(*) AS think_count FROM `order` WHERE  `buyer_id` = 25  AND `order_status` = 2 [ RunTime:0.000905s ]
[2026-08-19T08:58:00+08:00][sql] SELECT COUNT(*) AS think_count FROM `order` WHERE  `buyer_id` = 25  AND `order_status` = 3 [ RunTime:0.000907s ]
[2026-08-19T08:58:00+08:00][sql] SELECT COUNT(*) AS think_count FROM `order` WHERE  `seller_id` = 25  AND `order_status` = 1 [ RunTime:0.000940s ]
[2026-08-19T08:58:00+08:00][sql] SHOW FULL COLUMNS FROM `goods_favorite` [ RunTime:0.004311s ]
[2026-08-19T08:58:00+08:00][sql] SELECT COUNT(*) AS think_count FROM `goods_favorite` WHERE  `user_id` = 25 [ RunTime:0.001268s ]
[2026-08-19T08:58:00+08:00][sql] SHOW FULL COLUMNS FROM `seller_follow` [ RunTime:0.004247s ]
[2026-08-19T08:58:00+08:00][sql] SELECT COUNT(*) AS think_count FROM `seller_follow` WHERE  `user_id` = 25 [ RunTime:0.001110s ]
[2026-08-19T08:58:00+08:00][sql] SHOW FULL COLUMNS FROM `browse_history` [ RunTime:0.003721s ]
[2026-08-19T08:58:00+08:00][sql] SELECT COUNT(*) AS think_count FROM `browse_history` WHERE  `user_id` = 25 [ RunTime:0.000971s ]
[2026-08-19T08:58:00+08:00][sql] SHOW FULL COLUMNS FROM `balance_log` [ RunTime:0.003924s ]
[2026-08-19T08:58:00+08:00][sql] SELECT * FROM `balance_log` WHERE  `user_id` = 25 ORDER BY `id` DESC LIMIT 5 [ RunTime:0.001139s ]
[2026-08-19T08:58:00+08:00][sql] SELECT `b`.*,`g`.`title`,`g`.`cover`,g.status as goods_status,`g`.`end_time` FROM `bid_record` `b` LEFT JOIN `goods` `g` ON `b`.`goods_id`=`g`.`id` WHERE  `b`.`user_id` = '25' ORDER BY `b`.`id` DESC LIMIT 5 [ RunTime:0.001163s ]
[2026-08-19T08:58:00+08:00][sql] SELECT `id`,`nickname`,`mobile`,`reg_time` FROM `user` WHERE  `pid` = 25 ORDER BY `id` DESC LIMIT 10 [ RunTime:0.000993s ]
[2026-08-19T08:58:02+08:00][sql] CONNECT:[ UseTime:0.001703s ] mysql:host=127.0.0.1;port=3306;dbname=auction;charset=utf8mb4
[2026-08-19T08:58:02+08:00][sql] SHOW FULL COLUMNS FROM `goods` [ RunTime:0.003545s ]
[2026-08-19T08:58:02+08:00][sql] SELECT `id` FROM `goods` WHERE  `status` = 1  AND `end_time` <= 1787101082 [ RunTime:0.000843s ]
[2026-08-19T08:58:02+08:00][sql] SHOW FULL COLUMNS FROM `user` [ RunTime:0.001420s ]
[2026-08-19T08:58:02+08:00][sql] SELECT * FROM `user` WHERE  `id` = 25 LIMIT 1 [ RunTime:0.000930s ]
[2026-08-19T08:58:02+08:00][sql] SHOW FULL COLUMNS FROM `setting` [ RunTime:0.002889s ]
[2026-08-19T08:58:02+08:00][sql] SELECT * FROM `setting` [ RunTime:0.000697s ]
[2026-08-19T08:58:02+08:00][sql] SHOW FULL COLUMNS FROM `order` [ RunTime:0.003166s ]
[2026-08-19T08:58:02+08:00][sql] SELECT COUNT(*) AS think_count FROM `order` `o` LEFT JOIN `goods` `g` ON `o`.`goods_id`=`g`.`id` LEFT JOIN `after_sale` `a` ON `a`.`order_id`=`o`.`id` WHERE  `o`.`buyer_id` = '25'  AND `o`.`order_status` = '0' [ RunTime:0.004962s ]
[2026-08-19T08:58:02+08:00][sql] SELECT o.*, g.cover as goods_cover2, IF(a.id IS NULL, 0, 1) as has_after_sale FROM `order` `o` LEFT JOIN `goods` `g` ON `o`.`goods_id`=`g`.`id` LEFT JOIN `after_sale` `a` ON `a`.`order_id`=`o`.`id` WHERE  `o`.`buyer_id` = '25'  AND `o`.`order_status` = '0' ORDER BY `o`.`id` DESC LIMIT 0,10 [ RunTime:0.000985s ]
[2026-08-19T08:58:12+08:00][sql] CONNECT:[ UseTime:0.002809s ] mysql:host=127.0.0.1;port=3306;dbname=auction;charset=utf8mb4
[2026-08-19T08:58:12+08:00][sql] SHOW FULL COLUMNS FROM `goods` [ RunTime:0.002174s ]
[2026-08-19T08:58:12+08:00][sql] SELECT `id` FROM `goods` WHERE  `status` = 1  AND `end_time` <= 1787101091 [ RunTime:0.001133s ]
[2026-08-19T08:58:12+08:00][sql] SHOW FULL COLUMNS FROM `user` [ RunTime:0.002099s ]
[2026-08-19T08:58:12+08:00][sql] SELECT * FROM `user` WHERE  `id` = 25 LIMIT 1 [ RunTime:0.001182s ]
[2026-08-19T08:58:12+08:00][sql] SHOW FULL COLUMNS FROM `setting` [ RunTime:0.004318s ]
[2026-08-19T08:58:12+08:00][sql] SELECT * FROM `setting` [ RunTime:0.001301s ]
[2026-08-19T08:58:12+08:00][sql] SELECT * FROM `user` WHERE  `id` = 25 LIMIT 1 [ RunTime:0.001460s ]
[2026-08-19T08:58:40+08:00][sql] CONNECT:[ UseTime:0.002231s ] mysql:host=127.0.0.1;port=3306;dbname=auction;charset=utf8mb4
[2026-08-19T08:58:40+08:00][sql] SHOW FULL COLUMNS FROM `goods` [ RunTime:0.001584s ]
[2026-08-19T08:58:40+08:00][sql] SELECT `id` FROM `goods` WHERE  `status` = 1  AND `end_time` <= 1787101120 [ RunTime:0.000788s ]
[2026-08-19T08:58:40+08:00][sql] SHOW FULL COLUMNS FROM `setting` [ RunTime:0.001194s ]
[2026-08-19T08:58:40+08:00][sql] SELECT * FROM `setting` [ RunTime:0.000657s ]
[2026-08-19T08:58:40+08:00][sql] SELECT COUNT(*) AS think_count FROM `goods` `g` LEFT JOIN `user` `u` ON `g`.`seller_id`=`u`.`id` WHERE  `g`.`status` = '1'  AND `g`.`start_time` <= '1787101120'  AND `g`.`end_time` > '1787101120' [ RunTime:0.002470s ]
[2026-08-19T08:58:40+08:00][sql] SELECT `g`.*,u.nickname as seller_name FROM `goods` `g` LEFT JOIN `user` `u` ON `g`.`seller_id`=`u`.`id` WHERE  `g`.`status` = '1'  AND `g`.`start_time` <= '1787101120'  AND `g`.`end_time` > '1787101120' ORDER BY `g`.`end_time` ASC,`g`.`id` DESC LIMIT 0,10 [ RunTime:0.000979s ]
[2026-08-19T08:58:40+08:00][sql] SHOW FULL COLUMNS FROM `bid_record` [ RunTime:0.002549s ]
[2026-08-19T08:58:40+08:00][sql] SELECT MAX(`price`) AS think_max FROM `bid_record` WHERE  `goods_id` = 28  AND `status` = 0 [ RunTime:0.001001s ]
[2026-08-19T08:58:40+08:00][sql] SHOW FULL COLUMNS FROM `category` [ RunTime:0.003293s ]
[2026-08-19T08:58:40+08:00][sql] SELECT * FROM `category` WHERE  `status` = 1 ORDER BY `sort` ASC [ RunTime:0.001017s ]
[2026-08-19T08:58:40+08:00][sql] SELECT `b`.`price`,`b`.`create_time`,`g`.`title`,`u`.`nickname` FROM `bid_record` `b` LEFT JOIN `goods` `g` ON `b`.`goods_id`=`g`.`id` LEFT JOIN `user` `u` ON `b`.`user_id`=`u`.`id` WHERE  `b`.`status` = '1' ORDER BY `b`.`id` DESC LIMIT 5 [ RunTime:0.000941s ]
[2026-08-19T08:58:40+08:00][sql] SHOW FULL COLUMNS FROM `news` [ RunTime:0.003138s ]
[2026-08-19T08:58:40+08:00][sql] SELECT `id`,`title`,`create_time` FROM `news` WHERE  `status` = 1 ORDER BY `id` DESC LIMIT 3 [ RunTime:0.000848s ]
[2026-08-19T08:58:40+08:00][sql] SHOW FULL COLUMNS FROM `banner` [ RunTime:0.002912s ]
[2026-08-19T08:58:40+08:00][sql] SELECT * FROM `banner` WHERE  `status` = 1 ORDER BY `sort` ASC,`id` ASC [ RunTime:0.000790s ]
[2026-08-19T08:58:44+08:00][sql] CONNECT:[ UseTime:0.002859s ] mysql:host=127.0.0.1;port=3306;dbname=auction;charset=utf8mb4
[2026-08-19T08:58:44+08:00][sql] SHOW FULL COLUMNS FROM `goods` [ RunTime:0.002689s ]
[2026-08-19T08:58:44+08:00][sql] SELECT `id` FROM `goods` WHERE  `status` = 1  AND `end_time` <= 1787101124 [ RunTime:0.001082s ]
[2026-08-19T08:58:44+08:00][sql] SHOW FULL COLUMNS FROM `setting` [ RunTime:0.002044s ]
[2026-08-19T08:58:44+08:00][sql] SELECT * FROM `setting` [ RunTime:0.000973s ]
[2026-08-19T08:58:44+08:00][sql] CONNECT:[ UseTime:0.001679s ] mysql:host=127.0.0.1;port=3306;dbname=auction;charset=utf8mb4
[2026-08-19T08:58:44+08:00][sql] SHOW FULL COLUMNS FROM `goods` [ RunTime:0.001605s ]
[2026-08-19T08:58:44+08:00][sql] SELECT `id` FROM `goods` WHERE  `status` = 1  AND `end_time` <= 1787101124 [ RunTime:0.000832s ]
[2026-08-19T08:58:44+08:00][sql] SHOW FULL COLUMNS FROM `setting` [ RunTime:0.001235s ]
[2026-08-19T08:58:44+08:00][sql] SELECT * FROM `setting` [ RunTime:0.000698s ]
[2026-08-19T08:58:46+08:00][sql] CONNECT:[ UseTime:0.001737s ] mysql:host=127.0.0.1;port=3306;dbname=auction;charset=utf8mb4
[2026-08-19T08:58:46+08:00][sql] SHOW FULL COLUMNS FROM `goods` [ RunTime:0.001266s ]
[2026-08-19T08:58:46+08:00][sql] SELECT `id` FROM `goods` WHERE  `status` = 1  AND `end_time` <= 1787101126 [ RunTime:0.000620s ]
[2026-08-19T08:58:46+08:00][sql] SHOW FULL COLUMNS FROM `setting` [ RunTime:0.000937s ]
[2026-08-19T08:58:46+08:00][sql] SELECT * FROM `setting` [ RunTime:0.000483s ]
[2026-08-19T08:59:00+08:00][sql] CONNECT:[ UseTime:0.021451s ] mysql:host=127.0.0.1;port=3306;dbname=auction;charset=utf8mb4
[2026-08-19T08:59:00+08:00][sql] SHOW FULL COLUMNS FROM `goods` [ RunTime:0.002007s ]
[2026-08-19T08:59:00+08:00][sql] SELECT `id` FROM `goods` WHERE  `status` = 1  AND `end_time` <= 1787101140 [ RunTime:0.001171s ]
[2026-08-19T08:59:00+08:00][sql] SHOW FULL COLUMNS FROM `setting` [ RunTime:0.001923s ]
[2026-08-19T08:59:00+08:00][sql] SELECT * FROM `setting` [ RunTime:0.000776s ]
[2026-08-19T08:59:00+08:00][sql] SHOW FULL COLUMNS FROM `user` [ RunTime:0.001909s ]
[2026-08-19T08:59:00+08:00][sql] SELECT * FROM `user` WHERE  `mobile` = '12222222222' LIMIT 1 [ RunTime:0.000977s ]
[2026-08-19T08:59:00+08:00][sql] SELECT * FROM `user` WHERE  `invite_code` = 'B5470F18' LIMIT 1 [ RunTime:0.004313s ]
[2026-08-19T08:59:00+08:00][sql] SELECT * FROM `user` WHERE  `invite_code` = '75066D78' LIMIT 1 [ RunTime:0.000924s ]
[2026-08-19T08:59:00+08:00][sql] INSERT INTO `user` SET `mobile` = '12222222222' , `password` = '63ee451939ed580ef3c4b6f0109d1fd0' , `nickname` = '用户2222' , `invite_code` = '75066D78' , `pid` = 25 , `status` = 1 , `reg_ip` = '127.0.0.1' , `reg_time` = 1787101140 , `create_time` = 1787101140 , `update_time` = 1787101140 [ RunTime:0.002011s ]
[2026-08-19T08:59:00+08:00][sql] SELECT * FROM `user` WHERE  `id` = 27 LIMIT 1 [ RunTime:0.000698s ]
[2026-08-19T08:59:01+08:00][sql] CONNECT:[ UseTime:0.014212s ] mysql:host=127.0.0.1;port=3306;dbname=auction;charset=utf8mb4
[2026-08-19T08:59:01+08:00][sql] SHOW FULL COLUMNS FROM `goods` [ RunTime:0.001887s ]
[2026-08-19T08:59:01+08:00][sql] SELECT `id` FROM `goods` WHERE  `status` = 1  AND `end_time` <= 1787101141 [ RunTime:0.000863s ]
[2026-08-19T08:59:01+08:00][sql] SHOW FULL COLUMNS FROM `user` [ RunTime:0.002256s ]
[2026-08-19T08:59:01+08:00][sql] SELECT * FROM `user` WHERE  `id` = 27 LIMIT 1 [ RunTime:0.001253s ]
[2026-08-19T08:59:01+08:00][sql] SHOW FULL COLUMNS FROM `setting` [ RunTime:0.001841s ]
[2026-08-19T08:59:01+08:00][sql] SELECT * FROM `setting` [ RunTime:0.001017s ]
[2026-08-19T08:59:01+08:00][sql] SHOW FULL COLUMNS FROM `bid_record` [ RunTime:0.002954s ]
[2026-08-19T08:59:01+08:00][sql] SELECT COUNT(*) AS think_count FROM `bid_record` WHERE  `user_id` = 27 [ RunTime:0.001091s ]
[2026-08-19T08:59:01+08:00][sql] SHOW FULL COLUMNS FROM `order` [ RunTime:0.003969s ]
[2026-08-19T08:59:01+08:00][sql] SELECT COUNT(*) AS think_count FROM `order` WHERE  `buyer_id` = 27  AND `pay_status` = 1 [ RunTime:0.000998s ]
[2026-08-19T08:59:01+08:00][sql] SELECT COUNT(*) AS think_count FROM `goods` WHERE  `seller_id` = 27  AND `status` = 2 [ RunTime:0.000961s ]
[2026-08-19T08:59:01+08:00][sql] SELECT COUNT(*) AS think_count FROM `goods` WHERE  `seller_id` = 27 [ RunTime:0.000884s ]
[2026-08-19T08:59:01+08:00][sql] SELECT COUNT(*) AS think_count FROM `order` WHERE  `buyer_id` = 27  AND `pay_status` = 0  AND `order_status` = 0 [ RunTime:0.000912s ]
[2026-08-19T08:59:01+08:00][sql] SELECT COUNT(*) AS think_count FROM `order` WHERE  `seller_id` = 27  AND `order_status` = 1 [ RunTime:0.001078s ]
[2026-08-19T08:59:01+08:00][sql] SELECT COUNT(*) AS think_count FROM `order` WHERE  `buyer_id` = 27  AND `order_status` = 0  AND `pay_status` = 0 [ RunTime:0.001133s ]
[2026-08-19T08:59:01+08:00][sql] SELECT COUNT(*) AS think_count FROM `order` WHERE  `buyer_id` = 27  AND `order_status` = 1 [ RunTime:0.000631s ]
[2026-08-19T08:59:01+08:00][sql] SELECT COUNT(*) AS think_count FROM `order` WHERE  `buyer_id` = 27  AND `order_status` = 2 [ RunTime:0.000435s ]
[2026-08-19T08:59:01+08:00][sql] SELECT COUNT(*) AS think_count FROM `order` WHERE  `buyer_id` = 27  AND `order_status` = 3 [ RunTime:0.000408s ]
[2026-08-19T08:59:01+08:00][sql] SELECT COUNT(*) AS think_count FROM `order` WHERE  `seller_id` = 27  AND `order_status` = 1 [ RunTime:0.000844s ]
[2026-08-19T08:59:01+08:00][sql] SHOW FULL COLUMNS FROM `goods_favorite` [ RunTime:0.003820s ]
[2026-08-19T08:59:01+08:00][sql] SELECT COUNT(*) AS think_count FROM `goods_favorite` WHERE  `user_id` = 27 [ RunTime:0.000883s ]
[2026-08-19T08:59:01+08:00][sql] SHOW FULL COLUMNS FROM `seller_follow` [ RunTime:0.003373s ]
[2026-08-19T08:59:01+08:00][sql] SELECT COUNT(*) AS think_count FROM `seller_follow` WHERE  `user_id` = 27 [ RunTime:0.000933s ]
[2026-08-19T08:59:01+08:00][sql] SHOW FULL COLUMNS FROM `browse_history` [ RunTime:0.003201s ]
[2026-08-19T08:59:01+08:00][sql] SELECT COUNT(*) AS think_count FROM `browse_history` WHERE  `user_id` = 27 [ RunTime:0.001041s ]
[2026-08-19T08:59:01+08:00][sql] SHOW FULL COLUMNS FROM `balance_log` [ RunTime:0.003604s ]
[2026-08-19T08:59:01+08:00][sql] SELECT * FROM `balance_log` WHERE  `user_id` = 27 ORDER BY `id` DESC LIMIT 5 [ RunTime:0.001082s ]
[2026-08-19T08:59:01+08:00][sql] SELECT `b`.*,`g`.`title`,`g`.`cover`,g.status as goods_status,`g`.`end_time` FROM `bid_record` `b` LEFT JOIN `goods` `g` ON `b`.`goods_id`=`g`.`id` WHERE  `b`.`user_id` = '27' ORDER BY `b`.`id` DESC LIMIT 5 [ RunTime:0.000976s ]
[2026-08-19T08:59:01+08:00][sql] SELECT `id`,`nickname`,`mobile`,`reg_time` FROM `user` WHERE  `pid` = 27 ORDER BY `id` DESC LIMIT 10 [ RunTime:0.000848s ]
[2026-08-19T08:59:07+08:00][sql] CONNECT:[ UseTime:0.023508s ] mysql:host=127.0.0.1;port=3306;dbname=auction;charset=utf8mb4
[2026-08-19T08:59:07+08:00][sql] SHOW FULL COLUMNS FROM `goods` [ RunTime:0.002336s ]
[2026-08-19T08:59:07+08:00][sql] SELECT `id` FROM `goods` WHERE  `status` = 1  AND `end_time` <= 1787101147 [ RunTime:0.001223s ]
[2026-08-19T08:59:07+08:00][sql] SHOW FULL COLUMNS FROM `user` [ RunTime:0.002351s ]
[2026-08-19T08:59:07+08:00][sql] SELECT * FROM `user` WHERE  `id` = 25 LIMIT 1 [ RunTime:0.001300s ]
[2026-08-19T08:59:07+08:00][sql] SHOW FULL COLUMNS FROM `setting` [ RunTime:0.001884s ]
[2026-08-19T08:59:07+08:00][sql] SELECT * FROM `setting` [ RunTime:0.001138s ]
[2026-08-19T08:59:07+08:00][sql] SELECT * FROM `user` WHERE  `id` = 25 LIMIT 1 [ RunTime:0.001557s ]
[2026-08-19T08:59:07+08:00][sql] SHOW FULL COLUMNS FROM `order` [ RunTime:0.004098s ]
[2026-08-19T08:59:07+08:00][sql] SELECT COUNT(*) AS think_count FROM `order` WHERE  `buyer_id` = 25  AND `order_status` = 0  AND `pay_status` = 0 [ RunTime:0.001034s ]
[2026-08-19T08:59:07+08:00][sql] SELECT COUNT(*) AS think_count FROM `order` WHERE  `buyer_id` = 25  AND `order_status` = 3 [ RunTime:0.000963s ]
[2026-08-19T08:59:07+08:00][sql] SHOW FULL COLUMNS FROM `balance_log` [ RunTime:0.003482s ]
[2026-08-19T08:59:07+08:00][sql] SELECT * FROM `balance_log` WHERE  `user_id` = 25 ORDER BY `id` DESC LIMIT 8 [ RunTime:0.001133s ]
[2026-08-19T08:59:09+08:00][sql] CONNECT:[ UseTime:0.017175s ] mysql:host=127.0.0.1;port=3306;dbname=auction;charset=utf8mb4
[2026-08-19T08:59:09+08:00][sql] SHOW FULL COLUMNS FROM `goods` [ RunTime:0.002110s ]
[2026-08-19T08:59:09+08:00][sql] SELECT `id` FROM `goods` WHERE  `status` = 1  AND `end_time` <= 1787101149 [ RunTime:0.000854s ]
[2026-08-19T08:59:09+08:00][sql] SHOW FULL COLUMNS FROM `user` [ RunTime:0.003709s ]
[2026-08-19T08:59:09+08:00][sql] SELECT * FROM `user` WHERE  `id` = 25 LIMIT 1 [ RunTime:0.000938s ]
[2026-08-19T08:59:09+08:00][sql] SHOW FULL COLUMNS FROM `setting` [ RunTime:0.001314s ]
[2026-08-19T08:59:09+08:00][sql] SELECT * FROM `setting` [ RunTime:0.000708s ]
[2026-08-19T08:59:09+08:00][sql] SELECT * FROM `user` WHERE  `id` = 25 LIMIT 1 [ RunTime:0.001470s ]
[2026-08-19T08:59:09+08:00][sql] SHOW FULL COLUMNS FROM `order` [ RunTime:0.003179s ]
[2026-08-19T08:59:09+08:00][sql] SELECT COUNT(*) AS think_count FROM `order` WHERE  `buyer_id` = 25  AND `order_status` = 0  AND `pay_status` = 0 [ RunTime:0.001150s ]
[2026-08-19T08:59:09+08:00][sql] SELECT COUNT(*) AS think_count FROM `order` WHERE  `buyer_id` = 25  AND `order_status` = 3 [ RunTime:0.001094s ]
[2026-08-19T08:59:09+08:00][sql] SHOW FULL COLUMNS FROM `balance_log` [ RunTime:0.003890s ]
[2026-08-19T08:59:09+08:00][sql] SELECT * FROM `balance_log` WHERE  `user_id` = 25 ORDER BY `id` DESC LIMIT 8 [ RunTime:0.001177s ]
[2026-08-19T08:59:33+08:00][sql] CONNECT:[ UseTime:0.009176s ] mysql:host=127.0.0.1;port=3306;dbname=auction;charset=utf8mb4
[2026-08-19T08:59:33+08:00][sql] SHOW FULL COLUMNS FROM `goods` [ RunTime:0.003113s ]
[2026-08-19T08:59:33+08:00][sql] SELECT `id` FROM `goods` WHERE  `status` = 1  AND `end_time` <= 1787101173 [ RunTime:0.001217s ]
[2026-08-19T08:59:33+08:00][sql] SHOW FULL COLUMNS FROM `user` [ RunTime:0.003124s ]
[2026-08-19T08:59:33+08:00][sql] SELECT * FROM `user` WHERE  `id` = 27 LIMIT 1 [ RunTime:0.000877s ]
[2026-08-19T08:59:33+08:00][sql] SHOW FULL COLUMNS FROM `setting` [ RunTime:0.001252s ]
[2026-08-19T08:59:33+08:00][sql] SELECT * FROM `setting` [ RunTime:0.000747s ]
[2026-08-19T08:59:33+08:00][sql] SELECT COUNT(*) AS think_count FROM `goods` `g` LEFT JOIN `user` `u` ON `g`.`seller_id`=`u`.`id` WHERE  `g`.`status` = '1'  AND `g`.`start_time` <= '1787101173'  AND `g`.`end_time` > '1787101173' [ RunTime:0.000941s ]
[2026-08-19T08:59:33+08:00][sql] SELECT `g`.*,u.nickname as seller_name FROM `goods` `g` LEFT JOIN `user` `u` ON `g`.`seller_id`=`u`.`id` WHERE  `g`.`status` = '1'  AND `g`.`start_time` <= '1787101173'  AND `g`.`end_time` > '1787101173' ORDER BY `g`.`end_time` ASC,`g`.`id` DESC LIMIT 0,10 [ RunTime:0.001064s ]
[2026-08-19T08:59:33+08:00][sql] SHOW FULL COLUMNS FROM `bid_record` [ RunTime:0.003118s ]
[2026-08-19T08:59:33+08:00][sql] SELECT MAX(`price`) AS think_max FROM `bid_record` WHERE  `goods_id` = 28  AND `status` = 0 [ RunTime:0.000676s ]
[2026-08-19T08:59:33+08:00][sql] SHOW FULL COLUMNS FROM `category` [ RunTime:0.002807s ]
[2026-08-19T08:59:33+08:00][sql] SELECT * FROM `category` WHERE  `status` = 1 ORDER BY `sort` ASC [ RunTime:0.000734s ]
[2026-08-19T08:59:33+08:00][sql] SELECT `b`.`price`,`b`.`create_time`,`g`.`title`,`u`.`nickname` FROM `bid_record` `b` LEFT JOIN `goods` `g` ON `b`.`goods_id`=`g`.`id` LEFT JOIN `user` `u` ON `b`.`user_id`=`u`.`id` WHERE  `b`.`status` = '1' ORDER BY `b`.`id` DESC LIMIT 5 [ RunTime:0.000771s ]
[2026-08-19T08:59:33+08:00][sql] SHOW FULL COLUMNS FROM `news` [ RunTime:0.002561s ]
[2026-08-19T08:59:33+08:00][sql] SELECT `id`,`title`,`create_time` FROM `news` WHERE  `status` = 1 ORDER BY `id` DESC LIMIT 3 [ RunTime:0.000665s ]
[2026-08-19T08:59:33+08:00][sql] SHOW FULL COLUMNS FROM `banner` [ RunTime:0.002525s ]
[2026-08-19T08:59:33+08:00][sql] SELECT * FROM `banner` WHERE  `status` = 1 ORDER BY `sort` ASC,`id` ASC [ RunTime:0.000804s ]
[2026-08-19T08:59:35+08:00][sql] CONNECT:[ UseTime:0.003392s ] mysql:host=127.0.0.1;port=3306;dbname=auction;charset=utf8mb4
[2026-08-19T08:59:35+08:00][sql] SHOW FULL COLUMNS FROM `goods` [ RunTime:0.001672s ]
[2026-08-19T08:59:35+08:00][sql] SELECT `id` FROM `goods` WHERE  `status` = 1  AND `end_time` <= 1787101175 [ RunTime:0.000808s ]
[2026-08-19T08:59:35+08:00][sql] SHOW FULL COLUMNS FROM `user` [ RunTime:0.001400s ]
[2026-08-19T08:59:35+08:00][sql] SELECT * FROM `user` WHERE  `id` = 27 LIMIT 1 [ RunTime:0.000698s ]
[2026-08-19T08:59:35+08:00][sql] SHOW FULL COLUMNS FROM `setting` [ RunTime:0.001032s ]
[2026-08-19T08:59:35+08:00][sql] SELECT * FROM `setting` [ RunTime:0.000557s ]
[2026-08-19T08:59:35+08:00][sql] SELECT `g`.*,u.nickname as seller_name,u.shop_name as seller_shop,u.avatar as seller_avatar,c.name as category_name FROM `goods` `g` LEFT JOIN `user` `u` ON `g`.`seller_id`=`u`.`id` LEFT JOIN `category` `c` ON `g`.`category_id`=`c`.`id` WHERE  `g`.`id` = '28' LIMIT 1 [ RunTime:0.000773s ]
[2026-08-19T08:59:35+08:00][sql] UPDATE `goods`  SET `view_count` = `view_count` + 1  WHERE  `id` = 28 [ RunTime:0.001863s ]
[2026-08-19T08:59:35+08:00][sql] SHOW FULL COLUMNS FROM `bid_record` [ RunTime:0.001087s ]
[2026-08-19T08:59:35+08:00][sql] SELECT `b`.*,`u`.`nickname`,`u`.`mobile` FROM `bid_record` `b` LEFT JOIN `user` `u` ON `b`.`user_id`=`u`.`id` WHERE  `b`.`goods_id` = '28'  AND `b`.`status` = '0' ORDER BY `b`.`price` DESC,`b`.`id` ASC LIMIT 1 [ RunTime:0.000865s ]
[2026-08-19T08:59:35+08:00][sql] SELECT `b`.*,`u`.`nickname`,`u`.`mobile` FROM `bid_record` `b` LEFT JOIN `user` `u` ON `b`.`user_id`=`u`.`id` WHERE  `b`.`goods_id` = '28' ORDER BY `b`.`price` DESC,`b`.`id` ASC LIMIT 50 [ RunTime:0.000808s ]
[2026-08-19T08:59:35+08:00][sql] SELECT MAX(`price`) AS think_max FROM `bid_record` WHERE  `goods_id` = 28  AND `user_id` = 27  AND `status` = 0 [ RunTime:0.000668s ]
[2026-08-19T08:59:35+08:00][sql] SELECT MAX(`deposit`) AS think_max FROM `bid_record` WHERE  `goods_id` = 28  AND `user_id` = 27  AND `deposit` > '0' [ RunTime:0.000738s ]
[2026-08-19T08:59:35+08:00][sql] SHOW FULL COLUMNS FROM `browse_history` [ RunTime:0.002803s ]
[2026-08-19T08:59:35+08:00][sql] REPLACE INTO `browse_history` SET `user_id` = 27 , `goods_id` = 28 , `create_time` = 1787101175 [ RunTime:0.001431s ]
[2026-08-19T08:59:35+08:00][sql] SHOW FULL COLUMNS FROM `goods_favorite` [ RunTime:0.002664s ]
[2026-08-19T08:59:35+08:00][sql] SELECT COUNT(*) AS think_count FROM `goods_favorite` WHERE  `user_id` = 27  AND `goods_id` = 28 [ RunTime:0.000650s ]
[2026-08-19T08:59:35+08:00][sql] SHOW FULL COLUMNS FROM `seller_follow` [ RunTime:0.002926s ]
[2026-08-19T08:59:35+08:00][sql] SELECT COUNT(*) AS think_count FROM `seller_follow` WHERE  `user_id` = 27  AND `seller_id` = 20 [ RunTime:0.000647s ]
[2026-08-19T08:59:40+08:00][sql] CONNECT:[ UseTime:0.002000s ] mysql:host=127.0.0.1;port=3306;dbname=auction;charset=utf8mb4
[2026-08-19T08:59:40+08:00][sql] SHOW FULL COLUMNS FROM `goods` [ RunTime:0.001681s ]
[2026-08-19T08:59:40+08:00][sql] SELECT `id` FROM `goods` WHERE  `status` = 1  AND `end_time` <= 1787101180 [ RunTime:0.000993s ]
[2026-08-19T08:59:40+08:00][sql] SHOW FULL COLUMNS FROM `user` [ RunTime:0.001651s ]
[2026-08-19T08:59:40+08:00][sql] SELECT * FROM `user` WHERE  `id` = 25 LIMIT 1 [ RunTime:0.001043s ]
[2026-08-19T08:59:40+08:00][sql] SHOW FULL COLUMNS FROM `setting` [ RunTime:0.002037s ]
[2026-08-19T08:59:40+08:00][sql] SELECT * FROM `setting` [ RunTime:0.001092s ]
[2026-08-19T08:59:40+08:00][sql] SHOW FULL COLUMNS FROM `bid_record` [ RunTime:0.001348s ]
[2026-08-19T08:59:40+08:00][sql] SELECT COUNT(*) AS think_count FROM `bid_record` WHERE  `user_id` = 25 [ RunTime:0.000695s ]
[2026-08-19T08:59:40+08:00][sql] SHOW FULL COLUMNS FROM `order` [ RunTime:0.002730s ]
[2026-08-19T08:59:40+08:00][sql] SELECT COUNT(*) AS think_count FROM `order` WHERE  `buyer_id` = 25  AND `pay_status` = 1 [ RunTime:0.000706s ]
[2026-08-19T08:59:40+08:00][sql] SELECT COUNT(*) AS think_count FROM `goods` WHERE  `seller_id` = 25  AND `status` = 2 [ RunTime:0.002017s ]
[2026-08-19T08:59:40+08:00][sql] SELECT COUNT(*) AS think_count FROM `goods` WHERE  `seller_id` = 25 [ RunTime:0.000616s ]
[2026-08-19T08:59:40+08:00][sql] SELECT COUNT(*) AS think_count FROM `order` WHERE  `buyer_id` = 25  AND `pay_status` = 0  AND `order_status` = 0 [ RunTime:0.000627s ]
[2026-08-19T08:59:40+08:00][sql] SELECT COUNT(*) AS think_count FROM `order` WHERE  `seller_id` = 25  AND `order_status` = 1 [ RunTime:0.000623s ]
[2026-08-19T08:59:40+08:00][sql] SELECT COUNT(*) AS think_count FROM `order` WHERE  `buyer_id` = 25  AND `order_status` = 0  AND `pay_status` = 0 [ RunTime:0.000643s ]
[2026-08-19T08:59:40+08:00][sql] SELECT COUNT(*) AS think_count FROM `order` WHERE  `buyer_id` = 25  AND `order_status` = 1 [ RunTime:0.000585s ]
[2026-08-19T08:59:40+08:00][sql] SELECT COUNT(*) AS think_count FROM `order` WHERE  `buyer_id` = 25  AND `order_status` = 2 [ RunTime:0.000567s ]
[2026-08-19T08:59:40+08:00][sql] SELECT COUNT(*) AS think_count FROM `order` WHERE  `buyer_id` = 25  AND `order_status` = 3 [ RunTime:0.000596s ]
[2026-08-19T08:59:40+08:00][sql] SELECT COUNT(*) AS think_count FROM `order` WHERE  `seller_id` = 25  AND `order_status` = 1 [ RunTime:0.000482s ]
[2026-08-19T08:59:40+08:00][sql] SHOW FULL COLUMNS FROM `goods_favorite` [ RunTime:0.002770s ]
[2026-08-19T08:59:40+08:00][sql] SELECT COUNT(*) AS think_count FROM `goods_favorite` WHERE  `user_id` = 25 [ RunTime:0.000803s ]
[2026-08-19T08:59:40+08:00][sql] SHOW FULL COLUMNS FROM `seller_follow` [ RunTime:0.002775s ]
[2026-08-19T08:59:40+08:00][sql] SELECT COUNT(*) AS think_count FROM `seller_follow` WHERE  `user_id` = 25 [ RunTime:0.000793s ]
[2026-08-19T08:59:40+08:00][sql] SHOW FULL COLUMNS FROM `browse_history` [ RunTime:0.002856s ]
[2026-08-19T08:59:40+08:00][sql] SELECT COUNT(*) AS think_count FROM `browse_history` WHERE  `user_id` = 25 [ RunTime:0.000808s ]
[2026-08-19T08:59:40+08:00][sql] SHOW FULL COLUMNS FROM `balance_log` [ RunTime:0.002978s ]
[2026-08-19T08:59:40+08:00][sql] SELECT * FROM `balance_log` WHERE  `user_id` = 25 ORDER BY `id` DESC LIMIT 5 [ RunTime:0.000859s ]
[2026-08-19T08:59:40+08:00][sql] SELECT `b`.*,`g`.`title`,`g`.`cover`,g.status as goods_status,`g`.`end_time` FROM `bid_record` `b` LEFT JOIN `goods` `g` ON `b`.`goods_id`=`g`.`id` WHERE  `b`.`user_id` = '25' ORDER BY `b`.`id` DESC LIMIT 5 [ RunTime:0.000887s ]
[2026-08-19T08:59:40+08:00][sql] SELECT `id`,`nickname`,`mobile`,`reg_time` FROM `user` WHERE  `pid` = 25 ORDER BY `id` DESC LIMIT 10 [ RunTime:0.000732s ]
[2026-08-19T09:00:02+08:00][sql] CONNECT:[ UseTime:0.008141s ] mysql:host=127.0.0.1;port=3306;dbname=auction;charset=utf8mb4
[2026-08-19T09:00:02+08:00][sql] SHOW FULL COLUMNS FROM `goods` [ RunTime:0.001782s ]
[2026-08-19T09:00:02+08:00][sql] SELECT `id` FROM `goods` WHERE  `status` = 1  AND `end_time` <= 1787101202 [ RunTime:0.001019s ]
[2026-08-19T09:00:02+08:00][sql] SHOW FULL COLUMNS FROM `user` [ RunTime:0.002024s ]
[2026-08-19T09:00:02+08:00][sql] SELECT * FROM `user` WHERE  `id` = 25 LIMIT 1 [ RunTime:0.001003s ]
[2026-08-19T09:00:02+08:00][sql] SHOW FULL COLUMNS FROM `setting` [ RunTime:0.001475s ]
[2026-08-19T09:00:02+08:00][sql] SELECT * FROM `setting` [ RunTime:0.000851s ]
[2026-08-19T09:00:02+08:00][sql] SHOW FULL COLUMNS FROM `category` [ RunTime:0.005387s ]
[2026-08-19T09:00:02+08:00][sql] SELECT * FROM `category` WHERE  `status` = 1 ORDER BY `sort` ASC [ RunTime:0.001874s ]
[2026-08-19T09:00:43+08:00][sql] CONNECT:[ UseTime:0.001918s ] mysql:host=127.0.0.1;port=3306;dbname=auction;charset=utf8mb4
[2026-08-19T09:00:43+08:00][sql] SHOW FULL COLUMNS FROM `goods` [ RunTime:0.001481s ]
[2026-08-19T09:00:43+08:00][sql] SELECT `id` FROM `goods` WHERE  `status` = 1  AND `end_time` <= 1787101243 [ RunTime:0.000759s ]
[2026-08-19T09:00:43+08:00][sql] SHOW FULL COLUMNS FROM `user` [ RunTime:0.001162s ]
[2026-08-19T09:00:43+08:00][sql] SELECT * FROM `user` WHERE  `id` = 25 LIMIT 1 [ RunTime:0.000782s ]
[2026-08-19T09:00:43+08:00][sql] SHOW FULL COLUMNS FROM `setting` [ RunTime:0.001133s ]
[2026-08-19T09:00:43+08:00][sql] SELECT * FROM `setting` [ RunTime:0.000633s ]
[2026-08-19T09:00:45+08:00][sql] CONNECT:[ UseTime:0.002503s ] mysql:host=127.0.0.1;port=3306;dbname=auction;charset=utf8mb4
[2026-08-19T09:00:45+08:00][sql] SHOW FULL COLUMNS FROM `goods` [ RunTime:0.002094s ]
[2026-08-19T09:00:45+08:00][sql] SELECT `id` FROM `goods` WHERE  `status` = 1  AND `end_time` <= 1787101245 [ RunTime:0.001161s ]
[2026-08-19T09:00:45+08:00][sql] SHOW FULL COLUMNS FROM `user` [ RunTime:0.002157s ]
[2026-08-19T09:00:45+08:00][sql] SELECT * FROM `user` WHERE  `id` = 25 LIMIT 1 [ RunTime:0.001056s ]
[2026-08-19T09:00:45+08:00][sql] SHOW FULL COLUMNS FROM `setting` [ RunTime:0.001528s ]
[2026-08-19T09:00:45+08:00][sql] SELECT * FROM `setting` [ RunTime:0.000863s ]
[2026-08-19T09:00:45+08:00][sql] INSERT INTO `goods` SET `seller_id` = 25 , `category_id` = 1 , `title` = '测试' , `cover` = '/uploads/20260819/090043_6554.png' , `images` = '[\"\\/uploads\\/20260819\\/090043_6554.png\"]' , `content` = '222222222' , `start_price` = '3000' , `raise_price` = '100' , `reserve_price` = '0' , `deposit` = '100' , `commission_rate` = '0' , `start_time` = 1787101245 , `end_time` = 1787101380 , `delay_seconds` = 0 , `reference_price` = '1' , `is_free_shipping` = 0 , `is_featured` = 0 , `status` = 1 , `create_time` = 1787101245 , `update_time` = 1787101245 [ RunTime:0.005957s ]
[2026-08-19T09:00:46+08:00][sql] CONNECT:[ UseTime:0.016901s ] mysql:host=127.0.0.1;port=3306;dbname=auction;charset=utf8mb4
[2026-08-19T09:00:46+08:00][sql] SHOW FULL COLUMNS FROM `goods` [ RunTime:0.001986s ]
[2026-08-19T09:00:46+08:00][sql] SELECT `id` FROM `goods` WHERE  `status` = 1  AND `end_time` <= 1787101246 [ RunTime:0.001254s ]
[2026-08-19T09:00:46+08:00][sql] SHOW FULL COLUMNS FROM `user` [ RunTime:0.002373s ]
[2026-08-19T09:00:46+08:00][sql] SELECT * FROM `user` WHERE  `id` = 25 LIMIT 1 [ RunTime:0.001289s ]
[2026-08-19T09:00:46+08:00][sql] SHOW FULL COLUMNS FROM `setting` [ RunTime:0.001845s ]
[2026-08-19T09:00:46+08:00][sql] SELECT * FROM `setting` [ RunTime:0.001135s ]
[2026-08-19T09:00:46+08:00][sql] SELECT COUNT(*) AS think_count FROM `goods` WHERE  `seller_id` = 25 [ RunTime:0.001416s ]
[2026-08-19T09:00:46+08:00][sql] SELECT * FROM `goods` WHERE  `seller_id` = 25 ORDER BY `id` DESC LIMIT 0,10 [ RunTime:0.001216s ]
[2026-08-19T09:00:46+08:00][sql] SHOW FULL COLUMNS FROM `bid_record` [ RunTime:0.003924s ]
[2026-08-19T09:00:46+08:00][sql] SELECT MAX(`price`) AS think_max FROM `bid_record` WHERE  `goods_id` = 32  AND `status` = 0 [ RunTime:0.000892s ]
[2026-08-19T09:00:46+08:00][sql] SELECT MAX(`price`) AS think_max FROM `bid_record` WHERE  `goods_id` = 31  AND `status` = 0 [ RunTime:0.000995s ]
[2026-08-19T09:00:46+08:00][sql] SELECT MAX(`price`) AS think_max FROM `bid_record` WHERE  `goods_id` = 30  AND `status` = 0 [ RunTime:0.000901s ]
[2026-08-19T09:00:46+08:00][sql] SELECT MAX(`price`) AS think_max FROM `bid_record` WHERE  `goods_id` = 29  AND `status` = 0 [ RunTime:0.000888s ]
[2026-08-19T09:00:46+08:00][sql] SELECT MAX(`price`) AS think_max FROM `bid_record` WHERE  `goods_id` = 27  AND `status` = 0 [ RunTime:0.000901s ]
[2026-08-19T09:00:51+08:00][sql] CONNECT:[ UseTime:0.021663s ] mysql:host=127.0.0.1;port=3306;dbname=auction;charset=utf8mb4
[2026-08-19T09:00:51+08:00][sql] SHOW FULL COLUMNS FROM `goods` [ RunTime:0.002259s ]
[2026-08-19T09:00:51+08:00][sql] SELECT `id` FROM `goods` WHERE  `status` = 1  AND `end_time` <= 1787101251 [ RunTime:0.001062s ]
[2026-08-19T09:00:51+08:00][sql] SHOW FULL COLUMNS FROM `user` [ RunTime:0.001924s ]
[2026-08-19T09:00:51+08:00][sql] SELECT * FROM `user` WHERE  `id` = 27 LIMIT 1 [ RunTime:0.001035s ]
[2026-08-19T09:00:51+08:00][sql] SHOW FULL COLUMNS FROM `setting` [ RunTime:0.001535s ]
[2026-08-19T09:00:51+08:00][sql] SELECT * FROM `setting` [ RunTime:0.000858s ]
[2026-08-19T09:00:51+08:00][sql] SELECT COUNT(*) AS think_count FROM `goods` `g` LEFT JOIN `user` `u` ON `g`.`seller_id`=`u`.`id` WHERE  `g`.`status` = '1'  AND `g`.`start_time` <= '1787101251'  AND `g`.`end_time` > '1787101251' [ RunTime:0.001179s ]
[2026-08-19T09:00:51+08:00][sql] SELECT `g`.*,u.nickname as seller_name FROM `goods` `g` LEFT JOIN `user` `u` ON `g`.`seller_id`=`u`.`id` WHERE  `g`.`status` = '1'  AND `g`.`start_time` <= '1787101251'  AND `g`.`end_time` > '1787101251' ORDER BY `g`.`end_time` ASC,`g`.`id` DESC LIMIT 0,10 [ RunTime:0.001670s ]
[2026-08-19T09:00:51+08:00][sql] SHOW FULL COLUMNS FROM `bid_record` [ RunTime:0.002130s ]
[2026-08-19T09:00:51+08:00][sql] SELECT MAX(`price`) AS think_max FROM `bid_record` WHERE  `goods_id` = 32  AND `status` = 0 [ RunTime:0.001323s ]
[2026-08-19T09:00:51+08:00][sql] SELECT MAX(`price`) AS think_max FROM `bid_record` WHERE  `goods_id` = 28  AND `status` = 0 [ RunTime:0.001334s ]
[2026-08-19T09:00:51+08:00][sql] SHOW FULL COLUMNS FROM `category` [ RunTime:0.001946s ]
[2026-08-19T09:00:51+08:00][sql] SELECT * FROM `category` WHERE  `status` = 1 ORDER BY `sort` ASC [ RunTime:0.001166s ]
[2026-08-19T09:00:51+08:00][sql] SELECT `b`.`price`,`b`.`create_time`,`g`.`title`,`u`.`nickname` FROM `bid_record` `b` LEFT JOIN `goods` `g` ON `b`.`goods_id`=`g`.`id` LEFT JOIN `user` `u` ON `b`.`user_id`=`u`.`id` WHERE  `b`.`status` = '1' ORDER BY `b`.`id` DESC LIMIT 5 [ RunTime:0.001258s ]
[2026-08-19T09:00:51+08:00][sql] SHOW FULL COLUMNS FROM `news` [ RunTime:0.001809s ]
[2026-08-19T09:00:51+08:00][sql] SELECT `id`,`title`,`create_time` FROM `news` WHERE  `status` = 1 ORDER BY `id` DESC LIMIT 3 [ RunTime:0.001187s ]
[2026-08-19T09:00:51+08:00][sql] SHOW FULL COLUMNS FROM `banner` [ RunTime:0.002077s ]
[2026-08-19T09:00:51+08:00][sql] SELECT * FROM `banner` WHERE  `status` = 1 ORDER BY `sort` ASC,`id` ASC [ RunTime:0.000796s ]
[2026-08-19T09:00:52+08:00][sql] CONNECT:[ UseTime:0.002269s ] mysql:host=127.0.0.1;port=3306;dbname=auction;charset=utf8mb4
[2026-08-19T09:00:52+08:00][sql] SHOW FULL COLUMNS FROM `goods` [ RunTime:0.002096s ]
[2026-08-19T09:00:52+08:00][sql] SELECT `id` FROM `goods` WHERE  `status` = 1  AND `end_time` <= 1787101252 [ RunTime:0.000749s ]
[2026-08-19T09:00:52+08:00][sql] SHOW FULL COLUMNS FROM `user` [ RunTime:0.004289s ]
[2026-08-19T09:00:52+08:00][sql] SELECT * FROM `user` WHERE  `id` = 27 LIMIT 1 [ RunTime:0.001219s ]
[2026-08-19T09:00:52+08:00][sql] SHOW FULL COLUMNS FROM `setting` [ RunTime:0.001927s ]
[2026-08-19T09:00:52+08:00][sql] SELECT * FROM `setting` [ RunTime:0.001090s ]
[2026-08-19T09:00:52+08:00][sql] SHOW FULL COLUMNS FROM `bid_record` [ RunTime:0.004232s ]
[2026-08-19T09:00:52+08:00][sql] SELECT COUNT(*) AS think_count FROM `bid_record` WHERE  `user_id` = 27 [ RunTime:0.001014s ]
[2026-08-19T09:00:52+08:00][sql] SHOW FULL COLUMNS FROM `order` [ RunTime:0.003927s ]
[2026-08-19T09:00:52+08:00][sql] SELECT COUNT(*) AS think_count FROM `order` WHERE  `buyer_id` = 27  AND `pay_status` = 1 [ RunTime:0.000926s ]
[2026-08-19T09:00:52+08:00][sql] SELECT COUNT(*) AS think_count FROM `goods` WHERE  `seller_id` = 27  AND `status` = 2 [ RunTime:0.000994s ]
[2026-08-19T09:00:52+08:00][sql] SELECT COUNT(*) AS think_count FROM `goods` WHERE  `seller_id` = 27 [ RunTime:0.001133s ]
[2026-08-19T09:00:52+08:00][sql] SELECT COUNT(*) AS think_count FROM `order` WHERE  `buyer_id` = 27  AND `pay_status` = 0  AND `order_status` = 0 [ RunTime:0.000505s ]
[2026-08-19T09:00:52+08:00][sql] SELECT COUNT(*) AS think_count FROM `order` WHERE  `seller_id` = 27  AND `order_status` = 1 [ RunTime:0.001030s ]
[2026-08-19T09:00:52+08:00][sql] SELECT COUNT(*) AS think_count FROM `order` WHERE  `buyer_id` = 27  AND `order_status` = 0  AND `pay_status` = 0 [ RunTime:0.001090s ]
[2026-08-19T09:00:52+08:00][sql] SELECT COUNT(*) AS think_count FROM `order` WHERE  `buyer_id` = 27  AND `order_status` = 1 [ RunTime:0.001109s ]
[2026-08-19T09:00:52+08:00][sql] SELECT COUNT(*) AS think_count FROM `order` WHERE  `buyer_id` = 27  AND `order_status` = 2 [ RunTime:0.001075s ]
[2026-08-19T09:00:52+08:00][sql] SELECT COUNT(*) AS think_count FROM `order` WHERE  `buyer_id` = 27  AND `order_status` = 3 [ RunTime:0.001067s ]
[2026-08-19T09:00:52+08:00][sql] SELECT COUNT(*) AS think_count FROM `order` WHERE  `seller_id` = 27  AND `order_status` = 1 [ RunTime:0.001072s ]
[2026-08-19T09:00:52+08:00][sql] SHOW FULL COLUMNS FROM `goods_favorite` [ RunTime:0.004134s ]
[2026-08-19T09:00:52+08:00][sql] SELECT COUNT(*) AS think_count FROM `goods_favorite` WHERE  `user_id` = 27 [ RunTime:0.001055s ]
[2026-08-19T09:00:52+08:00][sql] SHOW FULL COLUMNS FROM `seller_follow` [ RunTime:0.004563s ]
[2026-08-19T09:00:52+08:00][sql] SELECT COUNT(*) AS think_count FROM `seller_follow` WHERE  `user_id` = 27 [ RunTime:0.001061s ]
[2026-08-19T09:00:52+08:00][sql] SHOW FULL COLUMNS FROM `browse_history` [ RunTime:0.003586s ]
[2026-08-19T09:00:52+08:00][sql] SELECT COUNT(*) AS think_count FROM `browse_history` WHERE  `user_id` = 27 [ RunTime:0.000927s ]
[2026-08-19T09:00:52+08:00][sql] SHOW FULL COLUMNS FROM `balance_log` [ RunTime:0.003498s ]
[2026-08-19T09:00:52+08:00][sql] SELECT * FROM `balance_log` WHERE  `user_id` = 27 ORDER BY `id` DESC LIMIT 5 [ RunTime:0.000886s ]
[2026-08-19T09:00:52+08:00][sql] SELECT `b`.*,`g`.`title`,`g`.`cover`,g.status as goods_status,`g`.`end_time` FROM `bid_record` `b` LEFT JOIN `goods` `g` ON `b`.`goods_id`=`g`.`id` WHERE  `b`.`user_id` = '27' ORDER BY `b`.`id` DESC LIMIT 5 [ RunTime:0.000955s ]
[2026-08-19T09:00:52+08:00][sql] SELECT `id`,`nickname`,`mobile`,`reg_time` FROM `user` WHERE  `pid` = 27 ORDER BY `id` DESC LIMIT 10 [ RunTime:0.001215s ]
[2026-08-19T09:00:54+08:00][sql] CONNECT:[ UseTime:0.001802s ] mysql:host=127.0.0.1;port=3306;dbname=auction;charset=utf8mb4
[2026-08-19T09:00:54+08:00][sql] SHOW FULL COLUMNS FROM `goods` [ RunTime:0.001321s ]
[2026-08-19T09:00:54+08:00][sql] SELECT `id` FROM `goods` WHERE  `status` = 1  AND `end_time` <= 1787101254 [ RunTime:0.000710s ]
[2026-08-19T09:00:54+08:00][sql] SHOW FULL COLUMNS FROM `user` [ RunTime:0.003316s ]
[2026-08-19T09:00:54+08:00][sql] SELECT * FROM `user` WHERE  `id` = 27 LIMIT 1 [ RunTime:0.000770s ]
[2026-08-19T09:00:54+08:00][sql] SHOW FULL COLUMNS FROM `setting` [ RunTime:0.001256s ]
[2026-08-19T09:00:54+08:00][sql] SELECT * FROM `setting` [ RunTime:0.000691s ]
[2026-08-19T09:00:54+08:00][sql] SELECT COUNT(*) AS think_count FROM `goods` `g` LEFT JOIN `user` `u` ON `g`.`seller_id`=`u`.`id` WHERE  `g`.`status` = '1'  AND `g`.`start_time` <= '1787101254'  AND `g`.`end_time` > '1787101254' [ RunTime:0.001052s ]
[2026-08-19T09:00:54+08:00][sql] SELECT `g`.*,u.nickname as seller_name FROM `goods` `g` LEFT JOIN `user` `u` ON `g`.`seller_id`=`u`.`id` WHERE  `g`.`status` = '1'  AND `g`.`start_time` <= '1787101254'  AND `g`.`end_time` > '1787101254' ORDER BY `g`.`end_time` ASC,`g`.`id` DESC LIMIT 0,10 [ RunTime:0.001146s ]
[2026-08-19T09:00:54+08:00][sql] SHOW FULL COLUMNS FROM `bid_record` [ RunTime:0.003016s ]
[2026-08-19T09:00:54+08:00][sql] SELECT MAX(`price`) AS think_max FROM `bid_record` WHERE  `goods_id` = 32  AND `status` = 0 [ RunTime:0.000837s ]
[2026-08-19T09:00:54+08:00][sql] SELECT MAX(`price`) AS think_max FROM `bid_record` WHERE  `goods_id` = 28  AND `status` = 0 [ RunTime:0.000741s ]
[2026-08-19T09:00:54+08:00][sql] SHOW FULL COLUMNS FROM `category` [ RunTime:0.002680s ]
[2026-08-19T09:00:54+08:00][sql] SELECT * FROM `category` WHERE  `status` = 1 ORDER BY `sort` ASC [ RunTime:0.000766s ]
[2026-08-19T09:00:54+08:00][sql] SELECT `b`.`price`,`b`.`create_time`,`g`.`title`,`u`.`nickname` FROM `bid_record` `b` LEFT JOIN `goods` `g` ON `b`.`goods_id`=`g`.`id` LEFT JOIN `user` `u` ON `b`.`user_id`=`u`.`id` WHERE  `b`.`status` = '1' ORDER BY `b`.`id` DESC LIMIT 5 [ RunTime:0.000502s ]
[2026-08-19T09:00:54+08:00][sql] SHOW FULL COLUMNS FROM `news` [ RunTime:0.002287s ]
[2026-08-19T09:00:54+08:00][sql] SELECT `id`,`title`,`create_time` FROM `news` WHERE  `status` = 1 ORDER BY `id` DESC LIMIT 3 [ RunTime:0.000592s ]
[2026-08-19T09:00:54+08:00][sql] SHOW FULL COLUMNS FROM `banner` [ RunTime:0.002374s ]
[2026-08-19T09:00:54+08:00][sql] SELECT * FROM `banner` WHERE  `status` = 1 ORDER BY `sort` ASC,`id` ASC [ RunTime:0.000628s ]
[2026-08-19T09:00:56+08:00][sql] CONNECT:[ UseTime:0.009374s ] mysql:host=127.0.0.1;port=3306;dbname=auction;charset=utf8mb4
[2026-08-19T09:00:56+08:00][sql] SHOW FULL COLUMNS FROM `goods` [ RunTime:0.002062s ]
[2026-08-19T09:00:56+08:00][sql] SELECT `id` FROM `goods` WHERE  `status` = 1  AND `end_time` <= 1787101256 [ RunTime:0.001000s ]
[2026-08-19T09:00:56+08:00][sql] SHOW FULL COLUMNS FROM `user` [ RunTime:0.001879s ]
[2026-08-19T09:00:56+08:00][sql] SELECT * FROM `user` WHERE  `id` = 27 LIMIT 1 [ RunTime:0.001032s ]
[2026-08-19T09:00:56+08:00][sql] SHOW FULL COLUMNS FROM `setting` [ RunTime:0.001531s ]
[2026-08-19T09:00:56+08:00][sql] SELECT * FROM `setting` [ RunTime:0.000852s ]
[2026-08-19T09:00:56+08:00][sql] SELECT `g`.*,u.nickname as seller_name,u.shop_name as seller_shop,u.avatar as seller_avatar,c.name as category_name FROM `goods` `g` LEFT JOIN `user` `u` ON `g`.`seller_id`=`u`.`id` LEFT JOIN `category` `c` ON `g`.`category_id`=`c`.`id` WHERE  `g`.`id` = '32' LIMIT 1 [ RunTime:0.003252s ]
[2026-08-19T09:00:56+08:00][sql] UPDATE `goods`  SET `view_count` = `view_count` + 1  WHERE  `id` = 32 [ RunTime:0.002346s ]
[2026-08-19T09:00:56+08:00][sql] SHOW FULL COLUMNS FROM `bid_record` [ RunTime:0.003144s ]
[2026-08-19T09:00:56+08:00][sql] SELECT `b`.*,`u`.`nickname`,`u`.`mobile` FROM `bid_record` `b` LEFT JOIN `user` `u` ON `b`.`user_id`=`u`.`id` WHERE  `b`.`goods_id` = '32'  AND `b`.`status` = '0' ORDER BY `b`.`price` DESC,`b`.`id` ASC LIMIT 1 [ RunTime:0.000954s ]
[2026-08-19T09:00:56+08:00][sql] SELECT `b`.*,`u`.`nickname`,`u`.`mobile` FROM `bid_record` `b` LEFT JOIN `user` `u` ON `b`.`user_id`=`u`.`id` WHERE  `b`.`goods_id` = '32' ORDER BY `b`.`price` DESC,`b`.`id` ASC LIMIT 50 [ RunTime:0.000852s ]
[2026-08-19T09:00:56+08:00][sql] SELECT MAX(`price`) AS think_max FROM `bid_record` WHERE  `goods_id` = 32  AND `user_id` = 27  AND `status` = 0 [ RunTime:0.000782s ]
[2026-08-19T09:00:56+08:00][sql] SELECT MAX(`deposit`) AS think_max FROM `bid_record` WHERE  `goods_id` = 32  AND `user_id` = 27  AND `deposit` > '0' [ RunTime:0.000774s ]
[2026-08-19T09:00:56+08:00][sql] SHOW FULL COLUMNS FROM `browse_history` [ RunTime:0.002784s ]
[2026-08-19T09:00:56+08:00][sql] REPLACE INTO `browse_history` SET `user_id` = 27 , `goods_id` = 32 , `create_time` = 1787101256 [ RunTime:0.001783s ]
[2026-08-19T09:00:56+08:00][sql] SHOW FULL COLUMNS FROM `goods_favorite` [ RunTime:0.005831s ]
[2026-08-19T09:00:56+08:00][sql] SELECT COUNT(*) AS think_count FROM `goods_favorite` WHERE  `user_id` = 27  AND `goods_id` = 32 [ RunTime:0.000921s ]
[2026-08-19T09:00:56+08:00][sql] SHOW FULL COLUMNS FROM `seller_follow` [ RunTime:0.003419s ]
[2026-08-19T09:00:56+08:00][sql] SELECT COUNT(*) AS think_count FROM `seller_follow` WHERE  `user_id` = 27  AND `seller_id` = 25 [ RunTime:0.000885s ]
[2026-08-19T09:01:04+08:00][sql] CONNECT:[ UseTime:0.020432s ] mysql:host=127.0.0.1;port=3306;dbname=auction;charset=utf8mb4
[2026-08-19T09:01:04+08:00][sql] SHOW FULL COLUMNS FROM `goods` [ RunTime:0.004600s ]
[2026-08-19T09:01:04+08:00][sql] SELECT `id` FROM `goods` WHERE  `status` = 1  AND `end_time` <= 1787101264 [ RunTime:0.001056s ]
[2026-08-19T09:01:04+08:00][sql] SHOW FULL COLUMNS FROM `user` [ RunTime:0.002000s ]
[2026-08-19T09:01:04+08:00][sql] SELECT * FROM `user` WHERE  `id` = 27 LIMIT 1 [ RunTime:0.001034s ]
[2026-08-19T09:01:04+08:00][sql] SHOW FULL COLUMNS FROM `setting` [ RunTime:0.001493s ]
[2026-08-19T09:01:04+08:00][sql] SELECT * FROM `setting` [ RunTime:0.000836s ]
[2026-08-19T09:01:04+08:00][sql] SELECT * FROM `goods` WHERE  `id` = 32 LIMIT 1   FOR UPDATE [ RunTime:0.000892s ]
[2026-08-19T09:01:04+08:00][sql] SHOW FULL COLUMNS FROM `bid_record` [ RunTime:0.001278s ]
[2026-08-19T09:01:04+08:00][sql] SELECT MAX(`price`) AS think_max FROM `bid_record` WHERE  `goods_id` = 32  AND `status` = 0 [ RunTime:0.000775s ]
[2026-08-19T09:01:04+08:00][sql] SELECT * FROM `user` WHERE  `id` = 27 LIMIT 1   FOR UPDATE [ RunTime:0.000870s ]
[2026-08-19T09:01:04+08:00][sql] SELECT MAX(`deposit`) AS think_max FROM `bid_record` WHERE  `goods_id` = 32  AND `user_id` = 27  AND `deposit` > '0' [ RunTime:0.000698s ]
[2026-08-19T09:01:25+08:00][sql] CONNECT:[ UseTime:0.001483s ] mysql:host=127.0.0.1;port=3306;dbname=auction;charset=utf8mb4
[2026-08-19T09:01:25+08:00][sql] SHOW FULL COLUMNS FROM `goods` [ RunTime:0.001600s ]
[2026-08-19T09:01:25+08:00][sql] SELECT `id` FROM `goods` WHERE  `status` = 1  AND `end_time` <= 1787101285 [ RunTime:0.000803s ]
[2026-08-19T09:01:25+08:00][sql] SHOW FULL COLUMNS FROM `user` [ RunTime:0.001447s ]
[2026-08-19T09:01:25+08:00][sql] SELECT * FROM `user` WHERE  `id` = 27 LIMIT 1 [ RunTime:0.000797s ]
[2026-08-19T09:01:25+08:00][sql] SHOW FULL COLUMNS FROM `setting` [ RunTime:0.000985s ]
[2026-08-19T09:01:25+08:00][sql] SELECT * FROM `setting` [ RunTime:0.000477s ]
[2026-08-19T09:01:25+08:00][sql] SELECT `g`.*,u.nickname as seller_name,u.shop_name as seller_shop,u.avatar as seller_avatar,c.name as category_name FROM `goods` `g` LEFT JOIN `user` `u` ON `g`.`seller_id`=`u`.`id` LEFT JOIN `category` `c` ON `g`.`category_id`=`c`.`id` WHERE  `g`.`id` = '32' LIMIT 1 [ RunTime:0.000823s ]
[2026-08-19T09:01:25+08:00][sql] UPDATE `goods`  SET `view_count` = `view_count` + 1  WHERE  `id` = 32 [ RunTime:0.004349s ]
[2026-08-19T09:01:25+08:00][sql] SHOW FULL COLUMNS FROM `bid_record` [ RunTime:0.001012s ]
[2026-08-19T09:01:25+08:00][sql] SELECT `b`.*,`u`.`nickname`,`u`.`mobile` FROM `bid_record` `b` LEFT JOIN `user` `u` ON `b`.`user_id`=`u`.`id` WHERE  `b`.`goods_id` = '32'  AND `b`.`status` = '0' ORDER BY `b`.`price` DESC,`b`.`id` ASC LIMIT 1 [ RunTime:0.000862s ]
[2026-08-19T09:01:25+08:00][sql] SELECT `b`.*,`u`.`nickname`,`u`.`mobile` FROM `bid_record` `b` LEFT JOIN `user` `u` ON `b`.`user_id`=`u`.`id` WHERE  `b`.`goods_id` = '32' ORDER BY `b`.`price` DESC,`b`.`id` ASC LIMIT 50 [ RunTime:0.000707s ]
[2026-08-19T09:01:25+08:00][sql] SELECT MAX(`price`) AS think_max FROM `bid_record` WHERE  `goods_id` = 32  AND `user_id` = 27  AND `status` = 0 [ RunTime:0.000614s ]
[2026-08-19T09:01:25+08:00][sql] SELECT MAX(`deposit`) AS think_max FROM `bid_record` WHERE  `goods_id` = 32  AND `user_id` = 27  AND `deposit` > '0' [ RunTime:0.000597s ]
[2026-08-19T09:01:25+08:00][sql] SHOW FULL COLUMNS FROM `browse_history` [ RunTime:0.002737s ]
[2026-08-19T09:01:25+08:00][sql] REPLACE INTO `browse_history` SET `user_id` = 27 , `goods_id` = 32 , `create_time` = 1787101285 [ RunTime:0.001543s ]
[2026-08-19T09:01:25+08:00][sql] SHOW FULL COLUMNS FROM `goods_favorite` [ RunTime:0.002419s ]
[2026-08-19T09:01:25+08:00][sql] SELECT COUNT(*) AS think_count FROM `goods_favorite` WHERE  `user_id` = 27  AND `goods_id` = 32 [ RunTime:0.000546s ]
[2026-08-19T09:01:25+08:00][sql] SHOW FULL COLUMNS FROM `seller_follow` [ RunTime:0.002566s ]
[2026-08-19T09:01:25+08:00][sql] SELECT COUNT(*) AS think_count FROM `seller_follow` WHERE  `user_id` = 27  AND `seller_id` = 25 [ RunTime:0.000519s ]
[2026-08-19T09:01:32+08:00][sql] CONNECT:[ UseTime:0.014434s ] mysql:host=127.0.0.1;port=3306;dbname=auction;charset=utf8mb4
[2026-08-19T09:01:32+08:00][sql] SHOW FULL COLUMNS FROM `goods` [ RunTime:0.002260s ]
[2026-08-19T09:01:32+08:00][sql] SELECT `id` FROM `goods` WHERE  `status` = 1  AND `end_time` <= 1787101292 [ RunTime:0.001153s ]
[2026-08-19T09:01:32+08:00][sql] SHOW FULL COLUMNS FROM `user` [ RunTime:0.002056s ]
[2026-08-19T09:01:32+08:00][sql] SELECT * FROM `user` WHERE  `id` = 27 LIMIT 1 [ RunTime:0.001229s ]
[2026-08-19T09:01:32+08:00][sql] SHOW FULL COLUMNS FROM `setting` [ RunTime:0.001569s ]
[2026-08-19T09:01:32+08:00][sql] SELECT * FROM `setting` [ RunTime:0.000855s ]
[2026-08-19T09:01:32+08:00][sql] SELECT * FROM `goods` WHERE  `id` = 32 LIMIT 1   FOR UPDATE [ RunTime:0.001084s ]
[2026-08-19T09:01:32+08:00][sql] SHOW FULL COLUMNS FROM `bid_record` [ RunTime:0.002101s ]
[2026-08-19T09:01:32+08:00][sql] SELECT MAX(`price`) AS think_max FROM `bid_record` WHERE  `goods_id` = 32  AND `status` = 0 [ RunTime:0.001162s ]
[2026-08-19T09:01:32+08:00][sql] SELECT * FROM `user` WHERE  `id` = 27 LIMIT 1   FOR UPDATE [ RunTime:0.000847s ]
[2026-08-19T09:01:32+08:00][sql] SELECT MAX(`deposit`) AS think_max FROM `bid_record` WHERE  `goods_id` = 32  AND `user_id` = 27  AND `deposit` > '0' [ RunTime:0.000741s ]
[2026-08-19T09:01:32+08:00][sql] UPDATE `user`  SET `balance` = '99900' , `freeze_balance` = '100' , `update_time` = 1787101292  WHERE  `id` = 27 [ RunTime:0.000614s ]
[2026-08-19T09:01:32+08:00][sql] SHOW FULL COLUMNS FROM `balance_log` [ RunTime:0.002677s ]
[2026-08-19T09:01:32+08:00][sql] INSERT INTO `balance_log` SET `user_id` = 27 , `type` = 'deposit' , `amount` = '-100' , `balance` = '99900' , `remark` = '拍卖保证金（测试）' , `create_time` = 1787101292 [ RunTime:0.000673s ]
[2026-08-19T09:01:32+08:00][sql] INSERT INTO `bid_record` SET `goods_id` = 32 , `user_id` = 27 , `price` = '3100' , `deposit` = '100' , `status` = 0 , `is_winner` = 0 , `create_time` = 1787101292 [ RunTime:0.000603s ]
[2026-08-19T09:01:32+08:00][sql] UPDATE `goods`  SET `bid_count` = bid_count+1 , `update_time` = 1787101292  WHERE  `id` = 32 [ RunTime:0.000661s ]
[2026-08-19T09:01:33+08:00][sql] CONNECT:[ UseTime:0.015038s ] mysql:host=127.0.0.1;port=3306;dbname=auction;charset=utf8mb4
[2026-08-19T09:01:33+08:00][sql] SHOW FULL COLUMNS FROM `goods` [ RunTime:0.002034s ]
[2026-08-19T09:01:33+08:00][sql] SELECT `id` FROM `goods` WHERE  `status` = 1  AND `end_time` <= 1787101293 [ RunTime:0.001064s ]
[2026-08-19T09:01:33+08:00][sql] SHOW FULL COLUMNS FROM `user` [ RunTime:0.001847s ]
[2026-08-19T09:01:33+08:00][sql] SELECT * FROM `user` WHERE  `id` = 27 LIMIT 1 [ RunTime:0.001046s ]
[2026-08-19T09:01:33+08:00][sql] SHOW FULL COLUMNS FROM `setting` [ RunTime:0.001440s ]
[2026-08-19T09:01:33+08:00][sql] SELECT * FROM `setting` [ RunTime:0.000819s ]
[2026-08-19T09:01:33+08:00][sql] SELECT `g`.*,u.nickname as seller_name,u.shop_name as seller_shop,u.avatar as seller_avatar,c.name as category_name FROM `goods` `g` LEFT JOIN `user` `u` ON `g`.`seller_id`=`u`.`id` LEFT JOIN `category` `c` ON `g`.`category_id`=`c`.`id` WHERE  `g`.`id` = '32' LIMIT 1 [ RunTime:0.001355s ]
[2026-08-19T09:01:33+08:00][sql] UPDATE `goods`  SET `view_count` = `view_count` + 1  WHERE  `id` = 32 [ RunTime:0.002291s ]
[2026-08-19T09:01:33+08:00][sql] SHOW FULL COLUMNS FROM `bid_record` [ RunTime:0.001765s ]
[2026-08-19T09:01:33+08:00][sql] SELECT `b`.*,`u`.`nickname`,`u`.`mobile` FROM `bid_record` `b` LEFT JOIN `user` `u` ON `b`.`user_id`=`u`.`id` WHERE  `b`.`goods_id` = '32'  AND `b`.`status` = '0' ORDER BY `b`.`price` DESC,`b`.`id` ASC LIMIT 1 [ RunTime:0.000987s ]
[2026-08-19T09:01:33+08:00][sql] SELECT `b`.*,`u`.`nickname`,`u`.`mobile` FROM `bid_record` `b` LEFT JOIN `user` `u` ON `b`.`user_id`=`u`.`id` WHERE  `b`.`goods_id` = '32' ORDER BY `b`.`price` DESC,`b`.`id` ASC LIMIT 50 [ RunTime:0.000900s ]
[2026-08-19T09:01:33+08:00][sql] SELECT MAX(`price`) AS think_max FROM `bid_record` WHERE  `goods_id` = 32  AND `user_id` = 27  AND `status` = 0 [ RunTime:0.000809s ]
[2026-08-19T09:01:33+08:00][sql] SELECT MAX(`deposit`) AS think_max FROM `bid_record` WHERE  `goods_id` = 32  AND `user_id` = 27  AND `deposit` > '0' [ RunTime:0.000792s ]
[2026-08-19T09:01:33+08:00][sql] SHOW FULL COLUMNS FROM `browse_history` [ RunTime:0.001229s ]
[2026-08-19T09:01:33+08:00][sql] REPLACE INTO `browse_history` SET `user_id` = 27 , `goods_id` = 32 , `create_time` = 1787101293 [ RunTime:0.001647s ]
[2026-08-19T09:01:33+08:00][sql] SHOW FULL COLUMNS FROM `goods_favorite` [ RunTime:0.006628s ]
[2026-08-19T09:01:33+08:00][sql] SELECT COUNT(*) AS think_count FROM `goods_favorite` WHERE  `user_id` = 27  AND `goods_id` = 32 [ RunTime:0.000814s ]
[2026-08-19T09:01:33+08:00][sql] SHOW FULL COLUMNS FROM `seller_follow` [ RunTime:0.001459s ]
[2026-08-19T09:01:33+08:00][sql] SELECT COUNT(*) AS think_count FROM `seller_follow` WHERE  `user_id` = 27  AND `seller_id` = 25 [ RunTime:0.000882s ]
[2026-08-19T09:03:07+08:00][sql] CONNECT:[ UseTime:0.001937s ] mysql:host=127.0.0.1;port=3306;dbname=auction;charset=utf8mb4
[2026-08-19T09:03:07+08:00][sql] SHOW FULL COLUMNS FROM `goods` [ RunTime:0.001337s ]
[2026-08-19T09:03:07+08:00][sql] SELECT `id` FROM `goods` WHERE  `status` = 1  AND `end_time` <= 1787101387 [ RunTime:0.000696s ]
[2026-08-19T09:03:07+08:00][sql] SELECT * FROM `goods` WHERE  `id` = 32 LIMIT 1   FOR UPDATE [ RunTime:0.001137s ]
[2026-08-19T09:03:07+08:00][sql] SHOW FULL COLUMNS FROM `bid_record` [ RunTime:0.003059s ]
[2026-08-19T09:03:07+08:00][sql] SELECT * FROM `bid_record` WHERE  `goods_id` = 32  AND `status` = 0 ORDER BY `price` DESC,`id` ASC [ RunTime:0.000844s ]
[2026-08-19T09:03:07+08:00][sql] SHOW FULL COLUMNS FROM `setting` [ RunTime:0.001031s ]
[2026-08-19T09:03:07+08:00][sql] SELECT * FROM `setting` [ RunTime:0.000505s ]
[2026-08-19T09:03:07+08:00][sql] UPDATE `bid_record`  SET `status` = 2  WHERE  `goods_id` = 32  AND `status` = 0 [ RunTime:0.000552s ]
[2026-08-19T09:03:07+08:00][sql] UPDATE `bid_record`  SET `status` = 1 , `is_winner` = 1  WHERE  `id` = 23 [ RunTime:0.000466s ]
[2026-08-19T09:03:07+08:00][sql] SHOW FULL COLUMNS FROM `order` [ RunTime:0.002753s ]
[2026-08-19T09:03:07+08:00][sql] INSERT INTO `order` SET `order_no` = 'AU20260819090307067318' , `goods_id` = 32 , `goods_title` = '测试' , `goods_cover` = '/uploads/20260819/090043_6554.png' , `seller_id` = 25 , `buyer_id` = 27 , `price` = '3100.00' , `commission_rate` = '10' , `commission` = '310' , `seller_income` = '2790' , `deposit` = '100.00' , `pay_status` = 0 , `order_status` = 0 , `create_time` = 1787101387 , `update_time` = 1787101387 [ RunTime:0.000880s ]
[2026-08-19T09:03:07+08:00][sql] UPDATE `goods`  SET `status` = 2 , `final_price` = '3100.00' , `winner_id` = 27 , `order_id` = 7 , `update_time` = 1787101387  WHERE  `id` = 32 [ RunTime:0.000793s ]
[2026-08-19T09:03:07+08:00][sql] SHOW FULL COLUMNS FROM `user` [ RunTime:0.003655s ]
[2026-08-19T09:03:07+08:00][sql] SELECT * FROM `user` WHERE  `id` = 27 LIMIT 1 [ RunTime:0.000959s ]
[2026-08-19T09:03:07+08:00][sql] SELECT * FROM `goods` WHERE  `id` = 32 LIMIT 1   FOR UPDATE [ RunTime:0.001059s ]
[2026-08-19T09:03:11+08:00][sql] CONNECT:[ UseTime:0.003369s ] mysql:host=127.0.0.1;port=3306;dbname=auction;charset=utf8mb4
[2026-08-19T09:03:11+08:00][sql] SHOW FULL COLUMNS FROM `goods` [ RunTime:0.002074s ]
[2026-08-19T09:03:11+08:00][sql] SELECT `id` FROM `goods` WHERE  `status` = 1  AND `end_time` <= 1787101391 [ RunTime:0.001379s ]
[2026-08-19T09:03:11+08:00][sql] SHOW FULL COLUMNS FROM `user` [ RunTime:0.001766s ]
[2026-08-19T09:03:11+08:00][sql] SELECT * FROM `user` WHERE  `id` = 27 LIMIT 1 [ RunTime:0.001605s ]
[2026-08-19T09:03:11+08:00][sql] SHOW FULL COLUMNS FROM `setting` [ RunTime:0.001449s ]
[2026-08-19T09:03:11+08:00][sql] SELECT * FROM `setting` [ RunTime:0.001127s ]
[2026-08-19T09:03:11+08:00][sql] SELECT `g`.*,u.nickname as seller_name,u.shop_name as seller_shop,u.avatar as seller_avatar,c.name as category_name FROM `goods` `g` LEFT JOIN `user` `u` ON `g`.`seller_id`=`u`.`id` LEFT JOIN `category` `c` ON `g`.`category_id`=`c`.`id` WHERE  `g`.`id` = '32' LIMIT 1 [ RunTime:0.001211s ]
[2026-08-19T09:03:11+08:00][sql] SHOW FULL COLUMNS FROM `bid_record` [ RunTime:0.003919s ]
[2026-08-19T09:03:11+08:00][sql] SELECT `b`.*,`u`.`nickname`,`u`.`mobile` FROM `bid_record` `b` LEFT JOIN `user` `u` ON `b`.`user_id`=`u`.`id` WHERE  `b`.`goods_id` = '32'  AND `b`.`status` = '0' ORDER BY `b`.`price` DESC,`b`.`id` ASC LIMIT 1 [ RunTime:0.001121s ]
[2026-08-19T09:03:11+08:00][sql] SELECT `b`.*,`u`.`nickname`,`u`.`mobile` FROM `bid_record` `b` LEFT JOIN `user` `u` ON `b`.`user_id`=`u`.`id` WHERE  `b`.`goods_id` = '32' ORDER BY `b`.`price` DESC,`b`.`id` ASC LIMIT 50 [ RunTime:0.000926s ]
[2026-08-19T09:03:11+08:00][sql] SELECT MAX(`price`) AS think_max FROM `bid_record` WHERE  `goods_id` = 32  AND `user_id` = 27  AND `status` = 0 [ RunTime:0.001034s ]
[2026-08-19T09:03:11+08:00][sql] SELECT MAX(`deposit`) AS think_max FROM `bid_record` WHERE  `goods_id` = 32  AND `user_id` = 27  AND `deposit` > '0' [ RunTime:0.001497s ]
[2026-08-19T09:03:11+08:00][sql] SHOW FULL COLUMNS FROM `order` [ RunTime:0.002920s ]
[2026-08-19T09:03:11+08:00][sql] SELECT * FROM `order` WHERE  `goods_id` = 32 LIMIT 1 [ RunTime:0.000915s ]
[2026-08-19T09:03:11+08:00][sql] SHOW FULL COLUMNS FROM `browse_history` [ RunTime:0.003546s ]
[2026-08-19T09:03:11+08:00][sql] REPLACE INTO `browse_history` SET `user_id` = 27 , `goods_id` = 32 , `create_time` = 1787101391 [ RunTime:0.004541s ]
[2026-08-19T09:03:11+08:00][sql] SHOW FULL COLUMNS FROM `goods_favorite` [ RunTime:0.002697s ]
[2026-08-19T09:03:11+08:00][sql] SELECT COUNT(*) AS think_count FROM `goods_favorite` WHERE  `user_id` = 27  AND `goods_id` = 32 [ RunTime:0.001277s ]
[2026-08-19T09:03:11+08:00][sql] SHOW FULL COLUMNS FROM `seller_follow` [ RunTime:0.003158s ]
[2026-08-19T09:03:11+08:00][sql] SELECT COUNT(*) AS think_count FROM `seller_follow` WHERE  `user_id` = 27  AND `seller_id` = 25 [ RunTime:0.000785s ]
[2026-08-19T09:03:17+08:00][sql] CONNECT:[ UseTime:0.001688s ] mysql:host=127.0.0.1;port=3306;dbname=auction;charset=utf8mb4
[2026-08-19T09:03:17+08:00][sql] SHOW FULL COLUMNS FROM `goods` [ RunTime:0.001517s ]
[2026-08-19T09:03:17+08:00][sql] SELECT `id` FROM `goods` WHERE  `status` = 1  AND `end_time` <= 1787101397 [ RunTime:0.000852s ]
[2026-08-19T09:03:17+08:00][sql] SHOW FULL COLUMNS FROM `user` [ RunTime:0.001454s ]
[2026-08-19T09:03:17+08:00][sql] SELECT * FROM `user` WHERE  `id` = 27 LIMIT 1 [ RunTime:0.000813s ]
[2026-08-19T09:03:17+08:00][sql] SHOW FULL COLUMNS FROM `setting` [ RunTime:0.001131s ]
[2026-08-19T09:03:17+08:00][sql] SELECT * FROM `setting` [ RunTime:0.000559s ]
[2026-08-19T09:03:17+08:00][sql] SHOW FULL COLUMNS FROM `bid_record` [ RunTime:0.001017s ]
[2026-08-19T09:03:17+08:00][sql] SELECT COUNT(*) AS think_count FROM `bid_record` WHERE  `user_id` = 27 [ RunTime:0.000651s ]
[2026-08-19T09:03:17+08:00][sql] SHOW FULL COLUMNS FROM `order` [ RunTime:0.002008s ]
[2026-08-19T09:03:17+08:00][sql] SELECT COUNT(*) AS think_count FROM `order` WHERE  `buyer_id` = 27  AND `pay_status` = 1 [ RunTime:0.001400s ]
[2026-08-19T09:03:17+08:00][sql] SELECT COUNT(*) AS think_count FROM `goods` WHERE  `seller_id` = 27  AND `status` = 2 [ RunTime:0.000738s ]
[2026-08-19T09:03:17+08:00][sql] SELECT COUNT(*) AS think_count FROM `goods` WHERE  `seller_id` = 27 [ RunTime:0.000585s ]
[2026-08-19T09:03:17+08:00][sql] SELECT COUNT(*) AS think_count FROM `order` WHERE  `buyer_id` = 27  AND `pay_status` = 0  AND `order_status` = 0 [ RunTime:0.000743s ]
[2026-08-19T09:03:17+08:00][sql] SELECT COUNT(*) AS think_count FROM `order` WHERE  `seller_id` = 27  AND `order_status` = 1 [ RunTime:0.000769s ]
[2026-08-19T09:03:17+08:00][sql] SELECT COUNT(*) AS think_count FROM `order` WHERE  `buyer_id` = 27  AND `order_status` = 0  AND `pay_status` = 0 [ RunTime:0.000745s ]
[2026-08-19T09:03:17+08:00][sql] SELECT COUNT(*) AS think_count FROM `order` WHERE  `buyer_id` = 27  AND `order_status` = 1 [ RunTime:0.000709s ]
[2026-08-19T09:03:17+08:00][sql] SELECT COUNT(*) AS think_count FROM `order` WHERE  `buyer_id` = 27  AND `order_status` = 2 [ RunTime:0.000720s ]
[2026-08-19T09:03:17+08:00][sql] SELECT COUNT(*) AS think_count FROM `order` WHERE  `buyer_id` = 27  AND `order_status` = 3 [ RunTime:0.000695s ]
[2026-08-19T09:03:17+08:00][sql] SELECT COUNT(*) AS think_count FROM `order` WHERE  `seller_id` = 27  AND `order_status` = 1 [ RunTime:0.000670s ]
[2026-08-19T09:03:17+08:00][sql] SHOW FULL COLUMNS FROM `goods_favorite` [ RunTime:0.001146s ]
[2026-08-19T09:03:17+08:00][sql] SELECT COUNT(*) AS think_count FROM `goods_favorite` WHERE  `user_id` = 27 [ RunTime:0.000623s ]
[2026-08-19T09:03:17+08:00][sql] SHOW FULL COLUMNS FROM `seller_follow` [ RunTime:0.001045s ]
[2026-08-19T09:03:17+08:00][sql] SELECT COUNT(*) AS think_count FROM `seller_follow` WHERE  `user_id` = 27 [ RunTime:0.000655s ]
[2026-08-19T09:03:17+08:00][sql] SHOW FULL COLUMNS FROM `browse_history` [ RunTime:0.001174s ]
[2026-08-19T09:03:17+08:00][sql] SELECT COUNT(*) AS think_count FROM `browse_history` WHERE  `user_id` = 27 [ RunTime:0.002498s ]
[2026-08-19T09:03:17+08:00][sql] SHOW FULL COLUMNS FROM `balance_log` [ RunTime:0.001486s ]
[2026-08-19T09:03:17+08:00][sql] SELECT * FROM `balance_log` WHERE  `user_id` = 27 ORDER BY `id` DESC LIMIT 5 [ RunTime:0.000810s ]
[2026-08-19T09:03:17+08:00][sql] SELECT `b`.*,`g`.`title`,`g`.`cover`,g.status as goods_status,`g`.`end_time` FROM `bid_record` `b` LEFT JOIN `goods` `g` ON `b`.`goods_id`=`g`.`id` WHERE  `b`.`user_id` = '27' ORDER BY `b`.`id` DESC LIMIT 5 [ RunTime:0.000805s ]
[2026-08-19T09:03:17+08:00][sql] SELECT `id`,`nickname`,`mobile`,`reg_time` FROM `user` WHERE  `pid` = 27 ORDER BY `id` DESC LIMIT 10 [ RunTime:0.000726s ]
[2026-08-19T09:03:20+08:00][sql] CONNECT:[ UseTime:0.025065s ] mysql:host=127.0.0.1;port=3306;dbname=auction;charset=utf8mb4
[2026-08-19T09:03:20+08:00][sql] SHOW FULL COLUMNS FROM `goods` [ RunTime:0.002390s ]
[2026-08-19T09:03:20+08:00][sql] SELECT `id` FROM `goods` WHERE  `status` = 1  AND `end_time` <= 1787101399 [ RunTime:0.001037s ]
[2026-08-19T09:03:20+08:00][sql] SHOW FULL COLUMNS FROM `user` [ RunTime:0.001906s ]
[2026-08-19T09:03:20+08:00][sql] SELECT * FROM `user` WHERE  `id` = 27 LIMIT 1 [ RunTime:0.001099s ]
[2026-08-19T09:03:20+08:00][sql] SHOW FULL COLUMNS FROM `setting` [ RunTime:0.001998s ]
[2026-08-19T09:03:20+08:00][sql] SELECT * FROM `setting` [ RunTime:0.000749s ]
[2026-08-19T09:03:20+08:00][sql] SELECT COUNT(*) AS think_count FROM `goods` `g` LEFT JOIN `user` `u` ON `g`.`seller_id`=`u`.`id` WHERE  `g`.`status` = '1'  AND `g`.`start_time` <= '1787101400'  AND `g`.`end_time` > '1787101400' [ RunTime:0.001192s ]
[2026-08-19T09:03:20+08:00][sql] SELECT `g`.*,u.nickname as seller_name FROM `goods` `g` LEFT JOIN `user` `u` ON `g`.`seller_id`=`u`.`id` WHERE  `g`.`status` = '1'  AND `g`.`start_time` <= '1787101400'  AND `g`.`end_time` > '1787101400' ORDER BY `g`.`end_time` ASC,`g`.`id` DESC LIMIT 0,10 [ RunTime:0.001337s ]
[2026-08-19T09:03:20+08:00][sql] SHOW FULL COLUMNS FROM `bid_record` [ RunTime:0.004179s ]
[2026-08-19T09:03:20+08:00][sql] SELECT MAX(`price`) AS think_max FROM `bid_record` WHERE  `goods_id` = 28  AND `status` = 0 [ RunTime:0.000926s ]
[2026-08-19T09:03:20+08:00][sql] SHOW FULL COLUMNS FROM `category` [ RunTime:0.001406s ]
[2026-08-19T09:03:20+08:00][sql] SELECT * FROM `category` WHERE  `status` = 1 ORDER BY `sort` ASC [ RunTime:0.000881s ]
[2026-08-19T09:03:20+08:00][sql] SELECT `b`.`price`,`b`.`create_time`,`g`.`title`,`u`.`nickname` FROM `bid_record` `b` LEFT JOIN `goods` `g` ON `b`.`goods_id`=`g`.`id` LEFT JOIN `user` `u` ON `b`.`user_id`=`u`.`id` WHERE  `b`.`status` = '1' ORDER BY `b`.`id` DESC LIMIT 5 [ RunTime:0.001251s ]
[2026-08-19T09:03:20+08:00][sql] SHOW FULL COLUMNS FROM `news` [ RunTime:0.004445s ]
[2026-08-19T09:03:20+08:00][sql] SELECT `id`,`title`,`create_time` FROM `news` WHERE  `status` = 1 ORDER BY `id` DESC LIMIT 3 [ RunTime:0.000952s ]
[2026-08-19T09:03:20+08:00][sql] SHOW FULL COLUMNS FROM `banner` [ RunTime:0.003139s ]
[2026-08-19T09:03:20+08:00][sql] SELECT * FROM `banner` WHERE  `status` = 1 ORDER BY `sort` ASC,`id` ASC [ RunTime:0.000893s ]
[2026-08-19T09:03:23+08:00][sql] CONNECT:[ UseTime:0.023760s ] mysql:host=127.0.0.1;port=3306;dbname=auction;charset=utf8mb4
[2026-08-19T09:03:23+08:00][sql] SHOW FULL COLUMNS FROM `goods` [ RunTime:0.002168s ]
[2026-08-19T09:03:23+08:00][sql] SELECT `id` FROM `goods` WHERE  `status` = 1  AND `end_time` <= 1787101403 [ RunTime:0.000865s ]
[2026-08-19T09:03:23+08:00][sql] SHOW FULL COLUMNS FROM `user` [ RunTime:0.001556s ]
[2026-08-19T09:03:23+08:00][sql] SELECT * FROM `user` WHERE  `id` = 27 LIMIT 1 [ RunTime:0.000949s ]
[2026-08-19T09:03:23+08:00][sql] SHOW FULL COLUMNS FROM `setting` [ RunTime:0.001982s ]
[2026-08-19T09:03:23+08:00][sql] SELECT * FROM `setting` [ RunTime:0.000727s ]
[2026-08-19T09:03:23+08:00][sql] SHOW FULL COLUMNS FROM `bid_record` [ RunTime:0.001436s ]
[2026-08-19T09:03:23+08:00][sql] SELECT COUNT(*) AS think_count FROM `bid_record` WHERE  `user_id` = 27 [ RunTime:0.000717s ]
[2026-08-19T09:03:23+08:00][sql] SHOW FULL COLUMNS FROM `order` [ RunTime:0.003984s ]
[2026-08-19T09:03:23+08:00][sql] SELECT COUNT(*) AS think_count FROM `order` WHERE  `buyer_id` = 27  AND `pay_status` = 1 [ RunTime:0.000922s ]
[2026-08-19T09:03:23+08:00][sql] SELECT COUNT(*) AS think_count FROM `goods` WHERE  `seller_id` = 27  AND `status` = 2 [ RunTime:0.000714s ]
[2026-08-19T09:03:23+08:00][sql] SELECT COUNT(*) AS think_count FROM `goods` WHERE  `seller_id` = 27 [ RunTime:0.000631s ]
[2026-08-19T09:03:23+08:00][sql] SELECT COUNT(*) AS think_count FROM `order` WHERE  `buyer_id` = 27  AND `pay_status` = 0  AND `order_status` = 0 [ RunTime:0.000654s ]
[2026-08-19T09:03:23+08:00][sql] SELECT COUNT(*) AS think_count FROM `order` WHERE  `seller_id` = 27  AND `order_status` = 1 [ RunTime:0.000745s ]
[2026-08-19T09:03:23+08:00][sql] SELECT COUNT(*) AS think_count FROM `order` WHERE  `buyer_id` = 27  AND `order_status` = 0  AND `pay_status` = 0 [ RunTime:0.000667s ]
[2026-08-19T09:03:23+08:00][sql] SELECT COUNT(*) AS think_count FROM `order` WHERE  `buyer_id` = 27  AND `order_status` = 1 [ RunTime:0.000699s ]
[2026-08-19T09:03:23+08:00][sql] SELECT COUNT(*) AS think_count FROM `order` WHERE  `buyer_id` = 27  AND `order_status` = 2 [ RunTime:0.001117s ]
[2026-08-19T09:03:23+08:00][sql] SELECT COUNT(*) AS think_count FROM `order` WHERE  `buyer_id` = 27  AND `order_status` = 3 [ RunTime:0.000993s ]
[2026-08-19T09:03:23+08:00][sql] SELECT COUNT(*) AS think_count FROM `order` WHERE  `seller_id` = 27  AND `order_status` = 1 [ RunTime:0.000870s ]
[2026-08-19T09:03:23+08:00][sql] SHOW FULL COLUMNS FROM `goods_favorite` [ RunTime:0.002955s ]
[2026-08-19T09:03:23+08:00][sql] SELECT COUNT(*) AS think_count FROM `goods_favorite` WHERE  `user_id` = 27 [ RunTime:0.000798s ]
[2026-08-19T09:03:23+08:00][sql] SHOW FULL COLUMNS FROM `seller_follow` [ RunTime:0.003588s ]
[2026-08-19T09:03:23+08:00][sql] SELECT COUNT(*) AS think_count FROM `seller_follow` WHERE  `user_id` = 27 [ RunTime:0.000861s ]
[2026-08-19T09:03:23+08:00][sql] SHOW FULL COLUMNS FROM `browse_history` [ RunTime:0.002796s ]
[2026-08-19T09:03:23+08:00][sql] SELECT COUNT(*) AS think_count FROM `browse_history` WHERE  `user_id` = 27 [ RunTime:0.000681s ]
[2026-08-19T09:03:23+08:00][sql] SHOW FULL COLUMNS FROM `balance_log` [ RunTime:0.003413s ]
[2026-08-19T09:03:23+08:00][sql] SELECT * FROM `balance_log` WHERE  `user_id` = 27 ORDER BY `id` DESC LIMIT 5 [ RunTime:0.000689s ]
[2026-08-19T09:03:23+08:00][sql] SELECT `b`.*,`g`.`title`,`g`.`cover`,g.status as goods_status,`g`.`end_time` FROM `bid_record` `b` LEFT JOIN `goods` `g` ON `b`.`goods_id`=`g`.`id` WHERE  `b`.`user_id` = '27' ORDER BY `b`.`id` DESC LIMIT 5 [ RunTime:0.000654s ]
[2026-08-19T09:03:23+08:00][sql] SELECT `id`,`nickname`,`mobile`,`reg_time` FROM `user` WHERE  `pid` = 27 ORDER BY `id` DESC LIMIT 10 [ RunTime:0.000553s ]
[2026-08-19T09:03:27+08:00][sql] CONNECT:[ UseTime:0.020703s ] mysql:host=127.0.0.1;port=3306;dbname=auction;charset=utf8mb4
[2026-08-19T09:03:27+08:00][sql] SHOW FULL COLUMNS FROM `goods` [ RunTime:0.001436s ]
[2026-08-19T09:03:27+08:00][sql] SELECT `id` FROM `goods` WHERE  `status` = 1  AND `end_time` <= 1787101407 [ RunTime:0.000847s ]
[2026-08-19T09:03:27+08:00][sql] SHOW FULL COLUMNS FROM `user` [ RunTime:0.001994s ]
[2026-08-19T09:03:27+08:00][sql] SELECT * FROM `user` WHERE  `id` = 27 LIMIT 1 [ RunTime:0.001054s ]
[2026-08-19T09:03:27+08:00][sql] SHOW FULL COLUMNS FROM `setting` [ RunTime:0.001417s ]
[2026-08-19T09:03:27+08:00][sql] SELECT * FROM `setting` [ RunTime:0.000710s ]
[2026-08-19T09:03:27+08:00][sql] SHOW FULL COLUMNS FROM `order` [ RunTime:0.003478s ]
[2026-08-19T09:03:27+08:00][sql] SELECT COUNT(*) AS think_count FROM `order` `o` LEFT JOIN `goods` `g` ON `o`.`goods_id`=`g`.`id` LEFT JOIN `after_sale` `a` ON `a`.`order_id`=`o`.`id` WHERE  `o`.`buyer_id` = '27'  AND `o`.`order_status` = '0' [ RunTime:0.002789s ]
[2026-08-19T09:03:27+08:00][sql] SELECT o.*, g.cover as goods_cover2, IF(a.id IS NULL, 0, 1) as has_after_sale FROM `order` `o` LEFT JOIN `goods` `g` ON `o`.`goods_id`=`g`.`id` LEFT JOIN `after_sale` `a` ON `a`.`order_id`=`o`.`id` WHERE  `o`.`buyer_id` = '27'  AND `o`.`order_status` = '0' ORDER BY `o`.`id` DESC LIMIT 0,10 [ RunTime:0.000953s ]
[2026-08-19T09:03:29+08:00][sql] CONNECT:[ UseTime:0.001868s ] mysql:host=127.0.0.1;port=3306;dbname=auction;charset=utf8mb4
[2026-08-19T09:03:29+08:00][sql] SHOW FULL COLUMNS FROM `goods` [ RunTime:0.001309s ]
[2026-08-19T09:03:29+08:00][sql] SELECT `id` FROM `goods` WHERE  `status` = 1  AND `end_time` <= 1787101409 [ RunTime:0.000783s ]
[2026-08-19T09:03:29+08:00][sql] SHOW FULL COLUMNS FROM `user` [ RunTime:0.001795s ]
[2026-08-19T09:03:29+08:00][sql] SELECT * FROM `user` WHERE  `id` = 27 LIMIT 1 [ RunTime:0.001221s ]
[2026-08-19T09:03:29+08:00][sql] SHOW FULL COLUMNS FROM `setting` [ RunTime:0.001509s ]
[2026-08-19T09:03:29+08:00][sql] SELECT * FROM `setting` [ RunTime:0.000673s ]
[2026-08-19T09:03:29+08:00][sql] SHOW FULL COLUMNS FROM `order` [ RunTime:0.001379s ]
[2026-08-19T09:03:29+08:00][sql] SELECT `o`.*,g.cover as goods_cover2,`g`.`images` FROM `order` `o` LEFT JOIN `goods` `g` ON `o`.`goods_id`=`g`.`id` WHERE  `o`.`id` = '7'  AND `o`.`buyer_id` = '27' LIMIT 1 [ RunTime:0.000882s ]
[2026-08-19T09:03:29+08:00][sql] SHOW FULL COLUMNS FROM `user_address` [ RunTime:0.005559s ]
[2026-08-19T09:03:29+08:00][sql] SELECT * FROM `user_address` WHERE  `user_id` = 27 ORDER BY `is_default` DESC,`id` DESC [ RunTime:0.001613s ]
[2026-08-19T09:03:34+08:00][sql] CONNECT:[ UseTime:0.001888s ] mysql:host=127.0.0.1;port=3306;dbname=auction;charset=utf8mb4
[2026-08-19T09:03:34+08:00][sql] SHOW FULL COLUMNS FROM `goods` [ RunTime:0.001561s ]
[2026-08-19T09:03:34+08:00][sql] SELECT `id` FROM `goods` WHERE  `status` = 1  AND `end_time` <= 1787101414 [ RunTime:0.000608s ]
[2026-08-19T09:03:34+08:00][sql] SHOW FULL COLUMNS FROM `user` [ RunTime:0.001028s ]
[2026-08-19T09:03:34+08:00][sql] SELECT * FROM `user` WHERE  `id` = 27 LIMIT 1 [ RunTime:0.000912s ]
[2026-08-19T09:03:34+08:00][sql] SHOW FULL COLUMNS FROM `setting` [ RunTime:0.001745s ]
[2026-08-19T09:03:34+08:00][sql] SELECT * FROM `setting` [ RunTime:0.000709s ]
[2026-08-19T09:03:34+08:00][sql] SHOW FULL COLUMNS FROM `order` [ RunTime:0.003018s ]
[2026-08-19T09:03:34+08:00][sql] SELECT * FROM `order` WHERE  `id` = 7  AND `buyer_id` = 27 LIMIT 1 [ RunTime:0.000796s ]
[2026-08-19T09:03:34+08:00][sql] UPDATE `order`  SET `order_status` = 4 , `update_time` = 1787101414  WHERE  `id` = 7 [ RunTime:0.001354s ]
[2026-08-19T09:03:35+08:00][sql] CONNECT:[ UseTime:0.024432s ] mysql:host=127.0.0.1;port=3306;dbname=auction;charset=utf8mb4
[2026-08-19T09:03:35+08:00][sql] SHOW FULL COLUMNS FROM `goods` [ RunTime:0.002708s ]
[2026-08-19T09:03:35+08:00][sql] SELECT `id` FROM `goods` WHERE  `status` = 1  AND `end_time` <= 1787101415 [ RunTime:0.000895s ]
[2026-08-19T09:03:35+08:00][sql] SHOW FULL COLUMNS FROM `user` [ RunTime:0.001718s ]
[2026-08-19T09:03:35+08:00][sql] SELECT * FROM `user` WHERE  `id` = 27 LIMIT 1 [ RunTime:0.001109s ]
[2026-08-19T09:03:35+08:00][sql] SHOW FULL COLUMNS FROM `setting` [ RunTime:0.002124s ]
[2026-08-19T09:03:35+08:00][sql] SELECT * FROM `setting` [ RunTime:0.000973s ]
[2026-08-19T09:03:35+08:00][sql] SHOW FULL COLUMNS FROM `order` [ RunTime:0.004235s ]
[2026-08-19T09:03:35+08:00][sql] SELECT COUNT(*) AS think_count FROM `order` `o` LEFT JOIN `goods` `g` ON `o`.`goods_id`=`g`.`id` LEFT JOIN `after_sale` `a` ON `a`.`order_id`=`o`.`id` WHERE  `o`.`buyer_id` = '27'  AND `o`.`order_status` = '0' [ RunTime:0.003709s ]
[2026-08-19T09:03:35+08:00][sql] SELECT o.*, g.cover as goods_cover2, IF(a.id IS NULL, 0, 1) as has_after_sale FROM `order` `o` LEFT JOIN `goods` `g` ON `o`.`goods_id`=`g`.`id` LEFT JOIN `after_sale` `a` ON `a`.`order_id`=`o`.`id` WHERE  `o`.`buyer_id` = '27'  AND `o`.`order_status` = '0' ORDER BY `o`.`id` DESC LIMIT 0,10 [ RunTime:0.001482s ]
[2026-08-19T09:03:36+08:00][sql] CONNECT:[ UseTime:0.003037s ] mysql:host=127.0.0.1;port=3306;dbname=auction;charset=utf8mb4
[2026-08-19T09:03:36+08:00][sql] SHOW FULL COLUMNS FROM `goods` [ RunTime:0.001395s ]
[2026-08-19T09:03:36+08:00][sql] SELECT `id` FROM `goods` WHERE  `status` = 1  AND `end_time` <= 1787101416 [ RunTime:0.000793s ]
[2026-08-19T09:03:36+08:00][sql] SHOW FULL COLUMNS FROM `user` [ RunTime:0.001455s ]
[2026-08-19T09:03:36+08:00][sql] SELECT * FROM `user` WHERE  `id` = 27 LIMIT 1 [ RunTime:0.000755s ]
[2026-08-19T09:03:36+08:00][sql] SHOW FULL COLUMNS FROM `setting` [ RunTime:0.001113s ]
[2026-08-19T09:03:36+08:00][sql] SELECT * FROM `setting` [ RunTime:0.000642s ]
[2026-08-19T09:03:36+08:00][sql] SHOW FULL COLUMNS FROM `order` [ RunTime:0.001400s ]
[2026-08-19T09:03:36+08:00][sql] SELECT COUNT(*) AS think_count FROM `order` `o` LEFT JOIN `goods` `g` ON `o`.`goods_id`=`g`.`id` LEFT JOIN `after_sale` `a` ON `a`.`order_id`=`o`.`id` WHERE  `o`.`buyer_id` = '27'  AND `o`.`order_status` = '1' [ RunTime:0.003249s ]
[2026-08-19T09:03:36+08:00][sql] SELECT o.*, g.cover as goods_cover2, IF(a.id IS NULL, 0, 1) as has_after_sale FROM `order` `o` LEFT JOIN `goods` `g` ON `o`.`goods_id`=`g`.`id` LEFT JOIN `after_sale` `a` ON `a`.`order_id`=`o`.`id` WHERE  `o`.`buyer_id` = '27'  AND `o`.`order_status` = '1' ORDER BY `o`.`id` DESC LIMIT 0,10 [ RunTime:0.000994s ]
[2026-08-19T09:03:37+08:00][sql] CONNECT:[ UseTime:0.012891s ] mysql:host=127.0.0.1;port=3306;dbname=auction;charset=utf8mb4
[2026-08-19T09:03:37+08:00][sql] SHOW FULL COLUMNS FROM `goods` [ RunTime:0.001706s ]
[2026-08-19T09:03:37+08:00][sql] SELECT `id` FROM `goods` WHERE  `status` = 1  AND `end_time` <= 1787101417 [ RunTime:0.000825s ]
[2026-08-19T09:03:37+08:00][sql] SHOW FULL COLUMNS FROM `user` [ RunTime:0.001496s ]
[2026-08-19T09:03:37+08:00][sql] SELECT * FROM `user` WHERE  `id` = 27 LIMIT 1 [ RunTime:0.000855s ]
[2026-08-19T09:03:37+08:00][sql] SHOW FULL COLUMNS FROM `setting` [ RunTime:0.001175s ]
[2026-08-19T09:03:37+08:00][sql] SELECT * FROM `setting` [ RunTime:0.000641s ]
[2026-08-19T09:03:37+08:00][sql] SELECT COUNT(*) AS think_count FROM `goods` `g` LEFT JOIN `user` `u` ON `g`.`seller_id`=`u`.`id` WHERE  `g`.`status` = '1'  AND `g`.`start_time` <= '1787101417'  AND `g`.`end_time` > '1787101417' [ RunTime:0.000869s ]
[2026-08-19T09:03:37+08:00][sql] SELECT `g`.*,u.nickname as seller_name FROM `goods` `g` LEFT JOIN `user` `u` ON `g`.`seller_id`=`u`.`id` WHERE  `g`.`status` = '1'  AND `g`.`start_time` <= '1787101417'  AND `g`.`end_time` > '1787101417' ORDER BY `g`.`end_time` ASC,`g`.`id` DESC LIMIT 0,10 [ RunTime:0.001105s ]
[2026-08-19T09:03:37+08:00][sql] SHOW FULL COLUMNS FROM `bid_record` [ RunTime:0.002091s ]
[2026-08-19T09:03:37+08:00][sql] SELECT MAX(`price`) AS think_max FROM `bid_record` WHERE  `goods_id` = 28  AND `status` = 0 [ RunTime:0.000992s ]
[2026-08-19T09:03:37+08:00][sql] SHOW FULL COLUMNS FROM `category` [ RunTime:0.002837s ]
[2026-08-19T09:03:37+08:00][sql] SELECT * FROM `category` WHERE  `status` = 1 ORDER BY `sort` ASC [ RunTime:0.000813s ]
[2026-08-19T09:03:37+08:00][sql] SELECT `b`.`price`,`b`.`create_time`,`g`.`title`,`u`.`nickname` FROM `bid_record` `b` LEFT JOIN `goods` `g` ON `b`.`goods_id`=`g`.`id` LEFT JOIN `user` `u` ON `b`.`user_id`=`u`.`id` WHERE  `b`.`status` = '1' ORDER BY `b`.`id` DESC LIMIT 5 [ RunTime:0.000896s ]
[2026-08-19T09:03:37+08:00][sql] SHOW FULL COLUMNS FROM `news` [ RunTime:0.002728s ]
[2026-08-19T09:03:37+08:00][sql] SELECT `id`,`title`,`create_time` FROM `news` WHERE  `status` = 1 ORDER BY `id` DESC LIMIT 3 [ RunTime:0.000720s ]
[2026-08-19T09:03:37+08:00][sql] SHOW FULL COLUMNS FROM `banner` [ RunTime:0.002620s ]
[2026-08-19T09:03:37+08:00][sql] SELECT * FROM `banner` WHERE  `status` = 1 ORDER BY `sort` ASC,`id` ASC [ RunTime:0.000858s ]
[2026-08-19T09:03:41+08:00][sql] CONNECT:[ UseTime:0.020229s ] mysql:host=127.0.0.1;port=3306;dbname=auction;charset=utf8mb4
[2026-08-19T09:03:41+08:00][sql] SHOW FULL COLUMNS FROM `goods` [ RunTime:0.001636s ]
[2026-08-19T09:03:41+08:00][sql] SELECT `id` FROM `goods` WHERE  `status` = 1  AND `end_time` <= 1787101421 [ RunTime:0.000767s ]
[2026-08-19T09:03:41+08:00][sql] SHOW FULL COLUMNS FROM `user` [ RunTime:0.001373s ]
[2026-08-19T09:03:41+08:00][sql] SELECT * FROM `user` WHERE  `id` = 27 LIMIT 1 [ RunTime:0.000785s ]
[2026-08-19T09:03:41+08:00][sql] SHOW FULL COLUMNS FROM `setting` [ RunTime:0.001072s ]
[2026-08-19T09:03:41+08:00][sql] SELECT * FROM `setting` [ RunTime:0.000594s ]
[2026-08-19T09:03:41+08:00][sql] SHOW FULL COLUMNS FROM `bid_record` [ RunTime:0.001327s ]
[2026-08-19T09:03:41+08:00][sql] SELECT COUNT(*) AS think_count FROM `bid_record` WHERE  `user_id` = 27 [ RunTime:0.000839s ]
[2026-08-19T09:03:41+08:00][sql] SHOW FULL COLUMNS FROM `order` [ RunTime:0.002029s ]
[2026-08-19T09:03:41+08:00][sql] SELECT COUNT(*) AS think_count FROM `order` WHERE  `buyer_id` = 27  AND `pay_status` = 1 [ RunTime:0.001354s ]
[2026-08-19T09:03:41+08:00][sql] SELECT COUNT(*) AS think_count FROM `goods` WHERE  `seller_id` = 27  AND `status` = 2 [ RunTime:0.000879s ]
[2026-08-19T09:03:41+08:00][sql] SELECT COUNT(*) AS think_count FROM `goods` WHERE  `seller_id` = 27 [ RunTime:0.000760s ]
[2026-08-19T09:03:41+08:00][sql] SELECT COUNT(*) AS think_count FROM `order` WHERE  `buyer_id` = 27  AND `pay_status` = 0  AND `order_status` = 0 [ RunTime:0.000786s ]
[2026-08-19T09:03:41+08:00][sql] SELECT COUNT(*) AS think_count FROM `order` WHERE  `seller_id` = 27  AND `order_status` = 1 [ RunTime:0.000764s ]
[2026-08-19T09:03:41+08:00][sql] SELECT COUNT(*) AS think_count FROM `order` WHERE  `buyer_id` = 27  AND `order_status` = 0  AND `pay_status` = 0 [ RunTime:0.000760s ]
[2026-08-19T09:03:41+08:00][sql] SELECT COUNT(*) AS think_count FROM `order` WHERE  `buyer_id` = 27  AND `order_status` = 1 [ RunTime:0.000765s ]
[2026-08-19T09:03:41+08:00][sql] SELECT COUNT(*) AS think_count FROM `order` WHERE  `buyer_id` = 27  AND `order_status` = 2 [ RunTime:0.000763s ]
[2026-08-19T09:03:41+08:00][sql] SELECT COUNT(*) AS think_count FROM `order` WHERE  `buyer_id` = 27  AND `order_status` = 3 [ RunTime:0.000665s ]
[2026-08-19T09:03:41+08:00][sql] SELECT COUNT(*) AS think_count FROM `order` WHERE  `seller_id` = 27  AND `order_status` = 1 [ RunTime:0.000639s ]
[2026-08-19T09:03:41+08:00][sql] SHOW FULL COLUMNS FROM `goods_favorite` [ RunTime:0.002720s ]
[2026-08-19T09:03:41+08:00][sql] SELECT COUNT(*) AS think_count FROM `goods_favorite` WHERE  `user_id` = 27 [ RunTime:0.000839s ]
[2026-08-19T09:03:41+08:00][sql] SHOW FULL COLUMNS FROM `seller_follow` [ RunTime:0.003698s ]
[2026-08-19T09:03:41+08:00][sql] SELECT COUNT(*) AS think_count FROM `seller_follow` WHERE  `user_id` = 27 [ RunTime:0.000765s ]
[2026-08-19T09:03:41+08:00][sql] SHOW FULL COLUMNS FROM `browse_history` [ RunTime:0.002767s ]
[2026-08-19T09:03:41+08:00][sql] SELECT COUNT(*) AS think_count FROM `browse_history` WHERE  `user_id` = 27 [ RunTime:0.000779s ]
[2026-08-19T09:03:41+08:00][sql] SHOW FULL COLUMNS FROM `balance_log` [ RunTime:0.001282s ]
[2026-08-19T09:03:41+08:00][sql] SELECT * FROM `balance_log` WHERE  `user_id` = 27 ORDER BY `id` DESC LIMIT 5 [ RunTime:0.000770s ]
[2026-08-19T09:03:41+08:00][sql] SELECT `b`.*,`g`.`title`,`g`.`cover`,g.status as goods_status,`g`.`end_time` FROM `bid_record` `b` LEFT JOIN `goods` `g` ON `b`.`goods_id`=`g`.`id` WHERE  `b`.`user_id` = '27' ORDER BY `b`.`id` DESC LIMIT 5 [ RunTime:0.000804s ]
[2026-08-19T09:03:41+08:00][sql] SELECT `id`,`nickname`,`mobile`,`reg_time` FROM `user` WHERE  `pid` = 27 ORDER BY `id` DESC LIMIT 10 [ RunTime:0.000693s ]
[2026-08-19T09:03:44+08:00][sql] CONNECT:[ UseTime:0.002522s ] mysql:host=127.0.0.1;port=3306;dbname=auction;charset=utf8mb4
[2026-08-19T09:03:44+08:00][sql] SHOW FULL COLUMNS FROM `goods` [ RunTime:0.001581s ]
[2026-08-19T09:03:44+08:00][sql] SELECT `id` FROM `goods` WHERE  `status` = 1  AND `end_time` <= 1787101424 [ RunTime:0.000835s ]
[2026-08-19T09:03:44+08:00][sql] SHOW FULL COLUMNS FROM `user` [ RunTime:0.001546s ]
[2026-08-19T09:03:44+08:00][sql] SELECT * FROM `user` WHERE  `id` = 27 LIMIT 1 [ RunTime:0.001239s ]
[2026-08-19T09:03:44+08:00][sql] SHOW FULL COLUMNS FROM `setting` [ RunTime:0.001336s ]
[2026-08-19T09:03:44+08:00][sql] SELECT * FROM `setting` [ RunTime:0.000649s ]
[2026-08-19T09:03:44+08:00][sql] SELECT * FROM `user` WHERE  `id` = 27 LIMIT 1 [ RunTime:0.000817s ]
[2026-08-19T09:03:44+08:00][sql] SHOW FULL COLUMNS FROM `order` [ RunTime:0.001594s ]
[2026-08-19T09:03:44+08:00][sql] SELECT COUNT(*) AS think_count FROM `order` WHERE  `buyer_id` = 27  AND `order_status` = 0  AND `pay_status` = 0 [ RunTime:0.000851s ]
[2026-08-19T09:03:44+08:00][sql] SELECT COUNT(*) AS think_count FROM `order` WHERE  `buyer_id` = 27  AND `order_status` = 3 [ RunTime:0.001092s ]
[2026-08-19T09:03:44+08:00][sql] SHOW FULL COLUMNS FROM `balance_log` [ RunTime:0.001791s ]
[2026-08-19T09:03:44+08:00][sql] SELECT * FROM `balance_log` WHERE  `user_id` = 27 ORDER BY `id` DESC LIMIT 8 [ RunTime:0.000816s ]
[2026-08-19T09:03:48+08:00][sql] CONNECT:[ UseTime:0.002356s ] mysql:host=127.0.0.1;port=3306;dbname=auction;charset=utf8mb4
[2026-08-19T09:03:48+08:00][sql] SHOW FULL COLUMNS FROM `goods` [ RunTime:0.001413s ]
[2026-08-19T09:03:48+08:00][sql] SELECT `id` FROM `goods` WHERE  `status` = 1  AND `end_time` <= 1787101428 [ RunTime:0.000881s ]
[2026-08-19T09:03:48+08:00][sql] SHOW FULL COLUMNS FROM `user` [ RunTime:0.001537s ]
[2026-08-19T09:03:48+08:00][sql] SELECT * FROM `user` WHERE  `id` = 27 LIMIT 1 [ RunTime:0.000822s ]
[2026-08-19T09:03:48+08:00][sql] SHOW FULL COLUMNS FROM `setting` [ RunTime:0.001128s ]
[2026-08-19T09:03:48+08:00][sql] SELECT * FROM `setting` [ RunTime:0.000653s ]
[2026-08-19T09:03:48+08:00][sql] SELECT COUNT(*) AS think_count FROM `goods` `g` LEFT JOIN `user` `u` ON `g`.`seller_id`=`u`.`id` WHERE  `g`.`status` = '1'  AND `g`.`start_time` <= '1787101428'  AND `g`.`end_time` > '1787101428' [ RunTime:0.001072s ]
[2026-08-19T09:03:48+08:00][sql] SELECT `g`.*,u.nickname as seller_name FROM `goods` `g` LEFT JOIN `user` `u` ON `g`.`seller_id`=`u`.`id` WHERE  `g`.`status` = '1'  AND `g`.`start_time` <= '1787101428'  AND `g`.`end_time` > '1787101428' ORDER BY `g`.`end_time` ASC,`g`.`id` DESC LIMIT 0,10 [ RunTime:0.001242s ]
[2026-08-19T09:03:48+08:00][sql] SHOW FULL COLUMNS FROM `bid_record` [ RunTime:0.001683s ]
[2026-08-19T09:03:48+08:00][sql] SELECT MAX(`price`) AS think_max FROM `bid_record` WHERE  `goods_id` = 28  AND `status` = 0 [ RunTime:0.000824s ]
[2026-08-19T09:03:48+08:00][sql] SHOW FULL COLUMNS FROM `category` [ RunTime:0.001484s ]
[2026-08-19T09:03:48+08:00][sql] SELECT * FROM `category` WHERE  `status` = 1 ORDER BY `sort` ASC [ RunTime:0.000833s ]
[2026-08-19T09:03:48+08:00][sql] SELECT `b`.`price`,`b`.`create_time`,`g`.`title`,`u`.`nickname` FROM `bid_record` `b` LEFT JOIN `goods` `g` ON `b`.`goods_id`=`g`.`id` LEFT JOIN `user` `u` ON `b`.`user_id`=`u`.`id` WHERE  `b`.`status` = '1' ORDER BY `b`.`id` DESC LIMIT 5 [ RunTime:0.000884s ]
[2026-08-19T09:03:48+08:00][sql] SHOW FULL COLUMNS FROM `news` [ RunTime:0.001291s ]
[2026-08-19T09:03:48+08:00][sql] SELECT `id`,`title`,`create_time` FROM `news` WHERE  `status` = 1 ORDER BY `id` DESC LIMIT 3 [ RunTime:0.000761s ]
[2026-08-19T09:03:48+08:00][sql] SHOW FULL COLUMNS FROM `banner` [ RunTime:0.001140s ]
[2026-08-19T09:03:48+08:00][sql] SELECT * FROM `banner` WHERE  `status` = 1 ORDER BY `sort` ASC,`id` ASC [ RunTime:0.000666s ]
[2026-08-19T09:03:53+08:00][sql] CONNECT:[ UseTime:0.016794s ] mysql:host=127.0.0.1;port=3306;dbname=auction;charset=utf8mb4
[2026-08-19T09:03:53+08:00][sql] SHOW FULL COLUMNS FROM `goods` [ RunTime:0.001791s ]
[2026-08-19T09:03:53+08:00][sql] SELECT `id` FROM `goods` WHERE  `status` = 1  AND `end_time` <= 1787101433 [ RunTime:0.000876s ]
[2026-08-19T09:03:53+08:00][sql] SHOW FULL COLUMNS FROM `user` [ RunTime:0.001579s ]
[2026-08-19T09:03:53+08:00][sql] SELECT * FROM `user` WHERE  `id` = 25 LIMIT 1 [ RunTime:0.000956s ]
[2026-08-19T09:03:53+08:00][sql] SHOW FULL COLUMNS FROM `setting` [ RunTime:0.001352s ]
[2026-08-19T09:03:53+08:00][sql] SELECT * FROM `setting` [ RunTime:0.000717s ]
[2026-08-19T09:03:53+08:00][sql] SHOW FULL COLUMNS FROM `bid_record` [ RunTime:0.001031s ]
[2026-08-19T09:03:53+08:00][sql] SELECT COUNT(*) AS think_count FROM `bid_record` WHERE  `user_id` = 25 [ RunTime:0.000640s ]
[2026-08-19T09:03:53+08:00][sql] SHOW FULL COLUMNS FROM `order` [ RunTime:0.003044s ]
[2026-08-19T09:03:53+08:00][sql] SELECT COUNT(*) AS think_count FROM `order` WHERE  `buyer_id` = 25  AND `pay_status` = 1 [ RunTime:0.000754s ]
[2026-08-19T09:03:53+08:00][sql] SELECT COUNT(*) AS think_count FROM `goods` WHERE  `seller_id` = 25  AND `status` = 2 [ RunTime:0.002365s ]
[2026-08-19T09:03:53+08:00][sql] SELECT COUNT(*) AS think_count FROM `goods` WHERE  `seller_id` = 25 [ RunTime:0.000670s ]
[2026-08-19T09:03:53+08:00][sql] SELECT COUNT(*) AS think_count FROM `order` WHERE  `buyer_id` = 25  AND `pay_status` = 0  AND `order_status` = 0 [ RunTime:0.000689s ]
[2026-08-19T09:03:53+08:00][sql] SELECT COUNT(*) AS think_count FROM `order` WHERE  `seller_id` = 25  AND `order_status` = 1 [ RunTime:0.000753s ]
[2026-08-19T09:03:53+08:00][sql] SELECT COUNT(*) AS think_count FROM `order` WHERE  `buyer_id` = 25  AND `order_status` = 0  AND `pay_status` = 0 [ RunTime:0.000819s ]
[2026-08-19T09:03:53+08:00][sql] SELECT COUNT(*) AS think_count FROM `order` WHERE  `buyer_id` = 25  AND `order_status` = 1 [ RunTime:0.000879s ]
[2026-08-19T09:03:53+08:00][sql] SELECT COUNT(*) AS think_count FROM `order` WHERE  `buyer_id` = 25  AND `order_status` = 2 [ RunTime:0.001240s ]
[2026-08-19T09:03:53+08:00][sql] SELECT COUNT(*) AS think_count FROM `order` WHERE  `buyer_id` = 25  AND `order_status` = 3 [ RunTime:0.001537s ]
[2026-08-19T09:03:53+08:00][sql] SELECT COUNT(*) AS think_count FROM `order` WHERE  `seller_id` = 25  AND `order_status` = 1 [ RunTime:0.000866s ]
[2026-08-19T09:03:53+08:00][sql] SHOW FULL COLUMNS FROM `goods_favorite` [ RunTime:0.001318s ]
[2026-08-19T09:03:53+08:00][sql] SELECT COUNT(*) AS think_count FROM `goods_favorite` WHERE  `user_id` = 25 [ RunTime:0.000779s ]
[2026-08-19T09:03:53+08:00][sql] SHOW FULL COLUMNS FROM `seller_follow` [ RunTime:0.001140s ]
[2026-08-19T09:03:53+08:00][sql] SELECT COUNT(*) AS think_count FROM `seller_follow` WHERE  `user_id` = 25 [ RunTime:0.000761s ]
[2026-08-19T09:03:53+08:00][sql] SHOW FULL COLUMNS FROM `browse_history` [ RunTime:0.001189s ]
[2026-08-19T09:03:53+08:00][sql] SELECT COUNT(*) AS think_count FROM `browse_history` WHERE  `user_id` = 25 [ RunTime:0.000644s ]
[2026-08-19T09:03:53+08:00][sql] SHOW FULL COLUMNS FROM `balance_log` [ RunTime:0.001116s ]
[2026-08-19T09:03:53+08:00][sql] SELECT * FROM `balance_log` WHERE  `user_id` = 25 ORDER BY `id` DESC LIMIT 5 [ RunTime:0.000690s ]
[2026-08-19T09:03:53+08:00][sql] SELECT `b`.*,`g`.`title`,`g`.`cover`,g.status as goods_status,`g`.`end_time` FROM `bid_record` `b` LEFT JOIN `goods` `g` ON `b`.`goods_id`=`g`.`id` WHERE  `b`.`user_id` = '25' ORDER BY `b`.`id` DESC LIMIT 5 [ RunTime:0.000783s ]
[2026-08-19T09:03:53+08:00][sql] SELECT `id`,`nickname`,`mobile`,`reg_time` FROM `user` WHERE  `pid` = 25 ORDER BY `id` DESC LIMIT 10 [ RunTime:0.000732s ]
[2026-08-19T09:03:57+08:00][sql] CONNECT:[ UseTime:0.023267s ] mysql:host=127.0.0.1;port=3306;dbname=auction;charset=utf8mb4
[2026-08-19T09:03:57+08:00][sql] SHOW FULL COLUMNS FROM `goods` [ RunTime:0.001729s ]
[2026-08-19T09:03:57+08:00][sql] SELECT `id` FROM `goods` WHERE  `status` = 1  AND `end_time` <= 1787101437 [ RunTime:0.000808s ]
[2026-08-19T09:03:57+08:00][sql] SHOW FULL COLUMNS FROM `user` [ RunTime:0.001599s ]
[2026-08-19T09:03:57+08:00][sql] SELECT * FROM `user` WHERE  `id` = 25 LIMIT 1 [ RunTime:0.000967s ]
[2026-08-19T09:03:57+08:00][sql] SHOW FULL COLUMNS FROM `setting` [ RunTime:0.001189s ]
[2026-08-19T09:03:57+08:00][sql] SELECT * FROM `setting` [ RunTime:0.000633s ]
[2026-08-19T09:03:57+08:00][sql] SELECT COUNT(*) AS think_count FROM `goods` WHERE  `seller_id` = 25 [ RunTime:0.000746s ]
[2026-08-19T09:03:57+08:00][sql] SELECT * FROM `goods` WHERE  `seller_id` = 25 ORDER BY `id` DESC LIMIT 0,10 [ RunTime:0.000898s ]
[2026-08-19T09:03:57+08:00][sql] SHOW FULL COLUMNS FROM `bid_record` [ RunTime:0.001355s ]
[2026-08-19T09:03:57+08:00][sql] SELECT MAX(`price`) AS think_max FROM `bid_record` WHERE  `goods_id` = 32  AND `status` = 0 [ RunTime:0.001233s ]
[2026-08-19T09:03:57+08:00][sql] SELECT MAX(`price`) AS think_max FROM `bid_record` WHERE  `goods_id` = 31  AND `status` = 0 [ RunTime:0.000805s ]
[2026-08-19T09:03:57+08:00][sql] SELECT MAX(`price`) AS think_max FROM `bid_record` WHERE  `goods_id` = 30  AND `status` = 0 [ RunTime:0.000731s ]
[2026-08-19T09:03:57+08:00][sql] SELECT MAX(`price`) AS think_max FROM `bid_record` WHERE  `goods_id` = 29  AND `status` = 0 [ RunTime:0.000746s ]
[2026-08-19T09:03:57+08:00][sql] SELECT MAX(`price`) AS think_max FROM `bid_record` WHERE  `goods_id` = 27  AND `status` = 0 [ RunTime:0.000712s ]
[2026-08-19T09:04:00+08:00][sql] CONNECT:[ UseTime:0.008870s ] mysql:host=127.0.0.1;port=3306;dbname=auction;charset=utf8mb4
[2026-08-19T09:04:00+08:00][sql] SHOW FULL COLUMNS FROM `goods` [ RunTime:0.001750s ]
[2026-08-19T09:04:00+08:00][sql] SELECT `id` FROM `goods` WHERE  `status` = 1  AND `end_time` <= 1787101440 [ RunTime:0.000775s ]
[2026-08-19T09:04:00+08:00][sql] SHOW FULL COLUMNS FROM `user` [ RunTime:0.001490s ]
[2026-08-19T09:04:00+08:00][sql] SELECT * FROM `user` WHERE  `id` = 25 LIMIT 1 [ RunTime:0.000864s ]
[2026-08-19T09:04:00+08:00][sql] SHOW FULL COLUMNS FROM `setting` [ RunTime:0.001143s ]
[2026-08-19T09:04:00+08:00][sql] SELECT * FROM `setting` [ RunTime:0.000619s ]
[2026-08-19T09:04:00+08:00][sql] SELECT COUNT(*) AS think_count FROM `goods` WHERE  `seller_id` = 25 [ RunTime:0.000787s ]
[2026-08-19T09:04:00+08:00][sql] SELECT * FROM `goods` WHERE  `seller_id` = 25 ORDER BY `id` DESC LIMIT 0,10 [ RunTime:0.000807s ]
[2026-08-19T09:04:00+08:00][sql] SHOW FULL COLUMNS FROM `bid_record` [ RunTime:0.001538s ]
[2026-08-19T09:04:00+08:00][sql] SELECT MAX(`price`) AS think_max FROM `bid_record` WHERE  `goods_id` = 32  AND `status` = 0 [ RunTime:0.001753s ]
[2026-08-19T09:04:00+08:00][sql] SELECT MAX(`price`) AS think_max FROM `bid_record` WHERE  `goods_id` = 31  AND `status` = 0 [ RunTime:0.001237s ]
[2026-08-19T09:04:00+08:00][sql] SELECT MAX(`price`) AS think_max FROM `bid_record` WHERE  `goods_id` = 30  AND `status` = 0 [ RunTime:0.000781s ]
[2026-08-19T09:04:00+08:00][sql] SELECT MAX(`price`) AS think_max FROM `bid_record` WHERE  `goods_id` = 29  AND `status` = 0 [ RunTime:0.000735s ]
[2026-08-19T09:04:00+08:00][sql] SELECT MAX(`price`) AS think_max FROM `bid_record` WHERE  `goods_id` = 27  AND `status` = 0 [ RunTime:0.000806s ]
[2026-08-19T09:04:03+08:00][sql] CONNECT:[ UseTime:0.022262s ] mysql:host=127.0.0.1;port=3306;dbname=auction;charset=utf8mb4
[2026-08-19T09:04:03+08:00][sql] SHOW FULL COLUMNS FROM `goods` [ RunTime:0.001258s ]
[2026-08-19T09:04:03+08:00][sql] SELECT `id` FROM `goods` WHERE  `status` = 1  AND `end_time` <= 1787101443 [ RunTime:0.000823s ]
[2026-08-19T09:04:03+08:00][sql] SHOW FULL COLUMNS FROM `user` [ RunTime:0.001514s ]
[2026-08-19T09:04:03+08:00][sql] SELECT * FROM `user` WHERE  `id` = 25 LIMIT 1 [ RunTime:0.001127s ]
[2026-08-19T09:04:03+08:00][sql] SHOW FULL COLUMNS FROM `setting` [ RunTime:0.001204s ]
[2026-08-19T09:04:03+08:00][sql] SELECT * FROM `setting` [ RunTime:0.000725s ]
[2026-08-19T09:04:03+08:00][sql] SHOW FULL COLUMNS FROM `bid_record` [ RunTime:0.001562s ]
[2026-08-19T09:04:03+08:00][sql] SELECT COUNT(*) AS think_count FROM `bid_record` WHERE  `user_id` = 25 [ RunTime:0.000838s ]
[2026-08-19T09:04:03+08:00][sql] SHOW FULL COLUMNS FROM `order` [ RunTime:0.001324s ]
[2026-08-19T09:04:03+08:00][sql] SELECT COUNT(*) AS think_count FROM `order` WHERE  `buyer_id` = 25  AND `pay_status` = 1 [ RunTime:0.000568s ]
[2026-08-19T09:04:03+08:00][sql] SELECT COUNT(*) AS think_count FROM `goods` WHERE  `seller_id` = 25  AND `status` = 2 [ RunTime:0.002332s ]
[2026-08-19T09:04:03+08:00][sql] SELECT COUNT(*) AS think_count FROM `goods` WHERE  `seller_id` = 25 [ RunTime:0.000630s ]
[2026-08-19T09:04:03+08:00][sql] SELECT COUNT(*) AS think_count FROM `order` WHERE  `buyer_id` = 25  AND `pay_status` = 0  AND `order_status` = 0 [ RunTime:0.000715s ]
[2026-08-19T09:04:03+08:00][sql] SELECT COUNT(*) AS think_count FROM `order` WHERE  `seller_id` = 25  AND `order_status` = 1 [ RunTime:0.000649s ]
[2026-08-19T09:04:03+08:00][sql] SELECT COUNT(*) AS think_count FROM `order` WHERE  `buyer_id` = 25  AND `order_status` = 0  AND `pay_status` = 0 [ RunTime:0.000857s ]
[2026-08-19T09:04:03+08:00][sql] SELECT COUNT(*) AS think_count FROM `order` WHERE  `buyer_id` = 25  AND `order_status` = 1 [ RunTime:0.000911s ]
[2026-08-19T09:04:03+08:00][sql] SELECT COUNT(*) AS think_count FROM `order` WHERE  `buyer_id` = 25  AND `order_status` = 2 [ RunTime:0.000944s ]
[2026-08-19T09:04:03+08:00][sql] SELECT COUNT(*) AS think_count FROM `order` WHERE  `buyer_id` = 25  AND `order_status` = 3 [ RunTime:0.000752s ]
[2026-08-19T09:04:03+08:00][sql] SELECT COUNT(*) AS think_count FROM `order` WHERE  `seller_id` = 25  AND `order_status` = 1 [ RunTime:0.000730s ]
[2026-08-19T09:04:03+08:00][sql] SHOW FULL COLUMNS FROM `goods_favorite` [ RunTime:0.001438s ]
[2026-08-19T09:04:03+08:00][sql] SELECT COUNT(*) AS think_count FROM `goods_favorite` WHERE  `user_id` = 25 [ RunTime:0.000890s ]
[2026-08-19T09:04:03+08:00][sql] SHOW FULL COLUMNS FROM `seller_follow` [ RunTime:0.001389s ]
[2026-08-19T09:04:03+08:00][sql] SELECT COUNT(*) AS think_count FROM `seller_follow` WHERE  `user_id` = 25 [ RunTime:0.000720s ]
[2026-08-19T09:04:03+08:00][sql] SHOW FULL COLUMNS FROM `browse_history` [ RunTime:0.001114s ]
[2026-08-19T09:04:03+08:00][sql] SELECT COUNT(*) AS think_count FROM `browse_history` WHERE  `user_id` = 25 [ RunTime:0.000632s ]
[2026-08-19T09:04:03+08:00][sql] SHOW FULL COLUMNS FROM `balance_log` [ RunTime:0.002643s ]
[2026-08-19T09:04:03+08:00][sql] SELECT * FROM `balance_log` WHERE  `user_id` = 25 ORDER BY `id` DESC LIMIT 5 [ RunTime:0.000758s ]
[2026-08-19T09:04:03+08:00][sql] SELECT `b`.*,`g`.`title`,`g`.`cover`,g.status as goods_status,`g`.`end_time` FROM `bid_record` `b` LEFT JOIN `goods` `g` ON `b`.`goods_id`=`g`.`id` WHERE  `b`.`user_id` = '25' ORDER BY `b`.`id` DESC LIMIT 5 [ RunTime:0.000868s ]
[2026-08-19T09:04:03+08:00][sql] SELECT `id`,`nickname`,`mobile`,`reg_time` FROM `user` WHERE  `pid` = 25 ORDER BY `id` DESC LIMIT 10 [ RunTime:0.001442s ]
[2026-08-19T09:04:05+08:00][sql] CONNECT:[ UseTime:0.001605s ] mysql:host=127.0.0.1;port=3306;dbname=auction;charset=utf8mb4
[2026-08-19T09:04:05+08:00][sql] SHOW FULL COLUMNS FROM `goods` [ RunTime:0.002213s ]
[2026-08-19T09:04:05+08:00][sql] SELECT `id` FROM `goods` WHERE  `status` = 1  AND `end_time` <= 1787101445 [ RunTime:0.000759s ]
[2026-08-19T09:04:05+08:00][sql] SHOW FULL COLUMNS FROM `user` [ RunTime:0.001344s ]
[2026-08-19T09:04:05+08:00][sql] SELECT * FROM `user` WHERE  `id` = 25 LIMIT 1 [ RunTime:0.000704s ]
[2026-08-19T09:04:05+08:00][sql] SHOW FULL COLUMNS FROM `setting` [ RunTime:0.001003s ]
[2026-08-19T09:04:05+08:00][sql] SELECT * FROM `setting` [ RunTime:0.000481s ]
[2026-08-19T09:04:05+08:00][sql] SELECT * FROM `user` WHERE  `id` = 25 LIMIT 1 [ RunTime:0.000638s ]
[2026-08-19T09:04:05+08:00][sql] SHOW FULL COLUMNS FROM `order` [ RunTime:0.001090s ]
[2026-08-19T09:04:05+08:00][sql] SELECT COUNT(*) AS think_count FROM `order` WHERE  `buyer_id` = 25  AND `order_status` = 0  AND `pay_status` = 0 [ RunTime:0.000703s ]
[2026-08-19T09:04:05+08:00][sql] SELECT COUNT(*) AS think_count FROM `order` WHERE  `buyer_id` = 25  AND `order_status` = 3 [ RunTime:0.000638s ]
[2026-08-19T09:04:05+08:00][sql] SHOW FULL COLUMNS FROM `balance_log` [ RunTime:0.001074s ]
[2026-08-19T09:04:05+08:00][sql] SELECT * FROM `balance_log` WHERE  `user_id` = 25 ORDER BY `id` DESC LIMIT 8 [ RunTime:0.000529s ]
[2026-08-19T09:04:14+08:00][sql] CONNECT:[ UseTime:0.002390s ] mysql:host=127.0.0.1;port=3306;dbname=auction;charset=utf8mb4
[2026-08-19T09:04:14+08:00][sql] SHOW FULL COLUMNS FROM `goods` [ RunTime:0.001472s ]
[2026-08-19T09:04:14+08:00][sql] SELECT `id` FROM `goods` WHERE  `status` = 1  AND `end_time` <= 1787101454 [ RunTime:0.000761s ]
[2026-08-19T09:04:14+08:00][sql] SHOW FULL COLUMNS FROM `user` [ RunTime:0.001523s ]
[2026-08-19T09:04:14+08:00][sql] SELECT * FROM `user` WHERE  `id` = 25 LIMIT 1 [ RunTime:0.000881s ]
[2026-08-19T09:04:14+08:00][sql] SHOW FULL COLUMNS FROM `setting` [ RunTime:0.001167s ]
[2026-08-19T09:04:14+08:00][sql] SELECT * FROM `setting` [ RunTime:0.000620s ]
[2026-08-19T09:04:14+08:00][sql] SHOW FULL COLUMNS FROM `bid_record` [ RunTime:0.001108s ]
[2026-08-19T09:04:14+08:00][sql] SELECT COUNT(*) AS think_count FROM `bid_record` WHERE  `user_id` = 25 [ RunTime:0.000611s ]
[2026-08-19T09:04:14+08:00][sql] SHOW FULL COLUMNS FROM `order` [ RunTime:0.001517s ]
[2026-08-19T09:04:14+08:00][sql] SELECT COUNT(*) AS think_count FROM `order` WHERE  `buyer_id` = 25  AND `pay_status` = 1 [ RunTime:0.000827s ]
[2026-08-19T09:04:14+08:00][sql] SELECT COUNT(*) AS think_count FROM `goods` WHERE  `seller_id` = 25  AND `status` = 2 [ RunTime:0.001952s ]
[2026-08-19T09:04:14+08:00][sql] SELECT COUNT(*) AS think_count FROM `goods` WHERE  `seller_id` = 25 [ RunTime:0.000860s ]
[2026-08-19T09:04:14+08:00][sql] SELECT COUNT(*) AS think_count FROM `order` WHERE  `buyer_id` = 25  AND `pay_status` = 0  AND `order_status` = 0 [ RunTime:0.000813s ]
[2026-08-19T09:04:14+08:00][sql] SELECT COUNT(*) AS think_count FROM `order` WHERE  `seller_id` = 25  AND `order_status` = 1 [ RunTime:0.000785s ]
[2026-08-19T09:04:14+08:00][sql] SELECT COUNT(*) AS think_count FROM `order` WHERE  `buyer_id` = 25  AND `order_status` = 0  AND `pay_status` = 0 [ RunTime:0.000683s ]
[2026-08-19T09:04:14+08:00][sql] SELECT COUNT(*) AS think_count FROM `order` WHERE  `buyer_id` = 25  AND `order_status` = 1 [ RunTime:0.000660s ]
[2026-08-19T09:04:14+08:00][sql] SELECT COUNT(*) AS think_count FROM `order` WHERE  `buyer_id` = 25  AND `order_status` = 2 [ RunTime:0.000608s ]
[2026-08-19T09:04:14+08:00][sql] SELECT COUNT(*) AS think_count FROM `order` WHERE  `buyer_id` = 25  AND `order_status` = 3 [ RunTime:0.000552s ]
[2026-08-19T09:04:14+08:00][sql] SELECT COUNT(*) AS think_count FROM `order` WHERE  `seller_id` = 25  AND `order_status` = 1 [ RunTime:0.000514s ]
[2026-08-19T09:04:14+08:00][sql] SHOW FULL COLUMNS FROM `goods_favorite` [ RunTime:0.003348s ]
[2026-08-19T09:04:14+08:00][sql] SELECT COUNT(*) AS think_count FROM `goods_favorite` WHERE  `user_id` = 25 [ RunTime:0.000763s ]
[2026-08-19T09:04:14+08:00][sql] SHOW FULL COLUMNS FROM `seller_follow` [ RunTime:0.002666s ]
[2026-08-19T09:04:14+08:00][sql] SELECT COUNT(*) AS think_count FROM `seller_follow` WHERE  `user_id` = 25 [ RunTime:0.000597s ]
[2026-08-19T09:04:14+08:00][sql] SHOW FULL COLUMNS FROM `browse_history` [ RunTime:0.002895s ]
[2026-08-19T09:04:14+08:00][sql] SELECT COUNT(*) AS think_count FROM `browse_history` WHERE  `user_id` = 25 [ RunTime:0.000724s ]
[2026-08-19T09:04:14+08:00][sql] SHOW FULL COLUMNS FROM `balance_log` [ RunTime:0.002519s ]
[2026-08-19T09:04:14+08:00][sql] SELECT * FROM `balance_log` WHERE  `user_id` = 25 ORDER BY `id` DESC LIMIT 5 [ RunTime:0.000864s ]
[2026-08-19T09:04:14+08:00][sql] SELECT `b`.*,`g`.`title`,`g`.`cover`,g.status as goods_status,`g`.`end_time` FROM `bid_record` `b` LEFT JOIN `goods` `g` ON `b`.`goods_id`=`g`.`id` WHERE  `b`.`user_id` = '25' ORDER BY `b`.`id` DESC LIMIT 5 [ RunTime:0.001051s ]
[2026-08-19T09:04:14+08:00][sql] SELECT `id`,`nickname`,`mobile`,`reg_time` FROM `user` WHERE  `pid` = 25 ORDER BY `id` DESC LIMIT 10 [ RunTime:0.000760s ]
[2026-08-19T09:04:22+08:00][sql] CONNECT:[ UseTime:0.024610s ] mysql:host=127.0.0.1;port=3306;dbname=auction;charset=utf8mb4
[2026-08-19T09:04:22+08:00][sql] SHOW FULL COLUMNS FROM `goods` [ RunTime:0.003542s ]
[2026-08-19T09:04:22+08:00][sql] SELECT `id` FROM `goods` WHERE  `status` = 1  AND `end_time` <= 1787101462 [ RunTime:0.001795s ]
[2026-08-19T09:04:22+08:00][sql] SHOW FULL COLUMNS FROM `user` [ RunTime:0.002476s ]
[2026-08-19T09:04:22+08:00][sql] SELECT * FROM `user` WHERE  `id` = 25 LIMIT 1 [ RunTime:0.001229s ]
[2026-08-19T09:04:22+08:00][sql] SHOW FULL COLUMNS FROM `setting` [ RunTime:0.001879s ]
[2026-08-19T09:04:22+08:00][sql] SELECT * FROM `setting` [ RunTime:0.001045s ]
[2026-08-19T09:04:22+08:00][sql] SELECT * FROM `user` WHERE  `id` = 25 LIMIT 1 [ RunTime:0.001471s ]
[2026-08-19T09:04:22+08:00][sql] SHOW FULL COLUMNS FROM `order` [ RunTime:0.002054s ]
[2026-08-19T09:04:22+08:00][sql] SELECT COUNT(*) AS think_count FROM `order` WHERE  `buyer_id` = 25  AND `order_status` = 0  AND `pay_status` = 0 [ RunTime:0.000930s ]
[2026-08-19T09:04:22+08:00][sql] SELECT COUNT(*) AS think_count FROM `order` WHERE  `buyer_id` = 25  AND `order_status` = 3 [ RunTime:0.000891s ]
[2026-08-19T09:04:22+08:00][sql] SHOW FULL COLUMNS FROM `balance_log` [ RunTime:0.001419s ]
[2026-08-19T09:04:22+08:00][sql] SELECT * FROM `balance_log` WHERE  `user_id` = 25 ORDER BY `id` DESC LIMIT 8 [ RunTime:0.000875s ]
[2026-08-19T09:04:56+08:00][sql] CONNECT:[ UseTime:0.024763s ] mysql:host=127.0.0.1;port=3306;dbname=auction;charset=utf8mb4
[2026-08-19T09:04:56+08:00][sql] SHOW FULL COLUMNS FROM `goods` [ RunTime:0.002040s ]
[2026-08-19T09:04:56+08:00][sql] SELECT `id` FROM `goods` WHERE  `status` = 1  AND `end_time` <= 1787101496 [ RunTime:0.000638s ]
[2026-08-19T09:04:56+08:00][sql] SHOW FULL COLUMNS FROM `user` [ RunTime:0.002223s ]
[2026-08-19T09:04:56+08:00][sql] SELECT * FROM `user` WHERE  `id` = 25 LIMIT 1 [ RunTime:0.001322s ]
[2026-08-19T09:04:56+08:00][sql] SHOW FULL COLUMNS FROM `setting` [ RunTime:0.001782s ]
[2026-08-19T09:04:56+08:00][sql] SELECT * FROM `setting` [ RunTime:0.000969s ]
[2026-08-19T09:04:56+08:00][sql] SHOW FULL COLUMNS FROM `bid_record` [ RunTime:0.002169s ]
[2026-08-19T09:04:56+08:00][sql] SELECT COUNT(*) AS think_count FROM `bid_record` WHERE  `user_id` = 25 [ RunTime:0.001151s ]
[2026-08-19T09:04:56+08:00][sql] SHOW FULL COLUMNS FROM `order` [ RunTime:0.002009s ]
[2026-08-19T09:04:56+08:00][sql] SELECT COUNT(*) AS think_count FROM `order` WHERE  `buyer_id` = 25  AND `pay_status` = 1 [ RunTime:0.001007s ]
[2026-08-19T09:04:56+08:00][sql] SELECT COUNT(*) AS think_count FROM `goods` WHERE  `seller_id` = 25  AND `status` = 2 [ RunTime:0.002946s ]
[2026-08-19T09:04:56+08:00][sql] SELECT COUNT(*) AS think_count FROM `goods` WHERE  `seller_id` = 25 [ RunTime:0.001275s ]
[2026-08-19T09:04:56+08:00][sql] SELECT COUNT(*) AS think_count FROM `order` WHERE  `buyer_id` = 25  AND `pay_status` = 0  AND `order_status` = 0 [ RunTime:0.001804s ]
[2026-08-19T09:04:56+08:00][sql] SELECT COUNT(*) AS think_count FROM `order` WHERE  `seller_id` = 25  AND `order_status` = 1 [ RunTime:0.001553s ]
[2026-08-19T09:04:56+08:00][sql] SELECT COUNT(*) AS think_count FROM `order` WHERE  `buyer_id` = 25  AND `order_status` = 0  AND `pay_status` = 0 [ RunTime:0.001476s ]
[2026-08-19T09:04:56+08:00][sql] SELECT COUNT(*) AS think_count FROM `order` WHERE  `buyer_id` = 25  AND `order_status` = 1 [ RunTime:0.001556s ]
[2026-08-19T09:04:56+08:00][sql] SELECT COUNT(*) AS think_count FROM `order` WHERE  `buyer_id` = 25  AND `order_status` = 2 [ RunTime:0.001109s ]
[2026-08-19T09:04:56+08:00][sql] SELECT COUNT(*) AS think_count FROM `order` WHERE  `buyer_id` = 25  AND `order_status` = 3 [ RunTime:0.000961s ]
[2026-08-19T09:04:56+08:00][sql] SELECT COUNT(*) AS think_count FROM `order` WHERE  `seller_id` = 25  AND `order_status` = 1 [ RunTime:0.000786s ]
[2026-08-19T09:04:56+08:00][sql] SHOW FULL COLUMNS FROM `goods_favorite` [ RunTime:0.003079s ]
[2026-08-19T09:04:56+08:00][sql] SELECT COUNT(*) AS think_count FROM `goods_favorite` WHERE  `user_id` = 25 [ RunTime:0.000758s ]
[2026-08-19T09:04:56+08:00][sql] SHOW FULL COLUMNS FROM `seller_follow` [ RunTime:0.002746s ]
[2026-08-19T09:04:56+08:00][sql] SELECT COUNT(*) AS think_count FROM `seller_follow` WHERE  `user_id` = 25 [ RunTime:0.000725s ]
[2026-08-19T09:04:56+08:00][sql] SHOW FULL COLUMNS FROM `browse_history` [ RunTime:0.003541s ]
[2026-08-19T09:04:56+08:00][sql] SELECT COUNT(*) AS think_count FROM `browse_history` WHERE  `user_id` = 25 [ RunTime:0.001401s ]
[2026-08-19T09:04:56+08:00][sql] SHOW FULL COLUMNS FROM `balance_log` [ RunTime:0.002901s ]
[2026-08-19T09:04:56+08:00][sql] SELECT * FROM `balance_log` WHERE  `user_id` = 25 ORDER BY `id` DESC LIMIT 5 [ RunTime:0.001003s ]
[2026-08-19T09:04:56+08:00][sql] SELECT `b`.*,`g`.`title`,`g`.`cover`,g.status as goods_status,`g`.`end_time` FROM `bid_record` `b` LEFT JOIN `goods` `g` ON `b`.`goods_id`=`g`.`id` WHERE  `b`.`user_id` = '25' ORDER BY `b`.`id` DESC LIMIT 5 [ RunTime:0.000966s ]
[2026-08-19T09:04:56+08:00][sql] SELECT `id`,`nickname`,`mobile`,`reg_time` FROM `user` WHERE  `pid` = 25 ORDER BY `id` DESC LIMIT 10 [ RunTime:0.000917s ]
[2026-08-19T09:04:58+08:00][sql] CONNECT:[ UseTime:0.002336s ] mysql:host=127.0.0.1;port=3306;dbname=auction;charset=utf8mb4
[2026-08-19T09:04:58+08:00][sql] SHOW FULL COLUMNS FROM `goods` [ RunTime:0.001595s ]
[2026-08-19T09:04:58+08:00][sql] SELECT `id` FROM `goods` WHERE  `status` = 1  AND `end_time` <= 1787101498 [ RunTime:0.000830s ]
[2026-08-19T09:04:58+08:00][sql] SHOW FULL COLUMNS FROM `user` [ RunTime:0.001485s ]
[2026-08-19T09:04:58+08:00][sql] SELECT * FROM `user` WHERE  `id` = 25 LIMIT 1 [ RunTime:0.001463s ]
[2026-08-19T09:04:58+08:00][sql] SHOW FULL COLUMNS FROM `setting` [ RunTime:0.000986s ]
[2026-08-19T09:04:58+08:00][sql] SELECT * FROM `setting` [ RunTime:0.000473s ]
[2026-08-19T09:04:58+08:00][sql] SHOW FULL COLUMNS FROM `category` [ RunTime:0.002891s ]
[2026-08-19T09:04:58+08:00][sql] SELECT * FROM `category` WHERE  `status` = 1 ORDER BY `sort` ASC [ RunTime:0.001052s ]
[2026-08-19T09:05:29+08:00][sql] CONNECT:[ UseTime:0.001686s ] mysql:host=127.0.0.1;port=3306;dbname=auction;charset=utf8mb4
[2026-08-19T09:05:29+08:00][sql] SHOW FULL COLUMNS FROM `goods` [ RunTime:0.001008s ]
[2026-08-19T09:05:29+08:00][sql] SELECT `id` FROM `goods` WHERE  `status` = 1  AND `end_time` <= 1787101529 [ RunTime:0.000754s ]
[2026-08-19T09:05:29+08:00][sql] SHOW FULL COLUMNS FROM `user` [ RunTime:0.001387s ]
[2026-08-19T09:05:29+08:00][sql] SELECT * FROM `user` WHERE  `id` = 25 LIMIT 1 [ RunTime:0.000816s ]
[2026-08-19T09:05:29+08:00][sql] SHOW FULL COLUMNS FROM `setting` [ RunTime:0.001510s ]
[2026-08-19T09:05:29+08:00][sql] SELECT * FROM `setting` [ RunTime:0.000780s ]
[2026-08-19T09:05:31+08:00][sql] CONNECT:[ UseTime:0.001894s ] mysql:host=127.0.0.1;port=3306;dbname=auction;charset=utf8mb4
[2026-08-19T09:05:31+08:00][sql] SHOW FULL COLUMNS FROM `goods` [ RunTime:0.001408s ]
[2026-08-19T09:05:31+08:00][sql] SELECT `id` FROM `goods` WHERE  `status` = 1  AND `end_time` <= 1787101531 [ RunTime:0.000671s ]
[2026-08-19T09:05:31+08:00][sql] SHOW FULL COLUMNS FROM `user` [ RunTime:0.001419s ]
[2026-08-19T09:05:31+08:00][sql] SELECT * FROM `user` WHERE  `id` = 25 LIMIT 1 [ RunTime:0.000828s ]
[2026-08-19T09:05:31+08:00][sql] SHOW FULL COLUMNS FROM `setting` [ RunTime:0.001150s ]
[2026-08-19T09:05:31+08:00][sql] SELECT * FROM `setting` [ RunTime:0.000666s ]
[2026-08-19T09:05:31+08:00][sql] INSERT INTO `goods` SET `seller_id` = 25 , `category_id` = 1 , `title` = 'eee' , `cover` = '/uploads/20260819/090529_1298.png' , `images` = '[\"\\/uploads\\/20260819\\/090529_1298.png\"]' , `content` = '2222' , `start_price` = '250' , `raise_price` = '100' , `reserve_price` = '0' , `deposit` = '100' , `commission_rate` = '0' , `start_time` = 1787101531 , `end_time` = 1787101620 , `delay_seconds` = 0 , `reference_price` = '100' , `is_free_shipping` = 0 , `is_featured` = 0 , `status` = 1 , `create_time` = 1787101531 , `update_time` = 1787101531 [ RunTime:0.002228s ]
[2026-08-19T09:05:32+08:00][sql] CONNECT:[ UseTime:0.001811s ] mysql:host=127.0.0.1;port=3306;dbname=auction;charset=utf8mb4
[2026-08-19T09:05:32+08:00][sql] SHOW FULL COLUMNS FROM `goods` [ RunTime:0.001003s ]
[2026-08-19T09:05:32+08:00][sql] SELECT `id` FROM `goods` WHERE  `status` = 1  AND `end_time` <= 1787101532 [ RunTime:0.000554s ]
[2026-08-19T09:05:32+08:00][sql] SHOW FULL COLUMNS FROM `user` [ RunTime:0.001287s ]
[2026-08-19T09:05:32+08:00][sql] SELECT * FROM `user` WHERE  `id` = 25 LIMIT 1 [ RunTime:0.000588s ]
[2026-08-19T09:05:32+08:00][sql] SHOW FULL COLUMNS FROM `setting` [ RunTime:0.000824s ]
[2026-08-19T09:05:32+08:00][sql] SELECT * FROM `setting` [ RunTime:0.000601s ]
[2026-08-19T09:05:32+08:00][sql] SELECT COUNT(*) AS think_count FROM `goods` WHERE  `seller_id` = 25 [ RunTime:0.000540s ]
[2026-08-19T09:05:32+08:00][sql] SELECT * FROM `goods` WHERE  `seller_id` = 25 ORDER BY `id` DESC LIMIT 0,10 [ RunTime:0.000566s ]
[2026-08-19T09:05:32+08:00][sql] SHOW FULL COLUMNS FROM `bid_record` [ RunTime:0.001167s ]
[2026-08-19T09:05:32+08:00][sql] SELECT MAX(`price`) AS think_max FROM `bid_record` WHERE  `goods_id` = 33  AND `status` = 0 [ RunTime:0.000653s ]
[2026-08-19T09:05:32+08:00][sql] SELECT MAX(`price`) AS think_max FROM `bid_record` WHERE  `goods_id` = 32  AND `status` = 0 [ RunTime:0.000676s ]
[2026-08-19T09:05:32+08:00][sql] SELECT MAX(`price`) AS think_max FROM `bid_record` WHERE  `goods_id` = 31  AND `status` = 0 [ RunTime:0.000571s ]
[2026-08-19T09:05:32+08:00][sql] SELECT MAX(`price`) AS think_max FROM `bid_record` WHERE  `goods_id` = 30  AND `status` = 0 [ RunTime:0.000518s ]
[2026-08-19T09:05:32+08:00][sql] SELECT MAX(`price`) AS think_max FROM `bid_record` WHERE  `goods_id` = 29  AND `status` = 0 [ RunTime:0.000509s ]
[2026-08-19T09:05:32+08:00][sql] SELECT MAX(`price`) AS think_max FROM `bid_record` WHERE  `goods_id` = 27  AND `status` = 0 [ RunTime:0.000479s ]
[2026-08-19T09:05:35+08:00][sql] CONNECT:[ UseTime:0.006757s ] mysql:host=127.0.0.1;port=3306;dbname=auction;charset=utf8mb4
[2026-08-19T09:05:35+08:00][sql] SHOW FULL COLUMNS FROM `goods` [ RunTime:0.002143s ]
[2026-08-19T09:05:35+08:00][sql] SELECT `id` FROM `goods` WHERE  `status` = 1  AND `end_time` <= 1787101535 [ RunTime:0.001061s ]
[2026-08-19T09:05:35+08:00][sql] SHOW FULL COLUMNS FROM `user` [ RunTime:0.002234s ]
[2026-08-19T09:05:35+08:00][sql] SELECT * FROM `user` WHERE  `id` = 27 LIMIT 1 [ RunTime:0.001275s ]
[2026-08-19T09:05:35+08:00][sql] SHOW FULL COLUMNS FROM `setting` [ RunTime:0.001947s ]
[2026-08-19T09:05:35+08:00][sql] SELECT * FROM `setting` [ RunTime:0.001085s ]
[2026-08-19T09:05:35+08:00][sql] SELECT COUNT(*) AS think_count FROM `goods` `g` LEFT JOIN `user` `u` ON `g`.`seller_id`=`u`.`id` WHERE  `g`.`status` = '1'  AND `g`.`start_time` <= '1787101535'  AND `g`.`end_time` > '1787101535' [ RunTime:0.001403s ]
[2026-08-19T09:05:35+08:00][sql] SELECT `g`.*,u.nickname as seller_name FROM `goods` `g` LEFT JOIN `user` `u` ON `g`.`seller_id`=`u`.`id` WHERE  `g`.`status` = '1'  AND `g`.`start_time` <= '1787101535'  AND `g`.`end_time` > '1787101535' ORDER BY `g`.`end_time` ASC,`g`.`id` DESC LIMIT 0,10 [ RunTime:0.001453s ]
[2026-08-19T09:05:35+08:00][sql] SHOW FULL COLUMNS FROM `bid_record` [ RunTime:0.001783s ]
[2026-08-19T09:05:35+08:00][sql] SELECT MAX(`price`) AS think_max FROM `bid_record` WHERE  `goods_id` = 33  AND `status` = 0 [ RunTime:0.001037s ]
[2026-08-19T09:05:35+08:00][sql] SELECT MAX(`price`) AS think_max FROM `bid_record` WHERE  `goods_id` = 28  AND `status` = 0 [ RunTime:0.001045s ]
[2026-08-19T09:05:35+08:00][sql] SHOW FULL COLUMNS FROM `category` [ RunTime:0.001878s ]
[2026-08-19T09:05:35+08:00][sql] SELECT * FROM `category` WHERE  `status` = 1 ORDER BY `sort` ASC [ RunTime:0.001085s ]
[2026-08-19T09:05:35+08:00][sql] SELECT `b`.`price`,`b`.`create_time`,`g`.`title`,`u`.`nickname` FROM `bid_record` `b` LEFT JOIN `goods` `g` ON `b`.`goods_id`=`g`.`id` LEFT JOIN `user` `u` ON `b`.`user_id`=`u`.`id` WHERE  `b`.`status` = '1' ORDER BY `b`.`id` DESC LIMIT 5 [ RunTime:0.001107s ]
[2026-08-19T09:05:35+08:00][sql] SHOW FULL COLUMNS FROM `news` [ RunTime:0.002260s ]
[2026-08-19T09:05:35+08:00][sql] SELECT `id`,`title`,`create_time` FROM `news` WHERE  `status` = 1 ORDER BY `id` DESC LIMIT 3 [ RunTime:0.000996s ]
[2026-08-19T09:05:35+08:00][sql] SHOW FULL COLUMNS FROM `banner` [ RunTime:0.001515s ]
[2026-08-19T09:05:35+08:00][sql] SELECT * FROM `banner` WHERE  `status` = 1 ORDER BY `sort` ASC,`id` ASC [ RunTime:0.001016s ]
[2026-08-19T09:05:36+08:00][sql] CONNECT:[ UseTime:0.022973s ] mysql:host=127.0.0.1;port=3306;dbname=auction;charset=utf8mb4
[2026-08-19T09:05:36+08:00][sql] SHOW FULL COLUMNS FROM `goods` [ RunTime:0.001853s ]
[2026-08-19T09:05:36+08:00][sql] SELECT `id` FROM `goods` WHERE  `status` = 1  AND `end_time` <= 1787101536 [ RunTime:0.000967s ]
[2026-08-19T09:05:36+08:00][sql] SHOW FULL COLUMNS FROM `user` [ RunTime:0.001855s ]
[2026-08-19T09:05:36+08:00][sql] SELECT * FROM `user` WHERE  `id` = 27 LIMIT 1 [ RunTime:0.000994s ]
[2026-08-19T09:05:36+08:00][sql] SHOW FULL COLUMNS FROM `setting` [ RunTime:0.001429s ]
[2026-08-19T09:05:36+08:00][sql] SELECT * FROM `setting` [ RunTime:0.000802s ]
[2026-08-19T09:05:36+08:00][sql] SELECT `g`.*,u.nickname as seller_name,u.shop_name as seller_shop,u.avatar as seller_avatar,c.name as category_name FROM `goods` `g` LEFT JOIN `user` `u` ON `g`.`seller_id`=`u`.`id` LEFT JOIN `category` `c` ON `g`.`category_id`=`c`.`id` WHERE  `g`.`id` = '33' LIMIT 1 [ RunTime:0.001175s ]
[2026-08-19T09:05:36+08:00][sql] UPDATE `goods`  SET `view_count` = `view_count` + 1  WHERE  `id` = 33 [ RunTime:0.002142s ]
[2026-08-19T09:05:36+08:00][sql] SHOW FULL COLUMNS FROM `bid_record` [ RunTime:0.001738s ]
[2026-08-19T09:05:36+08:00][sql] SELECT `b`.*,`u`.`nickname`,`u`.`mobile` FROM `bid_record` `b` LEFT JOIN `user` `u` ON `b`.`user_id`=`u`.`id` WHERE  `b`.`goods_id` = '33'  AND `b`.`status` = '0' ORDER BY `b`.`price` DESC,`b`.`id` ASC LIMIT 1 [ RunTime:0.001172s ]
[2026-08-19T09:05:36+08:00][sql] SELECT `b`.*,`u`.`nickname`,`u`.`mobile` FROM `bid_record` `b` LEFT JOIN `user` `u` ON `b`.`user_id`=`u`.`id` WHERE  `b`.`goods_id` = '33' ORDER BY `b`.`price` DESC,`b`.`id` ASC LIMIT 50 [ RunTime:0.001017s ]
[2026-08-19T09:05:36+08:00][sql] SELECT MAX(`price`) AS think_max FROM `bid_record` WHERE  `goods_id` = 33  AND `user_id` = 27  AND `status` = 0 [ RunTime:0.000922s ]
[2026-08-19T09:05:36+08:00][sql] SELECT MAX(`deposit`) AS think_max FROM `bid_record` WHERE  `goods_id` = 33  AND `user_id` = 27  AND `deposit` > '0' [ RunTime:0.000923s ]
[2026-08-19T09:05:36+08:00][sql] SHOW FULL COLUMNS FROM `browse_history` [ RunTime:0.001478s ]
[2026-08-19T09:05:36+08:00][sql] REPLACE INTO `browse_history` SET `user_id` = 27 , `goods_id` = 33 , `create_time` = 1787101536 [ RunTime:0.001614s ]
[2026-08-19T09:05:36+08:00][sql] SHOW FULL COLUMNS FROM `goods_favorite` [ RunTime:0.002945s ]
[2026-08-19T09:05:36+08:00][sql] SELECT COUNT(*) AS think_count FROM `goods_favorite` WHERE  `user_id` = 27  AND `goods_id` = 33 [ RunTime:0.000859s ]
[2026-08-19T09:05:36+08:00][sql] SHOW FULL COLUMNS FROM `seller_follow` [ RunTime:0.001952s ]
[2026-08-19T09:05:36+08:00][sql] SELECT COUNT(*) AS think_count FROM `seller_follow` WHERE  `user_id` = 27  AND `seller_id` = 25 [ RunTime:0.001066s ]
[2026-08-19T09:06:06+08:00][sql] CONNECT:[ UseTime:0.009726s ] mysql:host=127.0.0.1;port=3306;dbname=auction;charset=utf8mb4
[2026-08-19T09:06:06+08:00][sql] SHOW FULL COLUMNS FROM `goods` [ RunTime:0.001420s ]
[2026-08-19T09:06:06+08:00][sql] SELECT `id` FROM `goods` WHERE  `status` = 1  AND `end_time` <= 1787101566 [ RunTime:0.000747s ]
[2026-08-19T09:06:06+08:00][sql] SHOW FULL COLUMNS FROM `user` [ RunTime:0.001382s ]
[2026-08-19T09:06:06+08:00][sql] SELECT * FROM `user` WHERE  `id` = 27 LIMIT 1 [ RunTime:0.000780s ]
[2026-08-19T09:06:06+08:00][sql] SHOW FULL COLUMNS FROM `setting` [ RunTime:0.001257s ]
[2026-08-19T09:06:06+08:00][sql] SELECT * FROM `setting` [ RunTime:0.000729s ]
[2026-08-19T09:06:06+08:00][sql] SELECT * FROM `goods` WHERE  `id` = 33 LIMIT 1 [ RunTime:0.000881s ]
[2026-08-19T09:06:06+08:00][sql] SHOW FULL COLUMNS FROM `goods_favorite` [ RunTime:0.002965s ]
[2026-08-19T09:06:06+08:00][sql] SELECT * FROM `goods_favorite` WHERE  `user_id` = 27  AND `goods_id` = 33 LIMIT 1 [ RunTime:0.000854s ]
[2026-08-19T09:06:06+08:00][sql] INSERT INTO `goods_favorite` SET `user_id` = 27 , `goods_id` = 33 , `create_time` = 1787101566 [ RunTime:0.002249s ]
[2026-08-19T09:06:11+08:00][sql] CONNECT:[ UseTime:0.001992s ] mysql:host=127.0.0.1;port=3306;dbname=auction;charset=utf8mb4
[2026-08-19T09:06:11+08:00][sql] SHOW FULL COLUMNS FROM `goods` [ RunTime:0.001603s ]
[2026-08-19T09:06:11+08:00][sql] SELECT `id` FROM `goods` WHERE  `status` = 1  AND `end_time` <= 1787101571 [ RunTime:0.000667s ]
[2026-08-19T09:06:11+08:00][sql] SHOW FULL COLUMNS FROM `user` [ RunTime:0.001179s ]
[2026-08-19T09:06:11+08:00][sql] SELECT * FROM `user` WHERE  `id` = 27 LIMIT 1 [ RunTime:0.000604s ]
[2026-08-19T09:06:11+08:00][sql] SHOW FULL COLUMNS FROM `setting` [ RunTime:0.000904s ]
[2026-08-19T09:06:11+08:00][sql] SELECT * FROM `setting` [ RunTime:0.000461s ]
[2026-08-19T09:06:11+08:00][sql] SELECT * FROM `goods` WHERE  `id` = 33  AND `status` = 1 LIMIT 1 [ RunTime:0.000749s ]
[2026-08-19T09:06:11+08:00][sql] SELECT * FROM `user` WHERE  `id` = 25 LIMIT 1 [ RunTime:0.000476s ]
[2026-08-19T09:06:11+08:00][sql] SHOW FULL COLUMNS FROM `message` [ RunTime:0.006960s ]
[2026-08-19T09:06:11+08:00][sql] SELECT * FROM `message` WHERE  `goods_id` = 33  AND (  (  `from_uid` = 27  AND `to_uid` = 25 ) OR (  `from_uid` = 25  AND `to_uid` = 27 ) ) ORDER BY `id` ASC [ RunTime:0.001741s ]
[2026-08-19T09:06:11+08:00][sql] UPDATE `message`  SET `is_read` = 1  WHERE  `goods_id` = 33  AND `from_uid` = 25  AND `to_uid` = 27  AND `is_read` = 0 [ RunTime:0.000820s ]
[2026-08-19T09:06:15+08:00][sql] CONNECT:[ UseTime:0.021824s ] mysql:host=127.0.0.1;port=3306;dbname=auction;charset=utf8mb4
[2026-08-19T09:06:15+08:00][sql] SHOW FULL COLUMNS FROM `goods` [ RunTime:0.002559s ]
[2026-08-19T09:06:15+08:00][sql] SELECT `id` FROM `goods` WHERE  `status` = 1  AND `end_time` <= 1787101575 [ RunTime:0.001095s ]
[2026-08-19T09:06:15+08:00][sql] SHOW FULL COLUMNS FROM `user` [ RunTime:0.001899s ]
[2026-08-19T09:06:15+08:00][sql] SELECT * FROM `user` WHERE  `id` = 27 LIMIT 1 [ RunTime:0.001045s ]
[2026-08-19T09:06:15+08:00][sql] SHOW FULL COLUMNS FROM `setting` [ RunTime:0.001493s ]
[2026-08-19T09:06:15+08:00][sql] SELECT * FROM `setting` [ RunTime:0.000854s ]
[2026-08-19T09:06:15+08:00][sql] SHOW FULL COLUMNS FROM `message` [ RunTime:0.003290s ]
[2026-08-19T09:06:15+08:00][sql] SELECT * FROM `message` WHERE  `goods_id` = 33  AND `id` > 0  AND (  (  `from_uid` = 27  AND `to_uid` = 25 ) OR (  `from_uid` = 25  AND `to_uid` = 27 ) ) ORDER BY `id` ASC [ RunTime:0.000951s ]
[2026-08-19T09:06:18+08:00][sql] CONNECT:[ UseTime:0.024477s ] mysql:host=127.0.0.1;port=3306;dbname=auction;charset=utf8mb4
[2026-08-19T09:06:18+08:00][sql] SHOW FULL COLUMNS FROM `goods` [ RunTime:0.001890s ]
[2026-08-19T09:06:18+08:00][sql] SELECT `id` FROM `goods` WHERE  `status` = 1  AND `end_time` <= 1787101578 [ RunTime:0.001076s ]
[2026-08-19T09:06:18+08:00][sql] SHOW FULL COLUMNS FROM `user` [ RunTime:0.001522s ]
[2026-08-19T09:06:18+08:00][sql] SELECT * FROM `user` WHERE  `id` = 27 LIMIT 1 [ RunTime:0.001440s ]
[2026-08-19T09:06:18+08:00][sql] SHOW FULL COLUMNS FROM `setting` [ RunTime:0.002172s ]
[2026-08-19T09:06:18+08:00][sql] SELECT * FROM `setting` [ RunTime:0.000873s ]
[2026-08-19T09:06:18+08:00][sql] SHOW FULL COLUMNS FROM `message` [ RunTime:0.004617s ]
[2026-08-19T09:06:18+08:00][sql] SELECT * FROM `message` WHERE  `goods_id` = 33  AND `id` > 0  AND (  (  `from_uid` = 27  AND `to_uid` = 25 ) OR (  `from_uid` = 25  AND `to_uid` = 27 ) ) ORDER BY `id` ASC [ RunTime:0.001371s ]
[2026-08-19T09:06:19+08:00][sql] CONNECT:[ UseTime:0.016487s ] mysql:host=127.0.0.1;port=3306;dbname=auction;charset=utf8mb4
[2026-08-19T09:06:19+08:00][sql] SHOW FULL COLUMNS FROM `goods` [ RunTime:0.002380s ]
[2026-08-19T09:06:19+08:00][sql] SELECT `id` FROM `goods` WHERE  `status` = 1  AND `end_time` <= 1787101579 [ RunTime:0.001148s ]
[2026-08-19T09:06:19+08:00][sql] SHOW FULL COLUMNS FROM `user` [ RunTime:0.002063s ]
[2026-08-19T09:06:19+08:00][sql] SELECT * FROM `user` WHERE  `id` = 27 LIMIT 1 [ RunTime:0.001178s ]
[2026-08-19T09:06:19+08:00][sql] SHOW FULL COLUMNS FROM `setting` [ RunTime:0.001678s ]
[2026-08-19T09:06:19+08:00][sql] SELECT * FROM `setting` [ RunTime:0.001016s ]
[2026-08-19T09:06:19+08:00][sql] SHOW FULL COLUMNS FROM `message` [ RunTime:0.004355s ]
[2026-08-19T09:06:19+08:00][sql] INSERT INTO `message` SET `from_uid` = 27 , `to_uid` = 25 , `goods_id` = 33 , `content` = '还' , `is_read` = 0 , `create_time` = 1787101579 [ RunTime:0.002101s ]
[2026-08-19T09:06:21+08:00][sql] CONNECT:[ UseTime:0.015669s ] mysql:host=127.0.0.1;port=3306;dbname=auction;charset=utf8mb4
[2026-08-19T09:06:21+08:00][sql] SHOW FULL COLUMNS FROM `goods` [ RunTime:0.001995s ]
[2026-08-19T09:06:21+08:00][sql] SELECT `id` FROM `goods` WHERE  `status` = 1  AND `end_time` <= 1787101581 [ RunTime:0.001074s ]
[2026-08-19T09:06:21+08:00][sql] SHOW FULL COLUMNS FROM `user` [ RunTime:0.001968s ]
[2026-08-19T09:06:21+08:00][sql] SELECT * FROM `user` WHERE  `id` = 27 LIMIT 1 [ RunTime:0.001196s ]
[2026-08-19T09:06:21+08:00][sql] SHOW FULL COLUMNS FROM `setting` [ RunTime:0.001716s ]
[2026-08-19T09:06:21+08:00][sql] SELECT * FROM `setting` [ RunTime:0.001018s ]
[2026-08-19T09:06:21+08:00][sql] SHOW FULL COLUMNS FROM `message` [ RunTime:0.003121s ]
[2026-08-19T09:06:21+08:00][sql] SELECT * FROM `message` WHERE  `goods_id` = 33  AND `id` > 11  AND (  (  `from_uid` = 27  AND `to_uid` = 25 ) OR (  `from_uid` = 25  AND `to_uid` = 27 ) ) ORDER BY `id` ASC [ RunTime:0.000882s ]
[2026-08-19T09:06:24+08:00][sql] CONNECT:[ UseTime:0.002520s ] mysql:host=127.0.0.1;port=3306;dbname=auction;charset=utf8mb4
[2026-08-19T09:06:24+08:00][sql] SHOW FULL COLUMNS FROM `goods` [ RunTime:0.002834s ]
[2026-08-19T09:06:24+08:00][sql] SELECT `id` FROM `goods` WHERE  `status` = 1  AND `end_time` <= 1787101584 [ RunTime:0.001862s ]
[2026-08-19T09:06:24+08:00][sql] SHOW FULL COLUMNS FROM `user` [ RunTime:0.002477s ]
[2026-08-19T09:06:24+08:00][sql] SELECT * FROM `user` WHERE  `id` = 27 LIMIT 1 [ RunTime:0.000855s ]
[2026-08-19T09:06:24+08:00][sql] SHOW FULL COLUMNS FROM `setting` [ RunTime:0.001838s ]
[2026-08-19T09:06:24+08:00][sql] SELECT * FROM `setting` [ RunTime:0.000956s ]
[2026-08-19T09:06:24+08:00][sql] SHOW FULL COLUMNS FROM `message` [ RunTime:0.006014s ]
[2026-08-19T09:06:24+08:00][sql] SELECT * FROM `message` WHERE  `goods_id` = 33  AND `id` > 11  AND (  (  `from_uid` = 27  AND `to_uid` = 25 ) OR (  `from_uid` = 25  AND `to_uid` = 27 ) ) ORDER BY `id` ASC [ RunTime:0.000949s ]
[2026-08-19T09:06:25+08:00][sql] CONNECT:[ UseTime:0.023952s ] mysql:host=127.0.0.1;port=3306;dbname=auction;charset=utf8mb4
[2026-08-19T09:06:25+08:00][sql] SHOW FULL COLUMNS FROM `goods` [ RunTime:0.002468s ]
[2026-08-19T09:06:25+08:00][sql] SELECT `id` FROM `goods` WHERE  `status` = 1  AND `end_time` <= 1787101585 [ RunTime:0.001275s ]
[2026-08-19T09:06:25+08:00][sql] SHOW FULL COLUMNS FROM `user` [ RunTime:0.002073s ]
[2026-08-19T09:06:25+08:00][sql] SELECT * FROM `user` WHERE  `id` = 25 LIMIT 1 [ RunTime:0.001103s ]
[2026-08-19T09:06:25+08:00][sql] SHOW FULL COLUMNS FROM `setting` [ RunTime:0.001611s ]
[2026-08-19T09:06:25+08:00][sql] SELECT * FROM `setting` [ RunTime:0.001109s ]
[2026-08-19T09:06:25+08:00][sql] SHOW FULL COLUMNS FROM `bid_record` [ RunTime:0.002078s ]
[2026-08-19T09:06:25+08:00][sql] SELECT COUNT(*) AS think_count FROM `bid_record` WHERE  `user_id` = 25 [ RunTime:0.001190s ]
[2026-08-19T09:06:25+08:00][sql] SHOW FULL COLUMNS FROM `order` [ RunTime:0.002080s ]
[2026-08-19T09:06:25+08:00][sql] SELECT COUNT(*) AS think_count FROM `order` WHERE  `buyer_id` = 25  AND `pay_status` = 1 [ RunTime:0.001146s ]
[2026-08-19T09:06:25+08:00][sql] SELECT COUNT(*) AS think_count FROM `goods` WHERE  `seller_id` = 25  AND `status` = 2 [ RunTime:0.003557s ]
[2026-08-19T09:06:25+08:00][sql] SELECT COUNT(*) AS think_count FROM `goods` WHERE  `seller_id` = 25 [ RunTime:0.001184s ]
[2026-08-19T09:06:25+08:00][sql] SELECT COUNT(*) AS think_count FROM `order` WHERE  `buyer_id` = 25  AND `pay_status` = 0  AND `order_status` = 0 [ RunTime:0.001017s ]
[2026-08-19T09:06:25+08:00][sql] SELECT COUNT(*) AS think_count FROM `order` WHERE  `seller_id` = 25  AND `order_status` = 1 [ RunTime:0.001236s ]
[2026-08-19T09:06:25+08:00][sql] SELECT COUNT(*) AS think_count FROM `order` WHERE  `buyer_id` = 25  AND `order_status` = 0  AND `pay_status` = 0 [ RunTime:0.000656s ]
[2026-08-19T09:06:25+08:00][sql] SELECT COUNT(*) AS think_count FROM `order` WHERE  `buyer_id` = 25  AND `order_status` = 1 [ RunTime:0.000937s ]
[2026-08-19T09:06:25+08:00][sql] SELECT COUNT(*) AS think_count FROM `order` WHERE  `buyer_id` = 25  AND `order_status` = 2 [ RunTime:0.000976s ]
[2026-08-19T09:06:25+08:00][sql] SELECT COUNT(*) AS think_count FROM `order` WHERE  `buyer_id` = 25  AND `order_status` = 3 [ RunTime:0.000976s ]
[2026-08-19T09:06:25+08:00][sql] SELECT COUNT(*) AS think_count FROM `order` WHERE  `seller_id` = 25  AND `order_status` = 1 [ RunTime:0.000969s ]
[2026-08-19T09:06:25+08:00][sql] SHOW FULL COLUMNS FROM `goods_favorite` [ RunTime:0.001668s ]
[2026-08-19T09:06:25+08:00][sql] SELECT COUNT(*) AS think_count FROM `goods_favorite` WHERE  `user_id` = 25 [ RunTime:0.000910s ]
[2026-08-19T09:06:25+08:00][sql] SHOW FULL COLUMNS FROM `seller_follow` [ RunTime:0.001502s ]
[2026-08-19T09:06:25+08:00][sql] SELECT COUNT(*) AS think_count FROM `seller_follow` WHERE  `user_id` = 25 [ RunTime:0.000880s ]
[2026-08-19T09:06:25+08:00][sql] SHOW FULL COLUMNS FROM `browse_history` [ RunTime:0.001484s ]
[2026-08-19T09:06:25+08:00][sql] SELECT COUNT(*) AS think_count FROM `browse_history` WHERE  `user_id` = 25 [ RunTime:0.000884s ]
[2026-08-19T09:06:25+08:00][sql] SHOW FULL COLUMNS FROM `balance_log` [ RunTime:0.001619s ]
[2026-08-19T09:06:25+08:00][sql] SELECT * FROM `balance_log` WHERE  `user_id` = 25 ORDER BY `id` DESC LIMIT 5 [ RunTime:0.000923s ]
[2026-08-19T09:06:25+08:00][sql] SELECT `b`.*,`g`.`title`,`g`.`cover`,g.status as goods_status,`g`.`end_time` FROM `bid_record` `b` LEFT JOIN `goods` `g` ON `b`.`goods_id`=`g`.`id` WHERE  `b`.`user_id` = '25' ORDER BY `b`.`id` DESC LIMIT 5 [ RunTime:0.001138s ]
[2026-08-19T09:06:25+08:00][sql] SELECT `id`,`nickname`,`mobile`,`reg_time` FROM `user` WHERE  `pid` = 25 ORDER BY `id` DESC LIMIT 10 [ RunTime:0.001149s ]
[2026-08-19T09:06:27+08:00][sql] CONNECT:[ UseTime:0.004830s ] mysql:host=127.0.0.1;port=3306;dbname=auction;charset=utf8mb4
[2026-08-19T09:06:27+08:00][sql] SHOW FULL COLUMNS FROM `goods` [ RunTime:0.002214s ]
[2026-08-19T09:06:27+08:00][sql] SELECT `id` FROM `goods` WHERE  `status` = 1  AND `end_time` <= 1787101587 [ RunTime:0.000788s ]
[2026-08-19T09:06:27+08:00][sql] SHOW FULL COLUMNS FROM `user` [ RunTime:0.001682s ]
[2026-08-19T09:06:27+08:00][sql] SELECT * FROM `user` WHERE  `id` = 25 LIMIT 1 [ RunTime:0.000862s ]
[2026-08-19T09:06:27+08:00][sql] SHOW FULL COLUMNS FROM `setting` [ RunTime:0.001207s ]
[2026-08-19T09:06:27+08:00][sql] SELECT * FROM `setting` [ RunTime:0.000650s ]
[2026-08-19T09:06:27+08:00][sql] SHOW FULL COLUMNS FROM `message` [ RunTime:0.002576s ]
[2026-08-19T09:06:27+08:00][sql] SELECT `m`.*,u.nickname as other_name,u.avatar as other_avatar,u.shop_name as other_shop,g.title as goods_title FROM `message` `m` LEFT JOIN `user` `u` ON `m`.`to_uid`=`u`.`id` LEFT JOIN `goods` `g` ON `m`.`goods_id`=`g`.`id` WHERE  `m`.`from_uid` = '25' ORDER BY `m`.`id` DESC [ RunTime:0.000943s ]
[2026-08-19T09:06:27+08:00][sql] SELECT COUNT(*) AS think_count FROM `message` WHERE  `goods_id` = 28  AND `from_uid` = 20  AND `to_uid` = 25  AND `is_read` = 0 [ RunTime:0.000819s ]
[2026-08-19T09:06:27+08:00][sql] SELECT `m`.*,u.nickname as other_name,u.avatar as other_avatar,u.shop_name as other_shop,g.title as goods_title FROM `message` `m` LEFT JOIN `user` `u` ON `m`.`from_uid`=`u`.`id` LEFT JOIN `goods` `g` ON `m`.`goods_id`=`g`.`id` WHERE  `m`.`to_uid` = '25' ORDER BY `m`.`id` DESC [ RunTime:0.000625s ]
[2026-08-19T09:06:27+08:00][sql] SELECT COUNT(*) AS think_count FROM `message` WHERE  `goods_id` = 33  AND `from_uid` = 27  AND `to_uid` = 25  AND `is_read` = 0 [ RunTime:0.000537s ]
[2026-08-19T09:06:27+08:00][sql] SELECT COUNT(*) AS think_count FROM `message` WHERE  `goods_id` = 28  AND `from_uid` = 20  AND `to_uid` = 25  AND `is_read` = 0 [ RunTime:0.000603s ]
[2026-08-19T09:06:27+08:00][sql] CONNECT:[ UseTime:0.017486s ] mysql:host=127.0.0.1;port=3306;dbname=auction;charset=utf8mb4
[2026-08-19T09:06:27+08:00][sql] SHOW FULL COLUMNS FROM `goods` [ RunTime:0.002037s ]
[2026-08-19T09:06:27+08:00][sql] SELECT `id` FROM `goods` WHERE  `status` = 1  AND `end_time` <= 1787101587 [ RunTime:0.001057s ]
[2026-08-19T09:06:27+08:00][sql] SHOW FULL COLUMNS FROM `user` [ RunTime:0.001897s ]
[2026-08-19T09:06:27+08:00][sql] SELECT * FROM `user` WHERE  `id` = 27 LIMIT 1 [ RunTime:0.001010s ]
[2026-08-19T09:06:27+08:00][sql] SHOW FULL COLUMNS FROM `setting` [ RunTime:0.001534s ]
[2026-08-19T09:06:27+08:00][sql] SELECT * FROM `setting` [ RunTime:0.000838s ]
[2026-08-19T09:06:27+08:00][sql] SHOW FULL COLUMNS FROM `message` [ RunTime:0.003869s ]
[2026-08-19T09:06:27+08:00][sql] SELECT * FROM `message` WHERE  `goods_id` = 33  AND `id` > 11  AND (  (  `from_uid` = 27  AND `to_uid` = 25 ) OR (  `from_uid` = 25  AND `to_uid` = 27 ) ) ORDER BY `id` ASC [ RunTime:0.000799s ]
[2026-08-19T09:06:30+08:00][sql] CONNECT:[ UseTime:0.021259s ] mysql:host=127.0.0.1;port=3306;dbname=auction;charset=utf8mb4
[2026-08-19T09:06:30+08:00][sql] SHOW FULL COLUMNS FROM `goods` [ RunTime:0.001514s ]
[2026-08-19T09:06:30+08:00][sql] SELECT `id` FROM `goods` WHERE  `status` = 1  AND `end_time` <= 1787101590 [ RunTime:0.000830s ]
[2026-08-19T09:06:30+08:00][sql] SHOW FULL COLUMNS FROM `user` [ RunTime:0.001422s ]
[2026-08-19T09:06:30+08:00][sql] SELECT * FROM `user` WHERE  `id` = 27 LIMIT 1 [ RunTime:0.000846s ]
[2026-08-19T09:06:30+08:00][sql] SHOW FULL COLUMNS FROM `setting` [ RunTime:0.001199s ]
[2026-08-19T09:06:30+08:00][sql] SELECT * FROM `setting` [ RunTime:0.000652s ]
[2026-08-19T09:06:30+08:00][sql] SHOW FULL COLUMNS FROM `message` [ RunTime:0.002522s ]
[2026-08-19T09:06:30+08:00][sql] SELECT * FROM `message` WHERE  `goods_id` = 33  AND `id` > 11  AND (  (  `from_uid` = 27  AND `to_uid` = 25 ) OR (  `from_uid` = 25  AND `to_uid` = 27 ) ) ORDER BY `id` ASC [ RunTime:0.000797s ]
[2026-08-19T09:06:32+08:00][sql] CONNECT:[ UseTime:0.022077s ] mysql:host=127.0.0.1;port=3306;dbname=auction;charset=utf8mb4
[2026-08-19T09:06:32+08:00][sql] SHOW FULL COLUMNS FROM `goods` [ RunTime:0.002172s ]
[2026-08-19T09:06:32+08:00][sql] SELECT `id` FROM `goods` WHERE  `status` = 1  AND `end_time` <= 1787101592 [ RunTime:0.000997s ]
[2026-08-19T09:06:32+08:00][sql] SHOW FULL COLUMNS FROM `user` [ RunTime:0.001859s ]
[2026-08-19T09:06:32+08:00][sql] SELECT * FROM `user` WHERE  `id` = 25 LIMIT 1 [ RunTime:0.001031s ]
[2026-08-19T09:06:32+08:00][sql] SHOW FULL COLUMNS FROM `setting` [ RunTime:0.001537s ]
[2026-08-19T09:06:32+08:00][sql] SELECT * FROM `setting` [ RunTime:0.000824s ]
[2026-08-19T09:06:32+08:00][sql] SHOW FULL COLUMNS FROM `message` [ RunTime:0.003763s ]
[2026-08-19T09:06:32+08:00][sql] SELECT `m`.*,u.nickname as other_name,u.avatar as other_avatar,u.shop_name as other_shop,g.title as goods_title FROM `message` `m` LEFT JOIN `user` `u` ON `m`.`to_uid`=`u`.`id` LEFT JOIN `goods` `g` ON `m`.`goods_id`=`g`.`id` WHERE  `m`.`from_uid` = '25' ORDER BY `m`.`id` DESC [ RunTime:0.000818s ]
[2026-08-19T09:06:32+08:00][sql] SELECT COUNT(*) AS think_count FROM `message` WHERE  `goods_id` = 28  AND `from_uid` = 20  AND `to_uid` = 25  AND `is_read` = 0 [ RunTime:0.000605s ]
[2026-08-19T09:06:32+08:00][sql] SELECT `m`.*,u.nickname as other_name,u.avatar as other_avatar,u.shop_name as other_shop,g.title as goods_title FROM `message` `m` LEFT JOIN `user` `u` ON `m`.`from_uid`=`u`.`id` LEFT JOIN `goods` `g` ON `m`.`goods_id`=`g`.`id` WHERE  `m`.`to_uid` = '25' ORDER BY `m`.`id` DESC [ RunTime:0.001123s ]
[2026-08-19T09:06:32+08:00][sql] SELECT COUNT(*) AS think_count FROM `message` WHERE  `goods_id` = 33  AND `from_uid` = 27  AND `to_uid` = 25  AND `is_read` = 0 [ RunTime:0.000955s ]
[2026-08-19T09:06:32+08:00][sql] SELECT COUNT(*) AS think_count FROM `message` WHERE  `goods_id` = 28  AND `from_uid` = 20  AND `to_uid` = 25  AND `is_read` = 0 [ RunTime:0.000896s ]
[2026-08-19T09:06:33+08:00][sql] CONNECT:[ UseTime:0.001736s ] mysql:host=127.0.0.1;port=3306;dbname=auction;charset=utf8mb4
[2026-08-19T09:06:33+08:00][sql] SHOW FULL COLUMNS FROM `goods` [ RunTime:0.001216s ]
[2026-08-19T09:06:33+08:00][sql] SELECT `id` FROM `goods` WHERE  `status` = 1  AND `end_time` <= 1787101593 [ RunTime:0.000653s ]
[2026-08-19T09:06:33+08:00][sql] SHOW FULL COLUMNS FROM `user` [ RunTime:0.001252s ]
[2026-08-19T09:06:33+08:00][sql] SELECT * FROM `user` WHERE  `id` = 27 LIMIT 1 [ RunTime:0.000947s ]
[2026-08-19T09:06:33+08:00][sql] SHOW FULL COLUMNS FROM `setting` [ RunTime:0.001333s ]
[2026-08-19T09:06:33+08:00][sql] SELECT * FROM `setting` [ RunTime:0.000558s ]
[2026-08-19T09:06:33+08:00][sql] SHOW FULL COLUMNS FROM `message` [ RunTime:0.002635s ]
[2026-08-19T09:06:33+08:00][sql] SELECT * FROM `message` WHERE  `goods_id` = 33  AND `id` > 11  AND (  (  `from_uid` = 27  AND `to_uid` = 25 ) OR (  `from_uid` = 25  AND `to_uid` = 27 ) ) ORDER BY `id` ASC [ RunTime:0.000866s ]
[2026-08-19T09:06:33+08:00][sql] CONNECT:[ UseTime:0.002247s ] mysql:host=127.0.0.1;port=3306;dbname=auction;charset=utf8mb4
[2026-08-19T09:06:33+08:00][sql] SHOW FULL COLUMNS FROM `goods` [ RunTime:0.001377s ]
[2026-08-19T09:06:33+08:00][sql] SELECT `id` FROM `goods` WHERE  `status` = 1  AND `end_time` <= 1787101593 [ RunTime:0.000718s ]
[2026-08-19T09:06:33+08:00][sql] SHOW FULL COLUMNS FROM `user` [ RunTime:0.001278s ]
[2026-08-19T09:06:33+08:00][sql] SELECT * FROM `user` WHERE  `id` = 25 LIMIT 1 [ RunTime:0.000744s ]
[2026-08-19T09:06:33+08:00][sql] SHOW FULL COLUMNS FROM `setting` [ RunTime:0.001060s ]
[2026-08-19T09:06:33+08:00][sql] SELECT * FROM `setting` [ RunTime:0.000536s ]
[2026-08-19T09:06:33+08:00][sql] SELECT * FROM `goods` WHERE  `id` = 28  AND `status` = 1 LIMIT 1 [ RunTime:0.000702s ]
[2026-08-19T09:06:33+08:00][sql] SELECT * FROM `user` WHERE  `id` = 20 LIMIT 1 [ RunTime:0.000627s ]
[2026-08-19T09:06:33+08:00][sql] SHOW FULL COLUMNS FROM `message` [ RunTime:0.002626s ]
[2026-08-19T09:06:33+08:00][sql] SELECT * FROM `message` WHERE  `goods_id` = 28  AND (  (  `from_uid` = 25  AND `to_uid` = 20 ) OR (  `from_uid` = 20  AND `to_uid` = 25 ) ) ORDER BY `id` ASC [ RunTime:0.001322s ]
[2026-08-19T09:06:33+08:00][sql] UPDATE `message`  SET `is_read` = 1  WHERE  `goods_id` = 28  AND `from_uid` = 20  AND `to_uid` = 25  AND `is_read` = 0 [ RunTime:0.000555s ]
[2026-08-19T09:06:36+08:00][sql] CONNECT:[ UseTime:0.004954s ] mysql:host=127.0.0.1;port=3306;dbname=auction;charset=utf8mb4
[2026-08-19T09:06:36+08:00][sql] SHOW FULL COLUMNS FROM `goods` [ RunTime:0.001761s ]
[2026-08-19T09:06:36+08:00][sql] SELECT `id` FROM `goods` WHERE  `status` = 1  AND `end_time` <= 1787101596 [ RunTime:0.000895s ]
[2026-08-19T09:06:36+08:00][sql] SHOW FULL COLUMNS FROM `user` [ RunTime:0.001453s ]
[2026-08-19T09:06:36+08:00][sql] SELECT * FROM `user` WHERE  `id` = 25 LIMIT 1 [ RunTime:0.000730s ]
[2026-08-19T09:06:36+08:00][sql] SHOW FULL COLUMNS FROM `setting` [ RunTime:0.001101s ]
[2026-08-19T09:06:36+08:00][sql] SELECT * FROM `setting` [ RunTime:0.000671s ]
[2026-08-19T09:06:36+08:00][sql] SHOW FULL COLUMNS FROM `message` [ RunTime:0.002638s ]
[2026-08-19T09:06:36+08:00][sql] SELECT `m`.*,u.nickname as other_name,u.avatar as other_avatar,u.shop_name as other_shop,g.title as goods_title FROM `message` `m` LEFT JOIN `user` `u` ON `m`.`to_uid`=`u`.`id` LEFT JOIN `goods` `g` ON `m`.`goods_id`=`g`.`id` WHERE  `m`.`from_uid` = '25' ORDER BY `m`.`id` DESC [ RunTime:0.000827s ]
[2026-08-19T09:06:36+08:00][sql] SELECT COUNT(*) AS think_count FROM `message` WHERE  `goods_id` = 28  AND `from_uid` = 20  AND `to_uid` = 25  AND `is_read` = 0 [ RunTime:0.000678s ]
[2026-08-19T09:06:36+08:00][sql] SELECT `m`.*,u.nickname as other_name,u.avatar as other_avatar,u.shop_name as other_shop,g.title as goods_title FROM `message` `m` LEFT JOIN `user` `u` ON `m`.`from_uid`=`u`.`id` LEFT JOIN `goods` `g` ON `m`.`goods_id`=`g`.`id` WHERE  `m`.`to_uid` = '25' ORDER BY `m`.`id` DESC [ RunTime:0.000722s ]
[2026-08-19T09:06:36+08:00][sql] SELECT COUNT(*) AS think_count FROM `message` WHERE  `goods_id` = 33  AND `from_uid` = 27  AND `to_uid` = 25  AND `is_read` = 0 [ RunTime:0.000638s ]
[2026-08-19T09:06:36+08:00][sql] SELECT COUNT(*) AS think_count FROM `message` WHERE  `goods_id` = 28  AND `from_uid` = 20  AND `to_uid` = 25  AND `is_read` = 0 [ RunTime:0.000577s ]
[2026-08-19T09:06:36+08:00][sql] CONNECT:[ UseTime:0.002018s ] mysql:host=127.0.0.1;port=3306;dbname=auction;charset=utf8mb4
[2026-08-19T09:06:36+08:00][sql] SHOW FULL COLUMNS FROM `goods` [ RunTime:0.001443s ]
[2026-08-19T09:06:36+08:00][sql] SELECT `id` FROM `goods` WHERE  `status` = 1  AND `end_time` <= 1787101596 [ RunTime:0.000813s ]
[2026-08-19T09:06:36+08:00][sql] SHOW FULL COLUMNS FROM `user` [ RunTime:0.001710s ]
[2026-08-19T09:06:36+08:00][sql] SELECT * FROM `user` WHERE  `id` = 27 LIMIT 1 [ RunTime:0.001031s ]
[2026-08-19T09:06:36+08:00][sql] SHOW FULL COLUMNS FROM `setting` [ RunTime:0.001612s ]
[2026-08-19T09:06:36+08:00][sql] SELECT * FROM `setting` [ RunTime:0.000668s ]
[2026-08-19T09:06:36+08:00][sql] SHOW FULL COLUMNS FROM `message` [ RunTime:0.004081s ]
[2026-08-19T09:06:36+08:00][sql] SELECT * FROM `message` WHERE  `goods_id` = 33  AND `id` > 11  AND (  (  `from_uid` = 27  AND `to_uid` = 25 ) OR (  `from_uid` = 25  AND `to_uid` = 27 ) ) ORDER BY `id` ASC [ RunTime:0.001249s ]
[2026-08-19T09:06:39+08:00][sql] CONNECT:[ UseTime:0.010340s ] mysql:host=127.0.0.1;port=3306;dbname=auction;charset=utf8mb4
[2026-08-19T09:06:39+08:00][sql] SHOW FULL COLUMNS FROM `goods` [ RunTime:0.002157s ]
[2026-08-19T09:06:39+08:00][sql] SELECT `id` FROM `goods` WHERE  `status` = 1  AND `end_time` <= 1787101599 [ RunTime:0.001025s ]
[2026-08-19T09:06:39+08:00][sql] SHOW FULL COLUMNS FROM `user` [ RunTime:0.002119s ]
[2026-08-19T09:06:39+08:00][sql] SELECT * FROM `user` WHERE  `id` = 27 LIMIT 1 [ RunTime:0.004489s ]
[2026-08-19T09:06:39+08:00][sql] SHOW FULL COLUMNS FROM `setting` [ RunTime:0.001828s ]
[2026-08-19T09:06:39+08:00][sql] SELECT * FROM `setting` [ RunTime:0.001051s ]
[2026-08-19T09:06:39+08:00][sql] SHOW FULL COLUMNS FROM `message` [ RunTime:0.003031s ]
[2026-08-19T09:06:39+08:00][sql] SELECT * FROM `message` WHERE  `goods_id` = 33  AND `id` > 11  AND (  (  `from_uid` = 27  AND `to_uid` = 25 ) OR (  `from_uid` = 25  AND `to_uid` = 27 ) ) ORDER BY `id` ASC [ RunTime:0.000989s ]
[2026-08-19T09:06:42+08:00][sql] CONNECT:[ UseTime:0.011462s ] mysql:host=127.0.0.1;port=3306;dbname=auction;charset=utf8mb4
[2026-08-19T09:06:42+08:00][sql] SHOW FULL COLUMNS FROM `goods` [ RunTime:0.001685s ]
[2026-08-19T09:06:42+08:00][sql] SELECT `id` FROM `goods` WHERE  `status` = 1  AND `end_time` <= 1787101602 [ RunTime:0.000990s ]
[2026-08-19T09:06:42+08:00][sql] SHOW FULL COLUMNS FROM `user` [ RunTime:0.001611s ]
[2026-08-19T09:06:42+08:00][sql] SELECT * FROM `user` WHERE  `id` = 25 LIMIT 1 [ RunTime:0.001023s ]
[2026-08-19T09:06:42+08:00][sql] SHOW FULL COLUMNS FROM `setting` [ RunTime:0.001427s ]
[2026-08-19T09:06:42+08:00][sql] SELECT * FROM `setting` [ RunTime:0.000781s ]
[2026-08-19T09:06:42+08:00][sql] SELECT * FROM `goods` WHERE  `id` = 33  AND `status` = 1 LIMIT 1 [ RunTime:0.001280s ]
[2026-08-19T09:06:42+08:00][sql] SELECT * FROM `user` WHERE  `id` = 27 LIMIT 1 [ RunTime:0.000742s ]
[2026-08-19T09:06:42+08:00][sql] SHOW FULL COLUMNS FROM `message` [ RunTime:0.001079s ]
[2026-08-19T09:06:42+08:00][sql] SELECT * FROM `message` WHERE  `goods_id` = 33  AND (  (  `from_uid` = 25  AND `to_uid` = 27 ) OR (  `from_uid` = 27  AND `to_uid` = 25 ) ) ORDER BY `id` ASC [ RunTime:0.000974s ]
[2026-08-19T09:06:42+08:00][sql] UPDATE `message`  SET `is_read` = 1  WHERE  `goods_id` = 33  AND `from_uid` = 27  AND `to_uid` = 25  AND `is_read` = 0 [ RunTime:0.002007s ]
[2026-08-19T09:06:42+08:00][sql] CONNECT:[ UseTime:0.017901s ] mysql:host=127.0.0.1;port=3306;dbname=auction;charset=utf8mb4
[2026-08-19T09:06:42+08:00][sql] SHOW FULL COLUMNS FROM `goods` [ RunTime:0.001942s ]
[2026-08-19T09:06:42+08:00][sql] SELECT `id` FROM `goods` WHERE  `status` = 1  AND `end_time` <= 1787101602 [ RunTime:0.001057s ]
[2026-08-19T09:06:42+08:00][sql] SHOW FULL COLUMNS FROM `user` [ RunTime:0.001699s ]
[2026-08-19T09:06:42+08:00][sql] SELECT * FROM `user` WHERE  `id` = 27 LIMIT 1 [ RunTime:0.000960s ]
[2026-08-19T09:06:42+08:00][sql] SHOW FULL COLUMNS FROM `setting` [ RunTime:0.001627s ]
[2026-08-19T09:06:42+08:00][sql] SELECT * FROM `setting` [ RunTime:0.000803s ]
[2026-08-19T09:06:42+08:00][sql] SHOW FULL COLUMNS FROM `message` [ RunTime:0.001598s ]
[2026-08-19T09:06:42+08:00][sql] SELECT * FROM `message` WHERE  `goods_id` = 33  AND `id` > 11  AND (  (  `from_uid` = 27  AND `to_uid` = 25 ) OR (  `from_uid` = 25  AND `to_uid` = 27 ) ) ORDER BY `id` ASC [ RunTime:0.001134s ]
[2026-08-19T09:06:45+08:00][sql] CONNECT:[ UseTime:0.015758s ] mysql:host=127.0.0.1;port=3306;dbname=auction;charset=utf8mb4
[2026-08-19T09:06:45+08:00][sql] SHOW FULL COLUMNS FROM `goods` [ RunTime:0.000990s ]
[2026-08-19T09:06:45+08:00][sql] SELECT `id` FROM `goods` WHERE  `status` = 1  AND `end_time` <= 1787101605 [ RunTime:0.000618s ]
[2026-08-19T09:06:45+08:00][sql] SHOW FULL COLUMNS FROM `user` [ RunTime:0.001442s ]
[2026-08-19T09:06:45+08:00][sql] SELECT * FROM `user` WHERE  `id` = 25 LIMIT 1 [ RunTime:0.000839s ]
[2026-08-19T09:06:45+08:00][sql] SHOW FULL COLUMNS FROM `setting` [ RunTime:0.001354s ]
[2026-08-19T09:06:45+08:00][sql] SELECT * FROM `setting` [ RunTime:0.000566s ]
[2026-08-19T09:06:45+08:00][sql] SHOW FULL COLUMNS FROM `message` [ RunTime:0.001567s ]
[2026-08-19T09:06:45+08:00][sql] SELECT * FROM `message` WHERE  `goods_id` = 33  AND `id` > 11  AND (  (  `from_uid` = 25  AND `to_uid` = 27 ) OR (  `from_uid` = 27  AND `to_uid` = 25 ) ) ORDER BY `id` ASC [ RunTime:0.001026s ]
[2026-08-19T09:06:45+08:00][sql] CONNECT:[ UseTime:0.012369s ] mysql:host=127.0.0.1;port=3306;dbname=auction;charset=utf8mb4
[2026-08-19T09:06:45+08:00][sql] SHOW FULL COLUMNS FROM `goods` [ RunTime:0.002100s ]
[2026-08-19T09:06:45+08:00][sql] SELECT `id` FROM `goods` WHERE  `status` = 1  AND `end_time` <= 1787101605 [ RunTime:0.001051s ]
[2026-08-19T09:06:45+08:00][sql] SHOW FULL COLUMNS FROM `user` [ RunTime:0.001826s ]
[2026-08-19T09:06:45+08:00][sql] SELECT * FROM `user` WHERE  `id` = 27 LIMIT 1 [ RunTime:0.001052s ]
[2026-08-19T09:06:45+08:00][sql] SHOW FULL COLUMNS FROM `setting` [ RunTime:0.001601s ]
[2026-08-19T09:06:45+08:00][sql] SELECT * FROM `setting` [ RunTime:0.000926s ]
[2026-08-19T09:06:45+08:00][sql] SHOW FULL COLUMNS FROM `message` [ RunTime:0.001888s ]
[2026-08-19T09:06:45+08:00][sql] SELECT * FROM `message` WHERE  `goods_id` = 33  AND `id` > 11  AND (  (  `from_uid` = 27  AND `to_uid` = 25 ) OR (  `from_uid` = 25  AND `to_uid` = 27 ) ) ORDER BY `id` ASC [ RunTime:0.001195s ]
[2026-08-19T09:06:47+08:00][sql] CONNECT:[ UseTime:0.014465s ] mysql:host=127.0.0.1;port=3306;dbname=auction;charset=utf8mb4
[2026-08-19T09:06:47+08:00][sql] SHOW FULL COLUMNS FROM `goods` [ RunTime:0.001447s ]
[2026-08-19T09:06:47+08:00][sql] SELECT `id` FROM `goods` WHERE  `status` = 1  AND `end_time` <= 1787101607 [ RunTime:0.000806s ]
[2026-08-19T09:06:47+08:00][sql] SHOW FULL COLUMNS FROM `user` [ RunTime:0.001453s ]
[2026-08-19T09:06:47+08:00][sql] SELECT * FROM `user` WHERE  `id` = 25 LIMIT 1 [ RunTime:0.000819s ]
[2026-08-19T09:06:47+08:00][sql] SHOW FULL COLUMNS FROM `setting` [ RunTime:0.001108s ]
[2026-08-19T09:06:47+08:00][sql] SELECT * FROM `setting` [ RunTime:0.000610s ]
[2026-08-19T09:06:47+08:00][sql] SHOW FULL COLUMNS FROM `message` [ RunTime:0.001162s ]
[2026-08-19T09:06:47+08:00][sql] SELECT `m`.*,u.nickname as other_name,u.avatar as other_avatar,u.shop_name as other_shop,g.title as goods_title FROM `message` `m` LEFT JOIN `user` `u` ON `m`.`to_uid`=`u`.`id` LEFT JOIN `goods` `g` ON `m`.`goods_id`=`g`.`id` WHERE  `m`.`from_uid` = '25' ORDER BY `m`.`id` DESC [ RunTime:0.000969s ]
[2026-08-19T09:06:47+08:00][sql] SELECT COUNT(*) AS think_count FROM `message` WHERE  `goods_id` = 28  AND `from_uid` = 20  AND `to_uid` = 25  AND `is_read` = 0 [ RunTime:0.001152s ]
[2026-08-19T09:06:47+08:00][sql] SELECT `m`.*,u.nickname as other_name,u.avatar as other_avatar,u.shop_name as other_shop,g.title as goods_title FROM `message` `m` LEFT JOIN `user` `u` ON `m`.`from_uid`=`u`.`id` LEFT JOIN `goods` `g` ON `m`.`goods_id`=`g`.`id` WHERE  `m`.`to_uid` = '25' ORDER BY `m`.`id` DESC [ RunTime:0.000832s ]
[2026-08-19T09:06:47+08:00][sql] SELECT COUNT(*) AS think_count FROM `message` WHERE  `goods_id` = 33  AND `from_uid` = 27  AND `to_uid` = 25  AND `is_read` = 0 [ RunTime:0.000500s ]
[2026-08-19T09:06:47+08:00][sql] SELECT COUNT(*) AS think_count FROM `message` WHERE  `goods_id` = 28  AND `from_uid` = 20  AND `to_uid` = 25  AND `is_read` = 0 [ RunTime:0.000553s ]
[2026-08-19T09:06:48+08:00][sql] CONNECT:[ UseTime:0.026012s ] mysql:host=127.0.0.1;port=3306;dbname=auction;charset=utf8mb4
[2026-08-19T09:06:48+08:00][sql] SHOW FULL COLUMNS FROM `goods` [ RunTime:0.002348s ]
[2026-08-19T09:06:48+08:00][sql] SELECT `id` FROM `goods` WHERE  `status` = 1  AND `end_time` <= 1787101608 [ RunTime:0.001330s ]
[2026-08-19T09:06:48+08:00][sql] SHOW FULL COLUMNS FROM `user` [ RunTime:0.002240s ]
[2026-08-19T09:06:48+08:00][sql] SELECT * FROM `user` WHERE  `id` = 25 LIMIT 1 [ RunTime:0.001182s ]
[2026-08-19T09:06:48+08:00][sql] SHOW FULL COLUMNS FROM `setting` [ RunTime:0.001729s ]
[2026-08-19T09:06:48+08:00][sql] SELECT * FROM `setting` [ RunTime:0.000989s ]
[2026-08-19T09:06:48+08:00][sql] SHOW FULL COLUMNS FROM `message` [ RunTime:0.002112s ]
[2026-08-19T09:06:48+08:00][sql] SELECT `m`.*,u.nickname as other_name,u.avatar as other_avatar,u.shop_name as other_shop,g.title as goods_title FROM `message` `m` LEFT JOIN `user` `u` ON `m`.`to_uid`=`u`.`id` LEFT JOIN `goods` `g` ON `m`.`goods_id`=`g`.`id` WHERE  `m`.`from_uid` = '25' ORDER BY `m`.`id` DESC [ RunTime:0.001334s ]
[2026-08-19T09:06:48+08:00][sql] SELECT COUNT(*) AS think_count FROM `message` WHERE  `goods_id` = 28  AND `from_uid` = 20  AND `to_uid` = 25  AND `is_read` = 0 [ RunTime:0.001143s ]
[2026-08-19T09:06:48+08:00][sql] SELECT `m`.*,u.nickname as other_name,u.avatar as other_avatar,u.shop_name as other_shop,g.title as goods_title FROM `message` `m` LEFT JOIN `user` `u` ON `m`.`from_uid`=`u`.`id` LEFT JOIN `goods` `g` ON `m`.`goods_id`=`g`.`id` WHERE  `m`.`to_uid` = '25' ORDER BY `m`.`id` DESC [ RunTime:0.001279s ]
[2026-08-19T09:06:48+08:00][sql] SELECT COUNT(*) AS think_count FROM `message` WHERE  `goods_id` = 33  AND `from_uid` = 27  AND `to_uid` = 25  AND `is_read` = 0 [ RunTime:0.001111s ]
[2026-08-19T09:06:48+08:00][sql] SELECT COUNT(*) AS think_count FROM `message` WHERE  `goods_id` = 28  AND `from_uid` = 20  AND `to_uid` = 25  AND `is_read` = 0 [ RunTime:0.001179s ]
[2026-08-19T09:06:48+08:00][sql] CONNECT:[ UseTime:0.002113s ] mysql:host=127.0.0.1;port=3306;dbname=auction;charset=utf8mb4
[2026-08-19T09:06:48+08:00][sql] SHOW FULL COLUMNS FROM `goods` [ RunTime:0.001283s ]
[2026-08-19T09:06:48+08:00][sql] SELECT `id` FROM `goods` WHERE  `status` = 1  AND `end_time` <= 1787101608 [ RunTime:0.000944s ]
[2026-08-19T09:06:48+08:00][sql] SHOW FULL COLUMNS FROM `user` [ RunTime:0.001512s ]
[2026-08-19T09:06:48+08:00][sql] SELECT * FROM `user` WHERE  `id` = 27 LIMIT 1 [ RunTime:0.000751s ]
[2026-08-19T09:06:48+08:00][sql] SHOW FULL COLUMNS FROM `setting` [ RunTime:0.000942s ]
[2026-08-19T09:06:48+08:00][sql] SELECT * FROM `setting` [ RunTime:0.000686s ]
[2026-08-19T09:06:48+08:00][sql] SHOW FULL COLUMNS FROM `message` [ RunTime:0.003412s ]
[2026-08-19T09:06:48+08:00][sql] SELECT * FROM `message` WHERE  `goods_id` = 33  AND `id` > 11  AND (  (  `from_uid` = 27  AND `to_uid` = 25 ) OR (  `from_uid` = 25  AND `to_uid` = 27 ) ) ORDER BY `id` ASC [ RunTime:0.000828s ]
[2026-08-19T09:06:49+08:00][sql] CONNECT:[ UseTime:0.010262s ] mysql:host=127.0.0.1;port=3306;dbname=auction;charset=utf8mb4
[2026-08-19T09:06:49+08:00][sql] SHOW FULL COLUMNS FROM `goods` [ RunTime:0.001665s ]
[2026-08-19T09:06:49+08:00][sql] SELECT `id` FROM `goods` WHERE  `status` = 1  AND `end_time` <= 1787101609 [ RunTime:0.000827s ]
[2026-08-19T09:06:49+08:00][sql] SHOW FULL COLUMNS FROM `user` [ RunTime:0.001478s ]
[2026-08-19T09:06:49+08:00][sql] SELECT * FROM `user` WHERE  `id` = 25 LIMIT 1 [ RunTime:0.000751s ]
[2026-08-19T09:06:49+08:00][sql] SHOW FULL COLUMNS FROM `setting` [ RunTime:0.001042s ]
[2026-08-19T09:06:49+08:00][sql] SELECT * FROM `setting` [ RunTime:0.000585s ]
[2026-08-19T09:06:49+08:00][sql] SELECT * FROM `goods` WHERE  `id` = 33  AND `status` = 1 LIMIT 1 [ RunTime:0.000910s ]
[2026-08-19T09:06:49+08:00][sql] SELECT * FROM `user` WHERE  `id` = 27 LIMIT 1 [ RunTime:0.000691s ]
[2026-08-19T09:06:49+08:00][sql] SHOW FULL COLUMNS FROM `message` [ RunTime:0.001237s ]
[2026-08-19T09:06:49+08:00][sql] SELECT * FROM `message` WHERE  `goods_id` = 33  AND (  (  `from_uid` = 25  AND `to_uid` = 27 ) OR (  `from_uid` = 27  AND `to_uid` = 25 ) ) ORDER BY `id` ASC [ RunTime:0.000867s ]
[2026-08-19T09:06:49+08:00][sql] UPDATE `message`  SET `is_read` = 1  WHERE  `goods_id` = 33  AND `from_uid` = 27  AND `to_uid` = 25  AND `is_read` = 0 [ RunTime:0.000763s ]
[2026-08-19T09:06:51+08:00][sql] CONNECT:[ UseTime:0.001642s ] mysql:host=127.0.0.1;port=3306;dbname=auction;charset=utf8mb4
[2026-08-19T09:06:51+08:00][sql] SHOW FULL COLUMNS FROM `goods` [ RunTime:0.001447s ]
[2026-08-19T09:06:51+08:00][sql] SELECT `id` FROM `goods` WHERE  `status` = 1  AND `end_time` <= 1787101611 [ RunTime:0.000717s ]
[2026-08-19T09:06:51+08:00][sql] SHOW FULL COLUMNS FROM `user` [ RunTime:0.001283s ]
[2026-08-19T09:06:51+08:00][sql] SELECT * FROM `user` WHERE  `id` = 25 LIMIT 1 [ RunTime:0.000708s ]
[2026-08-19T09:06:51+08:00][sql] SHOW FULL COLUMNS FROM `setting` [ RunTime:0.001010s ]
[2026-08-19T09:06:51+08:00][sql] SELECT * FROM `setting` [ RunTime:0.000541s ]
[2026-08-19T09:06:51+08:00][sql] SHOW FULL COLUMNS FROM `message` [ RunTime:0.001215s ]
[2026-08-19T09:06:51+08:00][sql] INSERT INTO `message` SET `from_uid` = 25 , `to_uid` = 27 , `goods_id` = 33 , `content` = '111' , `is_read` = 0 , `create_time` = 1787101611 [ RunTime:0.004502s ]
[2026-08-19T09:06:51+08:00][sql] CONNECT:[ UseTime:0.007047s ] mysql:host=127.0.0.1;port=3306;dbname=auction;charset=utf8mb4
[2026-08-19T09:06:51+08:00][sql] SHOW FULL COLUMNS FROM `goods` [ RunTime:0.002037s ]
[2026-08-19T09:06:51+08:00][sql] SELECT `id` FROM `goods` WHERE  `status` = 1  AND `end_time` <= 1787101611 [ RunTime:0.000678s ]
[2026-08-19T09:06:51+08:00][sql] SHOW FULL COLUMNS FROM `user` [ RunTime:0.001058s ]
[2026-08-19T09:06:51+08:00][sql] SELECT * FROM `user` WHERE  `id` = 27 LIMIT 1 [ RunTime:0.000727s ]
[2026-08-19T09:06:51+08:00][sql] SHOW FULL COLUMNS FROM `setting` [ RunTime:0.001492s ]
[2026-08-19T09:06:51+08:00][sql] SELECT * FROM `setting` [ RunTime:0.000787s ]
[2026-08-19T09:06:51+08:00][sql] SHOW FULL COLUMNS FROM `message` [ RunTime:0.001452s ]
[2026-08-19T09:06:51+08:00][sql] SELECT * FROM `message` WHERE  `goods_id` = 33  AND `id` > 11  AND (  (  `from_uid` = 27  AND `to_uid` = 25 ) OR (  `from_uid` = 25  AND `to_uid` = 27 ) ) ORDER BY `id` ASC [ RunTime:0.000975s ]
[2026-08-19T09:06:51+08:00][sql] UPDATE `message`  SET `is_read` = 1  WHERE  `id` = 12 [ RunTime:0.002088s ]
[2026-08-19T09:06:52+08:00][sql] CONNECT:[ UseTime:0.002358s ] mysql:host=127.0.0.1;port=3306;dbname=auction;charset=utf8mb4
[2026-08-19T09:06:52+08:00][sql] SHOW FULL COLUMNS FROM `goods` [ RunTime:0.001648s ]
[2026-08-19T09:06:52+08:00][sql] SELECT `id` FROM `goods` WHERE  `status` = 1  AND `end_time` <= 1787101612 [ RunTime:0.000911s ]
[2026-08-19T09:06:52+08:00][sql] SHOW FULL COLUMNS FROM `user` [ RunTime:0.001601s ]
[2026-08-19T09:06:52+08:00][sql] SELECT * FROM `user` WHERE  `id` = 25 LIMIT 1 [ RunTime:0.001091s ]
[2026-08-19T09:06:52+08:00][sql] SHOW FULL COLUMNS FROM `setting` [ RunTime:0.001448s ]
[2026-08-19T09:06:52+08:00][sql] SELECT * FROM `setting` [ RunTime:0.000908s ]
[2026-08-19T09:06:52+08:00][sql] SHOW FULL COLUMNS FROM `message` [ RunTime:0.001457s ]
[2026-08-19T09:06:52+08:00][sql] SELECT * FROM `message` WHERE  `goods_id` = 33  AND `id` > 12  AND (  (  `from_uid` = 25  AND `to_uid` = 27 ) OR (  `from_uid` = 27  AND `to_uid` = 25 ) ) ORDER BY `id` ASC [ RunTime:0.000836s ]
[2026-08-19T09:06:54+08:00][sql] CONNECT:[ UseTime:0.025312s ] mysql:host=127.0.0.1;port=3306;dbname=auction;charset=utf8mb4
[2026-08-19T09:06:54+08:00][sql] SHOW FULL COLUMNS FROM `goods` [ RunTime:0.001809s ]
[2026-08-19T09:06:54+08:00][sql] SELECT `id` FROM `goods` WHERE  `status` = 1  AND `end_time` <= 1787101614 [ RunTime:0.000817s ]
[2026-08-19T09:06:54+08:00][sql] SHOW FULL COLUMNS FROM `user` [ RunTime:0.001571s ]
[2026-08-19T09:06:54+08:00][sql] SELECT * FROM `user` WHERE  `id` = 27 LIMIT 1 [ RunTime:0.000955s ]
[2026-08-19T09:06:54+08:00][sql] SHOW FULL COLUMNS FROM `setting` [ RunTime:0.001310s ]
[2026-08-19T09:06:54+08:00][sql] SELECT * FROM `setting` [ RunTime:0.000778s ]
[2026-08-19T09:06:54+08:00][sql] SHOW FULL COLUMNS FROM `message` [ RunTime:0.001753s ]
[2026-08-19T09:06:54+08:00][sql] SELECT * FROM `message` WHERE  `goods_id` = 33  AND `id` > 12  AND (  (  `from_uid` = 27  AND `to_uid` = 25 ) OR (  `from_uid` = 25  AND `to_uid` = 27 ) ) ORDER BY `id` ASC [ RunTime:0.001065s ]
[2026-08-19T09:07:00+08:00][sql] CONNECT:[ UseTime:0.003050s ] mysql:host=127.0.0.1;port=3306;dbname=auction;charset=utf8mb4
[2026-08-19T09:07:00+08:00][sql] SHOW FULL COLUMNS FROM `goods` [ RunTime:0.001601s ]
[2026-08-19T09:07:00+08:00][sql] SELECT `id` FROM `goods` WHERE  `status` = 1  AND `end_time` <= 1787101620 [ RunTime:0.000848s ]
[2026-08-19T09:07:00+08:00][sql] SELECT * FROM `goods` WHERE  `id` = 33 LIMIT 1   FOR UPDATE [ RunTime:0.000854s ]
[2026-08-19T09:07:00+08:00][sql] SHOW FULL COLUMNS FROM `bid_record` [ RunTime:0.001339s ]
[2026-08-19T09:07:00+08:00][sql] SELECT * FROM `bid_record` WHERE  `goods_id` = 33  AND `status` = 0 ORDER BY `price` DESC,`id` ASC [ RunTime:0.000976s ]
[2026-08-19T09:07:00+08:00][sql] UPDATE `goods`  SET `status` = 3 , `update_time` = 1787101620  WHERE  `id` = 33 [ RunTime:0.001069s ]
[2026-08-19T09:07:00+08:00][sql] SHOW FULL COLUMNS FROM `user` [ RunTime:0.001588s ]
[2026-08-19T09:07:00+08:00][sql] SELECT * FROM `user` WHERE  `id` = 27 LIMIT 1 [ RunTime:0.000918s ]
[2026-08-19T09:07:00+08:00][sql] SHOW FULL COLUMNS FROM `setting` [ RunTime:0.001682s ]
[2026-08-19T09:07:00+08:00][sql] SELECT * FROM `setting` [ RunTime:0.000737s ]
[2026-08-19T09:07:00+08:00][sql] SHOW FULL COLUMNS FROM `seller_follow` [ RunTime:0.001167s ]
[2026-08-19T09:07:00+08:00][sql] SELECT * FROM `seller_follow` WHERE  `user_id` = 27  AND `seller_id` = 25 LIMIT 1 [ RunTime:0.000628s ]
[2026-08-19T09:07:00+08:00][sql] INSERT INTO `seller_follow` SET `user_id` = 27 , `seller_id` = 25 , `create_time` = 1787101620 [ RunTime:0.001798s ]
[2026-08-19T09:07:08+08:00][sql] CONNECT:[ UseTime:0.029138s ] mysql:host=127.0.0.1;port=3306;dbname=auction;charset=utf8mb4
[2026-08-19T09:07:08+08:00][sql] SHOW FULL COLUMNS FROM `goods` [ RunTime:0.002550s ]
[2026-08-19T09:07:08+08:00][sql] SELECT `id` FROM `goods` WHERE  `status` = 1  AND `end_time` <= 1787101628 [ RunTime:0.001379s ]
[2026-08-19T09:07:08+08:00][sql] SHOW FULL COLUMNS FROM `user` [ RunTime:0.001849s ]
[2026-08-19T09:07:08+08:00][sql] SELECT * FROM `user` WHERE  `id` = 27 LIMIT 1 [ RunTime:0.001226s ]
[2026-08-19T09:07:08+08:00][sql] SHOW FULL COLUMNS FROM `setting` [ RunTime:0.001806s ]
[2026-08-19T09:07:08+08:00][sql] SELECT * FROM `setting` [ RunTime:0.001031s ]
[2026-08-19T09:07:08+08:00][sql] SELECT `g`.*,u.nickname as seller_name,u.shop_name as seller_shop,u.avatar as seller_avatar,c.name as category_name FROM `goods` `g` LEFT JOIN `user` `u` ON `g`.`seller_id`=`u`.`id` LEFT JOIN `category` `c` ON `g`.`category_id`=`c`.`id` WHERE  `g`.`id` = '33' LIMIT 1 [ RunTime:0.001424s ]
[2026-08-19T09:07:08+08:00][sql] SHOW FULL COLUMNS FROM `bid_record` [ RunTime:0.001959s ]
[2026-08-19T09:07:08+08:00][sql] SELECT `b`.*,`u`.`nickname`,`u`.`mobile` FROM `bid_record` `b` LEFT JOIN `user` `u` ON `b`.`user_id`=`u`.`id` WHERE  `b`.`goods_id` = '33'  AND `b`.`status` = '0' ORDER BY `b`.`price` DESC,`b`.`id` ASC LIMIT 1 [ RunTime:0.001553s ]
[2026-08-19T09:07:08+08:00][sql] SELECT `b`.*,`u`.`nickname`,`u`.`mobile` FROM `bid_record` `b` LEFT JOIN `user` `u` ON `b`.`user_id`=`u`.`id` WHERE  `b`.`goods_id` = '33' ORDER BY `b`.`price` DESC,`b`.`id` ASC LIMIT 50 [ RunTime:0.001676s ]
[2026-08-19T09:07:08+08:00][sql] SELECT MAX(`price`) AS think_max FROM `bid_record` WHERE  `goods_id` = 33  AND `user_id` = 27  AND `status` = 0 [ RunTime:0.001301s ]
[2026-08-19T09:07:08+08:00][sql] SELECT MAX(`deposit`) AS think_max FROM `bid_record` WHERE  `goods_id` = 33  AND `user_id` = 27  AND `deposit` > '0' [ RunTime:0.001191s ]
[2026-08-19T09:07:08+08:00][sql] SHOW FULL COLUMNS FROM `browse_history` [ RunTime:0.001966s ]
[2026-08-19T09:07:08+08:00][sql] REPLACE INTO `browse_history` SET `user_id` = 27 , `goods_id` = 33 , `create_time` = 1787101628 [ RunTime:0.005410s ]
[2026-08-19T09:07:08+08:00][sql] SHOW FULL COLUMNS FROM `goods_favorite` [ RunTime:0.001535s ]
[2026-08-19T09:07:08+08:00][sql] SELECT COUNT(*) AS think_count FROM `goods_favorite` WHERE  `user_id` = 27  AND `goods_id` = 33 [ RunTime:0.000852s ]
[2026-08-19T09:07:08+08:00][sql] SHOW FULL COLUMNS FROM `seller_follow` [ RunTime:0.001901s ]
[2026-08-19T09:07:08+08:00][sql] SELECT COUNT(*) AS think_count FROM `seller_follow` WHERE  `user_id` = 27  AND `seller_id` = 25 [ RunTime:0.000791s ]
[2026-08-19T09:07:19+08:00][sql] CONNECT:[ UseTime:0.002641s ] mysql:host=127.0.0.1;port=3306;dbname=auction;charset=utf8mb4
[2026-08-19T09:07:19+08:00][sql] SHOW FULL COLUMNS FROM `goods` [ RunTime:0.002228s ]
[2026-08-19T09:07:19+08:00][sql] SELECT `id` FROM `goods` WHERE  `status` = 1  AND `end_time` <= 1787101639 [ RunTime:0.001263s ]
[2026-08-19T09:07:19+08:00][sql] SHOW FULL COLUMNS FROM `user` [ RunTime:0.002035s ]
[2026-08-19T09:07:19+08:00][sql] SELECT * FROM `user` WHERE  `id` = 25 LIMIT 1 [ RunTime:0.001115s ]
[2026-08-19T09:07:19+08:00][sql] SHOW FULL COLUMNS FROM `setting` [ RunTime:0.001603s ]
[2026-08-19T09:07:19+08:00][sql] SELECT * FROM `setting` [ RunTime:0.000850s ]
[2026-08-19T09:07:19+08:00][sql] SHOW FULL COLUMNS FROM `bid_record` [ RunTime:0.001664s ]
[2026-08-19T09:07:19+08:00][sql] SELECT COUNT(*) AS think_count FROM `bid_record` WHERE  `user_id` = 25 [ RunTime:0.000845s ]
[2026-08-19T09:07:19+08:00][sql] SHOW FULL COLUMNS FROM `order` [ RunTime:0.001409s ]
[2026-08-19T09:07:19+08:00][sql] SELECT COUNT(*) AS think_count FROM `order` WHERE  `buyer_id` = 25  AND `pay_status` = 1 [ RunTime:0.000925s ]
[2026-08-19T09:07:19+08:00][sql] SELECT COUNT(*) AS think_count FROM `goods` WHERE  `seller_id` = 25  AND `status` = 2 [ RunTime:0.003212s ]
[2026-08-19T09:07:19+08:00][sql] SELECT COUNT(*) AS think_count FROM `goods` WHERE  `seller_id` = 25 [ RunTime:0.000948s ]
[2026-08-19T09:07:19+08:00][sql] SELECT COUNT(*) AS think_count FROM `order` WHERE  `buyer_id` = 25  AND `pay_status` = 0  AND `order_status` = 0 [ RunTime:0.000957s ]
[2026-08-19T09:07:19+08:00][sql] SELECT COUNT(*) AS think_count FROM `order` WHERE  `seller_id` = 25  AND `order_status` = 1 [ RunTime:0.000949s ]
[2026-08-19T09:07:19+08:00][sql] SELECT COUNT(*) AS think_count FROM `order` WHERE  `buyer_id` = 25  AND `order_status` = 0  AND `pay_status` = 0 [ RunTime:0.000920s ]
[2026-08-19T09:07:19+08:00][sql] SELECT COUNT(*) AS think_count FROM `order` WHERE  `buyer_id` = 25  AND `order_status` = 1 [ RunTime:0.000921s ]
[2026-08-19T09:07:19+08:00][sql] SELECT COUNT(*) AS think_count FROM `order` WHERE  `buyer_id` = 25  AND `order_status` = 2 [ RunTime:0.000895s ]
[2026-08-19T09:07:19+08:00][sql] SELECT COUNT(*) AS think_count FROM `order` WHERE  `buyer_id` = 25  AND `order_status` = 3 [ RunTime:0.000880s ]
[2026-08-19T09:07:19+08:00][sql] SELECT COUNT(*) AS think_count FROM `order` WHERE  `seller_id` = 25  AND `order_status` = 1 [ RunTime:0.000858s ]
[2026-08-19T09:07:19+08:00][sql] SHOW FULL COLUMNS FROM `goods_favorite` [ RunTime:0.001974s ]
[2026-08-19T09:07:19+08:00][sql] SELECT COUNT(*) AS think_count FROM `goods_favorite` WHERE  `user_id` = 25 [ RunTime:0.001178s ]
[2026-08-19T09:07:19+08:00][sql] SHOW FULL COLUMNS FROM `seller_follow` [ RunTime:0.001710s ]
[2026-08-19T09:07:19+08:00][sql] SELECT COUNT(*) AS think_count FROM `seller_follow` WHERE  `user_id` = 25 [ RunTime:0.000701s ]
[2026-08-19T09:07:19+08:00][sql] SHOW FULL COLUMNS FROM `browse_history` [ RunTime:0.001770s ]
[2026-08-19T09:07:19+08:00][sql] SELECT COUNT(*) AS think_count FROM `browse_history` WHERE  `user_id` = 25 [ RunTime:0.001120s ]
[2026-08-19T09:07:19+08:00][sql] SHOW FULL COLUMNS FROM `balance_log` [ RunTime:0.001753s ]
[2026-08-19T09:07:19+08:00][sql] SELECT * FROM `balance_log` WHERE  `user_id` = 25 ORDER BY `id` DESC LIMIT 5 [ RunTime:0.001152s ]
[2026-08-19T09:07:19+08:00][sql] SELECT `b`.*,`g`.`title`,`g`.`cover`,g.status as goods_status,`g`.`end_time` FROM `bid_record` `b` LEFT JOIN `goods` `g` ON `b`.`goods_id`=`g`.`id` WHERE  `b`.`user_id` = '25' ORDER BY `b`.`id` DESC LIMIT 5 [ RunTime:0.001240s ]
[2026-08-19T09:07:19+08:00][sql] SELECT `id`,`nickname`,`mobile`,`reg_time` FROM `user` WHERE  `pid` = 25 ORDER BY `id` DESC LIMIT 10 [ RunTime:0.001097s ]
[2026-08-19T09:07:21+08:00][sql] CONNECT:[ UseTime:0.002261s ] mysql:host=127.0.0.1;port=3306;dbname=auction;charset=utf8mb4
[2026-08-19T09:07:21+08:00][sql] SHOW FULL COLUMNS FROM `goods` [ RunTime:0.001814s ]
[2026-08-19T09:07:21+08:00][sql] SELECT `id` FROM `goods` WHERE  `status` = 1  AND `end_time` <= 1787101641 [ RunTime:0.001001s ]
[2026-08-19T09:07:21+08:00][sql] SHOW FULL COLUMNS FROM `user` [ RunTime:0.002340s ]
[2026-08-19T09:07:21+08:00][sql] SELECT * FROM `user` WHERE  `id` = 25 LIMIT 1 [ RunTime:0.001102s ]
[2026-08-19T09:07:21+08:00][sql] SHOW FULL COLUMNS FROM `setting` [ RunTime:0.001411s ]
[2026-08-19T09:07:21+08:00][sql] SELECT * FROM `setting` [ RunTime:0.000980s ]
[2026-08-19T09:07:21+08:00][sql] SELECT COUNT(*) AS think_count FROM `goods` WHERE  `seller_id` = 25 [ RunTime:0.000907s ]
[2026-08-19T09:07:21+08:00][sql] SELECT * FROM `goods` WHERE  `seller_id` = 25 ORDER BY `id` DESC LIMIT 0,10 [ RunTime:0.000924s ]
[2026-08-19T09:07:21+08:00][sql] SHOW FULL COLUMNS FROM `bid_record` [ RunTime:0.003059s ]
[2026-08-19T09:07:21+08:00][sql] SELECT MAX(`price`) AS think_max FROM `bid_record` WHERE  `goods_id` = 33  AND `status` = 0 [ RunTime:0.000845s ]
[2026-08-19T09:07:21+08:00][sql] SELECT MAX(`price`) AS think_max FROM `bid_record` WHERE  `goods_id` = 32  AND `status` = 0 [ RunTime:0.000782s ]
[2026-08-19T09:07:21+08:00][sql] SELECT MAX(`price`) AS think_max FROM `bid_record` WHERE  `goods_id` = 31  AND `status` = 0 [ RunTime:0.000769s ]
[2026-08-19T09:07:21+08:00][sql] SELECT MAX(`price`) AS think_max FROM `bid_record` WHERE  `goods_id` = 30  AND `status` = 0 [ RunTime:0.001128s ]
[2026-08-19T09:07:21+08:00][sql] SELECT MAX(`price`) AS think_max FROM `bid_record` WHERE  `goods_id` = 29  AND `status` = 0 [ RunTime:0.001257s ]
[2026-08-19T09:07:21+08:00][sql] SELECT MAX(`price`) AS think_max FROM `bid_record` WHERE  `goods_id` = 27  AND `status` = 0 [ RunTime:0.000638s ]
[2026-08-19T09:09:18+08:00][sql] CONNECT:[ UseTime:0.024159s ] mysql:host=127.0.0.1;port=3306;dbname=auction;charset=utf8mb4
[2026-08-19T09:09:18+08:00][sql] SHOW FULL COLUMNS FROM `goods` [ RunTime:0.001836s ]
[2026-08-19T09:09:18+08:00][sql] SELECT `id` FROM `goods` WHERE  `status` = 1  AND `end_time` <= 1787101758 [ RunTime:0.001066s ]
[2026-08-19T09:09:18+08:00][sql] SHOW FULL COLUMNS FROM `user` [ RunTime:0.001797s ]
[2026-08-19T09:09:18+08:00][sql] SELECT * FROM `user` WHERE  `id` = 25 LIMIT 1 [ RunTime:0.001285s ]
[2026-08-19T09:09:18+08:00][sql] SHOW FULL COLUMNS FROM `setting` [ RunTime:0.001310s ]
[2026-08-19T09:09:18+08:00][sql] SELECT * FROM `setting` [ RunTime:0.000637s ]
[2026-08-19T09:09:18+08:00][sql] SELECT COUNT(*) AS think_count FROM `goods` WHERE  `seller_id` = 25 [ RunTime:0.000887s ]
[2026-08-19T09:09:18+08:00][sql] SELECT * FROM `goods` WHERE  `seller_id` = 25 ORDER BY `id` DESC LIMIT 0,10 [ RunTime:0.000979s ]
[2026-08-19T09:09:18+08:00][sql] SHOW FULL COLUMNS FROM `bid_record` [ RunTime:0.001539s ]
[2026-08-19T09:09:18+08:00][sql] SELECT MAX(`price`) AS think_max FROM `bid_record` WHERE  `goods_id` = 33  AND `status` = 0 [ RunTime:0.000833s ]
[2026-08-19T09:09:18+08:00][sql] SELECT MAX(`price`) AS think_max FROM `bid_record` WHERE  `goods_id` = 32  AND `status` = 0 [ RunTime:0.000714s ]
[2026-08-19T09:09:18+08:00][sql] SELECT MAX(`price`) AS think_max FROM `bid_record` WHERE  `goods_id` = 31  AND `status` = 0 [ RunTime:0.000689s ]
[2026-08-19T09:09:18+08:00][sql] SELECT MAX(`price`) AS think_max FROM `bid_record` WHERE  `goods_id` = 30  AND `status` = 0 [ RunTime:0.000663s ]
[2026-08-19T09:09:18+08:00][sql] SELECT MAX(`price`) AS think_max FROM `bid_record` WHERE  `goods_id` = 29  AND `status` = 0 [ RunTime:0.000751s ]
[2026-08-19T09:09:18+08:00][sql] SELECT MAX(`price`) AS think_max FROM `bid_record` WHERE  `goods_id` = 27  AND `status` = 0 [ RunTime:0.000909s ]
[2026-08-19T09:09:20+08:00][sql] CONNECT:[ UseTime:0.025788s ] mysql:host=127.0.0.1;port=3306;dbname=auction;charset=utf8mb4
[2026-08-19T09:09:20+08:00][sql] SHOW FULL COLUMNS FROM `goods` [ RunTime:0.001388s ]
[2026-08-19T09:09:20+08:00][sql] SELECT `id` FROM `goods` WHERE  `status` = 1  AND `end_time` <= 1787101760 [ RunTime:0.000982s ]
[2026-08-19T09:09:20+08:00][sql] SHOW FULL COLUMNS FROM `user` [ RunTime:0.002005s ]
[2026-08-19T09:09:20+08:00][sql] SELECT * FROM `user` WHERE  `id` = 25 LIMIT 1 [ RunTime:0.001261s ]
[2026-08-19T09:09:20+08:00][sql] SHOW FULL COLUMNS FROM `setting` [ RunTime:0.001323s ]
[2026-08-19T09:09:20+08:00][sql] SELECT * FROM `setting` [ RunTime:0.000637s ]
[2026-08-19T09:09:20+08:00][sql] SELECT COUNT(*) AS think_count FROM `goods` WHERE  `seller_id` = 25  AND `status` = 1 [ RunTime:0.000867s ]
[2026-08-19T09:09:20+08:00][sql] SELECT * FROM `goods` WHERE  `seller_id` = 25  AND `status` = 1 ORDER BY `id` DESC LIMIT 0,10 [ RunTime:0.000808s ]
[2026-08-19T09:09:21+08:00][sql] CONNECT:[ UseTime:0.012205s ] mysql:host=127.0.0.1;port=3306;dbname=auction;charset=utf8mb4
[2026-08-19T09:09:21+08:00][sql] SHOW FULL COLUMNS FROM `goods` [ RunTime:0.001638s ]
[2026-08-19T09:09:21+08:00][sql] SELECT `id` FROM `goods` WHERE  `status` = 1  AND `end_time` <= 1787101761 [ RunTime:0.000959s ]
[2026-08-19T09:09:21+08:00][sql] SHOW FULL COLUMNS FROM `user` [ RunTime:0.001542s ]
[2026-08-19T09:09:21+08:00][sql] SELECT * FROM `user` WHERE  `id` = 25 LIMIT 1 [ RunTime:0.000944s ]
[2026-08-19T09:09:21+08:00][sql] SHOW FULL COLUMNS FROM `setting` [ RunTime:0.001355s ]
[2026-08-19T09:09:21+08:00][sql] SELECT * FROM `setting` [ RunTime:0.000714s ]
[2026-08-19T09:09:21+08:00][sql] SELECT COUNT(*) AS think_count FROM `goods` WHERE  `seller_id` = 25  AND `status` = 0 [ RunTime:0.001119s ]
[2026-08-19T09:09:21+08:00][sql] SELECT * FROM `goods` WHERE  `seller_id` = 25  AND `status` = 0 ORDER BY `id` DESC LIMIT 0,10 [ RunTime:0.000987s ]
[2026-08-19T09:09:22+08:00][sql] CONNECT:[ UseTime:0.016487s ] mysql:host=127.0.0.1;port=3306;dbname=auction;charset=utf8mb4
[2026-08-19T09:09:22+08:00][sql] SHOW FULL COLUMNS FROM `goods` [ RunTime:0.002182s ]
[2026-08-19T09:09:22+08:00][sql] SELECT `id` FROM `goods` WHERE  `status` = 1  AND `end_time` <= 1787101762 [ RunTime:0.000827s ]
[2026-08-19T09:09:22+08:00][sql] SHOW FULL COLUMNS FROM `user` [ RunTime:0.001435s ]
[2026-08-19T09:09:22+08:00][sql] SELECT * FROM `user` WHERE  `id` = 25 LIMIT 1 [ RunTime:0.000806s ]
[2026-08-19T09:09:22+08:00][sql] SHOW FULL COLUMNS FROM `setting` [ RunTime:0.001056s ]
[2026-08-19T09:09:22+08:00][sql] SELECT * FROM `setting` [ RunTime:0.000580s ]
[2026-08-19T09:09:22+08:00][sql] SELECT COUNT(*) AS think_count FROM `goods` WHERE  `seller_id` = 25  AND `status` = 2 [ RunTime:0.002738s ]
[2026-08-19T09:09:22+08:00][sql] SELECT * FROM `goods` WHERE  `seller_id` = 25  AND `status` = 2 ORDER BY `id` DESC LIMIT 0,10 [ RunTime:0.001450s ]
[2026-08-19T09:09:22+08:00][sql] SHOW FULL COLUMNS FROM `bid_record` [ RunTime:0.001148s ]
[2026-08-19T09:09:22+08:00][sql] SELECT MAX(`price`) AS think_max FROM `bid_record` WHERE  `goods_id` = 32  AND `status` = 0 [ RunTime:0.000694s ]
[2026-08-19T09:09:22+08:00][sql] SELECT MAX(`price`) AS think_max FROM `bid_record` WHERE  `goods_id` = 31  AND `status` = 0 [ RunTime:0.000626s ]
[2026-08-19T09:09:22+08:00][sql] SELECT MAX(`price`) AS think_max FROM `bid_record` WHERE  `goods_id` = 29  AND `status` = 0 [ RunTime:0.000641s ]
[2026-08-19T09:09:24+08:00][sql] CONNECT:[ UseTime:0.012603s ] mysql:host=127.0.0.1;port=3306;dbname=auction;charset=utf8mb4
[2026-08-19T09:09:24+08:00][sql] SHOW FULL COLUMNS FROM `goods` [ RunTime:0.001877s ]
[2026-08-19T09:09:24+08:00][sql] SELECT `id` FROM `goods` WHERE  `status` = 1  AND `end_time` <= 1787101764 [ RunTime:0.000876s ]
[2026-08-19T09:09:24+08:00][sql] SHOW FULL COLUMNS FROM `user` [ RunTime:0.001535s ]
[2026-08-19T09:09:24+08:00][sql] SELECT * FROM `user` WHERE  `id` = 25 LIMIT 1 [ RunTime:0.000899s ]
[2026-08-19T09:09:24+08:00][sql] SHOW FULL COLUMNS FROM `setting` [ RunTime:0.001229s ]
[2026-08-19T09:09:24+08:00][sql] SELECT * FROM `setting` [ RunTime:0.000697s ]
[2026-08-19T09:09:24+08:00][sql] SELECT COUNT(*) AS think_count FROM `goods` `g` LEFT JOIN `user` `u` ON `g`.`seller_id`=`u`.`id` WHERE  `g`.`status` = '1'  AND `g`.`start_time` <= '1787101764'  AND `g`.`end_time` > '1787101764' [ RunTime:0.000980s ]
[2026-08-19T09:09:24+08:00][sql] SELECT `g`.*,u.nickname as seller_name FROM `goods` `g` LEFT JOIN `user` `u` ON `g`.`seller_id`=`u`.`id` WHERE  `g`.`status` = '1'  AND `g`.`start_time` <= '1787101764'  AND `g`.`end_time` > '1787101764' ORDER BY `g`.`end_time` ASC,`g`.`id` DESC LIMIT 0,10 [ RunTime:0.001023s ]
[2026-08-19T09:09:24+08:00][sql] SHOW FULL COLUMNS FROM `bid_record` [ RunTime:0.001425s ]
[2026-08-19T09:09:24+08:00][sql] SELECT MAX(`price`) AS think_max FROM `bid_record` WHERE  `goods_id` = 28  AND `status` = 0 [ RunTime:0.001205s ]
[2026-08-19T09:09:24+08:00][sql] SHOW FULL COLUMNS FROM `category` [ RunTime:0.001449s ]
[2026-08-19T09:09:24+08:00][sql] SELECT * FROM `category` WHERE  `status` = 1 ORDER BY `sort` ASC [ RunTime:0.000914s ]
[2026-08-19T09:09:24+08:00][sql] SELECT `b`.`price`,`b`.`create_time`,`g`.`title`,`u`.`nickname` FROM `bid_record` `b` LEFT JOIN `goods` `g` ON `b`.`goods_id`=`g`.`id` LEFT JOIN `user` `u` ON `b`.`user_id`=`u`.`id` WHERE  `b`.`status` = '1' ORDER BY `b`.`id` DESC LIMIT 5 [ RunTime:0.000974s ]
[2026-08-19T09:09:24+08:00][sql] SHOW FULL COLUMNS FROM `news` [ RunTime:0.002826s ]
[2026-08-19T09:09:24+08:00][sql] SELECT `id`,`title`,`create_time` FROM `news` WHERE  `status` = 1 ORDER BY `id` DESC LIMIT 3 [ RunTime:0.000717s ]
[2026-08-19T09:09:24+08:00][sql] SHOW FULL COLUMNS FROM `banner` [ RunTime:0.002709s ]
[2026-08-19T09:09:24+08:00][sql] SELECT * FROM `banner` WHERE  `status` = 1 ORDER BY `sort` ASC,`id` ASC [ RunTime:0.000867s ]
[2026-08-19T09:09:34+08:00][sql] CONNECT:[ UseTime:0.013332s ] mysql:host=127.0.0.1;port=3306;dbname=auction;charset=utf8mb4
[2026-08-19T09:09:34+08:00][sql] SHOW FULL COLUMNS FROM `goods` [ RunTime:0.001589s ]
[2026-08-19T09:09:34+08:00][sql] SELECT `id` FROM `goods` WHERE  `status` = 1  AND `end_time` <= 1787101774 [ RunTime:0.000967s ]
[2026-08-19T09:09:34+08:00][sql] SHOW FULL COLUMNS FROM `user` [ RunTime:0.001839s ]
[2026-08-19T09:09:34+08:00][sql] SELECT * FROM `user` WHERE  `id` = 25 LIMIT 1 [ RunTime:0.001298s ]
[2026-08-19T09:09:34+08:00][sql] SHOW FULL COLUMNS FROM `setting` [ RunTime:0.001461s ]
[2026-08-19T09:09:34+08:00][sql] SELECT * FROM `setting` [ RunTime:0.000870s ]
[2026-08-19T09:09:34+08:00][sql] SHOW FULL COLUMNS FROM `category` [ RunTime:0.004617s ]
[2026-08-19T09:09:34+08:00][sql] SELECT * FROM `category` WHERE  `status` = 1 ORDER BY `sort` ASC [ RunTime:0.001698s ]
[2026-08-19T09:09:39+08:00][sql] CONNECT:[ UseTime:0.008183s ] mysql:host=127.0.0.1;port=3306;dbname=auction;charset=utf8mb4
[2026-08-19T09:09:39+08:00][sql] SHOW FULL COLUMNS FROM `goods` [ RunTime:0.001058s ]
[2026-08-19T09:09:39+08:00][sql] SELECT `id` FROM `goods` WHERE  `status` = 1  AND `end_time` <= 1787101779 [ RunTime:0.000931s ]
[2026-08-19T09:09:39+08:00][sql] SHOW FULL COLUMNS FROM `user` [ RunTime:0.001787s ]
[2026-08-19T09:09:39+08:00][sql] SELECT * FROM `user` WHERE  `id` = 25 LIMIT 1 [ RunTime:0.000961s ]
[2026-08-19T09:09:39+08:00][sql] SHOW FULL COLUMNS FROM `setting` [ RunTime:0.001153s ]
[2026-08-19T09:09:39+08:00][sql] SELECT * FROM `setting` [ RunTime:0.000625s ]
[2026-08-19T09:09:39+08:00][sql] SELECT COUNT(*) AS think_count FROM `goods` `g` LEFT JOIN `user` `u` ON `g`.`seller_id`=`u`.`id` WHERE  `g`.`status` = '1'  AND `g`.`start_time` <= '1787101779'  AND `g`.`end_time` > '1787101779' [ RunTime:0.000699s ]
[2026-08-19T09:09:39+08:00][sql] SELECT `g`.*,u.nickname as seller_name FROM `goods` `g` LEFT JOIN `user` `u` ON `g`.`seller_id`=`u`.`id` WHERE  `g`.`status` = '1'  AND `g`.`start_time` <= '1787101779'  AND `g`.`end_time` > '1787101779' ORDER BY `g`.`end_time` ASC,`g`.`id` DESC LIMIT 0,10 [ RunTime:0.000956s ]
[2026-08-19T09:09:39+08:00][sql] SHOW FULL COLUMNS FROM `bid_record` [ RunTime:0.001296s ]
[2026-08-19T09:09:39+08:00][sql] SELECT MAX(`price`) AS think_max FROM `bid_record` WHERE  `goods_id` = 28  AND `status` = 0 [ RunTime:0.000818s ]
[2026-08-19T09:09:39+08:00][sql] SHOW FULL COLUMNS FROM `category` [ RunTime:0.001508s ]
[2026-08-19T09:09:39+08:00][sql] SELECT * FROM `category` WHERE  `status` = 1 ORDER BY `sort` ASC [ RunTime:0.000808s ]
[2026-08-19T09:09:39+08:00][sql] SELECT `b`.`price`,`b`.`create_time`,`g`.`title`,`u`.`nickname` FROM `bid_record` `b` LEFT JOIN `goods` `g` ON `b`.`goods_id`=`g`.`id` LEFT JOIN `user` `u` ON `b`.`user_id`=`u`.`id` WHERE  `b`.`status` = '1' ORDER BY `b`.`id` DESC LIMIT 5 [ RunTime:0.000858s ]
[2026-08-19T09:09:39+08:00][sql] SHOW FULL COLUMNS FROM `news` [ RunTime:0.001294s ]
[2026-08-19T09:09:39+08:00][sql] SELECT `id`,`title`,`create_time` FROM `news` WHERE  `status` = 1 ORDER BY `id` DESC LIMIT 3 [ RunTime:0.000780s ]
[2026-08-19T09:09:39+08:00][sql] SHOW FULL COLUMNS FROM `banner` [ RunTime:0.001228s ]
[2026-08-19T09:09:39+08:00][sql] SELECT * FROM `banner` WHERE  `status` = 1 ORDER BY `sort` ASC,`id` ASC [ RunTime:0.000757s ]
[2026-08-19T09:09:42+08:00][sql] CONNECT:[ UseTime:0.022365s ] mysql:host=127.0.0.1;port=3306;dbname=auction;charset=utf8mb4
[2026-08-19T09:09:42+08:00][sql] SHOW FULL COLUMNS FROM `goods` [ RunTime:0.002307s ]
[2026-08-19T09:09:42+08:00][sql] SELECT `id` FROM `goods` WHERE  `status` = 1  AND `end_time` <= 1787101782 [ RunTime:0.000957s ]
[2026-08-19T09:09:42+08:00][sql] SHOW FULL COLUMNS FROM `user` [ RunTime:0.001843s ]
[2026-08-19T09:09:42+08:00][sql] SELECT * FROM `user` WHERE  `id` = 25 LIMIT 1 [ RunTime:0.000823s ]
[2026-08-19T09:09:42+08:00][sql] SHOW FULL COLUMNS FROM `setting` [ RunTime:0.001518s ]
[2026-08-19T09:09:42+08:00][sql] SELECT * FROM `setting` [ RunTime:0.001170s ]
[2026-08-19T09:09:42+08:00][sql] SELECT COUNT(*) AS think_count FROM `goods` `g` LEFT JOIN `user` `u` ON `g`.`seller_id`=`u`.`id` WHERE  `g`.`status` = '1'  AND `g`.`start_time` <= '1787101782'  AND `g`.`end_time` > '1787101782' [ RunTime:0.001166s ]
[2026-08-19T09:09:42+08:00][sql] SELECT `g`.*,u.nickname as seller_name FROM `goods` `g` LEFT JOIN `user` `u` ON `g`.`seller_id`=`u`.`id` WHERE  `g`.`status` = '1'  AND `g`.`start_time` <= '1787101782'  AND `g`.`end_time` > '1787101782' ORDER BY `g`.`end_time` ASC,`g`.`id` DESC LIMIT 0,10 [ RunTime:0.001139s ]
[2026-08-19T09:09:42+08:00][sql] SHOW FULL COLUMNS FROM `bid_record` [ RunTime:0.001478s ]
[2026-08-19T09:09:42+08:00][sql] SELECT MAX(`price`) AS think_max FROM `bid_record` WHERE  `goods_id` = 28  AND `status` = 0 [ RunTime:0.001243s ]
[2026-08-19T09:09:42+08:00][sql] SHOW FULL COLUMNS FROM `category` [ RunTime:0.001812s ]
[2026-08-19T09:09:42+08:00][sql] SELECT * FROM `category` WHERE  `status` = 1 ORDER BY `sort` ASC [ RunTime:0.001107s ]
[2026-08-19T09:09:42+08:00][sql] SELECT `b`.`price`,`b`.`create_time`,`g`.`title`,`u`.`nickname` FROM `bid_record` `b` LEFT JOIN `goods` `g` ON `b`.`goods_id`=`g`.`id` LEFT JOIN `user` `u` ON `b`.`user_id`=`u`.`id` WHERE  `b`.`status` = '1' ORDER BY `b`.`id` DESC LIMIT 5 [ RunTime:0.001250s ]
[2026-08-19T09:09:42+08:00][sql] SHOW FULL COLUMNS FROM `news` [ RunTime:0.004323s ]
[2026-08-19T09:09:42+08:00][sql] SELECT `id`,`title`,`create_time` FROM `news` WHERE  `status` = 1 ORDER BY `id` DESC LIMIT 3 [ RunTime:0.001060s ]
[2026-08-19T09:09:42+08:00][sql] SHOW FULL COLUMNS FROM `banner` [ RunTime:0.003788s ]
[2026-08-19T09:09:42+08:00][sql] SELECT * FROM `banner` WHERE  `status` = 1 ORDER BY `sort` ASC,`id` ASC [ RunTime:0.001000s ]
[2026-08-19T09:11:59+08:00][sql] CONNECT:[ UseTime:0.012726s ] mysql:host=127.0.0.1;port=3306;dbname=auction;charset=utf8mb4
[2026-08-19T09:11:59+08:00][sql] SHOW FULL COLUMNS FROM `goods` [ RunTime:0.002171s ]
[2026-08-19T09:11:59+08:00][sql] SELECT `id` FROM `goods` WHERE  `status` = 1  AND `end_time` <= 1787101919 [ RunTime:0.001278s ]
[2026-08-19T09:11:59+08:00][sql] SHOW FULL COLUMNS FROM `user` [ RunTime:0.002166s ]
[2026-08-19T09:11:59+08:00][sql] SELECT * FROM `user` WHERE  `id` = 25 LIMIT 1 [ RunTime:0.001213s ]
[2026-08-19T09:11:59+08:00][sql] SHOW FULL COLUMNS FROM `setting` [ RunTime:0.001750s ]
[2026-08-19T09:11:59+08:00][sql] SELECT * FROM `setting` [ RunTime:0.001142s ]
[2026-08-19T09:11:59+08:00][sql] SELECT COUNT(*) AS think_count FROM `goods` `g` LEFT JOIN `user` `u` ON `g`.`seller_id`=`u`.`id` WHERE  `g`.`status` = '1'  AND `g`.`start_time` <= '1787101919'  AND `g`.`end_time` > '1787101919' [ RunTime:0.001482s ]
[2026-08-19T09:11:59+08:00][sql] SELECT `g`.*,u.nickname as seller_name FROM `goods` `g` LEFT JOIN `user` `u` ON `g`.`seller_id`=`u`.`id` WHERE  `g`.`status` = '1'  AND `g`.`start_time` <= '1787101919'  AND `g`.`end_time` > '1787101919' ORDER BY `g`.`end_time` ASC,`g`.`id` DESC LIMIT 0,10 [ RunTime:0.001552s ]
[2026-08-19T09:11:59+08:00][sql] SHOW FULL COLUMNS FROM `bid_record` [ RunTime:0.001935s ]
[2026-08-19T09:11:59+08:00][sql] SELECT MAX(`price`) AS think_max FROM `bid_record` WHERE  `goods_id` = 28  AND `status` = 0 [ RunTime:0.001166s ]
[2026-08-19T09:11:59+08:00][sql] SHOW FULL COLUMNS FROM `category` [ RunTime:0.001723s ]
[2026-08-19T09:11:59+08:00][sql] SELECT * FROM `category` WHERE  `status` = 1 ORDER BY `sort` ASC [ RunTime:0.001186s ]
[2026-08-19T09:11:59+08:00][sql] SELECT `b`.`price`,`b`.`create_time`,`g`.`title`,`u`.`nickname` FROM `bid_record` `b` LEFT JOIN `goods` `g` ON `b`.`goods_id`=`g`.`id` LEFT JOIN `user` `u` ON `b`.`user_id`=`u`.`id` WHERE  `b`.`status` = '1' ORDER BY `b`.`id` DESC LIMIT 5 [ RunTime:0.001265s ]
[2026-08-19T09:11:59+08:00][sql] SHOW FULL COLUMNS FROM `news` [ RunTime:0.002023s ]
[2026-08-19T09:11:59+08:00][sql] SELECT `id`,`title`,`create_time` FROM `news` WHERE  `status` = 1 ORDER BY `id` DESC LIMIT 3 [ RunTime:0.000574s ]
[2026-08-19T09:11:59+08:00][sql] SHOW FULL COLUMNS FROM `banner` [ RunTime:0.001164s ]
[2026-08-19T09:11:59+08:00][sql] SELECT * FROM `banner` WHERE  `status` = 1 ORDER BY `sort` ASC,`id` ASC [ RunTime:0.001002s ]
[2026-08-19T09:12:00+08:00][sql] CONNECT:[ UseTime:0.010974s ] mysql:host=127.0.0.1;port=3306;dbname=auction;charset=utf8mb4
[2026-08-19T09:12:00+08:00][sql] SHOW FULL COLUMNS FROM `goods` [ RunTime:0.002172s ]
[2026-08-19T09:12:00+08:00][sql] SELECT `id` FROM `goods` WHERE  `status` = 1  AND `end_time` <= 1787101920 [ RunTime:0.001051s ]
[2026-08-19T09:12:00+08:00][sql] SHOW FULL COLUMNS FROM `user` [ RunTime:0.001921s ]
[2026-08-19T09:12:00+08:00][sql] SELECT * FROM `user` WHERE  `id` = 25 LIMIT 1 [ RunTime:0.000926s ]
[2026-08-19T09:12:00+08:00][sql] SHOW FULL COLUMNS FROM `setting` [ RunTime:0.001500s ]
[2026-08-19T09:12:00+08:00][sql] SELECT * FROM `setting` [ RunTime:0.000787s ]
[2026-08-19T09:12:00+08:00][sql] SHOW FULL COLUMNS FROM `bid_record` [ RunTime:0.001645s ]
[2026-08-19T09:12:00+08:00][sql] SELECT COUNT(*) AS think_count FROM `bid_record` WHERE  `user_id` = 25 [ RunTime:0.001158s ]
[2026-08-19T09:12:00+08:00][sql] SHOW FULL COLUMNS FROM `order` [ RunTime:0.002048s ]
[2026-08-19T09:12:00+08:00][sql] SELECT COUNT(*) AS think_count FROM `order` WHERE  `buyer_id` = 25  AND `pay_status` = 1 [ RunTime:0.000804s ]
[2026-08-19T09:12:00+08:00][sql] SELECT COUNT(*) AS think_count FROM `goods` WHERE  `seller_id` = 25  AND `status` = 2 [ RunTime:0.003138s ]
[2026-08-19T09:12:00+08:00][sql] SELECT COUNT(*) AS think_count FROM `goods` WHERE  `seller_id` = 25 [ RunTime:0.001049s ]
[2026-08-19T09:12:00+08:00][sql] SELECT COUNT(*) AS think_count FROM `order` WHERE  `buyer_id` = 25  AND `pay_status` = 0  AND `order_status` = 0 [ RunTime:0.000959s ]
[2026-08-19T09:12:00+08:00][sql] SELECT COUNT(*) AS think_count FROM `order` WHERE  `seller_id` = 25  AND `order_status` = 1 [ RunTime:0.001110s ]
[2026-08-19T09:12:00+08:00][sql] SELECT COUNT(*) AS think_count FROM `order` WHERE  `buyer_id` = 25  AND `order_status` = 0  AND `pay_status` = 0 [ RunTime:0.001074s ]
[2026-08-19T09:12:00+08:00][sql] SELECT COUNT(*) AS think_count FROM `order` WHERE  `buyer_id` = 25  AND `order_status` = 1 [ RunTime:0.001054s ]
[2026-08-19T09:12:00+08:00][sql] SELECT COUNT(*) AS think_count FROM `order` WHERE  `buyer_id` = 25  AND `order_status` = 2 [ RunTime:0.000646s ]
[2026-08-19T09:12:00+08:00][sql] SELECT COUNT(*) AS think_count FROM `order` WHERE  `buyer_id` = 25  AND `order_status` = 3 [ RunTime:0.001300s ]
[2026-08-19T09:12:00+08:00][sql] SELECT COUNT(*) AS think_count FROM `order` WHERE  `seller_id` = 25  AND `order_status` = 1 [ RunTime:0.001115s ]
[2026-08-19T09:12:00+08:00][sql] SHOW FULL COLUMNS FROM `goods_favorite` [ RunTime:0.001979s ]
[2026-08-19T09:12:00+08:00][sql] SELECT COUNT(*) AS think_count FROM `goods_favorite` WHERE  `user_id` = 25 [ RunTime:0.001123s ]
[2026-08-19T09:12:00+08:00][sql] SHOW FULL COLUMNS FROM `seller_follow` [ RunTime:0.001767s ]
[2026-08-19T09:12:00+08:00][sql] SELECT COUNT(*) AS think_count FROM `seller_follow` WHERE  `user_id` = 25 [ RunTime:0.001106s ]
[2026-08-19T09:12:00+08:00][sql] SHOW FULL COLUMNS FROM `browse_history` [ RunTime:0.001798s ]
[2026-08-19T09:12:00+08:00][sql] SELECT COUNT(*) AS think_count FROM `browse_history` WHERE  `user_id` = 25 [ RunTime:0.001136s ]
[2026-08-19T09:12:00+08:00][sql] SHOW FULL COLUMNS FROM `balance_log` [ RunTime:0.001869s ]
[2026-08-19T09:12:00+08:00][sql] SELECT * FROM `balance_log` WHERE  `user_id` = 25 ORDER BY `id` DESC LIMIT 5 [ RunTime:0.001227s ]
[2026-08-19T09:12:00+08:00][sql] SELECT `b`.*,`g`.`title`,`g`.`cover`,g.status as goods_status,`g`.`end_time` FROM `bid_record` `b` LEFT JOIN `goods` `g` ON `b`.`goods_id`=`g`.`id` WHERE  `b`.`user_id` = '25' ORDER BY `b`.`id` DESC LIMIT 5 [ RunTime:0.001584s ]
[2026-08-19T09:12:00+08:00][sql] SELECT `id`,`nickname`,`mobile`,`reg_time` FROM `user` WHERE  `pid` = 25 ORDER BY `id` DESC LIMIT 10 [ RunTime:0.000891s ]
[2026-08-19T09:12:02+08:00][sql] CONNECT:[ UseTime:0.015620s ] mysql:host=127.0.0.1;port=3306;dbname=auction;charset=utf8mb4
[2026-08-19T09:12:02+08:00][sql] SHOW FULL COLUMNS FROM `goods` [ RunTime:0.002223s ]
[2026-08-19T09:12:02+08:00][sql] SELECT `id` FROM `goods` WHERE  `status` = 1  AND `end_time` <= 1787101922 [ RunTime:0.001198s ]
[2026-08-19T09:12:02+08:00][sql] SHOW FULL COLUMNS FROM `user` [ RunTime:0.002068s ]
[2026-08-19T09:12:02+08:00][sql] SELECT * FROM `user` WHERE  `id` = 25 LIMIT 1 [ RunTime:0.001218s ]
[2026-08-19T09:12:02+08:00][sql] SHOW FULL COLUMNS FROM `setting` [ RunTime:0.001802s ]
[2026-08-19T09:12:02+08:00][sql] SELECT * FROM `setting` [ RunTime:0.001053s ]
[2026-08-19T09:12:02+08:00][sql] SELECT COUNT(*) AS think_count FROM `goods` WHERE  `seller_id` = 25 [ RunTime:0.001089s ]
[2026-08-19T09:12:02+08:00][sql] SELECT * FROM `goods` WHERE  `seller_id` = 25 ORDER BY `id` DESC LIMIT 0,10 [ RunTime:0.001167s ]
[2026-08-19T09:12:02+08:00][sql] SHOW FULL COLUMNS FROM `bid_record` [ RunTime:0.001616s ]
[2026-08-19T09:12:02+08:00][sql] SELECT MAX(`price`) AS think_max FROM `bid_record` WHERE  `goods_id` = 33  AND `status` = 0 [ RunTime:0.000982s ]
[2026-08-19T09:12:02+08:00][sql] SELECT MAX(`price`) AS think_max FROM `bid_record` WHERE  `goods_id` = 32  AND `status` = 0 [ RunTime:0.000895s ]
[2026-08-19T09:12:02+08:00][sql] SELECT MAX(`price`) AS think_max FROM `bid_record` WHERE  `goods_id` = 31  AND `status` = 0 [ RunTime:0.000885s ]
[2026-08-19T09:12:02+08:00][sql] SELECT MAX(`price`) AS think_max FROM `bid_record` WHERE  `goods_id` = 30  AND `status` = 0 [ RunTime:0.000876s ]
[2026-08-19T09:12:02+08:00][sql] SELECT MAX(`price`) AS think_max FROM `bid_record` WHERE  `goods_id` = 29  AND `status` = 0 [ RunTime:0.000889s ]
[2026-08-19T09:12:02+08:00][sql] SELECT MAX(`price`) AS think_max FROM `bid_record` WHERE  `goods_id` = 27  AND `status` = 0 [ RunTime:0.000870s ]
[2026-08-19T09:12:18+08:00][sql] CONNECT:[ UseTime:0.002698s ] mysql:host=127.0.0.1;port=3306;dbname=auction;charset=utf8mb4
[2026-08-19T09:12:18+08:00][sql] SHOW FULL COLUMNS FROM `goods` [ RunTime:0.002077s ]
[2026-08-19T09:12:18+08:00][sql] SELECT `id` FROM `goods` WHERE  `status` = 1  AND `end_time` <= 1787101938 [ RunTime:0.001132s ]
[2026-08-19T09:12:18+08:00][sql] SHOW FULL COLUMNS FROM `user` [ RunTime:0.002048s ]
[2026-08-19T09:12:18+08:00][sql] SELECT * FROM `user` WHERE  `id` = 25 LIMIT 1 [ RunTime:0.001170s ]
[2026-08-19T09:12:18+08:00][sql] SHOW FULL COLUMNS FROM `setting` [ RunTime:0.001720s ]
[2026-08-19T09:12:18+08:00][sql] SELECT * FROM `setting` [ RunTime:0.000998s ]
[2026-08-19T09:12:18+08:00][sql] SELECT * FROM `goods` WHERE  `id` = 33  AND `seller_id` = 25 LIMIT 1 [ RunTime:0.001139s ]
[2026-08-19T09:12:18+08:00][sql] SHOW FULL COLUMNS FROM `bid_record` [ RunTime:0.001759s ]
[2026-08-19T09:12:18+08:00][sql] DELETE FROM `bid_record` WHERE  `goods_id` = 33 [ RunTime:0.001118s ]
[2026-08-19T09:12:18+08:00][sql] UPDATE `goods`  SET `status` = 1 , `start_time` = 1787101938 , `end_time` = 1787188338 , `bid_count` = 0 , `winner_id` = 0 , `final_price` = '0' , `update_time` = 1787101938  WHERE  `id` = 33 [ RunTime:0.005307s ]
[2026-08-19T09:12:18+08:00][sql] CONNECT:[ UseTime:0.001919s ] mysql:host=127.0.0.1;port=3306;dbname=auction;charset=utf8mb4
[2026-08-19T09:12:18+08:00][sql] SHOW FULL COLUMNS FROM `goods` [ RunTime:0.001706s ]
[2026-08-19T09:12:18+08:00][sql] SELECT `id` FROM `goods` WHERE  `status` = 1  AND `end_time` <= 1787101938 [ RunTime:0.000878s ]
[2026-08-19T09:12:18+08:00][sql] SHOW FULL COLUMNS FROM `user` [ RunTime:0.001500s ]
[2026-08-19T09:12:18+08:00][sql] SELECT * FROM `user` WHERE  `id` = 25 LIMIT 1 [ RunTime:0.001003s ]
[2026-08-19T09:12:18+08:00][sql] SHOW FULL COLUMNS FROM `setting` [ RunTime:0.001220s ]
[2026-08-19T09:12:18+08:00][sql] SELECT * FROM `setting` [ RunTime:0.000626s ]
[2026-08-19T09:12:18+08:00][sql] SELECT COUNT(*) AS think_count FROM `goods` WHERE  `seller_id` = 25 [ RunTime:0.000728s ]
[2026-08-19T09:12:18+08:00][sql] SELECT * FROM `goods` WHERE  `seller_id` = 25 ORDER BY `id` DESC LIMIT 0,10 [ RunTime:0.000791s ]
[2026-08-19T09:12:18+08:00][sql] SHOW FULL COLUMNS FROM `bid_record` [ RunTime:0.001352s ]
[2026-08-19T09:12:18+08:00][sql] SELECT MAX(`price`) AS think_max FROM `bid_record` WHERE  `goods_id` = 33  AND `status` = 0 [ RunTime:0.000685s ]
[2026-08-19T09:12:18+08:00][sql] SELECT MAX(`price`) AS think_max FROM `bid_record` WHERE  `goods_id` = 32  AND `status` = 0 [ RunTime:0.000476s ]
[2026-08-19T09:12:18+08:00][sql] SELECT MAX(`price`) AS think_max FROM `bid_record` WHERE  `goods_id` = 31  AND `status` = 0 [ RunTime:0.000452s ]
[2026-08-19T09:12:18+08:00][sql] SELECT MAX(`price`) AS think_max FROM `bid_record` WHERE  `goods_id` = 30  AND `status` = 0 [ RunTime:0.000533s ]
[2026-08-19T09:12:18+08:00][sql] SELECT MAX(`price`) AS think_max FROM `bid_record` WHERE  `goods_id` = 29  AND `status` = 0 [ RunTime:0.000803s ]
[2026-08-19T09:12:18+08:00][sql] SELECT MAX(`price`) AS think_max FROM `bid_record` WHERE  `goods_id` = 27  AND `status` = 0 [ RunTime:0.000800s ]
[2026-08-19T09:12:21+08:00][sql] CONNECT:[ UseTime:0.014569s ] mysql:host=127.0.0.1;port=3306;dbname=auction;charset=utf8mb4
[2026-08-19T09:12:21+08:00][sql] SHOW FULL COLUMNS FROM `goods` [ RunTime:0.001885s ]
[2026-08-19T09:12:21+08:00][sql] SELECT `id` FROM `goods` WHERE  `status` = 1  AND `end_time` <= 1787101941 [ RunTime:0.001123s ]
[2026-08-19T09:12:21+08:00][sql] SHOW FULL COLUMNS FROM `user` [ RunTime:0.002442s ]
[2026-08-19T09:12:21+08:00][sql] SELECT * FROM `user` WHERE  `id` = 25 LIMIT 1 [ RunTime:0.001237s ]
[2026-08-19T09:12:21+08:00][sql] SHOW FULL COLUMNS FROM `setting` [ RunTime:0.001843s ]
[2026-08-19T09:12:21+08:00][sql] SELECT * FROM `setting` [ RunTime:0.001088s ]
[2026-08-19T09:12:21+08:00][sql] SELECT COUNT(*) AS think_count FROM `goods` `g` LEFT JOIN `user` `u` ON `g`.`seller_id`=`u`.`id` WHERE  `g`.`status` = '1'  AND `g`.`start_time` <= '1787101941'  AND `g`.`end_time` > '1787101941' [ RunTime:0.001369s ]
[2026-08-19T09:12:21+08:00][sql] SELECT `g`.*,u.nickname as seller_name FROM `goods` `g` LEFT JOIN `user` `u` ON `g`.`seller_id`=`u`.`id` WHERE  `g`.`status` = '1'  AND `g`.`start_time` <= '1787101941'  AND `g`.`end_time` > '1787101941' ORDER BY `g`.`end_time` ASC,`g`.`id` DESC LIMIT 0,10 [ RunTime:0.001542s ]
[2026-08-19T09:12:21+08:00][sql] SHOW FULL COLUMNS FROM `bid_record` [ RunTime:0.001904s ]
[2026-08-19T09:12:21+08:00][sql] SELECT MAX(`price`) AS think_max FROM `bid_record` WHERE  `goods_id` = 28  AND `status` = 0 [ RunTime:0.001347s ]
[2026-08-19T09:12:21+08:00][sql] SELECT MAX(`price`) AS think_max FROM `bid_record` WHERE  `goods_id` = 33  AND `status` = 0 [ RunTime:0.001017s ]
[2026-08-19T09:12:21+08:00][sql] SHOW FULL COLUMNS FROM `category` [ RunTime:0.001703s ]
[2026-08-19T09:12:21+08:00][sql] SELECT * FROM `category` WHERE  `status` = 1 ORDER BY `sort` ASC [ RunTime:0.000903s ]
[2026-08-19T09:12:21+08:00][sql] SELECT `b`.`price`,`b`.`create_time`,`g`.`title`,`u`.`nickname` FROM `bid_record` `b` LEFT JOIN `goods` `g` ON `b`.`goods_id`=`g`.`id` LEFT JOIN `user` `u` ON `b`.`user_id`=`u`.`id` WHERE  `b`.`status` = '1' ORDER BY `b`.`id` DESC LIMIT 5 [ RunTime:0.000938s ]
[2026-08-19T09:12:21+08:00][sql] SHOW FULL COLUMNS FROM `news` [ RunTime:0.002876s ]
[2026-08-19T09:12:21+08:00][sql] SELECT `id`,`title`,`create_time` FROM `news` WHERE  `status` = 1 ORDER BY `id` DESC LIMIT 3 [ RunTime:0.000897s ]
[2026-08-19T09:12:21+08:00][sql] SHOW FULL COLUMNS FROM `banner` [ RunTime:0.002668s ]
[2026-08-19T09:12:21+08:00][sql] SELECT * FROM `banner` WHERE  `status` = 1 ORDER BY `sort` ASC,`id` ASC [ RunTime:0.000862s ]
[2026-08-19T09:12:23+08:00][sql] CONNECT:[ UseTime:0.015495s ] mysql:host=127.0.0.1;port=3306;dbname=auction;charset=utf8mb4
[2026-08-19T09:12:23+08:00][sql] SHOW FULL COLUMNS FROM `goods` [ RunTime:0.002302s ]
[2026-08-19T09:12:23+08:00][sql] SELECT `id` FROM `goods` WHERE  `status` = 1  AND `end_time` <= 1787101943 [ RunTime:0.001251s ]
[2026-08-19T09:12:23+08:00][sql] SHOW FULL COLUMNS FROM `user` [ RunTime:0.002212s ]
[2026-08-19T09:12:23+08:00][sql] SELECT * FROM `user` WHERE  `id` = 25 LIMIT 1 [ RunTime:0.001267s ]
[2026-08-19T09:12:23+08:00][sql] SHOW FULL COLUMNS FROM `setting` [ RunTime:0.001841s ]
[2026-08-19T09:12:23+08:00][sql] SELECT * FROM `setting` [ RunTime:0.001093s ]
[2026-08-19T09:12:23+08:00][sql] SHOW FULL COLUMNS FROM `bid_record` [ RunTime:0.001996s ]
[2026-08-19T09:12:23+08:00][sql] SELECT COUNT(*) AS think_count FROM `bid_record` WHERE  `user_id` = 25 [ RunTime:0.001207s ]
[2026-08-19T09:12:23+08:00][sql] SHOW FULL COLUMNS FROM `order` [ RunTime:0.002097s ]
[2026-08-19T09:12:23+08:00][sql] SELECT COUNT(*) AS think_count FROM `order` WHERE  `buyer_id` = 25  AND `pay_status` = 1 [ RunTime:0.001193s ]
[2026-08-19T09:12:23+08:00][sql] SELECT COUNT(*) AS think_count FROM `goods` WHERE  `seller_id` = 25  AND `status` = 2 [ RunTime:0.003538s ]
[2026-08-19T09:12:23+08:00][sql] SELECT COUNT(*) AS think_count FROM `goods` WHERE  `seller_id` = 25 [ RunTime:0.001196s ]
[2026-08-19T09:12:23+08:00][sql] SELECT COUNT(*) AS think_count FROM `order` WHERE  `buyer_id` = 25  AND `pay_status` = 0  AND `order_status` = 0 [ RunTime:0.001292s ]
[2026-08-19T09:12:23+08:00][sql] SELECT COUNT(*) AS think_count FROM `order` WHERE  `seller_id` = 25  AND `order_status` = 1 [ RunTime:0.001263s ]
[2026-08-19T09:12:23+08:00][sql] SELECT COUNT(*) AS think_count FROM `order` WHERE  `buyer_id` = 25  AND `order_status` = 0  AND `pay_status` = 0 [ RunTime:0.001228s ]
[2026-08-19T09:12:23+08:00][sql] SELECT COUNT(*) AS think_count FROM `order` WHERE  `buyer_id` = 25  AND `order_status` = 1 [ RunTime:0.001057s ]
[2026-08-19T09:12:23+08:00][sql] SELECT COUNT(*) AS think_count FROM `order` WHERE  `buyer_id` = 25  AND `order_status` = 2 [ RunTime:0.000960s ]
[2026-08-19T09:12:23+08:00][sql] SELECT COUNT(*) AS think_count FROM `order` WHERE  `buyer_id` = 25  AND `order_status` = 3 [ RunTime:0.000974s ]
[2026-08-19T09:12:23+08:00][sql] SELECT COUNT(*) AS think_count FROM `order` WHERE  `seller_id` = 25  AND `order_status` = 1 [ RunTime:0.000966s ]
[2026-08-19T09:12:23+08:00][sql] SHOW FULL COLUMNS FROM `goods_favorite` [ RunTime:0.003847s ]
[2026-08-19T09:12:23+08:00][sql] SELECT COUNT(*) AS think_count FROM `goods_favorite` WHERE  `user_id` = 25 [ RunTime:0.001103s ]
[2026-08-19T09:12:23+08:00][sql] SHOW FULL COLUMNS FROM `seller_follow` [ RunTime:0.004222s ]
[2026-08-19T09:12:23+08:00][sql] SELECT COUNT(*) AS think_count FROM `seller_follow` WHERE  `user_id` = 25 [ RunTime:0.001053s ]
[2026-08-19T09:12:23+08:00][sql] SHOW FULL COLUMNS FROM `browse_history` [ RunTime:0.003678s ]
[2026-08-19T09:12:23+08:00][sql] SELECT COUNT(*) AS think_count FROM `browse_history` WHERE  `user_id` = 25 [ RunTime:0.000930s ]
[2026-08-19T09:12:23+08:00][sql] SHOW FULL COLUMNS FROM `balance_log` [ RunTime:0.003655s ]
[2026-08-19T09:12:23+08:00][sql] SELECT * FROM `balance_log` WHERE  `user_id` = 25 ORDER BY `id` DESC LIMIT 5 [ RunTime:0.001051s ]
[2026-08-19T09:12:23+08:00][sql] SELECT `b`.*,`g`.`title`,`g`.`cover`,g.status as goods_status,`g`.`end_time` FROM `bid_record` `b` LEFT JOIN `goods` `g` ON `b`.`goods_id`=`g`.`id` WHERE  `b`.`user_id` = '25' ORDER BY `b`.`id` DESC LIMIT 5 [ RunTime:0.001078s ]
[2026-08-19T09:12:23+08:00][sql] SELECT `id`,`nickname`,`mobile`,`reg_time` FROM `user` WHERE  `pid` = 25 ORDER BY `id` DESC LIMIT 10 [ RunTime:0.001024s ]
[2026-08-19T09:12:26+08:00][sql] CONNECT:[ UseTime:0.007872s ] mysql:host=127.0.0.1;port=3306;dbname=auction;charset=utf8mb4
[2026-08-19T09:12:26+08:00][sql] SHOW FULL COLUMNS FROM `goods` [ RunTime:0.001206s ]
[2026-08-19T09:12:26+08:00][sql] SELECT `id` FROM `goods` WHERE  `status` = 1  AND `end_time` <= 1787101946 [ RunTime:0.000855s ]
[2026-08-19T09:12:26+08:00][sql] SHOW FULL COLUMNS FROM `user` [ RunTime:0.001404s ]
[2026-08-19T09:12:26+08:00][sql] SELECT * FROM `user` WHERE  `id` = 25 LIMIT 1 [ RunTime:0.000726s ]
[2026-08-19T09:12:26+08:00][sql] SHOW FULL COLUMNS FROM `setting` [ RunTime:0.000985s ]
[2026-08-19T09:12:26+08:00][sql] SELECT * FROM `setting` [ RunTime:0.000590s ]
[2026-08-19T09:12:26+08:00][sql] SELECT COUNT(*) AS think_count FROM `goods` WHERE  `seller_id` = 25 [ RunTime:0.000671s ]
[2026-08-19T09:12:26+08:00][sql] SELECT * FROM `goods` WHERE  `seller_id` = 25 ORDER BY `id` DESC LIMIT 0,10 [ RunTime:0.000730s ]
[2026-08-19T09:12:26+08:00][sql] SHOW FULL COLUMNS FROM `bid_record` [ RunTime:0.001026s ]
[2026-08-19T09:12:26+08:00][sql] SELECT MAX(`price`) AS think_max FROM `bid_record` WHERE  `goods_id` = 33  AND `status` = 0 [ RunTime:0.000626s ]
[2026-08-19T09:12:26+08:00][sql] SELECT MAX(`price`) AS think_max FROM `bid_record` WHERE  `goods_id` = 32  AND `status` = 0 [ RunTime:0.000627s ]
[2026-08-19T09:12:26+08:00][sql] SELECT MAX(`price`) AS think_max FROM `bid_record` WHERE  `goods_id` = 31  AND `status` = 0 [ RunTime:0.000578s ]
[2026-08-19T09:12:26+08:00][sql] SELECT MAX(`price`) AS think_max FROM `bid_record` WHERE  `goods_id` = 30  AND `status` = 0 [ RunTime:0.000835s ]
[2026-08-19T09:12:26+08:00][sql] SELECT MAX(`price`) AS think_max FROM `bid_record` WHERE  `goods_id` = 29  AND `status` = 0 [ RunTime:0.000727s ]
[2026-08-19T09:12:26+08:00][sql] SELECT MAX(`price`) AS think_max FROM `bid_record` WHERE  `goods_id` = 27  AND `status` = 0 [ RunTime:0.000392s ]
[2026-08-19T09:13:38+08:00][sql] CONNECT:[ UseTime:0.014467s ] mysql:host=127.0.0.1;port=3306;dbname=auction;charset=utf8mb4
[2026-08-19T09:13:38+08:00][sql] SHOW FULL COLUMNS FROM `goods` [ RunTime:0.001583s ]
[2026-08-19T09:13:38+08:00][sql] SELECT `id` FROM `goods` WHERE  `status` = 1  AND `end_time` <= 1787102018 [ RunTime:0.000866s ]
[2026-08-19T09:13:38+08:00][sql] SHOW FULL COLUMNS FROM `user` [ RunTime:0.001626s ]
[2026-08-19T09:13:38+08:00][sql] SELECT * FROM `user` WHERE  `id` = 27 LIMIT 1 [ RunTime:0.000812s ]
[2026-08-19T09:13:38+08:00][sql] SHOW FULL COLUMNS FROM `setting` [ RunTime:0.001125s ]
[2026-08-19T09:13:38+08:00][sql] SELECT * FROM `setting` [ RunTime:0.000627s ]
[2026-08-19T09:13:38+08:00][sql] SELECT COUNT(*) AS think_count FROM `goods` `g` LEFT JOIN `user` `u` ON `g`.`seller_id`=`u`.`id` WHERE  `g`.`status` = '1'  AND `g`.`start_time` <= '1787102018'  AND `g`.`end_time` > '1787102018' [ RunTime:0.001139s ]
[2026-08-19T09:13:38+08:00][sql] SELECT `g`.*,u.nickname as seller_name FROM `goods` `g` LEFT JOIN `user` `u` ON `g`.`seller_id`=`u`.`id` WHERE  `g`.`status` = '1'  AND `g`.`start_time` <= '1787102018'  AND `g`.`end_time` > '1787102018' ORDER BY `g`.`end_time` ASC,`g`.`id` DESC LIMIT 0,10 [ RunTime:0.000982s ]
[2026-08-19T09:13:38+08:00][sql] SHOW FULL COLUMNS FROM `bid_record` [ RunTime:0.001260s ]
[2026-08-19T09:13:38+08:00][sql] SELECT MAX(`price`) AS think_max FROM `bid_record` WHERE  `goods_id` = 28  AND `status` = 0 [ RunTime:0.000683s ]
[2026-08-19T09:13:38+08:00][sql] SELECT MAX(`price`) AS think_max FROM `bid_record` WHERE  `goods_id` = 33  AND `status` = 0 [ RunTime:0.000616s ]
[2026-08-19T09:13:38+08:00][sql] SHOW FULL COLUMNS FROM `category` [ RunTime:0.000744s ]
[2026-08-19T09:13:38+08:00][sql] SELECT * FROM `category` WHERE  `status` = 1 ORDER BY `sort` ASC [ RunTime:0.000486s ]
[2026-08-19T09:13:38+08:00][sql] SELECT `b`.`price`,`b`.`create_time`,`g`.`title`,`u`.`nickname` FROM `bid_record` `b` LEFT JOIN `goods` `g` ON `b`.`goods_id`=`g`.`id` LEFT JOIN `user` `u` ON `b`.`user_id`=`u`.`id` WHERE  `b`.`status` = '1' ORDER BY `b`.`id` DESC LIMIT 5 [ RunTime:0.000544s ]
[2026-08-19T09:13:38+08:00][sql] SHOW FULL COLUMNS FROM `news` [ RunTime:0.002273s ]
[2026-08-19T09:13:38+08:00][sql] SELECT `id`,`title`,`create_time` FROM `news` WHERE  `status` = 1 ORDER BY `id` DESC LIMIT 3 [ RunTime:0.000669s ]
[2026-08-19T09:13:38+08:00][sql] SHOW FULL COLUMNS FROM `banner` [ RunTime:0.002608s ]
[2026-08-19T09:13:38+08:00][sql] SELECT * FROM `banner` WHERE  `status` = 1 ORDER BY `sort` ASC,`id` ASC [ RunTime:0.000702s ]
[2026-08-19T09:13:46+08:00][sql] CONNECT:[ UseTime:0.003259s ] mysql:host=127.0.0.1;port=3306;dbname=auction;charset=utf8mb4
[2026-08-19T09:13:46+08:00][sql] SHOW FULL COLUMNS FROM `goods` [ RunTime:0.000980s ]
[2026-08-19T09:13:46+08:00][sql] SELECT `id` FROM `goods` WHERE  `status` = 1  AND `end_time` <= 1787102026 [ RunTime:0.000734s ]
[2026-08-19T09:13:46+08:00][sql] SHOW FULL COLUMNS FROM `user` [ RunTime:0.001260s ]
[2026-08-19T09:13:46+08:00][sql] SELECT * FROM `user` WHERE  `id` = 27 LIMIT 1 [ RunTime:0.000683s ]
[2026-08-19T09:13:46+08:00][sql] SHOW FULL COLUMNS FROM `setting` [ RunTime:0.001098s ]
[2026-08-19T09:13:46+08:00][sql] SELECT * FROM `setting` [ RunTime:0.000633s ]
[2026-08-19T09:13:46+08:00][sql] SELECT `g`.*,u.nickname as seller_name,u.shop_name as seller_shop,u.avatar as seller_avatar,c.name as category_name FROM `goods` `g` LEFT JOIN `user` `u` ON `g`.`seller_id`=`u`.`id` LEFT JOIN `category` `c` ON `g`.`category_id`=`c`.`id` WHERE  `g`.`id` = '28' LIMIT 1 [ RunTime:0.000859s ]
[2026-08-19T09:13:46+08:00][sql] UPDATE `goods`  SET `view_count` = `view_count` + 1  WHERE  `id` = 28 [ RunTime:0.001435s ]
[2026-08-19T09:13:46+08:00][sql] SHOW FULL COLUMNS FROM `bid_record` [ RunTime:0.001294s ]
[2026-08-19T09:13:46+08:00][sql] SELECT `b`.*,`u`.`nickname`,`u`.`mobile` FROM `bid_record` `b` LEFT JOIN `user` `u` ON `b`.`user_id`=`u`.`id` WHERE  `b`.`goods_id` = '28'  AND `b`.`status` = '0' ORDER BY `b`.`price` DESC,`b`.`id` ASC LIMIT 1 [ RunTime:0.000674s ]
[2026-08-19T09:13:46+08:00][sql] SELECT `b`.*,`u`.`nickname`,`u`.`mobile` FROM `bid_record` `b` LEFT JOIN `user` `u` ON `b`.`user_id`=`u`.`id` WHERE  `b`.`goods_id` = '28' ORDER BY `b`.`price` DESC,`b`.`id` ASC LIMIT 50 [ RunTime:0.000668s ]
[2026-08-19T09:13:46+08:00][sql] SELECT MAX(`price`) AS think_max FROM `bid_record` WHERE  `goods_id` = 28  AND `user_id` = 27  AND `status` = 0 [ RunTime:0.000730s ]
[2026-08-19T09:13:46+08:00][sql] SELECT MAX(`deposit`) AS think_max FROM `bid_record` WHERE  `goods_id` = 28  AND `user_id` = 27  AND `deposit` > '0' [ RunTime:0.000842s ]
[2026-08-19T09:13:46+08:00][sql] SHOW FULL COLUMNS FROM `browse_history` [ RunTime:0.001148s ]
[2026-08-19T09:13:46+08:00][sql] REPLACE INTO `browse_history` SET `user_id` = 27 , `goods_id` = 28 , `create_time` = 1787102026 [ RunTime:0.001460s ]
[2026-08-19T09:13:46+08:00][sql] SHOW FULL COLUMNS FROM `goods_favorite` [ RunTime:0.002356s ]
[2026-08-19T09:13:46+08:00][sql] SELECT COUNT(*) AS think_count FROM `goods_favorite` WHERE  `user_id` = 27  AND `goods_id` = 28 [ RunTime:0.000574s ]
[2026-08-19T09:13:46+08:00][sql] SHOW FULL COLUMNS FROM `seller_follow` [ RunTime:0.001029s ]
[2026-08-19T09:13:46+08:00][sql] SELECT COUNT(*) AS think_count FROM `seller_follow` WHERE  `user_id` = 27  AND `seller_id` = 20 [ RunTime:0.000575s ]
[2026-08-19T09:14:13+08:00][sql] CONNECT:[ UseTime:0.001708s ] mysql:host=127.0.0.1;port=3306;dbname=auction;charset=utf8mb4
[2026-08-19T09:14:13+08:00][sql] SHOW FULL COLUMNS FROM `goods` [ RunTime:0.001487s ]
[2026-08-19T09:14:13+08:00][sql] SELECT `id` FROM `goods` WHERE  `status` = 1  AND `end_time` <= 1787102053 [ RunTime:0.000745s ]
[2026-08-19T09:14:13+08:00][sql] SHOW FULL COLUMNS FROM `user` [ RunTime:0.001394s ]
[2026-08-19T09:14:13+08:00][sql] SELECT * FROM `user` WHERE  `id` = 25 LIMIT 1 [ RunTime:0.000786s ]
[2026-08-19T09:14:13+08:00][sql] SHOW FULL COLUMNS FROM `setting` [ RunTime:0.001126s ]
[2026-08-19T09:14:13+08:00][sql] SELECT * FROM `setting` [ RunTime:0.000659s ]
[2026-08-19T09:14:13+08:00][sql] SELECT COUNT(*) AS think_count FROM `goods` WHERE  `seller_id` = 25 [ RunTime:0.000733s ]
[2026-08-19T09:14:13+08:00][sql] SELECT * FROM `goods` WHERE  `seller_id` = 25 ORDER BY `id` DESC LIMIT 0,10 [ RunTime:0.000902s ]
[2026-08-19T09:14:13+08:00][sql] SHOW FULL COLUMNS FROM `bid_record` [ RunTime:0.001184s ]
[2026-08-19T09:14:13+08:00][sql] SELECT MAX(`price`) AS think_max FROM `bid_record` WHERE  `goods_id` = 33  AND `status` = 0 [ RunTime:0.000762s ]
[2026-08-19T09:14:13+08:00][sql] SELECT MAX(`price`) AS think_max FROM `bid_record` WHERE  `goods_id` = 32  AND `status` = 0 [ RunTime:0.000627s ]
[2026-08-19T09:14:13+08:00][sql] SELECT MAX(`price`) AS think_max FROM `bid_record` WHERE  `goods_id` = 31  AND `status` = 0 [ RunTime:0.000511s ]
[2026-08-19T09:14:13+08:00][sql] SELECT MAX(`price`) AS think_max FROM `bid_record` WHERE  `goods_id` = 30  AND `status` = 0 [ RunTime:0.000518s ]
[2026-08-19T09:14:13+08:00][sql] SELECT MAX(`price`) AS think_max FROM `bid_record` WHERE  `goods_id` = 29  AND `status` = 0 [ RunTime:0.000527s ]
[2026-08-19T09:14:13+08:00][sql] SELECT MAX(`price`) AS think_max FROM `bid_record` WHERE  `goods_id` = 27  AND `status` = 0 [ RunTime:0.000666s ]
[2026-08-19T09:14:26+08:00][sql] CONNECT:[ UseTime:0.015767s ] mysql:host=127.0.0.1;port=3306;dbname=auction;charset=utf8mb4
[2026-08-19T09:14:26+08:00][sql] SHOW FULL COLUMNS FROM `goods` [ RunTime:0.001969s ]
[2026-08-19T09:14:26+08:00][sql] SELECT `id` FROM `goods` WHERE  `status` = 1  AND `end_time` <= 1787102066 [ RunTime:0.001011s ]
[2026-08-19T09:14:26+08:00][sql] SHOW FULL COLUMNS FROM `user` [ RunTime:0.001835s ]
[2026-08-19T09:14:26+08:00][sql] SELECT * FROM `user` WHERE  `id` = 25 LIMIT 1 [ RunTime:0.001024s ]
[2026-08-19T09:14:26+08:00][sql] SHOW FULL COLUMNS FROM `setting` [ RunTime:0.001530s ]
[2026-08-19T09:14:26+08:00][sql] SELECT * FROM `setting` [ RunTime:0.000789s ]
[2026-08-19T09:14:26+08:00][sql] SELECT * FROM `goods` WHERE  `id` = 30  AND `seller_id` = 25 LIMIT 1 [ RunTime:0.001128s ]
[2026-08-19T09:14:26+08:00][sql] SHOW FULL COLUMNS FROM `bid_record` [ RunTime:0.001460s ]
[2026-08-19T09:14:26+08:00][sql] DELETE FROM `bid_record` WHERE  `goods_id` = 30 [ RunTime:0.000767s ]
[2026-08-19T09:14:26+08:00][sql] UPDATE `goods`  SET `status` = 1 , `start_time` = 1787102066 , `end_time` = 1787188560 , `bid_count` = 0 , `winner_id` = 0 , `final_price` = '0' , `update_time` = 1787102066  WHERE  `id` = 30 [ RunTime:0.005973s ]
[2026-08-19T09:14:26+08:00][sql] CONNECT:[ UseTime:0.001951s ] mysql:host=127.0.0.1;port=3306;dbname=auction;charset=utf8mb4
[2026-08-19T09:14:26+08:00][sql] SHOW FULL COLUMNS FROM `goods` [ RunTime:0.001551s ]
[2026-08-19T09:14:26+08:00][sql] SELECT `id` FROM `goods` WHERE  `status` = 1  AND `end_time` <= 1787102066 [ RunTime:0.000772s ]
[2026-08-19T09:14:26+08:00][sql] SHOW FULL COLUMNS FROM `user` [ RunTime:0.001358s ]
[2026-08-19T09:14:26+08:00][sql] SELECT * FROM `user` WHERE  `id` = 25 LIMIT 1 [ RunTime:0.000757s ]
[2026-08-19T09:14:26+08:00][sql] SHOW FULL COLUMNS FROM `setting` [ RunTime:0.001120s ]
[2026-08-19T09:14:26+08:00][sql] SELECT * FROM `setting` [ RunTime:0.000690s ]
[2026-08-19T09:14:26+08:00][sql] SELECT COUNT(*) AS think_count FROM `goods` WHERE  `seller_id` = 25 [ RunTime:0.001116s ]
[2026-08-19T09:14:26+08:00][sql] SELECT * FROM `goods` WHERE  `seller_id` = 25 ORDER BY `id` DESC LIMIT 0,10 [ RunTime:0.001197s ]
[2026-08-19T09:14:26+08:00][sql] SHOW FULL COLUMNS FROM `bid_record` [ RunTime:0.001431s ]
[2026-08-19T09:14:26+08:00][sql] SELECT MAX(`price`) AS think_max FROM `bid_record` WHERE  `goods_id` = 33  AND `status` = 0 [ RunTime:0.000968s ]
[2026-08-19T09:14:26+08:00][sql] SELECT MAX(`price`) AS think_max FROM `bid_record` WHERE  `goods_id` = 32  AND `status` = 0 [ RunTime:0.000964s ]
[2026-08-19T09:14:26+08:00][sql] SELECT MAX(`price`) AS think_max FROM `bid_record` WHERE  `goods_id` = 31  AND `status` = 0 [ RunTime:0.000914s ]
[2026-08-19T09:14:26+08:00][sql] SELECT MAX(`price`) AS think_max FROM `bid_record` WHERE  `goods_id` = 30  AND `status` = 0 [ RunTime:0.000875s ]
[2026-08-19T09:14:26+08:00][sql] SELECT MAX(`price`) AS think_max FROM `bid_record` WHERE  `goods_id` = 29  AND `status` = 0 [ RunTime:0.000896s ]
[2026-08-19T09:14:26+08:00][sql] SELECT MAX(`price`) AS think_max FROM `bid_record` WHERE  `goods_id` = 27  AND `status` = 0 [ RunTime:0.000874s ]
[2026-08-19T09:14:29+08:00][sql] CONNECT:[ UseTime:0.007621s ] mysql:host=127.0.0.1;port=3306;dbname=auction;charset=utf8mb4
[2026-08-19T09:14:29+08:00][sql] SHOW FULL COLUMNS FROM `goods` [ RunTime:0.002290s ]
[2026-08-19T09:14:29+08:00][sql] SELECT `id` FROM `goods` WHERE  `status` = 1  AND `end_time` <= 1787102069 [ RunTime:0.001069s ]
[2026-08-19T09:14:29+08:00][sql] SHOW FULL COLUMNS FROM `user` [ RunTime:0.001951s ]
[2026-08-19T09:14:29+08:00][sql] SELECT * FROM `user` WHERE  `id` = 27 LIMIT 1 [ RunTime:0.000996s ]
[2026-08-19T09:14:29+08:00][sql] SHOW FULL COLUMNS FROM `setting` [ RunTime:0.001512s ]
[2026-08-19T09:14:29+08:00][sql] SELECT * FROM `setting` [ RunTime:0.000840s ]
[2026-08-19T09:14:29+08:00][sql] SELECT COUNT(*) AS think_count FROM `goods` `g` LEFT JOIN `user` `u` ON `g`.`seller_id`=`u`.`id` WHERE  `g`.`status` = '1'  AND `g`.`start_time` <= '1787102069'  AND `g`.`end_time` > '1787102069' [ RunTime:0.001272s ]
[2026-08-19T09:14:29+08:00][sql] SELECT `g`.*,u.nickname as seller_name FROM `goods` `g` LEFT JOIN `user` `u` ON `g`.`seller_id`=`u`.`id` WHERE  `g`.`status` = '1'  AND `g`.`start_time` <= '1787102069'  AND `g`.`end_time` > '1787102069' ORDER BY `g`.`end_time` ASC,`g`.`id` DESC LIMIT 0,10 [ RunTime:0.001417s ]
[2026-08-19T09:14:29+08:00][sql] SHOW FULL COLUMNS FROM `bid_record` [ RunTime:0.001524s ]
[2026-08-19T09:14:29+08:00][sql] SELECT MAX(`price`) AS think_max FROM `bid_record` WHERE  `goods_id` = 28  AND `status` = 0 [ RunTime:0.000998s ]
[2026-08-19T09:14:29+08:00][sql] SELECT MAX(`price`) AS think_max FROM `bid_record` WHERE  `goods_id` = 33  AND `status` = 0 [ RunTime:0.000937s ]
[2026-08-19T09:14:29+08:00][sql] SELECT MAX(`price`) AS think_max FROM `bid_record` WHERE  `goods_id` = 30  AND `status` = 0 [ RunTime:0.000884s ]
[2026-08-19T09:14:29+08:00][sql] SHOW FULL COLUMNS FROM `category` [ RunTime:0.001530s ]
[2026-08-19T09:14:29+08:00][sql] SELECT * FROM `category` WHERE  `status` = 1 ORDER BY `sort` ASC [ RunTime:0.000913s ]
[2026-08-19T09:14:29+08:00][sql] SELECT `b`.`price`,`b`.`create_time`,`g`.`title`,`u`.`nickname` FROM `bid_record` `b` LEFT JOIN `goods` `g` ON `b`.`goods_id`=`g`.`id` LEFT JOIN `user` `u` ON `b`.`user_id`=`u`.`id` WHERE  `b`.`status` = '1' ORDER BY `b`.`id` DESC LIMIT 5 [ RunTime:0.000994s ]
[2026-08-19T09:14:29+08:00][sql] SHOW FULL COLUMNS FROM `news` [ RunTime:0.001520s ]
[2026-08-19T09:14:29+08:00][sql] SELECT `id`,`title`,`create_time` FROM `news` WHERE  `status` = 1 ORDER BY `id` DESC LIMIT 3 [ RunTime:0.000997s ]
[2026-08-19T09:14:29+08:00][sql] SHOW FULL COLUMNS FROM `banner` [ RunTime:0.001758s ]
[2026-08-19T09:14:29+08:00][sql] SELECT * FROM `banner` WHERE  `status` = 1 ORDER BY `sort` ASC,`id` ASC [ RunTime:0.001036s ]
[2026-08-19T09:14:51+08:00][sql] CONNECT:[ UseTime:0.003502s ] mysql:host=127.0.0.1;port=3306;dbname=auction;charset=utf8mb4
[2026-08-19T09:14:51+08:00][sql] SHOW FULL COLUMNS FROM `goods` [ RunTime:0.001621s ]
[2026-08-19T09:14:51+08:00][sql] SELECT `id` FROM `goods` WHERE  `status` = 1  AND `end_time` <= 1787102091 [ RunTime:0.000810s ]
[2026-08-19T09:14:51+08:00][sql] SHOW FULL COLUMNS FROM `user` [ RunTime:0.001389s ]
[2026-08-19T09:14:51+08:00][sql] SELECT * FROM `user` WHERE  `id` = 25 LIMIT 1 [ RunTime:0.000750s ]
[2026-08-19T09:14:51+08:00][sql] SHOW FULL COLUMNS FROM `setting` [ RunTime:0.001106s ]
[2026-08-19T09:14:51+08:00][sql] SELECT * FROM `setting` [ RunTime:0.000645s ]
[2026-08-19T09:14:51+08:00][sql] SELECT * FROM `goods` WHERE  `id` = 27  AND `seller_id` = 25 LIMIT 1 [ RunTime:0.000744s ]
[2026-08-19T09:14:51+08:00][sql] SHOW FULL COLUMNS FROM `bid_record` [ RunTime:0.001152s ]
[2026-08-19T09:14:51+08:00][sql] DELETE FROM `bid_record` WHERE  `goods_id` = 27 [ RunTime:0.000661s ]
[2026-08-19T09:14:51+08:00][sql] UPDATE `goods`  SET `status` = 1 , `start_time` = 1787102091 , `end_time` = 1787102160 , `bid_count` = 0 , `winner_id` = 0 , `final_price` = '0' , `update_time` = 1787102091  WHERE  `id` = 27 [ RunTime:0.005019s ]
[2026-08-19T09:14:52+08:00][sql] CONNECT:[ UseTime:0.018149s ] mysql:host=127.0.0.1;port=3306;dbname=auction;charset=utf8mb4
[2026-08-19T09:14:52+08:00][sql] SHOW FULL COLUMNS FROM `goods` [ RunTime:0.002641s ]
[2026-08-19T09:14:52+08:00][sql] SELECT `id` FROM `goods` WHERE  `status` = 1  AND `end_time` <= 1787102091 [ RunTime:0.001021s ]
[2026-08-19T09:14:52+08:00][sql] SHOW FULL COLUMNS FROM `user` [ RunTime:0.002401s ]
[2026-08-19T09:14:52+08:00][sql] SELECT * FROM `user` WHERE  `id` = 25 LIMIT 1 [ RunTime:0.001225s ]
[2026-08-19T09:14:52+08:00][sql] SHOW FULL COLUMNS FROM `setting` [ RunTime:0.001922s ]
[2026-08-19T09:14:52+08:00][sql] SELECT * FROM `setting` [ RunTime:0.001050s ]
[2026-08-19T09:14:52+08:00][sql] SELECT COUNT(*) AS think_count FROM `goods` WHERE  `seller_id` = 25 [ RunTime:0.001172s ]
[2026-08-19T09:14:52+08:00][sql] SELECT * FROM `goods` WHERE  `seller_id` = 25 ORDER BY `id` DESC LIMIT 0,10 [ RunTime:0.001714s ]
[2026-08-19T09:14:52+08:00][sql] SHOW FULL COLUMNS FROM `bid_record` [ RunTime:0.002234s ]
[2026-08-19T09:14:52+08:00][sql] SELECT MAX(`price`) AS think_max FROM `bid_record` WHERE  `goods_id` = 33  AND `status` = 0 [ RunTime:0.000949s ]
[2026-08-19T09:14:52+08:00][sql] SELECT MAX(`price`) AS think_max FROM `bid_record` WHERE  `goods_id` = 32  AND `status` = 0 [ RunTime:0.000917s ]
[2026-08-19T09:14:52+08:00][sql] SELECT MAX(`price`) AS think_max FROM `bid_record` WHERE  `goods_id` = 31  AND `status` = 0 [ RunTime:0.000883s ]
[2026-08-19T09:14:52+08:00][sql] SELECT MAX(`price`) AS think_max FROM `bid_record` WHERE  `goods_id` = 30  AND `status` = 0 [ RunTime:0.000813s ]
[2026-08-19T09:14:52+08:00][sql] SELECT MAX(`price`) AS think_max FROM `bid_record` WHERE  `goods_id` = 29  AND `status` = 0 [ RunTime:0.000814s ]
[2026-08-19T09:14:52+08:00][sql] SELECT MAX(`price`) AS think_max FROM `bid_record` WHERE  `goods_id` = 27  AND `status` = 0 [ RunTime:0.000768s ]
[2026-08-19T09:14:55+08:00][sql] CONNECT:[ UseTime:0.002133s ] mysql:host=127.0.0.1;port=3306;dbname=auction;charset=utf8mb4
[2026-08-19T09:14:55+08:00][sql] SHOW FULL COLUMNS FROM `goods` [ RunTime:0.000934s ]
[2026-08-19T09:14:55+08:00][sql] SELECT `id` FROM `goods` WHERE  `status` = 1  AND `end_time` <= 1787102095 [ RunTime:0.000620s ]
[2026-08-19T09:14:55+08:00][sql] SHOW FULL COLUMNS FROM `user` [ RunTime:0.001076s ]
[2026-08-19T09:14:55+08:00][sql] SELECT * FROM `user` WHERE  `id` = 27 LIMIT 1 [ RunTime:0.000540s ]
[2026-08-19T09:14:55+08:00][sql] SHOW FULL COLUMNS FROM `setting` [ RunTime:0.000834s ]
[2026-08-19T09:14:55+08:00][sql] SELECT * FROM `setting` [ RunTime:0.000526s ]
[2026-08-19T09:14:55+08:00][sql] SELECT COUNT(*) AS think_count FROM `goods` `g` LEFT JOIN `user` `u` ON `g`.`seller_id`=`u`.`id` WHERE  `g`.`status` = '1'  AND `g`.`start_time` <= '1787102095'  AND `g`.`end_time` > '1787102095' [ RunTime:0.000751s ]
[2026-08-19T09:14:55+08:00][sql] SELECT `g`.*,u.nickname as seller_name FROM `goods` `g` LEFT JOIN `user` `u` ON `g`.`seller_id`=`u`.`id` WHERE  `g`.`status` = '1'  AND `g`.`start_time` <= '1787102095'  AND `g`.`end_time` > '1787102095' ORDER BY `g`.`end_time` ASC,`g`.`id` DESC LIMIT 0,10 [ RunTime:0.000833s ]
[2026-08-19T09:14:55+08:00][sql] SHOW FULL COLUMNS FROM `bid_record` [ RunTime:0.001054s ]
[2026-08-19T09:14:55+08:00][sql] SELECT MAX(`price`) AS think_max FROM `bid_record` WHERE  `goods_id` = 27  AND `status` = 0 [ RunTime:0.000846s ]
[2026-08-19T09:14:55+08:00][sql] SELECT MAX(`price`) AS think_max FROM `bid_record` WHERE  `goods_id` = 28  AND `status` = 0 [ RunTime:0.000606s ]
[2026-08-19T09:14:55+08:00][sql] SELECT MAX(`price`) AS think_max FROM `bid_record` WHERE  `goods_id` = 33  AND `status` = 0 [ RunTime:0.000538s ]
[2026-08-19T09:14:55+08:00][sql] SELECT MAX(`price`) AS think_max FROM `bid_record` WHERE  `goods_id` = 30  AND `status` = 0 [ RunTime:0.000543s ]
[2026-08-19T09:14:55+08:00][sql] SHOW FULL COLUMNS FROM `category` [ RunTime:0.001067s ]
[2026-08-19T09:14:55+08:00][sql] SELECT * FROM `category` WHERE  `status` = 1 ORDER BY `sort` ASC [ RunTime:0.000710s ]
[2026-08-19T09:14:55+08:00][sql] SELECT `b`.`price`,`b`.`create_time`,`g`.`title`,`u`.`nickname` FROM `bid_record` `b` LEFT JOIN `goods` `g` ON `b`.`goods_id`=`g`.`id` LEFT JOIN `user` `u` ON `b`.`user_id`=`u`.`id` WHERE  `b`.`status` = '1' ORDER BY `b`.`id` DESC LIMIT 5 [ RunTime:0.000793s ]
[2026-08-19T09:14:55+08:00][sql] SHOW FULL COLUMNS FROM `news` [ RunTime:0.001226s ]
[2026-08-19T09:14:55+08:00][sql] SELECT `id`,`title`,`create_time` FROM `news` WHERE  `status` = 1 ORDER BY `id` DESC LIMIT 3 [ RunTime:0.000539s ]
[2026-08-19T09:14:55+08:00][sql] SHOW FULL COLUMNS FROM `banner` [ RunTime:0.000986s ]
[2026-08-19T09:14:55+08:00][sql] SELECT * FROM `banner` WHERE  `status` = 1 ORDER BY `sort` ASC,`id` ASC [ RunTime:0.000613s ]
[2026-08-19T09:14:58+08:00][sql] CONNECT:[ UseTime:0.012023s ] mysql:host=127.0.0.1;port=3306;dbname=auction;charset=utf8mb4
[2026-08-19T09:14:58+08:00][sql] SHOW FULL COLUMNS FROM `goods` [ RunTime:0.001571s ]
[2026-08-19T09:14:58+08:00][sql] SELECT `id` FROM `goods` WHERE  `status` = 1  AND `end_time` <= 1787102097 [ RunTime:0.000991s ]
[2026-08-19T09:14:58+08:00][sql] SHOW FULL COLUMNS FROM `user` [ RunTime:0.001845s ]
[2026-08-19T09:14:58+08:00][sql] SELECT * FROM `user` WHERE  `id` = 27 LIMIT 1 [ RunTime:0.001011s ]
[2026-08-19T09:14:58+08:00][sql] SHOW FULL COLUMNS FROM `setting` [ RunTime:0.001527s ]
[2026-08-19T09:14:58+08:00][sql] SELECT * FROM `setting` [ RunTime:0.000855s ]
[2026-08-19T09:14:58+08:00][sql] SELECT `g`.*,u.nickname as seller_name,u.shop_name as seller_shop,u.avatar as seller_avatar,c.name as category_name FROM `goods` `g` LEFT JOIN `user` `u` ON `g`.`seller_id`=`u`.`id` LEFT JOIN `category` `c` ON `g`.`category_id`=`c`.`id` WHERE  `g`.`id` = '27' LIMIT 1 [ RunTime:0.001075s ]
[2026-08-19T09:14:58+08:00][sql] UPDATE `goods`  SET `view_count` = `view_count` + 1  WHERE  `id` = 27 [ RunTime:0.001733s ]
[2026-08-19T09:14:58+08:00][sql] SHOW FULL COLUMNS FROM `bid_record` [ RunTime:0.001626s ]
[2026-08-19T09:14:58+08:00][sql] SELECT `b`.*,`u`.`nickname`,`u`.`mobile` FROM `bid_record` `b` LEFT JOIN `user` `u` ON `b`.`user_id`=`u`.`id` WHERE  `b`.`goods_id` = '27'  AND `b`.`status` = '0' ORDER BY `b`.`price` DESC,`b`.`id` ASC LIMIT 1 [ RunTime:0.001099s ]
[2026-08-19T09:14:58+08:00][sql] SELECT `b`.*,`u`.`nickname`,`u`.`mobile` FROM `bid_record` `b` LEFT JOIN `user` `u` ON `b`.`user_id`=`u`.`id` WHERE  `b`.`goods_id` = '27' ORDER BY `b`.`price` DESC,`b`.`id` ASC LIMIT 50 [ RunTime:0.001038s ]
[2026-08-19T09:14:58+08:00][sql] SELECT MAX(`price`) AS think_max FROM `bid_record` WHERE  `goods_id` = 27  AND `user_id` = 27  AND `status` = 0 [ RunTime:0.000915s ]
[2026-08-19T09:14:58+08:00][sql] SELECT MAX(`deposit`) AS think_max FROM `bid_record` WHERE  `goods_id` = 27  AND `user_id` = 27  AND `deposit` > '0' [ RunTime:0.000877s ]
[2026-08-19T09:14:58+08:00][sql] SHOW FULL COLUMNS FROM `browse_history` [ RunTime:0.001447s ]
[2026-08-19T09:14:58+08:00][sql] REPLACE INTO `browse_history` SET `user_id` = 27 , `goods_id` = 27 , `create_time` = 1787102098 [ RunTime:0.001726s ]
[2026-08-19T09:14:58+08:00][sql] SHOW FULL COLUMNS FROM `goods_favorite` [ RunTime:0.001410s ]
[2026-08-19T09:14:58+08:00][sql] SELECT COUNT(*) AS think_count FROM `goods_favorite` WHERE  `user_id` = 27  AND `goods_id` = 27 [ RunTime:0.000799s ]
[2026-08-19T09:14:58+08:00][sql] SHOW FULL COLUMNS FROM `seller_follow` [ RunTime:0.001355s ]
[2026-08-19T09:14:58+08:00][sql] SELECT COUNT(*) AS think_count FROM `seller_follow` WHERE  `user_id` = 27  AND `seller_id` = 25 [ RunTime:0.000965s ]
[2026-08-19T09:15:02+08:00][sql] CONNECT:[ UseTime:0.016764s ] mysql:host=127.0.0.1;port=3306;dbname=auction;charset=utf8mb4
[2026-08-19T09:15:02+08:00][sql] SHOW FULL COLUMNS FROM `goods` [ RunTime:0.002191s ]
[2026-08-19T09:15:02+08:00][sql] SELECT `id` FROM `goods` WHERE  `status` = 1  AND `end_time` <= 1787102102 [ RunTime:0.000989s ]
[2026-08-19T09:15:02+08:00][sql] SHOW FULL COLUMNS FROM `user` [ RunTime:0.001760s ]
[2026-08-19T09:15:02+08:00][sql] SELECT * FROM `user` WHERE  `id` = 27 LIMIT 1 [ RunTime:0.000932s ]
[2026-08-19T09:15:02+08:00][sql] SHOW FULL COLUMNS FROM `setting` [ RunTime:0.001366s ]
[2026-08-19T09:15:02+08:00][sql] SELECT * FROM `setting` [ RunTime:0.000787s ]
[2026-08-19T09:15:02+08:00][sql] SELECT * FROM `goods` WHERE  `id` = 27 LIMIT 1   FOR UPDATE [ RunTime:0.000731s ]
[2026-08-19T09:15:02+08:00][sql] SHOW FULL COLUMNS FROM `bid_record` [ RunTime:0.000877s ]
[2026-08-19T09:15:02+08:00][sql] SELECT MAX(`price`) AS think_max FROM `bid_record` WHERE  `goods_id` = 27  AND `status` = 0 [ RunTime:0.000898s ]
[2026-08-19T09:15:02+08:00][sql] SELECT * FROM `user` WHERE  `id` = 27 LIMIT 1   FOR UPDATE [ RunTime:0.000929s ]
[2026-08-19T09:15:02+08:00][sql] SELECT MAX(`deposit`) AS think_max FROM `bid_record` WHERE  `goods_id` = 27  AND `user_id` = 27  AND `deposit` > '0' [ RunTime:0.000881s ]
[2026-08-19T09:15:02+08:00][sql] UPDATE `user`  SET `balance` = '99800' , `freeze_balance` = '200' , `update_time` = 1787102102  WHERE  `id` = 27 [ RunTime:0.000844s ]
[2026-08-19T09:15:02+08:00][sql] SHOW FULL COLUMNS FROM `balance_log` [ RunTime:0.001448s ]
[2026-08-19T09:15:02+08:00][sql] INSERT INTO `balance_log` SET `user_id` = 27 , `type` = 'deposit' , `amount` = '-100' , `balance` = '99800' , `remark` = '拍卖保证金（测试商品）' , `create_time` = 1787102102 [ RunTime:0.000778s ]
[2026-08-19T09:15:02+08:00][sql] INSERT INTO `bid_record` SET `goods_id` = 27 , `user_id` = 27 , `price` = '1100' , `deposit` = '100' , `status` = 0 , `is_winner` = 0 , `create_time` = 1787102102 [ RunTime:0.000710s ]
[2026-08-19T09:15:02+08:00][sql] UPDATE `goods`  SET `bid_count` = bid_count+1 , `update_time` = 1787102102  WHERE  `id` = 27 [ RunTime:0.000840s ]
[2026-08-19T09:15:03+08:00][sql] CONNECT:[ UseTime:0.001995s ] mysql:host=127.0.0.1;port=3306;dbname=auction;charset=utf8mb4
[2026-08-19T09:15:03+08:00][sql] SHOW FULL COLUMNS FROM `goods` [ RunTime:0.001351s ]
[2026-08-19T09:15:03+08:00][sql] SELECT `id` FROM `goods` WHERE  `status` = 1  AND `end_time` <= 1787102103 [ RunTime:0.000632s ]
[2026-08-19T09:15:03+08:00][sql] SHOW FULL COLUMNS FROM `user` [ RunTime:0.001425s ]
[2026-08-19T09:15:03+08:00][sql] SELECT * FROM `user` WHERE  `id` = 27 LIMIT 1 [ RunTime:0.001012s ]
[2026-08-19T09:15:03+08:00][sql] SHOW FULL COLUMNS FROM `setting` [ RunTime:0.001252s ]
[2026-08-19T09:15:03+08:00][sql] SELECT * FROM `setting` [ RunTime:0.000729s ]
[2026-08-19T09:15:03+08:00][sql] SELECT `g`.*,u.nickname as seller_name,u.shop_name as seller_shop,u.avatar as seller_avatar,c.name as category_name FROM `goods` `g` LEFT JOIN `user` `u` ON `g`.`seller_id`=`u`.`id` LEFT JOIN `category` `c` ON `g`.`category_id`=`c`.`id` WHERE  `g`.`id` = '27' LIMIT 1 [ RunTime:0.000864s ]
[2026-08-19T09:15:03+08:00][sql] UPDATE `goods`  SET `view_count` = `view_count` + 1  WHERE  `id` = 27 [ RunTime:0.001631s ]
[2026-08-19T09:15:03+08:00][sql] SHOW FULL COLUMNS FROM `bid_record` [ RunTime:0.001210s ]
[2026-08-19T09:15:03+08:00][sql] SELECT `b`.*,`u`.`nickname`,`u`.`mobile` FROM `bid_record` `b` LEFT JOIN `user` `u` ON `b`.`user_id`=`u`.`id` WHERE  `b`.`goods_id` = '27'  AND `b`.`status` = '0' ORDER BY `b`.`price` DESC,`b`.`id` ASC LIMIT 1 [ RunTime:0.000805s ]
[2026-08-19T09:15:03+08:00][sql] SELECT `b`.*,`u`.`nickname`,`u`.`mobile` FROM `bid_record` `b` LEFT JOIN `user` `u` ON `b`.`user_id`=`u`.`id` WHERE  `b`.`goods_id` = '27' ORDER BY `b`.`price` DESC,`b`.`id` ASC LIMIT 50 [ RunTime:0.000786s ]
[2026-08-19T09:15:03+08:00][sql] SELECT MAX(`price`) AS think_max FROM `bid_record` WHERE  `goods_id` = 27  AND `user_id` = 27  AND `status` = 0 [ RunTime:0.000726s ]
[2026-08-19T09:15:03+08:00][sql] SELECT MAX(`deposit`) AS think_max FROM `bid_record` WHERE  `goods_id` = 27  AND `user_id` = 27  AND `deposit` > '0' [ RunTime:0.000914s ]
[2026-08-19T09:15:03+08:00][sql] SHOW FULL COLUMNS FROM `browse_history` [ RunTime:0.001020s ]
[2026-08-19T09:15:03+08:00][sql] REPLACE INTO `browse_history` SET `user_id` = 27 , `goods_id` = 27 , `create_time` = 1787102103 [ RunTime:0.001690s ]
[2026-08-19T09:15:03+08:00][sql] SHOW FULL COLUMNS FROM `goods_favorite` [ RunTime:0.001182s ]
[2026-08-19T09:15:03+08:00][sql] SELECT COUNT(*) AS think_count FROM `goods_favorite` WHERE  `user_id` = 27  AND `goods_id` = 27 [ RunTime:0.000659s ]
[2026-08-19T09:15:03+08:00][sql] SHOW FULL COLUMNS FROM `seller_follow` [ RunTime:0.001030s ]
[2026-08-19T09:15:03+08:00][sql] SELECT COUNT(*) AS think_count FROM `seller_follow` WHERE  `user_id` = 27  AND `seller_id` = 25 [ RunTime:0.000628s ]
[2026-08-19T09:15:06+08:00][sql] CONNECT:[ UseTime:0.009125s ] mysql:host=127.0.0.1;port=3306;dbname=auction;charset=utf8mb4
[2026-08-19T09:15:06+08:00][sql] SHOW FULL COLUMNS FROM `goods` [ RunTime:0.001358s ]
[2026-08-19T09:15:06+08:00][sql] SELECT `id` FROM `goods` WHERE  `status` = 1  AND `end_time` <= 1787102106 [ RunTime:0.000696s ]
[2026-08-19T09:15:06+08:00][sql] SHOW FULL COLUMNS FROM `user` [ RunTime:0.001236s ]
[2026-08-19T09:15:06+08:00][sql] SELECT * FROM `user` WHERE  `id` = 27 LIMIT 1 [ RunTime:0.000716s ]
[2026-08-19T09:15:06+08:00][sql] SHOW FULL COLUMNS FROM `setting` [ RunTime:0.001035s ]
[2026-08-19T09:15:06+08:00][sql] SELECT * FROM `setting` [ RunTime:0.000546s ]
[2026-08-19T09:15:06+08:00][sql] SELECT * FROM `goods` WHERE  `id` = 27 LIMIT 1   FOR UPDATE [ RunTime:0.000732s ]
[2026-08-19T09:15:06+08:00][sql] SHOW FULL COLUMNS FROM `bid_record` [ RunTime:0.001045s ]
[2026-08-19T09:15:06+08:00][sql] SELECT MAX(`price`) AS think_max FROM `bid_record` WHERE  `goods_id` = 27  AND `status` = 0 [ RunTime:0.000613s ]
[2026-08-19T09:15:06+08:00][sql] SELECT * FROM `user` WHERE  `id` = 27 LIMIT 1   FOR UPDATE [ RunTime:0.000559s ]
[2026-08-19T09:15:06+08:00][sql] SELECT MAX(`deposit`) AS think_max FROM `bid_record` WHERE  `goods_id` = 27  AND `user_id` = 27  AND `deposit` > '0' [ RunTime:0.000522s ]
[2026-08-19T09:15:06+08:00][sql] INSERT INTO `bid_record` SET `goods_id` = 27 , `user_id` = 27 , `price` = '1200' , `deposit` = '0' , `status` = 0 , `is_winner` = 0 , `create_time` = 1787102106 [ RunTime:0.000457s ]
[2026-08-19T09:15:06+08:00][sql] UPDATE `goods`  SET `bid_count` = bid_count+1 , `update_time` = 1787102106  WHERE  `id` = 27 [ RunTime:0.000622s ]
[2026-08-19T09:15:07+08:00][sql] CONNECT:[ UseTime:0.017856s ] mysql:host=127.0.0.1;port=3306;dbname=auction;charset=utf8mb4
[2026-08-19T09:15:07+08:00][sql] SHOW FULL COLUMNS FROM `goods` [ RunTime:0.002298s ]
[2026-08-19T09:15:07+08:00][sql] SELECT `id` FROM `goods` WHERE  `status` = 1  AND `end_time` <= 1787102107 [ RunTime:0.001033s ]
[2026-08-19T09:15:07+08:00][sql] SHOW FULL COLUMNS FROM `user` [ RunTime:0.002005s ]
[2026-08-19T09:15:07+08:00][sql] SELECT * FROM `user` WHERE  `id` = 27 LIMIT 1 [ RunTime:0.001029s ]
[2026-08-19T09:15:07+08:00][sql] SHOW FULL COLUMNS FROM `setting` [ RunTime:0.001528s ]
[2026-08-19T09:15:07+08:00][sql] SELECT * FROM `setting` [ RunTime:0.000811s ]
[2026-08-19T09:15:07+08:00][sql] SELECT `g`.*,u.nickname as seller_name,u.shop_name as seller_shop,u.avatar as seller_avatar,c.name as category_name FROM `goods` `g` LEFT JOIN `user` `u` ON `g`.`seller_id`=`u`.`id` LEFT JOIN `category` `c` ON `g`.`category_id`=`c`.`id` WHERE  `g`.`id` = '27' LIMIT 1 [ RunTime:0.001062s ]
[2026-08-19T09:15:07+08:00][sql] UPDATE `goods`  SET `view_count` = `view_count` + 1  WHERE  `id` = 27 [ RunTime:0.005084s ]
[2026-08-19T09:15:07+08:00][sql] SHOW FULL COLUMNS FROM `bid_record` [ RunTime:0.001844s ]
[2026-08-19T09:15:07+08:00][sql] SELECT `b`.*,`u`.`nickname`,`u`.`mobile` FROM `bid_record` `b` LEFT JOIN `user` `u` ON `b`.`user_id`=`u`.`id` WHERE  `b`.`goods_id` = '27'  AND `b`.`status` = '0' ORDER BY `b`.`price` DESC,`b`.`id` ASC LIMIT 1 [ RunTime:0.001212s ]
[2026-08-19T09:15:07+08:00][sql] SELECT `b`.*,`u`.`nickname`,`u`.`mobile` FROM `bid_record` `b` LEFT JOIN `user` `u` ON `b`.`user_id`=`u`.`id` WHERE  `b`.`goods_id` = '27' ORDER BY `b`.`price` DESC,`b`.`id` ASC LIMIT 50 [ RunTime:0.001170s ]
[2026-08-19T09:15:07+08:00][sql] SELECT MAX(`price`) AS think_max FROM `bid_record` WHERE  `goods_id` = 27  AND `user_id` = 27  AND `status` = 0 [ RunTime:0.004750s ]
[2026-08-19T09:15:07+08:00][sql] SELECT MAX(`deposit`) AS think_max FROM `bid_record` WHERE  `goods_id` = 27  AND `user_id` = 27  AND `deposit` > '0' [ RunTime:0.005550s ]
[2026-08-19T09:15:07+08:00][sql] SHOW FULL COLUMNS FROM `browse_history` [ RunTime:0.001649s ]
[2026-08-19T09:15:07+08:00][sql] REPLACE INTO `browse_history` SET `user_id` = 27 , `goods_id` = 27 , `create_time` = 1787102107 [ RunTime:0.001934s ]
[2026-08-19T09:15:07+08:00][sql] SHOW FULL COLUMNS FROM `goods_favorite` [ RunTime:0.002991s ]
[2026-08-19T09:15:07+08:00][sql] SELECT COUNT(*) AS think_count FROM `goods_favorite` WHERE  `user_id` = 27  AND `goods_id` = 27 [ RunTime:0.000877s ]
[2026-08-19T09:15:07+08:00][sql] SHOW FULL COLUMNS FROM `seller_follow` [ RunTime:0.001498s ]
[2026-08-19T09:15:07+08:00][sql] SELECT COUNT(*) AS think_count FROM `seller_follow` WHERE  `user_id` = 27  AND `seller_id` = 25 [ RunTime:0.000873s ]
[2026-08-19T09:15:19+08:00][sql] CONNECT:[ UseTime:0.020004s ] mysql:host=127.0.0.1;port=3306;dbname=auction;charset=utf8mb4
[2026-08-19T09:15:19+08:00][sql] SHOW FULL COLUMNS FROM `goods` [ RunTime:0.002229s ]
[2026-08-19T09:15:19+08:00][sql] SELECT `id` FROM `goods` WHERE  `status` = 1  AND `end_time` <= 1787102118 [ RunTime:0.001069s ]
[2026-08-19T09:15:19+08:00][sql] SHOW FULL COLUMNS FROM `user` [ RunTime:0.001990s ]
[2026-08-19T09:15:19+08:00][sql] SELECT * FROM `user` WHERE  `id` = 27 LIMIT 1 [ RunTime:0.001019s ]
[2026-08-19T09:15:19+08:00][sql] SHOW FULL COLUMNS FROM `setting` [ RunTime:0.001524s ]
[2026-08-19T09:15:19+08:00][sql] SELECT * FROM `setting` [ RunTime:0.000871s ]
[2026-08-19T09:15:19+08:00][sql] SELECT COUNT(*) AS think_count FROM `goods` `g` LEFT JOIN `user` `u` ON `g`.`seller_id`=`u`.`id` WHERE  `g`.`status` = '1'  AND `g`.`start_time` <= '1787102118'  AND `g`.`end_time` > '1787102118' [ RunTime:0.001236s ]
[2026-08-19T09:15:19+08:00][sql] SELECT `g`.*,u.nickname as seller_name FROM `goods` `g` LEFT JOIN `user` `u` ON `g`.`seller_id`=`u`.`id` WHERE  `g`.`status` = '1'  AND `g`.`start_time` <= '1787102118'  AND `g`.`end_time` > '1787102118' ORDER BY `g`.`end_time` ASC,`g`.`id` DESC LIMIT 0,10 [ RunTime:0.001400s ]
[2026-08-19T09:15:19+08:00][sql] SHOW FULL COLUMNS FROM `bid_record` [ RunTime:0.001682s ]
[2026-08-19T09:15:19+08:00][sql] SELECT MAX(`price`) AS think_max FROM `bid_record` WHERE  `goods_id` = 27  AND `status` = 0 [ RunTime:0.000960s ]
[2026-08-19T09:15:19+08:00][sql] SELECT MAX(`price`) AS think_max FROM `bid_record` WHERE  `goods_id` = 28  AND `status` = 0 [ RunTime:0.000932s ]
[2026-08-19T09:15:19+08:00][sql] SELECT MAX(`price`) AS think_max FROM `bid_record` WHERE  `goods_id` = 33  AND `status` = 0 [ RunTime:0.000906s ]
[2026-08-19T09:15:19+08:00][sql] SELECT MAX(`price`) AS think_max FROM `bid_record` WHERE  `goods_id` = 30  AND `status` = 0 [ RunTime:0.000893s ]
[2026-08-19T09:15:19+08:00][sql] SHOW FULL COLUMNS FROM `category` [ RunTime:0.003370s ]
[2026-08-19T09:15:19+08:00][sql] SELECT * FROM `category` WHERE  `status` = 1 ORDER BY `sort` ASC [ RunTime:0.000853s ]
[2026-08-19T09:15:19+08:00][sql] SELECT `b`.`price`,`b`.`create_time`,`g`.`title`,`u`.`nickname` FROM `bid_record` `b` LEFT JOIN `goods` `g` ON `b`.`goods_id`=`g`.`id` LEFT JOIN `user` `u` ON `b`.`user_id`=`u`.`id` WHERE  `b`.`status` = '1' ORDER BY `b`.`id` DESC LIMIT 5 [ RunTime:0.000910s ]
[2026-08-19T09:15:19+08:00][sql] SHOW FULL COLUMNS FROM `news` [ RunTime:0.003439s ]
[2026-08-19T09:15:19+08:00][sql] SELECT `id`,`title`,`create_time` FROM `news` WHERE  `status` = 1 ORDER BY `id` DESC LIMIT 3 [ RunTime:0.000976s ]
[2026-08-19T09:15:19+08:00][sql] SHOW FULL COLUMNS FROM `banner` [ RunTime:0.003534s ]
[2026-08-19T09:15:19+08:00][sql] SELECT * FROM `banner` WHERE  `status` = 1 ORDER BY `sort` ASC,`id` ASC [ RunTime:0.000954s ]
[2026-08-19T09:16:34+08:00][sql] CONNECT:[ UseTime:0.016451s ] mysql:host=127.0.0.1;port=3306;dbname=auction;charset=utf8mb4
[2026-08-19T09:16:34+08:00][sql] SHOW FULL COLUMNS FROM `goods` [ RunTime:0.002387s ]
[2026-08-19T09:16:34+08:00][sql] SELECT `id` FROM `goods` WHERE  `status` = 1  AND `end_time` <= 1787102194 [ RunTime:0.001097s ]
[2026-08-19T09:16:34+08:00][sql] SELECT * FROM `goods` WHERE  `id` = 27 LIMIT 1   FOR UPDATE [ RunTime:0.001087s ]
[2026-08-19T09:16:34+08:00][sql] SHOW FULL COLUMNS FROM `bid_record` [ RunTime:0.001667s ]
[2026-08-19T09:16:34+08:00][sql] SELECT * FROM `bid_record` WHERE  `goods_id` = 27  AND `status` = 0 ORDER BY `price` DESC,`id` ASC [ RunTime:0.001087s ]
[2026-08-19T09:16:34+08:00][sql] SHOW FULL COLUMNS FROM `setting` [ RunTime:0.001766s ]
[2026-08-19T09:16:34+08:00][sql] SELECT * FROM `setting` [ RunTime:0.000916s ]
[2026-08-19T09:16:34+08:00][sql] UPDATE `bid_record`  SET `status` = 2  WHERE  `goods_id` = 27  AND `status` = 0 [ RunTime:0.001075s ]
[2026-08-19T09:16:34+08:00][sql] UPDATE `bid_record`  SET `status` = 1 , `is_winner` = 1  WHERE  `id` = 25 [ RunTime:0.000877s ]
[2026-08-19T09:16:34+08:00][sql] SHOW FULL COLUMNS FROM `user` [ RunTime:0.001886s ]
[2026-08-19T09:16:34+08:00][sql] SELECT * FROM `user` WHERE  `id` = 27 LIMIT 1   FOR UPDATE [ RunTime:0.000994s ]
[2026-08-19T09:16:34+08:00][sql] UPDATE `user`  SET `balance` = '99900' , `freeze_balance` = '100' , `update_time` = 1787102194  WHERE  `id` = 27 [ RunTime:0.000862s ]
[2026-08-19T09:16:34+08:00][sql] SHOW FULL COLUMNS FROM `balance_log` [ RunTime:0.001525s ]
[2026-08-19T09:16:34+08:00][sql] INSERT INTO `balance_log` SET `user_id` = 27 , `type` = 'refund' , `amount` = '100.00' , `balance` = '99900' , `remark` = '未拍中，保证金退回（测试商品）' , `create_time` = 1787102194 [ RunTime:0.000653s ]
[2026-08-19T09:16:34+08:00][sql] SHOW FULL COLUMNS FROM `order` [ RunTime:0.001451s ]
[2026-08-19T09:16:34+08:00][sql] INSERT INTO `order` SET `order_no` = 'AU20260819091634015010' , `goods_id` = 27 , `goods_title` = '测试商品' , `goods_cover` = '/uploads/20260818/142055_1705.png' , `seller_id` = 25 , `buyer_id` = 27 , `price` = '1200.00' , `commission_rate` = '10' , `commission` = '120' , `seller_income` = '1080' , `deposit` = '100.00' , `pay_status` = 0 , `order_status` = 0 , `create_time` = 1787102194 , `update_time` = 1787102194 [ RunTime:0.001063s ]
[2026-08-19T09:16:34+08:00][sql] UPDATE `goods`  SET `status` = 2 , `final_price` = '1200.00' , `winner_id` = 27 , `order_id` = 8 , `update_time` = 1787102194  WHERE  `id` = 27 [ RunTime:0.000576s ]
[2026-08-19T09:16:34+08:00][sql] SELECT * FROM `user` WHERE  `id` = 27 LIMIT 1 [ RunTime:0.001153s ]
[2026-08-19T09:16:34+08:00][sql] SELECT `g`.*,u.nickname as seller_name,u.shop_name as seller_shop,u.avatar as seller_avatar,c.name as category_name FROM `goods` `g` LEFT JOIN `user` `u` ON `g`.`seller_id`=`u`.`id` LEFT JOIN `category` `c` ON `g`.`category_id`=`c`.`id` WHERE  `g`.`id` = '27' LIMIT 1 [ RunTime:0.001252s ]
[2026-08-19T09:16:34+08:00][sql] SELECT `b`.*,`u`.`nickname`,`u`.`mobile` FROM `bid_record` `b` LEFT JOIN `user` `u` ON `b`.`user_id`=`u`.`id` WHERE  `b`.`goods_id` = '27'  AND `b`.`status` = '0' ORDER BY `b`.`price` DESC,`b`.`id` ASC LIMIT 1 [ RunTime:0.001192s ]
[2026-08-19T09:16:34+08:00][sql] SELECT `b`.*,`u`.`nickname`,`u`.`mobile` FROM `bid_record` `b` LEFT JOIN `user` `u` ON `b`.`user_id`=`u`.`id` WHERE  `b`.`goods_id` = '27' ORDER BY `b`.`price` DESC,`b`.`id` ASC LIMIT 50 [ RunTime:0.000818s ]
[2026-08-19T09:16:34+08:00][sql] SELECT MAX(`price`) AS think_max FROM `bid_record` WHERE  `goods_id` = 27  AND `user_id` = 27  AND `status` = 0 [ RunTime:0.004714s ]
[2026-08-19T09:16:34+08:00][sql] SELECT MAX(`deposit`) AS think_max FROM `bid_record` WHERE  `goods_id` = 27  AND `user_id` = 27  AND `deposit` > '0' [ RunTime:0.004945s ]
[2026-08-19T09:16:34+08:00][sql] SELECT * FROM `order` WHERE  `goods_id` = 27 LIMIT 1 [ RunTime:0.000675s ]
[2026-08-19T09:16:34+08:00][sql] SHOW FULL COLUMNS FROM `browse_history` [ RunTime:0.001085s ]
[2026-08-19T09:16:34+08:00][sql] REPLACE INTO `browse_history` SET `user_id` = 27 , `goods_id` = 27 , `create_time` = 1787102194 [ RunTime:0.002037s ]
[2026-08-19T09:16:34+08:00][sql] SHOW FULL COLUMNS FROM `goods_favorite` [ RunTime:0.000980s ]
[2026-08-19T09:16:34+08:00][sql] SELECT COUNT(*) AS think_count FROM `goods_favorite` WHERE  `user_id` = 27  AND `goods_id` = 27 [ RunTime:0.000405s ]
[2026-08-19T09:16:34+08:00][sql] SHOW FULL COLUMNS FROM `seller_follow` [ RunTime:0.001023s ]
[2026-08-19T09:16:34+08:00][sql] SELECT COUNT(*) AS think_count FROM `seller_follow` WHERE  `user_id` = 27  AND `seller_id` = 25 [ RunTime:0.000860s ]
[2026-08-19T09:16:39+08:00][sql] CONNECT:[ UseTime:0.016174s ] mysql:host=127.0.0.1;port=3306;dbname=auction;charset=utf8mb4
[2026-08-19T09:16:39+08:00][sql] SHOW FULL COLUMNS FROM `goods` [ RunTime:0.002246s ]
[2026-08-19T09:16:39+08:00][sql] SELECT `id` FROM `goods` WHERE  `status` = 1  AND `end_time` <= 1787102199 [ RunTime:0.001054s ]
[2026-08-19T09:16:39+08:00][sql] SHOW FULL COLUMNS FROM `user` [ RunTime:0.001840s ]
[2026-08-19T09:16:39+08:00][sql] SELECT * FROM `user` WHERE  `id` = 27 LIMIT 1 [ RunTime:0.001005s ]
[2026-08-19T09:16:39+08:00][sql] SHOW FULL COLUMNS FROM `setting` [ RunTime:0.001534s ]
[2026-08-19T09:16:39+08:00][sql] SELECT * FROM `setting` [ RunTime:0.000827s ]
[2026-08-19T09:16:39+08:00][sql] SHOW FULL COLUMNS FROM `bid_record` [ RunTime:0.001566s ]
[2026-08-19T09:16:39+08:00][sql] SELECT COUNT(*) AS think_count FROM `bid_record` WHERE  `user_id` = 27 [ RunTime:0.001037s ]
[2026-08-19T09:16:39+08:00][sql] SHOW FULL COLUMNS FROM `order` [ RunTime:0.001836s ]
[2026-08-19T09:16:39+08:00][sql] SELECT COUNT(*) AS think_count FROM `order` WHERE  `buyer_id` = 27  AND `pay_status` = 1 [ RunTime:0.000953s ]
[2026-08-19T09:16:39+08:00][sql] SELECT COUNT(*) AS think_count FROM `goods` WHERE  `seller_id` = 27  AND `status` = 2 [ RunTime:0.000922s ]
[2026-08-19T09:16:39+08:00][sql] SELECT COUNT(*) AS think_count FROM `goods` WHERE  `seller_id` = 27 [ RunTime:0.000877s ]
[2026-08-19T09:16:39+08:00][sql] SELECT COUNT(*) AS think_count FROM `order` WHERE  `buyer_id` = 27  AND `pay_status` = 0  AND `order_status` = 0 [ RunTime:0.000926s ]
[2026-08-19T09:16:39+08:00][sql] SELECT COUNT(*) AS think_count FROM `order` WHERE  `seller_id` = 27  AND `order_status` = 1 [ RunTime:0.000892s ]
[2026-08-19T09:16:39+08:00][sql] SELECT COUNT(*) AS think_count FROM `order` WHERE  `buyer_id` = 27  AND `order_status` = 0  AND `pay_status` = 0 [ RunTime:0.000928s ]
[2026-08-19T09:16:39+08:00][sql] SELECT COUNT(*) AS think_count FROM `order` WHERE  `buyer_id` = 27  AND `order_status` = 1 [ RunTime:0.000865s ]
[2026-08-19T09:16:39+08:00][sql] SELECT COUNT(*) AS think_count FROM `order` WHERE  `buyer_id` = 27  AND `order_status` = 2 [ RunTime:0.000857s ]
[2026-08-19T09:16:39+08:00][sql] SELECT COUNT(*) AS think_count FROM `order` WHERE  `buyer_id` = 27  AND `order_status` = 3 [ RunTime:0.000843s ]
[2026-08-19T09:16:39+08:00][sql] SELECT COUNT(*) AS think_count FROM `order` WHERE  `seller_id` = 27  AND `order_status` = 1 [ RunTime:0.000824s ]
[2026-08-19T09:16:39+08:00][sql] SHOW FULL COLUMNS FROM `goods_favorite` [ RunTime:0.001518s ]
[2026-08-19T09:16:39+08:00][sql] SELECT COUNT(*) AS think_count FROM `goods_favorite` WHERE  `user_id` = 27 [ RunTime:0.000886s ]
[2026-08-19T09:16:39+08:00][sql] SHOW FULL COLUMNS FROM `seller_follow` [ RunTime:0.001475s ]
[2026-08-19T09:16:39+08:00][sql] SELECT COUNT(*) AS think_count FROM `seller_follow` WHERE  `user_id` = 27 [ RunTime:0.000816s ]
[2026-08-19T09:16:39+08:00][sql] SHOW FULL COLUMNS FROM `browse_history` [ RunTime:0.001384s ]
[2026-08-19T09:16:39+08:00][sql] SELECT COUNT(*) AS think_count FROM `browse_history` WHERE  `user_id` = 27 [ RunTime:0.000842s ]
[2026-08-19T09:16:39+08:00][sql] SHOW FULL COLUMNS FROM `balance_log` [ RunTime:0.001412s ]
[2026-08-19T09:16:39+08:00][sql] SELECT * FROM `balance_log` WHERE  `user_id` = 27 ORDER BY `id` DESC LIMIT 5 [ RunTime:0.000890s ]
[2026-08-19T09:16:39+08:00][sql] SELECT `b`.*,`g`.`title`,`g`.`cover`,g.status as goods_status,`g`.`end_time` FROM `bid_record` `b` LEFT JOIN `goods` `g` ON `b`.`goods_id`=`g`.`id` WHERE  `b`.`user_id` = '27' ORDER BY `b`.`id` DESC LIMIT 5 [ RunTime:0.000941s ]
[2026-08-19T09:16:39+08:00][sql] SELECT `id`,`nickname`,`mobile`,`reg_time` FROM `user` WHERE  `pid` = 27 ORDER BY `id` DESC LIMIT 10 [ RunTime:0.000814s ]
[2026-08-19T09:16:41+08:00][sql] CONNECT:[ UseTime:0.021336s ] mysql:host=127.0.0.1;port=3306;dbname=auction;charset=utf8mb4
[2026-08-19T09:16:41+08:00][sql] SHOW FULL COLUMNS FROM `goods` [ RunTime:0.001266s ]
[2026-08-19T09:16:41+08:00][sql] SELECT `id` FROM `goods` WHERE  `status` = 1  AND `end_time` <= 1787102201 [ RunTime:0.000661s ]
[2026-08-19T09:16:41+08:00][sql] SHOW FULL COLUMNS FROM `user` [ RunTime:0.001962s ]
[2026-08-19T09:16:41+08:00][sql] SELECT * FROM `user` WHERE  `id` = 27 LIMIT 1 [ RunTime:0.001078s ]
[2026-08-19T09:16:41+08:00][sql] SHOW FULL COLUMNS FROM `setting` [ RunTime:0.001535s ]
[2026-08-19T09:16:41+08:00][sql] SELECT * FROM `setting` [ RunTime:0.000864s ]
[2026-08-19T09:16:41+08:00][sql] SHOW FULL COLUMNS FROM `order` [ RunTime:0.001703s ]
[2026-08-19T09:16:41+08:00][sql] SELECT COUNT(*) AS think_count FROM `order` `o` LEFT JOIN `goods` `g` ON `o`.`goods_id`=`g`.`id` LEFT JOIN `after_sale` `a` ON `a`.`order_id`=`o`.`id` WHERE  `o`.`buyer_id` = '27'  AND `o`.`order_status` = '0' [ RunTime:0.001003s ]
[2026-08-19T09:16:41+08:00][sql] SELECT o.*, g.cover as goods_cover2, IF(a.id IS NULL, 0, 1) as has_after_sale FROM `order` `o` LEFT JOIN `goods` `g` ON `o`.`goods_id`=`g`.`id` LEFT JOIN `after_sale` `a` ON `a`.`order_id`=`o`.`id` WHERE  `o`.`buyer_id` = '27'  AND `o`.`order_status` = '0' ORDER BY `o`.`id` DESC LIMIT 0,10 [ RunTime:0.001299s ]
[2026-08-19T09:16:45+08:00][sql] CONNECT:[ UseTime:0.009118s ] mysql:host=127.0.0.1;port=3306;dbname=auction;charset=utf8mb4
[2026-08-19T09:16:45+08:00][sql] SHOW FULL COLUMNS FROM `goods` [ RunTime:0.001884s ]
[2026-08-19T09:16:45+08:00][sql] SELECT `id` FROM `goods` WHERE  `status` = 1  AND `end_time` <= 1787102205 [ RunTime:0.001005s ]
[2026-08-19T09:16:45+08:00][sql] SHOW FULL COLUMNS FROM `user` [ RunTime:0.001855s ]
[2026-08-19T09:16:45+08:00][sql] SELECT * FROM `user` WHERE  `id` = 27 LIMIT 1 [ RunTime:0.001020s ]
[2026-08-19T09:16:45+08:00][sql] SHOW FULL COLUMNS FROM `setting` [ RunTime:0.001440s ]
[2026-08-19T09:16:45+08:00][sql] SELECT * FROM `setting` [ RunTime:0.000817s ]
[2026-08-19T09:16:45+08:00][sql] SHOW FULL COLUMNS FROM `bid_record` [ RunTime:0.001514s ]
[2026-08-19T09:16:45+08:00][sql] SELECT COUNT(*) AS think_count FROM `bid_record` WHERE  `user_id` = 27 [ RunTime:0.000884s ]
[2026-08-19T09:16:45+08:00][sql] SHOW FULL COLUMNS FROM `order` [ RunTime:0.001699s ]
[2026-08-19T09:16:45+08:00][sql] SELECT COUNT(*) AS think_count FROM `order` WHERE  `buyer_id` = 27  AND `pay_status` = 1 [ RunTime:0.000944s ]
[2026-08-19T09:16:45+08:00][sql] SELECT COUNT(*) AS think_count FROM `goods` WHERE  `seller_id` = 27  AND `status` = 2 [ RunTime:0.000859s ]
[2026-08-19T09:16:45+08:00][sql] SELECT COUNT(*) AS think_count FROM `goods` WHERE  `seller_id` = 27 [ RunTime:0.000851s ]
[2026-08-19T09:16:45+08:00][sql] SELECT COUNT(*) AS think_count FROM `order` WHERE  `buyer_id` = 27  AND `pay_status` = 0  AND `order_status` = 0 [ RunTime:0.000878s ]
[2026-08-19T09:16:45+08:00][sql] SELECT COUNT(*) AS think_count FROM `order` WHERE  `seller_id` = 27  AND `order_status` = 1 [ RunTime:0.000962s ]
[2026-08-19T09:16:45+08:00][sql] SELECT COUNT(*) AS think_count FROM `order` WHERE  `buyer_id` = 27  AND `order_status` = 0  AND `pay_status` = 0 [ RunTime:0.000863s ]
[2026-08-19T09:16:45+08:00][sql] SELECT COUNT(*) AS think_count FROM `order` WHERE  `buyer_id` = 27  AND `order_status` = 1 [ RunTime:0.000828s ]
[2026-08-19T09:16:45+08:00][sql] SELECT COUNT(*) AS think_count FROM `order` WHERE  `buyer_id` = 27  AND `order_status` = 2 [ RunTime:0.000836s ]
[2026-08-19T09:16:45+08:00][sql] SELECT COUNT(*) AS think_count FROM `order` WHERE  `buyer_id` = 27  AND `order_status` = 3 [ RunTime:0.000836s ]
[2026-08-19T09:16:45+08:00][sql] SELECT COUNT(*) AS think_count FROM `order` WHERE  `seller_id` = 27  AND `order_status` = 1 [ RunTime:0.000823s ]
[2026-08-19T09:16:45+08:00][sql] SHOW FULL COLUMNS FROM `goods_favorite` [ RunTime:0.001455s ]
[2026-08-19T09:16:45+08:00][sql] SELECT COUNT(*) AS think_count FROM `goods_favorite` WHERE  `user_id` = 27 [ RunTime:0.000563s ]
[2026-08-19T09:16:45+08:00][sql] SHOW FULL COLUMNS FROM `seller_follow` [ RunTime:0.000636s ]
[2026-08-19T09:16:45+08:00][sql] SELECT COUNT(*) AS think_count FROM `seller_follow` WHERE  `user_id` = 27 [ RunTime:0.000875s ]
[2026-08-19T09:16:45+08:00][sql] SHOW FULL COLUMNS FROM `browse_history` [ RunTime:0.001412s ]
[2026-08-19T09:16:45+08:00][sql] SELECT COUNT(*) AS think_count FROM `browse_history` WHERE  `user_id` = 27 [ RunTime:0.000813s ]
[2026-08-19T09:16:45+08:00][sql] SHOW FULL COLUMNS FROM `balance_log` [ RunTime:0.001334s ]
[2026-08-19T09:16:45+08:00][sql] SELECT * FROM `balance_log` WHERE  `user_id` = 27 ORDER BY `id` DESC LIMIT 5 [ RunTime:0.000901s ]
[2026-08-19T09:16:45+08:00][sql] SELECT `b`.*,`g`.`title`,`g`.`cover`,g.status as goods_status,`g`.`end_time` FROM `bid_record` `b` LEFT JOIN `goods` `g` ON `b`.`goods_id`=`g`.`id` WHERE  `b`.`user_id` = '27' ORDER BY `b`.`id` DESC LIMIT 5 [ RunTime:0.001013s ]
[2026-08-19T09:16:45+08:00][sql] SELECT `id`,`nickname`,`mobile`,`reg_time` FROM `user` WHERE  `pid` = 27 ORDER BY `id` DESC LIMIT 10 [ RunTime:0.000819s ]
[2026-08-19T09:16:54+08:00][sql] CONNECT:[ UseTime:0.002061s ] mysql:host=127.0.0.1;port=3306;dbname=auction;charset=utf8mb4
[2026-08-19T09:16:54+08:00][sql] SHOW FULL COLUMNS FROM `goods` [ RunTime:0.001122s ]
[2026-08-19T09:16:54+08:00][sql] SELECT `id` FROM `goods` WHERE  `status` = 1  AND `end_time` <= 1787102214 [ RunTime:0.000752s ]
[2026-08-19T09:16:54+08:00][sql] SHOW FULL COLUMNS FROM `user` [ RunTime:0.001432s ]
[2026-08-19T09:16:54+08:00][sql] SELECT * FROM `user` WHERE  `id` = 27 LIMIT 1 [ RunTime:0.000745s ]
[2026-08-19T09:16:54+08:00][sql] SHOW FULL COLUMNS FROM `setting` [ RunTime:0.001070s ]
[2026-08-19T09:16:54+08:00][sql] SELECT * FROM `setting` [ RunTime:0.000573s ]
[2026-08-19T09:16:54+08:00][sql] SELECT * FROM `user` WHERE  `id` = 27 LIMIT 1 [ RunTime:0.000703s ]
[2026-08-19T09:16:54+08:00][sql] SHOW FULL COLUMNS FROM `order` [ RunTime:0.001117s ]
[2026-08-19T09:16:54+08:00][sql] SELECT COUNT(*) AS think_count FROM `order` WHERE  `buyer_id` = 27  AND `order_status` = 0  AND `pay_status` = 0 [ RunTime:0.000612s ]
[2026-08-19T09:16:54+08:00][sql] SELECT COUNT(*) AS think_count FROM `order` WHERE  `buyer_id` = 27  AND `order_status` = 3 [ RunTime:0.000613s ]
[2026-08-19T09:16:54+08:00][sql] SHOW FULL COLUMNS FROM `balance_log` [ RunTime:0.001020s ]
[2026-08-19T09:16:54+08:00][sql] SELECT * FROM `balance_log` WHERE  `user_id` = 27 ORDER BY `id` DESC LIMIT 8 [ RunTime:0.000658s ]
[2026-08-19T09:17:17+08:00][sql] CONNECT:[ UseTime:0.002189s ] mysql:host=127.0.0.1;port=3306;dbname=auction;charset=utf8mb4
[2026-08-19T09:17:17+08:00][sql] SHOW FULL COLUMNS FROM `goods` [ RunTime:0.001438s ]
[2026-08-19T09:17:17+08:00][sql] SELECT `id` FROM `goods` WHERE  `status` = 1  AND `end_time` <= 1787102237 [ RunTime:0.000681s ]
[2026-08-19T09:17:17+08:00][sql] SHOW FULL COLUMNS FROM `user` [ RunTime:0.001230s ]
[2026-08-19T09:17:17+08:00][sql] SELECT * FROM `user` WHERE  `id` = 25 LIMIT 1 [ RunTime:0.001745s ]
[2026-08-19T09:17:17+08:00][sql] SHOW FULL COLUMNS FROM `setting` [ RunTime:0.001903s ]
[2026-08-19T09:17:17+08:00][sql] SELECT * FROM `setting` [ RunTime:0.000618s ]
[2026-08-19T09:17:17+08:00][sql] SHOW FULL COLUMNS FROM `bid_record` [ RunTime:0.001216s ]
[2026-08-19T09:17:17+08:00][sql] SELECT COUNT(*) AS think_count FROM `bid_record` WHERE  `user_id` = 25 [ RunTime:0.000674s ]
[2026-08-19T09:17:17+08:00][sql] SHOW FULL COLUMNS FROM `order` [ RunTime:0.001375s ]
[2026-08-19T09:17:17+08:00][sql] SELECT COUNT(*) AS think_count FROM `order` WHERE  `buyer_id` = 25  AND `pay_status` = 1 [ RunTime:0.000962s ]
[2026-08-19T09:17:17+08:00][sql] SELECT COUNT(*) AS think_count FROM `goods` WHERE  `seller_id` = 25  AND `status` = 2 [ RunTime:0.002307s ]
[2026-08-19T09:17:17+08:00][sql] SELECT COUNT(*) AS think_count FROM `goods` WHERE  `seller_id` = 25 [ RunTime:0.000576s ]
[2026-08-19T09:17:17+08:00][sql] SELECT COUNT(*) AS think_count FROM `order` WHERE  `buyer_id` = 25  AND `pay_status` = 0  AND `order_status` = 0 [ RunTime:0.000455s ]
[2026-08-19T09:17:17+08:00][sql] SELECT COUNT(*) AS think_count FROM `order` WHERE  `seller_id` = 25  AND `order_status` = 1 [ RunTime:0.000447s ]
[2026-08-19T09:17:17+08:00][sql] SELECT COUNT(*) AS think_count FROM `order` WHERE  `buyer_id` = 25  AND `order_status` = 0  AND `pay_status` = 0 [ RunTime:0.000720s ]
[2026-08-19T09:17:17+08:00][sql] SELECT COUNT(*) AS think_count FROM `order` WHERE  `buyer_id` = 25  AND `order_status` = 1 [ RunTime:0.001411s ]
[2026-08-19T09:17:17+08:00][sql] SELECT COUNT(*) AS think_count FROM `order` WHERE  `buyer_id` = 25  AND `order_status` = 2 [ RunTime:0.001570s ]
[2026-08-19T09:17:17+08:00][sql] SELECT COUNT(*) AS think_count FROM `order` WHERE  `buyer_id` = 25  AND `order_status` = 3 [ RunTime:0.000784s ]
[2026-08-19T09:17:17+08:00][sql] SELECT COUNT(*) AS think_count FROM `order` WHERE  `seller_id` = 25  AND `order_status` = 1 [ RunTime:0.000724s ]
[2026-08-19T09:17:17+08:00][sql] SHOW FULL COLUMNS FROM `goods_favorite` [ RunTime:0.001630s ]
[2026-08-19T09:17:17+08:00][sql] SELECT COUNT(*) AS think_count FROM `goods_favorite` WHERE  `user_id` = 25 [ RunTime:0.000677s ]
[2026-08-19T09:17:17+08:00][sql] SHOW FULL COLUMNS FROM `seller_follow` [ RunTime:0.001150s ]
[2026-08-19T09:17:17+08:00][sql] SELECT COUNT(*) AS think_count FROM `seller_follow` WHERE  `user_id` = 25 [ RunTime:0.000753s ]
[2026-08-19T09:17:17+08:00][sql] SHOW FULL COLUMNS FROM `browse_history` [ RunTime:0.001332s ]
[2026-08-19T09:17:17+08:00][sql] SELECT COUNT(*) AS think_count FROM `browse_history` WHERE  `user_id` = 25 [ RunTime:0.000580s ]
[2026-08-19T09:17:17+08:00][sql] SHOW FULL COLUMNS FROM `balance_log` [ RunTime:0.000972s ]
[2026-08-19T09:17:17+08:00][sql] SELECT * FROM `balance_log` WHERE  `user_id` = 25 ORDER BY `id` DESC LIMIT 5 [ RunTime:0.000630s ]
[2026-08-19T09:17:17+08:00][sql] SELECT `b`.*,`g`.`title`,`g`.`cover`,g.status as goods_status,`g`.`end_time` FROM `bid_record` `b` LEFT JOIN `goods` `g` ON `b`.`goods_id`=`g`.`id` WHERE  `b`.`user_id` = '25' ORDER BY `b`.`id` DESC LIMIT 5 [ RunTime:0.000971s ]
[2026-08-19T09:17:17+08:00][sql] SELECT `id`,`nickname`,`mobile`,`reg_time` FROM `user` WHERE  `pid` = 25 ORDER BY `id` DESC LIMIT 10 [ RunTime:0.001522s ]
[2026-08-19T09:17:23+08:00][sql] CONNECT:[ UseTime:0.002339s ] mysql:host=127.0.0.1;port=3306;dbname=auction;charset=utf8mb4
[2026-08-19T09:17:23+08:00][sql] SHOW FULL COLUMNS FROM `goods` [ RunTime:0.001563s ]
[2026-08-19T09:17:23+08:00][sql] SELECT `id` FROM `goods` WHERE  `status` = 1  AND `end_time` <= 1787102243 [ RunTime:0.000893s ]
[2026-08-19T09:17:23+08:00][sql] SHOW FULL COLUMNS FROM `user` [ RunTime:0.001180s ]
[2026-08-19T09:17:23+08:00][sql] SELECT * FROM `user` WHERE  `id` = 27 LIMIT 1 [ RunTime:0.000938s ]
[2026-08-19T09:17:23+08:00][sql] SHOW FULL COLUMNS FROM `setting` [ RunTime:0.001220s ]
[2026-08-19T09:17:23+08:00][sql] SELECT * FROM `setting` [ RunTime:0.000625s ]
[2026-08-19T09:17:23+08:00][sql] SELECT * FROM `user` WHERE  `id` = 27 LIMIT 1 [ RunTime:0.000910s ]
[2026-08-19T09:17:23+08:00][sql] SHOW FULL COLUMNS FROM `order` [ RunTime:0.001663s ]
[2026-08-19T09:17:23+08:00][sql] SELECT COUNT(*) AS think_count FROM `order` WHERE  `buyer_id` = 27  AND `order_status` = 0  AND `pay_status` = 0 [ RunTime:0.001076s ]
[2026-08-19T09:17:23+08:00][sql] SELECT COUNT(*) AS think_count FROM `order` WHERE  `buyer_id` = 27  AND `order_status` = 3 [ RunTime:0.000672s ]
[2026-08-19T09:17:23+08:00][sql] SHOW FULL COLUMNS FROM `balance_log` [ RunTime:0.002845s ]
[2026-08-19T09:17:23+08:00][sql] SELECT * FROM `balance_log` WHERE  `user_id` = 27 ORDER BY `id` DESC LIMIT 8 [ RunTime:0.000842s ]
[2026-08-19T09:17:26+08:00][sql] CONNECT:[ UseTime:0.015211s ] mysql:host=127.0.0.1;port=3306;dbname=auction;charset=utf8mb4
[2026-08-19T09:17:26+08:00][sql] SHOW FULL COLUMNS FROM `goods` [ RunTime:0.003069s ]
[2026-08-19T09:17:26+08:00][sql] SELECT `id` FROM `goods` WHERE  `status` = 1  AND `end_time` <= 1787102246 [ RunTime:0.001362s ]
[2026-08-19T09:17:26+08:00][sql] SHOW FULL COLUMNS FROM `user` [ RunTime:0.002363s ]
[2026-08-19T09:17:26+08:00][sql] SELECT * FROM `user` WHERE  `id` = 27 LIMIT 1 [ RunTime:0.001249s ]
[2026-08-19T09:17:26+08:00][sql] SHOW FULL COLUMNS FROM `setting` [ RunTime:0.001756s ]
[2026-08-19T09:17:26+08:00][sql] SELECT * FROM `setting` [ RunTime:0.001050s ]
[2026-08-19T09:17:26+08:00][sql] SHOW FULL COLUMNS FROM `bid_record` [ RunTime:0.001954s ]
[2026-08-19T09:17:26+08:00][sql] SELECT COUNT(*) AS think_count FROM `bid_record` WHERE  `user_id` = 27 [ RunTime:0.001211s ]
[2026-08-19T09:17:26+08:00][sql] SHOW FULL COLUMNS FROM `order` [ RunTime:0.002281s ]
[2026-08-19T09:17:26+08:00][sql] SELECT COUNT(*) AS think_count FROM `order` WHERE  `buyer_id` = 27  AND `pay_status` = 1 [ RunTime:0.001338s ]
[2026-08-19T09:17:26+08:00][sql] SELECT COUNT(*) AS think_count FROM `goods` WHERE  `seller_id` = 27  AND `status` = 2 [ RunTime:0.001363s ]
[2026-08-19T09:17:26+08:00][sql] SELECT COUNT(*) AS think_count FROM `goods` WHERE  `seller_id` = 27 [ RunTime:0.001047s ]
[2026-08-19T09:17:26+08:00][sql] SELECT COUNT(*) AS think_count FROM `order` WHERE  `buyer_id` = 27  AND `pay_status` = 0  AND `order_status` = 0 [ RunTime:0.001128s ]
[2026-08-19T09:17:26+08:00][sql] SELECT COUNT(*) AS think_count FROM `order` WHERE  `seller_id` = 27  AND `order_status` = 1 [ RunTime:0.001042s ]
[2026-08-19T09:17:26+08:00][sql] SELECT COUNT(*) AS think_count FROM `order` WHERE  `buyer_id` = 27  AND `order_status` = 0  AND `pay_status` = 0 [ RunTime:0.001040s ]
[2026-08-19T09:17:26+08:00][sql] SELECT COUNT(*) AS think_count FROM `order` WHERE  `buyer_id` = 27  AND `order_status` = 1 [ RunTime:0.001016s ]
[2026-08-19T09:17:26+08:00][sql] SELECT COUNT(*) AS think_count FROM `order` WHERE  `buyer_id` = 27  AND `order_status` = 2 [ RunTime:0.001023s ]
[2026-08-19T09:17:26+08:00][sql] SELECT COUNT(*) AS think_count FROM `order` WHERE  `buyer_id` = 27  AND `order_status` = 3 [ RunTime:0.000870s ]
[2026-08-19T09:17:26+08:00][sql] SELECT COUNT(*) AS think_count FROM `order` WHERE  `seller_id` = 27  AND `order_status` = 1 [ RunTime:0.001140s ]
[2026-08-19T09:17:26+08:00][sql] SHOW FULL COLUMNS FROM `goods_favorite` [ RunTime:0.001854s ]
[2026-08-19T09:17:26+08:00][sql] SELECT COUNT(*) AS think_count FROM `goods_favorite` WHERE  `user_id` = 27 [ RunTime:0.000987s ]
[2026-08-19T09:17:26+08:00][sql] SHOW FULL COLUMNS FROM `seller_follow` [ RunTime:0.001774s ]
[2026-08-19T09:17:26+08:00][sql] SELECT COUNT(*) AS think_count FROM `seller_follow` WHERE  `user_id` = 27 [ RunTime:0.000895s ]
[2026-08-19T09:17:26+08:00][sql] SHOW FULL COLUMNS FROM `browse_history` [ RunTime:0.001426s ]
[2026-08-19T09:17:26+08:00][sql] SELECT COUNT(*) AS think_count FROM `browse_history` WHERE  `user_id` = 27 [ RunTime:0.000857s ]
[2026-08-19T09:17:26+08:00][sql] SHOW FULL COLUMNS FROM `balance_log` [ RunTime:0.003494s ]
[2026-08-19T09:17:26+08:00][sql] SELECT * FROM `balance_log` WHERE  `user_id` = 27 ORDER BY `id` DESC LIMIT 5 [ RunTime:0.000748s ]
[2026-08-19T09:17:26+08:00][sql] SELECT `b`.*,`g`.`title`,`g`.`cover`,g.status as goods_status,`g`.`end_time` FROM `bid_record` `b` LEFT JOIN `goods` `g` ON `b`.`goods_id`=`g`.`id` WHERE  `b`.`user_id` = '27' ORDER BY `b`.`id` DESC LIMIT 5 [ RunTime:0.001326s ]
[2026-08-19T09:17:26+08:00][sql] SELECT `id`,`nickname`,`mobile`,`reg_time` FROM `user` WHERE  `pid` = 27 ORDER BY `id` DESC LIMIT 10 [ RunTime:0.000866s ]
[2026-08-19T09:17:28+08:00][sql] CONNECT:[ UseTime:0.023448s ] mysql:host=127.0.0.1;port=3306;dbname=auction;charset=utf8mb4
[2026-08-19T09:17:28+08:00][sql] SHOW FULL COLUMNS FROM `goods` [ RunTime:0.002019s ]
[2026-08-19T09:17:28+08:00][sql] SELECT `id` FROM `goods` WHERE  `status` = 1  AND `end_time` <= 1787102248 [ RunTime:0.001012s ]
[2026-08-19T09:17:28+08:00][sql] SHOW FULL COLUMNS FROM `user` [ RunTime:0.001848s ]
[2026-08-19T09:17:28+08:00][sql] SELECT * FROM `user` WHERE  `id` = 27 LIMIT 1 [ RunTime:0.001405s ]
[2026-08-19T09:17:28+08:00][sql] SHOW FULL COLUMNS FROM `setting` [ RunTime:0.001944s ]
[2026-08-19T09:17:28+08:00][sql] SELECT * FROM `setting` [ RunTime:0.000946s ]
[2026-08-19T09:17:28+08:00][sql] SHOW FULL COLUMNS FROM `order` [ RunTime:0.002135s ]
[2026-08-19T09:17:28+08:00][sql] SELECT COUNT(*) AS think_count FROM `order` `o` LEFT JOIN `goods` `g` ON `o`.`goods_id`=`g`.`id` LEFT JOIN `after_sale` `a` ON `a`.`order_id`=`o`.`id` WHERE  `o`.`buyer_id` = '27'  AND `o`.`order_status` = '0' [ RunTime:0.001154s ]
[2026-08-19T09:17:28+08:00][sql] SELECT o.*, g.cover as goods_cover2, IF(a.id IS NULL, 0, 1) as has_after_sale FROM `order` `o` LEFT JOIN `goods` `g` ON `o`.`goods_id`=`g`.`id` LEFT JOIN `after_sale` `a` ON `a`.`order_id`=`o`.`id` WHERE  `o`.`buyer_id` = '27'  AND `o`.`order_status` = '0' ORDER BY `o`.`id` DESC LIMIT 0,10 [ RunTime:0.001420s ]
[2026-08-19T09:17:33+08:00][sql] CONNECT:[ UseTime:0.001913s ] mysql:host=127.0.0.1;port=3306;dbname=auction;charset=utf8mb4
[2026-08-19T09:17:33+08:00][sql] SHOW FULL COLUMNS FROM `goods` [ RunTime:0.001505s ]
[2026-08-19T09:17:33+08:00][sql] SELECT `id` FROM `goods` WHERE  `status` = 1  AND `end_time` <= 1787102253 [ RunTime:0.001195s ]
[2026-08-19T09:17:33+08:00][sql] SHOW FULL COLUMNS FROM `user` [ RunTime:0.003077s ]
[2026-08-19T09:17:33+08:00][sql] SELECT * FROM `user` WHERE  `id` = 27 LIMIT 1 [ RunTime:0.000903s ]
[2026-08-19T09:17:33+08:00][sql] SHOW FULL COLUMNS FROM `setting` [ RunTime:0.001393s ]
[2026-08-19T09:17:33+08:00][sql] SELECT * FROM `setting` [ RunTime:0.000668s ]
[2026-08-19T09:17:33+08:00][sql] SHOW FULL COLUMNS FROM `order` [ RunTime:0.001471s ]
[2026-08-19T09:17:33+08:00][sql] SELECT `o`.*,g.cover as goods_cover2,`g`.`images` FROM `order` `o` LEFT JOIN `goods` `g` ON `o`.`goods_id`=`g`.`id` WHERE  `o`.`id` = '8'  AND `o`.`buyer_id` = '27' LIMIT 1 [ RunTime:0.001119s ]
[2026-08-19T09:17:33+08:00][sql] SHOW FULL COLUMNS FROM `user_address` [ RunTime:0.003449s ]
[2026-08-19T09:17:33+08:00][sql] SELECT * FROM `user_address` WHERE  `user_id` = 27 ORDER BY `is_default` DESC,`id` DESC [ RunTime:0.001013s ]
[2026-08-19T09:17:37+08:00][sql] CONNECT:[ UseTime:0.023020s ] mysql:host=127.0.0.1;port=3306;dbname=auction;charset=utf8mb4
[2026-08-19T09:17:37+08:00][sql] SHOW FULL COLUMNS FROM `goods` [ RunTime:0.002095s ]
[2026-08-19T09:17:37+08:00][sql] SELECT `id` FROM `goods` WHERE  `status` = 1  AND `end_time` <= 1787102257 [ RunTime:0.000985s ]
[2026-08-19T09:17:37+08:00][sql] SHOW FULL COLUMNS FROM `user` [ RunTime:0.001812s ]
[2026-08-19T09:17:37+08:00][sql] SELECT * FROM `user` WHERE  `id` = 27 LIMIT 1 [ RunTime:0.001206s ]
[2026-08-19T09:17:37+08:00][sql] SHOW FULL COLUMNS FROM `setting` [ RunTime:0.001754s ]
[2026-08-19T09:17:37+08:00][sql] SELECT * FROM `setting` [ RunTime:0.001049s ]
[2026-08-19T09:17:37+08:00][sql] SHOW FULL COLUMNS FROM `order` [ RunTime:0.002814s ]
[2026-08-19T09:17:37+08:00][sql] SELECT `o`.*,g.cover as goods_cover2,`g`.`images` FROM `order` `o` LEFT JOIN `goods` `g` ON `o`.`goods_id`=`g`.`id` WHERE  `o`.`id` = '8'  AND `o`.`buyer_id` = '27' LIMIT 1 [ RunTime:0.001933s ]
[2026-08-19T09:17:37+08:00][sql] SHOW FULL COLUMNS FROM `user_address` [ RunTime:0.004340s ]
[2026-08-19T09:17:37+08:00][sql] SELECT * FROM `user_address` WHERE  `user_id` = 27 ORDER BY `is_default` DESC,`id` DESC [ RunTime:0.001129s ]
[2026-08-19T09:17:38+08:00][sql] CONNECT:[ UseTime:0.004210s ] mysql:host=127.0.0.1;port=3306;dbname=auction;charset=utf8mb4
[2026-08-19T09:17:38+08:00][sql] SHOW FULL COLUMNS FROM `goods` [ RunTime:0.002115s ]
[2026-08-19T09:17:38+08:00][sql] SELECT `id` FROM `goods` WHERE  `status` = 1  AND `end_time` <= 1787102258 [ RunTime:0.001000s ]
[2026-08-19T09:17:38+08:00][sql] SHOW FULL COLUMNS FROM `user` [ RunTime:0.001812s ]
[2026-08-19T09:17:38+08:00][sql] SELECT * FROM `user` WHERE  `id` = 27 LIMIT 1 [ RunTime:0.000975s ]
[2026-08-19T09:17:38+08:00][sql] SHOW FULL COLUMNS FROM `setting` [ RunTime:0.000808s ]
[2026-08-19T09:17:38+08:00][sql] SELECT * FROM `setting` [ RunTime:0.000454s ]
[2026-08-19T09:17:44+08:00][sql] CONNECT:[ UseTime:0.023233s ] mysql:host=127.0.0.1;port=3306;dbname=auction;charset=utf8mb4
[2026-08-19T09:17:44+08:00][sql] SHOW FULL COLUMNS FROM `goods` [ RunTime:0.002664s ]
[2026-08-19T09:17:44+08:00][sql] SELECT `id` FROM `goods` WHERE  `status` = 1  AND `end_time` <= 1787102264 [ RunTime:0.001199s ]
[2026-08-19T09:17:44+08:00][sql] SHOW FULL COLUMNS FROM `user` [ RunTime:0.002073s ]
[2026-08-19T09:17:44+08:00][sql] SELECT * FROM `user` WHERE  `id` = 27 LIMIT 1 [ RunTime:0.001213s ]
[2026-08-19T09:17:44+08:00][sql] SHOW FULL COLUMNS FROM `setting` [ RunTime:0.001890s ]
[2026-08-19T09:17:44+08:00][sql] SELECT * FROM `setting` [ RunTime:0.000951s ]
[2026-08-19T09:17:44+08:00][sql] SHOW FULL COLUMNS FROM `user_address` [ RunTime:0.004395s ]
[2026-08-19T09:17:44+08:00][sql] INSERT INTO `user_address` SET `user_id` = 27 , `name` = '老王' , `mobile` = '13666666666' , `province` = '' , `city` = '' , `district` = '' , `address` = '5-2-201' , `is_default` = 1 , `create_time` = 1787102264 , `update_time` = 1787102264 [ RunTime:0.001971s ]
[2026-08-19T09:17:44+08:00][sql] UPDATE `user_address`  SET `is_default` = 0  WHERE  `user_id` = 27 [ RunTime:0.002088s ]
[2026-08-19T09:17:44+08:00][sql] UPDATE `user_address`  SET `is_default` = 1  WHERE  `id` = 9 [ RunTime:0.002158s ]
[2026-08-19T09:17:45+08:00][sql] CONNECT:[ UseTime:0.003854s ] mysql:host=127.0.0.1;port=3306;dbname=auction;charset=utf8mb4
[2026-08-19T09:17:45+08:00][sql] SHOW FULL COLUMNS FROM `goods` [ RunTime:0.001683s ]
[2026-08-19T09:17:45+08:00][sql] SELECT `id` FROM `goods` WHERE  `status` = 1  AND `end_time` <= 1787102265 [ RunTime:0.000834s ]
[2026-08-19T09:17:45+08:00][sql] SHOW FULL COLUMNS FROM `user` [ RunTime:0.001499s ]
[2026-08-19T09:17:45+08:00][sql] SELECT * FROM `user` WHERE  `id` = 27 LIMIT 1 [ RunTime:0.000814s ]
[2026-08-19T09:17:45+08:00][sql] SHOW FULL COLUMNS FROM `setting` [ RunTime:0.001257s ]
[2026-08-19T09:17:45+08:00][sql] SELECT * FROM `setting` [ RunTime:0.000756s ]
[2026-08-19T09:17:45+08:00][sql] SHOW FULL COLUMNS FROM `user_address` [ RunTime:0.004331s ]
[2026-08-19T09:17:45+08:00][sql] SELECT * FROM `user_address` WHERE  `user_id` = 27 ORDER BY `is_default` DESC,`id` DESC [ RunTime:0.001136s ]
[2026-08-19T09:17:49+08:00][sql] CONNECT:[ UseTime:0.025746s ] mysql:host=127.0.0.1;port=3306;dbname=auction;charset=utf8mb4
[2026-08-19T09:17:49+08:00][sql] SHOW FULL COLUMNS FROM `goods` [ RunTime:0.001550s ]
[2026-08-19T09:17:49+08:00][sql] SELECT `id` FROM `goods` WHERE  `status` = 1  AND `end_time` <= 1787102269 [ RunTime:0.001040s ]
[2026-08-19T09:17:49+08:00][sql] SHOW FULL COLUMNS FROM `user` [ RunTime:0.001770s ]
[2026-08-19T09:17:49+08:00][sql] SELECT * FROM `user` WHERE  `id` = 27 LIMIT 1 [ RunTime:0.001169s ]
[2026-08-19T09:17:49+08:00][sql] SHOW FULL COLUMNS FROM `setting` [ RunTime:0.001488s ]
[2026-08-19T09:17:49+08:00][sql] SELECT * FROM `setting` [ RunTime:0.000870s ]
[2026-08-19T09:17:49+08:00][sql] SHOW FULL COLUMNS FROM `order` [ RunTime:0.001986s ]
[2026-08-19T09:17:49+08:00][sql] SELECT `o`.*,g.cover as goods_cover2,`g`.`images` FROM `order` `o` LEFT JOIN `goods` `g` ON `o`.`goods_id`=`g`.`id` WHERE  `o`.`id` = '8'  AND `o`.`buyer_id` = '27' LIMIT 1 [ RunTime:0.000728s ]
[2026-08-19T09:17:49+08:00][sql] SHOW FULL COLUMNS FROM `user_address` [ RunTime:0.003321s ]
[2026-08-19T09:17:49+08:00][sql] SELECT * FROM `user_address` WHERE  `user_id` = 27 ORDER BY `is_default` DESC,`id` DESC [ RunTime:0.001030s ]
[2026-08-19T09:17:52+08:00][sql] CONNECT:[ UseTime:0.025513s ] mysql:host=127.0.0.1;port=3306;dbname=auction;charset=utf8mb4
[2026-08-19T09:17:52+08:00][sql] SHOW FULL COLUMNS FROM `goods` [ RunTime:0.001503s ]
[2026-08-19T09:17:52+08:00][sql] SELECT `id` FROM `goods` WHERE  `status` = 1  AND `end_time` <= 1787102272 [ RunTime:0.000768s ]
[2026-08-19T09:17:52+08:00][sql] SHOW FULL COLUMNS FROM `user` [ RunTime:0.001442s ]
[2026-08-19T09:17:52+08:00][sql] SELECT * FROM `user` WHERE  `id` = 27 LIMIT 1 [ RunTime:0.000749s ]
[2026-08-19T09:17:52+08:00][sql] SHOW FULL COLUMNS FROM `setting` [ RunTime:0.001150s ]
[2026-08-19T09:17:52+08:00][sql] SELECT * FROM `setting` [ RunTime:0.000637s ]
[2026-08-19T09:17:52+08:00][sql] SHOW FULL COLUMNS FROM `order` [ RunTime:0.001454s ]
[2026-08-19T09:17:52+08:00][sql] SELECT * FROM `order` WHERE  `id` = 8  AND `buyer_id` = 27 LIMIT 1   FOR UPDATE [ RunTime:0.000801s ]
[2026-08-19T09:17:52+08:00][sql] SHOW FULL COLUMNS FROM `user_address` [ RunTime:0.002974s ]
[2026-08-19T09:17:52+08:00][sql] SELECT * FROM `user_address` WHERE  `id` = 9  AND `user_id` = 27 LIMIT 1 [ RunTime:0.000716s ]
[2026-08-19T09:17:52+08:00][sql] SELECT * FROM `user` WHERE  `id` = 27 LIMIT 1   FOR UPDATE [ RunTime:0.000711s ]
[2026-08-19T09:17:52+08:00][sql] UPDATE `user`  SET `balance` = '98800' , `freeze_balance` = '0' , `update_time` = 1787102272  WHERE  `id` = 27 [ RunTime:0.000609s ]
[2026-08-19T09:17:52+08:00][sql] SHOW FULL COLUMNS FROM `balance_log` [ RunTime:0.001086s ]
[2026-08-19T09:17:52+08:00][sql] INSERT INTO `balance_log` SET `user_id` = 27 , `type` = 'pay' , `amount` = '-1100' , `balance` = '98800' , `remark` = '拍卖订单支付：AU20260819091634015010' , `create_time` = 1787102272 [ RunTime:0.000542s ]
[2026-08-19T09:17:52+08:00][sql] UPDATE `order`  SET `pay_status` = 1 , `pay_time` = 1787102272 , `order_status` = 1 , `ship_name` = '老王' , `ship_mobile` = '13666666666' , `ship_address` = '5-2-201' , `update_time` = 1787102272  WHERE  `id` = 8 [ RunTime:0.000660s ]
[2026-08-19T09:17:52+08:00][sql] UPDATE `user`  SET `total_buy` = total_buy+1  WHERE  `id` = 27 [ RunTime:0.000615s ]
[2026-08-19T09:17:52+08:00][sql] SELECT * FROM `user` WHERE  `id` = 25 LIMIT 1   FOR UPDATE [ RunTime:0.000829s ]
[2026-08-19T09:17:52+08:00][sql] UPDATE `user`  SET `balance` = '992435.4' , `total_sell` = total_sell+1 , `update_time` = 1787102272  WHERE  `id` = 25 [ RunTime:0.000643s ]
[2026-08-19T09:17:52+08:00][sql] INSERT INTO `balance_log` SET `user_id` = 25 , `type` = 'income' , `amount` = '1080.00' , `balance` = '992435.4' , `remark` = '拍卖成交收入：AU20260819091634015010（平台佣金 ¥120.00）' , `create_time` = 1787102272 [ RunTime:0.000575s ]
[2026-08-19T09:17:53+08:00][sql] CONNECT:[ UseTime:0.004038s ] mysql:host=127.0.0.1;port=3306;dbname=auction;charset=utf8mb4
[2026-08-19T09:17:53+08:00][sql] SHOW FULL COLUMNS FROM `goods` [ RunTime:0.002315s ]
[2026-08-19T09:17:53+08:00][sql] SELECT `id` FROM `goods` WHERE  `status` = 1  AND `end_time` <= 1787102273 [ RunTime:0.001203s ]
[2026-08-19T09:17:53+08:00][sql] SHOW FULL COLUMNS FROM `user` [ RunTime:0.002274s ]
[2026-08-19T09:17:53+08:00][sql] SELECT * FROM `user` WHERE  `id` = 27 LIMIT 1 [ RunTime:0.001097s ]
[2026-08-19T09:17:53+08:00][sql] SHOW FULL COLUMNS FROM `setting` [ RunTime:0.001423s ]
[2026-08-19T09:17:53+08:00][sql] SELECT * FROM `setting` [ RunTime:0.000835s ]
[2026-08-19T09:17:53+08:00][sql] SHOW FULL COLUMNS FROM `order` [ RunTime:0.002016s ]
[2026-08-19T09:17:53+08:00][sql] SELECT COUNT(*) AS think_count FROM `order` `o` LEFT JOIN `goods` `g` ON `o`.`goods_id`=`g`.`id` LEFT JOIN `after_sale` `a` ON `a`.`order_id`=`o`.`id` WHERE  `o`.`buyer_id` = '27' [ RunTime:0.003256s ]
[2026-08-19T09:17:53+08:00][sql] SELECT o.*, g.cover as goods_cover2, IF(a.id IS NULL, 0, 1) as has_after_sale FROM `order` `o` LEFT JOIN `goods` `g` ON `o`.`goods_id`=`g`.`id` LEFT JOIN `after_sale` `a` ON `a`.`order_id`=`o`.`id` WHERE  `o`.`buyer_id` = '27' ORDER BY `o`.`id` DESC LIMIT 0,10 [ RunTime:0.001064s ]
[2026-08-19T09:17:55+08:00][sql] CONNECT:[ UseTime:0.011774s ] mysql:host=127.0.0.1;port=3306;dbname=auction;charset=utf8mb4
[2026-08-19T09:17:55+08:00][sql] SHOW FULL COLUMNS FROM `goods` [ RunTime:0.002421s ]
[2026-08-19T09:17:55+08:00][sql] SELECT `id` FROM `goods` WHERE  `status` = 1  AND `end_time` <= 1787102275 [ RunTime:0.001058s ]
[2026-08-19T09:17:55+08:00][sql] SHOW FULL COLUMNS FROM `user` [ RunTime:0.002058s ]
[2026-08-19T09:17:55+08:00][sql] SELECT * FROM `user` WHERE  `id` = 27 LIMIT 1 [ RunTime:0.001155s ]
[2026-08-19T09:17:55+08:00][sql] SHOW FULL COLUMNS FROM `setting` [ RunTime:0.002130s ]
[2026-08-19T09:17:55+08:00][sql] SELECT * FROM `setting` [ RunTime:0.000942s ]
[2026-08-19T09:17:55+08:00][sql] SHOW FULL COLUMNS FROM `bid_record` [ RunTime:0.002637s ]
[2026-08-19T09:17:55+08:00][sql] SELECT COUNT(*) AS think_count FROM `bid_record` WHERE  `user_id` = 27 [ RunTime:0.001177s ]
[2026-08-19T09:17:55+08:00][sql] SHOW FULL COLUMNS FROM `order` [ RunTime:0.002019s ]
[2026-08-19T09:17:55+08:00][sql] SELECT COUNT(*) AS think_count FROM `order` WHERE  `buyer_id` = 27  AND `pay_status` = 1 [ RunTime:0.001162s ]
[2026-08-19T09:17:55+08:00][sql] SELECT COUNT(*) AS think_count FROM `goods` WHERE  `seller_id` = 27  AND `status` = 2 [ RunTime:0.001042s ]
[2026-08-19T09:17:55+08:00][sql] SELECT COUNT(*) AS think_count FROM `goods` WHERE  `seller_id` = 27 [ RunTime:0.001023s ]
[2026-08-19T09:17:55+08:00][sql] SELECT COUNT(*) AS think_count FROM `order` WHERE  `buyer_id` = 27  AND `pay_status` = 0  AND `order_status` = 0 [ RunTime:0.000996s ]
[2026-08-19T09:17:55+08:00][sql] SELECT COUNT(*) AS think_count FROM `order` WHERE  `seller_id` = 27  AND `order_status` = 1 [ RunTime:0.000694s ]
[2026-08-19T09:17:55+08:00][sql] SELECT COUNT(*) AS think_count FROM `order` WHERE  `buyer_id` = 27  AND `order_status` = 0  AND `pay_status` = 0 [ RunTime:0.000725s ]
[2026-08-19T09:17:55+08:00][sql] SELECT COUNT(*) AS think_count FROM `order` WHERE  `buyer_id` = 27  AND `order_status` = 1 [ RunTime:0.000650s ]
[2026-08-19T09:17:55+08:00][sql] SELECT COUNT(*) AS think_count FROM `order` WHERE  `buyer_id` = 27  AND `order_status` = 2 [ RunTime:0.000624s ]
[2026-08-19T09:17:55+08:00][sql] SELECT COUNT(*) AS think_count FROM `order` WHERE  `buyer_id` = 27  AND `order_status` = 3 [ RunTime:0.001278s ]
[2026-08-19T09:17:55+08:00][sql] SELECT COUNT(*) AS think_count FROM `order` WHERE  `seller_id` = 27  AND `order_status` = 1 [ RunTime:0.000967s ]
[2026-08-19T09:17:55+08:00][sql] SHOW FULL COLUMNS FROM `goods_favorite` [ RunTime:0.000974s ]
[2026-08-19T09:17:55+08:00][sql] SELECT COUNT(*) AS think_count FROM `goods_favorite` WHERE  `user_id` = 27 [ RunTime:0.000626s ]
[2026-08-19T09:17:55+08:00][sql] SHOW FULL COLUMNS FROM `seller_follow` [ RunTime:0.001031s ]
[2026-08-19T09:17:55+08:00][sql] SELECT COUNT(*) AS think_count FROM `seller_follow` WHERE  `user_id` = 27 [ RunTime:0.000673s ]
[2026-08-19T09:17:55+08:00][sql] SHOW FULL COLUMNS FROM `browse_history` [ RunTime:0.001065s ]
[2026-08-19T09:17:55+08:00][sql] SELECT COUNT(*) AS think_count FROM `browse_history` WHERE  `user_id` = 27 [ RunTime:0.000774s ]
[2026-08-19T09:17:55+08:00][sql] SHOW FULL COLUMNS FROM `balance_log` [ RunTime:0.001119s ]
[2026-08-19T09:17:55+08:00][sql] SELECT * FROM `balance_log` WHERE  `user_id` = 27 ORDER BY `id` DESC LIMIT 5 [ RunTime:0.000669s ]
[2026-08-19T09:17:55+08:00][sql] SELECT `b`.*,`g`.`title`,`g`.`cover`,g.status as goods_status,`g`.`end_time` FROM `bid_record` `b` LEFT JOIN `goods` `g` ON `b`.`goods_id`=`g`.`id` WHERE  `b`.`user_id` = '27' ORDER BY `b`.`id` DESC LIMIT 5 [ RunTime:0.000781s ]
[2026-08-19T09:17:55+08:00][sql] SELECT `id`,`nickname`,`mobile`,`reg_time` FROM `user` WHERE  `pid` = 27 ORDER BY `id` DESC LIMIT 10 [ RunTime:0.000756s ]
[2026-08-19T09:18:01+08:00][sql] CONNECT:[ UseTime:0.012414s ] mysql:host=127.0.0.1;port=3306;dbname=auction;charset=utf8mb4
[2026-08-19T09:18:01+08:00][sql] SHOW FULL COLUMNS FROM `goods` [ RunTime:0.001343s ]
[2026-08-19T09:18:01+08:00][sql] SELECT `id` FROM `goods` WHERE  `status` = 1  AND `end_time` <= 1787102281 [ RunTime:0.000695s ]
[2026-08-19T09:18:01+08:00][sql] SHOW FULL COLUMNS FROM `user` [ RunTime:0.001413s ]
[2026-08-19T09:18:01+08:00][sql] SELECT * FROM `user` WHERE  `id` = 25 LIMIT 1 [ RunTime:0.000857s ]
[2026-08-19T09:18:01+08:00][sql] SHOW FULL COLUMNS FROM `setting` [ RunTime:0.001017s ]
[2026-08-19T09:18:01+08:00][sql] SELECT * FROM `setting` [ RunTime:0.000497s ]
[2026-08-19T09:18:01+08:00][sql] SELECT COUNT(*) AS think_count FROM `goods` WHERE  `seller_id` = 25 [ RunTime:0.000563s ]
[2026-08-19T09:18:01+08:00][sql] SELECT * FROM `goods` WHERE  `seller_id` = 25 ORDER BY `id` DESC LIMIT 0,10 [ RunTime:0.000623s ]
[2026-08-19T09:18:01+08:00][sql] SHOW FULL COLUMNS FROM `bid_record` [ RunTime:0.000891s ]
[2026-08-19T09:18:01+08:00][sql] SELECT MAX(`price`) AS think_max FROM `bid_record` WHERE  `goods_id` = 33  AND `status` = 0 [ RunTime:0.001696s ]
[2026-08-19T09:18:01+08:00][sql] SELECT MAX(`price`) AS think_max FROM `bid_record` WHERE  `goods_id` = 32  AND `status` = 0 [ RunTime:0.000674s ]
[2026-08-19T09:18:01+08:00][sql] SELECT MAX(`price`) AS think_max FROM `bid_record` WHERE  `goods_id` = 31  AND `status` = 0 [ RunTime:0.000657s ]
[2026-08-19T09:18:01+08:00][sql] SELECT MAX(`price`) AS think_max FROM `bid_record` WHERE  `goods_id` = 30  AND `status` = 0 [ RunTime:0.000647s ]
[2026-08-19T09:18:01+08:00][sql] SELECT MAX(`price`) AS think_max FROM `bid_record` WHERE  `goods_id` = 29  AND `status` = 0 [ RunTime:0.000640s ]
[2026-08-19T09:18:01+08:00][sql] SELECT MAX(`price`) AS think_max FROM `bid_record` WHERE  `goods_id` = 27  AND `status` = 0 [ RunTime:0.000686s ]
[2026-08-19T09:18:05+08:00][sql] CONNECT:[ UseTime:0.002227s ] mysql:host=127.0.0.1;port=3306;dbname=auction;charset=utf8mb4
[2026-08-19T09:18:05+08:00][sql] SHOW FULL COLUMNS FROM `goods` [ RunTime:0.001512s ]
[2026-08-19T09:18:05+08:00][sql] SELECT `id` FROM `goods` WHERE  `status` = 1  AND `end_time` <= 1787102285 [ RunTime:0.000787s ]
[2026-08-19T09:18:05+08:00][sql] SHOW FULL COLUMNS FROM `user` [ RunTime:0.001384s ]
[2026-08-19T09:18:05+08:00][sql] SELECT * FROM `user` WHERE  `id` = 25 LIMIT 1 [ RunTime:0.001324s ]
[2026-08-19T09:18:05+08:00][sql] SHOW FULL COLUMNS FROM `setting` [ RunTime:0.001644s ]
[2026-08-19T09:18:05+08:00][sql] SELECT * FROM `setting` [ RunTime:0.001007s ]
[2026-08-19T09:18:05+08:00][sql] SELECT COUNT(*) AS think_count FROM `goods` WHERE  `seller_id` = 25 [ RunTime:0.001180s ]
[2026-08-19T09:18:05+08:00][sql] SELECT * FROM `goods` WHERE  `seller_id` = 25 ORDER BY `id` DESC LIMIT 0,10 [ RunTime:0.000940s ]
[2026-08-19T09:18:05+08:00][sql] SHOW FULL COLUMNS FROM `bid_record` [ RunTime:0.001309s ]
[2026-08-19T09:18:05+08:00][sql] SELECT MAX(`price`) AS think_max FROM `bid_record` WHERE  `goods_id` = 33  AND `status` = 0 [ RunTime:0.000709s ]
[2026-08-19T09:18:05+08:00][sql] SELECT MAX(`price`) AS think_max FROM `bid_record` WHERE  `goods_id` = 32  AND `status` = 0 [ RunTime:0.000613s ]
[2026-08-19T09:18:05+08:00][sql] SELECT MAX(`price`) AS think_max FROM `bid_record` WHERE  `goods_id` = 31  AND `status` = 0 [ RunTime:0.000594s ]
[2026-08-19T09:18:05+08:00][sql] SELECT MAX(`price`) AS think_max FROM `bid_record` WHERE  `goods_id` = 30  AND `status` = 0 [ RunTime:0.000554s ]
[2026-08-19T09:18:05+08:00][sql] SELECT MAX(`price`) AS think_max FROM `bid_record` WHERE  `goods_id` = 29  AND `status` = 0 [ RunTime:0.000648s ]
[2026-08-19T09:18:05+08:00][sql] SELECT MAX(`price`) AS think_max FROM `bid_record` WHERE  `goods_id` = 27  AND `status` = 0 [ RunTime:0.000640s ]
[2026-08-19T09:18:10+08:00][sql] CONNECT:[ UseTime:0.022410s ] mysql:host=127.0.0.1;port=3306;dbname=auction;charset=utf8mb4
[2026-08-19T09:18:10+08:00][sql] SHOW FULL COLUMNS FROM `goods` [ RunTime:0.002237s ]
[2026-08-19T09:18:10+08:00][sql] SELECT `id` FROM `goods` WHERE  `status` = 1  AND `end_time` <= 1787102290 [ RunTime:0.001297s ]
[2026-08-19T09:18:10+08:00][sql] SHOW FULL COLUMNS FROM `user` [ RunTime:0.002097s ]
[2026-08-19T09:18:10+08:00][sql] SELECT * FROM `user` WHERE  `id` = 25 LIMIT 1 [ RunTime:0.001315s ]
[2026-08-19T09:18:10+08:00][sql] SHOW FULL COLUMNS FROM `setting` [ RunTime:0.001706s ]
[2026-08-19T09:18:10+08:00][sql] SELECT * FROM `setting` [ RunTime:0.000925s ]
[2026-08-19T09:18:10+08:00][sql] SELECT COUNT(*) AS think_count FROM `goods` WHERE  `seller_id` = 25  AND `status` = 2 [ RunTime:0.003820s ]
[2026-08-19T09:18:10+08:00][sql] SELECT * FROM `goods` WHERE  `seller_id` = 25  AND `status` = 2 ORDER BY `id` DESC LIMIT 0,10 [ RunTime:0.001287s ]
[2026-08-19T09:18:10+08:00][sql] SHOW FULL COLUMNS FROM `bid_record` [ RunTime:0.001812s ]
[2026-08-19T09:18:10+08:00][sql] SELECT MAX(`price`) AS think_max FROM `bid_record` WHERE  `goods_id` = 32  AND `status` = 0 [ RunTime:0.001117s ]
[2026-08-19T09:18:10+08:00][sql] SELECT MAX(`price`) AS think_max FROM `bid_record` WHERE  `goods_id` = 31  AND `status` = 0 [ RunTime:0.000931s ]
[2026-08-19T09:18:10+08:00][sql] SELECT MAX(`price`) AS think_max FROM `bid_record` WHERE  `goods_id` = 29  AND `status` = 0 [ RunTime:0.000948s ]
[2026-08-19T09:18:10+08:00][sql] SELECT MAX(`price`) AS think_max FROM `bid_record` WHERE  `goods_id` = 27  AND `status` = 0 [ RunTime:0.000950s ]
[2026-08-19T09:18:43+08:00][sql] CONNECT:[ UseTime:0.021003s ] mysql:host=127.0.0.1;port=3306;dbname=auction;charset=utf8mb4
[2026-08-19T09:18:43+08:00][sql] SHOW FULL COLUMNS FROM `goods` [ RunTime:0.002368s ]
[2026-08-19T09:18:43+08:00][sql] SELECT `id` FROM `goods` WHERE  `status` = 1  AND `end_time` <= 1787102323 [ RunTime:0.001054s ]
[2026-08-19T09:18:43+08:00][sql] SHOW FULL COLUMNS FROM `user` [ RunTime:0.001988s ]
[2026-08-19T09:18:43+08:00][sql] SELECT * FROM `user` WHERE  `id` = 27 LIMIT 1 [ RunTime:0.001076s ]
[2026-08-19T09:18:43+08:00][sql] SHOW FULL COLUMNS FROM `setting` [ RunTime:0.001527s ]
[2026-08-19T09:18:43+08:00][sql] SELECT * FROM `setting` [ RunTime:0.000864s ]
[2026-08-19T09:18:43+08:00][sql] SHOW FULL COLUMNS FROM `bid_record` [ RunTime:0.001596s ]
[2026-08-19T09:18:43+08:00][sql] SELECT COUNT(*) AS think_count FROM `bid_record` WHERE  `user_id` = 27 [ RunTime:0.000935s ]
[2026-08-19T09:18:43+08:00][sql] SHOW FULL COLUMNS FROM `order` [ RunTime:0.001730s ]
[2026-08-19T09:18:43+08:00][sql] SELECT COUNT(*) AS think_count FROM `order` WHERE  `buyer_id` = 27  AND `pay_status` = 1 [ RunTime:0.000891s ]
[2026-08-19T09:18:43+08:00][sql] SELECT COUNT(*) AS think_count FROM `goods` WHERE  `seller_id` = 27  AND `status` = 2 [ RunTime:0.000867s ]
[2026-08-19T09:18:43+08:00][sql] SELECT COUNT(*) AS think_count FROM `goods` WHERE  `seller_id` = 27 [ RunTime:0.000829s ]
[2026-08-19T09:18:43+08:00][sql] SELECT COUNT(*) AS think_count FROM `order` WHERE  `buyer_id` = 27  AND `pay_status` = 0  AND `order_status` = 0 [ RunTime:0.000874s ]
[2026-08-19T09:18:43+08:00][sql] SELECT COUNT(*) AS think_count FROM `order` WHERE  `seller_id` = 27  AND `order_status` = 1 [ RunTime:0.000834s ]
[2026-08-19T09:18:43+08:00][sql] SELECT COUNT(*) AS think_count FROM `order` WHERE  `buyer_id` = 27  AND `order_status` = 0  AND `pay_status` = 0 [ RunTime:0.000821s ]
[2026-08-19T09:18:43+08:00][sql] SELECT COUNT(*) AS think_count FROM `order` WHERE  `buyer_id` = 27  AND `order_status` = 1 [ RunTime:0.000794s ]
[2026-08-19T09:18:43+08:00][sql] SELECT COUNT(*) AS think_count FROM `order` WHERE  `buyer_id` = 27  AND `order_status` = 2 [ RunTime:0.000847s ]
[2026-08-19T09:18:43+08:00][sql] SELECT COUNT(*) AS think_count FROM `order` WHERE  `buyer_id` = 27  AND `order_status` = 3 [ RunTime:0.000822s ]
[2026-08-19T09:18:43+08:00][sql] SELECT COUNT(*) AS think_count FROM `order` WHERE  `seller_id` = 27  AND `order_status` = 1 [ RunTime:0.000881s ]
[2026-08-19T09:18:43+08:00][sql] SHOW FULL COLUMNS FROM `goods_favorite` [ RunTime:0.001356s ]
[2026-08-19T09:18:43+08:00][sql] SELECT COUNT(*) AS think_count FROM `goods_favorite` WHERE  `user_id` = 27 [ RunTime:0.000878s ]
[2026-08-19T09:18:43+08:00][sql] SHOW FULL COLUMNS FROM `seller_follow` [ RunTime:0.001446s ]
[2026-08-19T09:18:43+08:00][sql] SELECT COUNT(*) AS think_count FROM `seller_follow` WHERE  `user_id` = 27 [ RunTime:0.000845s ]
[2026-08-19T09:18:43+08:00][sql] SHOW FULL COLUMNS FROM `browse_history` [ RunTime:0.001364s ]
[2026-08-19T09:18:43+08:00][sql] SELECT COUNT(*) AS think_count FROM `browse_history` WHERE  `user_id` = 27 [ RunTime:0.000835s ]
[2026-08-19T09:18:43+08:00][sql] SHOW FULL COLUMNS FROM `balance_log` [ RunTime:0.001339s ]
[2026-08-19T09:18:43+08:00][sql] SELECT * FROM `balance_log` WHERE  `user_id` = 27 ORDER BY `id` DESC LIMIT 5 [ RunTime:0.001082s ]
[2026-08-19T09:18:43+08:00][sql] SELECT `b`.*,`g`.`title`,`g`.`cover`,g.status as goods_status,`g`.`end_time` FROM `bid_record` `b` LEFT JOIN `goods` `g` ON `b`.`goods_id`=`g`.`id` WHERE  `b`.`user_id` = '27' ORDER BY `b`.`id` DESC LIMIT 5 [ RunTime:0.000816s ]
[2026-08-19T09:18:43+08:00][sql] SELECT `id`,`nickname`,`mobile`,`reg_time` FROM `user` WHERE  `pid` = 27 ORDER BY `id` DESC LIMIT 10 [ RunTime:0.000577s ]
[2026-08-19T09:18:45+08:00][sql] CONNECT:[ UseTime:0.022310s ] mysql:host=127.0.0.1;port=3306;dbname=auction;charset=utf8mb4
[2026-08-19T09:18:45+08:00][sql] SHOW FULL COLUMNS FROM `goods` [ RunTime:0.002203s ]
[2026-08-19T09:18:45+08:00][sql] SELECT `id` FROM `goods` WHERE  `status` = 1  AND `end_time` <= 1787102325 [ RunTime:0.001030s ]
[2026-08-19T09:18:45+08:00][sql] SHOW FULL COLUMNS FROM `user` [ RunTime:0.001868s ]
[2026-08-19T09:18:45+08:00][sql] SELECT * FROM `user` WHERE  `id` = 27 LIMIT 1 [ RunTime:0.001022s ]
[2026-08-19T09:18:45+08:00][sql] SHOW FULL COLUMNS FROM `setting` [ RunTime:0.001510s ]
[2026-08-19T09:18:45+08:00][sql] SELECT * FROM `setting` [ RunTime:0.000829s ]
[2026-08-19T09:18:45+08:00][sql] SHOW FULL COLUMNS FROM `order` [ RunTime:0.001588s ]
[2026-08-19T09:18:45+08:00][sql] SELECT COUNT(*) AS think_count FROM `order` `o` LEFT JOIN `goods` `g` ON `o`.`goods_id`=`g`.`id` LEFT JOIN `after_sale` `a` ON `a`.`order_id`=`o`.`id` WHERE  `o`.`buyer_id` = '27'  AND `o`.`order_status` = '2' [ RunTime:0.002991s ]
[2026-08-19T09:18:45+08:00][sql] SELECT o.*, g.cover as goods_cover2, IF(a.id IS NULL, 0, 1) as has_after_sale FROM `order` `o` LEFT JOIN `goods` `g` ON `o`.`goods_id`=`g`.`id` LEFT JOIN `after_sale` `a` ON `a`.`order_id`=`o`.`id` WHERE  `o`.`buyer_id` = '27'  AND `o`.`order_status` = '2' ORDER BY `o`.`id` DESC LIMIT 0,10 [ RunTime:0.001310s ]
[2026-08-19T09:19:05+08:00][sql] CONNECT:[ UseTime:0.011834s ] mysql:host=127.0.0.1;port=3306;dbname=auction;charset=utf8mb4
[2026-08-19T09:19:05+08:00][sql] SHOW FULL COLUMNS FROM `goods` [ RunTime:0.002345s ]
[2026-08-19T09:19:05+08:00][sql] SELECT `id` FROM `goods` WHERE  `status` = 1  AND `end_time` <= 1787102345 [ RunTime:0.001147s ]
[2026-08-19T09:19:05+08:00][sql] SHOW FULL COLUMNS FROM `user` [ RunTime:0.002401s ]
[2026-08-19T09:19:05+08:00][sql] SELECT * FROM `user` WHERE  `id` = 27 LIMIT 1 [ RunTime:0.001400s ]
[2026-08-19T09:19:05+08:00][sql] SHOW FULL COLUMNS FROM `setting` [ RunTime:0.001189s ]
[2026-08-19T09:19:05+08:00][sql] SELECT * FROM `setting` [ RunTime:0.000574s ]
[2026-08-19T09:19:05+08:00][sql] SHOW FULL COLUMNS FROM `order` [ RunTime:0.004183s ]
[2026-08-19T09:19:05+08:00][sql] SELECT * FROM `order` WHERE  `id` = 8  AND `buyer_id` = 27 LIMIT 1 [ RunTime:0.001135s ]
[2026-08-19T09:19:05+08:00][sql] UPDATE `order`  SET `order_status` = 3 , `finish_time` = 1787102345 , `update_time` = 1787102345  WHERE  `id` = 8 [ RunTime:0.005449s ]
[2026-08-19T09:19:06+08:00][sql] CONNECT:[ UseTime:0.001358s ] mysql:host=127.0.0.1;port=3306;dbname=auction;charset=utf8mb4
[2026-08-19T09:19:06+08:00][sql] SHOW FULL COLUMNS FROM `goods` [ RunTime:0.001322s ]
[2026-08-19T09:19:06+08:00][sql] SELECT `id` FROM `goods` WHERE  `status` = 1  AND `end_time` <= 1787102346 [ RunTime:0.000698s ]
[2026-08-19T09:19:06+08:00][sql] SHOW FULL COLUMNS FROM `user` [ RunTime:0.001262s ]
[2026-08-19T09:19:06+08:00][sql] SELECT * FROM `user` WHERE  `id` = 27 LIMIT 1 [ RunTime:0.000621s ]
[2026-08-19T09:19:06+08:00][sql] SHOW FULL COLUMNS FROM `setting` [ RunTime:0.000940s ]
[2026-08-19T09:19:06+08:00][sql] SELECT * FROM `setting` [ RunTime:0.000528s ]
[2026-08-19T09:19:06+08:00][sql] SHOW FULL COLUMNS FROM `order` [ RunTime:0.001117s ]
[2026-08-19T09:19:06+08:00][sql] SELECT COUNT(*) AS think_count FROM `order` `o` LEFT JOIN `goods` `g` ON `o`.`goods_id`=`g`.`id` LEFT JOIN `after_sale` `a` ON `a`.`order_id`=`o`.`id` WHERE  `o`.`buyer_id` = '27'  AND `o`.`order_status` = '2' [ RunTime:0.002093s ]
[2026-08-19T09:19:06+08:00][sql] SELECT o.*, g.cover as goods_cover2, IF(a.id IS NULL, 0, 1) as has_after_sale FROM `order` `o` LEFT JOIN `goods` `g` ON `o`.`goods_id`=`g`.`id` LEFT JOIN `after_sale` `a` ON `a`.`order_id`=`o`.`id` WHERE  `o`.`buyer_id` = '27'  AND `o`.`order_status` = '2' ORDER BY `o`.`id` DESC LIMIT 0,10 [ RunTime:0.000722s ]
[2026-08-19T09:19:08+08:00][sql] CONNECT:[ UseTime:0.011279s ] mysql:host=127.0.0.1;port=3306;dbname=auction;charset=utf8mb4
[2026-08-19T09:19:08+08:00][sql] SHOW FULL COLUMNS FROM `goods` [ RunTime:0.001910s ]
[2026-08-19T09:19:08+08:00][sql] SELECT `id` FROM `goods` WHERE  `status` = 1  AND `end_time` <= 1787102348 [ RunTime:0.000797s ]
[2026-08-19T09:19:08+08:00][sql] SHOW FULL COLUMNS FROM `user` [ RunTime:0.001881s ]
[2026-08-19T09:19:08+08:00][sql] SELECT * FROM `user` WHERE  `id` = 27 LIMIT 1 [ RunTime:0.001032s ]
[2026-08-19T09:19:08+08:00][sql] SHOW FULL COLUMNS FROM `setting` [ RunTime:0.001530s ]
[2026-08-19T09:19:08+08:00][sql] SELECT * FROM `setting` [ RunTime:0.000847s ]
[2026-08-19T09:19:08+08:00][sql] SHOW FULL COLUMNS FROM `order` [ RunTime:0.001634s ]
[2026-08-19T09:19:08+08:00][sql] SELECT COUNT(*) AS think_count FROM `order` `o` LEFT JOIN `goods` `g` ON `o`.`goods_id`=`g`.`id` LEFT JOIN `after_sale` `a` ON `a`.`order_id`=`o`.`id` WHERE  `o`.`buyer_id` = '27'  AND `o`.`order_status` = '3' [ RunTime:0.002891s ]
[2026-08-19T09:19:08+08:00][sql] SELECT o.*, g.cover as goods_cover2, IF(a.id IS NULL, 0, 1) as has_after_sale FROM `order` `o` LEFT JOIN `goods` `g` ON `o`.`goods_id`=`g`.`id` LEFT JOIN `after_sale` `a` ON `a`.`order_id`=`o`.`id` WHERE  `o`.`buyer_id` = '27'  AND `o`.`order_status` = '3' ORDER BY `o`.`id` DESC LIMIT 0,10 [ RunTime:0.001137s ]
[2026-08-19T09:19:14+08:00][sql] CONNECT:[ UseTime:0.001619s ] mysql:host=127.0.0.1;port=3306;dbname=auction;charset=utf8mb4
[2026-08-19T09:19:14+08:00][sql] SHOW FULL COLUMNS FROM `goods` [ RunTime:0.001229s ]
[2026-08-19T09:19:14+08:00][sql] SELECT `id` FROM `goods` WHERE  `status` = 1  AND `end_time` <= 1787102354 [ RunTime:0.000707s ]
[2026-08-19T09:19:14+08:00][sql] SHOW FULL COLUMNS FROM `user` [ RunTime:0.001252s ]
[2026-08-19T09:19:14+08:00][sql] SELECT * FROM `user` WHERE  `id` = 25 LIMIT 1 [ RunTime:0.000687s ]
[2026-08-19T09:19:14+08:00][sql] SHOW FULL COLUMNS FROM `setting` [ RunTime:0.000987s ]
[2026-08-19T09:19:14+08:00][sql] SELECT * FROM `setting` [ RunTime:0.000572s ]
[2026-08-19T09:19:14+08:00][sql] SHOW FULL COLUMNS FROM `bid_record` [ RunTime:0.001151s ]
[2026-08-19T09:19:14+08:00][sql] SELECT COUNT(*) AS think_count FROM `bid_record` WHERE  `user_id` = 25 [ RunTime:0.000636s ]
[2026-08-19T09:19:14+08:00][sql] SHOW FULL COLUMNS FROM `order` [ RunTime:0.001157s ]
[2026-08-19T09:19:14+08:00][sql] SELECT COUNT(*) AS think_count FROM `order` WHERE  `buyer_id` = 25  AND `pay_status` = 1 [ RunTime:0.000639s ]
[2026-08-19T09:19:14+08:00][sql] SELECT COUNT(*) AS think_count FROM `goods` WHERE  `seller_id` = 25  AND `status` = 2 [ RunTime:0.002030s ]
[2026-08-19T09:19:14+08:00][sql] SELECT COUNT(*) AS think_count FROM `goods` WHERE  `seller_id` = 25 [ RunTime:0.000631s ]
[2026-08-19T09:19:14+08:00][sql] SELECT COUNT(*) AS think_count FROM `order` WHERE  `buyer_id` = 25  AND `pay_status` = 0  AND `order_status` = 0 [ RunTime:0.000657s ]
[2026-08-19T09:19:14+08:00][sql] SELECT COUNT(*) AS think_count FROM `order` WHERE  `seller_id` = 25  AND `order_status` = 1 [ RunTime:0.000610s ]
[2026-08-19T09:19:14+08:00][sql] SELECT COUNT(*) AS think_count FROM `order` WHERE  `buyer_id` = 25  AND `order_status` = 0  AND `pay_status` = 0 [ RunTime:0.000693s ]
[2026-08-19T09:19:14+08:00][sql] SELECT COUNT(*) AS think_count FROM `order` WHERE  `buyer_id` = 25  AND `order_status` = 1 [ RunTime:0.000611s ]
[2026-08-19T09:19:14+08:00][sql] SELECT COUNT(*) AS think_count FROM `order` WHERE  `buyer_id` = 25  AND `order_status` = 2 [ RunTime:0.000613s ]
[2026-08-19T09:19:14+08:00][sql] SELECT COUNT(*) AS think_count FROM `order` WHERE  `buyer_id` = 25  AND `order_status` = 3 [ RunTime:0.000596s ]
[2026-08-19T09:19:14+08:00][sql] SELECT COUNT(*) AS think_count FROM `order` WHERE  `seller_id` = 25  AND `order_status` = 1 [ RunTime:0.000614s ]
[2026-08-19T09:19:14+08:00][sql] SHOW FULL COLUMNS FROM `goods_favorite` [ RunTime:0.001042s ]
[2026-08-19T09:19:14+08:00][sql] SELECT COUNT(*) AS think_count FROM `goods_favorite` WHERE  `user_id` = 25 [ RunTime:0.000595s ]
[2026-08-19T09:19:14+08:00][sql] SHOW FULL COLUMNS FROM `seller_follow` [ RunTime:0.000985s ]
[2026-08-19T09:19:14+08:00][sql] SELECT COUNT(*) AS think_count FROM `seller_follow` WHERE  `user_id` = 25 [ RunTime:0.000599s ]
[2026-08-19T09:19:14+08:00][sql] SHOW FULL COLUMNS FROM `browse_history` [ RunTime:0.000971s ]
[2026-08-19T09:19:14+08:00][sql] SELECT COUNT(*) AS think_count FROM `browse_history` WHERE  `user_id` = 25 [ RunTime:0.000598s ]
[2026-08-19T09:19:14+08:00][sql] SHOW FULL COLUMNS FROM `balance_log` [ RunTime:0.000928s ]
[2026-08-19T09:19:14+08:00][sql] SELECT * FROM `balance_log` WHERE  `user_id` = 25 ORDER BY `id` DESC LIMIT 5 [ RunTime:0.000640s ]
[2026-08-19T09:19:14+08:00][sql] SELECT `b`.*,`g`.`title`,`g`.`cover`,g.status as goods_status,`g`.`end_time` FROM `bid_record` `b` LEFT JOIN `goods` `g` ON `b`.`goods_id`=`g`.`id` WHERE  `b`.`user_id` = '25' ORDER BY `b`.`id` DESC LIMIT 5 [ RunTime:0.000711s ]
[2026-08-19T09:19:14+08:00][sql] SELECT `id`,`nickname`,`mobile`,`reg_time` FROM `user` WHERE  `pid` = 25 ORDER BY `id` DESC LIMIT 10 [ RunTime:0.000579s ]
[2026-08-19T09:19:17+08:00][sql] CONNECT:[ UseTime:0.002617s ] mysql:host=127.0.0.1;port=3306;dbname=auction;charset=utf8mb4
[2026-08-19T09:19:17+08:00][sql] SHOW FULL COLUMNS FROM `goods` [ RunTime:0.001394s ]
[2026-08-19T09:19:17+08:00][sql] SELECT `id` FROM `goods` WHERE  `status` = 1  AND `end_time` <= 1787102357 [ RunTime:0.000709s ]
[2026-08-19T09:19:17+08:00][sql] SHOW FULL COLUMNS FROM `user` [ RunTime:0.001285s ]
[2026-08-19T09:19:17+08:00][sql] SELECT * FROM `user` WHERE  `id` = 25 LIMIT 1 [ RunTime:0.000705s ]
[2026-08-19T09:19:17+08:00][sql] SHOW FULL COLUMNS FROM `setting` [ RunTime:0.001003s ]
[2026-08-19T09:19:17+08:00][sql] SELECT * FROM `setting` [ RunTime:0.000560s ]
[2026-08-19T09:19:17+08:00][sql] SELECT * FROM `user` WHERE  `id` = 25 LIMIT 1 [ RunTime:0.000756s ]
[2026-08-19T09:19:17+08:00][sql] SHOW FULL COLUMNS FROM `order` [ RunTime:0.001200s ]
[2026-08-19T09:19:17+08:00][sql] SELECT COUNT(*) AS think_count FROM `order` WHERE  `buyer_id` = 25  AND `order_status` = 0  AND `pay_status` = 0 [ RunTime:0.000680s ]
[2026-08-19T09:19:17+08:00][sql] SELECT COUNT(*) AS think_count FROM `order` WHERE  `buyer_id` = 25  AND `order_status` = 3 [ RunTime:0.000654s ]
[2026-08-19T09:19:17+08:00][sql] SHOW FULL COLUMNS FROM `balance_log` [ RunTime:0.000988s ]
[2026-08-19T09:19:17+08:00][sql] SELECT * FROM `balance_log` WHERE  `user_id` = 25 ORDER BY `id` DESC LIMIT 8 [ RunTime:0.001022s ]
[2026-08-19T09:19:19+08:00][sql] CONNECT:[ UseTime:0.008822s ] mysql:host=127.0.0.1;port=3306;dbname=auction;charset=utf8mb4
[2026-08-19T09:19:19+08:00][sql] SHOW FULL COLUMNS FROM `goods` [ RunTime:0.001866s ]
[2026-08-19T09:19:19+08:00][sql] SELECT `id` FROM `goods` WHERE  `status` = 1  AND `end_time` <= 1787102359 [ RunTime:0.001002s ]
[2026-08-19T09:19:19+08:00][sql] SHOW FULL COLUMNS FROM `user` [ RunTime:0.001870s ]
[2026-08-19T09:19:19+08:00][sql] SELECT * FROM `user` WHERE  `id` = 25 LIMIT 1 [ RunTime:0.001045s ]
[2026-08-19T09:19:19+08:00][sql] SHOW FULL COLUMNS FROM `setting` [ RunTime:0.001536s ]
[2026-08-19T09:19:19+08:00][sql] SELECT * FROM `setting` [ RunTime:0.000864s ]
[2026-08-19T09:19:19+08:00][sql] SHOW FULL COLUMNS FROM `bid_record` [ RunTime:0.001465s ]
[2026-08-19T09:19:19+08:00][sql] SELECT COUNT(*) AS think_count FROM `bid_record` WHERE  `user_id` = 25 [ RunTime:0.000913s ]
[2026-08-19T09:19:19+08:00][sql] SHOW FULL COLUMNS FROM `order` [ RunTime:0.001893s ]
[2026-08-19T09:19:19+08:00][sql] SELECT COUNT(*) AS think_count FROM `order` WHERE  `buyer_id` = 25  AND `pay_status` = 1 [ RunTime:0.001191s ]
[2026-08-19T09:19:19+08:00][sql] SELECT COUNT(*) AS think_count FROM `goods` WHERE  `seller_id` = 25  AND `status` = 2 [ RunTime:0.002956s ]
[2026-08-19T09:19:19+08:00][sql] SELECT COUNT(*) AS think_count FROM `goods` WHERE  `seller_id` = 25 [ RunTime:0.000910s ]
[2026-08-19T09:19:19+08:00][sql] SELECT COUNT(*) AS think_count FROM `order` WHERE  `buyer_id` = 25  AND `pay_status` = 0  AND `order_status` = 0 [ RunTime:0.000756s ]
[2026-08-19T09:19:19+08:00][sql] SELECT COUNT(*) AS think_count FROM `order` WHERE  `seller_id` = 25  AND `order_status` = 1 [ RunTime:0.000684s ]
[2026-08-19T09:19:19+08:00][sql] SELECT COUNT(*) AS think_count FROM `order` WHERE  `buyer_id` = 25  AND `order_status` = 0  AND `pay_status` = 0 [ RunTime:0.000678s ]
[2026-08-19T09:19:19+08:00][sql] SELECT COUNT(*) AS think_count FROM `order` WHERE  `buyer_id` = 25  AND `order_status` = 1 [ RunTime:0.000652s ]
[2026-08-19T09:19:19+08:00][sql] SELECT COUNT(*) AS think_count FROM `order` WHERE  `buyer_id` = 25  AND `order_status` = 2 [ RunTime:0.000658s ]
[2026-08-19T09:19:19+08:00][sql] SELECT COUNT(*) AS think_count FROM `order` WHERE  `buyer_id` = 25  AND `order_status` = 3 [ RunTime:0.000657s ]
[2026-08-19T09:19:19+08:00][sql] SELECT COUNT(*) AS think_count FROM `order` WHERE  `seller_id` = 25  AND `order_status` = 1 [ RunTime:0.000573s ]
[2026-08-19T09:19:19+08:00][sql] SHOW FULL COLUMNS FROM `goods_favorite` [ RunTime:0.001094s ]
[2026-08-19T09:19:19+08:00][sql] SELECT COUNT(*) AS think_count FROM `goods_favorite` WHERE  `user_id` = 25 [ RunTime:0.000553s ]
[2026-08-19T09:19:19+08:00][sql] SHOW FULL COLUMNS FROM `seller_follow` [ RunTime:0.001056s ]
[2026-08-19T09:19:19+08:00][sql] SELECT COUNT(*) AS think_count FROM `seller_follow` WHERE  `user_id` = 25 [ RunTime:0.000473s ]
[2026-08-19T09:19:19+08:00][sql] SHOW FULL COLUMNS FROM `browse_history` [ RunTime:0.001326s ]
[2026-08-19T09:19:19+08:00][sql] SELECT COUNT(*) AS think_count FROM `browse_history` WHERE  `user_id` = 25 [ RunTime:0.000881s ]
[2026-08-19T09:19:19+08:00][sql] SHOW FULL COLUMNS FROM `balance_log` [ RunTime:0.001418s ]
[2026-08-19T09:19:19+08:00][sql] SELECT * FROM `balance_log` WHERE  `user_id` = 25 ORDER BY `id` DESC LIMIT 5 [ RunTime:0.000920s ]
[2026-08-19T09:19:19+08:00][sql] SELECT `b`.*,`g`.`title`,`g`.`cover`,g.status as goods_status,`g`.`end_time` FROM `bid_record` `b` LEFT JOIN `goods` `g` ON `b`.`goods_id`=`g`.`id` WHERE  `b`.`user_id` = '25' ORDER BY `b`.`id` DESC LIMIT 5 [ RunTime:0.001009s ]
[2026-08-19T09:19:19+08:00][sql] SELECT `id`,`nickname`,`mobile`,`reg_time` FROM `user` WHERE  `pid` = 25 ORDER BY `id` DESC LIMIT 10 [ RunTime:0.000945s ]
[2026-08-19T09:19:31+08:00][sql] CONNECT:[ UseTime:0.013188s ] mysql:host=127.0.0.1;port=3306;dbname=auction;charset=utf8mb4
[2026-08-19T09:19:31+08:00][sql] SHOW FULL COLUMNS FROM `goods` [ RunTime:0.001988s ]
[2026-08-19T09:19:31+08:00][sql] SELECT `id` FROM `goods` WHERE  `status` = 1  AND `end_time` <= 1787102371 [ RunTime:0.001076s ]
[2026-08-19T09:19:31+08:00][sql] SHOW FULL COLUMNS FROM `user` [ RunTime:0.001945s ]
[2026-08-19T09:19:31+08:00][sql] SELECT * FROM `user` WHERE  `id` = 25 LIMIT 1 [ RunTime:0.001065s ]
[2026-08-19T09:19:31+08:00][sql] SHOW FULL COLUMNS FROM `setting` [ RunTime:0.001555s ]
[2026-08-19T09:19:31+08:00][sql] SELECT * FROM `setting` [ RunTime:0.000870s ]
[2026-08-19T09:19:31+08:00][sql] SELECT COUNT(*) AS think_count FROM `goods` WHERE  `seller_id` = 25 [ RunTime:0.000900s ]
[2026-08-19T09:19:31+08:00][sql] SELECT * FROM `goods` WHERE  `seller_id` = 25 ORDER BY `id` DESC LIMIT 0,10 [ RunTime:0.001059s ]
[2026-08-19T09:19:31+08:00][sql] SHOW FULL COLUMNS FROM `bid_record` [ RunTime:0.001633s ]
[2026-08-19T09:19:31+08:00][sql] SELECT MAX(`price`) AS think_max FROM `bid_record` WHERE  `goods_id` = 33  AND `status` = 0 [ RunTime:0.000630s ]
[2026-08-19T09:19:31+08:00][sql] SELECT MAX(`price`) AS think_max FROM `bid_record` WHERE  `goods_id` = 32  AND `status` = 0 [ RunTime:0.000487s ]
[2026-08-19T09:19:31+08:00][sql] SELECT MAX(`price`) AS think_max FROM `bid_record` WHERE  `goods_id` = 31  AND `status` = 0 [ RunTime:0.000918s ]
[2026-08-19T09:19:31+08:00][sql] SELECT MAX(`price`) AS think_max FROM `bid_record` WHERE  `goods_id` = 30  AND `status` = 0 [ RunTime:0.000895s ]
[2026-08-19T09:19:31+08:00][sql] SELECT MAX(`price`) AS think_max FROM `bid_record` WHERE  `goods_id` = 29  AND `status` = 0 [ RunTime:0.000912s ]
[2026-08-19T09:19:31+08:00][sql] SELECT MAX(`price`) AS think_max FROM `bid_record` WHERE  `goods_id` = 27  AND `status` = 0 [ RunTime:0.000943s ]
[2026-08-19T09:19:36+08:00][sql] CONNECT:[ UseTime:0.009522s ] mysql:host=127.0.0.1;port=3306;dbname=auction;charset=utf8mb4
[2026-08-19T09:19:36+08:00][sql] SHOW FULL COLUMNS FROM `goods` [ RunTime:0.001763s ]
[2026-08-19T09:19:36+08:00][sql] SELECT `id` FROM `goods` WHERE  `status` = 1  AND `end_time` <= 1787102376 [ RunTime:0.000896s ]
[2026-08-19T09:19:36+08:00][sql] SHOW FULL COLUMNS FROM `user` [ RunTime:0.001490s ]
[2026-08-19T09:19:36+08:00][sql] SELECT * FROM `user` WHERE  `id` = 27 LIMIT 1 [ RunTime:0.000820s ]
[2026-08-19T09:19:36+08:00][sql] SHOW FULL COLUMNS FROM `setting` [ RunTime:0.001274s ]
[2026-08-19T09:19:36+08:00][sql] SELECT * FROM `setting` [ RunTime:0.000725s ]
[2026-08-19T09:19:36+08:00][sql] SELECT COUNT(*) AS think_count FROM `goods` `g` LEFT JOIN `user` `u` ON `g`.`seller_id`=`u`.`id` WHERE  `g`.`status` = '1'  AND `g`.`start_time` <= '1787102376'  AND `g`.`end_time` > '1787102376' [ RunTime:0.000883s ]
[2026-08-19T09:19:36+08:00][sql] SELECT `g`.*,u.nickname as seller_name FROM `goods` `g` LEFT JOIN `user` `u` ON `g`.`seller_id`=`u`.`id` WHERE  `g`.`status` = '1'  AND `g`.`start_time` <= '1787102376'  AND `g`.`end_time` > '1787102376' ORDER BY `g`.`end_time` ASC,`g`.`id` DESC LIMIT 0,10 [ RunTime:0.001045s ]
[2026-08-19T09:19:36+08:00][sql] SHOW FULL COLUMNS FROM `bid_record` [ RunTime:0.001219s ]
[2026-08-19T09:19:36+08:00][sql] SELECT MAX(`price`) AS think_max FROM `bid_record` WHERE  `goods_id` = 28  AND `status` = 0 [ RunTime:0.000692s ]
[2026-08-19T09:19:36+08:00][sql] SELECT MAX(`price`) AS think_max FROM `bid_record` WHERE  `goods_id` = 33  AND `status` = 0 [ RunTime:0.000749s ]
[2026-08-19T09:19:36+08:00][sql] SELECT MAX(`price`) AS think_max FROM `bid_record` WHERE  `goods_id` = 30  AND `status` = 0 [ RunTime:0.000804s ]
[2026-08-19T09:19:36+08:00][sql] SHOW FULL COLUMNS FROM `category` [ RunTime:0.000938s ]
[2026-08-19T09:19:36+08:00][sql] SELECT * FROM `category` WHERE  `status` = 1 ORDER BY `sort` ASC [ RunTime:0.000580s ]
[2026-08-19T09:19:36+08:00][sql] SELECT `b`.`price`,`b`.`create_time`,`g`.`title`,`u`.`nickname` FROM `bid_record` `b` LEFT JOIN `goods` `g` ON `b`.`goods_id`=`g`.`id` LEFT JOIN `user` `u` ON `b`.`user_id`=`u`.`id` WHERE  `b`.`status` = '1' ORDER BY `b`.`id` DESC LIMIT 5 [ RunTime:0.001111s ]
[2026-08-19T09:19:36+08:00][sql] SHOW FULL COLUMNS FROM `news` [ RunTime:0.001489s ]
[2026-08-19T09:19:36+08:00][sql] SELECT `id`,`title`,`create_time` FROM `news` WHERE  `status` = 1 ORDER BY `id` DESC LIMIT 3 [ RunTime:0.000979s ]
[2026-08-19T09:19:36+08:00][sql] SHOW FULL COLUMNS FROM `banner` [ RunTime:0.001442s ]
[2026-08-19T09:19:36+08:00][sql] SELECT * FROM `banner` WHERE  `status` = 1 ORDER BY `sort` ASC,`id` ASC [ RunTime:0.000885s ]
[2026-08-19T09:19:43+08:00][sql] CONNECT:[ UseTime:0.026100s ] mysql:host=127.0.0.1;port=3306;dbname=auction;charset=utf8mb4
[2026-08-19T09:19:43+08:00][sql] SHOW FULL COLUMNS FROM `goods` [ RunTime:0.002175s ]
[2026-08-19T09:19:43+08:00][sql] SELECT `id` FROM `goods` WHERE  `status` = 1  AND `end_time` <= 1787102383 [ RunTime:0.001089s ]
[2026-08-19T09:19:43+08:00][sql] SHOW FULL COLUMNS FROM `user` [ RunTime:0.002019s ]
[2026-08-19T09:19:43+08:00][sql] SELECT * FROM `user` WHERE  `id` = 27 LIMIT 1 [ RunTime:0.001086s ]
[2026-08-19T09:19:43+08:00][sql] SHOW FULL COLUMNS FROM `setting` [ RunTime:0.001539s ]
[2026-08-19T09:19:43+08:00][sql] SELECT * FROM `setting` [ RunTime:0.000868s ]
[2026-08-19T09:19:43+08:00][sql] SHOW FULL COLUMNS FROM `bid_record` [ RunTime:0.001713s ]
[2026-08-19T09:19:43+08:00][sql] SELECT COUNT(*) AS think_count FROM `bid_record` WHERE  `user_id` = 27 [ RunTime:0.000637s ]
[2026-08-19T09:19:43+08:00][sql] SHOW FULL COLUMNS FROM `order` [ RunTime:0.001802s ]
[2026-08-19T09:19:43+08:00][sql] SELECT COUNT(*) AS think_count FROM `order` WHERE  `buyer_id` = 27  AND `pay_status` = 1 [ RunTime:0.000966s ]
[2026-08-19T09:19:43+08:00][sql] SELECT COUNT(*) AS think_count FROM `goods` WHERE  `seller_id` = 27  AND `status` = 2 [ RunTime:0.000895s ]
[2026-08-19T09:19:43+08:00][sql] SELECT COUNT(*) AS think_count FROM `goods` WHERE  `seller_id` = 27 [ RunTime:0.000864s ]
[2026-08-19T09:19:43+08:00][sql] SELECT COUNT(*) AS think_count FROM `order` WHERE  `buyer_id` = 27  AND `pay_status` = 0  AND `order_status` = 0 [ RunTime:0.000915s ]
[2026-08-19T09:19:43+08:00][sql] SELECT COUNT(*) AS think_count FROM `order` WHERE  `seller_id` = 27  AND `order_status` = 1 [ RunTime:0.000884s ]
[2026-08-19T09:19:43+08:00][sql] SELECT COUNT(*) AS think_count FROM `order` WHERE  `buyer_id` = 27  AND `order_status` = 0  AND `pay_status` = 0 [ RunTime:0.000903s ]
[2026-08-19T09:19:43+08:00][sql] SELECT COUNT(*) AS think_count FROM `order` WHERE  `buyer_id` = 27  AND `order_status` = 1 [ RunTime:0.000985s ]
[2026-08-19T09:19:43+08:00][sql] SELECT COUNT(*) AS think_count FROM `order` WHERE  `buyer_id` = 27  AND `order_status` = 2 [ RunTime:0.000800s ]
[2026-08-19T09:19:43+08:00][sql] SELECT COUNT(*) AS think_count FROM `order` WHERE  `buyer_id` = 27  AND `order_status` = 3 [ RunTime:0.000600s ]
[2026-08-19T09:19:43+08:00][sql] SELECT COUNT(*) AS think_count FROM `order` WHERE  `seller_id` = 27  AND `order_status` = 1 [ RunTime:0.000889s ]
[2026-08-19T09:19:43+08:00][sql] SHOW FULL COLUMNS FROM `goods_favorite` [ RunTime:0.001549s ]
[2026-08-19T09:19:43+08:00][sql] SELECT COUNT(*) AS think_count FROM `goods_favorite` WHERE  `user_id` = 27 [ RunTime:0.000989s ]
[2026-08-19T09:19:43+08:00][sql] SHOW FULL COLUMNS FROM `seller_follow` [ RunTime:0.001616s ]
[2026-08-19T09:19:43+08:00][sql] SELECT COUNT(*) AS think_count FROM `seller_follow` WHERE  `user_id` = 27 [ RunTime:0.000893s ]
[2026-08-19T09:19:43+08:00][sql] SHOW FULL COLUMNS FROM `browse_history` [ RunTime:0.001480s ]
[2026-08-19T09:19:43+08:00][sql] SELECT COUNT(*) AS think_count FROM `browse_history` WHERE  `user_id` = 27 [ RunTime:0.000908s ]
[2026-08-19T09:19:43+08:00][sql] SHOW FULL COLUMNS FROM `balance_log` [ RunTime:0.001078s ]
[2026-08-19T09:19:43+08:00][sql] SELECT * FROM `balance_log` WHERE  `user_id` = 27 ORDER BY `id` DESC LIMIT 5 [ RunTime:0.000770s ]
[2026-08-19T09:19:43+08:00][sql] SELECT `b`.*,`g`.`title`,`g`.`cover`,g.status as goods_status,`g`.`end_time` FROM `bid_record` `b` LEFT JOIN `goods` `g` ON `b`.`goods_id`=`g`.`id` WHERE  `b`.`user_id` = '27' ORDER BY `b`.`id` DESC LIMIT 5 [ RunTime:0.001062s ]
[2026-08-19T09:19:43+08:00][sql] SELECT `id`,`nickname`,`mobile`,`reg_time` FROM `user` WHERE  `pid` = 27 ORDER BY `id` DESC LIMIT 10 [ RunTime:0.000888s ]
[2026-08-19T09:19:46+08:00][sql] CONNECT:[ UseTime:0.022930s ] mysql:host=127.0.0.1;port=3306;dbname=auction;charset=utf8mb4
[2026-08-19T09:19:46+08:00][sql] SHOW FULL COLUMNS FROM `goods` [ RunTime:0.001871s ]
[2026-08-19T09:19:46+08:00][sql] SELECT `id` FROM `goods` WHERE  `status` = 1  AND `end_time` <= 1787102386 [ RunTime:0.000949s ]
[2026-08-19T09:19:46+08:00][sql] SHOW FULL COLUMNS FROM `user` [ RunTime:0.001797s ]
[2026-08-19T09:19:46+08:00][sql] SELECT * FROM `user` WHERE  `id` = 27 LIMIT 1 [ RunTime:0.000962s ]
[2026-08-19T09:19:46+08:00][sql] SHOW FULL COLUMNS FROM `setting` [ RunTime:0.001622s ]
[2026-08-19T09:19:46+08:00][sql] SELECT * FROM `setting` [ RunTime:0.000905s ]
[2026-08-19T09:19:53+08:00][sql] CONNECT:[ UseTime:0.021934s ] mysql:host=127.0.0.1;port=3306;dbname=auction;charset=utf8mb4
[2026-08-19T09:19:53+08:00][sql] SHOW FULL COLUMNS FROM `goods` [ RunTime:0.002180s ]
[2026-08-19T09:19:53+08:00][sql] SELECT `id` FROM `goods` WHERE  `status` = 1  AND `end_time` <= 1787102393 [ RunTime:0.001033s ]
[2026-08-19T09:19:53+08:00][sql] SHOW FULL COLUMNS FROM `user` [ RunTime:0.001878s ]
[2026-08-19T09:19:53+08:00][sql] SELECT * FROM `user` WHERE  `id` = 27 LIMIT 1 [ RunTime:0.001047s ]
[2026-08-19T09:19:53+08:00][sql] SHOW FULL COLUMNS FROM `setting` [ RunTime:0.001576s ]
[2026-08-19T09:19:53+08:00][sql] SELECT * FROM `setting` [ RunTime:0.000868s ]
[2026-08-19T09:19:58+08:00][sql] CONNECT:[ UseTime:0.010160s ] mysql:host=127.0.0.1;port=3306;dbname=auction;charset=utf8mb4
[2026-08-19T09:19:58+08:00][sql] SHOW FULL COLUMNS FROM `goods` [ RunTime:0.001671s ]
[2026-08-19T09:19:58+08:00][sql] SELECT `id` FROM `goods` WHERE  `status` = 1  AND `end_time` <= 1787102398 [ RunTime:0.000846s ]
[2026-08-19T09:19:58+08:00][sql] SHOW FULL COLUMNS FROM `user` [ RunTime:0.001497s ]
[2026-08-19T09:19:58+08:00][sql] SELECT * FROM `user` WHERE  `id` = 27 LIMIT 1 [ RunTime:0.000788s ]
[2026-08-19T09:19:58+08:00][sql] SHOW FULL COLUMNS FROM `setting` [ RunTime:0.001120s ]
[2026-08-19T09:19:58+08:00][sql] SELECT * FROM `setting` [ RunTime:0.000616s ]
[2026-08-19T09:19:58+08:00][sql] SELECT * FROM `user` WHERE  `id` = 27 LIMIT 1 [ RunTime:0.000873s ]
[2026-08-19T09:20:04+08:00][sql] CONNECT:[ UseTime:0.019112s ] mysql:host=127.0.0.1;port=3306;dbname=auction;charset=utf8mb4
[2026-08-19T09:20:04+08:00][sql] SHOW FULL COLUMNS FROM `goods` [ RunTime:0.002268s ]
[2026-08-19T09:20:04+08:00][sql] SELECT `id` FROM `goods` WHERE  `status` = 1  AND `end_time` <= 1787102404 [ RunTime:0.001080s ]
[2026-08-19T09:20:04+08:00][sql] SHOW FULL COLUMNS FROM `user` [ RunTime:0.001980s ]
[2026-08-19T09:20:04+08:00][sql] SELECT * FROM `user` WHERE  `id` = 27 LIMIT 1 [ RunTime:0.001043s ]
[2026-08-19T09:20:04+08:00][sql] SHOW FULL COLUMNS FROM `setting` [ RunTime:0.001538s ]
[2026-08-19T09:20:04+08:00][sql] SELECT * FROM `setting` [ RunTime:0.000863s ]
[2026-08-19T09:20:22+08:00][sql] CONNECT:[ UseTime:0.001959s ] mysql:host=127.0.0.1;port=3306;dbname=auction;charset=utf8mb4
[2026-08-19T09:20:22+08:00][sql] SHOW FULL COLUMNS FROM `goods` [ RunTime:0.001581s ]
[2026-08-19T09:20:22+08:00][sql] SELECT `id` FROM `goods` WHERE  `status` = 1  AND `end_time` <= 1787102422 [ RunTime:0.000815s ]
[2026-08-19T09:20:22+08:00][sql] SHOW FULL COLUMNS FROM `user` [ RunTime:0.001544s ]
[2026-08-19T09:20:22+08:00][sql] SELECT * FROM `user` WHERE  `id` = 27 LIMIT 1 [ RunTime:0.000915s ]
[2026-08-19T09:20:22+08:00][sql] SHOW FULL COLUMNS FROM `setting` [ RunTime:0.001384s ]
[2026-08-19T09:20:22+08:00][sql] SELECT * FROM `setting` [ RunTime:0.000749s ]
[2026-08-19T09:20:22+08:00][sql] SELECT COUNT(*) AS think_count FROM `goods` `g` LEFT JOIN `user` `u` ON `g`.`seller_id`=`u`.`id` WHERE  `g`.`status` = '1'  AND `g`.`start_time` <= '1787102422'  AND `g`.`end_time` > '1787102422' [ RunTime:0.001172s ]
[2026-08-19T09:20:22+08:00][sql] SELECT `g`.*,u.nickname as seller_name FROM `goods` `g` LEFT JOIN `user` `u` ON `g`.`seller_id`=`u`.`id` WHERE  `g`.`status` = '1'  AND `g`.`start_time` <= '1787102422'  AND `g`.`end_time` > '1787102422' ORDER BY `g`.`end_time` ASC,`g`.`id` DESC LIMIT 0,10 [ RunTime:0.000925s ]
[2026-08-19T09:20:22+08:00][sql] SHOW FULL COLUMNS FROM `bid_record` [ RunTime:0.000944s ]
[2026-08-19T09:20:22+08:00][sql] SELECT MAX(`price`) AS think_max FROM `bid_record` WHERE  `goods_id` = 28  AND `status` = 0 [ RunTime:0.000818s ]
[2026-08-19T09:20:22+08:00][sql] SELECT MAX(`price`) AS think_max FROM `bid_record` WHERE  `goods_id` = 33  AND `status` = 0 [ RunTime:0.000678s ]
[2026-08-19T09:20:22+08:00][sql] SELECT MAX(`price`) AS think_max FROM `bid_record` WHERE  `goods_id` = 30  AND `status` = 0 [ RunTime:0.000721s ]
[2026-08-19T09:20:22+08:00][sql] SHOW FULL COLUMNS FROM `category` [ RunTime:0.001406s ]
[2026-08-19T09:20:22+08:00][sql] SELECT * FROM `category` WHERE  `status` = 1 ORDER BY `sort` ASC [ RunTime:0.000918s ]
[2026-08-19T09:20:22+08:00][sql] SELECT `b`.`price`,`b`.`create_time`,`g`.`title`,`u`.`nickname` FROM `bid_record` `b` LEFT JOIN `goods` `g` ON `b`.`goods_id`=`g`.`id` LEFT JOIN `user` `u` ON `b`.`user_id`=`u`.`id` WHERE  `b`.`status` = '1' ORDER BY `b`.`id` DESC LIMIT 5 [ RunTime:0.001015s ]
[2026-08-19T09:20:22+08:00][sql] SHOW FULL COLUMNS FROM `news` [ RunTime:0.001406s ]
[2026-08-19T09:20:22+08:00][sql] SELECT `id`,`title`,`create_time` FROM `news` WHERE  `status` = 1 ORDER BY `id` DESC LIMIT 3 [ RunTime:0.000832s ]
[2026-08-19T09:20:22+08:00][sql] SHOW FULL COLUMNS FROM `banner` [ RunTime:0.001509s ]
[2026-08-19T09:20:22+08:00][sql] SELECT * FROM `banner` WHERE  `status` = 1 ORDER BY `sort` ASC,`id` ASC [ RunTime:0.001236s ]
[2026-08-19T09:20:23+08:00][sql] CONNECT:[ UseTime:0.018252s ] mysql:host=127.0.0.1;port=3306;dbname=auction;charset=utf8mb4
[2026-08-19T09:20:23+08:00][sql] SHOW FULL COLUMNS FROM `goods` [ RunTime:0.002434s ]
[2026-08-19T09:20:23+08:00][sql] SELECT `id` FROM `goods` WHERE  `status` = 1  AND `end_time` <= 1787102423 [ RunTime:0.001146s ]
[2026-08-19T09:20:23+08:00][sql] SHOW FULL COLUMNS FROM `user` [ RunTime:0.002029s ]
[2026-08-19T09:20:23+08:00][sql] SELECT * FROM `user` WHERE  `id` = 27 LIMIT 1 [ RunTime:0.001059s ]
[2026-08-19T09:20:23+08:00][sql] SHOW FULL COLUMNS FROM `setting` [ RunTime:0.001574s ]
[2026-08-19T09:20:23+08:00][sql] SELECT * FROM `setting` [ RunTime:0.000877s ]
[2026-08-19T09:20:23+08:00][sql] SHOW FULL COLUMNS FROM `bid_record` [ RunTime:0.001783s ]
[2026-08-19T09:20:23+08:00][sql] SELECT COUNT(*) AS think_count FROM `bid_record` WHERE  `user_id` = 27 [ RunTime:0.000976s ]
[2026-08-19T09:20:23+08:00][sql] SHOW FULL COLUMNS FROM `order` [ RunTime:0.001831s ]
[2026-08-19T09:20:23+08:00][sql] SELECT COUNT(*) AS think_count FROM `order` WHERE  `buyer_id` = 27  AND `pay_status` = 1 [ RunTime:0.000937s ]
[2026-08-19T09:20:23+08:00][sql] SELECT COUNT(*) AS think_count FROM `goods` WHERE  `seller_id` = 27  AND `status` = 2 [ RunTime:0.000922s ]
[2026-08-19T09:20:23+08:00][sql] SELECT COUNT(*) AS think_count FROM `goods` WHERE  `seller_id` = 27 [ RunTime:0.000878s ]
[2026-08-19T09:20:23+08:00][sql] SELECT COUNT(*) AS think_count FROM `order` WHERE  `buyer_id` = 27  AND `pay_status` = 0  AND `order_status` = 0 [ RunTime:0.000923s ]
[2026-08-19T09:20:23+08:00][sql] SELECT COUNT(*) AS think_count FROM `order` WHERE  `seller_id` = 27  AND `order_status` = 1 [ RunTime:0.000889s ]
[2026-08-19T09:20:23+08:00][sql] SELECT COUNT(*) AS think_count FROM `order` WHERE  `buyer_id` = 27  AND `order_status` = 0  AND `pay_status` = 0 [ RunTime:0.000853s ]
[2026-08-19T09:20:23+08:00][sql] SELECT COUNT(*) AS think_count FROM `order` WHERE  `buyer_id` = 27  AND `order_status` = 1 [ RunTime:0.000857s ]
[2026-08-19T09:20:23+08:00][sql] SELECT COUNT(*) AS think_count FROM `order` WHERE  `buyer_id` = 27  AND `order_status` = 2 [ RunTime:0.000854s ]
[2026-08-19T09:20:23+08:00][sql] SELECT COUNT(*) AS think_count FROM `order` WHERE  `buyer_id` = 27  AND `order_status` = 3 [ RunTime:0.000825s ]
[2026-08-19T09:20:23+08:00][sql] SELECT COUNT(*) AS think_count FROM `order` WHERE  `seller_id` = 27  AND `order_status` = 1 [ RunTime:0.000912s ]
[2026-08-19T09:20:23+08:00][sql] SHOW FULL COLUMNS FROM `goods_favorite` [ RunTime:0.001771s ]
[2026-08-19T09:20:23+08:00][sql] SELECT COUNT(*) AS think_count FROM `goods_favorite` WHERE  `user_id` = 27 [ RunTime:0.000805s ]
[2026-08-19T09:20:23+08:00][sql] SHOW FULL COLUMNS FROM `seller_follow` [ RunTime:0.001092s ]
[2026-08-19T09:20:23+08:00][sql] SELECT COUNT(*) AS think_count FROM `seller_follow` WHERE  `user_id` = 27 [ RunTime:0.000971s ]
[2026-08-19T09:20:23+08:00][sql] SHOW FULL COLUMNS FROM `browse_history` [ RunTime:0.001611s ]
[2026-08-19T09:20:23+08:00][sql] SELECT COUNT(*) AS think_count FROM `browse_history` WHERE  `user_id` = 27 [ RunTime:0.000904s ]
[2026-08-19T09:20:23+08:00][sql] SHOW FULL COLUMNS FROM `balance_log` [ RunTime:0.001537s ]
[2026-08-19T09:20:23+08:00][sql] SELECT * FROM `balance_log` WHERE  `user_id` = 27 ORDER BY `id` DESC LIMIT 5 [ RunTime:0.000984s ]
[2026-08-19T09:20:23+08:00][sql] SELECT `b`.*,`g`.`title`,`g`.`cover`,g.status as goods_status,`g`.`end_time` FROM `bid_record` `b` LEFT JOIN `goods` `g` ON `b`.`goods_id`=`g`.`id` WHERE  `b`.`user_id` = '27' ORDER BY `b`.`id` DESC LIMIT 5 [ RunTime:0.001008s ]
[2026-08-19T09:20:23+08:00][sql] SELECT `id`,`nickname`,`mobile`,`reg_time` FROM `user` WHERE  `pid` = 27 ORDER BY `id` DESC LIMIT 10 [ RunTime:0.000862s ]
[2026-08-19T09:20:28+08:00][sql] CONNECT:[ UseTime:0.020625s ] mysql:host=127.0.0.1;port=3306;dbname=auction;charset=utf8mb4
[2026-08-19T09:20:28+08:00][sql] SHOW FULL COLUMNS FROM `goods` [ RunTime:0.002420s ]
[2026-08-19T09:20:28+08:00][sql] SELECT `id` FROM `goods` WHERE  `status` = 1  AND `end_time` <= 1787102428 [ RunTime:0.001048s ]
[2026-08-19T09:20:28+08:00][sql] SHOW FULL COLUMNS FROM `user` [ RunTime:0.001993s ]
[2026-08-19T09:20:28+08:00][sql] SELECT * FROM `user` WHERE  `id` = 25 LIMIT 1 [ RunTime:0.001087s ]
[2026-08-19T09:20:28+08:00][sql] SHOW FULL COLUMNS FROM `setting` [ RunTime:0.001540s ]
[2026-08-19T09:20:28+08:00][sql] SELECT * FROM `setting` [ RunTime:0.000868s ]
[2026-08-19T09:20:28+08:00][sql] SELECT COUNT(*) AS think_count FROM `goods` WHERE  `seller_id` = 25 [ RunTime:0.001120s ]
[2026-08-19T09:20:28+08:00][sql] SELECT * FROM `goods` WHERE  `seller_id` = 25 ORDER BY `id` DESC LIMIT 0,10 [ RunTime:0.001191s ]
[2026-08-19T09:20:28+08:00][sql] SHOW FULL COLUMNS FROM `bid_record` [ RunTime:0.001775s ]
[2026-08-19T09:20:28+08:00][sql] SELECT MAX(`price`) AS think_max FROM `bid_record` WHERE  `goods_id` = 33  AND `status` = 0 [ RunTime:0.000950s ]
[2026-08-19T09:20:28+08:00][sql] SELECT MAX(`price`) AS think_max FROM `bid_record` WHERE  `goods_id` = 32  AND `status` = 0 [ RunTime:0.000921s ]
[2026-08-19T09:20:28+08:00][sql] SELECT MAX(`price`) AS think_max FROM `bid_record` WHERE  `goods_id` = 31  AND `status` = 0 [ RunTime:0.000909s ]
[2026-08-19T09:20:28+08:00][sql] SELECT MAX(`price`) AS think_max FROM `bid_record` WHERE  `goods_id` = 30  AND `status` = 0 [ RunTime:0.000905s ]
[2026-08-19T09:20:28+08:00][sql] SELECT MAX(`price`) AS think_max FROM `bid_record` WHERE  `goods_id` = 29  AND `status` = 0 [ RunTime:0.000925s ]
[2026-08-19T09:20:28+08:00][sql] SELECT MAX(`price`) AS think_max FROM `bid_record` WHERE  `goods_id` = 27  AND `status` = 0 [ RunTime:0.000933s ]
[2026-08-19T09:21:26+08:00][sql] CONNECT:[ UseTime:0.011036s ] mysql:host=127.0.0.1;port=3306;dbname=auction;charset=utf8mb4
[2026-08-19T09:21:26+08:00][sql] SHOW FULL COLUMNS FROM `goods` [ RunTime:0.001765s ]
[2026-08-19T09:21:26+08:00][sql] SELECT `id` FROM `goods` WHERE  `status` = 1  AND `end_time` <= 1787102486 [ RunTime:0.000965s ]
[2026-08-19T09:21:26+08:00][sql] SHOW FULL COLUMNS FROM `user` [ RunTime:0.001952s ]
[2026-08-19T09:21:26+08:00][sql] SELECT * FROM `user` WHERE  `id` = 25 LIMIT 1 [ RunTime:0.001315s ]
[2026-08-19T09:21:26+08:00][sql] SHOW FULL COLUMNS FROM `setting` [ RunTime:0.001965s ]
[2026-08-19T09:21:26+08:00][sql] SELECT * FROM `setting` [ RunTime:0.000993s ]
[2026-08-19T09:21:26+08:00][sql] SELECT COUNT(*) AS think_count FROM `goods` `g` LEFT JOIN `user` `u` ON `g`.`seller_id`=`u`.`id` WHERE  `g`.`status` = '1'  AND `g`.`start_time` <= '1787102486'  AND `g`.`end_time` > '1787102486' [ RunTime:0.001490s ]
[2026-08-19T09:21:26+08:00][sql] SELECT `g`.*,u.nickname as seller_name FROM `goods` `g` LEFT JOIN `user` `u` ON `g`.`seller_id`=`u`.`id` WHERE  `g`.`status` = '1'  AND `g`.`start_time` <= '1787102486'  AND `g`.`end_time` > '1787102486' ORDER BY `g`.`end_time` ASC,`g`.`id` DESC LIMIT 0,10 [ RunTime:0.001597s ]
[2026-08-19T09:21:26+08:00][sql] SHOW FULL COLUMNS FROM `bid_record` [ RunTime:0.002116s ]
[2026-08-19T09:21:26+08:00][sql] SELECT MAX(`price`) AS think_max FROM `bid_record` WHERE  `goods_id` = 28  AND `status` = 0 [ RunTime:0.001032s ]
[2026-08-19T09:21:26+08:00][sql] SELECT MAX(`price`) AS think_max FROM `bid_record` WHERE  `goods_id` = 33  AND `status` = 0 [ RunTime:0.001097s ]
[2026-08-19T09:21:26+08:00][sql] SELECT MAX(`price`) AS think_max FROM `bid_record` WHERE  `goods_id` = 30  AND `status` = 0 [ RunTime:0.001147s ]
[2026-08-19T09:21:26+08:00][sql] SHOW FULL COLUMNS FROM `category` [ RunTime:0.000944s ]
[2026-08-19T09:21:26+08:00][sql] SELECT * FROM `category` WHERE  `status` = 1 ORDER BY `sort` ASC [ RunTime:0.000943s ]
[2026-08-19T09:21:26+08:00][sql] SELECT `b`.`price`,`b`.`create_time`,`g`.`title`,`u`.`nickname` FROM `bid_record` `b` LEFT JOIN `goods` `g` ON `b`.`goods_id`=`g`.`id` LEFT JOIN `user` `u` ON `b`.`user_id`=`u`.`id` WHERE  `b`.`status` = '1' ORDER BY `b`.`id` DESC LIMIT 5 [ RunTime:0.001228s ]
[2026-08-19T09:21:26+08:00][sql] SHOW FULL COLUMNS FROM `news` [ RunTime:0.001882s ]
[2026-08-19T09:21:26+08:00][sql] SELECT `id`,`title`,`create_time` FROM `news` WHERE  `status` = 1 ORDER BY `id` DESC LIMIT 3 [ RunTime:0.001154s ]
[2026-08-19T09:21:26+08:00][sql] SHOW FULL COLUMNS FROM `banner` [ RunTime:0.001998s ]
[2026-08-19T09:21:26+08:00][sql] SELECT * FROM `banner` WHERE  `status` = 1 ORDER BY `sort` ASC,`id` ASC [ RunTime:0.001254s ]
[2026-08-19T09:21:29+08:00][sql] CONNECT:[ UseTime:0.001910s ] mysql:host=127.0.0.1;port=3306;dbname=auction;charset=utf8mb4
[2026-08-19T09:21:29+08:00][sql] SHOW FULL COLUMNS FROM `goods` [ RunTime:0.001679s ]
[2026-08-19T09:21:29+08:00][sql] SELECT `id` FROM `goods` WHERE  `status` = 1  AND `end_time` <= 1787102489 [ RunTime:0.000800s ]
[2026-08-19T09:21:29+08:00][sql] SHOW FULL COLUMNS FROM `user` [ RunTime:0.001447s ]
[2026-08-19T09:21:29+08:00][sql] SELECT * FROM `user` WHERE  `id` = 25 LIMIT 1 [ RunTime:0.000894s ]
[2026-08-19T09:21:29+08:00][sql] SHOW FULL COLUMNS FROM `setting` [ RunTime:0.001384s ]
[2026-08-19T09:21:29+08:00][sql] SELECT * FROM `setting` [ RunTime:0.001291s ]
[2026-08-19T09:21:29+08:00][sql] SHOW FULL COLUMNS FROM `bid_record` [ RunTime:0.001200s ]
[2026-08-19T09:21:29+08:00][sql] SELECT COUNT(*) AS think_count FROM `bid_record` WHERE  `user_id` = 25 [ RunTime:0.000586s ]
[2026-08-19T09:21:29+08:00][sql] SHOW FULL COLUMNS FROM `order` [ RunTime:0.001286s ]
[2026-08-19T09:21:29+08:00][sql] SELECT COUNT(*) AS think_count FROM `order` WHERE  `buyer_id` = 25  AND `pay_status` = 1 [ RunTime:0.000831s ]
[2026-08-19T09:21:29+08:00][sql] SELECT COUNT(*) AS think_count FROM `goods` WHERE  `seller_id` = 25  AND `status` = 2 [ RunTime:0.002599s ]
[2026-08-19T09:21:29+08:00][sql] SELECT COUNT(*) AS think_count FROM `goods` WHERE  `seller_id` = 25 [ RunTime:0.000816s ]
[2026-08-19T09:21:29+08:00][sql] SELECT COUNT(*) AS think_count FROM `order` WHERE  `buyer_id` = 25  AND `pay_status` = 0  AND `order_status` = 0 [ RunTime:0.000785s ]
[2026-08-19T09:21:29+08:00][sql] SELECT COUNT(*) AS think_count FROM `order` WHERE  `seller_id` = 25  AND `order_status` = 1 [ RunTime:0.000713s ]
[2026-08-19T09:21:29+08:00][sql] SELECT COUNT(*) AS think_count FROM `order` WHERE  `buyer_id` = 25  AND `order_status` = 0  AND `pay_status` = 0 [ RunTime:0.000776s ]
[2026-08-19T09:21:29+08:00][sql] SELECT COUNT(*) AS think_count FROM `order` WHERE  `buyer_id` = 25  AND `order_status` = 1 [ RunTime:0.000704s ]
[2026-08-19T09:21:29+08:00][sql] SELECT COUNT(*) AS think_count FROM `order` WHERE  `buyer_id` = 25  AND `order_status` = 2 [ RunTime:0.000669s ]
[2026-08-19T09:21:29+08:00][sql] SELECT COUNT(*) AS think_count FROM `order` WHERE  `buyer_id` = 25  AND `order_status` = 3 [ RunTime:0.000685s ]
[2026-08-19T09:21:29+08:00][sql] SELECT COUNT(*) AS think_count FROM `order` WHERE  `seller_id` = 25  AND `order_status` = 1 [ RunTime:0.000813s ]
[2026-08-19T09:21:29+08:00][sql] SHOW FULL COLUMNS FROM `goods_favorite` [ RunTime:0.001229s ]
[2026-08-19T09:21:29+08:00][sql] SELECT COUNT(*) AS think_count FROM `goods_favorite` WHERE  `user_id` = 25 [ RunTime:0.000634s ]
[2026-08-19T09:21:29+08:00][sql] SHOW FULL COLUMNS FROM `seller_follow` [ RunTime:0.001219s ]
[2026-08-19T09:21:29+08:00][sql] SELECT COUNT(*) AS think_count FROM `seller_follow` WHERE  `user_id` = 25 [ RunTime:0.000692s ]
[2026-08-19T09:21:29+08:00][sql] SHOW FULL COLUMNS FROM `browse_history` [ RunTime:0.001074s ]
[2026-08-19T09:21:29+08:00][sql] SELECT COUNT(*) AS think_count FROM `browse_history` WHERE  `user_id` = 25 [ RunTime:0.000673s ]
[2026-08-19T09:21:29+08:00][sql] SHOW FULL COLUMNS FROM `balance_log` [ RunTime:0.001126s ]
[2026-08-19T09:21:29+08:00][sql] SELECT * FROM `balance_log` WHERE  `user_id` = 25 ORDER BY `id` DESC LIMIT 5 [ RunTime:0.000721s ]
[2026-08-19T09:21:29+08:00][sql] SELECT `b`.*,`g`.`title`,`g`.`cover`,g.status as goods_status,`g`.`end_time` FROM `bid_record` `b` LEFT JOIN `goods` `g` ON `b`.`goods_id`=`g`.`id` WHERE  `b`.`user_id` = '25' ORDER BY `b`.`id` DESC LIMIT 5 [ RunTime:0.000739s ]
[2026-08-19T09:21:29+08:00][sql] SELECT `id`,`nickname`,`mobile`,`reg_time` FROM `user` WHERE  `pid` = 25 ORDER BY `id` DESC LIMIT 10 [ RunTime:0.000781s ]
[2026-08-19T09:21:33+08:00][sql] CONNECT:[ UseTime:0.006793s ] mysql:host=127.0.0.1;port=3306;dbname=auction;charset=utf8mb4
[2026-08-19T09:21:33+08:00][sql] SHOW FULL COLUMNS FROM `goods` [ RunTime:0.001395s ]
[2026-08-19T09:21:33+08:00][sql] SELECT `id` FROM `goods` WHERE  `status` = 1  AND `end_time` <= 1787102493 [ RunTime:0.000726s ]
[2026-08-19T09:21:33+08:00][sql] SHOW FULL COLUMNS FROM `user` [ RunTime:0.001323s ]
[2026-08-19T09:21:33+08:00][sql] SELECT * FROM `user` WHERE  `id` = 25 LIMIT 1 [ RunTime:0.000656s ]
[2026-08-19T09:21:33+08:00][sql] SHOW FULL COLUMNS FROM `setting` [ RunTime:0.001090s ]
[2026-08-19T09:21:33+08:00][sql] SELECT * FROM `setting` [ RunTime:0.000627s ]
[2026-08-19T09:21:33+08:00][sql] SHOW FULL COLUMNS FROM `browse_history` [ RunTime:0.001065s ]
[2026-08-19T09:21:33+08:00][sql] SELECT `h`.*,`g`.`title`,`g`.`cover`,`g`.`start_price`,g.status as goods_status,`g`.`end_time` FROM `browse_history` `h` LEFT JOIN `goods` `g` ON `h`.`goods_id`=`g`.`id` WHERE  `h`.`user_id` = '25' ORDER BY `h`.`create_time` DESC LIMIT 200 [ RunTime:0.000778s ]
[2026-08-19T09:21:33+08:00][sql] SHOW FULL COLUMNS FROM `bid_record` [ RunTime:0.001078s ]
[2026-08-19T09:21:33+08:00][sql] SELECT MAX(`price`) AS think_max FROM `bid_record` WHERE  `goods_id` = 28  AND `status` = 0 [ RunTime:0.000714s ]
[2026-08-19T09:21:38+08:00][sql] CONNECT:[ UseTime:0.007803s ] mysql:host=127.0.0.1;port=3306;dbname=auction;charset=utf8mb4
[2026-08-19T09:21:38+08:00][sql] SHOW FULL COLUMNS FROM `goods` [ RunTime:0.001227s ]
[2026-08-19T09:21:38+08:00][sql] SELECT `id` FROM `goods` WHERE  `status` = 1  AND `end_time` <= 1787102498 [ RunTime:0.000632s ]
[2026-08-19T09:21:38+08:00][sql] SHOW FULL COLUMNS FROM `user` [ RunTime:0.001300s ]
[2026-08-19T09:21:38+08:00][sql] SELECT * FROM `user` WHERE  `id` = 25 LIMIT 1 [ RunTime:0.000719s ]
[2026-08-19T09:21:38+08:00][sql] SHOW FULL COLUMNS FROM `setting` [ RunTime:0.001021s ]
[2026-08-19T09:21:38+08:00][sql] SELECT * FROM `setting` [ RunTime:0.000559s ]
[2026-08-19T09:21:38+08:00][sql] SELECT COUNT(*) AS think_count FROM `goods` `g` LEFT JOIN `user` `u` ON `g`.`seller_id`=`u`.`id` WHERE  `g`.`status` = '1'  AND `g`.`start_time` <= '1787102498'  AND `g`.`end_time` > '1787102498' [ RunTime:0.000750s ]
[2026-08-19T09:21:38+08:00][sql] SELECT `g`.*,u.nickname as seller_name FROM `goods` `g` LEFT JOIN `user` `u` ON `g`.`seller_id`=`u`.`id` WHERE  `g`.`status` = '1'  AND `g`.`start_time` <= '1787102498'  AND `g`.`end_time` > '1787102498' ORDER BY `g`.`end_time` ASC,`g`.`id` DESC LIMIT 0,10 [ RunTime:0.000826s ]
[2026-08-19T09:21:38+08:00][sql] SHOW FULL COLUMNS FROM `bid_record` [ RunTime:0.001026s ]
[2026-08-19T09:21:38+08:00][sql] SELECT MAX(`price`) AS think_max FROM `bid_record` WHERE  `goods_id` = 28  AND `status` = 0 [ RunTime:0.000598s ]
[2026-08-19T09:21:38+08:00][sql] SELECT MAX(`price`) AS think_max FROM `bid_record` WHERE  `goods_id` = 33  AND `status` = 0 [ RunTime:0.000603s ]
[2026-08-19T09:21:38+08:00][sql] SELECT MAX(`price`) AS think_max FROM `bid_record` WHERE  `goods_id` = 30  AND `status` = 0 [ RunTime:0.000651s ]
[2026-08-19T09:21:38+08:00][sql] SHOW FULL COLUMNS FROM `category` [ RunTime:0.001337s ]
[2026-08-19T09:21:38+08:00][sql] SELECT * FROM `category` WHERE  `status` = 1 ORDER BY `sort` ASC [ RunTime:0.000939s ]
[2026-08-19T09:21:38+08:00][sql] SELECT `b`.`price`,`b`.`create_time`,`g`.`title`,`u`.`nickname` FROM `bid_record` `b` LEFT JOIN `goods` `g` ON `b`.`goods_id`=`g`.`id` LEFT JOIN `user` `u` ON `b`.`user_id`=`u`.`id` WHERE  `b`.`status` = '1' ORDER BY `b`.`id` DESC LIMIT 5 [ RunTime:0.000756s ]
[2026-08-19T09:21:38+08:00][sql] SHOW FULL COLUMNS FROM `news` [ RunTime:0.000872s ]
[2026-08-19T09:21:38+08:00][sql] SELECT `id`,`title`,`create_time` FROM `news` WHERE  `status` = 1 ORDER BY `id` DESC LIMIT 3 [ RunTime:0.000578s ]
[2026-08-19T09:21:38+08:00][sql] SHOW FULL COLUMNS FROM `banner` [ RunTime:0.001119s ]
[2026-08-19T09:21:38+08:00][sql] SELECT * FROM `banner` WHERE  `status` = 1 ORDER BY `sort` ASC,`id` ASC [ RunTime:0.000703s ]
[2026-08-19T09:21:40+08:00][sql] CONNECT:[ UseTime:0.003077s ] mysql:host=127.0.0.1;port=3306;dbname=auction;charset=utf8mb4
[2026-08-19T09:21:40+08:00][sql] SHOW FULL COLUMNS FROM `goods` [ RunTime:0.002162s ]
[2026-08-19T09:21:40+08:00][sql] SELECT `id` FROM `goods` WHERE  `status` = 1  AND `end_time` <= 1787102500 [ RunTime:0.001278s ]
[2026-08-19T09:21:40+08:00][sql] SHOW FULL COLUMNS FROM `user` [ RunTime:0.002005s ]
[2026-08-19T09:21:40+08:00][sql] SELECT * FROM `user` WHERE  `id` = 25 LIMIT 1 [ RunTime:0.001070s ]
[2026-08-19T09:21:40+08:00][sql] SHOW FULL COLUMNS FROM `setting` [ RunTime:0.001951s ]
[2026-08-19T09:21:40+08:00][sql] SELECT * FROM `setting` [ RunTime:0.001922s ]
[2026-08-19T09:21:40+08:00][sql] SELECT `g`.*,u.nickname as seller_name,u.shop_name as seller_shop,u.avatar as seller_avatar,c.name as category_name FROM `goods` `g` LEFT JOIN `user` `u` ON `g`.`seller_id`=`u`.`id` LEFT JOIN `category` `c` ON `g`.`category_id`=`c`.`id` WHERE  `g`.`id` = '28' LIMIT 1 [ RunTime:0.001365s ]
[2026-08-19T09:21:40+08:00][sql] UPDATE `goods`  SET `view_count` = `view_count` + 1  WHERE  `id` = 28 [ RunTime:0.001940s ]
[2026-08-19T09:21:40+08:00][sql] SHOW FULL COLUMNS FROM `bid_record` [ RunTime:0.001648s ]
[2026-08-19T09:21:40+08:00][sql] SELECT `b`.*,`u`.`nickname`,`u`.`mobile` FROM `bid_record` `b` LEFT JOIN `user` `u` ON `b`.`user_id`=`u`.`id` WHERE  `b`.`goods_id` = '28'  AND `b`.`status` = '0' ORDER BY `b`.`price` DESC,`b`.`id` ASC LIMIT 1 [ RunTime:0.001006s ]
[2026-08-19T09:21:40+08:00][sql] SELECT `b`.*,`u`.`nickname`,`u`.`mobile` FROM `bid_record` `b` LEFT JOIN `user` `u` ON `b`.`user_id`=`u`.`id` WHERE  `b`.`goods_id` = '28' ORDER BY `b`.`price` DESC,`b`.`id` ASC LIMIT 50 [ RunTime:0.000961s ]
[2026-08-19T09:21:40+08:00][sql] SELECT MAX(`price`) AS think_max FROM `bid_record` WHERE  `goods_id` = 28  AND `user_id` = 25  AND `status` = 0 [ RunTime:0.000861s ]
[2026-08-19T09:21:40+08:00][sql] SELECT MAX(`deposit`) AS think_max FROM `bid_record` WHERE  `goods_id` = 28  AND `user_id` = 25  AND `deposit` > '0' [ RunTime:0.001115s ]
[2026-08-19T09:21:40+08:00][sql] SHOW FULL COLUMNS FROM `browse_history` [ RunTime:0.002303s ]
[2026-08-19T09:21:40+08:00][sql] REPLACE INTO `browse_history` SET `user_id` = 25 , `goods_id` = 28 , `create_time` = 1787102500 [ RunTime:0.001986s ]
[2026-08-19T09:21:40+08:00][sql] SHOW FULL COLUMNS FROM `goods_favorite` [ RunTime:0.001346s ]
[2026-08-19T09:21:40+08:00][sql] SELECT COUNT(*) AS think_count FROM `goods_favorite` WHERE  `user_id` = 25  AND `goods_id` = 28 [ RunTime:0.000799s ]
[2026-08-19T09:21:40+08:00][sql] SHOW FULL COLUMNS FROM `seller_follow` [ RunTime:0.001368s ]
[2026-08-19T09:21:40+08:00][sql] SELECT COUNT(*) AS think_count FROM `seller_follow` WHERE  `user_id` = 25  AND `seller_id` = 20 [ RunTime:0.000760s ]
[2026-08-19T09:21:43+08:00][sql] CONNECT:[ UseTime:0.008385s ] mysql:host=127.0.0.1;port=3306;dbname=auction;charset=utf8mb4
[2026-08-19T09:21:43+08:00][sql] SHOW FULL COLUMNS FROM `goods` [ RunTime:0.001258s ]
[2026-08-19T09:21:43+08:00][sql] SELECT `id` FROM `goods` WHERE  `status` = 1  AND `end_time` <= 1787102503 [ RunTime:0.000796s ]
[2026-08-19T09:21:43+08:00][sql] SHOW FULL COLUMNS FROM `user` [ RunTime:0.001272s ]
[2026-08-19T09:21:43+08:00][sql] SELECT * FROM `user` WHERE  `id` = 25 LIMIT 1 [ RunTime:0.000764s ]
[2026-08-19T09:21:43+08:00][sql] SHOW FULL COLUMNS FROM `setting` [ RunTime:0.001077s ]
[2026-08-19T09:21:43+08:00][sql] SELECT * FROM `setting` [ RunTime:0.000648s ]
[2026-08-19T09:21:43+08:00][sql] SELECT `g`.*,u.nickname as seller_name,u.shop_name as seller_shop,u.avatar as seller_avatar,c.name as category_name FROM `goods` `g` LEFT JOIN `user` `u` ON `g`.`seller_id`=`u`.`id` LEFT JOIN `category` `c` ON `g`.`category_id`=`c`.`id` WHERE  `g`.`id` = '33' LIMIT 1 [ RunTime:0.000865s ]
[2026-08-19T09:21:43+08:00][sql] UPDATE `goods`  SET `view_count` = `view_count` + 1  WHERE  `id` = 33 [ RunTime:0.004771s ]
[2026-08-19T09:21:43+08:00][sql] SHOW FULL COLUMNS FROM `bid_record` [ RunTime:0.001682s ]
[2026-08-19T09:21:43+08:00][sql] SELECT `b`.*,`u`.`nickname`,`u`.`mobile` FROM `bid_record` `b` LEFT JOIN `user` `u` ON `b`.`user_id`=`u`.`id` WHERE  `b`.`goods_id` = '33'  AND `b`.`status` = '0' ORDER BY `b`.`price` DESC,`b`.`id` ASC LIMIT 1 [ RunTime:0.000636s ]
[2026-08-19T09:21:43+08:00][sql] SELECT `b`.*,`u`.`nickname`,`u`.`mobile` FROM `bid_record` `b` LEFT JOIN `user` `u` ON `b`.`user_id`=`u`.`id` WHERE  `b`.`goods_id` = '33' ORDER BY `b`.`price` DESC,`b`.`id` ASC LIMIT 50 [ RunTime:0.000956s ]
[2026-08-19T09:21:43+08:00][sql] SELECT MAX(`price`) AS think_max FROM `bid_record` WHERE  `goods_id` = 33  AND `user_id` = 25  AND `status` = 0 [ RunTime:0.000620s ]
[2026-08-19T09:21:43+08:00][sql] SELECT MAX(`deposit`) AS think_max FROM `bid_record` WHERE  `goods_id` = 33  AND `user_id` = 25  AND `deposit` > '0' [ RunTime:0.000807s ]
[2026-08-19T09:21:43+08:00][sql] SHOW FULL COLUMNS FROM `browse_history` [ RunTime:0.001287s ]
[2026-08-19T09:21:43+08:00][sql] REPLACE INTO `browse_history` SET `user_id` = 25 , `goods_id` = 33 , `create_time` = 1787102503 [ RunTime:0.001378s ]
[2026-08-19T09:21:43+08:00][sql] SHOW FULL COLUMNS FROM `goods_favorite` [ RunTime:0.002488s ]
[2026-08-19T09:21:43+08:00][sql] SELECT COUNT(*) AS think_count FROM `goods_favorite` WHERE  `user_id` = 25  AND `goods_id` = 33 [ RunTime:0.000635s ]
[2026-08-19T09:21:43+08:00][sql] SHOW FULL COLUMNS FROM `seller_follow` [ RunTime:0.001079s ]
[2026-08-19T09:21:43+08:00][sql] SELECT COUNT(*) AS think_count FROM `seller_follow` WHERE  `user_id` = 25  AND `seller_id` = 25 [ RunTime:0.000620s ]
[2026-08-19T09:21:45+08:00][sql] CONNECT:[ UseTime:0.002354s ] mysql:host=127.0.0.1;port=3306;dbname=auction;charset=utf8mb4
[2026-08-19T09:21:45+08:00][sql] SHOW FULL COLUMNS FROM `goods` [ RunTime:0.001941s ]
[2026-08-19T09:21:45+08:00][sql] SELECT `id` FROM `goods` WHERE  `status` = 1  AND `end_time` <= 1787102505 [ RunTime:0.001009s ]
[2026-08-19T09:21:45+08:00][sql] SHOW FULL COLUMNS FROM `user` [ RunTime:0.001723s ]
[2026-08-19T09:21:45+08:00][sql] SELECT * FROM `user` WHERE  `id` = 25 LIMIT 1 [ RunTime:0.000918s ]
[2026-08-19T09:21:45+08:00][sql] SHOW FULL COLUMNS FROM `setting` [ RunTime:0.001466s ]
[2026-08-19T09:21:45+08:00][sql] SELECT * FROM `setting` [ RunTime:0.000602s ]
[2026-08-19T09:21:45+08:00][sql] SHOW FULL COLUMNS FROM `bid_record` [ RunTime:0.001450s ]
[2026-08-19T09:21:45+08:00][sql] SELECT COUNT(*) AS think_count FROM `bid_record` WHERE  `user_id` = 25 [ RunTime:0.000739s ]
[2026-08-19T09:21:45+08:00][sql] SHOW FULL COLUMNS FROM `order` [ RunTime:0.001340s ]
[2026-08-19T09:21:45+08:00][sql] SELECT COUNT(*) AS think_count FROM `order` WHERE  `buyer_id` = 25  AND `pay_status` = 1 [ RunTime:0.000758s ]
[2026-08-19T09:21:45+08:00][sql] SELECT COUNT(*) AS think_count FROM `goods` WHERE  `seller_id` = 25  AND `status` = 2 [ RunTime:0.002522s ]
[2026-08-19T09:21:45+08:00][sql] SELECT COUNT(*) AS think_count FROM `goods` WHERE  `seller_id` = 25 [ RunTime:0.000740s ]
[2026-08-19T09:21:45+08:00][sql] SELECT COUNT(*) AS think_count FROM `order` WHERE  `buyer_id` = 25  AND `pay_status` = 0  AND `order_status` = 0 [ RunTime:0.000690s ]
[2026-08-19T09:21:45+08:00][sql] SELECT COUNT(*) AS think_count FROM `order` WHERE  `seller_id` = 25  AND `order_status` = 1 [ RunTime:0.000708s ]
[2026-08-19T09:21:45+08:00][sql] SELECT COUNT(*) AS think_count FROM `order` WHERE  `buyer_id` = 25  AND `order_status` = 0  AND `pay_status` = 0 [ RunTime:0.000682s ]
[2026-08-19T09:21:45+08:00][sql] SELECT COUNT(*) AS think_count FROM `order` WHERE  `buyer_id` = 25  AND `order_status` = 1 [ RunTime:0.000595s ]
[2026-08-19T09:21:45+08:00][sql] SELECT COUNT(*) AS think_count FROM `order` WHERE  `buyer_id` = 25  AND `order_status` = 2 [ RunTime:0.000623s ]
[2026-08-19T09:21:45+08:00][sql] SELECT COUNT(*) AS think_count FROM `order` WHERE  `buyer_id` = 25  AND `order_status` = 3 [ RunTime:0.000601s ]
[2026-08-19T09:21:45+08:00][sql] SELECT COUNT(*) AS think_count FROM `order` WHERE  `seller_id` = 25  AND `order_status` = 1 [ RunTime:0.000510s ]
[2026-08-19T09:21:45+08:00][sql] SHOW FULL COLUMNS FROM `goods_favorite` [ RunTime:0.000915s ]
[2026-08-19T09:21:45+08:00][sql] SELECT COUNT(*) AS think_count FROM `goods_favorite` WHERE  `user_id` = 25 [ RunTime:0.000606s ]
[2026-08-19T09:21:45+08:00][sql] SHOW FULL COLUMNS FROM `seller_follow` [ RunTime:0.000975s ]
[2026-08-19T09:21:45+08:00][sql] SELECT COUNT(*) AS think_count FROM `seller_follow` WHERE  `user_id` = 25 [ RunTime:0.000544s ]
[2026-08-19T09:21:45+08:00][sql] SHOW FULL COLUMNS FROM `browse_history` [ RunTime:0.000963s ]
[2026-08-19T09:21:45+08:00][sql] SELECT COUNT(*) AS think_count FROM `browse_history` WHERE  `user_id` = 25 [ RunTime:0.000555s ]
[2026-08-19T09:21:45+08:00][sql] SHOW FULL COLUMNS FROM `balance_log` [ RunTime:0.000948s ]
[2026-08-19T09:21:45+08:00][sql] SELECT * FROM `balance_log` WHERE  `user_id` = 25 ORDER BY `id` DESC LIMIT 5 [ RunTime:0.000583s ]
[2026-08-19T09:21:45+08:00][sql] SELECT `b`.*,`g`.`title`,`g`.`cover`,g.status as goods_status,`g`.`end_time` FROM `bid_record` `b` LEFT JOIN `goods` `g` ON `b`.`goods_id`=`g`.`id` WHERE  `b`.`user_id` = '25' ORDER BY `b`.`id` DESC LIMIT 5 [ RunTime:0.000650s ]
[2026-08-19T09:21:45+08:00][sql] SELECT `id`,`nickname`,`mobile`,`reg_time` FROM `user` WHERE  `pid` = 25 ORDER BY `id` DESC LIMIT 10 [ RunTime:0.000557s ]
[2026-08-19T09:21:46+08:00][sql] CONNECT:[ UseTime:0.014344s ] mysql:host=127.0.0.1;port=3306;dbname=auction;charset=utf8mb4
[2026-08-19T09:21:46+08:00][sql] SHOW FULL COLUMNS FROM `goods` [ RunTime:0.002368s ]
[2026-08-19T09:21:46+08:00][sql] SELECT `id` FROM `goods` WHERE  `status` = 1  AND `end_time` <= 1787102506 [ RunTime:0.000946s ]
[2026-08-19T09:21:46+08:00][sql] SHOW FULL COLUMNS FROM `user` [ RunTime:0.001956s ]
[2026-08-19T09:21:46+08:00][sql] SELECT * FROM `user` WHERE  `id` = 25 LIMIT 1 [ RunTime:0.001092s ]
[2026-08-19T09:21:46+08:00][sql] SHOW FULL COLUMNS FROM `setting` [ RunTime:0.001591s ]
[2026-08-19T09:21:46+08:00][sql] SELECT * FROM `setting` [ RunTime:0.000839s ]
[2026-08-19T09:21:46+08:00][sql] SHOW FULL COLUMNS FROM `browse_history` [ RunTime:0.001591s ]
[2026-08-19T09:21:46+08:00][sql] SELECT `h`.*,`g`.`title`,`g`.`cover`,`g`.`start_price`,g.status as goods_status,`g`.`end_time` FROM `browse_history` `h` LEFT JOIN `goods` `g` ON `h`.`goods_id`=`g`.`id` WHERE  `h`.`user_id` = '25' ORDER BY `h`.`create_time` DESC LIMIT 200 [ RunTime:0.000800s ]
[2026-08-19T09:21:46+08:00][sql] SHOW FULL COLUMNS FROM `bid_record` [ RunTime:0.000913s ]
[2026-08-19T09:21:46+08:00][sql] SELECT MAX(`price`) AS think_max FROM `bid_record` WHERE  `goods_id` = 33  AND `status` = 0 [ RunTime:0.000807s ]
[2026-08-19T09:21:46+08:00][sql] SELECT MAX(`price`) AS think_max FROM `bid_record` WHERE  `goods_id` = 28  AND `status` = 0 [ RunTime:0.000898s ]
[2026-08-19T09:21:49+08:00][sql] CONNECT:[ UseTime:0.006404s ] mysql:host=127.0.0.1;port=3306;dbname=auction;charset=utf8mb4
[2026-08-19T09:21:49+08:00][sql] SHOW FULL COLUMNS FROM `goods` [ RunTime:0.001565s ]
[2026-08-19T09:21:49+08:00][sql] SELECT `id` FROM `goods` WHERE  `status` = 1  AND `end_time` <= 1787102509 [ RunTime:0.000956s ]
[2026-08-19T09:21:49+08:00][sql] SHOW FULL COLUMNS FROM `user` [ RunTime:0.001621s ]
[2026-08-19T09:21:49+08:00][sql] SELECT * FROM `user` WHERE  `id` = 25 LIMIT 1 [ RunTime:0.000960s ]
[2026-08-19T09:21:49+08:00][sql] SHOW FULL COLUMNS FROM `setting` [ RunTime:0.001607s ]
[2026-08-19T09:21:49+08:00][sql] SELECT * FROM `setting` [ RunTime:0.000853s ]
[2026-08-19T09:21:49+08:00][sql] SHOW FULL COLUMNS FROM `seller_follow` [ RunTime:0.001524s ]
[2026-08-19T09:21:49+08:00][sql] SELECT `f`.*,`u`.`nickname`,`u`.`shop_name`,`u`.`avatar` FROM `seller_follow` `f` LEFT JOIN `user` `u` ON `f`.`seller_id`=`u`.`id` WHERE  `f`.`user_id` = '25' ORDER BY `f`.`id` DESC [ RunTime:0.000921s ]
[2026-08-19T09:21:49+08:00][sql] SELECT COUNT(*) AS think_count FROM `goods` WHERE  `seller_id` = 20 [ RunTime:0.000464s ]
[2026-08-19T09:21:49+08:00][sql] SELECT COUNT(*) AS think_count FROM `goods` WHERE  `seller_id` = 20  AND `status` = 1 [ RunTime:0.001570s ]
[2026-08-19T09:21:53+08:00][sql] CONNECT:[ UseTime:0.024637s ] mysql:host=127.0.0.1;port=3306;dbname=auction;charset=utf8mb4
[2026-08-19T09:21:53+08:00][sql] SHOW FULL COLUMNS FROM `goods` [ RunTime:0.002236s ]
[2026-08-19T09:21:53+08:00][sql] SELECT `id` FROM `goods` WHERE  `status` = 1  AND `end_time` <= 1787102512 [ RunTime:0.001051s ]
[2026-08-19T09:21:53+08:00][sql] SHOW FULL COLUMNS FROM `user` [ RunTime:0.001962s ]
[2026-08-19T09:21:53+08:00][sql] SELECT * FROM `user` WHERE  `id` = 25 LIMIT 1 [ RunTime:0.001012s ]
[2026-08-19T09:21:53+08:00][sql] SHOW FULL COLUMNS FROM `setting` [ RunTime:0.001395s ]
[2026-08-19T09:21:53+08:00][sql] SELECT * FROM `setting` [ RunTime:0.000827s ]
[2026-08-19T09:21:53+08:00][sql] SHOW FULL COLUMNS FROM `seller_follow` [ RunTime:0.001648s ]
[2026-08-19T09:21:53+08:00][sql] SELECT `f`.*,`u`.`nickname`,`u`.`shop_name`,`u`.`avatar` FROM `seller_follow` `f` LEFT JOIN `user` `u` ON `f`.`seller_id`=`u`.`id` WHERE  `f`.`user_id` = '25' ORDER BY `f`.`id` DESC [ RunTime:0.001159s ]
[2026-08-19T09:21:53+08:00][sql] SELECT COUNT(*) AS think_count FROM `goods` WHERE  `seller_id` = 20 [ RunTime:0.000925s ]
[2026-08-19T09:21:53+08:00][sql] SELECT COUNT(*) AS think_count FROM `goods` WHERE  `seller_id` = 20  AND `status` = 1 [ RunTime:0.002982s ]
[2026-08-19T09:22:04+08:00][sql] CONNECT:[ UseTime:0.021608s ] mysql:host=127.0.0.1;port=3306;dbname=auction;charset=utf8mb4
[2026-08-19T09:22:04+08:00][sql] SHOW FULL COLUMNS FROM `goods` [ RunTime:0.002310s ]
[2026-08-19T09:22:04+08:00][sql] SELECT `id` FROM `goods` WHERE  `status` = 1  AND `end_time` <= 1787102524 [ RunTime:0.001261s ]
[2026-08-19T09:22:04+08:00][sql] SHOW FULL COLUMNS FROM `user` [ RunTime:0.002293s ]
[2026-08-19T09:22:04+08:00][sql] SELECT * FROM `user` WHERE  `id` = 25 LIMIT 1 [ RunTime:0.001296s ]
[2026-08-19T09:22:04+08:00][sql] SHOW FULL COLUMNS FROM `setting` [ RunTime:0.001948s ]
[2026-08-19T09:22:04+08:00][sql] SELECT * FROM `setting` [ RunTime:0.001062s ]
[2026-08-19T09:22:04+08:00][sql] SHOW FULL COLUMNS FROM `goods_favorite` [ RunTime:0.004461s ]
[2026-08-19T09:22:04+08:00][sql] SELECT `f`.*,`g`.`title`,`g`.`cover`,`g`.`start_price`,g.status as goods_status,`g`.`end_time`,`g`.`seller_id` FROM `goods_favorite` `f` LEFT JOIN `goods` `g` ON `f`.`goods_id`=`g`.`id` WHERE  `f`.`user_id` = '25' ORDER BY `f`.`id` DESC [ RunTime:0.001438s ]
[2026-08-19T09:22:04+08:00][sql] SHOW FULL COLUMNS FROM `bid_record` [ RunTime:0.001918s ]
[2026-08-19T09:22:04+08:00][sql] SELECT MAX(`price`) AS think_max FROM `bid_record` WHERE  `goods_id` = 28  AND `status` = 0 [ RunTime:0.001170s ]
[2026-08-19T09:22:06+08:00][sql] CONNECT:[ UseTime:0.012412s ] mysql:host=127.0.0.1;port=3306;dbname=auction;charset=utf8mb4
[2026-08-19T09:22:06+08:00][sql] SHOW FULL COLUMNS FROM `goods` [ RunTime:0.002281s ]
[2026-08-19T09:22:06+08:00][sql] SELECT `id` FROM `goods` WHERE  `status` = 1  AND `end_time` <= 1787102526 [ RunTime:0.001201s ]
[2026-08-19T09:22:06+08:00][sql] SHOW FULL COLUMNS FROM `user` [ RunTime:0.002112s ]
[2026-08-19T09:22:06+08:00][sql] SELECT * FROM `user` WHERE  `id` = 25 LIMIT 1 [ RunTime:0.001235s ]
[2026-08-19T09:22:06+08:00][sql] SHOW FULL COLUMNS FROM `setting` [ RunTime:0.001814s ]
[2026-08-19T09:22:06+08:00][sql] SELECT * FROM `setting` [ RunTime:0.001052s ]
[2026-08-19T09:22:06+08:00][sql] SHOW FULL COLUMNS FROM `seller_follow` [ RunTime:0.001933s ]
[2026-08-19T09:22:06+08:00][sql] SELECT `f`.*,`u`.`nickname`,`u`.`shop_name`,`u`.`avatar` FROM `seller_follow` `f` LEFT JOIN `user` `u` ON `f`.`seller_id`=`u`.`id` WHERE  `f`.`user_id` = '25' ORDER BY `f`.`id` DESC [ RunTime:0.001322s ]
[2026-08-19T09:22:06+08:00][sql] SELECT COUNT(*) AS think_count FROM `goods` WHERE  `seller_id` = 20 [ RunTime:0.000912s ]
[2026-08-19T09:22:06+08:00][sql] SELECT COUNT(*) AS think_count FROM `goods` WHERE  `seller_id` = 20  AND `status` = 1 [ RunTime:0.003205s ]
[2026-08-19T09:22:21+08:00][sql] CONNECT:[ UseTime:0.010000s ] mysql:host=127.0.0.1;port=3306;dbname=auction;charset=utf8mb4
[2026-08-19T09:22:21+08:00][sql] SHOW FULL COLUMNS FROM `goods` [ RunTime:0.001937s ]
[2026-08-19T09:22:21+08:00][sql] SELECT `id` FROM `goods` WHERE  `status` = 1  AND `end_time` <= 1787102541 [ RunTime:0.000951s ]
[2026-08-19T09:22:21+08:00][sql] SHOW FULL COLUMNS FROM `user` [ RunTime:0.001821s ]
[2026-08-19T09:22:21+08:00][sql] SELECT * FROM `user` WHERE  `id` = 27 LIMIT 1 [ RunTime:0.000971s ]
[2026-08-19T09:22:21+08:00][sql] SHOW FULL COLUMNS FROM `setting` [ RunTime:0.001474s ]
[2026-08-19T09:22:21+08:00][sql] SELECT * FROM `setting` [ RunTime:0.000766s ]
[2026-08-19T09:22:21+08:00][sql] SHOW FULL COLUMNS FROM `seller_follow` [ RunTime:0.001543s ]
[2026-08-19T09:22:21+08:00][sql] SELECT `f`.*,`u`.`nickname`,`u`.`shop_name`,`u`.`avatar` FROM `seller_follow` `f` LEFT JOIN `user` `u` ON `f`.`seller_id`=`u`.`id` WHERE  `f`.`user_id` = '27' ORDER BY `f`.`id` DESC [ RunTime:0.001047s ]
[2026-08-19T09:22:21+08:00][sql] SELECT COUNT(*) AS think_count FROM `goods` WHERE  `seller_id` = 25 [ RunTime:0.000786s ]
[2026-08-19T09:22:21+08:00][sql] SELECT COUNT(*) AS think_count FROM `goods` WHERE  `seller_id` = 25  AND `status` = 1 [ RunTime:0.002906s ]
[2026-08-19T09:22:41+08:00][sql] CONNECT:[ UseTime:0.014749s ] mysql:host=127.0.0.1;port=3306;dbname=auction;charset=utf8mb4
[2026-08-19T09:22:41+08:00][sql] SHOW FULL COLUMNS FROM `goods` [ RunTime:0.002200s ]
[2026-08-19T09:22:41+08:00][sql] SELECT `id` FROM `goods` WHERE  `status` = 1  AND `end_time` <= 1787102561 [ RunTime:0.001197s ]
[2026-08-19T09:22:41+08:00][sql] SHOW FULL COLUMNS FROM `user` [ RunTime:0.001867s ]
[2026-08-19T09:22:41+08:00][sql] SELECT * FROM `user` WHERE  `id` = 25 LIMIT 1 [ RunTime:0.001023s ]
[2026-08-19T09:22:41+08:00][sql] SHOW FULL COLUMNS FROM `setting` [ RunTime:0.001507s ]
[2026-08-19T09:22:41+08:00][sql] SELECT * FROM `setting` [ RunTime:0.000824s ]
[2026-08-19T09:22:41+08:00][sql] SELECT COUNT(*) AS think_count FROM `goods` WHERE  `seller_id` = 25 [ RunTime:0.000901s ]
[2026-08-19T09:22:41+08:00][sql] SELECT * FROM `goods` WHERE  `seller_id` = 25 ORDER BY `id` DESC LIMIT 0,10 [ RunTime:0.001068s ]
[2026-08-19T09:22:41+08:00][sql] SHOW FULL COLUMNS FROM `bid_record` [ RunTime:0.001632s ]
[2026-08-19T09:22:41+08:00][sql] SELECT MAX(`price`) AS think_max FROM `bid_record` WHERE  `goods_id` = 33  AND `status` = 0 [ RunTime:0.000938s ]
[2026-08-19T09:22:41+08:00][sql] SELECT MAX(`price`) AS think_max FROM `bid_record` WHERE  `goods_id` = 32  AND `status` = 0 [ RunTime:0.000910s ]
[2026-08-19T09:22:41+08:00][sql] SELECT MAX(`price`) AS think_max FROM `bid_record` WHERE  `goods_id` = 31  AND `status` = 0 [ RunTime:0.000907s ]
[2026-08-19T09:22:41+08:00][sql] SELECT MAX(`price`) AS think_max FROM `bid_record` WHERE  `goods_id` = 30  AND `status` = 0 [ RunTime:0.000861s ]
[2026-08-19T09:22:41+08:00][sql] SELECT MAX(`price`) AS think_max FROM `bid_record` WHERE  `goods_id` = 29  AND `status` = 0 [ RunTime:0.000861s ]
[2026-08-19T09:22:41+08:00][sql] SELECT MAX(`price`) AS think_max FROM `bid_record` WHERE  `goods_id` = 27  AND `status` = 0 [ RunTime:0.000851s ]
[2026-08-19T09:22:42+08:00][sql] CONNECT:[ UseTime:0.012158s ] mysql:host=127.0.0.1;port=3306;dbname=auction;charset=utf8mb4
[2026-08-19T09:22:42+08:00][sql] SHOW FULL COLUMNS FROM `goods` [ RunTime:0.002242s ]
[2026-08-19T09:22:42+08:00][sql] SELECT `id` FROM `goods` WHERE  `status` = 1  AND `end_time` <= 1787102562 [ RunTime:0.001057s ]
[2026-08-19T09:22:42+08:00][sql] SHOW FULL COLUMNS FROM `user` [ RunTime:0.001958s ]
[2026-08-19T09:22:42+08:00][sql] SELECT * FROM `user` WHERE  `id` = 25 LIMIT 1 [ RunTime:0.001008s ]
[2026-08-19T09:22:42+08:00][sql] SHOW FULL COLUMNS FROM `setting` [ RunTime:0.001537s ]
[2026-08-19T09:22:42+08:00][sql] SELECT * FROM `setting` [ RunTime:0.000817s ]
[2026-08-19T09:22:42+08:00][sql] SELECT COUNT(*) AS think_count FROM `goods` WHERE  `seller_id` = 25  AND `status` = 1 [ RunTime:0.002819s ]
[2026-08-19T09:22:42+08:00][sql] SELECT * FROM `goods` WHERE  `seller_id` = 25  AND `status` = 1 ORDER BY `id` DESC LIMIT 0,10 [ RunTime:0.001019s ]
[2026-08-19T09:22:42+08:00][sql] SHOW FULL COLUMNS FROM `bid_record` [ RunTime:0.001644s ]
[2026-08-19T09:22:42+08:00][sql] SELECT MAX(`price`) AS think_max FROM `bid_record` WHERE  `goods_id` = 33  AND `status` = 0 [ RunTime:0.000993s ]
[2026-08-19T09:22:42+08:00][sql] SELECT MAX(`price`) AS think_max FROM `bid_record` WHERE  `goods_id` = 30  AND `status` = 0 [ RunTime:0.000957s ]
[2026-08-19T09:22:43+08:00][sql] CONNECT:[ UseTime:0.011618s ] mysql:host=127.0.0.1;port=3306;dbname=auction;charset=utf8mb4
[2026-08-19T09:22:43+08:00][sql] SHOW FULL COLUMNS FROM `goods` [ RunTime:0.002014s ]
[2026-08-19T09:22:43+08:00][sql] SELECT `id` FROM `goods` WHERE  `status` = 1  AND `end_time` <= 1787102563 [ RunTime:0.001007s ]
[2026-08-19T09:22:43+08:00][sql] SHOW FULL COLUMNS FROM `user` [ RunTime:0.001831s ]
[2026-08-19T09:22:43+08:00][sql] SELECT * FROM `user` WHERE  `id` = 25 LIMIT 1 [ RunTime:0.000972s ]
[2026-08-19T09:22:43+08:00][sql] SHOW FULL COLUMNS FROM `setting` [ RunTime:0.001433s ]
[2026-08-19T09:22:43+08:00][sql] SELECT * FROM `setting` [ RunTime:0.000794s ]
[2026-08-19T09:22:43+08:00][sql] SELECT COUNT(*) AS think_count FROM `goods` WHERE  `seller_id` = 25  AND `status` = 0 [ RunTime:0.000921s ]
[2026-08-19T09:22:43+08:00][sql] SELECT * FROM `goods` WHERE  `seller_id` = 25  AND `status` = 0 ORDER BY `id` DESC LIMIT 0,10 [ RunTime:0.001023s ]
[2026-08-19T09:22:44+08:00][sql] CONNECT:[ UseTime:0.020788s ] mysql:host=127.0.0.1;port=3306;dbname=auction;charset=utf8mb4
[2026-08-19T09:22:44+08:00][sql] SHOW FULL COLUMNS FROM `goods` [ RunTime:0.002039s ]
[2026-08-19T09:22:44+08:00][sql] SELECT `id` FROM `goods` WHERE  `status` = 1  AND `end_time` <= 1787102564 [ RunTime:0.000582s ]
[2026-08-19T09:22:44+08:00][sql] SHOW FULL COLUMNS FROM `user` [ RunTime:0.002170s ]
[2026-08-19T09:22:44+08:00][sql] SELECT * FROM `user` WHERE  `id` = 25 LIMIT 1 [ RunTime:0.001346s ]
[2026-08-19T09:22:44+08:00][sql] SHOW FULL COLUMNS FROM `setting` [ RunTime:0.001763s ]
[2026-08-19T09:22:44+08:00][sql] SELECT * FROM `setting` [ RunTime:0.001011s ]
[2026-08-19T09:22:44+08:00][sql] SELECT COUNT(*) AS think_count FROM `goods` WHERE  `seller_id` = 25  AND `status` = 2 [ RunTime:0.004463s ]
[2026-08-19T09:22:44+08:00][sql] SELECT * FROM `goods` WHERE  `seller_id` = 25  AND `status` = 2 ORDER BY `id` DESC LIMIT 0,10 [ RunTime:0.001839s ]
[2026-08-19T09:22:44+08:00][sql] SHOW FULL COLUMNS FROM `bid_record` [ RunTime:0.002042s ]
[2026-08-19T09:22:44+08:00][sql] SELECT MAX(`price`) AS think_max FROM `bid_record` WHERE  `goods_id` = 32  AND `status` = 0 [ RunTime:0.001304s ]
[2026-08-19T09:22:44+08:00][sql] SELECT MAX(`price`) AS think_max FROM `bid_record` WHERE  `goods_id` = 31  AND `status` = 0 [ RunTime:0.000998s ]
[2026-08-19T09:22:44+08:00][sql] SELECT MAX(`price`) AS think_max FROM `bid_record` WHERE  `goods_id` = 29  AND `status` = 0 [ RunTime:0.000965s ]
[2026-08-19T09:22:44+08:00][sql] SELECT MAX(`price`) AS think_max FROM `bid_record` WHERE  `goods_id` = 27  AND `status` = 0 [ RunTime:0.000957s ]
[2026-08-19T09:22:44+08:00][sql] CONNECT:[ UseTime:0.010023s ] mysql:host=127.0.0.1;port=3306;dbname=auction;charset=utf8mb4
[2026-08-19T09:22:44+08:00][sql] SHOW FULL COLUMNS FROM `goods` [ RunTime:0.002156s ]
[2026-08-19T09:22:44+08:00][sql] SELECT `id` FROM `goods` WHERE  `status` = 1  AND `end_time` <= 1787102564 [ RunTime:0.001019s ]
[2026-08-19T09:22:44+08:00][sql] SHOW FULL COLUMNS FROM `user` [ RunTime:0.001869s ]
[2026-08-19T09:22:44+08:00][sql] SELECT * FROM `user` WHERE  `id` = 25 LIMIT 1 [ RunTime:0.001022s ]
[2026-08-19T09:22:44+08:00][sql] SHOW FULL COLUMNS FROM `setting` [ RunTime:0.001422s ]
[2026-08-19T09:22:44+08:00][sql] SELECT * FROM `setting` [ RunTime:0.000806s ]
[2026-08-19T09:22:44+08:00][sql] SELECT COUNT(*) AS think_count FROM `goods` WHERE  `seller_id` = 25  AND `status` = 3 [ RunTime:0.000841s ]
[2026-08-19T09:22:44+08:00][sql] SELECT * FROM `goods` WHERE  `seller_id` = 25  AND `status` = 3 ORDER BY `id` DESC LIMIT 0,10 [ RunTime:0.000993s ]
[2026-08-19T09:22:47+08:00][sql] CONNECT:[ UseTime:0.006253s ] mysql:host=127.0.0.1;port=3306;dbname=auction;charset=utf8mb4
[2026-08-19T09:22:47+08:00][sql] SHOW FULL COLUMNS FROM `goods` [ RunTime:0.002122s ]
[2026-08-19T09:22:47+08:00][sql] SELECT `id` FROM `goods` WHERE  `status` = 1  AND `end_time` <= 1787102567 [ RunTime:0.001006s ]
[2026-08-19T09:22:47+08:00][sql] SHOW FULL COLUMNS FROM `user` [ RunTime:0.001850s ]
[2026-08-19T09:22:47+08:00][sql] SELECT * FROM `user` WHERE  `id` = 25 LIMIT 1 [ RunTime:0.000981s ]
[2026-08-19T09:22:47+08:00][sql] SHOW FULL COLUMNS FROM `setting` [ RunTime:0.001411s ]
[2026-08-19T09:22:47+08:00][sql] SELECT * FROM `setting` [ RunTime:0.000790s ]
[2026-08-19T09:22:47+08:00][sql] SHOW FULL COLUMNS FROM `bid_record` [ RunTime:0.001462s ]
[2026-08-19T09:22:47+08:00][sql] SELECT COUNT(*) AS think_count FROM `bid_record` WHERE  `user_id` = 25 [ RunTime:0.000886s ]
[2026-08-19T09:22:47+08:00][sql] SHOW FULL COLUMNS FROM `order` [ RunTime:0.001613s ]
[2026-08-19T09:22:47+08:00][sql] SELECT COUNT(*) AS think_count FROM `order` WHERE  `buyer_id` = 25  AND `pay_status` = 1 [ RunTime:0.001059s ]
[2026-08-19T09:22:47+08:00][sql] SELECT COUNT(*) AS think_count FROM `goods` WHERE  `seller_id` = 25  AND `status` = 2 [ RunTime:0.002989s ]
[2026-08-19T09:22:47+08:00][sql] SELECT COUNT(*) AS think_count FROM `goods` WHERE  `seller_id` = 25 [ RunTime:0.000849s ]
[2026-08-19T09:22:47+08:00][sql] SELECT COUNT(*) AS think_count FROM `order` WHERE  `buyer_id` = 25  AND `pay_status` = 0  AND `order_status` = 0 [ RunTime:0.000864s ]
[2026-08-19T09:22:47+08:00][sql] SELECT COUNT(*) AS think_count FROM `order` WHERE  `seller_id` = 25  AND `order_status` = 1 [ RunTime:0.000858s ]
[2026-08-19T09:22:47+08:00][sql] SELECT COUNT(*) AS think_count FROM `order` WHERE  `buyer_id` = 25  AND `order_status` = 0  AND `pay_status` = 0 [ RunTime:0.000862s ]
[2026-08-19T09:22:47+08:00][sql] SELECT COUNT(*) AS think_count FROM `order` WHERE  `buyer_id` = 25  AND `order_status` = 1 [ RunTime:0.000789s ]
[2026-08-19T09:22:47+08:00][sql] SELECT COUNT(*) AS think_count FROM `order` WHERE  `buyer_id` = 25  AND `order_status` = 2 [ RunTime:0.000786s ]
[2026-08-19T09:22:47+08:00][sql] SELECT COUNT(*) AS think_count FROM `order` WHERE  `buyer_id` = 25  AND `order_status` = 3 [ RunTime:0.000780s ]
[2026-08-19T09:22:47+08:00][sql] SELECT COUNT(*) AS think_count FROM `order` WHERE  `seller_id` = 25  AND `order_status` = 1 [ RunTime:0.000881s ]
[2026-08-19T09:22:47+08:00][sql] SHOW FULL COLUMNS FROM `goods_favorite` [ RunTime:0.001356s ]
[2026-08-19T09:22:47+08:00][sql] SELECT COUNT(*) AS think_count FROM `goods_favorite` WHERE  `user_id` = 25 [ RunTime:0.000845s ]
[2026-08-19T09:22:47+08:00][sql] SHOW FULL COLUMNS FROM `seller_follow` [ RunTime:0.001161s ]
[2026-08-19T09:22:47+08:00][sql] SELECT COUNT(*) AS think_count FROM `seller_follow` WHERE  `user_id` = 25 [ RunTime:0.000853s ]
[2026-08-19T09:22:47+08:00][sql] SHOW FULL COLUMNS FROM `browse_history` [ RunTime:0.001422s ]
[2026-08-19T09:22:47+08:00][sql] SELECT COUNT(*) AS think_count FROM `browse_history` WHERE  `user_id` = 25 [ RunTime:0.000834s ]
[2026-08-19T09:22:47+08:00][sql] SHOW FULL COLUMNS FROM `balance_log` [ RunTime:0.001391s ]
[2026-08-19T09:22:47+08:00][sql] SELECT * FROM `balance_log` WHERE  `user_id` = 25 ORDER BY `id` DESC LIMIT 5 [ RunTime:0.000936s ]
[2026-08-19T09:22:47+08:00][sql] SELECT `b`.*,`g`.`title`,`g`.`cover`,g.status as goods_status,`g`.`end_time` FROM `bid_record` `b` LEFT JOIN `goods` `g` ON `b`.`goods_id`=`g`.`id` WHERE  `b`.`user_id` = '25' ORDER BY `b`.`id` DESC LIMIT 5 [ RunTime:0.001071s ]
[2026-08-19T09:22:47+08:00][sql] SELECT `id`,`nickname`,`mobile`,`reg_time` FROM `user` WHERE  `pid` = 25 ORDER BY `id` DESC LIMIT 10 [ RunTime:0.000918s ]
[2026-08-19T09:24:35+08:00][sql] CONNECT:[ UseTime:0.011628s ] mysql:host=127.0.0.1;port=3306;dbname=auction;charset=utf8mb4
[2026-08-19T09:24:35+08:00][sql] SHOW FULL COLUMNS FROM `goods` [ RunTime:0.001364s ]
[2026-08-19T09:24:35+08:00][sql] SELECT `id` FROM `goods` WHERE  `status` = 1  AND `end_time` <= 1787102675 [ RunTime:0.000748s ]
[2026-08-19T09:24:35+08:00][sql] SHOW FULL COLUMNS FROM `user` [ RunTime:0.001322s ]
[2026-08-19T09:24:35+08:00][sql] SELECT * FROM `user` WHERE  `id` = 25 LIMIT 1 [ RunTime:0.000789s ]
[2026-08-19T09:24:35+08:00][sql] SHOW FULL COLUMNS FROM `setting` [ RunTime:0.001099s ]
[2026-08-19T09:24:35+08:00][sql] SELECT * FROM `setting` [ RunTime:0.000648s ]
[2026-08-19T09:24:35+08:00][sql] SELECT COUNT(*) AS think_count FROM `goods` `g` LEFT JOIN `user` `u` ON `g`.`seller_id`=`u`.`id` WHERE  `g`.`status` = '1'  AND `g`.`start_time` <= '1787102675'  AND `g`.`end_time` > '1787102675' [ RunTime:0.000812s ]
[2026-08-19T09:24:35+08:00][sql] SELECT `g`.*,u.nickname as seller_name FROM `goods` `g` LEFT JOIN `user` `u` ON `g`.`seller_id`=`u`.`id` WHERE  `g`.`status` = '1'  AND `g`.`start_time` <= '1787102675'  AND `g`.`end_time` > '1787102675' ORDER BY `g`.`end_time` ASC,`g`.`id` DESC LIMIT 0,10 [ RunTime:0.000932s ]
[2026-08-19T09:24:35+08:00][sql] SHOW FULL COLUMNS FROM `bid_record` [ RunTime:0.001148s ]
[2026-08-19T09:24:35+08:00][sql] SELECT MAX(`price`) AS think_max FROM `bid_record` WHERE  `goods_id` = 28  AND `status` = 0 [ RunTime:0.000831s ]
[2026-08-19T09:24:35+08:00][sql] SELECT MAX(`price`) AS think_max FROM `bid_record` WHERE  `goods_id` = 33  AND `status` = 0 [ RunTime:0.000802s ]
[2026-08-19T09:24:35+08:00][sql] SELECT MAX(`price`) AS think_max FROM `bid_record` WHERE  `goods_id` = 30  AND `status` = 0 [ RunTime:0.000723s ]
[2026-08-19T09:24:35+08:00][sql] SHOW FULL COLUMNS FROM `category` [ RunTime:0.000943s ]
[2026-08-19T09:24:35+08:00][sql] SELECT * FROM `category` WHERE  `status` = 1 ORDER BY `sort` ASC [ RunTime:0.000554s ]
[2026-08-19T09:24:35+08:00][sql] SELECT `b`.`price`,`b`.`create_time`,`g`.`title`,`u`.`nickname` FROM `bid_record` `b` LEFT JOIN `goods` `g` ON `b`.`goods_id`=`g`.`id` LEFT JOIN `user` `u` ON `b`.`user_id`=`u`.`id` WHERE  `b`.`status` = '1' ORDER BY `b`.`id` DESC LIMIT 5 [ RunTime:0.000728s ]
[2026-08-19T09:24:35+08:00][sql] SHOW FULL COLUMNS FROM `news` [ RunTime:0.000901s ]
[2026-08-19T09:24:35+08:00][sql] SELECT `id`,`title`,`create_time` FROM `news` WHERE  `status` = 1 ORDER BY `id` DESC LIMIT 3 [ RunTime:0.000581s ]
[2026-08-19T09:24:35+08:00][sql] SHOW FULL COLUMNS FROM `banner` [ RunTime:0.001231s ]
[2026-08-19T09:24:35+08:00][sql] SELECT * FROM `banner` WHERE  `status` = 1 ORDER BY `sort` ASC,`id` ASC [ RunTime:0.000679s ]
[2026-08-19T09:24:59+08:00][sql] CONNECT:[ UseTime:0.018202s ] mysql:host=127.0.0.1;port=3306;dbname=auction;charset=utf8mb4
[2026-08-19T09:24:59+08:00][sql] SHOW FULL COLUMNS FROM `goods` [ RunTime:0.001771s ]
[2026-08-19T09:24:59+08:00][sql] SELECT `id` FROM `goods` WHERE  `status` = 1  AND `end_time` <= 1787102699 [ RunTime:0.000831s ]
[2026-08-19T09:24:59+08:00][sql] SHOW FULL COLUMNS FROM `user` [ RunTime:0.001433s ]
[2026-08-19T09:24:59+08:00][sql] SELECT * FROM `user` WHERE  `id` = 25 LIMIT 1 [ RunTime:0.000810s ]
[2026-08-19T09:24:59+08:00][sql] SHOW FULL COLUMNS FROM `setting` [ RunTime:0.001212s ]
[2026-08-19T09:24:59+08:00][sql] SELECT * FROM `setting` [ RunTime:0.000697s ]
[2026-08-19T09:24:59+08:00][sql] SHOW FULL COLUMNS FROM `news` [ RunTime:0.001339s ]
[2026-08-19T09:24:59+08:00][sql] SELECT * FROM `news` WHERE  `id` = 2  AND `status` = 1 LIMIT 1 [ RunTime:0.000743s ]
[2026-08-19T09:25:11+08:00][sql] CONNECT:[ UseTime:0.011683s ] mysql:host=127.0.0.1;port=3306;dbname=auction;charset=utf8mb4
[2026-08-19T09:25:11+08:00][sql] SHOW FULL COLUMNS FROM `goods` [ RunTime:0.002534s ]
[2026-08-19T09:25:11+08:00][sql] SELECT `id` FROM `goods` WHERE  `status` = 1  AND `end_time` <= 1787102711 [ RunTime:0.001227s ]
[2026-08-19T09:25:11+08:00][sql] SHOW FULL COLUMNS FROM `user` [ RunTime:0.002207s ]
[2026-08-19T09:25:11+08:00][sql] SELECT * FROM `user` WHERE  `id` = 25 LIMIT 1 [ RunTime:0.001156s ]
[2026-08-19T09:25:11+08:00][sql] SHOW FULL COLUMNS FROM `setting` [ RunTime:0.001637s ]
[2026-08-19T09:25:11+08:00][sql] SELECT * FROM `setting` [ RunTime:0.000978s ]
[2026-08-19T09:25:11+08:00][sql] SHOW FULL COLUMNS FROM `bid_record` [ RunTime:0.002019s ]
[2026-08-19T09:25:11+08:00][sql] SELECT COUNT(*) AS think_count FROM `bid_record` WHERE  `user_id` = 25 [ RunTime:0.001045s ]
[2026-08-19T09:25:11+08:00][sql] SHOW FULL COLUMNS FROM `order` [ RunTime:0.001756s ]
[2026-08-19T09:25:11+08:00][sql] SELECT COUNT(*) AS think_count FROM `order` WHERE  `buyer_id` = 25  AND `pay_status` = 1 [ RunTime:0.000853s ]
[2026-08-19T09:25:11+08:00][sql] SELECT COUNT(*) AS think_count FROM `goods` WHERE  `seller_id` = 25  AND `status` = 2 [ RunTime:0.002854s ]
[2026-08-19T09:25:11+08:00][sql] SELECT COUNT(*) AS think_count FROM `goods` WHERE  `seller_id` = 25 [ RunTime:0.000844s ]
[2026-08-19T09:25:11+08:00][sql] SELECT COUNT(*) AS think_count FROM `order` WHERE  `buyer_id` = 25  AND `pay_status` = 0  AND `order_status` = 0 [ RunTime:0.001008s ]
[2026-08-19T09:25:11+08:00][sql] SELECT COUNT(*) AS think_count FROM `order` WHERE  `seller_id` = 25  AND `order_status` = 1 [ RunTime:0.001355s ]
[2026-08-19T09:25:11+08:00][sql] SELECT COUNT(*) AS think_count FROM `order` WHERE  `buyer_id` = 25  AND `order_status` = 0  AND `pay_status` = 0 [ RunTime:0.001632s ]
[2026-08-19T09:25:11+08:00][sql] SELECT COUNT(*) AS think_count FROM `order` WHERE  `buyer_id` = 25  AND `order_status` = 1 [ RunTime:0.000977s ]
[2026-08-19T09:25:11+08:00][sql] SELECT COUNT(*) AS think_count FROM `order` WHERE  `buyer_id` = 25  AND `order_status` = 2 [ RunTime:0.000913s ]
[2026-08-19T09:25:11+08:00][sql] SELECT COUNT(*) AS think_count FROM `order` WHERE  `buyer_id` = 25  AND `order_status` = 3 [ RunTime:0.000905s ]
[2026-08-19T09:25:11+08:00][sql] SELECT COUNT(*) AS think_count FROM `order` WHERE  `seller_id` = 25  AND `order_status` = 1 [ RunTime:0.000930s ]
[2026-08-19T09:25:11+08:00][sql] SHOW FULL COLUMNS FROM `goods_favorite` [ RunTime:0.001621s ]
[2026-08-19T09:25:11+08:00][sql] SELECT COUNT(*) AS think_count FROM `goods_favorite` WHERE  `user_id` = 25 [ RunTime:0.001037s ]
[2026-08-19T09:25:11+08:00][sql] SHOW FULL COLUMNS FROM `seller_follow` [ RunTime:0.001651s ]
[2026-08-19T09:25:11+08:00][sql] SELECT COUNT(*) AS think_count FROM `seller_follow` WHERE  `user_id` = 25 [ RunTime:0.000949s ]
[2026-08-19T09:25:11+08:00][sql] SHOW FULL COLUMNS FROM `browse_history` [ RunTime:0.001381s ]
[2026-08-19T09:25:11+08:00][sql] SELECT COUNT(*) AS think_count FROM `browse_history` WHERE  `user_id` = 25 [ RunTime:0.002432s ]
[2026-08-19T09:25:11+08:00][sql] SHOW FULL COLUMNS FROM `balance_log` [ RunTime:0.001923s ]
[2026-08-19T09:25:11+08:00][sql] SELECT * FROM `balance_log` WHERE  `user_id` = 25 ORDER BY `id` DESC LIMIT 5 [ RunTime:0.001141s ]
[2026-08-19T09:25:11+08:00][sql] SELECT `b`.*,`g`.`title`,`g`.`cover`,g.status as goods_status,`g`.`end_time` FROM `bid_record` `b` LEFT JOIN `goods` `g` ON `b`.`goods_id`=`g`.`id` WHERE  `b`.`user_id` = '25' ORDER BY `b`.`id` DESC LIMIT 5 [ RunTime:0.001181s ]
[2026-08-19T09:25:11+08:00][sql] SELECT `id`,`nickname`,`mobile`,`reg_time` FROM `user` WHERE  `pid` = 25 ORDER BY `id` DESC LIMIT 10 [ RunTime:0.001058s ]
[2026-08-19T09:25:20+08:00][sql] CONNECT:[ UseTime:0.011338s ] mysql:host=127.0.0.1;port=3306;dbname=auction;charset=utf8mb4
[2026-08-19T09:25:20+08:00][sql] SHOW FULL COLUMNS FROM `goods` [ RunTime:0.001948s ]
[2026-08-19T09:25:20+08:00][sql] SELECT `id` FROM `goods` WHERE  `status` = 1  AND `end_time` <= 1787102720 [ RunTime:0.001067s ]
[2026-08-19T09:25:20+08:00][sql] SHOW FULL COLUMNS FROM `user` [ RunTime:0.001827s ]
[2026-08-19T09:25:20+08:00][sql] SELECT * FROM `user` WHERE  `id` = 25 LIMIT 1 [ RunTime:0.001024s ]
[2026-08-19T09:25:20+08:00][sql] SHOW FULL COLUMNS FROM `setting` [ RunTime:0.001436s ]
[2026-08-19T09:25:20+08:00][sql] SELECT * FROM `setting` [ RunTime:0.000915s ]
[2026-08-19T09:25:20+08:00][sql] SHOW FULL COLUMNS FROM `bid_record` [ RunTime:0.001421s ]
[2026-08-19T09:25:20+08:00][sql] SELECT COUNT(*) AS think_count FROM `bid_record` WHERE  `user_id` = 25 [ RunTime:0.000914s ]
[2026-08-19T09:25:20+08:00][sql] SHOW FULL COLUMNS FROM `order` [ RunTime:0.002055s ]
[2026-08-19T09:25:20+08:00][sql] SELECT COUNT(*) AS think_count FROM `order` WHERE  `buyer_id` = 25  AND `pay_status` = 1 [ RunTime:0.001170s ]
[2026-08-19T09:25:20+08:00][sql] SELECT COUNT(*) AS think_count FROM `goods` WHERE  `seller_id` = 25  AND `status` = 2 [ RunTime:0.003355s ]
[2026-08-19T09:25:20+08:00][sql] SELECT COUNT(*) AS think_count FROM `goods` WHERE  `seller_id` = 25 [ RunTime:0.000932s ]
[2026-08-19T09:25:20+08:00][sql] SELECT COUNT(*) AS think_count FROM `order` WHERE  `buyer_id` = 25  AND `pay_status` = 0  AND `order_status` = 0 [ RunTime:0.000964s ]
[2026-08-19T09:25:20+08:00][sql] SELECT COUNT(*) AS think_count FROM `order` WHERE  `seller_id` = 25  AND `order_status` = 1 [ RunTime:0.000924s ]
[2026-08-19T09:25:20+08:00][sql] SELECT COUNT(*) AS think_count FROM `order` WHERE  `buyer_id` = 25  AND `order_status` = 0  AND `pay_status` = 0 [ RunTime:0.000881s ]
[2026-08-19T09:25:20+08:00][sql] SELECT COUNT(*) AS think_count FROM `order` WHERE  `buyer_id` = 25  AND `order_status` = 1 [ RunTime:0.000866s ]
[2026-08-19T09:25:20+08:00][sql] SELECT COUNT(*) AS think_count FROM `order` WHERE  `buyer_id` = 25  AND `order_status` = 2 [ RunTime:0.000969s ]
[2026-08-19T09:25:20+08:00][sql] SELECT COUNT(*) AS think_count FROM `order` WHERE  `buyer_id` = 25  AND `order_status` = 3 [ RunTime:0.001136s ]
[2026-08-19T09:25:20+08:00][sql] SELECT COUNT(*) AS think_count FROM `order` WHERE  `seller_id` = 25  AND `order_status` = 1 [ RunTime:0.000995s ]
[2026-08-19T09:25:20+08:00][sql] SHOW FULL COLUMNS FROM `goods_favorite` [ RunTime:0.001804s ]
[2026-08-19T09:25:20+08:00][sql] SELECT COUNT(*) AS think_count FROM `goods_favorite` WHERE  `user_id` = 25 [ RunTime:0.001152s ]
[2026-08-19T09:25:20+08:00][sql] SHOW FULL COLUMNS FROM `seller_follow` [ RunTime:0.001589s ]
[2026-08-19T09:25:20+08:00][sql] SELECT COUNT(*) AS think_count FROM `seller_follow` WHERE  `user_id` = 25 [ RunTime:0.000922s ]
[2026-08-19T09:25:20+08:00][sql] SHOW FULL COLUMNS FROM `browse_history` [ RunTime:0.001470s ]
[2026-08-19T09:25:20+08:00][sql] SELECT COUNT(*) AS think_count FROM `browse_history` WHERE  `user_id` = 25 [ RunTime:0.000897s ]
[2026-08-19T09:25:20+08:00][sql] SHOW FULL COLUMNS FROM `balance_log` [ RunTime:0.001501s ]
[2026-08-19T09:25:20+08:00][sql] SELECT * FROM `balance_log` WHERE  `user_id` = 25 ORDER BY `id` DESC LIMIT 5 [ RunTime:0.000963s ]
[2026-08-19T09:25:20+08:00][sql] SELECT `b`.*,`g`.`title`,`g`.`cover`,g.status as goods_status,`g`.`end_time` FROM `bid_record` `b` LEFT JOIN `goods` `g` ON `b`.`goods_id`=`g`.`id` WHERE  `b`.`user_id` = '25' ORDER BY `b`.`id` DESC LIMIT 5 [ RunTime:0.001310s ]
[2026-08-19T09:25:20+08:00][sql] SELECT `id`,`nickname`,`mobile`,`reg_time` FROM `user` WHERE  `pid` = 25 ORDER BY `id` DESC LIMIT 10 [ RunTime:0.000983s ]
[2026-08-19T09:25:29+08:00][sql] CONNECT:[ UseTime:0.002530s ] mysql:host=127.0.0.1;port=3306;dbname=auction;charset=utf8mb4
[2026-08-19T09:25:29+08:00][sql] SHOW FULL COLUMNS FROM `goods` [ RunTime:0.001598s ]
[2026-08-19T09:25:29+08:00][sql] SELECT `id` FROM `goods` WHERE  `status` = 1  AND `end_time` <= 1787102729 [ RunTime:0.000834s ]
[2026-08-19T09:25:29+08:00][sql] SHOW FULL COLUMNS FROM `user` [ RunTime:0.001693s ]
[2026-08-19T09:25:29+08:00][sql] SELECT * FROM `user` WHERE  `id` = 25 LIMIT 1 [ RunTime:0.001215s ]
[2026-08-19T09:25:29+08:00][sql] SHOW FULL COLUMNS FROM `setting` [ RunTime:0.000917s ]
[2026-08-19T09:25:29+08:00][sql] SELECT * FROM `setting` [ RunTime:0.000545s ]
[2026-08-19T09:25:29+08:00][sql] SELECT COUNT(*) AS think_count FROM `goods` WHERE  `seller_id` = 25 [ RunTime:0.000910s ]
[2026-08-19T09:25:29+08:00][sql] SELECT * FROM `goods` WHERE  `seller_id` = 25 ORDER BY `id` DESC LIMIT 0,10 [ RunTime:0.000864s ]
[2026-08-19T09:25:29+08:00][sql] SHOW FULL COLUMNS FROM `bid_record` [ RunTime:0.001504s ]
[2026-08-19T09:25:29+08:00][sql] SELECT MAX(`price`) AS think_max FROM `bid_record` WHERE  `goods_id` = 33  AND `status` = 0 [ RunTime:0.000923s ]
[2026-08-19T09:25:29+08:00][sql] SELECT MAX(`price`) AS think_max FROM `bid_record` WHERE  `goods_id` = 32  AND `status` = 0 [ RunTime:0.000751s ]
[2026-08-19T09:25:29+08:00][sql] SELECT MAX(`price`) AS think_max FROM `bid_record` WHERE  `goods_id` = 31  AND `status` = 0 [ RunTime:0.000756s ]
[2026-08-19T09:25:29+08:00][sql] SELECT MAX(`price`) AS think_max FROM `bid_record` WHERE  `goods_id` = 30  AND `status` = 0 [ RunTime:0.000833s ]
[2026-08-19T09:25:29+08:00][sql] SELECT MAX(`price`) AS think_max FROM `bid_record` WHERE  `goods_id` = 29  AND `status` = 0 [ RunTime:0.000902s ]
[2026-08-19T09:25:29+08:00][sql] SELECT MAX(`price`) AS think_max FROM `bid_record` WHERE  `goods_id` = 27  AND `status` = 0 [ RunTime:0.000844s ]
[2026-08-19T09:25:33+08:00][sql] CONNECT:[ UseTime:0.026116s ] mysql:host=127.0.0.1;port=3306;dbname=auction;charset=utf8mb4
[2026-08-19T09:25:33+08:00][sql] SHOW FULL COLUMNS FROM `goods` [ RunTime:0.002458s ]
[2026-08-19T09:25:33+08:00][sql] SELECT `id` FROM `goods` WHERE  `status` = 1  AND `end_time` <= 1787102732 [ RunTime:0.001105s ]
[2026-08-19T09:25:33+08:00][sql] SHOW FULL COLUMNS FROM `user` [ RunTime:0.001897s ]
[2026-08-19T09:25:33+08:00][sql] SELECT * FROM `user` WHERE  `id` = 27 LIMIT 1 [ RunTime:0.001082s ]
[2026-08-19T09:25:33+08:00][sql] SHOW FULL COLUMNS FROM `setting` [ RunTime:0.001216s ]
[2026-08-19T09:25:33+08:00][sql] SELECT * FROM `setting` [ RunTime:0.000866s ]
[2026-08-19T09:25:33+08:00][sql] SHOW FULL COLUMNS FROM `bid_record` [ RunTime:0.001898s ]
[2026-08-19T09:25:33+08:00][sql] SELECT COUNT(*) AS think_count FROM `bid_record` WHERE  `user_id` = 27 [ RunTime:0.000910s ]
[2026-08-19T09:25:33+08:00][sql] SHOW FULL COLUMNS FROM `order` [ RunTime:0.001836s ]
[2026-08-19T09:25:33+08:00][sql] SELECT COUNT(*) AS think_count FROM `order` WHERE  `buyer_id` = 27  AND `pay_status` = 1 [ RunTime:0.001043s ]
[2026-08-19T09:25:33+08:00][sql] SELECT COUNT(*) AS think_count FROM `goods` WHERE  `seller_id` = 27  AND `status` = 2 [ RunTime:0.000997s ]
[2026-08-19T09:25:33+08:00][sql] SELECT COUNT(*) AS think_count FROM `goods` WHERE  `seller_id` = 27 [ RunTime:0.000850s ]
[2026-08-19T09:25:33+08:00][sql] SELECT COUNT(*) AS think_count FROM `order` WHERE  `buyer_id` = 27  AND `pay_status` = 0  AND `order_status` = 0 [ RunTime:0.000910s ]
[2026-08-19T09:25:33+08:00][sql] SELECT COUNT(*) AS think_count FROM `order` WHERE  `seller_id` = 27  AND `order_status` = 1 [ RunTime:0.000880s ]
[2026-08-19T09:25:33+08:00][sql] SELECT COUNT(*) AS think_count FROM `order` WHERE  `buyer_id` = 27  AND `order_status` = 0  AND `pay_status` = 0 [ RunTime:0.000943s ]
[2026-08-19T09:25:33+08:00][sql] SELECT COUNT(*) AS think_count FROM `order` WHERE  `buyer_id` = 27  AND `order_status` = 1 [ RunTime:0.000952s ]
[2026-08-19T09:25:33+08:00][sql] SELECT COUNT(*) AS think_count FROM `order` WHERE  `buyer_id` = 27  AND `order_status` = 2 [ RunTime:0.000909s ]
[2026-08-19T09:25:33+08:00][sql] SELECT COUNT(*) AS think_count FROM `order` WHERE  `buyer_id` = 27  AND `order_status` = 3 [ RunTime:0.000892s ]
[2026-08-19T09:25:33+08:00][sql] SELECT COUNT(*) AS think_count FROM `order` WHERE  `seller_id` = 27  AND `order_status` = 1 [ RunTime:0.000867s ]
[2026-08-19T09:25:33+08:00][sql] SHOW FULL COLUMNS FROM `goods_favorite` [ RunTime:0.001640s ]
[2026-08-19T09:25:33+08:00][sql] SELECT COUNT(*) AS think_count FROM `goods_favorite` WHERE  `user_id` = 27 [ RunTime:0.000535s ]
[2026-08-19T09:25:33+08:00][sql] SHOW FULL COLUMNS FROM `seller_follow` [ RunTime:0.001007s ]
[2026-08-19T09:25:33+08:00][sql] SELECT COUNT(*) AS think_count FROM `seller_follow` WHERE  `user_id` = 27 [ RunTime:0.000837s ]
[2026-08-19T09:25:33+08:00][sql] SHOW FULL COLUMNS FROM `browse_history` [ RunTime:0.001494s ]
[2026-08-19T09:25:33+08:00][sql] SELECT COUNT(*) AS think_count FROM `browse_history` WHERE  `user_id` = 27 [ RunTime:0.000993s ]
[2026-08-19T09:25:33+08:00][sql] SHOW FULL COLUMNS FROM `balance_log` [ RunTime:0.001500s ]
[2026-08-19T09:25:33+08:00][sql] SELECT * FROM `balance_log` WHERE  `user_id` = 27 ORDER BY `id` DESC LIMIT 5 [ RunTime:0.000890s ]
[2026-08-19T09:25:33+08:00][sql] SELECT `b`.*,`g`.`title`,`g`.`cover`,g.status as goods_status,`g`.`end_time` FROM `bid_record` `b` LEFT JOIN `goods` `g` ON `b`.`goods_id`=`g`.`id` WHERE  `b`.`user_id` = '27' ORDER BY `b`.`id` DESC LIMIT 5 [ RunTime:0.001009s ]
[2026-08-19T09:25:33+08:00][sql] SELECT `id`,`nickname`,`mobile`,`reg_time` FROM `user` WHERE  `pid` = 27 ORDER BY `id` DESC LIMIT 10 [ RunTime:0.000835s ]
[2026-08-19T09:25:37+08:00][sql] CONNECT:[ UseTime:0.001950s ] mysql:host=127.0.0.1;port=3306;dbname=auction;charset=utf8mb4
[2026-08-19T09:25:37+08:00][sql] SHOW FULL COLUMNS FROM `goods` [ RunTime:0.001382s ]
[2026-08-19T09:25:37+08:00][sql] SELECT `id` FROM `goods` WHERE  `status` = 1  AND `end_time` <= 1787102737 [ RunTime:0.000758s ]
[2026-08-19T09:25:37+08:00][sql] SHOW FULL COLUMNS FROM `user` [ RunTime:0.001303s ]
[2026-08-19T09:25:37+08:00][sql] SELECT * FROM `user` WHERE  `id` = 27 LIMIT 1 [ RunTime:0.000823s ]
[2026-08-19T09:25:37+08:00][sql] SHOW FULL COLUMNS FROM `setting` [ RunTime:0.001101s ]
[2026-08-19T09:25:37+08:00][sql] SELECT * FROM `setting` [ RunTime:0.000628s ]
[2026-08-19T09:26:36+08:00][sql] CONNECT:[ UseTime:0.023373s ] mysql:host=127.0.0.1;port=3306;dbname=auction;charset=utf8mb4
[2026-08-19T09:26:36+08:00][sql] SHOW FULL COLUMNS FROM `goods` [ RunTime:0.002385s ]
[2026-08-19T09:26:36+08:00][sql] SELECT `id` FROM `goods` WHERE  `status` = 1  AND `end_time` <= 1787102796 [ RunTime:0.001212s ]
[2026-08-19T09:26:36+08:00][sql] SHOW FULL COLUMNS FROM `user` [ RunTime:0.002228s ]
[2026-08-19T09:26:36+08:00][sql] SELECT * FROM `user` WHERE  `id` = 27 LIMIT 1 [ RunTime:0.001062s ]
[2026-08-19T09:26:36+08:00][sql] SHOW FULL COLUMNS FROM `setting` [ RunTime:0.001955s ]
[2026-08-19T09:26:36+08:00][sql] SELECT * FROM `setting` [ RunTime:0.001608s ]
[2026-08-19T09:26:36+08:00][sql] SHOW FULL COLUMNS FROM `bid_record` [ RunTime:0.001720s ]
[2026-08-19T09:26:36+08:00][sql] SELECT COUNT(*) AS think_count FROM `bid_record` WHERE  `user_id` = 27 [ RunTime:0.001025s ]
[2026-08-19T09:26:36+08:00][sql] SHOW FULL COLUMNS FROM `order` [ RunTime:0.001764s ]
[2026-08-19T09:26:36+08:00][sql] SELECT COUNT(*) AS think_count FROM `order` WHERE  `buyer_id` = 27  AND `pay_status` = 1 [ RunTime:0.000917s ]
[2026-08-19T09:26:36+08:00][sql] SELECT COUNT(*) AS think_count FROM `goods` WHERE  `seller_id` = 27  AND `status` = 2 [ RunTime:0.000908s ]
[2026-08-19T09:26:36+08:00][sql] SELECT COUNT(*) AS think_count FROM `goods` WHERE  `seller_id` = 27 [ RunTime:0.000939s ]
[2026-08-19T09:26:36+08:00][sql] SELECT COUNT(*) AS think_count FROM `order` WHERE  `buyer_id` = 27  AND `pay_status` = 0  AND `order_status` = 0 [ RunTime:0.000927s ]
[2026-08-19T09:26:36+08:00][sql] SELECT COUNT(*) AS think_count FROM `order` WHERE  `seller_id` = 27  AND `order_status` = 1 [ RunTime:0.001148s ]
[2026-08-19T09:26:36+08:00][sql] SELECT COUNT(*) AS think_count FROM `order` WHERE  `buyer_id` = 27  AND `order_status` = 0  AND `pay_status` = 0 [ RunTime:0.001378s ]
[2026-08-19T09:26:36+08:00][sql] SELECT COUNT(*) AS think_count FROM `order` WHERE  `buyer_id` = 27  AND `order_status` = 1 [ RunTime:0.001065s ]
[2026-08-19T09:26:36+08:00][sql] SELECT COUNT(*) AS think_count FROM `order` WHERE  `buyer_id` = 27  AND `order_status` = 2 [ RunTime:0.000910s ]
[2026-08-19T09:26:36+08:00][sql] SELECT COUNT(*) AS think_count FROM `order` WHERE  `buyer_id` = 27  AND `order_status` = 3 [ RunTime:0.000909s ]
[2026-08-19T09:26:36+08:00][sql] SELECT COUNT(*) AS think_count FROM `order` WHERE  `seller_id` = 27  AND `order_status` = 1 [ RunTime:0.000904s ]
[2026-08-19T09:26:36+08:00][sql] SHOW FULL COLUMNS FROM `goods_favorite` [ RunTime:0.001417s ]
[2026-08-19T09:26:36+08:00][sql] SELECT COUNT(*) AS think_count FROM `goods_favorite` WHERE  `user_id` = 27 [ RunTime:0.000813s ]
[2026-08-19T09:26:36+08:00][sql] SHOW FULL COLUMNS FROM `seller_follow` [ RunTime:0.001460s ]
[2026-08-19T09:26:36+08:00][sql] SELECT COUNT(*) AS think_count FROM `seller_follow` WHERE  `user_id` = 27 [ RunTime:0.000955s ]
[2026-08-19T09:26:36+08:00][sql] SHOW FULL COLUMNS FROM `browse_history` [ RunTime:0.001533s ]
[2026-08-19T09:26:36+08:00][sql] SELECT COUNT(*) AS think_count FROM `browse_history` WHERE  `user_id` = 27 [ RunTime:0.000807s ]
[2026-08-19T09:26:36+08:00][sql] SHOW FULL COLUMNS FROM `balance_log` [ RunTime:0.003006s ]
[2026-08-19T09:26:36+08:00][sql] SELECT * FROM `balance_log` WHERE  `user_id` = 27 ORDER BY `id` DESC LIMIT 5 [ RunTime:0.001369s ]
[2026-08-19T09:26:36+08:00][sql] SELECT `b`.*,`g`.`title`,`g`.`cover`,g.status as goods_status,`g`.`end_time` FROM `bid_record` `b` LEFT JOIN `goods` `g` ON `b`.`goods_id`=`g`.`id` WHERE  `b`.`user_id` = '27' ORDER BY `b`.`id` DESC LIMIT 5 [ RunTime:0.001414s ]
[2026-08-19T09:26:36+08:00][sql] SELECT `id`,`nickname`,`mobile`,`reg_time` FROM `user` WHERE  `pid` = 27 ORDER BY `id` DESC LIMIT 10 [ RunTime:0.001448s ]
[2026-08-19T09:26:47+08:00][sql] CONNECT:[ UseTime:0.022030s ] mysql:host=127.0.0.1;port=3306;dbname=auction;charset=utf8mb4
[2026-08-19T09:26:47+08:00][sql] SHOW FULL COLUMNS FROM `goods` [ RunTime:0.001858s ]
[2026-08-19T09:26:47+08:00][sql] SELECT `id` FROM `goods` WHERE  `status` = 1  AND `end_time` <= 1787102807 [ RunTime:0.000922s ]
[2026-08-19T09:26:47+08:00][sql] SHOW FULL COLUMNS FROM `user` [ RunTime:0.001848s ]
[2026-08-19T09:26:47+08:00][sql] SELECT * FROM `user` WHERE  `id` = 27 LIMIT 1 [ RunTime:0.001408s ]
[2026-08-19T09:26:47+08:00][sql] SHOW FULL COLUMNS FROM `setting` [ RunTime:0.001732s ]
[2026-08-19T09:26:47+08:00][sql] SELECT * FROM `setting` [ RunTime:0.000953s ]
[2026-08-19T09:26:57+08:00][sql] CONNECT:[ UseTime:0.004582s ] mysql:host=127.0.0.1;port=3306;dbname=auction;charset=utf8mb4
[2026-08-19T09:26:57+08:00][sql] SHOW FULL COLUMNS FROM `goods` [ RunTime:0.001609s ]
[2026-08-19T09:26:57+08:00][sql] SELECT `id` FROM `goods` WHERE  `status` = 1  AND `end_time` <= 1787102817 [ RunTime:0.000773s ]
[2026-08-19T09:26:57+08:00][sql] SHOW FULL COLUMNS FROM `user` [ RunTime:0.001470s ]
[2026-08-19T09:26:57+08:00][sql] SELECT * FROM `user` WHERE  `id` = 27 LIMIT 1 [ RunTime:0.000749s ]
[2026-08-19T09:26:57+08:00][sql] SHOW FULL COLUMNS FROM `setting` [ RunTime:0.001044s ]
[2026-08-19T09:26:57+08:00][sql] SELECT * FROM `setting` [ RunTime:0.000557s ]
[2026-08-19T09:27:01+08:00][sql] CONNECT:[ UseTime:0.019683s ] mysql:host=127.0.0.1;port=3306;dbname=auction;charset=utf8mb4
[2026-08-19T09:27:01+08:00][sql] SHOW FULL COLUMNS FROM `goods` [ RunTime:0.002285s ]
[2026-08-19T09:27:01+08:00][sql] SELECT `id` FROM `goods` WHERE  `status` = 1  AND `end_time` <= 1787102821 [ RunTime:0.000900s ]
[2026-08-19T09:27:01+08:00][sql] SHOW FULL COLUMNS FROM `user` [ RunTime:0.001674s ]
[2026-08-19T09:27:01+08:00][sql] SELECT * FROM `user` WHERE  `id` = 27 LIMIT 1 [ RunTime:0.001010s ]
[2026-08-19T09:27:01+08:00][sql] SHOW FULL COLUMNS FROM `setting` [ RunTime:0.001667s ]
[2026-08-19T09:27:01+08:00][sql] SELECT * FROM `setting` [ RunTime:0.000843s ]
[2026-08-19T09:27:01+08:00][sql] UPDATE `user`  SET `password` = '14e1b600b1fd579f47433b88e8d85291' , `update_time` = 1787102821  WHERE  `id` = 27 [ RunTime:0.005043s ]
[2026-08-19T09:27:02+08:00][sql] CONNECT:[ UseTime:0.021309s ] mysql:host=127.0.0.1;port=3306;dbname=auction;charset=utf8mb4
[2026-08-19T09:27:02+08:00][sql] SHOW FULL COLUMNS FROM `goods` [ RunTime:0.000992s ]
[2026-08-19T09:27:02+08:00][sql] SELECT `id` FROM `goods` WHERE  `status` = 1  AND `end_time` <= 1787102822 [ RunTime:0.000760s ]
[2026-08-19T09:27:02+08:00][sql] SHOW FULL COLUMNS FROM `user` [ RunTime:0.001314s ]
[2026-08-19T09:27:02+08:00][sql] SELECT * FROM `user` WHERE  `id` = 27 LIMIT 1 [ RunTime:0.000535s ]
[2026-08-19T09:27:02+08:00][sql] SHOW FULL COLUMNS FROM `setting` [ RunTime:0.000838s ]
[2026-08-19T09:27:02+08:00][sql] SELECT * FROM `setting` [ RunTime:0.000491s ]
[2026-08-19T09:27:02+08:00][sql] CONNECT:[ UseTime:0.014194s ] mysql:host=127.0.0.1;port=3306;dbname=auction;charset=utf8mb4
[2026-08-19T09:27:02+08:00][sql] SHOW FULL COLUMNS FROM `goods` [ RunTime:0.001572s ]
[2026-08-19T09:27:02+08:00][sql] SELECT `id` FROM `goods` WHERE  `status` = 1  AND `end_time` <= 1787102822 [ RunTime:0.000769s ]
[2026-08-19T09:27:02+08:00][sql] SHOW FULL COLUMNS FROM `setting` [ RunTime:0.001128s ]
[2026-08-19T09:27:02+08:00][sql] SELECT * FROM `setting` [ RunTime:0.000636s ]
[2026-08-19T09:27:02+08:00][sql] SELECT COUNT(*) AS think_count FROM `goods` `g` LEFT JOIN `user` `u` ON `g`.`seller_id`=`u`.`id` WHERE  `g`.`status` = '1'  AND `g`.`start_time` <= '1787102822'  AND `g`.`end_time` > '1787102822' [ RunTime:0.000947s ]
[2026-08-19T09:27:02+08:00][sql] SELECT `g`.*,u.nickname as seller_name FROM `goods` `g` LEFT JOIN `user` `u` ON `g`.`seller_id`=`u`.`id` WHERE  `g`.`status` = '1'  AND `g`.`start_time` <= '1787102822'  AND `g`.`end_time` > '1787102822' ORDER BY `g`.`end_time` ASC,`g`.`id` DESC LIMIT 0,10 [ RunTime:0.001065s ]
[2026-08-19T09:27:02+08:00][sql] SHOW FULL COLUMNS FROM `bid_record` [ RunTime:0.001235s ]
[2026-08-19T09:27:02+08:00][sql] SELECT MAX(`price`) AS think_max FROM `bid_record` WHERE  `goods_id` = 28  AND `status` = 0 [ RunTime:0.000729s ]
[2026-08-19T09:27:02+08:00][sql] SELECT MAX(`price`) AS think_max FROM `bid_record` WHERE  `goods_id` = 33  AND `status` = 0 [ RunTime:0.000807s ]
[2026-08-19T09:27:02+08:00][sql] SELECT MAX(`price`) AS think_max FROM `bid_record` WHERE  `goods_id` = 30  AND `status` = 0 [ RunTime:0.000684s ]
[2026-08-19T09:27:02+08:00][sql] SHOW FULL COLUMNS FROM `category` [ RunTime:0.001022s ]
[2026-08-19T09:27:02+08:00][sql] SELECT * FROM `category` WHERE  `status` = 1 ORDER BY `sort` ASC [ RunTime:0.000716s ]
[2026-08-19T09:27:02+08:00][sql] SELECT `b`.`price`,`b`.`create_time`,`g`.`title`,`u`.`nickname` FROM `bid_record` `b` LEFT JOIN `goods` `g` ON `b`.`goods_id`=`g`.`id` LEFT JOIN `user` `u` ON `b`.`user_id`=`u`.`id` WHERE  `b`.`status` = '1' ORDER BY `b`.`id` DESC LIMIT 5 [ RunTime:0.001099s ]
[2026-08-19T09:27:02+08:00][sql] SHOW FULL COLUMNS FROM `news` [ RunTime:0.001436s ]
[2026-08-19T09:27:02+08:00][sql] SELECT `id`,`title`,`create_time` FROM `news` WHERE  `status` = 1 ORDER BY `id` DESC LIMIT 3 [ RunTime:0.000918s ]
[2026-08-19T09:27:02+08:00][sql] SHOW FULL COLUMNS FROM `banner` [ RunTime:0.001358s ]
[2026-08-19T09:27:02+08:00][sql] SELECT * FROM `banner` WHERE  `status` = 1 ORDER BY `sort` ASC,`id` ASC [ RunTime:0.001091s ]
[2026-08-19T09:27:04+08:00][sql] CONNECT:[ UseTime:0.024892s ] mysql:host=127.0.0.1;port=3306;dbname=auction;charset=utf8mb4
[2026-08-19T09:27:04+08:00][sql] SHOW FULL COLUMNS FROM `goods` [ RunTime:0.002242s ]
[2026-08-19T09:27:04+08:00][sql] SELECT `id` FROM `goods` WHERE  `status` = 1  AND `end_time` <= 1787102824 [ RunTime:0.000755s ]
[2026-08-19T09:27:04+08:00][sql] SHOW FULL COLUMNS FROM `setting` [ RunTime:0.001072s ]
[2026-08-19T09:27:04+08:00][sql] SELECT * FROM `setting` [ RunTime:0.000631s ]
[2026-08-19T09:27:04+08:00][sql] CONNECT:[ UseTime:0.019908s ] mysql:host=127.0.0.1;port=3306;dbname=auction;charset=utf8mb4
[2026-08-19T09:27:04+08:00][sql] SHOW FULL COLUMNS FROM `goods` [ RunTime:0.001228s ]
[2026-08-19T09:27:04+08:00][sql] SELECT `id` FROM `goods` WHERE  `status` = 1  AND `end_time` <= 1787102824 [ RunTime:0.000715s ]
[2026-08-19T09:27:04+08:00][sql] SHOW FULL COLUMNS FROM `setting` [ RunTime:0.001055s ]
[2026-08-19T09:27:04+08:00][sql] SELECT * FROM `setting` [ RunTime:0.000620s ]
[2026-08-19T09:27:20+08:00][sql] CONNECT:[ UseTime:0.009240s ] mysql:host=127.0.0.1;port=3306;dbname=auction;charset=utf8mb4
[2026-08-19T09:27:20+08:00][sql] SHOW FULL COLUMNS FROM `goods` [ RunTime:0.001441s ]
[2026-08-19T09:27:20+08:00][sql] SELECT `id` FROM `goods` WHERE  `status` = 1  AND `end_time` <= 1787102840 [ RunTime:0.000779s ]
[2026-08-19T09:27:20+08:00][sql] SHOW FULL COLUMNS FROM `setting` [ RunTime:0.001302s ]
[2026-08-19T09:27:20+08:00][sql] SELECT * FROM `setting` [ RunTime:0.000761s ]
[2026-08-19T09:27:20+08:00][sql] SHOW FULL COLUMNS FROM `user` [ RunTime:0.001241s ]
[2026-08-19T09:27:20+08:00][sql] SELECT * FROM `user` WHERE  `mobile` = '12222222222' LIMIT 1 [ RunTime:0.000626s ]
[2026-08-19T09:27:20+08:00][sql] UPDATE `user`  SET `last_login_time` = 1787102840 , `update_time` = 1787102840  WHERE  `id` = 27 [ RunTime:0.004156s ]
[2026-08-19T09:27:21+08:00][sql] CONNECT:[ UseTime:0.002192s ] mysql:host=127.0.0.1;port=3306;dbname=auction;charset=utf8mb4
[2026-08-19T09:27:21+08:00][sql] SHOW FULL COLUMNS FROM `goods` [ RunTime:0.001844s ]
[2026-08-19T09:27:21+08:00][sql] SELECT `id` FROM `goods` WHERE  `status` = 1  AND `end_time` <= 1787102840 [ RunTime:0.000971s ]
[2026-08-19T09:27:21+08:00][sql] SHOW FULL COLUMNS FROM `user` [ RunTime:0.001828s ]
[2026-08-19T09:27:21+08:00][sql] SELECT * FROM `user` WHERE  `id` = 27 LIMIT 1 [ RunTime:0.001015s ]
[2026-08-19T09:27:21+08:00][sql] SHOW FULL COLUMNS FROM `setting` [ RunTime:0.001553s ]
[2026-08-19T09:27:21+08:00][sql] SELECT * FROM `setting` [ RunTime:0.000893s ]
[2026-08-19T09:27:21+08:00][sql] SHOW FULL COLUMNS FROM `bid_record` [ RunTime:0.001672s ]
[2026-08-19T09:27:21+08:00][sql] SELECT COUNT(*) AS think_count FROM `bid_record` WHERE  `user_id` = 27 [ RunTime:0.001062s ]
[2026-08-19T09:27:21+08:00][sql] SHOW FULL COLUMNS FROM `order` [ RunTime:0.001839s ]
[2026-08-19T09:27:21+08:00][sql] SELECT COUNT(*) AS think_count FROM `order` WHERE  `buyer_id` = 27  AND `pay_status` = 1 [ RunTime:0.000984s ]
[2026-08-19T09:27:21+08:00][sql] SELECT COUNT(*) AS think_count FROM `goods` WHERE  `seller_id` = 27  AND `status` = 2 [ RunTime:0.000920s ]
[2026-08-19T09:27:21+08:00][sql] SELECT COUNT(*) AS think_count FROM `goods` WHERE  `seller_id` = 27 [ RunTime:0.000841s ]
[2026-08-19T09:27:21+08:00][sql] SELECT COUNT(*) AS think_count FROM `order` WHERE  `buyer_id` = 27  AND `pay_status` = 0  AND `order_status` = 0 [ RunTime:0.000898s ]
[2026-08-19T09:27:21+08:00][sql] SELECT COUNT(*) AS think_count FROM `order` WHERE  `seller_id` = 27  AND `order_status` = 1 [ RunTime:0.000867s ]
[2026-08-19T09:27:21+08:00][sql] SELECT COUNT(*) AS think_count FROM `order` WHERE  `buyer_id` = 27  AND `order_status` = 0  AND `pay_status` = 0 [ RunTime:0.000907s ]
[2026-08-19T09:27:21+08:00][sql] SELECT COUNT(*) AS think_count FROM `order` WHERE  `buyer_id` = 27  AND `order_status` = 1 [ RunTime:0.001065s ]
[2026-08-19T09:27:21+08:00][sql] SELECT COUNT(*) AS think_count FROM `order` WHERE  `buyer_id` = 27  AND `order_status` = 2 [ RunTime:0.000823s ]
[2026-08-19T09:27:21+08:00][sql] SELECT COUNT(*) AS think_count FROM `order` WHERE  `buyer_id` = 27  AND `order_status` = 3 [ RunTime:0.000533s ]
[2026-08-19T09:27:21+08:00][sql] SELECT COUNT(*) AS think_count FROM `order` WHERE  `seller_id` = 27  AND `order_status` = 1 [ RunTime:0.000641s ]
[2026-08-19T09:27:21+08:00][sql] SHOW FULL COLUMNS FROM `goods_favorite` [ RunTime:0.001485s ]
[2026-08-19T09:27:21+08:00][sql] SELECT COUNT(*) AS think_count FROM `goods_favorite` WHERE  `user_id` = 27 [ RunTime:0.000880s ]
[2026-08-19T09:27:21+08:00][sql] SHOW FULL COLUMNS FROM `seller_follow` [ RunTime:0.001459s ]
[2026-08-19T09:27:21+08:00][sql] SELECT COUNT(*) AS think_count FROM `seller_follow` WHERE  `user_id` = 27 [ RunTime:0.000876s ]
[2026-08-19T09:27:21+08:00][sql] SHOW FULL COLUMNS FROM `browse_history` [ RunTime:0.001464s ]
[2026-08-19T09:27:21+08:00][sql] SELECT COUNT(*) AS think_count FROM `browse_history` WHERE  `user_id` = 27 [ RunTime:0.000875s ]
[2026-08-19T09:27:21+08:00][sql] SHOW FULL COLUMNS FROM `balance_log` [ RunTime:0.001465s ]
[2026-08-19T09:27:21+08:00][sql] SELECT * FROM `balance_log` WHERE  `user_id` = 27 ORDER BY `id` DESC LIMIT 5 [ RunTime:0.000893s ]
[2026-08-19T09:27:21+08:00][sql] SELECT `b`.*,`g`.`title`,`g`.`cover`,g.status as goods_status,`g`.`end_time` FROM `bid_record` `b` LEFT JOIN `goods` `g` ON `b`.`goods_id`=`g`.`id` WHERE  `b`.`user_id` = '27' ORDER BY `b`.`id` DESC LIMIT 5 [ RunTime:0.000980s ]
[2026-08-19T09:27:21+08:00][sql] SELECT `id`,`nickname`,`mobile`,`reg_time` FROM `user` WHERE  `pid` = 27 ORDER BY `id` DESC LIMIT 10 [ RunTime:0.001008s ]
[2026-08-19T09:27:26+08:00][sql] CONNECT:[ UseTime:0.014703s ] mysql:host=127.0.0.1;port=3306;dbname=auction;charset=utf8mb4
[2026-08-19T09:27:26+08:00][sql] SHOW FULL COLUMNS FROM `goods` [ RunTime:0.002352s ]
[2026-08-19T09:27:26+08:00][sql] SELECT `id` FROM `goods` WHERE  `status` = 1  AND `end_time` <= 1787102846 [ RunTime:0.001031s ]
[2026-08-19T09:27:26+08:00][sql] SHOW FULL COLUMNS FROM `user` [ RunTime:0.001902s ]
[2026-08-19T09:27:26+08:00][sql] SELECT * FROM `user` WHERE  `id` = 27 LIMIT 1 [ RunTime:0.001122s ]
[2026-08-19T09:27:26+08:00][sql] SHOW FULL COLUMNS FROM `setting` [ RunTime:0.001844s ]
[2026-08-19T09:27:26+08:00][sql] SELECT * FROM `setting` [ RunTime:0.001023s ]
[2026-08-19T09:27:28+08:00][sql] CONNECT:[ UseTime:0.019591s ] mysql:host=127.0.0.1;port=3306;dbname=auction;charset=utf8mb4
[2026-08-19T09:27:28+08:00][sql] SHOW FULL COLUMNS FROM `goods` [ RunTime:0.002260s ]
[2026-08-19T09:27:28+08:00][sql] SELECT `id` FROM `goods` WHERE  `status` = 1  AND `end_time` <= 1787102848 [ RunTime:0.001210s ]
[2026-08-19T09:27:28+08:00][sql] SHOW FULL COLUMNS FROM `user` [ RunTime:0.002232s ]
[2026-08-19T09:27:28+08:00][sql] SELECT * FROM `user` WHERE  `id` = 27 LIMIT 1 [ RunTime:0.001085s ]
[2026-08-19T09:27:28+08:00][sql] SHOW FULL COLUMNS FROM `setting` [ RunTime:0.001566s ]
[2026-08-19T09:27:28+08:00][sql] SELECT * FROM `setting` [ RunTime:0.000919s ]
[2026-08-19T09:28:50+08:00][sql] CONNECT:[ UseTime:0.008655s ] mysql:host=127.0.0.1;port=3306;dbname=auction;charset=utf8mb4
[2026-08-19T09:28:50+08:00][sql] SHOW FULL COLUMNS FROM `goods` [ RunTime:0.001842s ]
[2026-08-19T09:28:50+08:00][sql] SELECT `id` FROM `goods` WHERE  `status` = 1  AND `end_time` <= 1787102930 [ RunTime:0.000898s ]
[2026-08-19T09:28:50+08:00][sql] SHOW FULL COLUMNS FROM `user` [ RunTime:0.001757s ]
[2026-08-19T09:28:50+08:00][sql] SELECT * FROM `user` WHERE  `id` = 27 LIMIT 1 [ RunTime:0.001036s ]
[2026-08-19T09:28:50+08:00][sql] SHOW FULL COLUMNS FROM `setting` [ RunTime:0.001516s ]
[2026-08-19T09:28:50+08:00][sql] SELECT * FROM `setting` [ RunTime:0.000853s ]
[2026-08-19T09:29:21+08:00][sql] CONNECT:[ UseTime:0.013288s ] mysql:host=127.0.0.1;port=3306;dbname=auction;charset=utf8mb4
[2026-08-19T09:29:21+08:00][sql] SHOW FULL COLUMNS FROM `goods` [ RunTime:0.001469s ]
[2026-08-19T09:29:21+08:00][sql] SELECT `id` FROM `goods` WHERE  `status` = 1  AND `end_time` <= 1787102961 [ RunTime:0.000864s ]
[2026-08-19T09:29:21+08:00][sql] SHOW FULL COLUMNS FROM `user` [ RunTime:0.001416s ]
[2026-08-19T09:29:21+08:00][sql] SELECT * FROM `user` WHERE  `id` = 27 LIMIT 1 [ RunTime:0.000822s ]
[2026-08-19T09:29:21+08:00][sql] SHOW FULL COLUMNS FROM `setting` [ RunTime:0.001387s ]
[2026-08-19T09:29:21+08:00][sql] SELECT * FROM `setting` [ RunTime:0.000545s ]
[2026-08-19T09:29:21+08:00][sql] SELECT * FROM `user` WHERE  `id` = 27 LIMIT 1 [ RunTime:0.001063s ]
[2026-08-19T09:29:46+08:00][sql] CONNECT:[ UseTime:0.012825s ] mysql:host=127.0.0.1;port=3306;dbname=auction;charset=utf8mb4
[2026-08-19T09:29:46+08:00][sql] SHOW FULL COLUMNS FROM `goods` [ RunTime:0.001556s ]
[2026-08-19T09:29:46+08:00][sql] SELECT `id` FROM `goods` WHERE  `status` = 1  AND `end_time` <= 1787102986 [ RunTime:0.000901s ]
[2026-08-19T09:29:46+08:00][sql] SHOW FULL COLUMNS FROM `user` [ RunTime:0.001527s ]
[2026-08-19T09:29:46+08:00][sql] SELECT * FROM `user` WHERE  `id` = 27 LIMIT 1 [ RunTime:0.000846s ]
[2026-08-19T09:29:46+08:00][sql] SHOW FULL COLUMNS FROM `setting` [ RunTime:0.000881s ]
[2026-08-19T09:29:46+08:00][sql] SELECT * FROM `setting` [ RunTime:0.000723s ]
[2026-08-19T09:29:46+08:00][sql] SELECT * FROM `user` WHERE  `id` = 27 LIMIT 1 [ RunTime:0.001013s ]
[2026-08-19T09:29:55+08:00][sql] CONNECT:[ UseTime:0.011469s ] mysql:host=127.0.0.1;port=3306;dbname=auction;charset=utf8mb4
[2026-08-19T09:29:55+08:00][sql] SHOW FULL COLUMNS FROM `goods` [ RunTime:0.001513s ]
[2026-08-19T09:29:55+08:00][sql] SELECT `id` FROM `goods` WHERE  `status` = 1  AND `end_time` <= 1787102995 [ RunTime:0.000845s ]
[2026-08-19T09:29:55+08:00][sql] SHOW FULL COLUMNS FROM `user` [ RunTime:0.001439s ]
[2026-08-19T09:29:55+08:00][sql] SELECT * FROM `user` WHERE  `id` = 27 LIMIT 1 [ RunTime:0.000858s ]
[2026-08-19T09:29:55+08:00][sql] SHOW FULL COLUMNS FROM `setting` [ RunTime:0.001202s ]
[2026-08-19T09:29:55+08:00][sql] SELECT * FROM `setting` [ RunTime:0.000675s ]
[2026-08-19T09:30:15+08:00][sql] CONNECT:[ UseTime:0.001917s ] mysql:host=127.0.0.1;port=3306;dbname=auction;charset=utf8mb4
[2026-08-19T09:30:15+08:00][sql] SHOW FULL COLUMNS FROM `goods` [ RunTime:0.001073s ]
[2026-08-19T09:30:15+08:00][sql] SELECT `id` FROM `goods` WHERE  `status` = 1  AND `end_time` <= 1787103015 [ RunTime:0.000760s ]
[2026-08-19T09:30:15+08:00][sql] SHOW FULL COLUMNS FROM `user` [ RunTime:0.002586s ]
[2026-08-19T09:30:15+08:00][sql] SELECT * FROM `user` WHERE  `id` = 27 LIMIT 1 [ RunTime:0.001421s ]
[2026-08-19T09:30:15+08:00][sql] SHOW FULL COLUMNS FROM `setting` [ RunTime:0.001713s ]
[2026-08-19T09:30:15+08:00][sql] SELECT * FROM `setting` [ RunTime:0.000919s ]
[2026-08-19T09:30:20+08:00][sql] CONNECT:[ UseTime:0.002898s ] mysql:host=127.0.0.1;port=3306;dbname=auction;charset=utf8mb4
[2026-08-19T09:30:20+08:00][sql] SHOW FULL COLUMNS FROM `goods` [ RunTime:0.001795s ]
[2026-08-19T09:30:20+08:00][sql] SELECT `id` FROM `goods` WHERE  `status` = 1  AND `end_time` <= 1787103020 [ RunTime:0.000865s ]
[2026-08-19T09:30:20+08:00][sql] SHOW FULL COLUMNS FROM `user` [ RunTime:0.001597s ]
[2026-08-19T09:30:20+08:00][sql] SELECT * FROM `user` WHERE  `id` = 27 LIMIT 1 [ RunTime:0.000965s ]
[2026-08-19T09:30:20+08:00][sql] SHOW FULL COLUMNS FROM `setting` [ RunTime:0.001317s ]
[2026-08-19T09:30:20+08:00][sql] SELECT * FROM `setting` [ RunTime:0.000667s ]
[2026-08-19T09:30:20+08:00][sql] SHOW FULL COLUMNS FROM `bid_record` [ RunTime:0.001538s ]
[2026-08-19T09:30:20+08:00][sql] SELECT COUNT(*) AS think_count FROM `bid_record` WHERE  `user_id` = 27 [ RunTime:0.001293s ]
[2026-08-19T09:30:20+08:00][sql] SHOW FULL COLUMNS FROM `order` [ RunTime:0.002155s ]
[2026-08-19T09:30:20+08:00][sql] SELECT COUNT(*) AS think_count FROM `order` WHERE  `buyer_id` = 27  AND `pay_status` = 1 [ RunTime:0.000931s ]
[2026-08-19T09:30:20+08:00][sql] SELECT COUNT(*) AS think_count FROM `goods` WHERE  `seller_id` = 27  AND `status` = 2 [ RunTime:0.000934s ]
[2026-08-19T09:30:20+08:00][sql] SELECT COUNT(*) AS think_count FROM `goods` WHERE  `seller_id` = 27 [ RunTime:0.000704s ]
[2026-08-19T09:30:20+08:00][sql] SELECT COUNT(*) AS think_count FROM `order` WHERE  `buyer_id` = 27  AND `pay_status` = 0  AND `order_status` = 0 [ RunTime:0.000706s ]
[2026-08-19T09:30:20+08:00][sql] SELECT COUNT(*) AS think_count FROM `order` WHERE  `seller_id` = 27  AND `order_status` = 1 [ RunTime:0.000668s ]
[2026-08-19T09:30:20+08:00][sql] SELECT COUNT(*) AS think_count FROM `order` WHERE  `buyer_id` = 27  AND `order_status` = 0  AND `pay_status` = 0 [ RunTime:0.000749s ]
[2026-08-19T09:30:20+08:00][sql] SELECT COUNT(*) AS think_count FROM `order` WHERE  `buyer_id` = 27  AND `order_status` = 1 [ RunTime:0.000783s ]
[2026-08-19T09:30:20+08:00][sql] SELECT COUNT(*) AS think_count FROM `order` WHERE  `buyer_id` = 27  AND `order_status` = 2 [ RunTime:0.000722s ]
[2026-08-19T09:30:20+08:00][sql] SELECT COUNT(*) AS think_count FROM `order` WHERE  `buyer_id` = 27  AND `order_status` = 3 [ RunTime:0.000793s ]
[2026-08-19T09:30:20+08:00][sql] SELECT COUNT(*) AS think_count FROM `order` WHERE  `seller_id` = 27  AND `order_status` = 1 [ RunTime:0.000823s ]
[2026-08-19T09:30:20+08:00][sql] SHOW FULL COLUMNS FROM `goods_favorite` [ RunTime:0.001659s ]
[2026-08-19T09:30:20+08:00][sql] SELECT COUNT(*) AS think_count FROM `goods_favorite` WHERE  `user_id` = 27 [ RunTime:0.001058s ]
[2026-08-19T09:30:20+08:00][sql] SHOW FULL COLUMNS FROM `seller_follow` [ RunTime:0.000984s ]
[2026-08-19T09:30:20+08:00][sql] SELECT COUNT(*) AS think_count FROM `seller_follow` WHERE  `user_id` = 27 [ RunTime:0.000568s ]
[2026-08-19T09:30:20+08:00][sql] SHOW FULL COLUMNS FROM `browse_history` [ RunTime:0.001209s ]
[2026-08-19T09:30:20+08:00][sql] SELECT COUNT(*) AS think_count FROM `browse_history` WHERE  `user_id` = 27 [ RunTime:0.000828s ]
[2026-08-19T09:30:20+08:00][sql] SHOW FULL COLUMNS FROM `balance_log` [ RunTime:0.001587s ]
[2026-08-19T09:30:20+08:00][sql] SELECT * FROM `balance_log` WHERE  `user_id` = 27 ORDER BY `id` DESC LIMIT 5 [ RunTime:0.001047s ]
[2026-08-19T09:30:20+08:00][sql] SELECT `b`.*,`g`.`title`,`g`.`cover`,g.status as goods_status,`g`.`end_time` FROM `bid_record` `b` LEFT JOIN `goods` `g` ON `b`.`goods_id`=`g`.`id` WHERE  `b`.`user_id` = '27' ORDER BY `b`.`id` DESC LIMIT 5 [ RunTime:0.000925s ]
[2026-08-19T09:30:20+08:00][sql] SELECT `id`,`nickname`,`mobile`,`reg_time` FROM `user` WHERE  `pid` = 27 ORDER BY `id` DESC LIMIT 10 [ RunTime:0.000923s ]
[2026-08-19T09:31:21+08:00][sql] CONNECT:[ UseTime:0.002411s ] mysql:host=127.0.0.1;port=3306;dbname=auction;charset=utf8mb4
[2026-08-19T09:31:21+08:00][sql] SHOW FULL COLUMNS FROM `goods` [ RunTime:0.001095s ]
[2026-08-19T09:31:21+08:00][sql] SELECT `id` FROM `goods` WHERE  `status` = 1  AND `end_time` <= 1787103081 [ RunTime:0.000710s ]
[2026-08-19T09:31:21+08:00][sql] SHOW FULL COLUMNS FROM `user` [ RunTime:0.001795s ]
[2026-08-19T09:31:21+08:00][sql] SELECT * FROM `user` WHERE  `id` = 27 LIMIT 1 [ RunTime:0.001018s ]
[2026-08-19T09:31:21+08:00][sql] SHOW FULL COLUMNS FROM `setting` [ RunTime:0.001417s ]
[2026-08-19T09:31:21+08:00][sql] SELECT * FROM `setting` [ RunTime:0.000831s ]
[2026-08-19T09:31:24+08:00][sql] CONNECT:[ UseTime:0.019283s ] mysql:host=127.0.0.1;port=3306;dbname=auction;charset=utf8mb4
[2026-08-19T09:31:24+08:00][sql] SHOW FULL COLUMNS FROM `goods` [ RunTime:0.001348s ]
[2026-08-19T09:31:24+08:00][sql] SELECT `id` FROM `goods` WHERE  `status` = 1  AND `end_time` <= 1787103084 [ RunTime:0.000725s ]
[2026-08-19T09:31:24+08:00][sql] SHOW FULL COLUMNS FROM `user` [ RunTime:0.001358s ]
[2026-08-19T09:31:24+08:00][sql] SELECT * FROM `user` WHERE  `id` = 27 LIMIT 1 [ RunTime:0.000786s ]
[2026-08-19T09:31:24+08:00][sql] SHOW FULL COLUMNS FROM `setting` [ RunTime:0.001052s ]
[2026-08-19T09:31:24+08:00][sql] SELECT * FROM `setting` [ RunTime:0.000616s ]
[2026-08-19T09:31:24+08:00][sql] SELECT * FROM `user` WHERE  `id` = 27 LIMIT 1 [ RunTime:0.000810s ]
[2026-08-19T09:31:36+08:00][sql] CONNECT:[ UseTime:0.001688s ] mysql:host=127.0.0.1;port=3306;dbname=auction;charset=utf8mb4
[2026-08-19T09:31:36+08:00][sql] SHOW FULL COLUMNS FROM `goods` [ RunTime:0.001437s ]
[2026-08-19T09:31:36+08:00][sql] SELECT `id` FROM `goods` WHERE  `status` = 1  AND `end_time` <= 1787103096 [ RunTime:0.000605s ]
[2026-08-19T09:31:36+08:00][sql] SHOW FULL COLUMNS FROM `user` [ RunTime:0.001119s ]
[2026-08-19T09:31:36+08:00][sql] SELECT * FROM `user` WHERE  `id` = 27 LIMIT 1 [ RunTime:0.000530s ]
[2026-08-19T09:31:36+08:00][sql] SHOW FULL COLUMNS FROM `setting` [ RunTime:0.000729s ]
[2026-08-19T09:31:36+08:00][sql] SELECT * FROM `setting` [ RunTime:0.000536s ]
[2026-08-19T09:31:39+08:00][sql] CONNECT:[ UseTime:0.021066s ] mysql:host=127.0.0.1;port=3306;dbname=auction;charset=utf8mb4
[2026-08-19T09:31:39+08:00][sql] SHOW FULL COLUMNS FROM `goods` [ RunTime:0.002345s ]
[2026-08-19T09:31:39+08:00][sql] SELECT `id` FROM `goods` WHERE  `status` = 1  AND `end_time` <= 1787103099 [ RunTime:0.001119s ]
[2026-08-19T09:31:39+08:00][sql] SHOW FULL COLUMNS FROM `user` [ RunTime:0.001818s ]
[2026-08-19T09:31:39+08:00][sql] SELECT * FROM `user` WHERE  `id` = 27 LIMIT 1 [ RunTime:0.001002s ]
[2026-08-19T09:31:39+08:00][sql] SHOW FULL COLUMNS FROM `setting` [ RunTime:0.001630s ]
[2026-08-19T09:31:39+08:00][sql] SELECT * FROM `setting` [ RunTime:0.000867s ]
[2026-08-19T09:31:49+08:00][sql] CONNECT:[ UseTime:0.001900s ] mysql:host=127.0.0.1;port=3306;dbname=auction;charset=utf8mb4
[2026-08-19T09:31:49+08:00][sql] SHOW FULL COLUMNS FROM `goods` [ RunTime:0.001393s ]
[2026-08-19T09:31:49+08:00][sql] SELECT `id` FROM `goods` WHERE  `status` = 1  AND `end_time` <= 1787103109 [ RunTime:0.000788s ]
[2026-08-19T09:31:49+08:00][sql] SHOW FULL COLUMNS FROM `user` [ RunTime:0.001351s ]
[2026-08-19T09:31:49+08:00][sql] SELECT * FROM `user` WHERE  `id` = 27 LIMIT 1 [ RunTime:0.000802s ]
[2026-08-19T09:31:49+08:00][sql] SHOW FULL COLUMNS FROM `setting` [ RunTime:0.001058s ]
[2026-08-19T09:31:49+08:00][sql] SELECT * FROM `setting` [ RunTime:0.000676s ]
[2026-08-19T09:31:49+08:00][sql] UPDATE `user`  SET `real_name` = '你好' , `id_card` = '111111111111111111' , `id_card_front` = '/uploads/20260819/093136_5005.png' , `id_card_back` = '/uploads/20260819/093139_1963.png' , `auth_status` = 1 , `auth_reason` = '' , `update_time` = 1787103109  WHERE  `id` = 27 [ RunTime:0.012425s ]
[2026-08-19T09:31:49+08:00][sql] SELECT * FROM `user` WHERE  `id` = 27 LIMIT 1 [ RunTime:0.000868s ]
[2026-08-19T09:31:50+08:00][sql] CONNECT:[ UseTime:0.019476s ] mysql:host=127.0.0.1;port=3306;dbname=auction;charset=utf8mb4
[2026-08-19T09:31:50+08:00][sql] SHOW FULL COLUMNS FROM `goods` [ RunTime:0.001819s ]
[2026-08-19T09:31:50+08:00][sql] SELECT `id` FROM `goods` WHERE  `status` = 1  AND `end_time` <= 1787103110 [ RunTime:0.000935s ]
[2026-08-19T09:31:50+08:00][sql] SHOW FULL COLUMNS FROM `user` [ RunTime:0.001791s ]
[2026-08-19T09:31:50+08:00][sql] SELECT * FROM `user` WHERE  `id` = 27 LIMIT 1 [ RunTime:0.001000s ]
[2026-08-19T09:31:50+08:00][sql] SHOW FULL COLUMNS FROM `setting` [ RunTime:0.001664s ]
[2026-08-19T09:31:50+08:00][sql] SELECT * FROM `setting` [ RunTime:0.000927s ]
[2026-08-19T09:31:50+08:00][sql] SELECT * FROM `user` WHERE  `id` = 27 LIMIT 1 [ RunTime:0.001093s ]
[2026-08-19T09:31:53+08:00][sql] CONNECT:[ UseTime:0.024650s ] mysql:host=127.0.0.1;port=3306;dbname=auction;charset=utf8mb4
[2026-08-19T09:31:53+08:00][sql] SHOW FULL COLUMNS FROM `goods` [ RunTime:0.002553s ]
[2026-08-19T09:31:53+08:00][sql] SELECT `id` FROM `goods` WHERE  `status` = 1  AND `end_time` <= 1787103113 [ RunTime:0.001257s ]
[2026-08-19T09:31:53+08:00][sql] SHOW FULL COLUMNS FROM `user` [ RunTime:0.002173s ]
[2026-08-19T09:31:53+08:00][sql] SELECT * FROM `user` WHERE  `id` = 27 LIMIT 1 [ RunTime:0.001125s ]
[2026-08-19T09:31:53+08:00][sql] SHOW FULL COLUMNS FROM `setting` [ RunTime:0.001585s ]
[2026-08-19T09:31:53+08:00][sql] SELECT * FROM `setting` [ RunTime:0.000832s ]
[2026-08-19T09:32:05+08:00][sql] CONNECT:[ UseTime:0.013918s ] mysql:host=127.0.0.1;port=3306;dbname=auction;charset=utf8mb4
[2026-08-19T09:32:05+08:00][sql] SHOW FULL COLUMNS FROM `goods` [ RunTime:0.002240s ]
[2026-08-19T09:32:05+08:00][sql] SELECT `id` FROM `goods` WHERE  `status` = 1  AND `end_time` <= 1787103125 [ RunTime:0.001048s ]
[2026-08-19T09:32:05+08:00][sql] SHOW FULL COLUMNS FROM `user` [ RunTime:0.001868s ]
[2026-08-19T09:32:05+08:00][sql] SELECT * FROM `user` WHERE  `id` = 27 LIMIT 1 [ RunTime:0.001028s ]
[2026-08-19T09:32:05+08:00][sql] SHOW FULL COLUMNS FROM `setting` [ RunTime:0.001572s ]
[2026-08-19T09:32:05+08:00][sql] SELECT * FROM `setting` [ RunTime:0.000857s ]
[2026-08-19T09:32:05+08:00][sql] SELECT * FROM `user` WHERE  `id` = 27 LIMIT 1 [ RunTime:0.000897s ]
[2026-08-19T09:32:09+08:00][sql] CONNECT:[ UseTime:0.018600s ] mysql:host=127.0.0.1;port=3306;dbname=auction;charset=utf8mb4
[2026-08-19T09:32:09+08:00][sql] SHOW FULL COLUMNS FROM `goods` [ RunTime:0.002257s ]
[2026-08-19T09:32:09+08:00][sql] SELECT `id` FROM `goods` WHERE  `status` = 1  AND `end_time` <= 1787103129 [ RunTime:0.001073s ]
[2026-08-19T09:32:09+08:00][sql] SHOW FULL COLUMNS FROM `user` [ RunTime:0.001860s ]
[2026-08-19T09:32:09+08:00][sql] SELECT * FROM `user` WHERE  `id` = 27 LIMIT 1 [ RunTime:0.001024s ]
[2026-08-19T09:32:09+08:00][sql] SHOW FULL COLUMNS FROM `setting` [ RunTime:0.001519s ]
[2026-08-19T09:32:09+08:00][sql] SELECT * FROM `setting` [ RunTime:0.000871s ]
[2026-08-19T09:32:13+08:00][sql] CONNECT:[ UseTime:0.001676s ] mysql:host=127.0.0.1;port=3306;dbname=auction;charset=utf8mb4
[2026-08-19T09:32:13+08:00][sql] SHOW FULL COLUMNS FROM `goods` [ RunTime:0.001614s ]
[2026-08-19T09:32:13+08:00][sql] SELECT `id` FROM `goods` WHERE  `status` = 1  AND `end_time` <= 1787103133 [ RunTime:0.000916s ]
[2026-08-19T09:32:13+08:00][sql] SHOW FULL COLUMNS FROM `user` [ RunTime:0.001720s ]
[2026-08-19T09:32:13+08:00][sql] SELECT * FROM `user` WHERE  `id` = 27 LIMIT 1 [ RunTime:0.000953s ]
[2026-08-19T09:32:13+08:00][sql] SHOW FULL COLUMNS FROM `setting` [ RunTime:0.001362s ]
[2026-08-19T09:32:13+08:00][sql] SELECT * FROM `setting` [ RunTime:0.000764s ]
[2026-08-19T09:32:13+08:00][sql] SHOW FULL COLUMNS FROM `bid_record` [ RunTime:0.001752s ]
[2026-08-19T09:32:13+08:00][sql] SELECT COUNT(*) AS think_count FROM `bid_record` WHERE  `user_id` = 27 [ RunTime:0.000952s ]
[2026-08-19T09:32:13+08:00][sql] SHOW FULL COLUMNS FROM `order` [ RunTime:0.001730s ]
[2026-08-19T09:32:13+08:00][sql] SELECT COUNT(*) AS think_count FROM `order` WHERE  `buyer_id` = 27  AND `pay_status` = 1 [ RunTime:0.000931s ]
[2026-08-19T09:32:13+08:00][sql] SELECT COUNT(*) AS think_count FROM `goods` WHERE  `seller_id` = 27  AND `status` = 2 [ RunTime:0.000876s ]
[2026-08-19T09:32:13+08:00][sql] SELECT COUNT(*) AS think_count FROM `goods` WHERE  `seller_id` = 27 [ RunTime:0.000839s ]
[2026-08-19T09:32:13+08:00][sql] SELECT COUNT(*) AS think_count FROM `order` WHERE  `buyer_id` = 27  AND `pay_status` = 0  AND `order_status` = 0 [ RunTime:0.000859s ]
[2026-08-19T09:32:13+08:00][sql] SELECT COUNT(*) AS think_count FROM `order` WHERE  `seller_id` = 27  AND `order_status` = 1 [ RunTime:0.000777s ]
[2026-08-19T09:32:13+08:00][sql] SELECT COUNT(*) AS think_count FROM `order` WHERE  `buyer_id` = 27  AND `order_status` = 0  AND `pay_status` = 0 [ RunTime:0.000819s ]
[2026-08-19T09:32:13+08:00][sql] SELECT COUNT(*) AS think_count FROM `order` WHERE  `buyer_id` = 27  AND `order_status` = 1 [ RunTime:0.000835s ]
[2026-08-19T09:32:13+08:00][sql] SELECT COUNT(*) AS think_count FROM `order` WHERE  `buyer_id` = 27  AND `order_status` = 2 [ RunTime:0.000815s ]
[2026-08-19T09:32:13+08:00][sql] SELECT COUNT(*) AS think_count FROM `order` WHERE  `buyer_id` = 27  AND `order_status` = 3 [ RunTime:0.000919s ]
[2026-08-19T09:32:13+08:00][sql] SELECT COUNT(*) AS think_count FROM `order` WHERE  `seller_id` = 27  AND `order_status` = 1 [ RunTime:0.000935s ]
[2026-08-19T09:32:13+08:00][sql] SHOW FULL COLUMNS FROM `goods_favorite` [ RunTime:0.001023s ]
[2026-08-19T09:32:13+08:00][sql] SELECT COUNT(*) AS think_count FROM `goods_favorite` WHERE  `user_id` = 27 [ RunTime:0.000711s ]
[2026-08-19T09:32:13+08:00][sql] SHOW FULL COLUMNS FROM `seller_follow` [ RunTime:0.003366s ]
[2026-08-19T09:32:13+08:00][sql] SELECT COUNT(*) AS think_count FROM `seller_follow` WHERE  `user_id` = 27 [ RunTime:0.000839s ]
[2026-08-19T09:32:13+08:00][sql] SHOW FULL COLUMNS FROM `browse_history` [ RunTime:0.003538s ]
[2026-08-19T09:32:13+08:00][sql] SELECT COUNT(*) AS think_count FROM `browse_history` WHERE  `user_id` = 27 [ RunTime:0.000986s ]
[2026-08-19T09:32:13+08:00][sql] SHOW FULL COLUMNS FROM `balance_log` [ RunTime:0.001570s ]
[2026-08-19T09:32:13+08:00][sql] SELECT * FROM `balance_log` WHERE  `user_id` = 27 ORDER BY `id` DESC LIMIT 5 [ RunTime:0.000973s ]
[2026-08-19T09:32:13+08:00][sql] SELECT `b`.*,`g`.`title`,`g`.`cover`,g.status as goods_status,`g`.`end_time` FROM `bid_record` `b` LEFT JOIN `goods` `g` ON `b`.`goods_id`=`g`.`id` WHERE  `b`.`user_id` = '27' ORDER BY `b`.`id` DESC LIMIT 5 [ RunTime:0.000949s ]
[2026-08-19T09:32:13+08:00][sql] SELECT `id`,`nickname`,`mobile`,`reg_time` FROM `user` WHERE  `pid` = 27 ORDER BY `id` DESC LIMIT 10 [ RunTime:0.000838s ]
[2026-08-19T09:41:13+08:00][sql] CONNECT:[ UseTime:0.019884s ] mysql:host=127.0.0.1;port=3306;dbname=auction;charset=utf8mb4
[2026-08-19T09:41:13+08:00][sql] SHOW FULL COLUMNS FROM `goods` [ RunTime:0.001419s ]
[2026-08-19T09:41:13+08:00][sql] SELECT `id` FROM `goods` WHERE  `status` = 1  AND `end_time` <= 1787103673 [ RunTime:0.000743s ]
[2026-08-19T09:41:13+08:00][sql] SHOW FULL COLUMNS FROM `user` [ RunTime:0.001306s ]
[2026-08-19T09:41:13+08:00][sql] SELECT * FROM `user` WHERE  `id` = 27 LIMIT 1 [ RunTime:0.000707s ]
[2026-08-19T09:41:13+08:00][sql] SHOW FULL COLUMNS FROM `setting` [ RunTime:0.001053s ]
[2026-08-19T09:41:13+08:00][sql] SELECT * FROM `setting` [ RunTime:0.000598s ]
[2026-08-19T09:41:13+08:00][sql] SHOW FULL COLUMNS FROM `bid_record` [ RunTime:0.001108s ]
[2026-08-19T09:41:13+08:00][sql] SELECT COUNT(*) AS think_count FROM `bid_record` WHERE  `user_id` = 27 [ RunTime:0.000625s ]
[2026-08-19T09:41:13+08:00][sql] SHOW FULL COLUMNS FROM `order` [ RunTime:0.001161s ]
[2026-08-19T09:41:13+08:00][sql] SELECT COUNT(*) AS think_count FROM `order` WHERE  `buyer_id` = 27  AND `pay_status` = 1 [ RunTime:0.000650s ]
[2026-08-19T09:41:13+08:00][sql] SELECT COUNT(*) AS think_count FROM `goods` WHERE  `seller_id` = 27  AND `status` = 2 [ RunTime:0.000503s ]
[2026-08-19T09:41:13+08:00][sql] SELECT COUNT(*) AS think_count FROM `goods` WHERE  `seller_id` = 27 [ RunTime:0.000770s ]
[2026-08-19T09:41:13+08:00][sql] SELECT COUNT(*) AS think_count FROM `order` WHERE  `buyer_id` = 27  AND `pay_status` = 0  AND `order_status` = 0 [ RunTime:0.000649s ]
[2026-08-19T09:41:13+08:00][sql] SELECT COUNT(*) AS think_count FROM `order` WHERE  `seller_id` = 27  AND `order_status` = 1 [ RunTime:0.000741s ]
[2026-08-19T09:41:13+08:00][sql] SELECT COUNT(*) AS think_count FROM `order` WHERE  `buyer_id` = 27  AND `order_status` = 0  AND `pay_status` = 0 [ RunTime:0.000637s ]
[2026-08-19T09:41:13+08:00][sql] SELECT COUNT(*) AS think_count FROM `order` WHERE  `buyer_id` = 27  AND `order_status` = 1 [ RunTime:0.000625s ]
[2026-08-19T09:41:13+08:00][sql] SELECT COUNT(*) AS think_count FROM `order` WHERE  `buyer_id` = 27  AND `order_status` = 2 [ RunTime:0.000628s ]
[2026-08-19T09:41:13+08:00][sql] SELECT COUNT(*) AS think_count FROM `order` WHERE  `buyer_id` = 27  AND `order_status` = 3 [ RunTime:0.000651s ]
[2026-08-19T09:41:13+08:00][sql] SELECT COUNT(*) AS think_count FROM `order` WHERE  `seller_id` = 27  AND `order_status` = 1 [ RunTime:0.000599s ]
[2026-08-19T09:41:13+08:00][sql] SHOW FULL COLUMNS FROM `goods_favorite` [ RunTime:0.001089s ]
[2026-08-19T09:41:13+08:00][sql] SELECT COUNT(*) AS think_count FROM `goods_favorite` WHERE  `user_id` = 27 [ RunTime:0.000568s ]
[2026-08-19T09:41:13+08:00][sql] SHOW FULL COLUMNS FROM `seller_follow` [ RunTime:0.001000s ]
[2026-08-19T09:41:13+08:00][sql] SELECT COUNT(*) AS think_count FROM `seller_follow` WHERE  `user_id` = 27 [ RunTime:0.000582s ]
[2026-08-19T09:41:13+08:00][sql] SHOW FULL COLUMNS FROM `browse_history` [ RunTime:0.000948s ]
[2026-08-19T09:41:13+08:00][sql] SELECT COUNT(*) AS think_count FROM `browse_history` WHERE  `user_id` = 27 [ RunTime:0.000558s ]
[2026-08-19T09:41:13+08:00][sql] SHOW FULL COLUMNS FROM `balance_log` [ RunTime:0.000898s ]
[2026-08-19T09:41:13+08:00][sql] SELECT * FROM `balance_log` WHERE  `user_id` = 27 ORDER BY `id` DESC LIMIT 5 [ RunTime:0.000626s ]
[2026-08-19T09:41:13+08:00][sql] SELECT `b`.*,`g`.`title`,`g`.`cover`,g.status as goods_status,`g`.`end_time` FROM `bid_record` `b` LEFT JOIN `goods` `g` ON `b`.`goods_id`=`g`.`id` WHERE  `b`.`user_id` = '27' ORDER BY `b`.`id` DESC LIMIT 5 [ RunTime:0.000610s ]
[2026-08-19T09:41:13+08:00][sql] SELECT `id`,`nickname`,`mobile`,`reg_time` FROM `user` WHERE  `pid` = 27 ORDER BY `id` DESC LIMIT 10 [ RunTime:0.000611s ]
[2026-08-19T09:41:24+08:00][sql] CONNECT:[ UseTime:0.018257s ] mysql:host=127.0.0.1;port=3306;dbname=auction;charset=utf8mb4
[2026-08-19T09:41:24+08:00][sql] SHOW FULL COLUMNS FROM `goods` [ RunTime:0.001552s ]
[2026-08-19T09:41:24+08:00][sql] SELECT `id` FROM `goods` WHERE  `status` = 1  AND `end_time` <= 1787103684 [ RunTime:0.000817s ]
[2026-08-19T09:41:24+08:00][sql] SHOW FULL COLUMNS FROM `user` [ RunTime:0.001402s ]
[2026-08-19T09:41:24+08:00][sql] SELECT * FROM `user` WHERE  `id` = 27 LIMIT 1 [ RunTime:0.000746s ]
[2026-08-19T09:41:24+08:00][sql] SHOW FULL COLUMNS FROM `setting` [ RunTime:0.001108s ]
[2026-08-19T09:41:24+08:00][sql] SELECT * FROM `setting` [ RunTime:0.000600s ]
[2026-08-19T09:41:24+08:00][sql] SHOW FULL COLUMNS FROM `bid_record` [ RunTime:0.001097s ]
[2026-08-19T09:41:24+08:00][sql] SELECT COUNT(*) AS think_count FROM `bid_record` `b` LEFT JOIN `goods` `g` ON `b`.`goods_id`=`g`.`id` WHERE  `b`.`user_id` = '27' [ RunTime:0.000723s ]
[2026-08-19T09:41:24+08:00][sql] SELECT `b`.*,`g`.`title`,`g`.`cover`,g.status as goods_status,`g`.`end_time`,`g`.`final_price`,`g`.`winner_id` FROM `bid_record` `b` LEFT JOIN `goods` `g` ON `b`.`goods_id`=`g`.`id` WHERE  `b`.`user_id` = '27' ORDER BY `b`.`id` DESC LIMIT 0,15 [ RunTime:0.000753s ]
[2026-08-19T09:41:27+08:00][sql] CONNECT:[ UseTime:0.019976s ] mysql:host=127.0.0.1;port=3306;dbname=auction;charset=utf8mb4
[2026-08-19T09:41:27+08:00][sql] SHOW FULL COLUMNS FROM `goods` [ RunTime:0.002236s ]
[2026-08-19T09:41:27+08:00][sql] SELECT `id` FROM `goods` WHERE  `status` = 1  AND `end_time` <= 1787103687 [ RunTime:0.001010s ]
[2026-08-19T09:41:27+08:00][sql] SHOW FULL COLUMNS FROM `user` [ RunTime:0.001863s ]
[2026-08-19T09:41:27+08:00][sql] SELECT * FROM `user` WHERE  `id` = 27 LIMIT 1 [ RunTime:0.000959s ]
[2026-08-19T09:41:27+08:00][sql] SHOW FULL COLUMNS FROM `setting` [ RunTime:0.001452s ]
[2026-08-19T09:41:27+08:00][sql] SELECT * FROM `setting` [ RunTime:0.000789s ]
[2026-08-19T09:41:27+08:00][sql] SELECT * FROM `user` WHERE  `id` = 27 LIMIT 1 [ RunTime:0.000931s ]
[2026-08-19T09:41:30+08:00][sql] CONNECT:[ UseTime:0.020173s ] mysql:host=127.0.0.1;port=3306;dbname=auction;charset=utf8mb4
[2026-08-19T09:41:30+08:00][sql] SHOW FULL COLUMNS FROM `goods` [ RunTime:0.002060s ]
[2026-08-19T09:41:30+08:00][sql] SELECT `id` FROM `goods` WHERE  `status` = 1  AND `end_time` <= 1787103690 [ RunTime:0.001159s ]
[2026-08-19T09:41:30+08:00][sql] SHOW FULL COLUMNS FROM `user` [ RunTime:0.001876s ]
[2026-08-19T09:41:30+08:00][sql] SELECT * FROM `user` WHERE  `id` = 27 LIMIT 1 [ RunTime:0.001029s ]
[2026-08-19T09:41:30+08:00][sql] SHOW FULL COLUMNS FROM `setting` [ RunTime:0.001639s ]
[2026-08-19T09:41:30+08:00][sql] SELECT * FROM `setting` [ RunTime:0.000822s ]
[2026-08-19T09:41:30+08:00][sql] SELECT * FROM `user` WHERE  `id` = 27 LIMIT 1 [ RunTime:0.001076s ]
[2026-08-19T09:41:31+08:00][sql] CONNECT:[ UseTime:0.012829s ] mysql:host=127.0.0.1;port=3306;dbname=auction;charset=utf8mb4
[2026-08-19T09:41:31+08:00][sql] SHOW FULL COLUMNS FROM `goods` [ RunTime:0.002015s ]
[2026-08-19T09:41:31+08:00][sql] SELECT `id` FROM `goods` WHERE  `status` = 1  AND `end_time` <= 1787103691 [ RunTime:0.000990s ]
[2026-08-19T09:41:31+08:00][sql] SHOW FULL COLUMNS FROM `user` [ RunTime:0.001821s ]
[2026-08-19T09:41:31+08:00][sql] SELECT * FROM `user` WHERE  `id` = 27 LIMIT 1 [ RunTime:0.000969s ]
[2026-08-19T09:41:31+08:00][sql] SHOW FULL COLUMNS FROM `setting` [ RunTime:0.001401s ]
[2026-08-19T09:41:31+08:00][sql] SELECT * FROM `setting` [ RunTime:0.000749s ]
[2026-08-19T09:41:35+08:00][sql] CONNECT:[ UseTime:0.023275s ] mysql:host=127.0.0.1;port=3306;dbname=auction;charset=utf8mb4
[2026-08-19T09:41:35+08:00][sql] SHOW FULL COLUMNS FROM `goods` [ RunTime:0.002360s ]
[2026-08-19T09:41:35+08:00][sql] SELECT `id` FROM `goods` WHERE  `status` = 1  AND `end_time` <= 1787103695 [ RunTime:0.001090s ]
[2026-08-19T09:41:35+08:00][sql] SHOW FULL COLUMNS FROM `user` [ RunTime:0.001838s ]
[2026-08-19T09:41:35+08:00][sql] SELECT * FROM `user` WHERE  `id` = 27 LIMIT 1 [ RunTime:0.001022s ]
[2026-08-19T09:41:35+08:00][sql] SHOW FULL COLUMNS FROM `setting` [ RunTime:0.001530s ]
[2026-08-19T09:41:35+08:00][sql] SELECT * FROM `setting` [ RunTime:0.000857s ]
[2026-08-19T09:41:35+08:00][sql] SHOW FULL COLUMNS FROM `message` [ RunTime:0.001682s ]
[2026-08-19T09:41:35+08:00][sql] SELECT `m`.*,u.nickname as other_name,u.avatar as other_avatar,u.shop_name as other_shop,g.title as goods_title FROM `message` `m` LEFT JOIN `user` `u` ON `m`.`to_uid`=`u`.`id` LEFT JOIN `goods` `g` ON `m`.`goods_id`=`g`.`id` WHERE  `m`.`from_uid` = '27' ORDER BY `m`.`id` DESC [ RunTime:0.001191s ]
[2026-08-19T09:41:35+08:00][sql] SELECT COUNT(*) AS think_count FROM `message` WHERE  `goods_id` = 33  AND `from_uid` = 25  AND `to_uid` = 27  AND `is_read` = 0 [ RunTime:0.001060s ]
[2026-08-19T09:41:35+08:00][sql] SELECT `m`.*,u.nickname as other_name,u.avatar as other_avatar,u.shop_name as other_shop,g.title as goods_title FROM `message` `m` LEFT JOIN `user` `u` ON `m`.`from_uid`=`u`.`id` LEFT JOIN `goods` `g` ON `m`.`goods_id`=`g`.`id` WHERE  `m`.`to_uid` = '27' ORDER BY `m`.`id` DESC [ RunTime:0.001180s ]
[2026-08-19T09:41:35+08:00][sql] SELECT COUNT(*) AS think_count FROM `message` WHERE  `goods_id` = 33  AND `from_uid` = 25  AND `to_uid` = 27  AND `is_read` = 0 [ RunTime:0.000975s ]
[2026-08-19T09:44:22+08:00][sql] CONNECT:[ UseTime:0.019785s ] mysql:host=127.0.0.1;port=3306;dbname=auction;charset=utf8mb4
[2026-08-19T09:44:22+08:00][sql] SHOW FULL COLUMNS FROM `goods` [ RunTime:0.001700s ]
[2026-08-19T09:44:22+08:00][sql] SELECT `id` FROM `goods` WHERE  `status` = 1  AND `end_time` <= 1787103861 [ RunTime:0.001861s ]
[2026-08-19T09:44:22+08:00][sql] SHOW FULL COLUMNS FROM `user` [ RunTime:0.001996s ]
[2026-08-19T09:44:22+08:00][sql] SELECT * FROM `user` WHERE  `id` = 27 LIMIT 1 [ RunTime:0.000865s ]
[2026-08-19T09:44:22+08:00][sql] SHOW FULL COLUMNS FROM `setting` [ RunTime:0.001229s ]
[2026-08-19T09:44:22+08:00][sql] SELECT * FROM `setting` [ RunTime:0.000768s ]
[2026-08-19T09:44:22+08:00][sql] SHOW FULL COLUMNS FROM `bid_record` [ RunTime:0.001261s ]
[2026-08-19T09:44:22+08:00][sql] SELECT COUNT(*) AS think_count FROM `bid_record` WHERE  `user_id` = 27 [ RunTime:0.000703s ]
[2026-08-19T09:44:22+08:00][sql] SHOW FULL COLUMNS FROM `order` [ RunTime:0.001263s ]
[2026-08-19T09:44:22+08:00][sql] SELECT COUNT(*) AS think_count FROM `order` WHERE  `buyer_id` = 27  AND `pay_status` = 1 [ RunTime:0.000686s ]
[2026-08-19T09:44:22+08:00][sql] SELECT COUNT(*) AS think_count FROM `goods` WHERE  `seller_id` = 27  AND `status` = 2 [ RunTime:0.000631s ]
[2026-08-19T09:44:22+08:00][sql] SELECT COUNT(*) AS think_count FROM `goods` WHERE  `seller_id` = 27 [ RunTime:0.000855s ]
[2026-08-19T09:44:22+08:00][sql] SELECT COUNT(*) AS think_count FROM `order` WHERE  `buyer_id` = 27  AND `pay_status` = 0  AND `order_status` = 0 [ RunTime:0.001655s ]
[2026-08-19T09:44:22+08:00][sql] SELECT COUNT(*) AS think_count FROM `order` WHERE  `seller_id` = 27  AND `order_status` = 1 [ RunTime:0.001204s ]
[2026-08-19T09:44:22+08:00][sql] SELECT COUNT(*) AS think_count FROM `order` WHERE  `buyer_id` = 27  AND `order_status` = 0  AND `pay_status` = 0 [ RunTime:0.000715s ]
[2026-08-19T09:44:22+08:00][sql] SELECT COUNT(*) AS think_count FROM `order` WHERE  `buyer_id` = 27  AND `order_status` = 1 [ RunTime:0.000638s ]
[2026-08-19T09:44:22+08:00][sql] SELECT COUNT(*) AS think_count FROM `order` WHERE  `buyer_id` = 27  AND `order_status` = 2 [ RunTime:0.000661s ]
[2026-08-19T09:44:22+08:00][sql] SELECT COUNT(*) AS think_count FROM `order` WHERE  `buyer_id` = 27  AND `order_status` = 3 [ RunTime:0.000640s ]
[2026-08-19T09:44:22+08:00][sql] SELECT COUNT(*) AS think_count FROM `order` WHERE  `seller_id` = 27  AND `order_status` = 1 [ RunTime:0.000666s ]
[2026-08-19T09:44:22+08:00][sql] SHOW FULL COLUMNS FROM `goods_favorite` [ RunTime:0.000983s ]
[2026-08-19T09:44:22+08:00][sql] SELECT COUNT(*) AS think_count FROM `goods_favorite` WHERE  `user_id` = 27 [ RunTime:0.000479s ]
[2026-08-19T09:44:22+08:00][sql] SHOW FULL COLUMNS FROM `seller_follow` [ RunTime:0.000813s ]
[2026-08-19T09:44:22+08:00][sql] SELECT COUNT(*) AS think_count FROM `seller_follow` WHERE  `user_id` = 27 [ RunTime:0.000457s ]
[2026-08-19T09:44:22+08:00][sql] SHOW FULL COLUMNS FROM `browse_history` [ RunTime:0.000785s ]
[2026-08-19T09:44:22+08:00][sql] SELECT COUNT(*) AS think_count FROM `browse_history` WHERE  `user_id` = 27 [ RunTime:0.000462s ]
[2026-08-19T09:44:22+08:00][sql] SHOW FULL COLUMNS FROM `balance_log` [ RunTime:0.000817s ]
[2026-08-19T09:44:22+08:00][sql] SELECT * FROM `balance_log` WHERE  `user_id` = 27 ORDER BY `id` DESC LIMIT 5 [ RunTime:0.000519s ]
[2026-08-19T09:44:22+08:00][sql] SELECT `b`.*,`g`.`title`,`g`.`cover`,g.status as goods_status,`g`.`end_time` FROM `bid_record` `b` LEFT JOIN `goods` `g` ON `b`.`goods_id`=`g`.`id` WHERE  `b`.`user_id` = '27' ORDER BY `b`.`id` DESC LIMIT 5 [ RunTime:0.000575s ]
[2026-08-19T09:44:22+08:00][sql] SELECT `id`,`nickname`,`mobile`,`reg_time` FROM `user` WHERE  `pid` = 27 ORDER BY `id` DESC LIMIT 10 [ RunTime:0.000577s ]
[2026-08-19T09:44:22+08:00][sql] SELECT `value` FROM `setting` WHERE  `name` = 'service_link' LIMIT 1 [ RunTime:0.002166s ]
[2026-08-19T09:55:47+08:00][sql] CONNECT:[ UseTime:0.019926s ] mysql:host=127.0.0.1;port=3306;dbname=auction;charset=utf8mb4
[2026-08-19T09:55:47+08:00][sql] SHOW FULL COLUMNS FROM `goods` [ RunTime:0.002376s ]
[2026-08-19T09:55:47+08:00][sql] SELECT `id` FROM `goods` WHERE  `status` = 1  AND `end_time` <= 1787104547 [ RunTime:0.001061s ]
[2026-08-19T09:55:47+08:00][sql] SHOW FULL COLUMNS FROM `user` [ RunTime:0.001966s ]
[2026-08-19T09:55:47+08:00][sql] SELECT * FROM `user` WHERE  `id` = 25 LIMIT 1 [ RunTime:0.001047s ]
[2026-08-19T09:55:47+08:00][sql] SHOW FULL COLUMNS FROM `setting` [ RunTime:0.001637s ]
[2026-08-19T09:55:47+08:00][sql] SELECT * FROM `setting` [ RunTime:0.000859s ]
[2026-08-19T09:55:47+08:00][sql] SHOW FULL COLUMNS FROM `bid_record` [ RunTime:0.001795s ]
[2026-08-19T09:55:47+08:00][sql] SELECT COUNT(*) AS think_count FROM `bid_record` WHERE  `user_id` = 25 [ RunTime:0.000990s ]
[2026-08-19T09:55:47+08:00][sql] SHOW FULL COLUMNS FROM `order` [ RunTime:0.001723s ]
[2026-08-19T09:55:47+08:00][sql] SELECT COUNT(*) AS think_count FROM `order` WHERE  `buyer_id` = 25  AND `pay_status` = 1 [ RunTime:0.000931s ]
[2026-08-19T09:55:47+08:00][sql] SELECT COUNT(*) AS think_count FROM `goods` WHERE  `seller_id` = 25  AND `status` = 2 [ RunTime:0.003065s ]
[2026-08-19T09:55:47+08:00][sql] SELECT COUNT(*) AS think_count FROM `goods` WHERE  `seller_id` = 25 [ RunTime:0.000878s ]
[2026-08-19T09:55:47+08:00][sql] SELECT COUNT(*) AS think_count FROM `order` WHERE  `buyer_id` = 25  AND `pay_status` = 0  AND `order_status` = 0 [ RunTime:0.000865s ]
[2026-08-19T09:55:47+08:00][sql] SELECT COUNT(*) AS think_count FROM `order` WHERE  `seller_id` = 25  AND `order_status` = 1 [ RunTime:0.000822s ]
[2026-08-19T09:55:47+08:00][sql] SELECT COUNT(*) AS think_count FROM `order` WHERE  `buyer_id` = 25  AND `order_status` = 0  AND `pay_status` = 0 [ RunTime:0.000891s ]
[2026-08-19T09:55:47+08:00][sql] SELECT COUNT(*) AS think_count FROM `order` WHERE  `buyer_id` = 25  AND `order_status` = 1 [ RunTime:0.000911s ]
[2026-08-19T09:55:47+08:00][sql] SELECT COUNT(*) AS think_count FROM `order` WHERE  `buyer_id` = 25  AND `order_status` = 2 [ RunTime:0.000943s ]
[2026-08-19T09:55:47+08:00][sql] SELECT COUNT(*) AS think_count FROM `order` WHERE  `buyer_id` = 25  AND `order_status` = 3 [ RunTime:0.000776s ]
[2026-08-19T09:55:47+08:00][sql] SELECT COUNT(*) AS think_count FROM `order` WHERE  `seller_id` = 25  AND `order_status` = 1 [ RunTime:0.000788s ]
[2026-08-19T09:55:47+08:00][sql] SHOW FULL COLUMNS FROM `goods_favorite` [ RunTime:0.001164s ]
[2026-08-19T09:55:47+08:00][sql] SELECT COUNT(*) AS think_count FROM `goods_favorite` WHERE  `user_id` = 25 [ RunTime:0.000899s ]
[2026-08-19T09:55:47+08:00][sql] SHOW FULL COLUMNS FROM `seller_follow` [ RunTime:0.001477s ]
[2026-08-19T09:55:47+08:00][sql] SELECT COUNT(*) AS think_count FROM `seller_follow` WHERE  `user_id` = 25 [ RunTime:0.000890s ]
[2026-08-19T09:55:47+08:00][sql] SHOW FULL COLUMNS FROM `browse_history` [ RunTime:0.001422s ]
[2026-08-19T09:55:47+08:00][sql] SELECT COUNT(*) AS think_count FROM `browse_history` WHERE  `user_id` = 25 [ RunTime:0.000826s ]
[2026-08-19T09:55:47+08:00][sql] SHOW FULL COLUMNS FROM `balance_log` [ RunTime:0.001403s ]
[2026-08-19T09:55:47+08:00][sql] SELECT * FROM `balance_log` WHERE  `user_id` = 25 ORDER BY `id` DESC LIMIT 5 [ RunTime:0.000881s ]
[2026-08-19T09:55:47+08:00][sql] SELECT `b`.*,`g`.`title`,`g`.`cover`,g.status as goods_status,`g`.`end_time` FROM `bid_record` `b` LEFT JOIN `goods` `g` ON `b`.`goods_id`=`g`.`id` WHERE  `b`.`user_id` = '25' ORDER BY `b`.`id` DESC LIMIT 5 [ RunTime:0.001094s ]
[2026-08-19T09:55:47+08:00][sql] SELECT `id`,`nickname`,`mobile`,`reg_time` FROM `user` WHERE  `pid` = 25 ORDER BY `id` DESC LIMIT 10 [ RunTime:0.000832s ]
[2026-08-19T09:55:47+08:00][sql] SELECT `value` FROM `setting` WHERE  `name` = 'service_link' LIMIT 1 [ RunTime:0.000745s ]
[2026-08-19T09:55:49+08:00][sql] CONNECT:[ UseTime:0.023045s ] mysql:host=127.0.0.1;port=3306;dbname=auction;charset=utf8mb4
[2026-08-19T09:55:49+08:00][sql] SHOW FULL COLUMNS FROM `goods` [ RunTime:0.002312s ]
[2026-08-19T09:55:49+08:00][sql] SELECT `id` FROM `goods` WHERE  `status` = 1  AND `end_time` <= 1787104549 [ RunTime:0.001034s ]
[2026-08-19T09:55:49+08:00][sql] SHOW FULL COLUMNS FROM `user` [ RunTime:0.001951s ]
[2026-08-19T09:55:49+08:00][sql] SELECT * FROM `user` WHERE  `id` = 25 LIMIT 1 [ RunTime:0.001177s ]
[2026-08-19T09:55:49+08:00][sql] SHOW FULL COLUMNS FROM `setting` [ RunTime:0.001549s ]
[2026-08-19T09:55:49+08:00][sql] SELECT * FROM `setting` [ RunTime:0.000809s ]
[2026-08-19T09:55:50+08:00][sql] CONNECT:[ UseTime:0.021140s ] mysql:host=127.0.0.1;port=3306;dbname=auction;charset=utf8mb4
[2026-08-19T09:55:50+08:00][sql] SHOW FULL COLUMNS FROM `goods` [ RunTime:0.002229s ]
[2026-08-19T09:55:50+08:00][sql] SELECT `id` FROM `goods` WHERE  `status` = 1  AND `end_time` <= 1787104550 [ RunTime:0.001066s ]
[2026-08-19T09:55:50+08:00][sql] SHOW FULL COLUMNS FROM `setting` [ RunTime:0.001585s ]
[2026-08-19T09:55:50+08:00][sql] SELECT * FROM `setting` [ RunTime:0.000889s ]
[2026-08-19T09:55:50+08:00][sql] SELECT COUNT(*) AS think_count FROM `goods` `g` LEFT JOIN `user` `u` ON `g`.`seller_id`=`u`.`id` WHERE  `g`.`status` = '1'  AND `g`.`start_time` <= '1787104550'  AND `g`.`end_time` > '1787104550' [ RunTime:0.001057s ]
[2026-08-19T09:55:50+08:00][sql] SELECT `g`.*,u.nickname as seller_name FROM `goods` `g` LEFT JOIN `user` `u` ON `g`.`seller_id`=`u`.`id` WHERE  `g`.`status` = '1'  AND `g`.`start_time` <= '1787104550'  AND `g`.`end_time` > '1787104550' ORDER BY `g`.`end_time` ASC,`g`.`id` DESC LIMIT 0,10 [ RunTime:0.001205s ]
[2026-08-19T09:55:50+08:00][sql] SHOW FULL COLUMNS FROM `bid_record` [ RunTime:0.001524s ]
[2026-08-19T09:55:50+08:00][sql] SELECT MAX(`price`) AS think_max FROM `bid_record` WHERE  `goods_id` = 28  AND `status` = 0 [ RunTime:0.001062s ]
[2026-08-19T09:55:50+08:00][sql] SELECT MAX(`price`) AS think_max FROM `bid_record` WHERE  `goods_id` = 33  AND `status` = 0 [ RunTime:0.000925s ]
[2026-08-19T09:55:50+08:00][sql] SELECT MAX(`price`) AS think_max FROM `bid_record` WHERE  `goods_id` = 30  AND `status` = 0 [ RunTime:0.000895s ]
[2026-08-19T09:55:50+08:00][sql] SHOW FULL COLUMNS FROM `category` [ RunTime:0.001597s ]
[2026-08-19T09:55:50+08:00][sql] SELECT * FROM `category` WHERE  `status` = 1 ORDER BY `sort` ASC [ RunTime:0.001039s ]
[2026-08-19T09:55:50+08:00][sql] SELECT `b`.`price`,`b`.`create_time`,`g`.`title`,`u`.`nickname` FROM `bid_record` `b` LEFT JOIN `goods` `g` ON `b`.`goods_id`=`g`.`id` LEFT JOIN `user` `u` ON `b`.`user_id`=`u`.`id` WHERE  `b`.`status` = '1' ORDER BY `b`.`id` DESC LIMIT 5 [ RunTime:0.001035s ]
[2026-08-19T09:55:50+08:00][sql] SHOW FULL COLUMNS FROM `news` [ RunTime:0.001533s ]
[2026-08-19T09:55:50+08:00][sql] SELECT `id`,`title`,`create_time` FROM `news` WHERE  `status` = 1 ORDER BY `id` DESC LIMIT 3 [ RunTime:0.000859s ]
[2026-08-19T09:55:50+08:00][sql] SHOW FULL COLUMNS FROM `banner` [ RunTime:0.001455s ]
[2026-08-19T09:55:50+08:00][sql] SELECT * FROM `banner` WHERE  `status` = 1 ORDER BY `sort` ASC,`id` ASC [ RunTime:0.000872s ]
[2026-08-19T09:55:52+08:00][sql] CONNECT:[ UseTime:0.003784s ] mysql:host=127.0.0.1;port=3306;dbname=auction;charset=utf8mb4
[2026-08-19T09:55:52+08:00][sql] SHOW FULL COLUMNS FROM `goods` [ RunTime:0.001583s ]
[2026-08-19T09:55:52+08:00][sql] SELECT `id` FROM `goods` WHERE  `status` = 1  AND `end_time` <= 1787104552 [ RunTime:0.000872s ]
[2026-08-19T09:55:52+08:00][sql] SHOW FULL COLUMNS FROM `setting` [ RunTime:0.001368s ]
[2026-08-19T09:55:52+08:00][sql] SELECT * FROM `setting` [ RunTime:0.000774s ]
[2026-08-19T09:55:52+08:00][sql] CONNECT:[ UseTime:0.002438s ] mysql:host=127.0.0.1;port=3306;dbname=auction;charset=utf8mb4
[2026-08-19T09:55:52+08:00][sql] SHOW FULL COLUMNS FROM `goods` [ RunTime:0.001797s ]
[2026-08-19T09:55:52+08:00][sql] SELECT `id` FROM `goods` WHERE  `status` = 1  AND `end_time` <= 1787104552 [ RunTime:0.000875s ]
[2026-08-19T09:55:52+08:00][sql] SHOW FULL COLUMNS FROM `setting` [ RunTime:0.001388s ]
[2026-08-19T09:55:52+08:00][sql] SELECT * FROM `setting` [ RunTime:0.000774s ]
[2026-08-19T09:55:53+08:00][sql] CONNECT:[ UseTime:0.017612s ] mysql:host=127.0.0.1;port=3306;dbname=auction;charset=utf8mb4
[2026-08-19T09:55:53+08:00][sql] SHOW FULL COLUMNS FROM `goods` [ RunTime:0.002285s ]
[2026-08-19T09:55:53+08:00][sql] SELECT `id` FROM `goods` WHERE  `status` = 1  AND `end_time` <= 1787104553 [ RunTime:0.001041s ]
[2026-08-19T09:55:53+08:00][sql] SHOW FULL COLUMNS FROM `setting` [ RunTime:0.001572s ]
[2026-08-19T09:55:53+08:00][sql] SELECT * FROM `setting` [ RunTime:0.000981s ]
[2026-08-19T09:56:01+08:00][sql] CONNECT:[ UseTime:0.016868s ] mysql:host=127.0.0.1;port=3306;dbname=auction;charset=utf8mb4
[2026-08-19T09:56:01+08:00][sql] SHOW FULL COLUMNS FROM `goods` [ RunTime:0.002312s ]
[2026-08-19T09:56:01+08:00][sql] SELECT `id` FROM `goods` WHERE  `status` = 1  AND `end_time` <= 1787104561 [ RunTime:0.001077s ]
[2026-08-19T09:56:01+08:00][sql] SHOW FULL COLUMNS FROM `setting` [ RunTime:0.001685s ]
[2026-08-19T09:56:01+08:00][sql] SELECT * FROM `setting` [ RunTime:0.000879s ]
[2026-08-19T09:56:04+08:00][sql] CONNECT:[ UseTime:0.013391s ] mysql:host=127.0.0.1;port=3306;dbname=auction;charset=utf8mb4
[2026-08-19T09:56:04+08:00][sql] SHOW FULL COLUMNS FROM `goods` [ RunTime:0.002334s ]
[2026-08-19T09:56:04+08:00][sql] SELECT `id` FROM `goods` WHERE  `status` = 1  AND `end_time` <= 1787104564 [ RunTime:0.001188s ]
[2026-08-19T09:56:04+08:00][sql] SHOW FULL COLUMNS FROM `user` [ RunTime:0.002101s ]
[2026-08-19T09:56:04+08:00][sql] SELECT * FROM `user` WHERE  `id` = 27 LIMIT 1 [ RunTime:0.001066s ]
[2026-08-19T09:56:04+08:00][sql] SHOW FULL COLUMNS FROM `setting` [ RunTime:0.001558s ]
[2026-08-19T09:56:04+08:00][sql] SELECT * FROM `setting` [ RunTime:0.000895s ]
[2026-08-19T09:56:04+08:00][sql] SHOW FULL COLUMNS FROM `bid_record` [ RunTime:0.001801s ]
[2026-08-19T09:56:04+08:00][sql] SELECT COUNT(*) AS think_count FROM `bid_record` WHERE  `user_id` = 27 [ RunTime:0.000990s ]
[2026-08-19T09:56:04+08:00][sql] SHOW FULL COLUMNS FROM `order` [ RunTime:0.001720s ]
[2026-08-19T09:56:04+08:00][sql] SELECT COUNT(*) AS think_count FROM `order` WHERE  `buyer_id` = 27  AND `pay_status` = 1 [ RunTime:0.000947s ]
[2026-08-19T09:56:04+08:00][sql] SELECT COUNT(*) AS think_count FROM `goods` WHERE  `seller_id` = 27  AND `status` = 2 [ RunTime:0.000913s ]
[2026-08-19T09:56:04+08:00][sql] SELECT COUNT(*) AS think_count FROM `goods` WHERE  `seller_id` = 27 [ RunTime:0.000872s ]
[2026-08-19T09:56:04+08:00][sql] SELECT COUNT(*) AS think_count FROM `order` WHERE  `buyer_id` = 27  AND `pay_status` = 0  AND `order_status` = 0 [ RunTime:0.000930s ]
[2026-08-19T09:56:04+08:00][sql] SELECT COUNT(*) AS think_count FROM `order` WHERE  `seller_id` = 27  AND `order_status` = 1 [ RunTime:0.000892s ]
[2026-08-19T09:56:04+08:00][sql] SELECT COUNT(*) AS think_count FROM `order` WHERE  `buyer_id` = 27  AND `order_status` = 0  AND `pay_status` = 0 [ RunTime:0.000866s ]
[2026-08-19T09:56:04+08:00][sql] SELECT COUNT(*) AS think_count FROM `order` WHERE  `buyer_id` = 27  AND `order_status` = 1 [ RunTime:0.000877s ]
[2026-08-19T09:56:04+08:00][sql] SELECT COUNT(*) AS think_count FROM `order` WHERE  `buyer_id` = 27  AND `order_status` = 2 [ RunTime:0.000845s ]
[2026-08-19T09:56:04+08:00][sql] SELECT COUNT(*) AS think_count FROM `order` WHERE  `buyer_id` = 27  AND `order_status` = 3 [ RunTime:0.000990s ]
[2026-08-19T09:56:04+08:00][sql] SELECT COUNT(*) AS think_count FROM `order` WHERE  `seller_id` = 27  AND `order_status` = 1 [ RunTime:0.000850s ]
[2026-08-19T09:56:04+08:00][sql] SHOW FULL COLUMNS FROM `goods_favorite` [ RunTime:0.001557s ]
[2026-08-19T09:56:04+08:00][sql] SELECT COUNT(*) AS think_count FROM `goods_favorite` WHERE  `user_id` = 27 [ RunTime:0.000884s ]
[2026-08-19T09:56:04+08:00][sql] SHOW FULL COLUMNS FROM `seller_follow` [ RunTime:0.001486s ]
[2026-08-19T09:56:04+08:00][sql] SELECT COUNT(*) AS think_count FROM `seller_follow` WHERE  `user_id` = 27 [ RunTime:0.000862s ]
[2026-08-19T09:56:04+08:00][sql] SHOW FULL COLUMNS FROM `browse_history` [ RunTime:0.001438s ]
[2026-08-19T09:56:04+08:00][sql] SELECT COUNT(*) AS think_count FROM `browse_history` WHERE  `user_id` = 27 [ RunTime:0.000855s ]
[2026-08-19T09:56:04+08:00][sql] SHOW FULL COLUMNS FROM `balance_log` [ RunTime:0.001397s ]
[2026-08-19T09:56:04+08:00][sql] SELECT * FROM `balance_log` WHERE  `user_id` = 27 ORDER BY `id` DESC LIMIT 5 [ RunTime:0.000851s ]
[2026-08-19T09:56:04+08:00][sql] SELECT `b`.*,`g`.`title`,`g`.`cover`,g.status as goods_status,`g`.`end_time` FROM `bid_record` `b` LEFT JOIN `goods` `g` ON `b`.`goods_id`=`g`.`id` WHERE  `b`.`user_id` = '27' ORDER BY `b`.`id` DESC LIMIT 5 [ RunTime:0.000994s ]
[2026-08-19T09:56:04+08:00][sql] SELECT `id`,`nickname`,`mobile`,`reg_time` FROM `user` WHERE  `pid` = 27 ORDER BY `id` DESC LIMIT 10 [ RunTime:0.000837s ]
[2026-08-19T09:56:04+08:00][sql] SELECT `value` FROM `setting` WHERE  `name` = 'service_link' LIMIT 1 [ RunTime:0.000844s ]
[2026-08-19T09:56:06+08:00][sql] CONNECT:[ UseTime:0.015208s ] mysql:host=127.0.0.1;port=3306;dbname=auction;charset=utf8mb4
[2026-08-19T09:56:06+08:00][sql] SHOW FULL COLUMNS FROM `goods` [ RunTime:0.002380s ]
[2026-08-19T09:56:06+08:00][sql] SELECT `id` FROM `goods` WHERE  `status` = 1  AND `end_time` <= 1787104566 [ RunTime:0.001103s ]
[2026-08-19T09:56:06+08:00][sql] SHOW FULL COLUMNS FROM `user` [ RunTime:0.002018s ]
[2026-08-19T09:56:06+08:00][sql] SELECT * FROM `user` WHERE  `id` = 27 LIMIT 1 [ RunTime:0.001115s ]
[2026-08-19T09:56:06+08:00][sql] SHOW FULL COLUMNS FROM `setting` [ RunTime:0.001628s ]
[2026-08-19T09:56:06+08:00][sql] SELECT * FROM `setting` [ RunTime:0.000911s ]
[2026-08-19T09:56:06+08:00][sql] CONNECT:[ UseTime:0.019054s ] mysql:host=127.0.0.1;port=3306;dbname=auction;charset=utf8mb4
[2026-08-19T09:56:06+08:00][sql] SHOW FULL COLUMNS FROM `goods` [ RunTime:0.001705s ]
[2026-08-19T09:56:06+08:00][sql] SELECT `id` FROM `goods` WHERE  `status` = 1  AND `end_time` <= 1787104566 [ RunTime:0.000861s ]
[2026-08-19T09:56:06+08:00][sql] SHOW FULL COLUMNS FROM `setting` [ RunTime:0.001230s ]
[2026-08-19T09:56:06+08:00][sql] SELECT * FROM `setting` [ RunTime:0.000663s ]
[2026-08-19T09:56:06+08:00][sql] SELECT COUNT(*) AS think_count FROM `goods` `g` LEFT JOIN `user` `u` ON `g`.`seller_id`=`u`.`id` WHERE  `g`.`status` = '1'  AND `g`.`start_time` <= '1787104566'  AND `g`.`end_time` > '1787104566' [ RunTime:0.001004s ]
[2026-08-19T09:56:06+08:00][sql] SELECT `g`.*,u.nickname as seller_name FROM `goods` `g` LEFT JOIN `user` `u` ON `g`.`seller_id`=`u`.`id` WHERE  `g`.`status` = '1'  AND `g`.`start_time` <= '1787104566'  AND `g`.`end_time` > '1787104566' ORDER BY `g`.`end_time` ASC,`g`.`id` DESC LIMIT 0,10 [ RunTime:0.001148s ]
[2026-08-19T09:56:06+08:00][sql] SHOW FULL COLUMNS FROM `bid_record` [ RunTime:0.001436s ]
[2026-08-19T09:56:06+08:00][sql] SELECT MAX(`price`) AS think_max FROM `bid_record` WHERE  `goods_id` = 28  AND `status` = 0 [ RunTime:0.000903s ]
[2026-08-19T09:56:06+08:00][sql] SELECT MAX(`price`) AS think_max FROM `bid_record` WHERE  `goods_id` = 33  AND `status` = 0 [ RunTime:0.000908s ]
[2026-08-19T09:56:06+08:00][sql] SELECT MAX(`price`) AS think_max FROM `bid_record` WHERE  `goods_id` = 30  AND `status` = 0 [ RunTime:0.000845s ]
[2026-08-19T09:56:06+08:00][sql] SHOW FULL COLUMNS FROM `category` [ RunTime:0.001672s ]
[2026-08-19T09:56:06+08:00][sql] SELECT * FROM `category` WHERE  `status` = 1 ORDER BY `sort` ASC [ RunTime:0.000964s ]
[2026-08-19T09:56:06+08:00][sql] SELECT `b`.`price`,`b`.`create_time`,`g`.`title`,`u`.`nickname` FROM `bid_record` `b` LEFT JOIN `goods` `g` ON `b`.`goods_id`=`g`.`id` LEFT JOIN `user` `u` ON `b`.`user_id`=`u`.`id` WHERE  `b`.`status` = '1' ORDER BY `b`.`id` DESC LIMIT 5 [ RunTime:0.001040s ]
[2026-08-19T09:56:06+08:00][sql] SHOW FULL COLUMNS FROM `news` [ RunTime:0.001561s ]
[2026-08-19T09:56:06+08:00][sql] SELECT `id`,`title`,`create_time` FROM `news` WHERE  `status` = 1 ORDER BY `id` DESC LIMIT 3 [ RunTime:0.000891s ]
[2026-08-19T09:56:06+08:00][sql] SHOW FULL COLUMNS FROM `banner` [ RunTime:0.001549s ]
[2026-08-19T09:56:06+08:00][sql] SELECT * FROM `banner` WHERE  `status` = 1 ORDER BY `sort` ASC,`id` ASC [ RunTime:0.000873s ]
[2026-08-19T09:56:08+08:00][sql] CONNECT:[ UseTime:0.023011s ] mysql:host=127.0.0.1;port=3306;dbname=auction;charset=utf8mb4
[2026-08-19T09:56:08+08:00][sql] SHOW FULL COLUMNS FROM `goods` [ RunTime:0.001846s ]
[2026-08-19T09:56:08+08:00][sql] SELECT `id` FROM `goods` WHERE  `status` = 1  AND `end_time` <= 1787104568 [ RunTime:0.001089s ]
[2026-08-19T09:56:08+08:00][sql] SHOW FULL COLUMNS FROM `setting` [ RunTime:0.001686s ]
[2026-08-19T09:56:08+08:00][sql] SELECT * FROM `setting` [ RunTime:0.000939s ]
[2026-08-19T09:56:08+08:00][sql] CONNECT:[ UseTime:0.009421s ] mysql:host=127.0.0.1;port=3306;dbname=auction;charset=utf8mb4
[2026-08-19T09:56:08+08:00][sql] SHOW FULL COLUMNS FROM `goods` [ RunTime:0.002278s ]
[2026-08-19T09:56:08+08:00][sql] SELECT `id` FROM `goods` WHERE  `status` = 1  AND `end_time` <= 1787104568 [ RunTime:0.001123s ]
[2026-08-19T09:56:08+08:00][sql] SHOW FULL COLUMNS FROM `setting` [ RunTime:0.001625s ]
[2026-08-19T09:56:08+08:00][sql] SELECT * FROM `setting` [ RunTime:0.000830s ]
[2026-08-19T09:56:10+08:00][sql] CONNECT:[ UseTime:0.011722s ] mysql:host=127.0.0.1;port=3306;dbname=auction;charset=utf8mb4
[2026-08-19T09:56:10+08:00][sql] SHOW FULL COLUMNS FROM `goods` [ RunTime:0.001177s ]
[2026-08-19T09:56:10+08:00][sql] SELECT `id` FROM `goods` WHERE  `status` = 1  AND `end_time` <= 1787104569 [ RunTime:0.000690s ]
[2026-08-19T09:56:10+08:00][sql] SHOW FULL COLUMNS FROM `setting` [ RunTime:0.001051s ]
[2026-08-19T09:56:10+08:00][sql] SELECT * FROM `setting` [ RunTime:0.000654s ]
[2026-08-19T09:56:10+08:00][sql] CONNECT:[ UseTime:0.026558s ] mysql:host=127.0.0.1;port=3306;dbname=auction;charset=utf8mb4
[2026-08-19T09:56:10+08:00][sql] SHOW FULL COLUMNS FROM `goods` [ RunTime:0.001683s ]
[2026-08-19T09:56:10+08:00][sql] SELECT `id` FROM `goods` WHERE  `status` = 1  AND `end_time` <= 1787104570 [ RunTime:0.000944s ]
[2026-08-19T09:56:10+08:00][sql] SHOW FULL COLUMNS FROM `setting` [ RunTime:0.001337s ]
[2026-08-19T09:56:10+08:00][sql] SELECT * FROM `setting` [ RunTime:0.000666s ]
[2026-08-19T09:56:10+08:00][sql] CONNECT:[ UseTime:0.020972s ] mysql:host=127.0.0.1;port=3306;dbname=auction;charset=utf8mb4
[2026-08-19T09:56:10+08:00][sql] SHOW FULL COLUMNS FROM `goods` [ RunTime:0.001241s ]
[2026-08-19T09:56:10+08:00][sql] SELECT `id` FROM `goods` WHERE  `status` = 1  AND `end_time` <= 1787104570 [ RunTime:0.000803s ]
[2026-08-19T09:56:10+08:00][sql] SHOW FULL COLUMNS FROM `setting` [ RunTime:0.001128s ]
[2026-08-19T09:56:10+08:00][sql] SELECT * FROM `setting` [ RunTime:0.000594s ]
[2026-08-19T09:56:14+08:00][sql] CONNECT:[ UseTime:0.003554s ] mysql:host=127.0.0.1;port=3306;dbname=auction;charset=utf8mb4
[2026-08-19T09:56:14+08:00][sql] SHOW FULL COLUMNS FROM `goods` [ RunTime:0.001540s ]
[2026-08-19T09:56:14+08:00][sql] SELECT `id` FROM `goods` WHERE  `status` = 1  AND `end_time` <= 1787104574 [ RunTime:0.000688s ]
[2026-08-19T09:56:14+08:00][sql] SHOW FULL COLUMNS FROM `setting` [ RunTime:0.001060s ]
[2026-08-19T09:56:14+08:00][sql] SELECT * FROM `setting` [ RunTime:0.000663s ]
[2026-08-19T09:56:25+08:00][sql] CONNECT:[ UseTime:0.016231s ] mysql:host=127.0.0.1;port=3306;dbname=auction;charset=utf8mb4
[2026-08-19T09:56:25+08:00][sql] SHOW FULL COLUMNS FROM `goods` [ RunTime:0.001797s ]
[2026-08-19T09:56:25+08:00][sql] SELECT `id` FROM `goods` WHERE  `status` = 1  AND `end_time` <= 1787104585 [ RunTime:0.001107s ]
[2026-08-19T09:56:25+08:00][sql] SHOW FULL COLUMNS FROM `setting` [ RunTime:0.001692s ]
[2026-08-19T09:56:25+08:00][sql] SELECT * FROM `setting` [ RunTime:0.000923s ]
[2026-08-19T09:56:25+08:00][sql] CONNECT:[ UseTime:0.014397s ] mysql:host=127.0.0.1;port=3306;dbname=auction;charset=utf8mb4
[2026-08-19T09:56:25+08:00][sql] SHOW FULL COLUMNS FROM `goods` [ RunTime:0.002099s ]
[2026-08-19T09:56:25+08:00][sql] SELECT `id` FROM `goods` WHERE  `status` = 1  AND `end_time` <= 1787104585 [ RunTime:0.000843s ]
[2026-08-19T09:56:25+08:00][sql] SHOW FULL COLUMNS FROM `setting` [ RunTime:0.001430s ]
[2026-08-19T09:56:25+08:00][sql] SELECT * FROM `setting` [ RunTime:0.001153s ]
[2026-08-19T09:56:32+08:00][sql] CONNECT:[ UseTime:0.008533s ] mysql:host=127.0.0.1;port=3306;dbname=auction;charset=utf8mb4
[2026-08-19T09:56:32+08:00][sql] SHOW FULL COLUMNS FROM `goods` [ RunTime:0.001707s ]
[2026-08-19T09:56:32+08:00][sql] SELECT `id` FROM `goods` WHERE  `status` = 1  AND `end_time` <= 1787104592 [ RunTime:0.000918s ]
[2026-08-19T09:56:32+08:00][sql] SHOW FULL COLUMNS FROM `setting` [ RunTime:0.001548s ]
[2026-08-19T09:56:32+08:00][sql] SELECT * FROM `setting` [ RunTime:0.000877s ]
[2026-08-19T09:56:36+08:00][sql] CONNECT:[ UseTime:0.018812s ] mysql:host=127.0.0.1;port=3306;dbname=auction;charset=utf8mb4
[2026-08-19T09:56:36+08:00][sql] SHOW FULL COLUMNS FROM `goods` [ RunTime:0.001815s ]
[2026-08-19T09:56:36+08:00][sql] SELECT `id` FROM `goods` WHERE  `status` = 1  AND `end_time` <= 1787104596 [ RunTime:0.000982s ]
[2026-08-19T09:56:36+08:00][sql] SHOW FULL COLUMNS FROM `setting` [ RunTime:0.001587s ]
[2026-08-19T09:56:36+08:00][sql] SELECT * FROM `setting` [ RunTime:0.000729s ]
[2026-08-19T09:58:57+08:00][sql] CONNECT:[ UseTime:0.003247s ] mysql:host=127.0.0.1;port=3306;dbname=auction;charset=utf8mb4
[2026-08-19T09:58:57+08:00][sql] SHOW FULL COLUMNS FROM `goods` [ RunTime:0.001930s ]
[2026-08-19T09:58:57+08:00][sql] SELECT `id` FROM `goods` WHERE  `status` = 1  AND `end_time` <= 1787104737 [ RunTime:0.000939s ]
[2026-08-19T09:58:57+08:00][sql] SHOW FULL COLUMNS FROM `setting` [ RunTime:0.001470s ]
[2026-08-19T09:58:57+08:00][sql] SELECT * FROM `setting` [ RunTime:0.000796s ]
[2026-08-19T09:59:08+08:00][sql] CONNECT:[ UseTime:0.011034s ] mysql:host=127.0.0.1;port=3306;dbname=auction;charset=utf8mb4
[2026-08-19T09:59:08+08:00][sql] SHOW FULL COLUMNS FROM `goods` [ RunTime:0.001467s ]
[2026-08-19T09:59:08+08:00][sql] SELECT `id` FROM `goods` WHERE  `status` = 1  AND `end_time` <= 1787104748 [ RunTime:0.000734s ]
[2026-08-19T09:59:08+08:00][sql] SHOW FULL COLUMNS FROM `setting` [ RunTime:0.001045s ]
[2026-08-19T09:59:08+08:00][sql] SELECT * FROM `setting` [ RunTime:0.000659s ]
[2026-08-19T09:59:08+08:00][sql] SHOW FULL COLUMNS FROM `user` [ RunTime:0.001214s ]
[2026-08-19T09:59:08+08:00][sql] SELECT * FROM `user` WHERE  `mobile` = '13332333223' LIMIT 1 [ RunTime:0.000694s ]
[2026-08-19T09:59:08+08:00][sql] SELECT * FROM `user` WHERE  `invite_code` = '111' LIMIT 1 [ RunTime:0.000714s ]
[2026-08-19T09:59:22+08:00][sql] CONNECT:[ UseTime:0.022210s ] mysql:host=127.0.0.1;port=3306;dbname=auction;charset=utf8mb4
[2026-08-19T09:59:22+08:00][sql] SHOW FULL COLUMNS FROM `goods` [ RunTime:0.002277s ]
[2026-08-19T09:59:22+08:00][sql] SELECT `id` FROM `goods` WHERE  `status` = 1  AND `end_time` <= 1787104762 [ RunTime:0.001054s ]
[2026-08-19T09:59:22+08:00][sql] SHOW FULL COLUMNS FROM `setting` [ RunTime:0.001615s ]
[2026-08-19T09:59:22+08:00][sql] SELECT * FROM `setting` [ RunTime:0.000860s ]
[2026-08-19T09:59:23+08:00][sql] CONNECT:[ UseTime:0.018097s ] mysql:host=127.0.0.1;port=3306;dbname=auction;charset=utf8mb4
[2026-08-19T09:59:23+08:00][sql] SHOW FULL COLUMNS FROM `goods` [ RunTime:0.002132s ]
[2026-08-19T09:59:23+08:00][sql] SELECT `id` FROM `goods` WHERE  `status` = 1  AND `end_time` <= 1787104763 [ RunTime:0.001004s ]
[2026-08-19T09:59:23+08:00][sql] SHOW FULL COLUMNS FROM `setting` [ RunTime:0.001556s ]
[2026-08-19T09:59:23+08:00][sql] SELECT * FROM `setting` [ RunTime:0.000986s ]
[2026-08-19T09:59:42+08:00][sql] CONNECT:[ UseTime:0.025300s ] mysql:host=127.0.0.1;port=3306;dbname=auction;charset=utf8mb4
[2026-08-19T09:59:42+08:00][sql] SHOW FULL COLUMNS FROM `goods` [ RunTime:0.002251s ]
[2026-08-19T09:59:42+08:00][sql] SELECT `id` FROM `goods` WHERE  `status` = 1  AND `end_time` <= 1787104782 [ RunTime:0.001074s ]
[2026-08-19T09:59:42+08:00][sql] SHOW FULL COLUMNS FROM `setting` [ RunTime:0.001674s ]
[2026-08-19T09:59:42+08:00][sql] SELECT * FROM `setting` [ RunTime:0.000891s ]
[2026-08-19T10:04:01+08:00][sql] CONNECT:[ UseTime:0.011666s ] mysql:host=127.0.0.1;port=3306;dbname=auction;charset=utf8mb4
[2026-08-19T10:04:01+08:00][sql] SHOW FULL COLUMNS FROM `goods` [ RunTime:0.001992s ]
[2026-08-19T10:04:01+08:00][sql] SELECT `id` FROM `goods` WHERE  `status` = 1  AND `end_time` <= 1787105041 [ RunTime:0.001079s ]
[2026-08-19T10:04:01+08:00][sql] SHOW FULL COLUMNS FROM `setting` [ RunTime:0.001669s ]
[2026-08-19T10:04:01+08:00][sql] SELECT * FROM `setting` [ RunTime:0.000935s ]
[2026-08-19T10:04:07+08:00][sql] CONNECT:[ UseTime:0.010339s ] mysql:host=127.0.0.1;port=3306;dbname=auction;charset=utf8mb4
[2026-08-19T10:04:07+08:00][sql] SHOW FULL COLUMNS FROM `goods` [ RunTime:0.002166s ]
[2026-08-19T10:04:07+08:00][sql] SELECT `id` FROM `goods` WHERE  `status` = 1  AND `end_time` <= 1787105047 [ RunTime:0.000874s ]
[2026-08-19T10:04:07+08:00][sql] SHOW FULL COLUMNS FROM `setting` [ RunTime:0.001322s ]
[2026-08-19T10:04:07+08:00][sql] SELECT * FROM `setting` [ RunTime:0.000747s ]
[2026-08-19T10:04:09+08:00][sql] CONNECT:[ UseTime:0.025638s ] mysql:host=127.0.0.1;port=3306;dbname=auction;charset=utf8mb4
[2026-08-19T10:04:09+08:00][sql] SHOW FULL COLUMNS FROM `goods` [ RunTime:0.001884s ]
[2026-08-19T10:04:09+08:00][sql] SELECT `id` FROM `goods` WHERE  `status` = 1  AND `end_time` <= 1787105049 [ RunTime:0.000897s ]
[2026-08-19T10:04:09+08:00][sql] SHOW FULL COLUMNS FROM `setting` [ RunTime:0.001184s ]
[2026-08-19T10:04:09+08:00][sql] SELECT * FROM `setting` [ RunTime:0.000679s ]
[2026-08-19T10:04:09+08:00][sql] SELECT `value` FROM `setting` WHERE  `name` = 'user_protocol' LIMIT 1 [ RunTime:0.000678s ]
[2026-08-19T10:04:34+08:00][sql] CONNECT:[ UseTime:0.006520s ] mysql:host=127.0.0.1;port=3306;dbname=auction;charset=utf8mb4
[2026-08-19T10:04:34+08:00][sql] SHOW FULL COLUMNS FROM `goods` [ RunTime:0.001361s ]
[2026-08-19T10:04:34+08:00][sql] SELECT `id` FROM `goods` WHERE  `status` = 1  AND `end_time` <= 1787105074 [ RunTime:0.000565s ]
[2026-08-19T10:04:34+08:00][sql] SHOW FULL COLUMNS FROM `setting` [ RunTime:0.001794s ]
[2026-08-19T10:04:34+08:00][sql] SELECT * FROM `setting` [ RunTime:0.000936s ]
[2026-08-19T10:04:38+08:00][sql] CONNECT:[ UseTime:0.015940s ] mysql:host=127.0.0.1;port=3306;dbname=auction;charset=utf8mb4
[2026-08-19T10:04:38+08:00][sql] SHOW FULL COLUMNS FROM `goods` [ RunTime:0.001484s ]
[2026-08-19T10:04:38+08:00][sql] SELECT `id` FROM `goods` WHERE  `status` = 1  AND `end_time` <= 1787105078 [ RunTime:0.000716s ]
[2026-08-19T10:04:38+08:00][sql] SHOW FULL COLUMNS FROM `setting` [ RunTime:0.001100s ]
[2026-08-19T10:04:38+08:00][sql] SELECT * FROM `setting` [ RunTime:0.000637s ]
[2026-08-19T10:04:40+08:00][sql] CONNECT:[ UseTime:0.002127s ] mysql:host=127.0.0.1;port=3306;dbname=auction;charset=utf8mb4
[2026-08-19T10:04:40+08:00][sql] SHOW FULL COLUMNS FROM `goods` [ RunTime:0.001725s ]
[2026-08-19T10:04:40+08:00][sql] SELECT `id` FROM `goods` WHERE  `status` = 1  AND `end_time` <= 1787105080 [ RunTime:0.000844s ]
[2026-08-19T10:04:40+08:00][sql] SHOW FULL COLUMNS FROM `setting` [ RunTime:0.001436s ]
[2026-08-19T10:04:40+08:00][sql] SELECT * FROM `setting` [ RunTime:0.000900s ]
[2026-08-19T10:04:40+08:00][sql] SELECT COUNT(*) AS think_count FROM `goods` `g` LEFT JOIN `user` `u` ON `g`.`seller_id`=`u`.`id` WHERE  `g`.`status` = '1'  AND `g`.`start_time` <= '1787105080'  AND `g`.`end_time` > '1787105080' [ RunTime:0.001010s ]
[2026-08-19T10:04:40+08:00][sql] SELECT `g`.*,u.nickname as seller_name FROM `goods` `g` LEFT JOIN `user` `u` ON `g`.`seller_id`=`u`.`id` WHERE  `g`.`status` = '1'  AND `g`.`start_time` <= '1787105080'  AND `g`.`end_time` > '1787105080' ORDER BY `g`.`end_time` ASC,`g`.`id` DESC LIMIT 0,10 [ RunTime:0.001157s ]
[2026-08-19T10:04:40+08:00][sql] SHOW FULL COLUMNS FROM `bid_record` [ RunTime:0.001357s ]
[2026-08-19T10:04:40+08:00][sql] SELECT MAX(`price`) AS think_max FROM `bid_record` WHERE  `goods_id` = 28  AND `status` = 0 [ RunTime:0.000870s ]
[2026-08-19T10:04:40+08:00][sql] SELECT MAX(`price`) AS think_max FROM `bid_record` WHERE  `goods_id` = 33  AND `status` = 0 [ RunTime:0.000883s ]
[2026-08-19T10:04:40+08:00][sql] SELECT MAX(`price`) AS think_max FROM `bid_record` WHERE  `goods_id` = 30  AND `status` = 0 [ RunTime:0.000773s ]
[2026-08-19T10:04:40+08:00][sql] SHOW FULL COLUMNS FROM `category` [ RunTime:0.001340s ]
[2026-08-19T10:04:40+08:00][sql] SELECT * FROM `category` WHERE  `status` = 1 ORDER BY `sort` ASC [ RunTime:0.000775s ]
[2026-08-19T10:04:40+08:00][sql] SELECT `b`.`price`,`b`.`create_time`,`g`.`title`,`u`.`nickname` FROM `bid_record` `b` LEFT JOIN `goods` `g` ON `b`.`goods_id`=`g`.`id` LEFT JOIN `user` `u` ON `b`.`user_id`=`u`.`id` WHERE  `b`.`status` = '1' ORDER BY `b`.`id` DESC LIMIT 5 [ RunTime:0.000882s ]
[2026-08-19T10:04:40+08:00][sql] SHOW FULL COLUMNS FROM `news` [ RunTime:0.001332s ]
[2026-08-19T10:04:40+08:00][sql] SELECT `id`,`title`,`create_time` FROM `news` WHERE  `status` = 1 ORDER BY `id` DESC LIMIT 3 [ RunTime:0.000950s ]
[2026-08-19T10:04:40+08:00][sql] SHOW FULL COLUMNS FROM `banner` [ RunTime:0.001400s ]
[2026-08-19T10:04:40+08:00][sql] SELECT * FROM `banner` WHERE  `status` = 1 ORDER BY `sort` ASC,`id` ASC [ RunTime:0.000929s ]
[2026-08-19T10:04:45+08:00][sql] CONNECT:[ UseTime:0.003449s ] mysql:host=127.0.0.1;port=3306;dbname=auction;charset=utf8mb4
[2026-08-19T10:04:45+08:00][sql] SHOW FULL COLUMNS FROM `goods` [ RunTime:0.001987s ]
[2026-08-19T10:04:45+08:00][sql] SELECT `id` FROM `goods` WHERE  `status` = 1  AND `end_time` <= 1787105085 [ RunTime:0.001008s ]
[2026-08-19T10:04:45+08:00][sql] SHOW FULL COLUMNS FROM `setting` [ RunTime:0.001509s ]
[2026-08-19T10:04:45+08:00][sql] SELECT * FROM `setting` [ RunTime:0.000834s ]
[2026-08-19T10:04:45+08:00][sql] SELECT `g`.*,u.nickname as seller_name,u.shop_name as seller_shop,u.avatar as seller_avatar,c.name as category_name FROM `goods` `g` LEFT JOIN `user` `u` ON `g`.`seller_id`=`u`.`id` LEFT JOIN `category` `c` ON `g`.`category_id`=`c`.`id` WHERE  `g`.`id` = '28' LIMIT 1 [ RunTime:0.001073s ]
[2026-08-19T10:04:45+08:00][sql] UPDATE `goods`  SET `view_count` = `view_count` + 1  WHERE  `id` = 28 [ RunTime:0.002451s ]
[2026-08-19T10:04:45+08:00][sql] SHOW FULL COLUMNS FROM `bid_record` [ RunTime:0.001786s ]
[2026-08-19T10:04:45+08:00][sql] SELECT `b`.*,`u`.`nickname`,`u`.`mobile` FROM `bid_record` `b` LEFT JOIN `user` `u` ON `b`.`user_id`=`u`.`id` WHERE  `b`.`goods_id` = '28'  AND `b`.`status` = '0' ORDER BY `b`.`price` DESC,`b`.`id` ASC LIMIT 1 [ RunTime:0.001069s ]
[2026-08-19T10:04:45+08:00][sql] SELECT `b`.*,`u`.`nickname`,`u`.`mobile` FROM `bid_record` `b` LEFT JOIN `user` `u` ON `b`.`user_id`=`u`.`id` WHERE  `b`.`goods_id` = '28' ORDER BY `b`.`price` DESC,`b`.`id` ASC LIMIT 50 [ RunTime:0.001200s ]
[2026-08-19T10:05:00+08:00][sql] CONNECT:[ UseTime:0.013547s ] mysql:host=127.0.0.1;port=3306;dbname=auction;charset=utf8mb4
[2026-08-19T10:05:00+08:00][sql] SHOW FULL COLUMNS FROM `goods` [ RunTime:0.002336s ]
[2026-08-19T10:05:00+08:00][sql] SELECT `id` FROM `goods` WHERE  `status` = 1  AND `end_time` <= 1787105100 [ RunTime:0.001059s ]
[2026-08-19T10:05:00+08:00][sql] SHOW FULL COLUMNS FROM `setting` [ RunTime:0.001591s ]
[2026-08-19T10:05:00+08:00][sql] SELECT * FROM `setting` [ RunTime:0.000880s ]
[2026-08-19T10:05:02+08:00][sql] CONNECT:[ UseTime:0.001876s ] mysql:host=127.0.0.1;port=3306;dbname=auction;charset=utf8mb4
[2026-08-19T10:05:02+08:00][sql] SHOW FULL COLUMNS FROM `goods` [ RunTime:0.001402s ]
[2026-08-19T10:05:02+08:00][sql] SELECT `id` FROM `goods` WHERE  `status` = 1  AND `end_time` <= 1787105102 [ RunTime:0.000600s ]
[2026-08-19T10:05:02+08:00][sql] SHOW FULL COLUMNS FROM `setting` [ RunTime:0.000836s ]
[2026-08-19T10:05:02+08:00][sql] SELECT * FROM `setting` [ RunTime:0.000593s ]
[2026-08-19T10:05:02+08:00][sql] SHOW FULL COLUMNS FROM `category` [ RunTime:0.001193s ]
[2026-08-19T10:05:02+08:00][sql] SELECT * FROM `category` WHERE  `status` = 1 ORDER BY `sort` ASC [ RunTime:0.000764s ]
[2026-08-19T10:05:06+08:00][sql] CONNECT:[ UseTime:0.024604s ] mysql:host=127.0.0.1;port=3306;dbname=auction;charset=utf8mb4
[2026-08-19T10:05:06+08:00][sql] SHOW FULL COLUMNS FROM `goods` [ RunTime:0.001572s ]
[2026-08-19T10:05:06+08:00][sql] SELECT `id` FROM `goods` WHERE  `status` = 1  AND `end_time` <= 1787105106 [ RunTime:0.000644s ]
[2026-08-19T10:05:06+08:00][sql] SHOW FULL COLUMNS FROM `setting` [ RunTime:0.001064s ]
[2026-08-19T10:05:06+08:00][sql] SELECT * FROM `setting` [ RunTime:0.000591s ]
[2026-08-19T10:05:11+08:00][sql] CONNECT:[ UseTime:0.023558s ] mysql:host=127.0.0.1;port=3306;dbname=auction;charset=utf8mb4
[2026-08-19T10:05:11+08:00][sql] SHOW FULL COLUMNS FROM `goods` [ RunTime:0.002312s ]
[2026-08-19T10:05:11+08:00][sql] SELECT `id` FROM `goods` WHERE  `status` = 1  AND `end_time` <= 1787105111 [ RunTime:0.001109s ]
[2026-08-19T10:05:11+08:00][sql] SHOW FULL COLUMNS FROM `setting` [ RunTime:0.001413s ]
[2026-08-19T10:05:11+08:00][sql] SELECT * FROM `setting` [ RunTime:0.000832s ]
[2026-08-19T10:05:13+08:00][sql] CONNECT:[ UseTime:0.024616s ] mysql:host=127.0.0.1;port=3306;dbname=auction;charset=utf8mb4
[2026-08-19T10:05:13+08:00][sql] SHOW FULL COLUMNS FROM `goods` [ RunTime:0.002108s ]
[2026-08-19T10:05:13+08:00][sql] SELECT `id` FROM `goods` WHERE  `status` = 1  AND `end_time` <= 1787105113 [ RunTime:0.001070s ]
[2026-08-19T10:05:13+08:00][sql] SHOW FULL COLUMNS FROM `setting` [ RunTime:0.001616s ]
[2026-08-19T10:05:13+08:00][sql] SELECT * FROM `setting` [ RunTime:0.000941s ]
[2026-08-19T10:05:22+08:00][sql] CONNECT:[ UseTime:0.026181s ] mysql:host=127.0.0.1;port=3306;dbname=auction;charset=utf8mb4
[2026-08-19T10:05:22+08:00][sql] SHOW FULL COLUMNS FROM `goods` [ RunTime:0.002528s ]
[2026-08-19T10:05:22+08:00][sql] SELECT `id` FROM `goods` WHERE  `status` = 1  AND `end_time` <= 1787105122 [ RunTime:0.001090s ]
[2026-08-19T10:05:22+08:00][sql] SHOW FULL COLUMNS FROM `setting` [ RunTime:0.001679s ]
[2026-08-19T10:05:22+08:00][sql] SELECT * FROM `setting` [ RunTime:0.000937s ]
[2026-08-19T10:05:22+08:00][sql] SELECT COUNT(*) AS think_count FROM `goods` `g` LEFT JOIN `user` `u` ON `g`.`seller_id`=`u`.`id` WHERE  `g`.`status` = '1'  AND `g`.`start_time` <= '1787105122'  AND `g`.`end_time` > '1787105122' [ RunTime:0.001096s ]
[2026-08-19T10:05:22+08:00][sql] SELECT `g`.*,u.nickname as seller_name FROM `goods` `g` LEFT JOIN `user` `u` ON `g`.`seller_id`=`u`.`id` WHERE  `g`.`status` = '1'  AND `g`.`start_time` <= '1787105122'  AND `g`.`end_time` > '1787105122' ORDER BY `g`.`end_time` ASC,`g`.`id` DESC LIMIT 0,10 [ RunTime:0.001410s ]
[2026-08-19T10:05:22+08:00][sql] SHOW FULL COLUMNS FROM `bid_record` [ RunTime:0.001628s ]
[2026-08-19T10:05:22+08:00][sql] SELECT MAX(`price`) AS think_max FROM `bid_record` WHERE  `goods_id` = 28  AND `status` = 0 [ RunTime:0.001005s ]
[2026-08-19T10:05:22+08:00][sql] SELECT MAX(`price`) AS think_max FROM `bid_record` WHERE  `goods_id` = 33  AND `status` = 0 [ RunTime:0.001031s ]
[2026-08-19T10:05:22+08:00][sql] SELECT MAX(`price`) AS think_max FROM `bid_record` WHERE  `goods_id` = 30  AND `status` = 0 [ RunTime:0.000992s ]
[2026-08-19T10:05:22+08:00][sql] SHOW FULL COLUMNS FROM `category` [ RunTime:0.001676s ]
[2026-08-19T10:05:22+08:00][sql] SELECT * FROM `category` WHERE  `status` = 1 ORDER BY `sort` ASC [ RunTime:0.000999s ]
[2026-08-19T10:05:22+08:00][sql] SELECT `b`.`price`,`b`.`create_time`,`g`.`title`,`u`.`nickname` FROM `bid_record` `b` LEFT JOIN `goods` `g` ON `b`.`goods_id`=`g`.`id` LEFT JOIN `user` `u` ON `b`.`user_id`=`u`.`id` WHERE  `b`.`status` = '1' ORDER BY `b`.`id` DESC LIMIT 5 [ RunTime:0.001053s ]
[2026-08-19T10:05:22+08:00][sql] SHOW FULL COLUMNS FROM `news` [ RunTime:0.001522s ]
[2026-08-19T10:05:22+08:00][sql] SELECT `id`,`title`,`create_time` FROM `news` WHERE  `status` = 1 ORDER BY `id` DESC LIMIT 3 [ RunTime:0.000901s ]
[2026-08-19T10:05:22+08:00][sql] SHOW FULL COLUMNS FROM `banner` [ RunTime:0.001536s ]
[2026-08-19T10:05:22+08:00][sql] SELECT * FROM `banner` WHERE  `status` = 1 ORDER BY `sort` ASC,`id` ASC [ RunTime:0.000914s ]
[2026-08-19T10:05:30+08:00][sql] CONNECT:[ UseTime:0.005491s ] mysql:host=127.0.0.1;port=3306;dbname=auction;charset=utf8mb4
[2026-08-19T10:05:30+08:00][sql] SHOW FULL COLUMNS FROM `goods` [ RunTime:0.001841s ]
[2026-08-19T10:05:30+08:00][sql] SELECT `id` FROM `goods` WHERE  `status` = 1  AND `end_time` <= 1787105130 [ RunTime:0.001048s ]
[2026-08-19T10:05:30+08:00][sql] SHOW FULL COLUMNS FROM `setting` [ RunTime:0.001585s ]
[2026-08-19T10:05:30+08:00][sql] SELECT * FROM `setting` [ RunTime:0.000884s ]
[2026-08-19T10:05:35+08:00][sql] CONNECT:[ UseTime:0.024991s ] mysql:host=127.0.0.1;port=3306;dbname=auction;charset=utf8mb4
[2026-08-19T10:05:35+08:00][sql] SHOW FULL COLUMNS FROM `goods` [ RunTime:0.002382s ]
[2026-08-19T10:05:35+08:00][sql] SELECT `id` FROM `goods` WHERE  `status` = 1  AND `end_time` <= 1787105135 [ RunTime:0.001062s ]
[2026-08-19T10:05:35+08:00][sql] SHOW FULL COLUMNS FROM `setting` [ RunTime:0.001674s ]
[2026-08-19T10:05:35+08:00][sql] SELECT * FROM `setting` [ RunTime:0.000925s ]
[2026-08-19T10:05:35+08:00][sql] SELECT COUNT(*) AS think_count FROM `goods` `g` LEFT JOIN `user` `u` ON `g`.`seller_id`=`u`.`id` WHERE  `g`.`status` = '1'  AND `g`.`start_time` <= '1787105135'  AND `g`.`end_time` > '1787105135'  AND `g`.`title` LIKE '%哈哈%' [ RunTime:0.001175s ]
[2026-08-19T10:05:35+08:00][sql] SELECT `g`.*,u.nickname as seller_name FROM `goods` `g` LEFT JOIN `user` `u` ON `g`.`seller_id`=`u`.`id` WHERE  `g`.`status` = '1'  AND `g`.`start_time` <= '1787105135'  AND `g`.`end_time` > '1787105135'  AND `g`.`title` LIKE '%哈哈%' ORDER BY `g`.`id` DESC LIMIT 0,10 [ RunTime:0.001272s ]
[2026-08-19T10:05:35+08:00][sql] SHOW FULL COLUMNS FROM `bid_record` [ RunTime:0.001663s ]
[2026-08-19T10:05:35+08:00][sql] SELECT MAX(`price`) AS think_max FROM `bid_record` WHERE  `goods_id` = 28  AND `status` = 0 [ RunTime:0.001015s ]
[2026-08-19T10:05:39+08:00][sql] CONNECT:[ UseTime:0.027970s ] mysql:host=127.0.0.1;port=3306;dbname=auction;charset=utf8mb4
[2026-08-19T10:05:39+08:00][sql] SHOW FULL COLUMNS FROM `goods` [ RunTime:0.002001s ]
[2026-08-19T10:05:39+08:00][sql] SELECT `id` FROM `goods` WHERE  `status` = 1  AND `end_time` <= 1787105139 [ RunTime:0.000917s ]
[2026-08-19T10:05:39+08:00][sql] SHOW FULL COLUMNS FROM `setting` [ RunTime:0.001712s ]
[2026-08-19T10:05:39+08:00][sql] SELECT * FROM `setting` [ RunTime:0.000974s ]
[2026-08-19T10:05:39+08:00][sql] SELECT `g`.*,u.nickname as seller_name,u.shop_name as seller_shop,u.avatar as seller_avatar,c.name as category_name FROM `goods` `g` LEFT JOIN `user` `u` ON `g`.`seller_id`=`u`.`id` LEFT JOIN `category` `c` ON `g`.`category_id`=`c`.`id` WHERE  `g`.`id` = '28' LIMIT 1 [ RunTime:0.001248s ]
[2026-08-19T10:05:39+08:00][sql] UPDATE `goods`  SET `view_count` = `view_count` + 1  WHERE  `id` = 28 [ RunTime:0.002221s ]
[2026-08-19T10:05:39+08:00][sql] SHOW FULL COLUMNS FROM `bid_record` [ RunTime:0.001783s ]
[2026-08-19T10:05:39+08:00][sql] SELECT `b`.*,`u`.`nickname`,`u`.`mobile` FROM `bid_record` `b` LEFT JOIN `user` `u` ON `b`.`user_id`=`u`.`id` WHERE  `b`.`goods_id` = '28'  AND `b`.`status` = '0' ORDER BY `b`.`price` DESC,`b`.`id` ASC LIMIT 1 [ RunTime:0.001165s ]
[2026-08-19T10:05:39+08:00][sql] SELECT `b`.*,`u`.`nickname`,`u`.`mobile` FROM `bid_record` `b` LEFT JOIN `user` `u` ON `b`.`user_id`=`u`.`id` WHERE  `b`.`goods_id` = '28' ORDER BY `b`.`price` DESC,`b`.`id` ASC LIMIT 50 [ RunTime:0.001121s ]
[2026-08-19T10:05:44+08:00][sql] CONNECT:[ UseTime:0.015138s ] mysql:host=127.0.0.1;port=3306;dbname=auction;charset=utf8mb4
[2026-08-19T10:05:44+08:00][sql] SHOW FULL COLUMNS FROM `goods` [ RunTime:0.001998s ]
[2026-08-19T10:05:44+08:00][sql] SELECT `id` FROM `goods` WHERE  `status` = 1  AND `end_time` <= 1787105144 [ RunTime:0.001043s ]
[2026-08-19T10:05:44+08:00][sql] SHOW FULL COLUMNS FROM `setting` [ RunTime:0.001314s ]
[2026-08-19T10:05:44+08:00][sql] SELECT * FROM `setting` [ RunTime:0.000831s ]
[2026-08-19T10:05:44+08:00][sql] SELECT COUNT(*) AS think_count FROM `goods` `g` LEFT JOIN `user` `u` ON `g`.`seller_id`=`u`.`id` WHERE  `g`.`status` = '1'  AND `g`.`start_time` <= '1787105144'  AND `g`.`end_time` > '1787105144'  AND `g`.`title` LIKE '%优雅%' [ RunTime:0.001264s ]
[2026-08-19T10:05:44+08:00][sql] SELECT `g`.*,u.nickname as seller_name FROM `goods` `g` LEFT JOIN `user` `u` ON `g`.`seller_id`=`u`.`id` WHERE  `g`.`status` = '1'  AND `g`.`start_time` <= '1787105144'  AND `g`.`end_time` > '1787105144'  AND `g`.`title` LIKE '%优雅%' ORDER BY `g`.`id` DESC LIMIT 0,10 [ RunTime:0.001248s ]
[2026-08-19T10:05:46+08:00][sql] CONNECT:[ UseTime:0.015224s ] mysql:host=127.0.0.1;port=3306;dbname=auction;charset=utf8mb4
[2026-08-19T10:05:46+08:00][sql] SHOW FULL COLUMNS FROM `goods` [ RunTime:0.002243s ]
[2026-08-19T10:05:46+08:00][sql] SELECT `id` FROM `goods` WHERE  `status` = 1  AND `end_time` <= 1787105146 [ RunTime:0.001015s ]
[2026-08-19T10:05:46+08:00][sql] SHOW FULL COLUMNS FROM `setting` [ RunTime:0.001667s ]
[2026-08-19T10:05:46+08:00][sql] SELECT * FROM `setting` [ RunTime:0.000893s ]
[2026-08-19T10:05:46+08:00][sql] SHOW FULL COLUMNS FROM `user` [ RunTime:0.001726s ]
[2026-08-19T10:05:46+08:00][sql] SELECT COUNT(*) AS think_count FROM `user` WHERE  `is_seller` = 1  AND `seller_check` = 1  AND (  `shop_name` LIKE '%优雅%' OR `nickname` LIKE '%优雅%' ) [ RunTime:0.001212s ]
[2026-08-19T10:05:46+08:00][sql] SELECT `id`,`nickname`,`shop_name`,`avatar`,`seller_intro`,`total_sell`,`total_buy` FROM `user` WHERE  `is_seller` = 1  AND `seller_check` = 1  AND (  `shop_name` LIKE '%优雅%' OR `nickname` LIKE '%优雅%' ) ORDER BY `id` DESC LIMIT 0,10 [ RunTime:0.001105s ]
[2026-08-19T10:05:48+08:00][sql] CONNECT:[ UseTime:0.006915s ] mysql:host=127.0.0.1;port=3306;dbname=auction;charset=utf8mb4
[2026-08-19T10:05:48+08:00][sql] SHOW FULL COLUMNS FROM `goods` [ RunTime:0.001608s ]
[2026-08-19T10:05:48+08:00][sql] SELECT `id` FROM `goods` WHERE  `status` = 1  AND `end_time` <= 1787105147 [ RunTime:0.000768s ]
[2026-08-19T10:05:48+08:00][sql] SHOW FULL COLUMNS FROM `setting` [ RunTime:0.001177s ]
[2026-08-19T10:05:48+08:00][sql] SELECT * FROM `setting` [ RunTime:0.000650s ]
[2026-08-19T10:05:48+08:00][sql] SHOW FULL COLUMNS FROM `user` [ RunTime:0.001527s ]
[2026-08-19T10:05:48+08:00][sql] SELECT * FROM `user` WHERE  `id` = 25  AND `is_seller` = 1  AND `seller_check` = 1  AND `status` = 1 LIMIT 1 [ RunTime:0.001093s ]
[2026-08-19T10:05:48+08:00][sql] SHOW FULL COLUMNS FROM `seller_follow` [ RunTime:0.001464s ]
[2026-08-19T10:05:48+08:00][sql] SELECT COUNT(*) AS think_count FROM `seller_follow` WHERE  `seller_id` = 25 [ RunTime:0.000964s ]
[2026-08-19T10:05:48+08:00][sql] SELECT `g`.* FROM `goods` `g` WHERE  `g`.`seller_id` = '25'  AND `g`.`status` = '1'  AND `g`.`start_time` <= '1787105148'  AND `g`.`end_time` > '1787105148' ORDER BY `g`.`id` DESC LIMIT 20 [ RunTime:0.001147s ]
[2026-08-19T10:05:48+08:00][sql] SHOW FULL COLUMNS FROM `bid_record` [ RunTime:0.001479s ]
[2026-08-19T10:05:48+08:00][sql] SELECT MAX(`price`) AS think_max FROM `bid_record` WHERE  `goods_id` = 33  AND `status` = 0 [ RunTime:0.000897s ]
[2026-08-19T10:05:48+08:00][sql] SELECT MAX(`price`) AS think_max FROM `bid_record` WHERE  `goods_id` = 30  AND `status` = 0 [ RunTime:0.000899s ]
[2026-08-19T10:05:51+08:00][sql] CONNECT:[ UseTime:0.014136s ] mysql:host=127.0.0.1;port=3306;dbname=auction;charset=utf8mb4
[2026-08-19T10:05:51+08:00][sql] SHOW FULL COLUMNS FROM `goods` [ RunTime:0.001255s ]
[2026-08-19T10:05:51+08:00][sql] SELECT `id` FROM `goods` WHERE  `status` = 1  AND `end_time` <= 1787105151 [ RunTime:0.000797s ]
[2026-08-19T10:05:51+08:00][sql] SHOW FULL COLUMNS FROM `setting` [ RunTime:0.001113s ]
[2026-08-19T10:05:51+08:00][sql] SELECT * FROM `setting` [ RunTime:0.000662s ]
[2026-08-19T10:06:18+08:00][sql] CONNECT:[ UseTime:0.009203s ] mysql:host=127.0.0.1;port=3306;dbname=auction;charset=utf8mb4
[2026-08-19T10:06:18+08:00][sql] SHOW FULL COLUMNS FROM `goods` [ RunTime:0.001763s ]
[2026-08-19T10:06:18+08:00][sql] SELECT `id` FROM `goods` WHERE  `status` = 1  AND `end_time` <= 1787105178 [ RunTime:0.000981s ]
[2026-08-19T10:06:18+08:00][sql] SHOW FULL COLUMNS FROM `setting` [ RunTime:0.001584s ]
[2026-08-19T10:06:18+08:00][sql] SELECT * FROM `setting` [ RunTime:0.000869s ]
[2026-08-19T10:06:18+08:00][sql] CONNECT:[ UseTime:0.011699s ] mysql:host=127.0.0.1;port=3306;dbname=auction;charset=utf8mb4
[2026-08-19T10:06:18+08:00][sql] SHOW FULL COLUMNS FROM `goods` [ RunTime:0.001789s ]
[2026-08-19T10:06:18+08:00][sql] SELECT `id` FROM `goods` WHERE  `status` = 1  AND `end_time` <= 1787105178 [ RunTime:0.000969s ]
[2026-08-19T10:06:18+08:00][sql] SHOW FULL COLUMNS FROM `setting` [ RunTime:0.001345s ]
[2026-08-19T10:06:18+08:00][sql] SELECT * FROM `setting` [ RunTime:0.000771s ]
[2026-08-19T10:06:19+08:00][sql] CONNECT:[ UseTime:0.002332s ] mysql:host=127.0.0.1;port=3306;dbname=auction;charset=utf8mb4
[2026-08-19T10:06:19+08:00][sql] SHOW FULL COLUMNS FROM `goods` [ RunTime:0.001552s ]
[2026-08-19T10:06:19+08:00][sql] SELECT `id` FROM `goods` WHERE  `status` = 1  AND `end_time` <= 1787105179 [ RunTime:0.000759s ]
[2026-08-19T10:06:19+08:00][sql] SHOW FULL COLUMNS FROM `setting` [ RunTime:0.001181s ]
[2026-08-19T10:06:19+08:00][sql] SELECT * FROM `setting` [ RunTime:0.000644s ]
[2026-08-19T10:06:19+08:00][sql] SELECT COUNT(*) AS think_count FROM `goods` `g` LEFT JOIN `user` `u` ON `g`.`seller_id`=`u`.`id` WHERE  `g`.`status` = '1'  AND `g`.`start_time` <= '1787105179'  AND `g`.`end_time` > '1787105179' [ RunTime:0.000949s ]
[2026-08-19T10:06:19+08:00][sql] SELECT `g`.*,u.nickname as seller_name FROM `goods` `g` LEFT JOIN `user` `u` ON `g`.`seller_id`=`u`.`id` WHERE  `g`.`status` = '1'  AND `g`.`start_time` <= '1787105179'  AND `g`.`end_time` > '1787105179' ORDER BY `g`.`end_time` ASC,`g`.`id` DESC LIMIT 0,10 [ RunTime:0.001014s ]
[2026-08-19T10:06:19+08:00][sql] SHOW FULL COLUMNS FROM `bid_record` [ RunTime:0.001296s ]
[2026-08-19T10:06:19+08:00][sql] SELECT MAX(`price`) AS think_max FROM `bid_record` WHERE  `goods_id` = 28  AND `status` = 0 [ RunTime:0.000826s ]
[2026-08-19T10:06:19+08:00][sql] SELECT MAX(`price`) AS think_max FROM `bid_record` WHERE  `goods_id` = 33  AND `status` = 0 [ RunTime:0.000822s ]
[2026-08-19T10:06:19+08:00][sql] SELECT MAX(`price`) AS think_max FROM `bid_record` WHERE  `goods_id` = 30  AND `status` = 0 [ RunTime:0.000802s ]
[2026-08-19T10:06:19+08:00][sql] SHOW FULL COLUMNS FROM `category` [ RunTime:0.001269s ]
[2026-08-19T10:06:19+08:00][sql] SELECT * FROM `category` WHERE  `status` = 1 ORDER BY `sort` ASC [ RunTime:0.000839s ]
[2026-08-19T10:06:19+08:00][sql] SELECT `b`.`price`,`b`.`create_time`,`g`.`title`,`u`.`nickname` FROM `bid_record` `b` LEFT JOIN `goods` `g` ON `b`.`goods_id`=`g`.`id` LEFT JOIN `user` `u` ON `b`.`user_id`=`u`.`id` WHERE  `b`.`status` = '1' ORDER BY `b`.`id` DESC LIMIT 5 [ RunTime:0.000958s ]
[2026-08-19T10:06:19+08:00][sql] SHOW FULL COLUMNS FROM `news` [ RunTime:0.001541s ]
[2026-08-19T10:06:19+08:00][sql] SELECT `id`,`title`,`create_time` FROM `news` WHERE  `status` = 1 ORDER BY `id` DESC LIMIT 3 [ RunTime:0.000914s ]
[2026-08-19T10:06:19+08:00][sql] SHOW FULL COLUMNS FROM `banner` [ RunTime:0.001489s ]
[2026-08-19T10:06:19+08:00][sql] SELECT * FROM `banner` WHERE  `status` = 1 ORDER BY `sort` ASC,`id` ASC [ RunTime:0.000882s ]
[2026-08-19T10:06:20+08:00][sql] CONNECT:[ UseTime:0.017822s ] mysql:host=127.0.0.1;port=3306;dbname=auction;charset=utf8mb4
[2026-08-19T10:06:20+08:00][sql] SHOW FULL COLUMNS FROM `goods` [ RunTime:0.002428s ]
[2026-08-19T10:06:20+08:00][sql] SELECT `id` FROM `goods` WHERE  `status` = 1  AND `end_time` <= 1787105180 [ RunTime:0.001069s ]
[2026-08-19T10:06:20+08:00][sql] SHOW FULL COLUMNS FROM `setting` [ RunTime:0.001645s ]
[2026-08-19T10:06:20+08:00][sql] SELECT * FROM `setting` [ RunTime:0.000896s ]
[2026-08-19T10:06:21+08:00][sql] CONNECT:[ UseTime:0.011893s ] mysql:host=127.0.0.1;port=3306;dbname=auction;charset=utf8mb4
[2026-08-19T10:06:21+08:00][sql] SHOW FULL COLUMNS FROM `goods` [ RunTime:0.001878s ]
[2026-08-19T10:06:21+08:00][sql] SELECT `id` FROM `goods` WHERE  `status` = 1  AND `end_time` <= 1787105181 [ RunTime:0.001002s ]
[2026-08-19T10:06:21+08:00][sql] SHOW FULL COLUMNS FROM `setting` [ RunTime:0.001566s ]
[2026-08-19T10:06:21+08:00][sql] SELECT * FROM `setting` [ RunTime:0.000851s ]
[2026-08-19T10:06:26+08:00][sql] CONNECT:[ UseTime:0.018984s ] mysql:host=127.0.0.1;port=3306;dbname=auction;charset=utf8mb4
[2026-08-19T10:06:26+08:00][sql] SHOW FULL COLUMNS FROM `goods` [ RunTime:0.002203s ]
[2026-08-19T10:06:26+08:00][sql] SELECT `id` FROM `goods` WHERE  `status` = 1  AND `end_time` <= 1787105186 [ RunTime:0.001075s ]
[2026-08-19T10:06:26+08:00][sql] SHOW FULL COLUMNS FROM `setting` [ RunTime:0.001623s ]
[2026-08-19T10:06:26+08:00][sql] SELECT * FROM `setting` [ RunTime:0.000886s ]
[2026-08-19T10:06:26+08:00][sql] SHOW FULL COLUMNS FROM `user` [ RunTime:0.001849s ]
[2026-08-19T10:06:26+08:00][sql] SELECT COUNT(*) AS think_count FROM `user` WHERE  `is_seller` = 1  AND `seller_check` = 1  AND (  `shop_name` LIKE '%优雅%' OR `nickname` LIKE '%优雅%' ) [ RunTime:0.000958s ]
[2026-08-19T10:06:26+08:00][sql] SELECT `id`,`nickname`,`shop_name`,`avatar`,`seller_intro`,`total_sell`,`total_buy` FROM `user` WHERE  `is_seller` = 1  AND `seller_check` = 1  AND (  `shop_name` LIKE '%优雅%' OR `nickname` LIKE '%优雅%' ) ORDER BY `id` DESC LIMIT 0,10 [ RunTime:0.001343s ]
[2026-08-19T10:06:27+08:00][sql] CONNECT:[ UseTime:0.012714s ] mysql:host=127.0.0.1;port=3306;dbname=auction;charset=utf8mb4
[2026-08-19T10:06:27+08:00][sql] SHOW FULL COLUMNS FROM `goods` [ RunTime:0.001191s ]
[2026-08-19T10:06:27+08:00][sql] SELECT `id` FROM `goods` WHERE  `status` = 1  AND `end_time` <= 1787105187 [ RunTime:0.000605s ]
[2026-08-19T10:06:27+08:00][sql] SHOW FULL COLUMNS FROM `setting` [ RunTime:0.000894s ]
[2026-08-19T10:06:27+08:00][sql] SELECT * FROM `setting` [ RunTime:0.000908s ]
[2026-08-19T10:06:27+08:00][sql] SHOW FULL COLUMNS FROM `user` [ RunTime:0.001843s ]
[2026-08-19T10:06:27+08:00][sql] SELECT * FROM `user` WHERE  `id` = 25  AND `is_seller` = 1  AND `seller_check` = 1  AND `status` = 1 LIMIT 1 [ RunTime:0.001066s ]
[2026-08-19T10:06:27+08:00][sql] SHOW FULL COLUMNS FROM `seller_follow` [ RunTime:0.001567s ]
[2026-08-19T10:06:27+08:00][sql] SELECT COUNT(*) AS think_count FROM `seller_follow` WHERE  `seller_id` = 25 [ RunTime:0.000909s ]
[2026-08-19T10:06:27+08:00][sql] SELECT `g`.* FROM `goods` `g` WHERE  `g`.`seller_id` = '25'  AND `g`.`status` = '1'  AND `g`.`start_time` <= '1787105187'  AND `g`.`end_time` > '1787105187' ORDER BY `g`.`id` DESC LIMIT 20 [ RunTime:0.001104s ]
[2026-08-19T10:06:27+08:00][sql] SHOW FULL COLUMNS FROM `bid_record` [ RunTime:0.001644s ]
[2026-08-19T10:06:27+08:00][sql] SELECT MAX(`price`) AS think_max FROM `bid_record` WHERE  `goods_id` = 33  AND `status` = 0 [ RunTime:0.001000s ]
[2026-08-19T10:06:27+08:00][sql] SELECT MAX(`price`) AS think_max FROM `bid_record` WHERE  `goods_id` = 30  AND `status` = 0 [ RunTime:0.000984s ]
[2026-08-19T10:06:34+08:00][sql] CONNECT:[ UseTime:0.021465s ] mysql:host=127.0.0.1;port=3306;dbname=auction;charset=utf8mb4
[2026-08-19T10:06:34+08:00][sql] SHOW FULL COLUMNS FROM `goods` [ RunTime:0.002328s ]
[2026-08-19T10:06:34+08:00][sql] SELECT `id` FROM `goods` WHERE  `status` = 1  AND `end_time` <= 1787105194 [ RunTime:0.001005s ]
[2026-08-19T10:06:34+08:00][sql] SHOW FULL COLUMNS FROM `setting` [ RunTime:0.001546s ]
[2026-08-19T10:06:34+08:00][sql] SELECT * FROM `setting` [ RunTime:0.000830s ]
[2026-08-19T10:07:41+08:00][sql] CONNECT:[ UseTime:0.022180s ] mysql:host=127.0.0.1;port=3306;dbname=auction;charset=utf8mb4
[2026-08-19T10:07:41+08:00][sql] SHOW FULL COLUMNS FROM `goods` [ RunTime:0.002095s ]
[2026-08-19T10:07:41+08:00][sql] SELECT `id` FROM `goods` WHERE  `status` = 1  AND `end_time` <= 1787105260 [ RunTime:0.001023s ]
[2026-08-19T10:07:41+08:00][sql] SHOW FULL COLUMNS FROM `setting` [ RunTime:0.001469s ]
[2026-08-19T10:07:41+08:00][sql] SELECT * FROM `setting` [ RunTime:0.000829s ]
[2026-08-19T10:08:18+08:00][sql] CONNECT:[ UseTime:0.001932s ] mysql:host=127.0.0.1;port=3306;dbname=auction;charset=utf8mb4
[2026-08-19T10:08:18+08:00][sql] SHOW FULL COLUMNS FROM `goods` [ RunTime:0.001585s ]
[2026-08-19T10:08:18+08:00][sql] SELECT `id` FROM `goods` WHERE  `status` = 1  AND `end_time` <= 1787105298 [ RunTime:0.000816s ]
[2026-08-19T10:08:18+08:00][sql] SHOW FULL COLUMNS FROM `setting` [ RunTime:0.001138s ]
[2026-08-19T10:08:18+08:00][sql] SELECT * FROM `setting` [ RunTime:0.000731s ]
[2026-08-19T10:08:18+08:00][sql] SELECT COUNT(*) AS think_count FROM `goods` `g` LEFT JOIN `user` `u` ON `g`.`seller_id`=`u`.`id` WHERE  `g`.`status` = '1'  AND `g`.`start_time` <= '1787105298'  AND `g`.`end_time` > '1787105298' [ RunTime:0.000968s ]
[2026-08-19T10:08:18+08:00][sql] SELECT `g`.*,u.nickname as seller_name FROM `goods` `g` LEFT JOIN `user` `u` ON `g`.`seller_id`=`u`.`id` WHERE  `g`.`status` = '1'  AND `g`.`start_time` <= '1787105298'  AND `g`.`end_time` > '1787105298' ORDER BY `g`.`end_time` ASC,`g`.`id` DESC LIMIT 0,10 [ RunTime:0.001160s ]
[2026-08-19T10:08:18+08:00][sql] SHOW FULL COLUMNS FROM `bid_record` [ RunTime:0.001463s ]
[2026-08-19T10:08:18+08:00][sql] SELECT MAX(`price`) AS think_max FROM `bid_record` WHERE  `goods_id` = 28  AND `status` = 0 [ RunTime:0.000900s ]
[2026-08-19T10:08:18+08:00][sql] SELECT MAX(`price`) AS think_max FROM `bid_record` WHERE  `goods_id` = 33  AND `status` = 0 [ RunTime:0.000928s ]
[2026-08-19T10:08:18+08:00][sql] SELECT MAX(`price`) AS think_max FROM `bid_record` WHERE  `goods_id` = 30  AND `status` = 0 [ RunTime:0.000728s ]
[2026-08-19T10:08:18+08:00][sql] SHOW FULL COLUMNS FROM `category` [ RunTime:0.001265s ]
[2026-08-19T10:08:18+08:00][sql] SELECT * FROM `category` WHERE  `status` = 1 ORDER BY `sort` ASC [ RunTime:0.000801s ]
[2026-08-19T10:08:18+08:00][sql] SELECT `b`.`price`,`b`.`create_time`,`g`.`title`,`u`.`nickname` FROM `bid_record` `b` LEFT JOIN `goods` `g` ON `b`.`goods_id`=`g`.`id` LEFT JOIN `user` `u` ON `b`.`user_id`=`u`.`id` WHERE  `b`.`status` = '1' ORDER BY `b`.`id` DESC LIMIT 5 [ RunTime:0.000840s ]
[2026-08-19T10:08:18+08:00][sql] SHOW FULL COLUMNS FROM `news` [ RunTime:0.002690s ]
[2026-08-19T10:08:18+08:00][sql] SELECT `id`,`title`,`create_time` FROM `news` WHERE  `status` = 1 ORDER BY `id` DESC LIMIT 3 [ RunTime:0.000650s ]
[2026-08-19T10:08:18+08:00][sql] SHOW FULL COLUMNS FROM `banner` [ RunTime:0.002557s ]
[2026-08-19T10:08:18+08:00][sql] SELECT * FROM `banner` WHERE  `status` = 1 ORDER BY `sort` ASC,`id` ASC [ RunTime:0.000686s ]
[2026-08-19T10:08:27+08:00][sql] CONNECT:[ UseTime:0.001452s ] mysql:host=127.0.0.1;port=3306;dbname=auction;charset=utf8mb4
[2026-08-19T10:08:27+08:00][sql] SHOW FULL COLUMNS FROM `goods` [ RunTime:0.001786s ]
[2026-08-19T10:08:27+08:00][sql] SELECT `id` FROM `goods` WHERE  `status` = 1  AND `end_time` <= 1787105307 [ RunTime:0.000815s ]
[2026-08-19T10:08:27+08:00][sql] SHOW FULL COLUMNS FROM `setting` [ RunTime:0.001375s ]
[2026-08-19T10:08:27+08:00][sql] SELECT * FROM `setting` [ RunTime:0.000696s ]
[2026-08-19T10:08:27+08:00][sql] SHOW FULL COLUMNS FROM `category` [ RunTime:0.001573s ]
[2026-08-19T10:08:27+08:00][sql] SELECT * FROM `category` WHERE  `status` = 1 ORDER BY `sort` ASC [ RunTime:0.000686s ]
[2026-08-19T10:08:29+08:00][sql] CONNECT:[ UseTime:0.012506s ] mysql:host=127.0.0.1;port=3306;dbname=auction;charset=utf8mb4
[2026-08-19T10:08:29+08:00][sql] SHOW FULL COLUMNS FROM `goods` [ RunTime:0.002070s ]
[2026-08-19T10:08:29+08:00][sql] SELECT `id` FROM `goods` WHERE  `status` = 1  AND `end_time` <= 1787105309 [ RunTime:0.000763s ]
[2026-08-19T10:08:29+08:00][sql] SHOW FULL COLUMNS FROM `setting` [ RunTime:0.001111s ]
[2026-08-19T10:08:29+08:00][sql] SELECT * FROM `setting` [ RunTime:0.000653s ]
[2026-08-19T10:08:29+08:00][sql] SELECT COUNT(*) AS think_count FROM `goods` `g` LEFT JOIN `user` `u` ON `g`.`seller_id`=`u`.`id` WHERE  `g`.`status` = '1'  AND `g`.`start_time` <= '1787105309'  AND `g`.`end_time` > '1787105309'  AND `g`.`category_id` = '3' [ RunTime:0.000893s ]
[2026-08-19T10:08:29+08:00][sql] SELECT `g`.*,u.nickname as seller_name FROM `goods` `g` LEFT JOIN `user` `u` ON `g`.`seller_id`=`u`.`id` WHERE  `g`.`status` = '1'  AND `g`.`start_time` <= '1787105309'  AND `g`.`end_time` > '1787105309'  AND `g`.`category_id` = '3' ORDER BY `g`.`end_time` ASC,`g`.`id` DESC LIMIT 0,10 [ RunTime:0.000911s ]
[2026-08-19T10:08:29+08:00][sql] SHOW FULL COLUMNS FROM `category` [ RunTime:0.001138s ]
[2026-08-19T10:08:29+08:00][sql] SELECT * FROM `category` WHERE  `status` = 1 ORDER BY `sort` ASC [ RunTime:0.000882s ]
[2026-08-19T10:08:29+08:00][sql] SHOW FULL COLUMNS FROM `bid_record` [ RunTime:0.000997s ]
[2026-08-19T10:08:29+08:00][sql] SELECT `b`.`price`,`b`.`create_time`,`g`.`title`,`u`.`nickname` FROM `bid_record` `b` LEFT JOIN `goods` `g` ON `b`.`goods_id`=`g`.`id` LEFT JOIN `user` `u` ON `b`.`user_id`=`u`.`id` WHERE  `b`.`status` = '1' ORDER BY `b`.`id` DESC LIMIT 5 [ RunTime:0.000865s ]
[2026-08-19T10:08:29+08:00][sql] SHOW FULL COLUMNS FROM `news` [ RunTime:0.001153s ]
[2026-08-19T10:08:29+08:00][sql] SELECT `id`,`title`,`create_time` FROM `news` WHERE  `status` = 1 ORDER BY `id` DESC LIMIT 3 [ RunTime:0.000586s ]
[2026-08-19T10:08:29+08:00][sql] SHOW FULL COLUMNS FROM `banner` [ RunTime:0.000941s ]
[2026-08-19T10:08:29+08:00][sql] SELECT * FROM `banner` WHERE  `status` = 1 ORDER BY `sort` ASC,`id` ASC [ RunTime:0.000543s ]
[2026-08-19T10:08:38+08:00][sql] CONNECT:[ UseTime:0.025026s ] mysql:host=127.0.0.1;port=3306;dbname=auction;charset=utf8mb4
[2026-08-19T10:08:38+08:00][sql] SHOW FULL COLUMNS FROM `goods` [ RunTime:0.002331s ]
[2026-08-19T10:08:38+08:00][sql] SELECT `id` FROM `goods` WHERE  `status` = 1  AND `end_time` <= 1787105318 [ RunTime:0.001381s ]
[2026-08-19T10:08:38+08:00][sql] SHOW FULL COLUMNS FROM `setting` [ RunTime:0.001717s ]
[2026-08-19T10:08:38+08:00][sql] SELECT * FROM `setting` [ RunTime:0.000932s ]
[2026-08-19T10:08:38+08:00][sql] SELECT COUNT(*) AS think_count FROM `goods` `g` LEFT JOIN `user` `u` ON `g`.`seller_id`=`u`.`id` WHERE  `g`.`status` = '1'  AND `g`.`start_time` <= '1787105318'  AND `g`.`end_time` > '1787105318'  AND `g`.`category_id` = '1' [ RunTime:0.001444s ]
[2026-08-19T10:08:38+08:00][sql] SELECT `g`.*,u.nickname as seller_name FROM `goods` `g` LEFT JOIN `user` `u` ON `g`.`seller_id`=`u`.`id` WHERE  `g`.`status` = '1'  AND `g`.`start_time` <= '1787105318'  AND `g`.`end_time` > '1787105318'  AND `g`.`category_id` = '1' ORDER BY `g`.`end_time` ASC,`g`.`id` DESC LIMIT 0,10 [ RunTime:0.001479s ]
[2026-08-19T10:08:38+08:00][sql] SHOW FULL COLUMNS FROM `bid_record` [ RunTime:0.001834s ]
[2026-08-19T10:08:38+08:00][sql] SELECT MAX(`price`) AS think_max FROM `bid_record` WHERE  `goods_id` = 33  AND `status` = 0 [ RunTime:0.001040s ]
[2026-08-19T10:08:38+08:00][sql] SELECT MAX(`price`) AS think_max FROM `bid_record` WHERE  `goods_id` = 30  AND `status` = 0 [ RunTime:0.001095s ]
[2026-08-19T10:08:38+08:00][sql] SHOW FULL COLUMNS FROM `category` [ RunTime:0.002303s ]
[2026-08-19T10:08:38+08:00][sql] SELECT * FROM `category` WHERE  `status` = 1 ORDER BY `sort` ASC [ RunTime:0.001142s ]
[2026-08-19T10:08:38+08:00][sql] SELECT `b`.`price`,`b`.`create_time`,`g`.`title`,`u`.`nickname` FROM `bid_record` `b` LEFT JOIN `goods` `g` ON `b`.`goods_id`=`g`.`id` LEFT JOIN `user` `u` ON `b`.`user_id`=`u`.`id` WHERE  `b`.`status` = '1' ORDER BY `b`.`id` DESC LIMIT 5 [ RunTime:0.001154s ]
[2026-08-19T10:08:38+08:00][sql] SHOW FULL COLUMNS FROM `news` [ RunTime:0.001990s ]
[2026-08-19T10:08:38+08:00][sql] SELECT `id`,`title`,`create_time` FROM `news` WHERE  `status` = 1 ORDER BY `id` DESC LIMIT 3 [ RunTime:0.001354s ]
[2026-08-19T10:08:38+08:00][sql] SHOW FULL COLUMNS FROM `banner` [ RunTime:0.001777s ]
[2026-08-19T10:08:38+08:00][sql] SELECT * FROM `banner` WHERE  `status` = 1 ORDER BY `sort` ASC,`id` ASC [ RunTime:0.000951s ]
[2026-08-19T10:08:50+08:00][sql] CONNECT:[ UseTime:0.012010s ] mysql:host=127.0.0.1;port=3306;dbname=auction;charset=utf8mb4
[2026-08-19T10:08:50+08:00][sql] SHOW FULL COLUMNS FROM `goods` [ RunTime:0.001985s ]
[2026-08-19T10:08:50+08:00][sql] SELECT `id` FROM `goods` WHERE  `status` = 1  AND `end_time` <= 1787105330 [ RunTime:0.001030s ]
[2026-08-19T10:08:50+08:00][sql] SHOW FULL COLUMNS FROM `setting` [ RunTime:0.001239s ]
[2026-08-19T10:08:50+08:00][sql] SELECT * FROM `setting` [ RunTime:0.000505s ]
[2026-08-19T10:08:50+08:00][sql] SHOW FULL COLUMNS FROM `category` [ RunTime:0.003724s ]
[2026-08-19T10:08:50+08:00][sql] SELECT * FROM `category` WHERE  `id` = 3  AND `status` = 1 LIMIT 1 [ RunTime:0.001036s ]
[2026-08-19T10:08:50+08:00][sql] SELECT COUNT(*) AS think_count FROM `goods` `g` LEFT JOIN `user` `u` ON `g`.`seller_id`=`u`.`id` WHERE  `g`.`category_id` = '3'  AND `g`.`status` = '1' [ RunTime:0.001130s ]
[2026-08-19T10:08:50+08:00][sql] SELECT `g`.*,u.nickname as seller_name FROM `goods` `g` LEFT JOIN `user` `u` ON `g`.`seller_id`=`u`.`id` WHERE  `g`.`category_id` = '3'  AND `g`.`status` = '1' ORDER BY `g`.`id` DESC LIMIT 0,10 [ RunTime:0.001156s ]
[2026-08-19T10:08:52+08:00][sql] CONNECT:[ UseTime:0.006207s ] mysql:host=127.0.0.1;port=3306;dbname=auction;charset=utf8mb4
[2026-08-19T10:08:52+08:00][sql] SHOW FULL COLUMNS FROM `goods` [ RunTime:0.001550s ]
[2026-08-19T10:08:52+08:00][sql] SELECT `id` FROM `goods` WHERE  `status` = 1  AND `end_time` <= 1787105332 [ RunTime:0.000733s ]
[2026-08-19T10:08:52+08:00][sql] SHOW FULL COLUMNS FROM `setting` [ RunTime:0.001092s ]
[2026-08-19T10:08:52+08:00][sql] SELECT * FROM `setting` [ RunTime:0.000577s ]
[2026-08-19T10:08:52+08:00][sql] SHOW FULL COLUMNS FROM `category` [ RunTime:0.001153s ]
[2026-08-19T10:08:52+08:00][sql] SELECT * FROM `category` WHERE  `id` = 2  AND `status` = 1 LIMIT 1 [ RunTime:0.000642s ]
[2026-08-19T10:08:52+08:00][sql] SELECT COUNT(*) AS think_count FROM `goods` `g` LEFT JOIN `user` `u` ON `g`.`seller_id`=`u`.`id` WHERE  `g`.`category_id` = '2'  AND `g`.`status` = '1' [ RunTime:0.003406s ]
[2026-08-19T10:08:52+08:00][sql] SELECT `g`.*,u.nickname as seller_name FROM `goods` `g` LEFT JOIN `user` `u` ON `g`.`seller_id`=`u`.`id` WHERE  `g`.`category_id` = '2'  AND `g`.`status` = '1' ORDER BY `g`.`id` DESC LIMIT 0,10 [ RunTime:0.003648s ]
[2026-08-19T10:08:52+08:00][sql] SHOW FULL COLUMNS FROM `bid_record` [ RunTime:0.001237s ]
[2026-08-19T10:08:52+08:00][sql] SELECT MAX(`price`) AS think_max FROM `bid_record` WHERE  `goods_id` = 28  AND `status` = 0 [ RunTime:0.000709s ]
[2026-08-19T10:08:57+08:00][sql] CONNECT:[ UseTime:0.017284s ] mysql:host=127.0.0.1;port=3306;dbname=auction;charset=utf8mb4
[2026-08-19T10:08:57+08:00][sql] SHOW FULL COLUMNS FROM `goods` [ RunTime:0.001540s ]
[2026-08-19T10:08:57+08:00][sql] SELECT `id` FROM `goods` WHERE  `status` = 1  AND `end_time` <= 1787105337 [ RunTime:0.000879s ]
[2026-08-19T10:08:57+08:00][sql] SHOW FULL COLUMNS FROM `setting` [ RunTime:0.001021s ]
[2026-08-19T10:08:57+08:00][sql] SELECT * FROM `setting` [ RunTime:0.000964s ]
[2026-08-19T10:08:57+08:00][sql] SHOW FULL COLUMNS FROM `category` [ RunTime:0.002050s ]
[2026-08-19T10:08:57+08:00][sql] SELECT * FROM `category` WHERE  `id` = 4  AND `status` = 1 LIMIT 1 [ RunTime:0.001001s ]
[2026-08-19T10:08:57+08:00][sql] SELECT COUNT(*) AS think_count FROM `goods` `g` LEFT JOIN `user` `u` ON `g`.`seller_id`=`u`.`id` WHERE  `g`.`category_id` = '4'  AND `g`.`status` = '1' [ RunTime:0.001174s ]
[2026-08-19T10:08:57+08:00][sql] SELECT `g`.*,u.nickname as seller_name FROM `goods` `g` LEFT JOIN `user` `u` ON `g`.`seller_id`=`u`.`id` WHERE  `g`.`category_id` = '4'  AND `g`.`status` = '1' ORDER BY `g`.`id` DESC LIMIT 0,10 [ RunTime:0.001212s ]
[2026-08-19T10:09:01+08:00][sql] CONNECT:[ UseTime:0.026902s ] mysql:host=127.0.0.1;port=3306;dbname=auction;charset=utf8mb4
[2026-08-19T10:09:01+08:00][sql] SHOW FULL COLUMNS FROM `goods` [ RunTime:0.002404s ]
[2026-08-19T10:09:01+08:00][sql] SELECT `id` FROM `goods` WHERE  `status` = 1  AND `end_time` <= 1787105341 [ RunTime:0.001076s ]
[2026-08-19T10:09:01+08:00][sql] SHOW FULL COLUMNS FROM `setting` [ RunTime:0.001668s ]
[2026-08-19T10:09:01+08:00][sql] SELECT * FROM `setting` [ RunTime:0.000949s ]
[2026-08-19T10:09:01+08:00][sql] SHOW FULL COLUMNS FROM `category` [ RunTime:0.001608s ]
[2026-08-19T10:09:01+08:00][sql] SELECT * FROM `category` WHERE  `id` = 1  AND `status` = 1 LIMIT 1 [ RunTime:0.000906s ]
[2026-08-19T10:09:01+08:00][sql] SELECT COUNT(*) AS think_count FROM `goods` `g` LEFT JOIN `user` `u` ON `g`.`seller_id`=`u`.`id` WHERE  `g`.`category_id` = '1'  AND `g`.`status` = '1' [ RunTime:0.001279s ]
[2026-08-19T10:09:01+08:00][sql] SELECT `g`.*,u.nickname as seller_name FROM `goods` `g` LEFT JOIN `user` `u` ON `g`.`seller_id`=`u`.`id` WHERE  `g`.`category_id` = '1'  AND `g`.`status` = '1' ORDER BY `g`.`id` DESC LIMIT 0,10 [ RunTime:0.001264s ]
[2026-08-19T10:09:01+08:00][sql] SHOW FULL COLUMNS FROM `bid_record` [ RunTime:0.001744s ]
[2026-08-19T10:09:01+08:00][sql] SELECT MAX(`price`) AS think_max FROM `bid_record` WHERE  `goods_id` = 33  AND `status` = 0 [ RunTime:0.000931s ]
[2026-08-19T10:09:01+08:00][sql] SELECT MAX(`price`) AS think_max FROM `bid_record` WHERE  `goods_id` = 30  AND `status` = 0 [ RunTime:0.000918s ]
[2026-08-19T10:10:01+08:00][sql] CONNECT:[ UseTime:0.013295s ] mysql:host=127.0.0.1;port=3306;dbname=auction;charset=utf8mb4
[2026-08-19T10:10:01+08:00][sql] SHOW FULL COLUMNS FROM `goods` [ RunTime:0.002381s ]
[2026-08-19T10:10:01+08:00][sql] SELECT `id` FROM `goods` WHERE  `status` = 1  AND `end_time` <= 1787105401 [ RunTime:0.001116s ]
[2026-08-19T10:10:01+08:00][sql] SHOW FULL COLUMNS FROM `setting` [ RunTime:0.001629s ]
[2026-08-19T10:10:01+08:00][sql] SELECT * FROM `setting` [ RunTime:0.000895s ]
[2026-08-19T10:10:02+08:00][sql] CONNECT:[ UseTime:0.011599s ] mysql:host=127.0.0.1;port=3306;dbname=auction;charset=utf8mb4
[2026-08-19T10:10:02+08:00][sql] SHOW FULL COLUMNS FROM `goods` [ RunTime:0.002158s ]
[2026-08-19T10:10:02+08:00][sql] SELECT `id` FROM `goods` WHERE  `status` = 1  AND `end_time` <= 1787105402 [ RunTime:0.000982s ]
[2026-08-19T10:10:02+08:00][sql] SHOW FULL COLUMNS FROM `setting` [ RunTime:0.001571s ]
[2026-08-19T10:10:02+08:00][sql] SELECT * FROM `setting` [ RunTime:0.000876s ]
[2026-08-19T10:10:15+08:00][sql] CONNECT:[ UseTime:0.025444s ] mysql:host=127.0.0.1;port=3306;dbname=auction;charset=utf8mb4
[2026-08-19T10:10:15+08:00][sql] SHOW FULL COLUMNS FROM `goods` [ RunTime:0.002368s ]
[2026-08-19T10:10:15+08:00][sql] SELECT `id` FROM `goods` WHERE  `status` = 1  AND `end_time` <= 1787105415 [ RunTime:0.001081s ]
[2026-08-19T10:10:15+08:00][sql] SHOW FULL COLUMNS FROM `setting` [ RunTime:0.001574s ]
[2026-08-19T10:10:15+08:00][sql] SELECT * FROM `setting` [ RunTime:0.000886s ]
[2026-08-19T10:10:15+08:00][sql] SHOW FULL COLUMNS FROM `user` [ RunTime:0.001761s ]
[2026-08-19T10:10:15+08:00][sql] SELECT COUNT(*) AS think_count FROM `user` WHERE  `is_seller` = 1  AND `seller_check` = 1  AND (  `shop_name` LIKE '%优雅%' OR `nickname` LIKE '%优雅%' ) [ RunTime:0.000965s ]
[2026-08-19T10:10:15+08:00][sql] SELECT `id`,`nickname`,`shop_name`,`avatar`,`seller_intro`,`total_sell`,`total_buy` FROM `user` WHERE  `is_seller` = 1  AND `seller_check` = 1  AND (  `shop_name` LIKE '%优雅%' OR `nickname` LIKE '%优雅%' ) ORDER BY `id` DESC LIMIT 0,10 [ RunTime:0.000996s ]
[2026-08-19T10:10:16+08:00][sql] CONNECT:[ UseTime:0.026613s ] mysql:host=127.0.0.1;port=3306;dbname=auction;charset=utf8mb4
[2026-08-19T10:10:16+08:00][sql] SHOW FULL COLUMNS FROM `goods` [ RunTime:0.002432s ]
[2026-08-19T10:10:16+08:00][sql] SELECT `id` FROM `goods` WHERE  `status` = 1  AND `end_time` <= 1787105416 [ RunTime:0.001039s ]
[2026-08-19T10:10:16+08:00][sql] SHOW FULL COLUMNS FROM `setting` [ RunTime:0.001585s ]
[2026-08-19T10:10:16+08:00][sql] SELECT * FROM `setting` [ RunTime:0.000846s ]
[2026-08-19T10:10:16+08:00][sql] SHOW FULL COLUMNS FROM `user` [ RunTime:0.001784s ]
[2026-08-19T10:10:16+08:00][sql] SELECT * FROM `user` WHERE  `id` = 25  AND `is_seller` = 1  AND `seller_check` = 1  AND `status` = 1 LIMIT 1 [ RunTime:0.001170s ]
[2026-08-19T10:10:16+08:00][sql] SHOW FULL COLUMNS FROM `seller_follow` [ RunTime:0.001852s ]
[2026-08-19T10:10:16+08:00][sql] SELECT COUNT(*) AS think_count FROM `seller_follow` WHERE  `seller_id` = 25 [ RunTime:0.001117s ]
[2026-08-19T10:10:16+08:00][sql] SELECT `g`.* FROM `goods` `g` WHERE  `g`.`seller_id` = '25'  AND `g`.`status` = '1'  AND `g`.`start_time` <= '1787105416'  AND `g`.`end_time` > '1787105416' ORDER BY `g`.`id` DESC LIMIT 20 [ RunTime:0.001258s ]
[2026-08-19T10:10:16+08:00][sql] SHOW FULL COLUMNS FROM `bid_record` [ RunTime:0.001939s ]
[2026-08-19T10:10:16+08:00][sql] SELECT MAX(`price`) AS think_max FROM `bid_record` WHERE  `goods_id` = 33  AND `status` = 0 [ RunTime:0.001021s ]
[2026-08-19T10:10:16+08:00][sql] SELECT MAX(`price`) AS think_max FROM `bid_record` WHERE  `goods_id` = 30  AND `status` = 0 [ RunTime:0.000899s ]
[2026-08-19T10:10:18+08:00][sql] CONNECT:[ UseTime:0.001984s ] mysql:host=127.0.0.1;port=3306;dbname=auction;charset=utf8mb4
[2026-08-19T10:10:18+08:00][sql] SHOW FULL COLUMNS FROM `goods` [ RunTime:0.001522s ]
[2026-08-19T10:10:18+08:00][sql] SELECT `id` FROM `goods` WHERE  `status` = 1  AND `end_time` <= 1787105418 [ RunTime:0.000846s ]
[2026-08-19T10:10:18+08:00][sql] SHOW FULL COLUMNS FROM `setting` [ RunTime:0.001198s ]
[2026-08-19T10:10:18+08:00][sql] SELECT * FROM `setting` [ RunTime:0.000700s ]
[2026-08-19T10:10:18+08:00][sql] CONNECT:[ UseTime:0.022987s ] mysql:host=127.0.0.1;port=3306;dbname=auction;charset=utf8mb4
[2026-08-19T10:10:18+08:00][sql] SHOW FULL COLUMNS FROM `goods` [ RunTime:0.002446s ]
[2026-08-19T10:10:18+08:00][sql] SELECT `id` FROM `goods` WHERE  `status` = 1  AND `end_time` <= 1787105418 [ RunTime:0.001048s ]
[2026-08-19T10:10:18+08:00][sql] SHOW FULL COLUMNS FROM `setting` [ RunTime:0.001661s ]
[2026-08-19T10:10:18+08:00][sql] SELECT * FROM `setting` [ RunTime:0.000893s ]
[2026-08-19T10:10:20+08:00][sql] CONNECT:[ UseTime:0.026903s ] mysql:host=127.0.0.1;port=3306;dbname=auction;charset=utf8mb4
[2026-08-19T10:10:20+08:00][sql] SHOW FULL COLUMNS FROM `goods` [ RunTime:0.002245s ]
[2026-08-19T10:10:20+08:00][sql] SELECT `id` FROM `goods` WHERE  `status` = 1  AND `end_time` <= 1787105420 [ RunTime:0.000678s ]
[2026-08-19T10:10:20+08:00][sql] SHOW FULL COLUMNS FROM `setting` [ RunTime:0.001494s ]
[2026-08-19T10:10:20+08:00][sql] SELECT * FROM `setting` [ RunTime:0.000955s ]
[2026-08-19T10:10:20+08:00][sql] SELECT COUNT(*) AS think_count FROM `goods` `g` LEFT JOIN `user` `u` ON `g`.`seller_id`=`u`.`id` WHERE  `g`.`status` = '1'  AND `g`.`start_time` <= '1787105420'  AND `g`.`end_time` > '1787105420' [ RunTime:0.001140s ]
[2026-08-19T10:10:20+08:00][sql] SELECT `g`.*,u.nickname as seller_name FROM `goods` `g` LEFT JOIN `user` `u` ON `g`.`seller_id`=`u`.`id` WHERE  `g`.`status` = '1'  AND `g`.`start_time` <= '1787105420'  AND `g`.`end_time` > '1787105420' ORDER BY `g`.`end_time` ASC,`g`.`id` DESC LIMIT 0,10 [ RunTime:0.001260s ]
[2026-08-19T10:10:20+08:00][sql] SHOW FULL COLUMNS FROM `bid_record` [ RunTime:0.001677s ]
[2026-08-19T10:10:20+08:00][sql] SELECT MAX(`price`) AS think_max FROM `bid_record` WHERE  `goods_id` = 28  AND `status` = 0 [ RunTime:0.000964s ]
[2026-08-19T10:10:20+08:00][sql] SELECT MAX(`price`) AS think_max FROM `bid_record` WHERE  `goods_id` = 33  AND `status` = 0 [ RunTime:0.000859s ]
[2026-08-19T10:10:20+08:00][sql] SELECT MAX(`price`) AS think_max FROM `bid_record` WHERE  `goods_id` = 30  AND `status` = 0 [ RunTime:0.000848s ]
[2026-08-19T10:10:20+08:00][sql] SHOW FULL COLUMNS FROM `category` [ RunTime:0.001714s ]
[2026-08-19T10:10:20+08:00][sql] SELECT * FROM `category` WHERE  `status` = 1 ORDER BY `sort` ASC [ RunTime:0.001029s ]
[2026-08-19T10:10:20+08:00][sql] SELECT `b`.`price`,`b`.`create_time`,`g`.`title`,`u`.`nickname` FROM `bid_record` `b` LEFT JOIN `goods` `g` ON `b`.`goods_id`=`g`.`id` LEFT JOIN `user` `u` ON `b`.`user_id`=`u`.`id` WHERE  `b`.`status` = '1' ORDER BY `b`.`id` DESC LIMIT 5 [ RunTime:0.001037s ]
[2026-08-19T10:10:20+08:00][sql] SHOW FULL COLUMNS FROM `news` [ RunTime:0.001494s ]
[2026-08-19T10:10:20+08:00][sql] SELECT `id`,`title`,`create_time` FROM `news` WHERE  `status` = 1 ORDER BY `id` DESC LIMIT 3 [ RunTime:0.000855s ]
[2026-08-19T10:10:20+08:00][sql] SHOW FULL COLUMNS FROM `banner` [ RunTime:0.003466s ]
[2026-08-19T10:10:20+08:00][sql] SELECT * FROM `banner` WHERE  `status` = 1 ORDER BY `sort` ASC,`id` ASC [ RunTime:0.000861s ]
[2026-08-19T10:10:25+08:00][sql] CONNECT:[ UseTime:0.027125s ] mysql:host=127.0.0.1;port=3306;dbname=auction;charset=utf8mb4
[2026-08-19T10:10:25+08:00][sql] SHOW FULL COLUMNS FROM `goods` [ RunTime:0.002796s ]
[2026-08-19T10:10:25+08:00][sql] SELECT `id` FROM `goods` WHERE  `status` = 1  AND `end_time` <= 1787105425 [ RunTime:0.001097s ]
[2026-08-19T10:10:25+08:00][sql] SHOW FULL COLUMNS FROM `setting` [ RunTime:0.001624s ]
[2026-08-19T10:10:25+08:00][sql] SELECT * FROM `setting` [ RunTime:0.000903s ]
[2026-08-19T10:10:25+08:00][sql] SHOW FULL COLUMNS FROM `category` [ RunTime:0.001534s ]
[2026-08-19T10:10:25+08:00][sql] SELECT * FROM `category` WHERE  `status` = 1 ORDER BY `sort` ASC [ RunTime:0.000963s ]
[2026-08-19T10:10:26+08:00][sql] CONNECT:[ UseTime:0.012694s ] mysql:host=127.0.0.1;port=3306;dbname=auction;charset=utf8mb4
[2026-08-19T10:10:26+08:00][sql] SHOW FULL COLUMNS FROM `goods` [ RunTime:0.002135s ]
[2026-08-19T10:10:26+08:00][sql] SELECT `id` FROM `goods` WHERE  `status` = 1  AND `end_time` <= 1787105426 [ RunTime:0.000992s ]
[2026-08-19T10:10:26+08:00][sql] SHOW FULL COLUMNS FROM `setting` [ RunTime:0.001590s ]
[2026-08-19T10:10:26+08:00][sql] SELECT * FROM `setting` [ RunTime:0.000899s ]
[2026-08-19T10:10:26+08:00][sql] SELECT COUNT(*) AS think_count FROM `goods` `g` LEFT JOIN `user` `u` ON `g`.`seller_id`=`u`.`id` WHERE  `g`.`status` = '1'  AND `g`.`start_time` <= '1787105426'  AND `g`.`end_time` > '1787105426'  AND `g`.`category_id` = '2' [ RunTime:0.004566s ]
[2026-08-19T10:10:26+08:00][sql] SELECT `g`.*,u.nickname as seller_name FROM `goods` `g` LEFT JOIN `user` `u` ON `g`.`seller_id`=`u`.`id` WHERE  `g`.`status` = '1'  AND `g`.`start_time` <= '1787105426'  AND `g`.`end_time` > '1787105426'  AND `g`.`category_id` = '2' ORDER BY `g`.`end_time` ASC,`g`.`id` DESC LIMIT 0,10 [ RunTime:0.003977s ]
[2026-08-19T10:10:26+08:00][sql] SHOW FULL COLUMNS FROM `bid_record` [ RunTime:0.001574s ]
[2026-08-19T10:10:26+08:00][sql] SELECT MAX(`price`) AS think_max FROM `bid_record` WHERE  `goods_id` = 28  AND `status` = 0 [ RunTime:0.000895s ]
[2026-08-19T10:10:26+08:00][sql] SHOW FULL COLUMNS FROM `category` [ RunTime:0.001389s ]
[2026-08-19T10:10:26+08:00][sql] SELECT * FROM `category` WHERE  `status` = 1 ORDER BY `sort` ASC [ RunTime:0.000846s ]
[2026-08-19T10:10:26+08:00][sql] SELECT `b`.`price`,`b`.`create_time`,`g`.`title`,`u`.`nickname` FROM `bid_record` `b` LEFT JOIN `goods` `g` ON `b`.`goods_id`=`g`.`id` LEFT JOIN `user` `u` ON `b`.`user_id`=`u`.`id` WHERE  `b`.`status` = '1' ORDER BY `b`.`id` DESC LIMIT 5 [ RunTime:0.000933s ]
[2026-08-19T10:10:26+08:00][sql] SHOW FULL COLUMNS FROM `news` [ RunTime:0.001355s ]
[2026-08-19T10:10:26+08:00][sql] SELECT `id`,`title`,`create_time` FROM `news` WHERE  `status` = 1 ORDER BY `id` DESC LIMIT 3 [ RunTime:0.000802s ]
[2026-08-19T10:10:26+08:00][sql] SHOW FULL COLUMNS FROM `banner` [ RunTime:0.001341s ]
[2026-08-19T10:10:26+08:00][sql] SELECT * FROM `banner` WHERE  `status` = 1 ORDER BY `sort` ASC,`id` ASC [ RunTime:0.000919s ]
[2026-08-19T10:10:35+08:00][sql] CONNECT:[ UseTime:0.012851s ] mysql:host=127.0.0.1;port=3306;dbname=auction;charset=utf8mb4
[2026-08-19T10:10:35+08:00][sql] SHOW FULL COLUMNS FROM `goods` [ RunTime:0.002380s ]
[2026-08-19T10:10:35+08:00][sql] SELECT `id` FROM `goods` WHERE  `status` = 1  AND `end_time` <= 1787105435 [ RunTime:0.000591s ]
[2026-08-19T10:10:35+08:00][sql] SHOW FULL COLUMNS FROM `setting` [ RunTime:0.001195s ]
[2026-08-19T10:10:35+08:00][sql] SELECT * FROM `setting` [ RunTime:0.000960s ]
[2026-08-19T10:10:35+08:00][sql] SELECT COUNT(*) AS think_count FROM `goods` `g` LEFT JOIN `user` `u` ON `g`.`seller_id`=`u`.`id` WHERE  `g`.`status` = '1'  AND `g`.`start_time` <= '1787105435'  AND `g`.`end_time` > '1787105435' [ RunTime:0.001060s ]
[2026-08-19T10:10:35+08:00][sql] SELECT `g`.*,u.nickname as seller_name FROM `goods` `g` LEFT JOIN `user` `u` ON `g`.`seller_id`=`u`.`id` WHERE  `g`.`status` = '1'  AND `g`.`start_time` <= '1787105435'  AND `g`.`end_time` > '1787105435' ORDER BY `g`.`id` DESC LIMIT 0,10 [ RunTime:0.001231s ]
[2026-08-19T10:10:35+08:00][sql] SHOW FULL COLUMNS FROM `bid_record` [ RunTime:0.001716s ]
[2026-08-19T10:10:35+08:00][sql] SELECT MAX(`price`) AS think_max FROM `bid_record` WHERE  `goods_id` = 33  AND `status` = 0 [ RunTime:0.000862s ]
[2026-08-19T10:10:35+08:00][sql] SELECT MAX(`price`) AS think_max FROM `bid_record` WHERE  `goods_id` = 30  AND `status` = 0 [ RunTime:0.000876s ]
[2026-08-19T10:10:35+08:00][sql] SELECT MAX(`price`) AS think_max FROM `bid_record` WHERE  `goods_id` = 28  AND `status` = 0 [ RunTime:0.000877s ]
[2026-08-19T10:10:35+08:00][sql] SHOW FULL COLUMNS FROM `category` [ RunTime:0.001440s ]
[2026-08-19T10:10:35+08:00][sql] SELECT * FROM `category` WHERE  `status` = 1 ORDER BY `sort` ASC [ RunTime:0.000894s ]
[2026-08-19T10:10:35+08:00][sql] SELECT `b`.`price`,`b`.`create_time`,`g`.`title`,`u`.`nickname` FROM `bid_record` `b` LEFT JOIN `goods` `g` ON `b`.`goods_id`=`g`.`id` LEFT JOIN `user` `u` ON `b`.`user_id`=`u`.`id` WHERE  `b`.`status` = '1' ORDER BY `b`.`id` DESC LIMIT 5 [ RunTime:0.001055s ]
[2026-08-19T10:10:35+08:00][sql] SHOW FULL COLUMNS FROM `news` [ RunTime:0.003563s ]
[2026-08-19T10:10:35+08:00][sql] SELECT `id`,`title`,`create_time` FROM `news` WHERE  `status` = 1 ORDER BY `id` DESC LIMIT 3 [ RunTime:0.000879s ]
[2026-08-19T10:10:35+08:00][sql] SHOW FULL COLUMNS FROM `banner` [ RunTime:0.003476s ]
[2026-08-19T10:10:35+08:00][sql] SELECT * FROM `banner` WHERE  `status` = 1 ORDER BY `sort` ASC,`id` ASC [ RunTime:0.000859s ]
[2026-08-19T10:10:35+08:00][sql] CONNECT:[ UseTime:0.014209s ] mysql:host=127.0.0.1;port=3306;dbname=auction;charset=utf8mb4
[2026-08-19T10:10:35+08:00][sql] SHOW FULL COLUMNS FROM `goods` [ RunTime:0.002502s ]
[2026-08-19T10:10:35+08:00][sql] SELECT `id` FROM `goods` WHERE  `status` = 1  AND `end_time` <= 1787105435 [ RunTime:0.001270s ]
[2026-08-19T10:10:35+08:00][sql] SHOW FULL COLUMNS FROM `setting` [ RunTime:0.001960s ]
[2026-08-19T10:10:35+08:00][sql] SELECT * FROM `setting` [ RunTime:0.001193s ]
[2026-08-19T10:10:39+08:00][sql] CONNECT:[ UseTime:0.010942s ] mysql:host=127.0.0.1;port=3306;dbname=auction;charset=utf8mb4
[2026-08-19T10:10:39+08:00][sql] SHOW FULL COLUMNS FROM `goods` [ RunTime:0.001901s ]
[2026-08-19T10:10:39+08:00][sql] SELECT `id` FROM `goods` WHERE  `status` = 1  AND `end_time` <= 1787105439 [ RunTime:0.000932s ]
[2026-08-19T10:10:39+08:00][sql] SHOW FULL COLUMNS FROM `setting` [ RunTime:0.001472s ]
[2026-08-19T10:10:39+08:00][sql] SELECT * FROM `setting` [ RunTime:0.000843s ]
[2026-08-19T10:10:39+08:00][sql] SELECT COUNT(*) AS think_count FROM `goods` `g` LEFT JOIN `user` `u` ON `g`.`seller_id`=`u`.`id` WHERE  `g`.`status` = '1'  AND `g`.`start_time` <= '1787105439'  AND `g`.`end_time` > '1787105439'  AND `g`.`category_id` = '1' [ RunTime:0.001031s ]
[2026-08-19T10:10:39+08:00][sql] SELECT `g`.*,u.nickname as seller_name FROM `goods` `g` LEFT JOIN `user` `u` ON `g`.`seller_id`=`u`.`id` WHERE  `g`.`status` = '1'  AND `g`.`start_time` <= '1787105439'  AND `g`.`end_time` > '1787105439'  AND `g`.`category_id` = '1' ORDER BY `g`.`end_time` ASC,`g`.`id` DESC LIMIT 0,10 [ RunTime:0.001107s ]
[2026-08-19T10:10:39+08:00][sql] SHOW FULL COLUMNS FROM `bid_record` [ RunTime:0.001297s ]
[2026-08-19T10:10:39+08:00][sql] SELECT MAX(`price`) AS think_max FROM `bid_record` WHERE  `goods_id` = 33  AND `status` = 0 [ RunTime:0.000947s ]
[2026-08-19T10:10:39+08:00][sql] SELECT MAX(`price`) AS think_max FROM `bid_record` WHERE  `goods_id` = 30  AND `status` = 0 [ RunTime:0.000646s ]
[2026-08-19T10:10:39+08:00][sql] SHOW FULL COLUMNS FROM `category` [ RunTime:0.000878s ]
[2026-08-19T10:10:39+08:00][sql] SELECT * FROM `category` WHERE  `status` = 1 ORDER BY `sort` ASC [ RunTime:0.000731s ]
[2026-08-19T10:10:39+08:00][sql] SELECT `b`.`price`,`b`.`create_time`,`g`.`title`,`u`.`nickname` FROM `bid_record` `b` LEFT JOIN `goods` `g` ON `b`.`goods_id`=`g`.`id` LEFT JOIN `user` `u` ON `b`.`user_id`=`u`.`id` WHERE  `b`.`status` = '1' ORDER BY `b`.`id` DESC LIMIT 5 [ RunTime:0.001035s ]
[2026-08-19T10:10:39+08:00][sql] SHOW FULL COLUMNS FROM `news` [ RunTime:0.001526s ]
[2026-08-19T10:10:39+08:00][sql] SELECT `id`,`title`,`create_time` FROM `news` WHERE  `status` = 1 ORDER BY `id` DESC LIMIT 3 [ RunTime:0.000844s ]
[2026-08-19T10:10:39+08:00][sql] SHOW FULL COLUMNS FROM `banner` [ RunTime:0.001427s ]
[2026-08-19T10:10:39+08:00][sql] SELECT * FROM `banner` WHERE  `status` = 1 ORDER BY `sort` ASC,`id` ASC [ RunTime:0.000867s ]
[2026-08-19T10:10:41+08:00][sql] CONNECT:[ UseTime:0.023083s ] mysql:host=127.0.0.1;port=3306;dbname=auction;charset=utf8mb4
[2026-08-19T10:10:41+08:00][sql] SHOW FULL COLUMNS FROM `goods` [ RunTime:0.002517s ]
[2026-08-19T10:10:41+08:00][sql] SELECT `id` FROM `goods` WHERE  `status` = 1  AND `end_time` <= 1787105440 [ RunTime:0.001230s ]
[2026-08-19T10:10:41+08:00][sql] SHOW FULL COLUMNS FROM `setting` [ RunTime:0.001815s ]
[2026-08-19T10:10:41+08:00][sql] SELECT * FROM `setting` [ RunTime:0.001049s ]
[2026-08-19T10:10:41+08:00][sql] SELECT COUNT(*) AS think_count FROM `goods` `g` LEFT JOIN `user` `u` ON `g`.`seller_id`=`u`.`id` WHERE  `g`.`status` = '1'  AND `g`.`start_time` <= '1787105441'  AND `g`.`end_time` > '1787105441'  AND `g`.`category_id` = '2' [ RunTime:0.005918s ]
[2026-08-19T10:10:41+08:00][sql] SELECT `g`.*,u.nickname as seller_name FROM `goods` `g` LEFT JOIN `user` `u` ON `g`.`seller_id`=`u`.`id` WHERE  `g`.`status` = '1'  AND `g`.`start_time` <= '1787105441'  AND `g`.`end_time` > '1787105441'  AND `g`.`category_id` = '2' ORDER BY `g`.`end_time` ASC,`g`.`id` DESC LIMIT 0,10 [ RunTime:0.005838s ]
[2026-08-19T10:10:41+08:00][sql] SHOW FULL COLUMNS FROM `bid_record` [ RunTime:0.001883s ]
[2026-08-19T10:10:41+08:00][sql] SELECT MAX(`price`) AS think_max FROM `bid_record` WHERE  `goods_id` = 28  AND `status` = 0 [ RunTime:0.001043s ]
[2026-08-19T10:10:41+08:00][sql] SHOW FULL COLUMNS FROM `category` [ RunTime:0.001562s ]
[2026-08-19T10:10:41+08:00][sql] SELECT * FROM `category` WHERE  `status` = 1 ORDER BY `sort` ASC [ RunTime:0.000949s ]
[2026-08-19T10:10:41+08:00][sql] SELECT `b`.`price`,`b`.`create_time`,`g`.`title`,`u`.`nickname` FROM `bid_record` `b` LEFT JOIN `goods` `g` ON `b`.`goods_id`=`g`.`id` LEFT JOIN `user` `u` ON `b`.`user_id`=`u`.`id` WHERE  `b`.`status` = '1' ORDER BY `b`.`id` DESC LIMIT 5 [ RunTime:0.001158s ]
[2026-08-19T10:10:41+08:00][sql] SHOW FULL COLUMNS FROM `news` [ RunTime:0.003958s ]
[2026-08-19T10:10:41+08:00][sql] SELECT `id`,`title`,`create_time` FROM `news` WHERE  `status` = 1 ORDER BY `id` DESC LIMIT 3 [ RunTime:0.000971s ]
[2026-08-19T10:10:41+08:00][sql] SHOW FULL COLUMNS FROM `banner` [ RunTime:0.004241s ]
[2026-08-19T10:10:41+08:00][sql] SELECT * FROM `banner` WHERE  `status` = 1 ORDER BY `sort` ASC,`id` ASC [ RunTime:0.000910s ]
[2026-08-19T10:10:45+08:00][sql] CONNECT:[ UseTime:0.022488s ] mysql:host=127.0.0.1;port=3306;dbname=auction;charset=utf8mb4
[2026-08-19T10:10:45+08:00][sql] SHOW FULL COLUMNS FROM `goods` [ RunTime:0.002418s ]
[2026-08-19T10:10:45+08:00][sql] SELECT `id` FROM `goods` WHERE  `status` = 1  AND `end_time` <= 1787105445 [ RunTime:0.001054s ]
[2026-08-19T10:10:45+08:00][sql] SHOW FULL COLUMNS FROM `setting` [ RunTime:0.001688s ]
[2026-08-19T10:10:45+08:00][sql] SELECT * FROM `setting` [ RunTime:0.000877s ]
[2026-08-19T10:10:45+08:00][sql] SHOW FULL COLUMNS FROM `category` [ RunTime:0.001581s ]
[2026-08-19T10:10:45+08:00][sql] SELECT * FROM `category` WHERE  `id` = 2  AND `status` = 1 LIMIT 1 [ RunTime:0.000862s ]
[2026-08-19T10:10:45+08:00][sql] SELECT COUNT(*) AS think_count FROM `goods` `g` LEFT JOIN `user` `u` ON `g`.`seller_id`=`u`.`id` WHERE  `g`.`category_id` = '2'  AND `g`.`status` = '1' [ RunTime:0.005038s ]
[2026-08-19T10:10:45+08:00][sql] SELECT `g`.*,u.nickname as seller_name FROM `goods` `g` LEFT JOIN `user` `u` ON `g`.`seller_id`=`u`.`id` WHERE  `g`.`category_id` = '2'  AND `g`.`status` = '1' ORDER BY `g`.`id` DESC LIMIT 0,10 [ RunTime:0.004988s ]
[2026-08-19T10:10:45+08:00][sql] SHOW FULL COLUMNS FROM `bid_record` [ RunTime:0.001525s ]
[2026-08-19T10:10:45+08:00][sql] SELECT MAX(`price`) AS think_max FROM `bid_record` WHERE  `goods_id` = 28  AND `status` = 0 [ RunTime:0.000906s ]
[2026-08-19T10:10:49+08:00][sql] CONNECT:[ UseTime:0.014735s ] mysql:host=127.0.0.1;port=3306;dbname=auction;charset=utf8mb4
[2026-08-19T10:10:49+08:00][sql] SHOW FULL COLUMNS FROM `goods` [ RunTime:0.002555s ]
[2026-08-19T10:10:49+08:00][sql] SELECT `id` FROM `goods` WHERE  `status` = 1  AND `end_time` <= 1787105449 [ RunTime:0.001273s ]
[2026-08-19T10:10:49+08:00][sql] SHOW FULL COLUMNS FROM `setting` [ RunTime:0.001997s ]
[2026-08-19T10:10:49+08:00][sql] SELECT * FROM `setting` [ RunTime:0.001110s ]
[2026-08-19T10:10:49+08:00][sql] SHOW FULL COLUMNS FROM `category` [ RunTime:0.002390s ]
[2026-08-19T10:10:49+08:00][sql] SELECT * FROM `category` WHERE  `status` = 1 ORDER BY `sort` ASC [ RunTime:0.001319s ]
[2026-08-19T10:11:29+08:00][sql] CONNECT:[ UseTime:0.002115s ] mysql:host=127.0.0.1;port=3306;dbname=auction;charset=utf8mb4
[2026-08-19T10:11:29+08:00][sql] SHOW FULL COLUMNS FROM `goods` [ RunTime:0.001322s ]
[2026-08-19T10:11:29+08:00][sql] SELECT `id` FROM `goods` WHERE  `status` = 1  AND `end_time` <= 1787105489 [ RunTime:0.000698s ]
[2026-08-19T10:11:29+08:00][sql] SHOW FULL COLUMNS FROM `setting` [ RunTime:0.000857s ]
[2026-08-19T10:11:29+08:00][sql] SELECT * FROM `setting` [ RunTime:0.000546s ]
[2026-08-19T10:11:29+08:00][sql] SELECT COUNT(*) AS think_count FROM `goods` `g` LEFT JOIN `user` `u` ON `g`.`seller_id`=`u`.`id` WHERE  `g`.`status` = '1'  AND `g`.`start_time` <= '1787105489'  AND `g`.`end_time` > '1787105489' [ RunTime:0.001037s ]
[2026-08-19T10:11:29+08:00][sql] SELECT `g`.*,u.nickname as seller_name FROM `goods` `g` LEFT JOIN `user` `u` ON `g`.`seller_id`=`u`.`id` WHERE  `g`.`status` = '1'  AND `g`.`start_time` <= '1787105489'  AND `g`.`end_time` > '1787105489' ORDER BY `g`.`end_time` ASC,`g`.`id` DESC LIMIT 0,10 [ RunTime:0.001008s ]
[2026-08-19T10:11:29+08:00][sql] SHOW FULL COLUMNS FROM `bid_record` [ RunTime:0.001141s ]
[2026-08-19T10:11:29+08:00][sql] SELECT MAX(`price`) AS think_max FROM `bid_record` WHERE  `goods_id` = 28  AND `status` = 0 [ RunTime:0.000635s ]
[2026-08-19T10:11:29+08:00][sql] SELECT MAX(`price`) AS think_max FROM `bid_record` WHERE  `goods_id` = 33  AND `status` = 0 [ RunTime:0.000556s ]
[2026-08-19T10:11:29+08:00][sql] SELECT MAX(`price`) AS think_max FROM `bid_record` WHERE  `goods_id` = 30  AND `status` = 0 [ RunTime:0.000591s ]
[2026-08-19T10:11:29+08:00][sql] SHOW FULL COLUMNS FROM `category` [ RunTime:0.001008s ]
[2026-08-19T10:11:29+08:00][sql] SELECT * FROM `category` WHERE  `status` = 1 ORDER BY `sort` ASC [ RunTime:0.000607s ]
[2026-08-19T10:11:29+08:00][sql] SELECT `b`.`price`,`b`.`create_time`,`g`.`title`,`u`.`nickname` FROM `bid_record` `b` LEFT JOIN `goods` `g` ON `b`.`goods_id`=`g`.`id` LEFT JOIN `user` `u` ON `b`.`user_id`=`u`.`id` WHERE  `b`.`status` = '1' ORDER BY `b`.`id` DESC LIMIT 5 [ RunTime:0.000657s ]
[2026-08-19T10:11:29+08:00][sql] SHOW FULL COLUMNS FROM `news` [ RunTime:0.001032s ]
[2026-08-19T10:11:29+08:00][sql] SELECT `id`,`title`,`create_time` FROM `news` WHERE  `status` = 1 ORDER BY `id` DESC LIMIT 3 [ RunTime:0.000619s ]
[2026-08-19T10:11:29+08:00][sql] SHOW FULL COLUMNS FROM `banner` [ RunTime:0.001036s ]
[2026-08-19T10:11:29+08:00][sql] SELECT * FROM `banner` WHERE  `status` = 1 ORDER BY `sort` ASC,`id` ASC [ RunTime:0.000492s ]
[2026-08-19T10:11:31+08:00][sql] CONNECT:[ UseTime:0.019116s ] mysql:host=127.0.0.1;port=3306;dbname=auction;charset=utf8mb4
[2026-08-19T10:11:31+08:00][sql] SHOW FULL COLUMNS FROM `goods` [ RunTime:0.002598s ]
[2026-08-19T10:11:31+08:00][sql] SELECT `id` FROM `goods` WHERE  `status` = 1  AND `end_time` <= 1787105491 [ RunTime:0.001114s ]
[2026-08-19T10:11:31+08:00][sql] SHOW FULL COLUMNS FROM `setting` [ RunTime:0.001742s ]
[2026-08-19T10:11:31+08:00][sql] SELECT * FROM `setting` [ RunTime:0.000940s ]
[2026-08-19T10:11:31+08:00][sql] SHOW FULL COLUMNS FROM `category` [ RunTime:0.001622s ]
[2026-08-19T10:11:31+08:00][sql] SELECT * FROM `category` WHERE  `id` = 2  AND `status` = 1 LIMIT 1 [ RunTime:0.000999s ]
[2026-08-19T10:11:31+08:00][sql] SELECT COUNT(*) AS think_count FROM `goods` `g` LEFT JOIN `user` `u` ON `g`.`seller_id`=`u`.`id` WHERE  `g`.`category_id` = '2'  AND `g`.`status` = '1' [ RunTime:0.005116s ]
[2026-08-19T10:11:31+08:00][sql] SELECT `g`.*,u.nickname as seller_name FROM `goods` `g` LEFT JOIN `user` `u` ON `g`.`seller_id`=`u`.`id` WHERE  `g`.`category_id` = '2'  AND `g`.`status` = '1' ORDER BY `g`.`id` DESC LIMIT 0,10 [ RunTime:0.005270s ]
[2026-08-19T10:11:31+08:00][sql] SHOW FULL COLUMNS FROM `bid_record` [ RunTime:0.001215s ]
[2026-08-19T10:11:31+08:00][sql] SELECT MAX(`price`) AS think_max FROM `bid_record` WHERE  `goods_id` = 28  AND `status` = 0 [ RunTime:0.000722s ]
[2026-08-19T10:12:50+08:00][sql] CONNECT:[ UseTime:0.013095s ] mysql:host=127.0.0.1;port=3306;dbname=auction;charset=utf8mb4
[2026-08-19T10:12:50+08:00][sql] SHOW FULL COLUMNS FROM `goods` [ RunTime:0.002229s ]
[2026-08-19T10:12:50+08:00][sql] SELECT `id` FROM `goods` WHERE  `status` = 1  AND `end_time` <= 1787105570 [ RunTime:0.001062s ]
[2026-08-19T10:12:50+08:00][sql] SHOW FULL COLUMNS FROM `setting` [ RunTime:0.001539s ]
[2026-08-19T10:12:50+08:00][sql] SELECT * FROM `setting` [ RunTime:0.000853s ]
[2026-08-19T10:12:50+08:00][sql] SELECT COUNT(*) AS think_count FROM `goods` `g` LEFT JOIN `user` `u` ON `g`.`seller_id`=`u`.`id` WHERE  `g`.`status` = '1'  AND `g`.`start_time` <= '1787105570'  AND `g`.`end_time` > '1787105570' [ RunTime:0.000991s ]
[2026-08-19T10:12:50+08:00][sql] SELECT `g`.*,u.nickname as seller_name FROM `goods` `g` LEFT JOIN `user` `u` ON `g`.`seller_id`=`u`.`id` WHERE  `g`.`status` = '1'  AND `g`.`start_time` <= '1787105570'  AND `g`.`end_time` > '1787105570' ORDER BY `g`.`end_time` ASC,`g`.`id` DESC LIMIT 0,10 [ RunTime:0.001147s ]
[2026-08-19T10:12:50+08:00][sql] SHOW FULL COLUMNS FROM `bid_record` [ RunTime:0.001787s ]
[2026-08-19T10:12:50+08:00][sql] SELECT MAX(`price`) AS think_max FROM `bid_record` WHERE  `goods_id` = 28  AND `status` = 0 [ RunTime:0.001145s ]
[2026-08-19T10:12:50+08:00][sql] SELECT MAX(`price`) AS think_max FROM `bid_record` WHERE  `goods_id` = 33  AND `status` = 0 [ RunTime:0.001155s ]
[2026-08-19T10:12:50+08:00][sql] SELECT MAX(`price`) AS think_max FROM `bid_record` WHERE  `goods_id` = 30  AND `status` = 0 [ RunTime:0.001176s ]
[2026-08-19T10:12:50+08:00][sql] SHOW FULL COLUMNS FROM `category` [ RunTime:0.001938s ]
[2026-08-19T10:12:50+08:00][sql] SELECT * FROM `category` WHERE  `status` = 1 ORDER BY `sort` ASC [ RunTime:0.001140s ]
[2026-08-19T10:12:50+08:00][sql] SELECT `b`.`price`,`b`.`create_time`,`g`.`title`,`u`.`nickname` FROM `bid_record` `b` LEFT JOIN `goods` `g` ON `b`.`goods_id`=`g`.`id` LEFT JOIN `user` `u` ON `b`.`user_id`=`u`.`id` WHERE  `b`.`status` = '1' ORDER BY `b`.`id` DESC LIMIT 5 [ RunTime:0.001089s ]
[2026-08-19T10:12:50+08:00][sql] SHOW FULL COLUMNS FROM `news` [ RunTime:0.001660s ]
[2026-08-19T10:12:50+08:00][sql] SELECT `id`,`title`,`create_time` FROM `news` WHERE  `status` = 1 ORDER BY `id` DESC LIMIT 3 [ RunTime:0.000958s ]
[2026-08-19T10:12:50+08:00][sql] SHOW FULL COLUMNS FROM `banner` [ RunTime:0.001668s ]
[2026-08-19T10:12:50+08:00][sql] SELECT * FROM `banner` WHERE  `status` = 1 ORDER BY `sort` ASC,`id` ASC [ RunTime:0.001020s ]
[2026-08-19T10:12:53+08:00][sql] CONNECT:[ UseTime:0.015583s ] mysql:host=127.0.0.1;port=3306;dbname=auction;charset=utf8mb4
[2026-08-19T10:12:53+08:00][sql] SHOW FULL COLUMNS FROM `goods` [ RunTime:0.002293s ]
[2026-08-19T10:12:53+08:00][sql] SELECT `id` FROM `goods` WHERE  `status` = 1  AND `end_time` <= 1787105573 [ RunTime:0.001040s ]
[2026-08-19T10:12:53+08:00][sql] SHOW FULL COLUMNS FROM `setting` [ RunTime:0.001683s ]
[2026-08-19T10:12:53+08:00][sql] SELECT * FROM `setting` [ RunTime:0.000888s ]
[2026-08-19T10:12:53+08:00][sql] SHOW FULL COLUMNS FROM `category` [ RunTime:0.001616s ]
[2026-08-19T10:12:53+08:00][sql] SELECT * FROM `category` WHERE  `status` = 1 ORDER BY `sort` ASC [ RunTime:0.000950s ]
[2026-08-19T10:12:55+08:00][sql] CONNECT:[ UseTime:0.014650s ] mysql:host=127.0.0.1;port=3306;dbname=auction;charset=utf8mb4
[2026-08-19T10:12:55+08:00][sql] SHOW FULL COLUMNS FROM `goods` [ RunTime:0.002191s ]
[2026-08-19T10:12:55+08:00][sql] SELECT `id` FROM `goods` WHERE  `status` = 1  AND `end_time` <= 1787105575 [ RunTime:0.000985s ]
[2026-08-19T10:12:55+08:00][sql] SHOW FULL COLUMNS FROM `setting` [ RunTime:0.001598s ]
[2026-08-19T10:12:55+08:00][sql] SELECT * FROM `setting` [ RunTime:0.000901s ]
[2026-08-19T10:12:55+08:00][sql] SHOW FULL COLUMNS FROM `category` [ RunTime:0.001469s ]
[2026-08-19T10:12:55+08:00][sql] SELECT * FROM `category` WHERE  `id` = 1  AND `status` = 1 LIMIT 1 [ RunTime:0.000800s ]
[2026-08-19T10:12:55+08:00][sql] SELECT COUNT(*) AS think_count FROM `goods` `g` LEFT JOIN `user` `u` ON `g`.`seller_id`=`u`.`id` WHERE  `g`.`category_id` = '1'  AND `g`.`status` = '1' [ RunTime:0.001087s ]
[2026-08-19T10:12:55+08:00][sql] SELECT `g`.*,u.nickname as seller_name FROM `goods` `g` LEFT JOIN `user` `u` ON `g`.`seller_id`=`u`.`id` WHERE  `g`.`category_id` = '1'  AND `g`.`status` = '1' ORDER BY `g`.`id` DESC LIMIT 0,10 [ RunTime:0.001107s ]
[2026-08-19T10:12:55+08:00][sql] SHOW FULL COLUMNS FROM `bid_record` [ RunTime:0.001506s ]
[2026-08-19T10:12:55+08:00][sql] SELECT MAX(`price`) AS think_max FROM `bid_record` WHERE  `goods_id` = 33  AND `status` = 0 [ RunTime:0.000847s ]
[2026-08-19T10:12:55+08:00][sql] SELECT MAX(`price`) AS think_max FROM `bid_record` WHERE  `goods_id` = 30  AND `status` = 0 [ RunTime:0.000833s ]
[2026-08-19T10:13:03+08:00][sql] CONNECT:[ UseTime:0.020668s ] mysql:host=127.0.0.1;port=3306;dbname=auction;charset=utf8mb4
[2026-08-19T10:13:03+08:00][sql] SHOW FULL COLUMNS FROM `goods` [ RunTime:0.001080s ]
[2026-08-19T10:13:03+08:00][sql] SELECT `id` FROM `goods` WHERE  `status` = 1  AND `end_time` <= 1787105583 [ RunTime:0.000803s ]
[2026-08-19T10:13:03+08:00][sql] SHOW FULL COLUMNS FROM `setting` [ RunTime:0.001434s ]
[2026-08-19T10:13:03+08:00][sql] SELECT * FROM `setting` [ RunTime:0.000937s ]
[2026-08-19T10:13:03+08:00][sql] SELECT COUNT(*) AS think_count FROM `goods` `g` LEFT JOIN `user` `u` ON `g`.`seller_id`=`u`.`id` WHERE  `g`.`status` = '1'  AND `g`.`start_time` <= '1787105583'  AND `g`.`end_time` > '1787105583' [ RunTime:0.001085s ]
[2026-08-19T10:13:03+08:00][sql] SELECT `g`.*,u.nickname as seller_name FROM `goods` `g` LEFT JOIN `user` `u` ON `g`.`seller_id`=`u`.`id` WHERE  `g`.`status` = '1'  AND `g`.`start_time` <= '1787105583'  AND `g`.`end_time` > '1787105583' ORDER BY `g`.`end_time` ASC,`g`.`id` DESC LIMIT 0,10 [ RunTime:0.001362s ]
[2026-08-19T10:13:03+08:00][sql] SHOW FULL COLUMNS FROM `bid_record` [ RunTime:0.001552s ]
[2026-08-19T10:13:03+08:00][sql] SELECT MAX(`price`) AS think_max FROM `bid_record` WHERE  `goods_id` = 28  AND `status` = 0 [ RunTime:0.000895s ]
[2026-08-19T10:13:03+08:00][sql] SELECT MAX(`price`) AS think_max FROM `bid_record` WHERE  `goods_id` = 33  AND `status` = 0 [ RunTime:0.000802s ]
[2026-08-19T10:13:03+08:00][sql] SELECT MAX(`price`) AS think_max FROM `bid_record` WHERE  `goods_id` = 30  AND `status` = 0 [ RunTime:0.000776s ]
[2026-08-19T10:13:03+08:00][sql] SHOW FULL COLUMNS FROM `category` [ RunTime:0.001457s ]
[2026-08-19T10:13:03+08:00][sql] SELECT * FROM `category` WHERE  `status` = 1 ORDER BY `sort` ASC [ RunTime:0.000979s ]
[2026-08-19T10:13:03+08:00][sql] SELECT `b`.`price`,`b`.`create_time`,`g`.`title`,`u`.`nickname` FROM `bid_record` `b` LEFT JOIN `goods` `g` ON `b`.`goods_id`=`g`.`id` LEFT JOIN `user` `u` ON `b`.`user_id`=`u`.`id` WHERE  `b`.`status` = '1' ORDER BY `b`.`id` DESC LIMIT 5 [ RunTime:0.001059s ]
[2026-08-19T10:13:03+08:00][sql] SHOW FULL COLUMNS FROM `news` [ RunTime:0.001514s ]
[2026-08-19T10:13:03+08:00][sql] SELECT `id`,`title`,`create_time` FROM `news` WHERE  `status` = 1 ORDER BY `id` DESC LIMIT 3 [ RunTime:0.000984s ]
[2026-08-19T10:13:03+08:00][sql] SHOW FULL COLUMNS FROM `banner` [ RunTime:0.001629s ]
[2026-08-19T10:13:03+08:00][sql] SELECT * FROM `banner` WHERE  `status` = 1 ORDER BY `sort` ASC,`id` ASC [ RunTime:0.000869s ]
[2026-08-19T10:13:07+08:00][sql] CONNECT:[ UseTime:0.009553s ] mysql:host=127.0.0.1;port=3306;dbname=auction;charset=utf8mb4
[2026-08-19T10:13:07+08:00][sql] SHOW FULL COLUMNS FROM `goods` [ RunTime:0.001914s ]
[2026-08-19T10:13:07+08:00][sql] SELECT `id` FROM `goods` WHERE  `status` = 1  AND `end_time` <= 1787105587 [ RunTime:0.000850s ]
[2026-08-19T10:13:07+08:00][sql] SHOW FULL COLUMNS FROM `setting` [ RunTime:0.001325s ]
[2026-08-19T10:13:07+08:00][sql] SELECT * FROM `setting` [ RunTime:0.000709s ]
[2026-08-19T10:13:07+08:00][sql] SELECT COUNT(*) AS think_count FROM `goods` `g` LEFT JOIN `user` `u` ON `g`.`seller_id`=`u`.`id` WHERE  `g`.`status` = '1'  AND `g`.`start_time` <= '1787105587'  AND `g`.`end_time` > '1787105587' [ RunTime:0.000923s ]
[2026-08-19T10:13:07+08:00][sql] SELECT `g`.*,u.nickname as seller_name FROM `goods` `g` LEFT JOIN `user` `u` ON `g`.`seller_id`=`u`.`id` WHERE  `g`.`status` = '1'  AND `g`.`start_time` <= '1787105587'  AND `g`.`end_time` > '1787105587' ORDER BY `g`.`end_time` ASC,`g`.`id` DESC LIMIT 0,10 [ RunTime:0.001090s ]
[2026-08-19T10:13:07+08:00][sql] SHOW FULL COLUMNS FROM `bid_record` [ RunTime:0.001429s ]
[2026-08-19T10:13:07+08:00][sql] SELECT MAX(`price`) AS think_max FROM `bid_record` WHERE  `goods_id` = 28  AND `status` = 0 [ RunTime:0.000786s ]
[2026-08-19T10:13:07+08:00][sql] SELECT MAX(`price`) AS think_max FROM `bid_record` WHERE  `goods_id` = 33  AND `status` = 0 [ RunTime:0.000727s ]
[2026-08-19T10:13:07+08:00][sql] SELECT MAX(`price`) AS think_max FROM `bid_record` WHERE  `goods_id` = 30  AND `status` = 0 [ RunTime:0.001225s ]
[2026-08-19T10:13:07+08:00][sql] SHOW FULL COLUMNS FROM `category` [ RunTime:0.001710s ]
[2026-08-19T10:13:07+08:00][sql] SELECT * FROM `category` WHERE  `status` = 1 ORDER BY `sort` ASC [ RunTime:0.000856s ]
[2026-08-19T10:13:07+08:00][sql] SELECT `b`.`price`,`b`.`create_time`,`g`.`title`,`u`.`nickname` FROM `bid_record` `b` LEFT JOIN `goods` `g` ON `b`.`goods_id`=`g`.`id` LEFT JOIN `user` `u` ON `b`.`user_id`=`u`.`id` WHERE  `b`.`status` = '1' ORDER BY `b`.`id` DESC LIMIT 5 [ RunTime:0.000886s ]
[2026-08-19T10:13:07+08:00][sql] SHOW FULL COLUMNS FROM `news` [ RunTime:0.001302s ]
[2026-08-19T10:13:07+08:00][sql] SELECT `id`,`title`,`create_time` FROM `news` WHERE  `status` = 1 ORDER BY `id` DESC LIMIT 3 [ RunTime:0.000805s ]
[2026-08-19T10:13:07+08:00][sql] SHOW FULL COLUMNS FROM `banner` [ RunTime:0.001276s ]
[2026-08-19T10:13:07+08:00][sql] SELECT * FROM `banner` WHERE  `status` = 1 ORDER BY `sort` ASC,`id` ASC [ RunTime:0.000785s ]
[2026-08-19T10:13:09+08:00][sql] CONNECT:[ UseTime:0.018999s ] mysql:host=127.0.0.1;port=3306;dbname=auction;charset=utf8mb4
[2026-08-19T10:13:09+08:00][sql] SHOW FULL COLUMNS FROM `goods` [ RunTime:0.002165s ]
[2026-08-19T10:13:09+08:00][sql] SELECT `id` FROM `goods` WHERE  `status` = 1  AND `end_time` <= 1787105589 [ RunTime:0.001042s ]
[2026-08-19T10:13:09+08:00][sql] SHOW FULL COLUMNS FROM `setting` [ RunTime:0.001596s ]
[2026-08-19T10:13:09+08:00][sql] SELECT * FROM `setting` [ RunTime:0.000846s ]
[2026-08-19T10:13:09+08:00][sql] SHOW FULL COLUMNS FROM `category` [ RunTime:0.001505s ]
[2026-08-19T10:13:09+08:00][sql] SELECT * FROM `category` WHERE  `status` = 1 ORDER BY `sort` ASC [ RunTime:0.000864s ]
[2026-08-19T10:13:11+08:00][sql] CONNECT:[ UseTime:0.016880s ] mysql:host=127.0.0.1;port=3306;dbname=auction;charset=utf8mb4
[2026-08-19T10:13:11+08:00][sql] SHOW FULL COLUMNS FROM `goods` [ RunTime:0.002158s ]
[2026-08-19T10:13:11+08:00][sql] SELECT `id` FROM `goods` WHERE  `status` = 1  AND `end_time` <= 1787105591 [ RunTime:0.001202s ]
[2026-08-19T10:13:11+08:00][sql] SHOW FULL COLUMNS FROM `setting` [ RunTime:0.001560s ]
[2026-08-19T10:13:11+08:00][sql] SELECT * FROM `setting` [ RunTime:0.000867s ]
[2026-08-19T10:13:11+08:00][sql] SHOW FULL COLUMNS FROM `category` [ RunTime:0.001579s ]
[2026-08-19T10:13:11+08:00][sql] SELECT * FROM `category` WHERE  `id` = 1  AND `status` = 1 LIMIT 1 [ RunTime:0.000942s ]
[2026-08-19T10:13:11+08:00][sql] SELECT COUNT(*) AS think_count FROM `goods` `g` LEFT JOIN `user` `u` ON `g`.`seller_id`=`u`.`id` WHERE  `g`.`category_id` = '1'  AND `g`.`status` = '1' [ RunTime:0.001043s ]
[2026-08-19T10:13:11+08:00][sql] SELECT `g`.*,u.nickname as seller_name FROM `goods` `g` LEFT JOIN `user` `u` ON `g`.`seller_id`=`u`.`id` WHERE  `g`.`category_id` = '1'  AND `g`.`status` = '1' ORDER BY `g`.`id` DESC LIMIT 0,10 [ RunTime:0.001171s ]
[2026-08-19T10:13:11+08:00][sql] SHOW FULL COLUMNS FROM `bid_record` [ RunTime:0.001640s ]
[2026-08-19T10:13:11+08:00][sql] SELECT MAX(`price`) AS think_max FROM `bid_record` WHERE  `goods_id` = 33  AND `status` = 0 [ RunTime:0.000924s ]
[2026-08-19T10:13:11+08:00][sql] SELECT MAX(`price`) AS think_max FROM `bid_record` WHERE  `goods_id` = 30  AND `status` = 0 [ RunTime:0.000871s ]
[2026-08-19T10:13:14+08:00][sql] CONNECT:[ UseTime:0.001479s ] mysql:host=127.0.0.1;port=3306;dbname=auction;charset=utf8mb4
[2026-08-19T10:13:14+08:00][sql] SHOW FULL COLUMNS FROM `goods` [ RunTime:0.001922s ]
[2026-08-19T10:13:14+08:00][sql] SELECT `id` FROM `goods` WHERE  `status` = 1  AND `end_time` <= 1787105594 [ RunTime:0.000967s ]
[2026-08-19T10:13:14+08:00][sql] SHOW FULL COLUMNS FROM `setting` [ RunTime:0.001463s ]
[2026-08-19T10:13:14+08:00][sql] SELECT * FROM `setting` [ RunTime:0.000772s ]
[2026-08-19T10:13:14+08:00][sql] SHOW FULL COLUMNS FROM `category` [ RunTime:0.001414s ]
[2026-08-19T10:13:14+08:00][sql] SELECT * FROM `category` WHERE  `id` = 2  AND `status` = 1 LIMIT 1 [ RunTime:0.000754s ]
[2026-08-19T10:13:14+08:00][sql] SELECT COUNT(*) AS think_count FROM `goods` `g` LEFT JOIN `user` `u` ON `g`.`seller_id`=`u`.`id` WHERE  `g`.`category_id` = '2'  AND `g`.`status` = '1' [ RunTime:0.004316s ]
[2026-08-19T10:13:14+08:00][sql] SELECT `g`.*,u.nickname as seller_name FROM `goods` `g` LEFT JOIN `user` `u` ON `g`.`seller_id`=`u`.`id` WHERE  `g`.`category_id` = '2'  AND `g`.`status` = '1' ORDER BY `g`.`id` DESC LIMIT 0,10 [ RunTime:0.004387s ]
[2026-08-19T10:13:14+08:00][sql] SHOW FULL COLUMNS FROM `bid_record` [ RunTime:0.001468s ]
[2026-08-19T10:13:14+08:00][sql] SELECT MAX(`price`) AS think_max FROM `bid_record` WHERE  `goods_id` = 28  AND `status` = 0 [ RunTime:0.000864s ]
[2026-08-19T10:13:16+08:00][sql] CONNECT:[ UseTime:0.008581s ] mysql:host=127.0.0.1;port=3306;dbname=auction;charset=utf8mb4
[2026-08-19T10:13:16+08:00][sql] SHOW FULL COLUMNS FROM `goods` [ RunTime:0.002199s ]
[2026-08-19T10:13:16+08:00][sql] SELECT `id` FROM `goods` WHERE  `status` = 1  AND `end_time` <= 1787105596 [ RunTime:0.001076s ]
[2026-08-19T10:13:16+08:00][sql] SHOW FULL COLUMNS FROM `setting` [ RunTime:0.001513s ]
[2026-08-19T10:13:16+08:00][sql] SELECT * FROM `setting` [ RunTime:0.000793s ]
[2026-08-19T10:13:16+08:00][sql] SHOW FULL COLUMNS FROM `category` [ RunTime:0.001423s ]
[2026-08-19T10:13:16+08:00][sql] SELECT * FROM `category` WHERE  `id` = 3  AND `status` = 1 LIMIT 1 [ RunTime:0.000777s ]
[2026-08-19T10:13:16+08:00][sql] SELECT COUNT(*) AS think_count FROM `goods` `g` LEFT JOIN `user` `u` ON `g`.`seller_id`=`u`.`id` WHERE  `g`.`category_id` = '3'  AND `g`.`status` = '1' [ RunTime:0.000874s ]
[2026-08-19T10:13:16+08:00][sql] SELECT `g`.*,u.nickname as seller_name FROM `goods` `g` LEFT JOIN `user` `u` ON `g`.`seller_id`=`u`.`id` WHERE  `g`.`category_id` = '3'  AND `g`.`status` = '1' ORDER BY `g`.`id` DESC LIMIT 0,10 [ RunTime:0.000939s ]
[2026-08-19T10:13:19+08:00][sql] CONNECT:[ UseTime:0.020084s ] mysql:host=127.0.0.1;port=3306;dbname=auction;charset=utf8mb4
[2026-08-19T10:13:19+08:00][sql] SHOW FULL COLUMNS FROM `goods` [ RunTime:0.001593s ]
[2026-08-19T10:13:19+08:00][sql] SELECT `id` FROM `goods` WHERE  `status` = 1  AND `end_time` <= 1787105599 [ RunTime:0.001121s ]
[2026-08-19T10:13:19+08:00][sql] SHOW FULL COLUMNS FROM `setting` [ RunTime:0.001546s ]
[2026-08-19T10:13:19+08:00][sql] SELECT * FROM `setting` [ RunTime:0.000711s ]
[2026-08-19T10:13:19+08:00][sql] SHOW FULL COLUMNS FROM `category` [ RunTime:0.000923s ]
[2026-08-19T10:13:19+08:00][sql] SELECT * FROM `category` WHERE  `id` = 4  AND `status` = 1 LIMIT 1 [ RunTime:0.000658s ]
[2026-08-19T10:13:19+08:00][sql] SELECT COUNT(*) AS think_count FROM `goods` `g` LEFT JOIN `user` `u` ON `g`.`seller_id`=`u`.`id` WHERE  `g`.`category_id` = '4'  AND `g`.`status` = '1' [ RunTime:0.000907s ]
[2026-08-19T10:13:19+08:00][sql] SELECT `g`.*,u.nickname as seller_name FROM `goods` `g` LEFT JOIN `user` `u` ON `g`.`seller_id`=`u`.`id` WHERE  `g`.`category_id` = '4'  AND `g`.`status` = '1' ORDER BY `g`.`id` DESC LIMIT 0,10 [ RunTime:0.000583s ]
[2026-08-19T10:13:22+08:00][sql] CONNECT:[ UseTime:0.011654s ] mysql:host=127.0.0.1;port=3306;dbname=auction;charset=utf8mb4
[2026-08-19T10:13:22+08:00][sql] SHOW FULL COLUMNS FROM `goods` [ RunTime:0.002128s ]
[2026-08-19T10:13:22+08:00][sql] SELECT `id` FROM `goods` WHERE  `status` = 1  AND `end_time` <= 1787105602 [ RunTime:0.001009s ]
[2026-08-19T10:13:22+08:00][sql] SHOW FULL COLUMNS FROM `setting` [ RunTime:0.001558s ]
[2026-08-19T10:13:22+08:00][sql] SELECT * FROM `setting` [ RunTime:0.000890s ]
[2026-08-19T10:13:22+08:00][sql] SELECT COUNT(*) AS think_count FROM `goods` `g` LEFT JOIN `user` `u` ON `g`.`seller_id`=`u`.`id` WHERE  `g`.`status` = '1'  AND `g`.`start_time` <= '1787105602'  AND `g`.`end_time` > '1787105602' [ RunTime:0.001037s ]
[2026-08-19T10:13:22+08:00][sql] SELECT `g`.*,u.nickname as seller_name FROM `goods` `g` LEFT JOIN `user` `u` ON `g`.`seller_id`=`u`.`id` WHERE  `g`.`status` = '1'  AND `g`.`start_time` <= '1787105602'  AND `g`.`end_time` > '1787105602' ORDER BY `g`.`end_time` ASC,`g`.`id` DESC LIMIT 0,10 [ RunTime:0.001193s ]
[2026-08-19T10:13:22+08:00][sql] SHOW FULL COLUMNS FROM `bid_record` [ RunTime:0.001725s ]
[2026-08-19T10:13:22+08:00][sql] SELECT MAX(`price`) AS think_max FROM `bid_record` WHERE  `goods_id` = 28  AND `status` = 0 [ RunTime:0.000966s ]
[2026-08-19T10:13:22+08:00][sql] SELECT MAX(`price`) AS think_max FROM `bid_record` WHERE  `goods_id` = 33  AND `status` = 0 [ RunTime:0.000880s ]
[2026-08-19T10:13:22+08:00][sql] SELECT MAX(`price`) AS think_max FROM `bid_record` WHERE  `goods_id` = 30  AND `status` = 0 [ RunTime:0.000892s ]
[2026-08-19T10:13:22+08:00][sql] SHOW FULL COLUMNS FROM `category` [ RunTime:0.001529s ]
[2026-08-19T10:13:22+08:00][sql] SELECT * FROM `category` WHERE  `status` = 1 ORDER BY `sort` ASC [ RunTime:0.000928s ]
[2026-08-19T10:13:22+08:00][sql] SELECT `b`.`price`,`b`.`create_time`,`g`.`title`,`u`.`nickname` FROM `bid_record` `b` LEFT JOIN `goods` `g` ON `b`.`goods_id`=`g`.`id` LEFT JOIN `user` `u` ON `b`.`user_id`=`u`.`id` WHERE  `b`.`status` = '1' ORDER BY `b`.`id` DESC LIMIT 5 [ RunTime:0.000971s ]
[2026-08-19T10:13:22+08:00][sql] SHOW FULL COLUMNS FROM `news` [ RunTime:0.001446s ]
[2026-08-19T10:13:22+08:00][sql] SELECT `id`,`title`,`create_time` FROM `news` WHERE  `status` = 1 ORDER BY `id` DESC LIMIT 3 [ RunTime:0.000849s ]
[2026-08-19T10:13:22+08:00][sql] SHOW FULL COLUMNS FROM `banner` [ RunTime:0.001413s ]
[2026-08-19T10:13:22+08:00][sql] SELECT * FROM `banner` WHERE  `status` = 1 ORDER BY `sort` ASC,`id` ASC [ RunTime:0.000852s ]
[2026-08-19T10:13:24+08:00][sql] CONNECT:[ UseTime:0.012260s ] mysql:host=127.0.0.1;port=3306;dbname=auction;charset=utf8mb4
[2026-08-19T10:13:24+08:00][sql] SHOW FULL COLUMNS FROM `goods` [ RunTime:0.001599s ]
[2026-08-19T10:13:24+08:00][sql] SELECT `id` FROM `goods` WHERE  `status` = 1  AND `end_time` <= 1787105604 [ RunTime:0.001031s ]
[2026-08-19T10:13:24+08:00][sql] SHOW FULL COLUMNS FROM `setting` [ RunTime:0.001578s ]
[2026-08-19T10:13:24+08:00][sql] SELECT * FROM `setting` [ RunTime:0.000888s ]
[2026-08-19T10:13:24+08:00][sql] SHOW FULL COLUMNS FROM `category` [ RunTime:0.001549s ]
[2026-08-19T10:13:24+08:00][sql] SELECT * FROM `category` WHERE  `status` = 1 ORDER BY `sort` ASC [ RunTime:0.000733s ]
[2026-08-19T10:14:54+08:00][sql] CONNECT:[ UseTime:0.008477s ] mysql:host=127.0.0.1;port=3306;dbname=auction;charset=utf8mb4
[2026-08-19T10:14:54+08:00][sql] SHOW FULL COLUMNS FROM `goods` [ RunTime:0.001576s ]
[2026-08-19T10:14:54+08:00][sql] SELECT `id` FROM `goods` WHERE  `status` = 1  AND `end_time` <= 1787105694 [ RunTime:0.000759s ]
[2026-08-19T10:14:54+08:00][sql] SHOW FULL COLUMNS FROM `setting` [ RunTime:0.001153s ]
[2026-08-19T10:14:54+08:00][sql] SELECT * FROM `setting` [ RunTime:0.000639s ]
[2026-08-19T10:14:54+08:00][sql] SHOW FULL COLUMNS FROM `category` [ RunTime:0.001272s ]
[2026-08-19T10:14:54+08:00][sql] SELECT * FROM `category` WHERE  `status` = 1 ORDER BY `sort` ASC [ RunTime:0.000738s ]
[2026-08-19T10:14:56+08:00][sql] CONNECT:[ UseTime:0.012098s ] mysql:host=127.0.0.1;port=3306;dbname=auction;charset=utf8mb4
[2026-08-19T10:14:56+08:00][sql] SHOW FULL COLUMNS FROM `goods` [ RunTime:0.001782s ]
[2026-08-19T10:14:56+08:00][sql] SELECT `id` FROM `goods` WHERE  `status` = 1  AND `end_time` <= 1787105696 [ RunTime:0.000797s ]
[2026-08-19T10:14:56+08:00][sql] SHOW FULL COLUMNS FROM `setting` [ RunTime:0.001160s ]
[2026-08-19T10:14:56+08:00][sql] SELECT * FROM `setting` [ RunTime:0.000680s ]
[2026-08-19T10:14:56+08:00][sql] SELECT COUNT(*) AS think_count FROM `goods` `g` LEFT JOIN `user` `u` ON `g`.`seller_id`=`u`.`id` WHERE  `g`.`status` = '1' [ RunTime:0.000803s ]
[2026-08-19T10:14:56+08:00][sql] SELECT `g`.*,u.nickname as seller_name FROM `goods` `g` LEFT JOIN `user` `u` ON `g`.`seller_id`=`u`.`id` WHERE  `g`.`status` = '1' ORDER BY `g`.`id` DESC LIMIT 0,10 [ RunTime:0.000837s ]
[2026-08-19T10:14:56+08:00][sql] SHOW FULL COLUMNS FROM `bid_record` [ RunTime:0.001270s ]
[2026-08-19T10:14:56+08:00][sql] SELECT MAX(`price`) AS think_max FROM `bid_record` WHERE  `goods_id` = 33  AND `status` = 0 [ RunTime:0.000692s ]
[2026-08-19T10:14:56+08:00][sql] SELECT MAX(`price`) AS think_max FROM `bid_record` WHERE  `goods_id` = 30  AND `status` = 0 [ RunTime:0.000669s ]
[2026-08-19T10:14:56+08:00][sql] SELECT MAX(`price`) AS think_max FROM `bid_record` WHERE  `goods_id` = 28  AND `status` = 0 [ RunTime:0.000675s ]
[2026-08-19T10:14:58+08:00][sql] CONNECT:[ UseTime:0.001974s ] mysql:host=127.0.0.1;port=3306;dbname=auction;charset=utf8mb4
[2026-08-19T10:14:58+08:00][sql] SHOW FULL COLUMNS FROM `goods` [ RunTime:0.001297s ]
[2026-08-19T10:14:58+08:00][sql] SELECT `id` FROM `goods` WHERE  `status` = 1  AND `end_time` <= 1787105698 [ RunTime:0.000675s ]
[2026-08-19T10:14:58+08:00][sql] SHOW FULL COLUMNS FROM `setting` [ RunTime:0.001069s ]
[2026-08-19T10:14:58+08:00][sql] SELECT * FROM `setting` [ RunTime:0.000612s ]
[2026-08-19T10:14:58+08:00][sql] SHOW FULL COLUMNS FROM `category` [ RunTime:0.001266s ]
[2026-08-19T10:14:58+08:00][sql] SELECT * FROM `category` WHERE  `id` = 1  AND `status` = 1 LIMIT 1 [ RunTime:0.000711s ]
[2026-08-19T10:14:58+08:00][sql] SELECT COUNT(*) AS think_count FROM `goods` `g` LEFT JOIN `user` `u` ON `g`.`seller_id`=`u`.`id` WHERE  `g`.`status` = '1'  AND `g`.`category_id` = '1' [ RunTime:0.000853s ]
[2026-08-19T10:14:58+08:00][sql] SELECT `g`.*,u.nickname as seller_name FROM `goods` `g` LEFT JOIN `user` `u` ON `g`.`seller_id`=`u`.`id` WHERE  `g`.`status` = '1'  AND `g`.`category_id` = '1' ORDER BY `g`.`id` DESC LIMIT 0,10 [ RunTime:0.000955s ]
[2026-08-19T10:14:58+08:00][sql] SHOW FULL COLUMNS FROM `bid_record` [ RunTime:0.001302s ]
[2026-08-19T10:14:58+08:00][sql] SELECT MAX(`price`) AS think_max FROM `bid_record` WHERE  `goods_id` = 33  AND `status` = 0 [ RunTime:0.000611s ]
[2026-08-19T10:14:58+08:00][sql] SELECT MAX(`price`) AS think_max FROM `bid_record` WHERE  `goods_id` = 30  AND `status` = 0 [ RunTime:0.000467s ]
[2026-08-19T10:15:00+08:00][sql] CONNECT:[ UseTime:0.011854s ] mysql:host=127.0.0.1;port=3306;dbname=auction;charset=utf8mb4
[2026-08-19T10:15:00+08:00][sql] SHOW FULL COLUMNS FROM `goods` [ RunTime:0.002163s ]
[2026-08-19T10:15:00+08:00][sql] SELECT `id` FROM `goods` WHERE  `status` = 1  AND `end_time` <= 1787105700 [ RunTime:0.001159s ]
[2026-08-19T10:15:00+08:00][sql] SHOW FULL COLUMNS FROM `setting` [ RunTime:0.001688s ]
[2026-08-19T10:15:00+08:00][sql] SELECT * FROM `setting` [ RunTime:0.000862s ]
[2026-08-19T10:15:00+08:00][sql] SELECT COUNT(*) AS think_count FROM `goods` `g` LEFT JOIN `user` `u` ON `g`.`seller_id`=`u`.`id` WHERE  `g`.`status` = '1'  AND `g`.`start_time` <= '1787105700'  AND `g`.`end_time` > '1787105700' [ RunTime:0.001025s ]
[2026-08-19T10:15:00+08:00][sql] SELECT `g`.*,u.nickname as seller_name FROM `goods` `g` LEFT JOIN `user` `u` ON `g`.`seller_id`=`u`.`id` WHERE  `g`.`status` = '1'  AND `g`.`start_time` <= '1787105700'  AND `g`.`end_time` > '1787105700' ORDER BY `g`.`end_time` ASC,`g`.`id` DESC LIMIT 0,10 [ RunTime:0.001182s ]
[2026-08-19T10:15:00+08:00][sql] SHOW FULL COLUMNS FROM `bid_record` [ RunTime:0.001449s ]
[2026-08-19T10:15:00+08:00][sql] SELECT MAX(`price`) AS think_max FROM `bid_record` WHERE  `goods_id` = 28  AND `status` = 0 [ RunTime:0.000807s ]
[2026-08-19T10:15:00+08:00][sql] SELECT MAX(`price`) AS think_max FROM `bid_record` WHERE  `goods_id` = 33  AND `status` = 0 [ RunTime:0.000939s ]
[2026-08-19T10:15:00+08:00][sql] SELECT MAX(`price`) AS think_max FROM `bid_record` WHERE  `goods_id` = 30  AND `status` = 0 [ RunTime:0.000878s ]
[2026-08-19T10:15:00+08:00][sql] SHOW FULL COLUMNS FROM `category` [ RunTime:0.001645s ]
[2026-08-19T10:15:00+08:00][sql] SELECT * FROM `category` WHERE  `status` = 1 ORDER BY `sort` ASC [ RunTime:0.001008s ]
[2026-08-19T10:15:00+08:00][sql] SELECT `b`.`price`,`b`.`create_time`,`g`.`title`,`u`.`nickname` FROM `bid_record` `b` LEFT JOIN `goods` `g` ON `b`.`goods_id`=`g`.`id` LEFT JOIN `user` `u` ON `b`.`user_id`=`u`.`id` WHERE  `b`.`status` = '1' ORDER BY `b`.`id` DESC LIMIT 5 [ RunTime:0.001046s ]
[2026-08-19T10:15:00+08:00][sql] SHOW FULL COLUMNS FROM `news` [ RunTime:0.001522s ]
[2026-08-19T10:15:00+08:00][sql] SELECT `id`,`title`,`create_time` FROM `news` WHERE  `status` = 1 ORDER BY `id` DESC LIMIT 3 [ RunTime:0.000862s ]
[2026-08-19T10:15:00+08:00][sql] SHOW FULL COLUMNS FROM `banner` [ RunTime:0.001408s ]
[2026-08-19T10:15:00+08:00][sql] SELECT * FROM `banner` WHERE  `status` = 1 ORDER BY `sort` ASC,`id` ASC [ RunTime:0.000875s ]
[2026-08-19T10:28:05+08:00][sql] CONNECT:[ UseTime:0.002080s ] mysql:host=127.0.0.1;port=3306;dbname=auction;charset=utf8mb4
[2026-08-19T10:28:05+08:00][sql] SHOW FULL COLUMNS FROM `goods` [ RunTime:0.001455s ]
[2026-08-19T10:28:05+08:00][sql] SELECT `id` FROM `goods` WHERE  `status` = 1  AND `end_time` <= 1787106485 [ RunTime:0.000755s ]
[2026-08-19T10:28:05+08:00][sql] SHOW FULL COLUMNS FROM `setting` [ RunTime:0.001050s ]
[2026-08-19T10:28:05+08:00][sql] SELECT * FROM `setting` [ RunTime:0.000731s ]
[2026-08-19T10:28:05+08:00][sql] SELECT COUNT(*) AS think_count FROM `goods` `g` LEFT JOIN `user` `u` ON `g`.`seller_id`=`u`.`id` WHERE  `g`.`status` = '1'  AND `g`.`start_time` <= '1787106485'  AND `g`.`end_time` > '1787106485' [ RunTime:0.000872s ]
[2026-08-19T10:28:05+08:00][sql] SELECT `g`.*,u.nickname as seller_name FROM `goods` `g` LEFT JOIN `user` `u` ON `g`.`seller_id`=`u`.`id` WHERE  `g`.`status` = '1'  AND `g`.`start_time` <= '1787106485'  AND `g`.`end_time` > '1787106485' ORDER BY `g`.`end_time` ASC,`g`.`id` DESC LIMIT 0,10 [ RunTime:0.001053s ]
[2026-08-19T10:28:05+08:00][sql] SHOW FULL COLUMNS FROM `bid_record` [ RunTime:0.001193s ]
[2026-08-19T10:28:05+08:00][sql] SELECT MAX(`price`) AS think_max FROM `bid_record` WHERE  `goods_id` = 28  AND `status` = 0 [ RunTime:0.000721s ]
[2026-08-19T10:28:05+08:00][sql] SELECT MAX(`price`) AS think_max FROM `bid_record` WHERE  `goods_id` = 33  AND `status` = 0 [ RunTime:0.000687s ]
[2026-08-19T10:28:05+08:00][sql] SELECT MAX(`price`) AS think_max FROM `bid_record` WHERE  `goods_id` = 30  AND `status` = 0 [ RunTime:0.000905s ]
[2026-08-19T10:28:05+08:00][sql] SHOW FULL COLUMNS FROM `category` [ RunTime:0.001350s ]
[2026-08-19T10:28:05+08:00][sql] SELECT * FROM `category` WHERE  `status` = 1 ORDER BY `sort` ASC [ RunTime:0.000729s ]
[2026-08-19T10:28:05+08:00][sql] SELECT `b`.`price`,`b`.`create_time`,`g`.`title`,`u`.`nickname` FROM `bid_record` `b` LEFT JOIN `goods` `g` ON `b`.`goods_id`=`g`.`id` LEFT JOIN `user` `u` ON `b`.`user_id`=`u`.`id` WHERE  `b`.`status` = '1' ORDER BY `b`.`id` DESC LIMIT 5 [ RunTime:0.000776s ]
[2026-08-19T10:28:05+08:00][sql] SHOW FULL COLUMNS FROM `news` [ RunTime:0.002738s ]
[2026-08-19T10:28:05+08:00][sql] SELECT `id`,`title`,`create_time` FROM `news` WHERE  `status` = 1 ORDER BY `id` DESC LIMIT 3 [ RunTime:0.000727s ]
[2026-08-19T10:28:05+08:00][sql] SHOW FULL COLUMNS FROM `banner` [ RunTime:0.002695s ]
[2026-08-19T10:28:05+08:00][sql] SELECT * FROM `banner` WHERE  `status` = 1 ORDER BY `sort` ASC,`id` ASC [ RunTime:0.000719s ]
[2026-08-19T10:28:07+08:00][sql] CONNECT:[ UseTime:0.002986s ] mysql:host=127.0.0.1;port=3306;dbname=auction;charset=utf8mb4
[2026-08-19T10:28:07+08:00][sql] SHOW FULL COLUMNS FROM `goods` [ RunTime:0.002167s ]
[2026-08-19T10:28:07+08:00][sql] SELECT `id` FROM `goods` WHERE  `status` = 1  AND `end_time` <= 1787106487 [ RunTime:0.001003s ]
[2026-08-19T10:28:07+08:00][sql] SHOW FULL COLUMNS FROM `setting` [ RunTime:0.003314s ]
[2026-08-19T10:28:07+08:00][sql] SELECT * FROM `setting` [ RunTime:0.000818s ]
[2026-08-19T10:28:07+08:00][sql] CONNECT:[ UseTime:0.001882s ] mysql:host=127.0.0.1;port=3306;dbname=auction;charset=utf8mb4
[2026-08-19T10:28:07+08:00][sql] SHOW FULL COLUMNS FROM `goods` [ RunTime:0.002556s ]
[2026-08-19T10:28:07+08:00][sql] SELECT `id` FROM `goods` WHERE  `status` = 1  AND `end_time` <= 1787106487 [ RunTime:0.000782s ]
[2026-08-19T10:28:07+08:00][sql] SHOW FULL COLUMNS FROM `setting` [ RunTime:0.001065s ]
[2026-08-19T10:28:07+08:00][sql] SELECT * FROM `setting` [ RunTime:0.001046s ]
[2026-08-19T10:28:12+08:00][sql] CONNECT:[ UseTime:0.001659s ] mysql:host=127.0.0.1;port=3306;dbname=auction;charset=utf8mb4
[2026-08-19T10:28:12+08:00][sql] SHOW FULL COLUMNS FROM `goods` [ RunTime:0.001511s ]
[2026-08-19T10:28:12+08:00][sql] SELECT `id` FROM `goods` WHERE  `status` = 1  AND `end_time` <= 1787106492 [ RunTime:0.000860s ]
[2026-08-19T10:28:12+08:00][sql] SHOW FULL COLUMNS FROM `setting` [ RunTime:0.001215s ]
[2026-08-19T10:28:12+08:00][sql] SELECT * FROM `setting` [ RunTime:0.000621s ]
[2026-08-19T10:28:12+08:00][sql] SHOW FULL COLUMNS FROM `user` [ RunTime:0.002096s ]
[2026-08-19T10:28:12+08:00][sql] SELECT * FROM `user` WHERE  `mobile` = '15555555555' LIMIT 1 [ RunTime:0.000858s ]
[2026-08-19T10:28:12+08:00][sql] UPDATE `user`  SET `last_login_time` = 1787106492 , `update_time` = 1787106492  WHERE  `id` = 25 [ RunTime:0.001674s ]
[2026-08-19T10:28:13+08:00][sql] CONNECT:[ UseTime:0.024249s ] mysql:host=127.0.0.1;port=3306;dbname=auction;charset=utf8mb4
[2026-08-19T10:28:13+08:00][sql] SHOW FULL COLUMNS FROM `goods` [ RunTime:0.001811s ]
[2026-08-19T10:28:13+08:00][sql] SELECT `id` FROM `goods` WHERE  `status` = 1  AND `end_time` <= 1787106493 [ RunTime:0.000877s ]
[2026-08-19T10:28:13+08:00][sql] SHOW FULL COLUMNS FROM `user` [ RunTime:0.001464s ]
[2026-08-19T10:28:13+08:00][sql] SELECT * FROM `user` WHERE  `id` = 25 LIMIT 1 [ RunTime:0.000866s ]
[2026-08-19T10:28:13+08:00][sql] SHOW FULL COLUMNS FROM `setting` [ RunTime:0.001106s ]
[2026-08-19T10:28:13+08:00][sql] SELECT * FROM `setting` [ RunTime:0.000647s ]
[2026-08-19T10:28:13+08:00][sql] SHOW FULL COLUMNS FROM `bid_record` [ RunTime:0.001184s ]
[2026-08-19T10:28:13+08:00][sql] SELECT COUNT(*) AS think_count FROM `bid_record` WHERE  `user_id` = 25 [ RunTime:0.000708s ]
[2026-08-19T10:28:13+08:00][sql] SHOW FULL COLUMNS FROM `order` [ RunTime:0.001243s ]
[2026-08-19T10:28:13+08:00][sql] SELECT COUNT(*) AS think_count FROM `order` WHERE  `buyer_id` = 25  AND `pay_status` = 1 [ RunTime:0.000892s ]
[2026-08-19T10:28:13+08:00][sql] SELECT COUNT(*) AS think_count FROM `goods` WHERE  `seller_id` = 25  AND `status` = 2 [ RunTime:0.002213s ]
[2026-08-19T10:28:13+08:00][sql] SELECT COUNT(*) AS think_count FROM `goods` WHERE  `seller_id` = 25 [ RunTime:0.000669s ]
[2026-08-19T10:28:13+08:00][sql] SELECT COUNT(*) AS think_count FROM `order` WHERE  `buyer_id` = 25  AND `pay_status` = 0  AND `order_status` = 0 [ RunTime:0.000714s ]
[2026-08-19T10:28:13+08:00][sql] SELECT COUNT(*) AS think_count FROM `order` WHERE  `seller_id` = 25  AND `order_status` = 1 [ RunTime:0.000666s ]
[2026-08-19T10:28:13+08:00][sql] SELECT COUNT(*) AS think_count FROM `order` WHERE  `buyer_id` = 25  AND `order_status` = 0  AND `pay_status` = 0 [ RunTime:0.000667s ]
[2026-08-19T10:28:13+08:00][sql] SELECT COUNT(*) AS think_count FROM `order` WHERE  `buyer_id` = 25  AND `order_status` = 1 [ RunTime:0.000645s ]
[2026-08-19T10:28:13+08:00][sql] SELECT COUNT(*) AS think_count FROM `order` WHERE  `buyer_id` = 25  AND `order_status` = 2 [ RunTime:0.000639s ]
[2026-08-19T10:28:13+08:00][sql] SELECT COUNT(*) AS think_count FROM `order` WHERE  `buyer_id` = 25  AND `order_status` = 3 [ RunTime:0.000646s ]
[2026-08-19T10:28:13+08:00][sql] SELECT COUNT(*) AS think_count FROM `order` WHERE  `seller_id` = 25  AND `order_status` = 1 [ RunTime:0.000646s ]
[2026-08-19T10:28:13+08:00][sql] SHOW FULL COLUMNS FROM `goods_favorite` [ RunTime:0.001295s ]
[2026-08-19T10:28:13+08:00][sql] SELECT COUNT(*) AS think_count FROM `goods_favorite` WHERE  `user_id` = 25 [ RunTime:0.000692s ]
[2026-08-19T10:28:13+08:00][sql] SHOW FULL COLUMNS FROM `seller_follow` [ RunTime:0.001077s ]
[2026-08-19T10:28:13+08:00][sql] SELECT COUNT(*) AS think_count FROM `seller_follow` WHERE  `user_id` = 25 [ RunTime:0.000706s ]
[2026-08-19T10:28:13+08:00][sql] SHOW FULL COLUMNS FROM `browse_history` [ RunTime:0.000989s ]
[2026-08-19T10:28:13+08:00][sql] SELECT COUNT(*) AS think_count FROM `browse_history` WHERE  `user_id` = 25 [ RunTime:0.000685s ]
[2026-08-19T10:28:13+08:00][sql] SHOW FULL COLUMNS FROM `balance_log` [ RunTime:0.001365s ]
[2026-08-19T10:28:13+08:00][sql] SELECT * FROM `balance_log` WHERE  `user_id` = 25 ORDER BY `id` DESC LIMIT 5 [ RunTime:0.000908s ]
[2026-08-19T10:28:13+08:00][sql] SELECT `b`.*,`g`.`title`,`g`.`cover`,g.status as goods_status,`g`.`end_time` FROM `bid_record` `b` LEFT JOIN `goods` `g` ON `b`.`goods_id`=`g`.`id` WHERE  `b`.`user_id` = '25' ORDER BY `b`.`id` DESC LIMIT 5 [ RunTime:0.000838s ]
[2026-08-19T10:28:13+08:00][sql] SELECT `id`,`nickname`,`mobile`,`reg_time` FROM `user` WHERE  `pid` = 25 ORDER BY `id` DESC LIMIT 10 [ RunTime:0.000683s ]
[2026-08-19T10:28:13+08:00][sql] SELECT `value` FROM `setting` WHERE  `name` = 'service_link' LIMIT 1 [ RunTime:0.000642s ]
[2026-08-19T10:28:41+08:00][sql] CONNECT:[ UseTime:0.010761s ] mysql:host=127.0.0.1;port=3306;dbname=auction;charset=utf8mb4
[2026-08-19T10:28:41+08:00][sql] SHOW FULL COLUMNS FROM `goods` [ RunTime:0.002233s ]
[2026-08-19T10:28:41+08:00][sql] SELECT `id` FROM `goods` WHERE  `status` = 1  AND `end_time` <= 1787106521 [ RunTime:0.001050s ]
[2026-08-19T10:28:41+08:00][sql] SHOW FULL COLUMNS FROM `user` [ RunTime:0.001803s ]
[2026-08-19T10:28:41+08:00][sql] SELECT * FROM `user` WHERE  `id` = 25 LIMIT 1 [ RunTime:0.001047s ]
[2026-08-19T10:28:41+08:00][sql] SHOW FULL COLUMNS FROM `setting` [ RunTime:0.001461s ]
[2026-08-19T10:28:41+08:00][sql] SELECT * FROM `setting` [ RunTime:0.000832s ]
[2026-08-19T10:28:41+08:00][sql] SELECT COUNT(*) AS think_count FROM `goods` `g` LEFT JOIN `user` `u` ON `g`.`seller_id`=`u`.`id` WHERE  `g`.`status` = '1'  AND `g`.`start_time` <= '1787106521'  AND `g`.`end_time` > '1787106521' [ RunTime:0.001130s ]
[2026-08-19T10:28:41+08:00][sql] SELECT `g`.*,u.nickname as seller_name FROM `goods` `g` LEFT JOIN `user` `u` ON `g`.`seller_id`=`u`.`id` WHERE  `g`.`status` = '1'  AND `g`.`start_time` <= '1787106521'  AND `g`.`end_time` > '1787106521' ORDER BY `g`.`end_time` ASC,`g`.`id` DESC LIMIT 0,10 [ RunTime:0.000776s ]
[2026-08-19T10:28:41+08:00][sql] SHOW FULL COLUMNS FROM `bid_record` [ RunTime:0.001656s ]
[2026-08-19T10:28:41+08:00][sql] SELECT MAX(`price`) AS think_max FROM `bid_record` WHERE  `goods_id` = 28  AND `status` = 0 [ RunTime:0.001053s ]
[2026-08-19T10:28:41+08:00][sql] SELECT MAX(`price`) AS think_max FROM `bid_record` WHERE  `goods_id` = 33  AND `status` = 0 [ RunTime:0.000964s ]
[2026-08-19T10:28:41+08:00][sql] SELECT MAX(`price`) AS think_max FROM `bid_record` WHERE  `goods_id` = 30  AND `status` = 0 [ RunTime:0.000914s ]
[2026-08-19T10:28:41+08:00][sql] SHOW FULL COLUMNS FROM `category` [ RunTime:0.001541s ]
[2026-08-19T10:28:41+08:00][sql] SELECT * FROM `category` WHERE  `status` = 1 ORDER BY `sort` ASC [ RunTime:0.000957s ]
[2026-08-19T10:28:41+08:00][sql] SELECT `b`.`price`,`b`.`create_time`,`g`.`title`,`u`.`nickname` FROM `bid_record` `b` LEFT JOIN `goods` `g` ON `b`.`goods_id`=`g`.`id` LEFT JOIN `user` `u` ON `b`.`user_id`=`u`.`id` WHERE  `b`.`status` = '1' ORDER BY `b`.`id` DESC LIMIT 5 [ RunTime:0.001034s ]
[2026-08-19T10:28:41+08:00][sql] SHOW FULL COLUMNS FROM `news` [ RunTime:0.001817s ]
[2026-08-19T10:28:41+08:00][sql] SELECT `id`,`title`,`create_time` FROM `news` WHERE  `status` = 1 ORDER BY `id` DESC LIMIT 3 [ RunTime:0.000932s ]
[2026-08-19T10:28:41+08:00][sql] SHOW FULL COLUMNS FROM `banner` [ RunTime:0.001624s ]
[2026-08-19T10:28:41+08:00][sql] SELECT * FROM `banner` WHERE  `status` = 1 ORDER BY `sort` ASC,`id` ASC [ RunTime:0.001335s ]
[2026-08-19T10:28:43+08:00][sql] CONNECT:[ UseTime:0.009475s ] mysql:host=127.0.0.1;port=3306;dbname=auction;charset=utf8mb4
[2026-08-19T10:28:43+08:00][sql] SHOW FULL COLUMNS FROM `goods` [ RunTime:0.002008s ]
[2026-08-19T10:28:43+08:00][sql] SELECT `id` FROM `goods` WHERE  `status` = 1  AND `end_time` <= 1787106523 [ RunTime:0.000989s ]
[2026-08-19T10:28:43+08:00][sql] SHOW FULL COLUMNS FROM `user` [ RunTime:0.001856s ]
[2026-08-19T10:28:43+08:00][sql] SELECT * FROM `user` WHERE  `id` = 25 LIMIT 1 [ RunTime:0.001025s ]
[2026-08-19T10:28:43+08:00][sql] SHOW FULL COLUMNS FROM `setting` [ RunTime:0.001461s ]
[2026-08-19T10:28:43+08:00][sql] SELECT * FROM `setting` [ RunTime:0.000820s ]
[2026-08-19T10:28:43+08:00][sql] SHOW FULL COLUMNS FROM `bid_record` [ RunTime:0.001475s ]
[2026-08-19T10:28:43+08:00][sql] SELECT COUNT(*) AS think_count FROM `bid_record` WHERE  `user_id` = 25 [ RunTime:0.001082s ]
[2026-08-19T10:28:43+08:00][sql] SHOW FULL COLUMNS FROM `order` [ RunTime:0.001231s ]
[2026-08-19T10:28:43+08:00][sql] SELECT COUNT(*) AS think_count FROM `order` WHERE  `buyer_id` = 25  AND `pay_status` = 1 [ RunTime:0.000940s ]
[2026-08-19T10:28:43+08:00][sql] SELECT COUNT(*) AS think_count FROM `goods` WHERE  `seller_id` = 25  AND `status` = 2 [ RunTime:0.002991s ]
[2026-08-19T10:28:43+08:00][sql] SELECT COUNT(*) AS think_count FROM `goods` WHERE  `seller_id` = 25 [ RunTime:0.000845s ]
[2026-08-19T10:28:43+08:00][sql] SELECT COUNT(*) AS think_count FROM `order` WHERE  `buyer_id` = 25  AND `pay_status` = 0  AND `order_status` = 0 [ RunTime:0.000875s ]
[2026-08-19T10:28:43+08:00][sql] SELECT COUNT(*) AS think_count FROM `order` WHERE  `seller_id` = 25  AND `order_status` = 1 [ RunTime:0.000810s ]
[2026-08-19T10:28:43+08:00][sql] SELECT COUNT(*) AS think_count FROM `order` WHERE  `buyer_id` = 25  AND `order_status` = 0  AND `pay_status` = 0 [ RunTime:0.000814s ]
[2026-08-19T10:28:43+08:00][sql] SELECT COUNT(*) AS think_count FROM `order` WHERE  `buyer_id` = 25  AND `order_status` = 1 [ RunTime:0.000782s ]
[2026-08-19T10:28:43+08:00][sql] SELECT COUNT(*) AS think_count FROM `order` WHERE  `buyer_id` = 25  AND `order_status` = 2 [ RunTime:0.000801s ]
[2026-08-19T10:28:43+08:00][sql] SELECT COUNT(*) AS think_count FROM `order` WHERE  `buyer_id` = 25  AND `order_status` = 3 [ RunTime:0.000791s ]
[2026-08-19T10:28:43+08:00][sql] SELECT COUNT(*) AS think_count FROM `order` WHERE  `seller_id` = 25  AND `order_status` = 1 [ RunTime:0.000751s ]
[2026-08-19T10:28:43+08:00][sql] SHOW FULL COLUMNS FROM `goods_favorite` [ RunTime:0.001490s ]
[2026-08-19T10:28:43+08:00][sql] SELECT COUNT(*) AS think_count FROM `goods_favorite` WHERE  `user_id` = 25 [ RunTime:0.001247s ]
[2026-08-19T10:28:43+08:00][sql] SHOW FULL COLUMNS FROM `seller_follow` [ RunTime:0.001418s ]
[2026-08-19T10:28:43+08:00][sql] SELECT COUNT(*) AS think_count FROM `seller_follow` WHERE  `user_id` = 25 [ RunTime:0.001058s ]
[2026-08-19T10:28:43+08:00][sql] SHOW FULL COLUMNS FROM `browse_history` [ RunTime:0.001641s ]
[2026-08-19T10:28:43+08:00][sql] SELECT COUNT(*) AS think_count FROM `browse_history` WHERE  `user_id` = 25 [ RunTime:0.001063s ]
[2026-08-19T10:28:43+08:00][sql] SHOW FULL COLUMNS FROM `balance_log` [ RunTime:0.001566s ]
[2026-08-19T10:28:43+08:00][sql] SELECT * FROM `balance_log` WHERE  `user_id` = 25 ORDER BY `id` DESC LIMIT 5 [ RunTime:0.001154s ]
[2026-08-19T10:28:43+08:00][sql] SELECT `b`.*,`g`.`title`,`g`.`cover`,g.status as goods_status,`g`.`end_time` FROM `bid_record` `b` LEFT JOIN `goods` `g` ON `b`.`goods_id`=`g`.`id` WHERE  `b`.`user_id` = '25' ORDER BY `b`.`id` DESC LIMIT 5 [ RunTime:0.001048s ]
[2026-08-19T10:28:43+08:00][sql] SELECT `id`,`nickname`,`mobile`,`reg_time` FROM `user` WHERE  `pid` = 25 ORDER BY `id` DESC LIMIT 10 [ RunTime:0.000930s ]
[2026-08-19T10:28:43+08:00][sql] SELECT `value` FROM `setting` WHERE  `name` = 'service_link' LIMIT 1 [ RunTime:0.000798s ]
[2026-08-19T10:28:45+08:00][sql] CONNECT:[ UseTime:0.008493s ] mysql:host=127.0.0.1;port=3306;dbname=auction;charset=utf8mb4
[2026-08-19T10:28:45+08:00][sql] SHOW FULL COLUMNS FROM `goods` [ RunTime:0.002087s ]
[2026-08-19T10:28:45+08:00][sql] SELECT `id` FROM `goods` WHERE  `status` = 1  AND `end_time` <= 1787106525 [ RunTime:0.000883s ]
[2026-08-19T10:28:45+08:00][sql] SHOW FULL COLUMNS FROM `user` [ RunTime:0.001753s ]
[2026-08-19T10:28:45+08:00][sql] SELECT * FROM `user` WHERE  `id` = 25 LIMIT 1 [ RunTime:0.001018s ]
[2026-08-19T10:28:45+08:00][sql] SHOW FULL COLUMNS FROM `setting` [ RunTime:0.001455s ]
[2026-08-19T10:28:45+08:00][sql] SELECT * FROM `setting` [ RunTime:0.000748s ]
[2026-08-19T10:28:53+08:00][sql] CONNECT:[ UseTime:0.012433s ] mysql:host=127.0.0.1;port=3306;dbname=auction;charset=utf8mb4
[2026-08-19T10:28:53+08:00][sql] SHOW FULL COLUMNS FROM `goods` [ RunTime:0.002098s ]
[2026-08-19T10:28:53+08:00][sql] SELECT `id` FROM `goods` WHERE  `status` = 1  AND `end_time` <= 1787106533 [ RunTime:0.000920s ]
[2026-08-19T10:28:53+08:00][sql] SHOW FULL COLUMNS FROM `user` [ RunTime:0.001684s ]
[2026-08-19T10:28:53+08:00][sql] SELECT * FROM `user` WHERE  `id` = 25 LIMIT 1 [ RunTime:0.001028s ]
[2026-08-19T10:28:53+08:00][sql] SHOW FULL COLUMNS FROM `setting` [ RunTime:0.001299s ]
[2026-08-19T10:28:53+08:00][sql] SELECT * FROM `setting` [ RunTime:0.000766s ]
[2026-08-19T10:28:53+08:00][sql] UPDATE `user`  SET `nickname` = '尼玛' , `update_time` = 1787106533  WHERE  `id` = 25 [ RunTime:0.002586s ]
[2026-08-19T10:28:54+08:00][sql] CONNECT:[ UseTime:0.024623s ] mysql:host=127.0.0.1;port=3306;dbname=auction;charset=utf8mb4
[2026-08-19T10:28:54+08:00][sql] SHOW FULL COLUMNS FROM `goods` [ RunTime:0.001433s ]
[2026-08-19T10:28:54+08:00][sql] SELECT `id` FROM `goods` WHERE  `status` = 1  AND `end_time` <= 1787106533 [ RunTime:0.000934s ]
[2026-08-19T10:28:54+08:00][sql] SHOW FULL COLUMNS FROM `user` [ RunTime:0.001411s ]
[2026-08-19T10:28:54+08:00][sql] SELECT * FROM `user` WHERE  `id` = 25 LIMIT 1 [ RunTime:0.000821s ]
[2026-08-19T10:28:54+08:00][sql] SHOW FULL COLUMNS FROM `setting` [ RunTime:0.001349s ]
[2026-08-19T10:28:54+08:00][sql] SELECT * FROM `setting` [ RunTime:0.000814s ]
[2026-08-19T10:28:54+08:00][sql] SHOW FULL COLUMNS FROM `bid_record` [ RunTime:0.001454s ]
[2026-08-19T10:28:54+08:00][sql] SELECT COUNT(*) AS think_count FROM `bid_record` WHERE  `user_id` = 25 [ RunTime:0.000881s ]
[2026-08-19T10:28:54+08:00][sql] SHOW FULL COLUMNS FROM `order` [ RunTime:0.001852s ]
[2026-08-19T10:28:54+08:00][sql] SELECT COUNT(*) AS think_count FROM `order` WHERE  `buyer_id` = 25  AND `pay_status` = 1 [ RunTime:0.000794s ]
[2026-08-19T10:28:54+08:00][sql] SELECT COUNT(*) AS think_count FROM `goods` WHERE  `seller_id` = 25  AND `status` = 2 [ RunTime:0.001976s ]
[2026-08-19T10:28:54+08:00][sql] SELECT COUNT(*) AS think_count FROM `goods` WHERE  `seller_id` = 25 [ RunTime:0.000925s ]
[2026-08-19T10:28:54+08:00][sql] SELECT COUNT(*) AS think_count FROM `order` WHERE  `buyer_id` = 25  AND `pay_status` = 0  AND `order_status` = 0 [ RunTime:0.000920s ]
[2026-08-19T10:28:54+08:00][sql] SELECT COUNT(*) AS think_count FROM `order` WHERE  `seller_id` = 25  AND `order_status` = 1 [ RunTime:0.001054s ]
[2026-08-19T10:28:54+08:00][sql] SELECT COUNT(*) AS think_count FROM `order` WHERE  `buyer_id` = 25  AND `order_status` = 0  AND `pay_status` = 0 [ RunTime:0.000940s ]
[2026-08-19T10:28:54+08:00][sql] SELECT COUNT(*) AS think_count FROM `order` WHERE  `buyer_id` = 25  AND `order_status` = 1 [ RunTime:0.000873s ]
[2026-08-19T10:28:54+08:00][sql] SELECT COUNT(*) AS think_count FROM `order` WHERE  `buyer_id` = 25  AND `order_status` = 2 [ RunTime:0.000950s ]
[2026-08-19T10:28:54+08:00][sql] SELECT COUNT(*) AS think_count FROM `order` WHERE  `buyer_id` = 25  AND `order_status` = 3 [ RunTime:0.000542s ]
[2026-08-19T10:28:54+08:00][sql] SELECT COUNT(*) AS think_count FROM `order` WHERE  `seller_id` = 25  AND `order_status` = 1 [ RunTime:0.001133s ]
[2026-08-19T10:28:54+08:00][sql] SHOW FULL COLUMNS FROM `goods_favorite` [ RunTime:0.001848s ]
[2026-08-19T10:28:54+08:00][sql] SELECT COUNT(*) AS think_count FROM `goods_favorite` WHERE  `user_id` = 25 [ RunTime:0.001109s ]
[2026-08-19T10:28:54+08:00][sql] SHOW FULL COLUMNS FROM `seller_follow` [ RunTime:0.001925s ]
[2026-08-19T10:28:54+08:00][sql] SELECT COUNT(*) AS think_count FROM `seller_follow` WHERE  `user_id` = 25 [ RunTime:0.001402s ]
[2026-08-19T10:28:54+08:00][sql] SHOW FULL COLUMNS FROM `browse_history` [ RunTime:0.002186s ]
[2026-08-19T10:28:54+08:00][sql] SELECT COUNT(*) AS think_count FROM `browse_history` WHERE  `user_id` = 25 [ RunTime:0.001375s ]
[2026-08-19T10:28:54+08:00][sql] SHOW FULL COLUMNS FROM `balance_log` [ RunTime:0.002068s ]
[2026-08-19T10:28:54+08:00][sql] SELECT * FROM `balance_log` WHERE  `user_id` = 25 ORDER BY `id` DESC LIMIT 5 [ RunTime:0.001387s ]
[2026-08-19T10:28:54+08:00][sql] SELECT `b`.*,`g`.`title`,`g`.`cover`,g.status as goods_status,`g`.`end_time` FROM `bid_record` `b` LEFT JOIN `goods` `g` ON `b`.`goods_id`=`g`.`id` WHERE  `b`.`user_id` = '25' ORDER BY `b`.`id` DESC LIMIT 5 [ RunTime:0.001273s ]
[2026-08-19T10:28:54+08:00][sql] SELECT `id`,`nickname`,`mobile`,`reg_time` FROM `user` WHERE  `pid` = 25 ORDER BY `id` DESC LIMIT 10 [ RunTime:0.000915s ]
[2026-08-19T10:28:54+08:00][sql] SELECT `value` FROM `setting` WHERE  `name` = 'service_link' LIMIT 1 [ RunTime:0.001004s ]
[2026-08-19T10:28:58+08:00][sql] CONNECT:[ UseTime:0.001619s ] mysql:host=127.0.0.1;port=3306;dbname=auction;charset=utf8mb4
[2026-08-19T10:28:58+08:00][sql] SHOW FULL COLUMNS FROM `goods` [ RunTime:0.001428s ]
[2026-08-19T10:28:58+08:00][sql] SELECT `id` FROM `goods` WHERE  `status` = 1  AND `end_time` <= 1787106538 [ RunTime:0.000712s ]
[2026-08-19T10:28:58+08:00][sql] SHOW FULL COLUMNS FROM `user` [ RunTime:0.001268s ]
[2026-08-19T10:28:58+08:00][sql] SELECT * FROM `user` WHERE  `id` = 25 LIMIT 1 [ RunTime:0.000763s ]
[2026-08-19T10:28:58+08:00][sql] SHOW FULL COLUMNS FROM `setting` [ RunTime:0.001119s ]
[2026-08-19T10:28:58+08:00][sql] SELECT * FROM `setting` [ RunTime:0.000631s ]
[2026-08-19T10:28:58+08:00][sql] SELECT COUNT(*) AS think_count FROM `goods` `g` LEFT JOIN `user` `u` ON `g`.`seller_id`=`u`.`id` WHERE  `g`.`status` = '1'  AND `g`.`start_time` <= '1787106538'  AND `g`.`end_time` > '1787106538' [ RunTime:0.000784s ]
[2026-08-19T10:28:58+08:00][sql] SELECT `g`.*,u.nickname as seller_name FROM `goods` `g` LEFT JOIN `user` `u` ON `g`.`seller_id`=`u`.`id` WHERE  `g`.`status` = '1'  AND `g`.`start_time` <= '1787106538'  AND `g`.`end_time` > '1787106538' ORDER BY `g`.`end_time` ASC,`g`.`id` DESC LIMIT 0,10 [ RunTime:0.000913s ]
[2026-08-19T10:28:58+08:00][sql] SHOW FULL COLUMNS FROM `bid_record` [ RunTime:0.001178s ]
[2026-08-19T10:28:58+08:00][sql] SELECT MAX(`price`) AS think_max FROM `bid_record` WHERE  `goods_id` = 28  AND `status` = 0 [ RunTime:0.000694s ]
[2026-08-19T10:28:58+08:00][sql] SELECT MAX(`price`) AS think_max FROM `bid_record` WHERE  `goods_id` = 33  AND `status` = 0 [ RunTime:0.000642s ]
[2026-08-19T10:28:58+08:00][sql] SELECT MAX(`price`) AS think_max FROM `bid_record` WHERE  `goods_id` = 30  AND `status` = 0 [ RunTime:0.000604s ]
[2026-08-19T10:28:58+08:00][sql] SHOW FULL COLUMNS FROM `category` [ RunTime:0.001046s ]
[2026-08-19T10:28:58+08:00][sql] SELECT * FROM `category` WHERE  `status` = 1 ORDER BY `sort` ASC [ RunTime:0.000644s ]
[2026-08-19T10:28:58+08:00][sql] SELECT `b`.`price`,`b`.`create_time`,`g`.`title`,`u`.`nickname` FROM `bid_record` `b` LEFT JOIN `goods` `g` ON `b`.`goods_id`=`g`.`id` LEFT JOIN `user` `u` ON `b`.`user_id`=`u`.`id` WHERE  `b`.`status` = '1' ORDER BY `b`.`id` DESC LIMIT 5 [ RunTime:0.000708s ]
[2026-08-19T10:28:58+08:00][sql] SHOW FULL COLUMNS FROM `news` [ RunTime:0.001031s ]
[2026-08-19T10:28:58+08:00][sql] SELECT `id`,`title`,`create_time` FROM `news` WHERE  `status` = 1 ORDER BY `id` DESC LIMIT 3 [ RunTime:0.000614s ]
[2026-08-19T10:28:58+08:00][sql] SHOW FULL COLUMNS FROM `banner` [ RunTime:0.001020s ]
[2026-08-19T10:28:58+08:00][sql] SELECT * FROM `banner` WHERE  `status` = 1 ORDER BY `sort` ASC,`id` ASC [ RunTime:0.000510s ]
[2026-08-19T10:29:01+08:00][sql] CONNECT:[ UseTime:0.008641s ] mysql:host=127.0.0.1;port=3306;dbname=auction;charset=utf8mb4
[2026-08-19T10:29:01+08:00][sql] SHOW FULL COLUMNS FROM `goods` [ RunTime:0.001076s ]
[2026-08-19T10:29:01+08:00][sql] SELECT `id` FROM `goods` WHERE  `status` = 1  AND `end_time` <= 1787106541 [ RunTime:0.000651s ]
[2026-08-19T10:29:01+08:00][sql] SHOW FULL COLUMNS FROM `user` [ RunTime:0.001206s ]
[2026-08-19T10:29:01+08:00][sql] SELECT * FROM `user` WHERE  `id` = 25 LIMIT 1 [ RunTime:0.000680s ]
[2026-08-19T10:29:01+08:00][sql] SHOW FULL COLUMNS FROM `setting` [ RunTime:0.000947s ]
[2026-08-19T10:29:01+08:00][sql] SELECT * FROM `setting` [ RunTime:0.000498s ]
[2026-08-19T10:29:01+08:00][sql] SHOW FULL COLUMNS FROM `category` [ RunTime:0.001003s ]
[2026-08-19T10:29:01+08:00][sql] SELECT * FROM `category` WHERE  `status` = 1 ORDER BY `sort` ASC [ RunTime:0.000582s ]
[2026-08-19T10:29:03+08:00][sql] CONNECT:[ UseTime:0.002516s ] mysql:host=127.0.0.1;port=3306;dbname=auction;charset=utf8mb4
[2026-08-19T10:29:03+08:00][sql] SHOW FULL COLUMNS FROM `goods` [ RunTime:0.001698s ]
[2026-08-19T10:29:03+08:00][sql] SELECT `id` FROM `goods` WHERE  `status` = 1  AND `end_time` <= 1787106543 [ RunTime:0.000888s ]
[2026-08-19T10:29:03+08:00][sql] SHOW FULL COLUMNS FROM `user` [ RunTime:0.002935s ]
[2026-08-19T10:29:03+08:00][sql] SELECT * FROM `user` WHERE  `id` = 25 LIMIT 1 [ RunTime:0.000770s ]
[2026-08-19T10:29:03+08:00][sql] SHOW FULL COLUMNS FROM `setting` [ RunTime:0.001480s ]
[2026-08-19T10:29:03+08:00][sql] SELECT * FROM `setting` [ RunTime:0.000898s ]
[2026-08-19T10:29:03+08:00][sql] SELECT COUNT(*) AS think_count FROM `goods` `g` LEFT JOIN `user` `u` ON `g`.`seller_id`=`u`.`id` WHERE  `g`.`status` = '1'  AND `g`.`start_time` <= '1787106543'  AND `g`.`end_time` > '1787106543' [ RunTime:0.001049s ]
[2026-08-19T10:29:03+08:00][sql] SELECT `g`.*,u.nickname as seller_name FROM `goods` `g` LEFT JOIN `user` `u` ON `g`.`seller_id`=`u`.`id` WHERE  `g`.`status` = '1'  AND `g`.`start_time` <= '1787106543'  AND `g`.`end_time` > '1787106543' ORDER BY `g`.`end_time` ASC,`g`.`id` DESC LIMIT 0,10 [ RunTime:0.001103s ]
[2026-08-19T10:29:03+08:00][sql] SHOW FULL COLUMNS FROM `bid_record` [ RunTime:0.001360s ]
[2026-08-19T10:29:03+08:00][sql] SELECT MAX(`price`) AS think_max FROM `bid_record` WHERE  `goods_id` = 28  AND `status` = 0 [ RunTime:0.000805s ]
[2026-08-19T10:29:03+08:00][sql] SELECT MAX(`price`) AS think_max FROM `bid_record` WHERE  `goods_id` = 33  AND `status` = 0 [ RunTime:0.000927s ]
[2026-08-19T10:29:03+08:00][sql] SELECT MAX(`price`) AS think_max FROM `bid_record` WHERE  `goods_id` = 30  AND `status` = 0 [ RunTime:0.000955s ]
[2026-08-19T10:29:03+08:00][sql] SHOW FULL COLUMNS FROM `category` [ RunTime:0.001103s ]
[2026-08-19T10:29:03+08:00][sql] SELECT * FROM `category` WHERE  `status` = 1 ORDER BY `sort` ASC [ RunTime:0.000860s ]
[2026-08-19T10:29:03+08:00][sql] SELECT `b`.`price`,`b`.`create_time`,`g`.`title`,`u`.`nickname` FROM `bid_record` `b` LEFT JOIN `goods` `g` ON `b`.`goods_id`=`g`.`id` LEFT JOIN `user` `u` ON `b`.`user_id`=`u`.`id` WHERE  `b`.`status` = '1' ORDER BY `b`.`id` DESC LIMIT 5 [ RunTime:0.001668s ]
[2026-08-19T10:29:03+08:00][sql] SHOW FULL COLUMNS FROM `news` [ RunTime:0.001460s ]
[2026-08-19T10:29:03+08:00][sql] SELECT `id`,`title`,`create_time` FROM `news` WHERE  `status` = 1 ORDER BY `id` DESC LIMIT 3 [ RunTime:0.001048s ]
[2026-08-19T10:29:03+08:00][sql] SHOW FULL COLUMNS FROM `banner` [ RunTime:0.001780s ]
[2026-08-19T10:29:03+08:00][sql] SELECT * FROM `banner` WHERE  `status` = 1 ORDER BY `sort` ASC,`id` ASC [ RunTime:0.001573s ]
[2026-08-19T10:29:05+08:00][sql] CONNECT:[ UseTime:0.003506s ] mysql:host=127.0.0.1;port=3306;dbname=auction;charset=utf8mb4
[2026-08-19T10:29:05+08:00][sql] SHOW FULL COLUMNS FROM `goods` [ RunTime:0.000984s ]
[2026-08-19T10:29:05+08:00][sql] SELECT `id` FROM `goods` WHERE  `status` = 1  AND `end_time` <= 1787106544 [ RunTime:0.000853s ]
[2026-08-19T10:29:05+08:00][sql] SHOW FULL COLUMNS FROM `user` [ RunTime:0.001696s ]
[2026-08-19T10:29:05+08:00][sql] SELECT * FROM `user` WHERE  `id` = 25 LIMIT 1 [ RunTime:0.000875s ]
[2026-08-19T10:29:05+08:00][sql] SHOW FULL COLUMNS FROM `setting` [ RunTime:0.001215s ]
[2026-08-19T10:29:05+08:00][sql] SELECT * FROM `setting` [ RunTime:0.000590s ]
[2026-08-19T10:29:05+08:00][sql] SELECT `g`.*,u.nickname as seller_name,u.shop_name as seller_shop,u.avatar as seller_avatar,c.name as category_name FROM `goods` `g` LEFT JOIN `user` `u` ON `g`.`seller_id`=`u`.`id` LEFT JOIN `category` `c` ON `g`.`category_id`=`c`.`id` WHERE  `g`.`id` = '33' LIMIT 1 [ RunTime:0.000944s ]
[2026-08-19T10:29:05+08:00][sql] UPDATE `goods`  SET `view_count` = `view_count` + 1  WHERE  `id` = 33 [ RunTime:0.001807s ]
[2026-08-19T10:29:05+08:00][sql] SHOW FULL COLUMNS FROM `bid_record` [ RunTime:0.001379s ]
[2026-08-19T10:29:05+08:00][sql] SELECT `b`.*,`u`.`nickname`,`u`.`mobile` FROM `bid_record` `b` LEFT JOIN `user` `u` ON `b`.`user_id`=`u`.`id` WHERE  `b`.`goods_id` = '33'  AND `b`.`status` = '0' ORDER BY `b`.`price` DESC,`b`.`id` ASC LIMIT 1 [ RunTime:0.001004s ]
[2026-08-19T10:29:05+08:00][sql] SELECT `b`.*,`u`.`nickname`,`u`.`mobile` FROM `bid_record` `b` LEFT JOIN `user` `u` ON `b`.`user_id`=`u`.`id` WHERE  `b`.`goods_id` = '33' ORDER BY `b`.`price` DESC,`b`.`id` ASC LIMIT 50 [ RunTime:0.001092s ]
[2026-08-19T10:29:05+08:00][sql] SELECT MAX(`price`) AS think_max FROM `bid_record` WHERE  `goods_id` = 33  AND `user_id` = 25  AND `status` = 0 [ RunTime:0.001021s ]
[2026-08-19T10:29:05+08:00][sql] SELECT MAX(`deposit`) AS think_max FROM `bid_record` WHERE  `goods_id` = 33  AND `user_id` = 25  AND `deposit` > '0' [ RunTime:0.000936s ]
[2026-08-19T10:29:05+08:00][sql] SHOW FULL COLUMNS FROM `browse_history` [ RunTime:0.001725s ]
[2026-08-19T10:29:05+08:00][sql] REPLACE INTO `browse_history` SET `user_id` = 25 , `goods_id` = 33 , `create_time` = 1787106544 [ RunTime:0.001980s ]
[2026-08-19T10:29:05+08:00][sql] SHOW FULL COLUMNS FROM `goods_favorite` [ RunTime:0.001332s ]
[2026-08-19T10:29:05+08:00][sql] SELECT COUNT(*) AS think_count FROM `goods_favorite` WHERE  `user_id` = 25  AND `goods_id` = 33 [ RunTime:0.000869s ]
[2026-08-19T10:29:05+08:00][sql] SHOW FULL COLUMNS FROM `seller_follow` [ RunTime:0.001551s ]
[2026-08-19T10:29:05+08:00][sql] SELECT COUNT(*) AS think_count FROM `seller_follow` WHERE  `user_id` = 25  AND `seller_id` = 25 [ RunTime:0.000795s ]
[2026-08-19T10:29:07+08:00][sql] CONNECT:[ UseTime:0.015701s ] mysql:host=127.0.0.1;port=3306;dbname=auction;charset=utf8mb4
[2026-08-19T10:29:07+08:00][sql] SHOW FULL COLUMNS FROM `goods` [ RunTime:0.001198s ]
[2026-08-19T10:29:07+08:00][sql] SELECT `id` FROM `goods` WHERE  `status` = 1  AND `end_time` <= 1787106547 [ RunTime:0.001028s ]
[2026-08-19T10:29:07+08:00][sql] SHOW FULL COLUMNS FROM `user` [ RunTime:0.002354s ]
[2026-08-19T10:29:07+08:00][sql] SELECT * FROM `user` WHERE  `id` = 25 LIMIT 1 [ RunTime:0.001103s ]
[2026-08-19T10:29:07+08:00][sql] SHOW FULL COLUMNS FROM `setting` [ RunTime:0.001461s ]
[2026-08-19T10:29:07+08:00][sql] SELECT * FROM `setting` [ RunTime:0.000819s ]
[2026-08-19T10:29:53+08:00][sql] CONNECT:[ UseTime:0.016691s ] mysql:host=127.0.0.1;port=3306;dbname=auction;charset=utf8mb4
[2026-08-19T10:29:53+08:00][sql] SHOW FULL COLUMNS FROM `goods` [ RunTime:0.002215s ]
[2026-08-19T10:29:53+08:00][sql] SELECT `id` FROM `goods` WHERE  `status` = 1  AND `end_time` <= 1787106593 [ RunTime:0.001044s ]
[2026-08-19T10:29:53+08:00][sql] SHOW FULL COLUMNS FROM `user` [ RunTime:0.001843s ]
[2026-08-19T10:29:53+08:00][sql] SELECT * FROM `user` WHERE  `id` = 25 LIMIT 1 [ RunTime:0.001009s ]
[2026-08-19T10:29:53+08:00][sql] SHOW FULL COLUMNS FROM `setting` [ RunTime:0.001451s ]
[2026-08-19T10:29:53+08:00][sql] SELECT * FROM `setting` [ RunTime:0.000806s ]
[2026-08-19T10:29:53+08:00][sql] SELECT `g`.*,u.nickname as seller_name,u.shop_name as seller_shop,u.avatar as seller_avatar,c.name as category_name FROM `goods` `g` LEFT JOIN `user` `u` ON `g`.`seller_id`=`u`.`id` LEFT JOIN `category` `c` ON `g`.`category_id`=`c`.`id` WHERE  `g`.`id` = '33' LIMIT 1 [ RunTime:0.001182s ]
[2026-08-19T10:29:53+08:00][sql] UPDATE `goods`  SET `view_count` = `view_count` + 1  WHERE  `id` = 33 [ RunTime:0.002164s ]
[2026-08-19T10:29:53+08:00][sql] SHOW FULL COLUMNS FROM `bid_record` [ RunTime:0.001584s ]
[2026-08-19T10:29:53+08:00][sql] SELECT `b`.*,`u`.`nickname`,`u`.`mobile` FROM `bid_record` `b` LEFT JOIN `user` `u` ON `b`.`user_id`=`u`.`id` WHERE  `b`.`goods_id` = '33'  AND `b`.`status` = '0' ORDER BY `b`.`price` DESC,`b`.`id` ASC LIMIT 1 [ RunTime:0.001080s ]
[2026-08-19T10:29:53+08:00][sql] SELECT `b`.*,`u`.`nickname`,`u`.`mobile` FROM `bid_record` `b` LEFT JOIN `user` `u` ON `b`.`user_id`=`u`.`id` WHERE  `b`.`goods_id` = '33' ORDER BY `b`.`price` DESC,`b`.`id` ASC LIMIT 50 [ RunTime:0.000940s ]
[2026-08-19T10:29:53+08:00][sql] SELECT MAX(`price`) AS think_max FROM `bid_record` WHERE  `goods_id` = 33  AND `user_id` = 25  AND `status` = 0 [ RunTime:0.000866s ]
[2026-08-19T10:29:53+08:00][sql] SELECT MAX(`deposit`) AS think_max FROM `bid_record` WHERE  `goods_id` = 33  AND `user_id` = 25  AND `deposit` > '0' [ RunTime:0.000862s ]
[2026-08-19T10:29:53+08:00][sql] SHOW FULL COLUMNS FROM `browse_history` [ RunTime:0.001393s ]
[2026-08-19T10:29:53+08:00][sql] REPLACE INTO `browse_history` SET `user_id` = 25 , `goods_id` = 33 , `create_time` = 1787106593 [ RunTime:0.002073s ]
[2026-08-19T10:29:53+08:00][sql] SHOW FULL COLUMNS FROM `goods_favorite` [ RunTime:0.001385s ]
[2026-08-19T10:29:53+08:00][sql] SELECT COUNT(*) AS think_count FROM `goods_favorite` WHERE  `user_id` = 25  AND `goods_id` = 33 [ RunTime:0.000938s ]
[2026-08-19T10:29:53+08:00][sql] SHOW FULL COLUMNS FROM `seller_follow` [ RunTime:0.001329s ]
[2026-08-19T10:29:53+08:00][sql] SELECT COUNT(*) AS think_count FROM `seller_follow` WHERE  `user_id` = 25  AND `seller_id` = 25 [ RunTime:0.000821s ]
[2026-08-19T10:30:23+08:00][sql] CONNECT:[ UseTime:0.018578s ] mysql:host=127.0.0.1;port=3306;dbname=auction;charset=utf8mb4
[2026-08-19T10:30:23+08:00][sql] SHOW FULL COLUMNS FROM `goods` [ RunTime:0.001378s ]
[2026-08-19T10:30:23+08:00][sql] SELECT `id` FROM `goods` WHERE  `status` = 1  AND `end_time` <= 1787106623 [ RunTime:0.000595s ]
[2026-08-19T10:30:23+08:00][sql] SHOW FULL COLUMNS FROM `user` [ RunTime:0.001465s ]
[2026-08-19T10:30:23+08:00][sql] SELECT * FROM `user` WHERE  `id` = 25 LIMIT 1 [ RunTime:0.000860s ]
[2026-08-19T10:30:23+08:00][sql] SHOW FULL COLUMNS FROM `setting` [ RunTime:0.001241s ]
[2026-08-19T10:30:23+08:00][sql] SELECT * FROM `setting` [ RunTime:0.000686s ]
[2026-08-19T10:30:23+08:00][sql] SHOW FULL COLUMNS FROM `bid_record` [ RunTime:0.001372s ]
[2026-08-19T10:30:23+08:00][sql] SELECT COUNT(*) AS think_count FROM `bid_record` WHERE  `user_id` = 25 [ RunTime:0.000710s ]
[2026-08-19T10:30:23+08:00][sql] SHOW FULL COLUMNS FROM `order` [ RunTime:0.001267s ]
[2026-08-19T10:30:23+08:00][sql] SELECT COUNT(*) AS think_count FROM `order` WHERE  `buyer_id` = 25  AND `pay_status` = 1 [ RunTime:0.000794s ]
[2026-08-19T10:30:23+08:00][sql] SELECT COUNT(*) AS think_count FROM `goods` WHERE  `seller_id` = 25  AND `status` = 2 [ RunTime:0.002291s ]
[2026-08-19T10:30:23+08:00][sql] SELECT COUNT(*) AS think_count FROM `goods` WHERE  `seller_id` = 25 [ RunTime:0.000633s ]
[2026-08-19T10:30:23+08:00][sql] SELECT COUNT(*) AS think_count FROM `order` WHERE  `buyer_id` = 25  AND `pay_status` = 0  AND `order_status` = 0 [ RunTime:0.000554s ]
[2026-08-19T10:30:23+08:00][sql] SELECT COUNT(*) AS think_count FROM `order` WHERE  `seller_id` = 25  AND `order_status` = 1 [ RunTime:0.000593s ]
[2026-08-19T10:30:23+08:00][sql] SELECT COUNT(*) AS think_count FROM `order` WHERE  `buyer_id` = 25  AND `order_status` = 0  AND `pay_status` = 0 [ RunTime:0.000504s ]
[2026-08-19T10:30:23+08:00][sql] SELECT COUNT(*) AS think_count FROM `order` WHERE  `buyer_id` = 25  AND `order_status` = 1 [ RunTime:0.000462s ]
[2026-08-19T10:30:23+08:00][sql] SELECT COUNT(*) AS think_count FROM `order` WHERE  `buyer_id` = 25  AND `order_status` = 2 [ RunTime:0.000448s ]
[2026-08-19T10:30:23+08:00][sql] SELECT COUNT(*) AS think_count FROM `order` WHERE  `buyer_id` = 25  AND `order_status` = 3 [ RunTime:0.000439s ]
[2026-08-19T10:30:23+08:00][sql] SELECT COUNT(*) AS think_count FROM `order` WHERE  `seller_id` = 25  AND `order_status` = 1 [ RunTime:0.000435s ]
[2026-08-19T10:30:23+08:00][sql] SHOW FULL COLUMNS FROM `goods_favorite` [ RunTime:0.001012s ]
[2026-08-19T10:30:23+08:00][sql] SELECT COUNT(*) AS think_count FROM `goods_favorite` WHERE  `user_id` = 25 [ RunTime:0.000493s ]
[2026-08-19T10:30:23+08:00][sql] SHOW FULL COLUMNS FROM `seller_follow` [ RunTime:0.000882s ]
[2026-08-19T10:30:23+08:00][sql] SELECT COUNT(*) AS think_count FROM `seller_follow` WHERE  `user_id` = 25 [ RunTime:0.000457s ]
[2026-08-19T10:30:23+08:00][sql] SHOW FULL COLUMNS FROM `browse_history` [ RunTime:0.000836s ]
[2026-08-19T10:30:23+08:00][sql] SELECT COUNT(*) AS think_count FROM `browse_history` WHERE  `user_id` = 25 [ RunTime:0.000463s ]
[2026-08-19T10:30:23+08:00][sql] SHOW FULL COLUMNS FROM `balance_log` [ RunTime:0.000889s ]
[2026-08-19T10:30:23+08:00][sql] SELECT * FROM `balance_log` WHERE  `user_id` = 25 ORDER BY `id` DESC LIMIT 5 [ RunTime:0.000596s ]
[2026-08-19T10:30:23+08:00][sql] SELECT `b`.*,`g`.`title`,`g`.`cover`,g.status as goods_status,`g`.`end_time` FROM `bid_record` `b` LEFT JOIN `goods` `g` ON `b`.`goods_id`=`g`.`id` WHERE  `b`.`user_id` = '25' ORDER BY `b`.`id` DESC LIMIT 5 [ RunTime:0.000555s ]
[2026-08-19T10:30:23+08:00][sql] SELECT `id`,`nickname`,`mobile`,`reg_time` FROM `user` WHERE  `pid` = 25 ORDER BY `id` DESC LIMIT 10 [ RunTime:0.000472s ]
[2026-08-19T10:30:23+08:00][sql] SELECT `value` FROM `setting` WHERE  `name` = 'service_link' LIMIT 1 [ RunTime:0.000418s ]
[2026-08-19T10:30:50+08:00][sql] CONNECT:[ UseTime:0.014768s ] mysql:host=127.0.0.1;port=3306;dbname=auction;charset=utf8mb4
[2026-08-19T10:30:50+08:00][sql] SHOW FULL COLUMNS FROM `goods` [ RunTime:0.002042s ]
[2026-08-19T10:30:50+08:00][sql] SELECT `id` FROM `goods` WHERE  `status` = 1  AND `end_time` <= 1787106650 [ RunTime:0.000993s ]
[2026-08-19T10:30:50+08:00][sql] SHOW FULL COLUMNS FROM `user` [ RunTime:0.001844s ]
[2026-08-19T10:30:50+08:00][sql] SELECT * FROM `user` WHERE  `id` = 25 LIMIT 1 [ RunTime:0.000982s ]
[2026-08-19T10:30:50+08:00][sql] SHOW FULL COLUMNS FROM `setting` [ RunTime:0.001438s ]
[2026-08-19T10:30:50+08:00][sql] SELECT * FROM `setting` [ RunTime:0.000818s ]
[2026-08-19T10:30:50+08:00][sql] SELECT COUNT(*) AS think_count FROM `goods` `g` LEFT JOIN `user` `u` ON `g`.`seller_id`=`u`.`id` WHERE  `g`.`status` = '1'  AND `g`.`start_time` <= '1787106650'  AND `g`.`end_time` > '1787106650' [ RunTime:0.001091s ]
[2026-08-19T10:30:50+08:00][sql] SELECT `g`.*,u.nickname as seller_name FROM `goods` `g` LEFT JOIN `user` `u` ON `g`.`seller_id`=`u`.`id` WHERE  `g`.`status` = '1'  AND `g`.`start_time` <= '1787106650'  AND `g`.`end_time` > '1787106650' ORDER BY `g`.`end_time` ASC,`g`.`id` DESC LIMIT 0,10 [ RunTime:0.001186s ]
[2026-08-19T10:30:50+08:00][sql] SHOW FULL COLUMNS FROM `bid_record` [ RunTime:0.001641s ]
[2026-08-19T10:30:50+08:00][sql] SELECT MAX(`price`) AS think_max FROM `bid_record` WHERE  `goods_id` = 28  AND `status` = 0 [ RunTime:0.000956s ]
[2026-08-19T10:30:50+08:00][sql] SELECT MAX(`price`) AS think_max FROM `bid_record` WHERE  `goods_id` = 33  AND `status` = 0 [ RunTime:0.000916s ]
[2026-08-19T10:30:50+08:00][sql] SELECT MAX(`price`) AS think_max FROM `bid_record` WHERE  `goods_id` = 30  AND `status` = 0 [ RunTime:0.000932s ]
[2026-08-19T10:30:50+08:00][sql] SHOW FULL COLUMNS FROM `category` [ RunTime:0.001500s ]
[2026-08-19T10:30:50+08:00][sql] SELECT * FROM `category` WHERE  `status` = 1 ORDER BY `sort` ASC [ RunTime:0.000884s ]
[2026-08-19T10:30:50+08:00][sql] SELECT `b`.`price`,`b`.`create_time`,`g`.`title`,`u`.`nickname` FROM `bid_record` `b` LEFT JOIN `goods` `g` ON `b`.`goods_id`=`g`.`id` LEFT JOIN `user` `u` ON `b`.`user_id`=`u`.`id` WHERE  `b`.`status` = '1' ORDER BY `b`.`id` DESC LIMIT 5 [ RunTime:0.000965s ]
[2026-08-19T10:30:50+08:00][sql] SHOW FULL COLUMNS FROM `news` [ RunTime:0.001422s ]
[2026-08-19T10:30:50+08:00][sql] SELECT `id`,`title`,`create_time` FROM `news` WHERE  `status` = 1 ORDER BY `id` DESC LIMIT 3 [ RunTime:0.000809s ]
[2026-08-19T10:30:50+08:00][sql] SHOW FULL COLUMNS FROM `banner` [ RunTime:0.001489s ]
[2026-08-19T10:30:50+08:00][sql] SELECT * FROM `banner` WHERE  `status` = 1 ORDER BY `sort` ASC,`id` ASC [ RunTime:0.000909s ]
[2026-08-19T10:51:54+08:00][sql] CONNECT:[ UseTime:0.010891s ] mysql:host=127.0.0.1;port=3306;dbname=auction;charset=utf8mb4
[2026-08-19T10:51:54+08:00][sql] SHOW FULL COLUMNS FROM `goods` [ RunTime:0.001831s ]
[2026-08-19T10:51:54+08:00][sql] SELECT `id` FROM `goods` WHERE  `status` = 1  AND `end_time` <= 1787107914 [ RunTime:0.000732s ]
[2026-08-19T10:51:54+08:00][sql] SHOW FULL COLUMNS FROM `user` [ RunTime:0.001471s ]
[2026-08-19T10:51:54+08:00][sql] SELECT * FROM `user` WHERE  `id` = 25 LIMIT 1 [ RunTime:0.000810s ]
[2026-08-19T10:51:54+08:00][sql] SHOW FULL COLUMNS FROM `setting` [ RunTime:0.001074s ]
[2026-08-19T10:51:54+08:00][sql] SELECT * FROM `setting` [ RunTime:0.000782s ]
[2026-08-19T10:51:54+08:00][sql] SELECT `g`.*,u.nickname as seller_name,u.shop_name as seller_shop,u.avatar as seller_avatar,c.name as category_name FROM `goods` `g` LEFT JOIN `user` `u` ON `g`.`seller_id`=`u`.`id` LEFT JOIN `category` `c` ON `g`.`category_id`=`c`.`id` WHERE  `g`.`id` = '33' LIMIT 1 [ RunTime:0.000867s ]
[2026-08-19T10:51:54+08:00][sql] UPDATE `goods`  SET `view_count` = `view_count` + 1  WHERE  `id` = 33 [ RunTime:0.002221s ]
[2026-08-19T10:51:54+08:00][sql] SHOW FULL COLUMNS FROM `bid_record` [ RunTime:0.001085s ]
[2026-08-19T10:51:54+08:00][sql] SELECT `b`.*,`u`.`nickname`,`u`.`mobile` FROM `bid_record` `b` LEFT JOIN `user` `u` ON `b`.`user_id`=`u`.`id` WHERE  `b`.`goods_id` = '33'  AND `b`.`status` = '0' ORDER BY `b`.`price` DESC,`b`.`id` ASC LIMIT 1 [ RunTime:0.000905s ]
[2026-08-19T10:51:54+08:00][sql] SELECT `b`.*,`u`.`nickname`,`u`.`mobile` FROM `bid_record` `b` LEFT JOIN `user` `u` ON `b`.`user_id`=`u`.`id` WHERE  `b`.`goods_id` = '33' ORDER BY `b`.`price` DESC,`b`.`id` ASC LIMIT 50 [ RunTime:0.000721s ]
[2026-08-19T10:51:54+08:00][sql] SELECT MAX(`price`) AS think_max FROM `bid_record` WHERE  `goods_id` = 33  AND `user_id` = 25  AND `status` = 0 [ RunTime:0.000702s ]
[2026-08-19T10:51:54+08:00][sql] SELECT MAX(`deposit`) AS think_max FROM `bid_record` WHERE  `goods_id` = 33  AND `user_id` = 25  AND `deposit` > '0' [ RunTime:0.000655s ]
[2026-08-19T10:51:54+08:00][sql] SHOW FULL COLUMNS FROM `browse_history` [ RunTime:0.000991s ]
[2026-08-19T10:51:54+08:00][sql] REPLACE INTO `browse_history` SET `user_id` = 25 , `goods_id` = 33 , `create_time` = 1787107914 [ RunTime:0.001779s ]
[2026-08-19T10:51:54+08:00][sql] SHOW FULL COLUMNS FROM `goods_favorite` [ RunTime:0.002408s ]
[2026-08-19T10:51:54+08:00][sql] SELECT COUNT(*) AS think_count FROM `goods_favorite` WHERE  `user_id` = 25  AND `goods_id` = 33 [ RunTime:0.000597s ]
[2026-08-19T10:51:54+08:00][sql] SHOW FULL COLUMNS FROM `seller_follow` [ RunTime:0.001076s ]
[2026-08-19T10:51:54+08:00][sql] SELECT COUNT(*) AS think_count FROM `seller_follow` WHERE  `user_id` = 25  AND `seller_id` = 25 [ RunTime:0.000626s ]
[2026-08-19T10:51:56+08:00][sql] CONNECT:[ UseTime:0.009331s ] mysql:host=127.0.0.1;port=3306;dbname=auction;charset=utf8mb4
[2026-08-19T10:51:56+08:00][sql] SHOW FULL COLUMNS FROM `goods` [ RunTime:0.002265s ]
[2026-08-19T10:51:56+08:00][sql] SELECT `id` FROM `goods` WHERE  `status` = 1  AND `end_time` <= 1787107916 [ RunTime:0.001060s ]
[2026-08-19T10:51:56+08:00][sql] SHOW FULL COLUMNS FROM `user` [ RunTime:0.002119s ]
[2026-08-19T10:51:56+08:00][sql] SELECT * FROM `user` WHERE  `id` = 25 LIMIT 1 [ RunTime:0.001115s ]
[2026-08-19T10:51:56+08:00][sql] SHOW FULL COLUMNS FROM `setting` [ RunTime:0.001474s ]
[2026-08-19T10:51:56+08:00][sql] SELECT * FROM `setting` [ RunTime:0.000773s ]
[2026-08-19T10:51:56+08:00][sql] SELECT `g`.*,u.nickname as seller_name,u.shop_name as seller_shop,u.avatar as seller_avatar,c.name as category_name FROM `goods` `g` LEFT JOIN `user` `u` ON `g`.`seller_id`=`u`.`id` LEFT JOIN `category` `c` ON `g`.`category_id`=`c`.`id` WHERE  `g`.`id` = '33' LIMIT 1 [ RunTime:0.001183s ]
[2026-08-19T10:51:56+08:00][sql] UPDATE `goods`  SET `view_count` = `view_count` + 1  WHERE  `id` = 33 [ RunTime:0.002458s ]
[2026-08-19T10:51:56+08:00][sql] SHOW FULL COLUMNS FROM `bid_record` [ RunTime:0.001773s ]
[2026-08-19T10:51:56+08:00][sql] SELECT `b`.*,`u`.`nickname`,`u`.`mobile` FROM `bid_record` `b` LEFT JOIN `user` `u` ON `b`.`user_id`=`u`.`id` WHERE  `b`.`goods_id` = '33'  AND `b`.`status` = '0' ORDER BY `b`.`price` DESC,`b`.`id` ASC LIMIT 1 [ RunTime:0.001192s ]
[2026-08-19T10:51:56+08:00][sql] SELECT `b`.*,`u`.`nickname`,`u`.`mobile` FROM `bid_record` `b` LEFT JOIN `user` `u` ON `b`.`user_id`=`u`.`id` WHERE  `b`.`goods_id` = '33' ORDER BY `b`.`price` DESC,`b`.`id` ASC LIMIT 50 [ RunTime:0.001122s ]
[2026-08-19T10:51:56+08:00][sql] SELECT MAX(`price`) AS think_max FROM `bid_record` WHERE  `goods_id` = 33  AND `user_id` = 25  AND `status` = 0 [ RunTime:0.000977s ]
[2026-08-19T10:51:56+08:00][sql] SELECT MAX(`deposit`) AS think_max FROM `bid_record` WHERE  `goods_id` = 33  AND `user_id` = 25  AND `deposit` > '0' [ RunTime:0.000995s ]
[2026-08-19T10:51:56+08:00][sql] SHOW FULL COLUMNS FROM `browse_history` [ RunTime:0.001543s ]
[2026-08-19T10:51:56+08:00][sql] REPLACE INTO `browse_history` SET `user_id` = 25 , `goods_id` = 33 , `create_time` = 1787107916 [ RunTime:0.002181s ]
[2026-08-19T10:51:56+08:00][sql] SHOW FULL COLUMNS FROM `goods_favorite` [ RunTime:0.001455s ]
[2026-08-19T10:51:56+08:00][sql] SELECT COUNT(*) AS think_count FROM `goods_favorite` WHERE  `user_id` = 25  AND `goods_id` = 33 [ RunTime:0.000944s ]
[2026-08-19T10:51:56+08:00][sql] SHOW FULL COLUMNS FROM `seller_follow` [ RunTime:0.001562s ]
[2026-08-19T10:51:56+08:00][sql] SELECT COUNT(*) AS think_count FROM `seller_follow` WHERE  `user_id` = 25  AND `seller_id` = 25 [ RunTime:0.000805s ]
[2026-08-19T10:52:01+08:00][sql] CONNECT:[ UseTime:0.015915s ] mysql:host=127.0.0.1;port=3306;dbname=auction;charset=utf8mb4
[2026-08-19T10:52:01+08:00][sql] SHOW FULL COLUMNS FROM `goods` [ RunTime:0.002260s ]
[2026-08-19T10:52:01+08:00][sql] SELECT `id` FROM `goods` WHERE  `status` = 1  AND `end_time` <= 1787107921 [ RunTime:0.001167s ]
[2026-08-19T10:52:01+08:00][sql] SHOW FULL COLUMNS FROM `user` [ RunTime:0.001977s ]
[2026-08-19T10:52:01+08:00][sql] SELECT * FROM `user` WHERE  `id` = 25 LIMIT 1 [ RunTime:0.001192s ]
[2026-08-19T10:52:01+08:00][sql] SHOW FULL COLUMNS FROM `setting` [ RunTime:0.001560s ]
[2026-08-19T10:52:01+08:00][sql] SELECT * FROM `setting` [ RunTime:0.000893s ]
[2026-08-19T10:52:01+08:00][sql] SELECT `g`.*,u.nickname as seller_name,u.shop_name as seller_shop,u.avatar as seller_avatar,c.name as category_name FROM `goods` `g` LEFT JOIN `user` `u` ON `g`.`seller_id`=`u`.`id` LEFT JOIN `category` `c` ON `g`.`category_id`=`c`.`id` WHERE  `g`.`id` = '33' LIMIT 1 [ RunTime:0.001213s ]
[2026-08-19T10:52:01+08:00][sql] UPDATE `goods`  SET `view_count` = `view_count` + 1  WHERE  `id` = 33 [ RunTime:0.002289s ]
[2026-08-19T10:52:01+08:00][sql] SHOW FULL COLUMNS FROM `bid_record` [ RunTime:0.002065s ]
[2026-08-19T10:52:01+08:00][sql] SELECT `b`.*,`u`.`nickname`,`u`.`mobile` FROM `bid_record` `b` LEFT JOIN `user` `u` ON `b`.`user_id`=`u`.`id` WHERE  `b`.`goods_id` = '33'  AND `b`.`status` = '0' ORDER BY `b`.`price` DESC,`b`.`id` ASC LIMIT 1 [ RunTime:0.001078s ]
[2026-08-19T10:52:01+08:00][sql] SELECT `b`.*,`u`.`nickname`,`u`.`mobile` FROM `bid_record` `b` LEFT JOIN `user` `u` ON `b`.`user_id`=`u`.`id` WHERE  `b`.`goods_id` = '33' ORDER BY `b`.`price` DESC,`b`.`id` ASC LIMIT 50 [ RunTime:0.001262s ]
[2026-08-19T10:52:01+08:00][sql] SELECT MAX(`price`) AS think_max FROM `bid_record` WHERE  `goods_id` = 33  AND `user_id` = 25  AND `status` = 0 [ RunTime:0.001070s ]
[2026-08-19T10:52:01+08:00][sql] SELECT MAX(`deposit`) AS think_max FROM `bid_record` WHERE  `goods_id` = 33  AND `user_id` = 25  AND `deposit` > '0' [ RunTime:0.000950s ]
[2026-08-19T10:52:01+08:00][sql] SHOW FULL COLUMNS FROM `browse_history` [ RunTime:0.001956s ]
[2026-08-19T10:52:01+08:00][sql] REPLACE INTO `browse_history` SET `user_id` = 25 , `goods_id` = 33 , `create_time` = 1787107921 [ RunTime:0.002475s ]
[2026-08-19T10:52:01+08:00][sql] SHOW FULL COLUMNS FROM `goods_favorite` [ RunTime:0.001948s ]
[2026-08-19T10:52:01+08:00][sql] SELECT COUNT(*) AS think_count FROM `goods_favorite` WHERE  `user_id` = 25  AND `goods_id` = 33 [ RunTime:0.001059s ]
[2026-08-19T10:52:01+08:00][sql] SHOW FULL COLUMNS FROM `seller_follow` [ RunTime:0.001595s ]
[2026-08-19T10:52:01+08:00][sql] SELECT COUNT(*) AS think_count FROM `seller_follow` WHERE  `user_id` = 25  AND `seller_id` = 25 [ RunTime:0.001101s ]
[2026-08-19T10:52:19+08:00][sql] CONNECT:[ UseTime:0.002780s ] mysql:host=127.0.0.1;port=3306;dbname=auction;charset=utf8mb4
[2026-08-19T10:52:19+08:00][sql] SHOW FULL COLUMNS FROM `goods` [ RunTime:0.001333s ]
[2026-08-19T10:52:19+08:00][sql] SELECT `id` FROM `goods` WHERE  `status` = 1  AND `end_time` <= 1787107939 [ RunTime:0.000947s ]
[2026-08-19T10:52:19+08:00][sql] SHOW FULL COLUMNS FROM `user` [ RunTime:0.001548s ]
[2026-08-19T10:52:19+08:00][sql] SELECT * FROM `user` WHERE  `id` = 25 LIMIT 1 [ RunTime:0.000876s ]
[2026-08-19T10:52:19+08:00][sql] SHOW FULL COLUMNS FROM `setting` [ RunTime:0.001189s ]
[2026-08-19T10:52:19+08:00][sql] SELECT * FROM `setting` [ RunTime:0.000667s ]
[2026-08-19T10:52:19+08:00][sql] SELECT `g`.*,u.nickname as seller_name,u.shop_name as seller_shop,u.avatar as seller_avatar,c.name as category_name FROM `goods` `g` LEFT JOIN `user` `u` ON `g`.`seller_id`=`u`.`id` LEFT JOIN `category` `c` ON `g`.`category_id`=`c`.`id` WHERE  `g`.`id` = '33' LIMIT 1 [ RunTime:0.000868s ]
[2026-08-19T10:52:19+08:00][sql] UPDATE `goods`  SET `view_count` = `view_count` + 1  WHERE  `id` = 33 [ RunTime:0.001871s ]
[2026-08-19T10:52:19+08:00][sql] SHOW FULL COLUMNS FROM `bid_record` [ RunTime:0.001216s ]
[2026-08-19T10:52:19+08:00][sql] SELECT `b`.*,`u`.`nickname`,`u`.`mobile` FROM `bid_record` `b` LEFT JOIN `user` `u` ON `b`.`user_id`=`u`.`id` WHERE  `b`.`goods_id` = '33'  AND `b`.`status` = '0' ORDER BY `b`.`price` DESC,`b`.`id` ASC LIMIT 1 [ RunTime:0.000933s ]
[2026-08-19T10:52:19+08:00][sql] SELECT `b`.*,`u`.`nickname`,`u`.`mobile` FROM `bid_record` `b` LEFT JOIN `user` `u` ON `b`.`user_id`=`u`.`id` WHERE  `b`.`goods_id` = '33' ORDER BY `b`.`price` DESC,`b`.`id` ASC LIMIT 50 [ RunTime:0.000677s ]
[2026-08-19T10:52:19+08:00][sql] SELECT MAX(`price`) AS think_max FROM `bid_record` WHERE  `goods_id` = 33  AND `user_id` = 25  AND `status` = 0 [ RunTime:0.000537s ]
[2026-08-19T10:52:19+08:00][sql] SELECT MAX(`deposit`) AS think_max FROM `bid_record` WHERE  `goods_id` = 33  AND `user_id` = 25  AND `deposit` > '0' [ RunTime:0.000462s ]
[2026-08-19T10:52:19+08:00][sql] SHOW FULL COLUMNS FROM `browse_history` [ RunTime:0.001654s ]
[2026-08-19T10:52:19+08:00][sql] REPLACE INTO `browse_history` SET `user_id` = 25 , `goods_id` = 33 , `create_time` = 1787107939 [ RunTime:0.001908s ]
[2026-08-19T10:52:19+08:00][sql] SHOW FULL COLUMNS FROM `goods_favorite` [ RunTime:0.003749s ]
[2026-08-19T10:52:19+08:00][sql] SELECT COUNT(*) AS think_count FROM `goods_favorite` WHERE  `user_id` = 25  AND `goods_id` = 33 [ RunTime:0.001097s ]
[2026-08-19T10:52:19+08:00][sql] SHOW FULL COLUMNS FROM `seller_follow` [ RunTime:0.001594s ]
[2026-08-19T10:52:19+08:00][sql] SELECT COUNT(*) AS think_count FROM `seller_follow` WHERE  `user_id` = 25  AND `seller_id` = 25 [ RunTime:0.000867s ]
[2026-08-19T10:52:24+08:00][sql] CONNECT:[ UseTime:0.001712s ] mysql:host=127.0.0.1;port=3306;dbname=auction;charset=utf8mb4
[2026-08-19T10:52:24+08:00][sql] SHOW FULL COLUMNS FROM `goods` [ RunTime:0.001615s ]
[2026-08-19T10:52:24+08:00][sql] SELECT `id` FROM `goods` WHERE  `status` = 1  AND `end_time` <= 1787107944 [ RunTime:0.000829s ]
[2026-08-19T10:52:24+08:00][sql] SHOW FULL COLUMNS FROM `user` [ RunTime:0.001495s ]
[2026-08-19T10:52:24+08:00][sql] SELECT * FROM `user` WHERE  `id` = 25 LIMIT 1 [ RunTime:0.000877s ]
[2026-08-19T10:52:24+08:00][sql] SHOW FULL COLUMNS FROM `setting` [ RunTime:0.001298s ]
[2026-08-19T10:52:24+08:00][sql] SELECT * FROM `setting` [ RunTime:0.000758s ]
[2026-08-19T10:52:24+08:00][sql] SELECT `g`.*,u.nickname as seller_name,u.shop_name as seller_shop,u.avatar as seller_avatar,c.name as category_name FROM `goods` `g` LEFT JOIN `user` `u` ON `g`.`seller_id`=`u`.`id` LEFT JOIN `category` `c` ON `g`.`category_id`=`c`.`id` WHERE  `g`.`id` = '28' LIMIT 1 [ RunTime:0.001009s ]
[2026-08-19T10:52:24+08:00][sql] UPDATE `goods`  SET `view_count` = `view_count` + 1  WHERE  `id` = 28 [ RunTime:0.002087s ]
[2026-08-19T10:52:24+08:00][sql] SHOW FULL COLUMNS FROM `bid_record` [ RunTime:0.001044s ]
[2026-08-19T10:52:24+08:00][sql] SELECT `b`.*,`u`.`nickname`,`u`.`mobile` FROM `bid_record` `b` LEFT JOIN `user` `u` ON `b`.`user_id`=`u`.`id` WHERE  `b`.`goods_id` = '28'  AND `b`.`status` = '0' ORDER BY `b`.`price` DESC,`b`.`id` ASC LIMIT 1 [ RunTime:0.001053s ]
[2026-08-19T10:52:24+08:00][sql] SELECT `b`.*,`u`.`nickname`,`u`.`mobile` FROM `bid_record` `b` LEFT JOIN `user` `u` ON `b`.`user_id`=`u`.`id` WHERE  `b`.`goods_id` = '28' ORDER BY `b`.`price` DESC,`b`.`id` ASC LIMIT 50 [ RunTime:0.000908s ]
[2026-08-19T10:52:24+08:00][sql] SELECT MAX(`price`) AS think_max FROM `bid_record` WHERE  `goods_id` = 28  AND `user_id` = 25  AND `status` = 0 [ RunTime:0.000777s ]
[2026-08-19T10:52:24+08:00][sql] SELECT MAX(`deposit`) AS think_max FROM `bid_record` WHERE  `goods_id` = 28  AND `user_id` = 25  AND `deposit` > '0' [ RunTime:0.000798s ]
[2026-08-19T10:52:24+08:00][sql] SHOW FULL COLUMNS FROM `browse_history` [ RunTime:0.001280s ]
[2026-08-19T10:52:24+08:00][sql] REPLACE INTO `browse_history` SET `user_id` = 25 , `goods_id` = 28 , `create_time` = 1787107944 [ RunTime:0.001640s ]
[2026-08-19T10:52:24+08:00][sql] SHOW FULL COLUMNS FROM `goods_favorite` [ RunTime:0.001091s ]
[2026-08-19T10:52:24+08:00][sql] SELECT COUNT(*) AS think_count FROM `goods_favorite` WHERE  `user_id` = 25  AND `goods_id` = 28 [ RunTime:0.000833s ]
[2026-08-19T10:52:24+08:00][sql] SHOW FULL COLUMNS FROM `seller_follow` [ RunTime:0.001239s ]
[2026-08-19T10:52:24+08:00][sql] SELECT COUNT(*) AS think_count FROM `seller_follow` WHERE  `user_id` = 25  AND `seller_id` = 20 [ RunTime:0.000722s ]
[2026-08-19T10:52:32+08:00][sql] CONNECT:[ UseTime:0.007635s ] mysql:host=127.0.0.1;port=3306;dbname=auction;charset=utf8mb4
[2026-08-19T10:52:32+08:00][sql] SHOW FULL COLUMNS FROM `goods` [ RunTime:0.001244s ]
[2026-08-19T10:52:32+08:00][sql] SELECT `id` FROM `goods` WHERE  `status` = 1  AND `end_time` <= 1787107952 [ RunTime:0.000839s ]
[2026-08-19T10:52:32+08:00][sql] SHOW FULL COLUMNS FROM `setting` [ RunTime:0.001234s ]
[2026-08-19T10:52:32+08:00][sql] SELECT * FROM `setting` [ RunTime:0.000751s ]
[2026-08-19T10:52:38+08:00][sql] CONNECT:[ UseTime:0.018936s ] mysql:host=127.0.0.1;port=3306;dbname=auction;charset=utf8mb4
[2026-08-19T10:52:38+08:00][sql] SHOW FULL COLUMNS FROM `goods` [ RunTime:0.002280s ]
[2026-08-19T10:52:38+08:00][sql] SELECT `id` FROM `goods` WHERE  `status` = 1  AND `end_time` <= 1787107958 [ RunTime:0.001064s ]
[2026-08-19T10:52:38+08:00][sql] SHOW FULL COLUMNS FROM `setting` [ RunTime:0.001580s ]
[2026-08-19T10:52:38+08:00][sql] SELECT * FROM `setting` [ RunTime:0.000955s ]
[2026-08-19T10:52:38+08:00][sql] SHOW FULL COLUMNS FROM `user` [ RunTime:0.001931s ]
[2026-08-19T10:52:38+08:00][sql] SELECT * FROM `user` WHERE  `mobile` = '18888888888' LIMIT 1 [ RunTime:0.001194s ]
[2026-08-19T10:52:38+08:00][sql] UPDATE `user`  SET `last_login_time` = 1787107958 , `update_time` = 1787107958  WHERE  `id` = 20 [ RunTime:0.005898s ]
[2026-08-19T10:52:39+08:00][sql] CONNECT:[ UseTime:0.019189s ] mysql:host=127.0.0.1;port=3306;dbname=auction;charset=utf8mb4
[2026-08-19T10:52:39+08:00][sql] SHOW FULL COLUMNS FROM `goods` [ RunTime:0.002422s ]
[2026-08-19T10:52:39+08:00][sql] SELECT `id` FROM `goods` WHERE  `status` = 1  AND `end_time` <= 1787107959 [ RunTime:0.001544s ]
[2026-08-19T10:52:39+08:00][sql] SHOW FULL COLUMNS FROM `user` [ RunTime:0.002267s ]
[2026-08-19T10:52:39+08:00][sql] SELECT * FROM `user` WHERE  `id` = 20 LIMIT 1 [ RunTime:0.001120s ]
[2026-08-19T10:52:39+08:00][sql] SHOW FULL COLUMNS FROM `setting` [ RunTime:0.001829s ]
[2026-08-19T10:52:39+08:00][sql] SELECT * FROM `setting` [ RunTime:0.000998s ]
[2026-08-19T10:52:39+08:00][sql] SHOW FULL COLUMNS FROM `bid_record` [ RunTime:0.001983s ]
[2026-08-19T10:52:39+08:00][sql] SELECT COUNT(*) AS think_count FROM `bid_record` WHERE  `user_id` = 20 [ RunTime:0.001086s ]
[2026-08-19T10:52:39+08:00][sql] SHOW FULL COLUMNS FROM `order` [ RunTime:0.001980s ]
[2026-08-19T10:52:39+08:00][sql] SELECT COUNT(*) AS think_count FROM `order` WHERE  `buyer_id` = 20  AND `pay_status` = 1 [ RunTime:0.001138s ]
[2026-08-19T10:52:39+08:00][sql] SELECT COUNT(*) AS think_count FROM `goods` WHERE  `seller_id` = 20  AND `status` = 2 [ RunTime:0.003467s ]
[2026-08-19T10:52:39+08:00][sql] SELECT COUNT(*) AS think_count FROM `goods` WHERE  `seller_id` = 20 [ RunTime:0.001119s ]
[2026-08-19T10:52:39+08:00][sql] SELECT COUNT(*) AS think_count FROM `order` WHERE  `buyer_id` = 20  AND `pay_status` = 0  AND `order_status` = 0 [ RunTime:0.000889s ]
[2026-08-19T10:52:39+08:00][sql] SELECT COUNT(*) AS think_count FROM `order` WHERE  `seller_id` = 20  AND `order_status` = 1 [ RunTime:0.000930s ]
[2026-08-19T10:52:39+08:00][sql] SELECT COUNT(*) AS think_count FROM `order` WHERE  `buyer_id` = 20  AND `order_status` = 0  AND `pay_status` = 0 [ RunTime:0.001086s ]
[2026-08-19T10:52:39+08:00][sql] SELECT COUNT(*) AS think_count FROM `order` WHERE  `buyer_id` = 20  AND `order_status` = 1 [ RunTime:0.001083s ]
[2026-08-19T10:52:39+08:00][sql] SELECT COUNT(*) AS think_count FROM `order` WHERE  `buyer_id` = 20  AND `order_status` = 2 [ RunTime:0.001053s ]
[2026-08-19T10:52:39+08:00][sql] SELECT COUNT(*) AS think_count FROM `order` WHERE  `buyer_id` = 20  AND `order_status` = 3 [ RunTime:0.001092s ]
[2026-08-19T10:52:39+08:00][sql] SELECT COUNT(*) AS think_count FROM `order` WHERE  `seller_id` = 20  AND `order_status` = 1 [ RunTime:0.001018s ]
[2026-08-19T10:52:39+08:00][sql] SHOW FULL COLUMNS FROM `goods_favorite` [ RunTime:0.001999s ]
[2026-08-19T10:52:39+08:00][sql] SELECT COUNT(*) AS think_count FROM `goods_favorite` WHERE  `user_id` = 20 [ RunTime:0.001010s ]
[2026-08-19T10:52:39+08:00][sql] SHOW FULL COLUMNS FROM `seller_follow` [ RunTime:0.001779s ]
[2026-08-19T10:52:39+08:00][sql] SELECT COUNT(*) AS think_count FROM `seller_follow` WHERE  `user_id` = 20 [ RunTime:0.000969s ]
[2026-08-19T10:52:39+08:00][sql] SHOW FULL COLUMNS FROM `browse_history` [ RunTime:0.001677s ]
[2026-08-19T10:52:39+08:00][sql] SELECT COUNT(*) AS think_count FROM `browse_history` WHERE  `user_id` = 20 [ RunTime:0.001121s ]
[2026-08-19T10:52:39+08:00][sql] SHOW FULL COLUMNS FROM `balance_log` [ RunTime:0.001749s ]
[2026-08-19T10:52:39+08:00][sql] SELECT * FROM `balance_log` WHERE  `user_id` = 20 ORDER BY `id` DESC LIMIT 5 [ RunTime:0.001320s ]
[2026-08-19T10:52:39+08:00][sql] SELECT `b`.*,`g`.`title`,`g`.`cover`,g.status as goods_status,`g`.`end_time` FROM `bid_record` `b` LEFT JOIN `goods` `g` ON `b`.`goods_id`=`g`.`id` WHERE  `b`.`user_id` = '20' ORDER BY `b`.`id` DESC LIMIT 5 [ RunTime:0.001252s ]
[2026-08-19T10:52:39+08:00][sql] SELECT `id`,`nickname`,`mobile`,`reg_time` FROM `user` WHERE  `pid` = 20 ORDER BY `id` DESC LIMIT 10 [ RunTime:0.000978s ]
[2026-08-19T10:52:39+08:00][sql] SELECT `value` FROM `setting` WHERE  `name` = 'service_link' LIMIT 1 [ RunTime:0.000982s ]
[2026-08-19T10:52:41+08:00][sql] CONNECT:[ UseTime:0.002503s ] mysql:host=127.0.0.1;port=3306;dbname=auction;charset=utf8mb4
[2026-08-19T10:52:41+08:00][sql] SHOW FULL COLUMNS FROM `goods` [ RunTime:0.002057s ]
[2026-08-19T10:52:41+08:00][sql] SELECT `id` FROM `goods` WHERE  `status` = 1  AND `end_time` <= 1787107961 [ RunTime:0.001164s ]
[2026-08-19T10:52:41+08:00][sql] SHOW FULL COLUMNS FROM `user` [ RunTime:0.001856s ]
[2026-08-19T10:52:41+08:00][sql] SELECT * FROM `user` WHERE  `id` = 20 LIMIT 1 [ RunTime:0.001237s ]
[2026-08-19T10:52:41+08:00][sql] SHOW FULL COLUMNS FROM `setting` [ RunTime:0.001494s ]
[2026-08-19T10:52:41+08:00][sql] SELECT * FROM `setting` [ RunTime:0.000896s ]
[2026-08-19T10:52:41+08:00][sql] SHOW FULL COLUMNS FROM `category` [ RunTime:0.002032s ]
[2026-08-19T10:52:41+08:00][sql] SELECT * FROM `category` WHERE  `status` = 1 ORDER BY `sort` ASC [ RunTime:0.001011s ]
[2026-08-19T10:53:01+08:00][sql] CONNECT:[ UseTime:0.019450s ] mysql:host=127.0.0.1;port=3306;dbname=auction;charset=utf8mb4
[2026-08-19T10:53:01+08:00][sql] SHOW FULL COLUMNS FROM `goods` [ RunTime:0.002330s ]
[2026-08-19T10:53:01+08:00][sql] SELECT `id` FROM `goods` WHERE  `status` = 1  AND `end_time` <= 1787107981 [ RunTime:0.001256s ]
[2026-08-19T10:53:01+08:00][sql] SHOW FULL COLUMNS FROM `user` [ RunTime:0.002261s ]
[2026-08-19T10:53:01+08:00][sql] SELECT * FROM `user` WHERE  `id` = 20 LIMIT 1 [ RunTime:0.001354s ]
[2026-08-19T10:53:01+08:00][sql] SHOW FULL COLUMNS FROM `setting` [ RunTime:0.001772s ]
[2026-08-19T10:53:01+08:00][sql] SELECT * FROM `setting` [ RunTime:0.000961s ]
[2026-08-19T10:53:04+08:00][sql] CONNECT:[ UseTime:0.011945s ] mysql:host=127.0.0.1;port=3306;dbname=auction;charset=utf8mb4
[2026-08-19T10:53:04+08:00][sql] SHOW FULL COLUMNS FROM `goods` [ RunTime:0.001507s ]
[2026-08-19T10:53:04+08:00][sql] SELECT `id` FROM `goods` WHERE  `status` = 1  AND `end_time` <= 1787107984 [ RunTime:0.000746s ]
[2026-08-19T10:53:04+08:00][sql] SHOW FULL COLUMNS FROM `user` [ RunTime:0.001368s ]
[2026-08-19T10:53:04+08:00][sql] SELECT * FROM `user` WHERE  `id` = 20 LIMIT 1 [ RunTime:0.000711s ]
[2026-08-19T10:53:04+08:00][sql] SHOW FULL COLUMNS FROM `setting` [ RunTime:0.001095s ]
[2026-08-19T10:53:04+08:00][sql] SELECT * FROM `setting` [ RunTime:0.000679s ]
[2026-08-19T10:53:07+08:00][sql] CONNECT:[ UseTime:0.016587s ] mysql:host=127.0.0.1;port=3306;dbname=auction;charset=utf8mb4
[2026-08-19T10:53:07+08:00][sql] SHOW FULL COLUMNS FROM `goods` [ RunTime:0.002495s ]
[2026-08-19T10:53:07+08:00][sql] SELECT `id` FROM `goods` WHERE  `status` = 1  AND `end_time` <= 1787107987 [ RunTime:0.001386s ]
[2026-08-19T10:53:07+08:00][sql] SHOW FULL COLUMNS FROM `user` [ RunTime:0.001963s ]
[2026-08-19T10:53:07+08:00][sql] SELECT * FROM `user` WHERE  `id` = 20 LIMIT 1 [ RunTime:0.001251s ]
[2026-08-19T10:53:07+08:00][sql] SHOW FULL COLUMNS FROM `setting` [ RunTime:0.001574s ]
[2026-08-19T10:53:07+08:00][sql] SELECT * FROM `setting` [ RunTime:0.000953s ]
[2026-08-19T10:53:17+08:00][sql] CONNECT:[ UseTime:0.002086s ] mysql:host=127.0.0.1;port=3306;dbname=auction;charset=utf8mb4
[2026-08-19T10:53:17+08:00][sql] SHOW FULL COLUMNS FROM `goods` [ RunTime:0.001653s ]
[2026-08-19T10:53:17+08:00][sql] SELECT `id` FROM `goods` WHERE  `status` = 1  AND `end_time` <= 1787107997 [ RunTime:0.000978s ]
[2026-08-19T10:53:17+08:00][sql] SHOW FULL COLUMNS FROM `user` [ RunTime:0.001835s ]
[2026-08-19T10:53:17+08:00][sql] SELECT * FROM `user` WHERE  `id` = 20 LIMIT 1 [ RunTime:0.000986s ]
[2026-08-19T10:53:17+08:00][sql] SHOW FULL COLUMNS FROM `setting` [ RunTime:0.001450s ]
[2026-08-19T10:53:17+08:00][sql] SELECT * FROM `setting` [ RunTime:0.000811s ]
[2026-08-19T10:53:17+08:00][sql] INSERT INTO `goods` SET `seller_id` = 20 , `category_id` = 1 , `title` = '1111' , `cover` = '/uploads/20260819/105301_8126.png' , `images` = '[\"\\/uploads\\/20260819\\/105301_8126.png\",\"\\/uploads\\/20260819\\/105304_7478.png\",\"\\/uploads\\/20260819\\/105307_2913.png\"]' , `content` = '111' , `start_price` = '1111' , `raise_price` = '100' , `reserve_price` = '0' , `deposit` = '1' , `commission_rate` = '0' , `start_time` = 1787107997 , `end_time` = 1787125920 , `delay_seconds` = 0 , `reference_price` = '1' , `is_free_shipping` = 0 , `is_featured` = 0 , `status` = 1 , `create_time` = 1787107997 , `update_time` = 1787107997 [ RunTime:0.005822s ]
[2026-08-19T10:53:18+08:00][sql] CONNECT:[ UseTime:0.016792s ] mysql:host=127.0.0.1;port=3306;dbname=auction;charset=utf8mb4
[2026-08-19T10:53:18+08:00][sql] SHOW FULL COLUMNS FROM `goods` [ RunTime:0.002632s ]
[2026-08-19T10:53:18+08:00][sql] SELECT `id` FROM `goods` WHERE  `status` = 1  AND `end_time` <= 1787107998 [ RunTime:0.001289s ]
[2026-08-19T10:53:18+08:00][sql] SHOW FULL COLUMNS FROM `user` [ RunTime:0.002209s ]
[2026-08-19T10:53:18+08:00][sql] SELECT * FROM `user` WHERE  `id` = 20 LIMIT 1 [ RunTime:0.001110s ]
[2026-08-19T10:53:18+08:00][sql] SHOW FULL COLUMNS FROM `setting` [ RunTime:0.001638s ]
[2026-08-19T10:53:18+08:00][sql] SELECT * FROM `setting` [ RunTime:0.001041s ]
[2026-08-19T10:53:18+08:00][sql] SELECT COUNT(*) AS think_count FROM `goods` WHERE  `seller_id` = 20 [ RunTime:0.000900s ]
[2026-08-19T10:53:18+08:00][sql] SELECT * FROM `goods` WHERE  `seller_id` = 20 ORDER BY `id` DESC LIMIT 0,10 [ RunTime:0.001212s ]
[2026-08-19T10:53:18+08:00][sql] SHOW FULL COLUMNS FROM `bid_record` [ RunTime:0.002014s ]
[2026-08-19T10:53:18+08:00][sql] SELECT MAX(`price`) AS think_max FROM `bid_record` WHERE  `goods_id` = 34  AND `status` = 0 [ RunTime:0.001033s ]
[2026-08-19T10:53:18+08:00][sql] SELECT MAX(`price`) AS think_max FROM `bid_record` WHERE  `goods_id` = 28  AND `status` = 0 [ RunTime:0.001038s ]
[2026-08-19T10:53:18+08:00][sql] SELECT MAX(`price`) AS think_max FROM `bid_record` WHERE  `goods_id` = 26  AND `status` = 0 [ RunTime:0.000945s ]
[2026-08-19T10:53:20+08:00][sql] CONNECT:[ UseTime:0.010887s ] mysql:host=127.0.0.1;port=3306;dbname=auction;charset=utf8mb4
[2026-08-19T10:53:20+08:00][sql] SHOW FULL COLUMNS FROM `goods` [ RunTime:0.002441s ]
[2026-08-19T10:53:20+08:00][sql] SELECT `id` FROM `goods` WHERE  `status` = 1  AND `end_time` <= 1787108000 [ RunTime:0.001210s ]
[2026-08-19T10:53:20+08:00][sql] SHOW FULL COLUMNS FROM `user` [ RunTime:0.002026s ]
[2026-08-19T10:53:20+08:00][sql] SELECT * FROM `user` WHERE  `id` = 20 LIMIT 1 [ RunTime:0.001180s ]
[2026-08-19T10:53:20+08:00][sql] SHOW FULL COLUMNS FROM `setting` [ RunTime:0.001576s ]
[2026-08-19T10:53:20+08:00][sql] SELECT * FROM `setting` [ RunTime:0.000694s ]
[2026-08-19T10:53:20+08:00][sql] SELECT COUNT(*) AS think_count FROM `goods` `g` LEFT JOIN `user` `u` ON `g`.`seller_id`=`u`.`id` WHERE  `g`.`status` = '1'  AND `g`.`start_time` <= '1787108000'  AND `g`.`end_time` > '1787108000' [ RunTime:0.001561s ]
[2026-08-19T10:53:20+08:00][sql] SELECT `g`.*,u.nickname as seller_name FROM `goods` `g` LEFT JOIN `user` `u` ON `g`.`seller_id`=`u`.`id` WHERE  `g`.`status` = '1'  AND `g`.`start_time` <= '1787108000'  AND `g`.`end_time` > '1787108000' ORDER BY `g`.`end_time` ASC,`g`.`id` DESC LIMIT 0,10 [ RunTime:0.002097s ]
[2026-08-19T10:53:20+08:00][sql] SHOW FULL COLUMNS FROM `bid_record` [ RunTime:0.002332s ]
[2026-08-19T10:53:20+08:00][sql] SELECT MAX(`price`) AS think_max FROM `bid_record` WHERE  `goods_id` = 34  AND `status` = 0 [ RunTime:0.001149s ]
[2026-08-19T10:53:20+08:00][sql] SELECT MAX(`price`) AS think_max FROM `bid_record` WHERE  `goods_id` = 28  AND `status` = 0 [ RunTime:0.001280s ]
[2026-08-19T10:53:20+08:00][sql] SELECT MAX(`price`) AS think_max FROM `bid_record` WHERE  `goods_id` = 33  AND `status` = 0 [ RunTime:0.001101s ]
[2026-08-19T10:53:20+08:00][sql] SELECT MAX(`price`) AS think_max FROM `bid_record` WHERE  `goods_id` = 30  AND `status` = 0 [ RunTime:0.000986s ]
[2026-08-19T10:53:20+08:00][sql] SHOW FULL COLUMNS FROM `category` [ RunTime:0.001713s ]
[2026-08-19T10:53:20+08:00][sql] SELECT * FROM `category` WHERE  `status` = 1 ORDER BY `sort` ASC [ RunTime:0.001056s ]
[2026-08-19T10:53:20+08:00][sql] SELECT `b`.`price`,`b`.`create_time`,`g`.`title`,`u`.`nickname` FROM `bid_record` `b` LEFT JOIN `goods` `g` ON `b`.`goods_id`=`g`.`id` LEFT JOIN `user` `u` ON `b`.`user_id`=`u`.`id` WHERE  `b`.`status` = '1' ORDER BY `b`.`id` DESC LIMIT 5 [ RunTime:0.001036s ]
[2026-08-19T10:53:20+08:00][sql] SHOW FULL COLUMNS FROM `news` [ RunTime:0.001567s ]
[2026-08-19T10:53:20+08:00][sql] SELECT `id`,`title`,`create_time` FROM `news` WHERE  `status` = 1 ORDER BY `id` DESC LIMIT 3 [ RunTime:0.001004s ]
[2026-08-19T10:53:20+08:00][sql] SHOW FULL COLUMNS FROM `banner` [ RunTime:0.001760s ]
[2026-08-19T10:53:20+08:00][sql] SELECT * FROM `banner` WHERE  `status` = 1 ORDER BY `sort` ASC,`id` ASC [ RunTime:0.001036s ]
[2026-08-19T10:53:22+08:00][sql] CONNECT:[ UseTime:0.007803s ] mysql:host=127.0.0.1;port=3306;dbname=auction;charset=utf8mb4
[2026-08-19T10:53:22+08:00][sql] SHOW FULL COLUMNS FROM `goods` [ RunTime:0.002020s ]
[2026-08-19T10:53:22+08:00][sql] SELECT `id` FROM `goods` WHERE  `status` = 1  AND `end_time` <= 1787108002 [ RunTime:0.000985s ]
[2026-08-19T10:53:22+08:00][sql] SHOW FULL COLUMNS FROM `user` [ RunTime:0.001788s ]
[2026-08-19T10:53:22+08:00][sql] SELECT * FROM `user` WHERE  `id` = 20 LIMIT 1 [ RunTime:0.000968s ]
[2026-08-19T10:53:22+08:00][sql] SHOW FULL COLUMNS FROM `setting` [ RunTime:0.001543s ]
[2026-08-19T10:53:22+08:00][sql] SELECT * FROM `setting` [ RunTime:0.000892s ]
[2026-08-19T10:53:22+08:00][sql] SELECT `g`.*,u.nickname as seller_name,u.shop_name as seller_shop,u.avatar as seller_avatar,c.name as category_name FROM `goods` `g` LEFT JOIN `user` `u` ON `g`.`seller_id`=`u`.`id` LEFT JOIN `category` `c` ON `g`.`category_id`=`c`.`id` WHERE  `g`.`id` = '34' LIMIT 1 [ RunTime:0.001147s ]
[2026-08-19T10:53:22+08:00][sql] UPDATE `goods`  SET `view_count` = `view_count` + 1  WHERE  `id` = 34 [ RunTime:0.002552s ]
[2026-08-19T10:53:22+08:00][sql] SHOW FULL COLUMNS FROM `bid_record` [ RunTime:0.001797s ]
[2026-08-19T10:53:22+08:00][sql] SELECT `b`.*,`u`.`nickname`,`u`.`mobile` FROM `bid_record` `b` LEFT JOIN `user` `u` ON `b`.`user_id`=`u`.`id` WHERE  `b`.`goods_id` = '34'  AND `b`.`status` = '0' ORDER BY `b`.`price` DESC,`b`.`id` ASC LIMIT 1 [ RunTime:0.001355s ]
[2026-08-19T10:53:22+08:00][sql] SELECT `b`.*,`u`.`nickname`,`u`.`mobile` FROM `bid_record` `b` LEFT JOIN `user` `u` ON `b`.`user_id`=`u`.`id` WHERE  `b`.`goods_id` = '34' ORDER BY `b`.`price` DESC,`b`.`id` ASC LIMIT 50 [ RunTime:0.001146s ]
[2026-08-19T10:53:22+08:00][sql] SELECT MAX(`price`) AS think_max FROM `bid_record` WHERE  `goods_id` = 34  AND `user_id` = 20  AND `status` = 0 [ RunTime:0.001140s ]
[2026-08-19T10:53:22+08:00][sql] SELECT MAX(`deposit`) AS think_max FROM `bid_record` WHERE  `goods_id` = 34  AND `user_id` = 20  AND `deposit` > '0' [ RunTime:0.001068s ]
[2026-08-19T10:53:22+08:00][sql] SHOW FULL COLUMNS FROM `browse_history` [ RunTime:0.001623s ]
[2026-08-19T10:53:22+08:00][sql] REPLACE INTO `browse_history` SET `user_id` = 20 , `goods_id` = 34 , `create_time` = 1787108002 [ RunTime:0.002224s ]
[2026-08-19T10:53:22+08:00][sql] SHOW FULL COLUMNS FROM `goods_favorite` [ RunTime:0.001660s ]
[2026-08-19T10:53:22+08:00][sql] SELECT COUNT(*) AS think_count FROM `goods_favorite` WHERE  `user_id` = 20  AND `goods_id` = 34 [ RunTime:0.001190s ]
[2026-08-19T10:53:22+08:00][sql] SHOW FULL COLUMNS FROM `seller_follow` [ RunTime:0.001891s ]
[2026-08-19T10:53:22+08:00][sql] SELECT COUNT(*) AS think_count FROM `seller_follow` WHERE  `user_id` = 20  AND `seller_id` = 20 [ RunTime:0.001247s ]
[2026-08-19T10:55:59+08:00][sql] CONNECT:[ UseTime:0.002101s ] mysql:host=127.0.0.1;port=3306;dbname=auction;charset=utf8mb4
[2026-08-19T10:55:59+08:00][sql] SHOW FULL COLUMNS FROM `goods` [ RunTime:0.001703s ]
[2026-08-19T10:55:59+08:00][sql] SELECT `id` FROM `goods` WHERE  `status` = 1  AND `end_time` <= 1787108159 [ RunTime:0.000895s ]
[2026-08-19T10:55:59+08:00][sql] SHOW FULL COLUMNS FROM `user` [ RunTime:0.001668s ]
[2026-08-19T10:55:59+08:00][sql] SELECT * FROM `user` WHERE  `id` = 25 LIMIT 1 [ RunTime:0.000817s ]
[2026-08-19T10:55:59+08:00][sql] SHOW FULL COLUMNS FROM `setting` [ RunTime:0.001166s ]
[2026-08-19T10:55:59+08:00][sql] SELECT * FROM `setting` [ RunTime:0.000600s ]
[2026-08-19T10:55:59+08:00][sql] SELECT `g`.*,u.nickname as seller_name,u.shop_name as seller_shop,u.avatar as seller_avatar,c.name as category_name FROM `goods` `g` LEFT JOIN `user` `u` ON `g`.`seller_id`=`u`.`id` LEFT JOIN `category` `c` ON `g`.`category_id`=`c`.`id` WHERE  `g`.`id` = '28' LIMIT 1 [ RunTime:0.001040s ]
[2026-08-19T10:55:59+08:00][sql] UPDATE `goods`  SET `view_count` = `view_count` + 1  WHERE  `id` = 28 [ RunTime:0.004409s ]
[2026-08-19T10:55:59+08:00][sql] SHOW FULL COLUMNS FROM `bid_record` [ RunTime:0.002188s ]
[2026-08-19T10:55:59+08:00][sql] SELECT `b`.*,`u`.`nickname`,`u`.`mobile` FROM `bid_record` `b` LEFT JOIN `user` `u` ON `b`.`user_id`=`u`.`id` WHERE  `b`.`goods_id` = '28'  AND `b`.`status` = '0' ORDER BY `b`.`price` DESC,`b`.`id` ASC LIMIT 1 [ RunTime:0.000935s ]
[2026-08-19T10:55:59+08:00][sql] SELECT `b`.*,`u`.`nickname`,`u`.`mobile` FROM `bid_record` `b` LEFT JOIN `user` `u` ON `b`.`user_id`=`u`.`id` WHERE  `b`.`goods_id` = '28' ORDER BY `b`.`price` DESC,`b`.`id` ASC LIMIT 50 [ RunTime:0.000589s ]
[2026-08-19T10:55:59+08:00][sql] SELECT MAX(`price`) AS think_max FROM `bid_record` WHERE  `goods_id` = 28  AND `user_id` = 25  AND `status` = 0 [ RunTime:0.000770s ]
[2026-08-19T10:55:59+08:00][sql] SELECT MAX(`deposit`) AS think_max FROM `bid_record` WHERE  `goods_id` = 28  AND `user_id` = 25  AND `deposit` > '0' [ RunTime:0.000679s ]
[2026-08-19T10:55:59+08:00][sql] SHOW FULL COLUMNS FROM `browse_history` [ RunTime:0.001353s ]
[2026-08-19T10:55:59+08:00][sql] REPLACE INTO `browse_history` SET `user_id` = 25 , `goods_id` = 28 , `create_time` = 1787108159 [ RunTime:0.001728s ]
[2026-08-19T10:55:59+08:00][sql] SHOW FULL COLUMNS FROM `goods_favorite` [ RunTime:0.003054s ]
[2026-08-19T10:55:59+08:00][sql] SELECT COUNT(*) AS think_count FROM `goods_favorite` WHERE  `user_id` = 25  AND `goods_id` = 28 [ RunTime:0.001748s ]
[2026-08-19T10:55:59+08:00][sql] SHOW FULL COLUMNS FROM `seller_follow` [ RunTime:0.001955s ]
[2026-08-19T10:55:59+08:00][sql] SELECT COUNT(*) AS think_count FROM `seller_follow` WHERE  `user_id` = 25  AND `seller_id` = 20 [ RunTime:0.000805s ]
[2026-08-19T10:56:06+08:00][sql] CONNECT:[ UseTime:0.018735s ] mysql:host=127.0.0.1;port=3306;dbname=auction;charset=utf8mb4
[2026-08-19T10:56:06+08:00][sql] SHOW FULL COLUMNS FROM `goods` [ RunTime:0.001945s ]
[2026-08-19T10:56:06+08:00][sql] SELECT `id` FROM `goods` WHERE  `status` = 1  AND `end_time` <= 1787108166 [ RunTime:0.000869s ]
[2026-08-19T10:56:06+08:00][sql] SHOW FULL COLUMNS FROM `user` [ RunTime:0.001459s ]
[2026-08-19T10:56:06+08:00][sql] SELECT * FROM `user` WHERE  `id` = 25 LIMIT 1 [ RunTime:0.000842s ]
[2026-08-19T10:56:06+08:00][sql] SHOW FULL COLUMNS FROM `setting` [ RunTime:0.001507s ]
[2026-08-19T10:56:06+08:00][sql] SELECT * FROM `setting` [ RunTime:0.000657s ]
[2026-08-19T10:56:06+08:00][sql] SELECT COUNT(*) AS think_count FROM `goods` `g` LEFT JOIN `user` `u` ON `g`.`seller_id`=`u`.`id` WHERE  `g`.`status` = '1'  AND `g`.`start_time` <= '1787108166'  AND `g`.`end_time` > '1787108166' [ RunTime:0.001589s ]
[2026-08-19T10:56:06+08:00][sql] SELECT `g`.*,u.nickname as seller_name FROM `goods` `g` LEFT JOIN `user` `u` ON `g`.`seller_id`=`u`.`id` WHERE  `g`.`status` = '1'  AND `g`.`start_time` <= '1787108166'  AND `g`.`end_time` > '1787108166' ORDER BY `g`.`end_time` ASC,`g`.`id` DESC LIMIT 0,10 [ RunTime:0.000995s ]
[2026-08-19T10:56:06+08:00][sql] SHOW FULL COLUMNS FROM `bid_record` [ RunTime:0.001305s ]
[2026-08-19T10:56:06+08:00][sql] SELECT MAX(`price`) AS think_max FROM `bid_record` WHERE  `goods_id` = 34  AND `status` = 0 [ RunTime:0.001116s ]
[2026-08-19T10:56:06+08:00][sql] SELECT MAX(`price`) AS think_max FROM `bid_record` WHERE  `goods_id` = 28  AND `status` = 0 [ RunTime:0.001054s ]
[2026-08-19T10:56:06+08:00][sql] SELECT MAX(`price`) AS think_max FROM `bid_record` WHERE  `goods_id` = 33  AND `status` = 0 [ RunTime:0.001175s ]
[2026-08-19T10:56:06+08:00][sql] SELECT MAX(`price`) AS think_max FROM `bid_record` WHERE  `goods_id` = 30  AND `status` = 0 [ RunTime:0.000998s ]
[2026-08-19T10:56:06+08:00][sql] SHOW FULL COLUMNS FROM `category` [ RunTime:0.001546s ]
[2026-08-19T10:56:06+08:00][sql] SELECT * FROM `category` WHERE  `status` = 1 ORDER BY `sort` ASC [ RunTime:0.001476s ]
[2026-08-19T10:56:06+08:00][sql] SELECT `b`.`price`,`b`.`create_time`,`g`.`title`,`u`.`nickname` FROM `bid_record` `b` LEFT JOIN `goods` `g` ON `b`.`goods_id`=`g`.`id` LEFT JOIN `user` `u` ON `b`.`user_id`=`u`.`id` WHERE  `b`.`status` = '1' ORDER BY `b`.`id` DESC LIMIT 5 [ RunTime:0.000870s ]
[2026-08-19T10:56:06+08:00][sql] SHOW FULL COLUMNS FROM `news` [ RunTime:0.001488s ]
[2026-08-19T10:56:06+08:00][sql] SELECT `id`,`title`,`create_time` FROM `news` WHERE  `status` = 1 ORDER BY `id` DESC LIMIT 3 [ RunTime:0.001251s ]
[2026-08-19T10:56:06+08:00][sql] SHOW FULL COLUMNS FROM `banner` [ RunTime:0.001990s ]
[2026-08-19T10:56:06+08:00][sql] SELECT * FROM `banner` WHERE  `status` = 1 ORDER BY `sort` ASC,`id` ASC [ RunTime:0.000901s ]
[2026-08-19T10:56:08+08:00][sql] CONNECT:[ UseTime:0.012077s ] mysql:host=127.0.0.1;port=3306;dbname=auction;charset=utf8mb4
[2026-08-19T10:56:08+08:00][sql] SHOW FULL COLUMNS FROM `goods` [ RunTime:0.002651s ]
[2026-08-19T10:56:08+08:00][sql] SELECT `id` FROM `goods` WHERE  `status` = 1  AND `end_time` <= 1787108168 [ RunTime:0.001129s ]
[2026-08-19T10:56:08+08:00][sql] SHOW FULL COLUMNS FROM `user` [ RunTime:0.001967s ]
[2026-08-19T10:56:08+08:00][sql] SELECT * FROM `user` WHERE  `id` = 25 LIMIT 1 [ RunTime:0.001159s ]
[2026-08-19T10:56:08+08:00][sql] SHOW FULL COLUMNS FROM `setting` [ RunTime:0.001638s ]
[2026-08-19T10:56:08+08:00][sql] SELECT * FROM `setting` [ RunTime:0.000798s ]
[2026-08-19T10:56:08+08:00][sql] SELECT `g`.*,u.nickname as seller_name,u.shop_name as seller_shop,u.avatar as seller_avatar,c.name as category_name FROM `goods` `g` LEFT JOIN `user` `u` ON `g`.`seller_id`=`u`.`id` LEFT JOIN `category` `c` ON `g`.`category_id`=`c`.`id` WHERE  `g`.`id` = '34' LIMIT 1 [ RunTime:0.001442s ]
[2026-08-19T10:56:08+08:00][sql] UPDATE `goods`  SET `view_count` = `view_count` + 1  WHERE  `id` = 34 [ RunTime:0.002191s ]
[2026-08-19T10:56:08+08:00][sql] SHOW FULL COLUMNS FROM `bid_record` [ RunTime:0.001434s ]
[2026-08-19T10:56:08+08:00][sql] SELECT `b`.*,`u`.`nickname`,`u`.`mobile` FROM `bid_record` `b` LEFT JOIN `user` `u` ON `b`.`user_id`=`u`.`id` WHERE  `b`.`goods_id` = '34'  AND `b`.`status` = '0' ORDER BY `b`.`price` DESC,`b`.`id` ASC LIMIT 1 [ RunTime:0.000905s ]
[2026-08-19T10:56:08+08:00][sql] SELECT `b`.*,`u`.`nickname`,`u`.`mobile` FROM `bid_record` `b` LEFT JOIN `user` `u` ON `b`.`user_id`=`u`.`id` WHERE  `b`.`goods_id` = '34' ORDER BY `b`.`price` DESC,`b`.`id` ASC LIMIT 50 [ RunTime:0.000887s ]
[2026-08-19T10:56:08+08:00][sql] SELECT MAX(`price`) AS think_max FROM `bid_record` WHERE  `goods_id` = 34  AND `user_id` = 25  AND `status` = 0 [ RunTime:0.001229s ]
[2026-08-19T10:56:08+08:00][sql] SELECT MAX(`deposit`) AS think_max FROM `bid_record` WHERE  `goods_id` = 34  AND `user_id` = 25  AND `deposit` > '0' [ RunTime:0.000756s ]
[2026-08-19T10:56:08+08:00][sql] SHOW FULL COLUMNS FROM `browse_history` [ RunTime:0.001195s ]
[2026-08-19T10:56:08+08:00][sql] REPLACE INTO `browse_history` SET `user_id` = 25 , `goods_id` = 34 , `create_time` = 1787108168 [ RunTime:0.002310s ]
[2026-08-19T10:56:08+08:00][sql] SHOW FULL COLUMNS FROM `goods_favorite` [ RunTime:0.002497s ]
[2026-08-19T10:56:08+08:00][sql] SELECT COUNT(*) AS think_count FROM `goods_favorite` WHERE  `user_id` = 25  AND `goods_id` = 34 [ RunTime:0.000903s ]
[2026-08-19T10:56:08+08:00][sql] SHOW FULL COLUMNS FROM `seller_follow` [ RunTime:0.001470s ]
[2026-08-19T10:56:08+08:00][sql] SELECT COUNT(*) AS think_count FROM `seller_follow` WHERE  `user_id` = 25  AND `seller_id` = 20 [ RunTime:0.000887s ]
[2026-08-19T10:56:41+08:00][sql] CONNECT:[ UseTime:0.012093s ] mysql:host=127.0.0.1;port=3306;dbname=auction;charset=utf8mb4
[2026-08-19T10:56:41+08:00][sql] SHOW FULL COLUMNS FROM `goods` [ RunTime:0.001667s ]
[2026-08-19T10:56:41+08:00][sql] SELECT `id` FROM `goods` WHERE  `status` = 1  AND `end_time` <= 1787108201 [ RunTime:0.000948s ]
[2026-08-19T10:56:41+08:00][sql] SHOW FULL COLUMNS FROM `user` [ RunTime:0.001579s ]
[2026-08-19T10:56:41+08:00][sql] SELECT * FROM `user` WHERE  `id` = 25 LIMIT 1 [ RunTime:0.000790s ]
[2026-08-19T10:56:41+08:00][sql] SHOW FULL COLUMNS FROM `setting` [ RunTime:0.001090s ]
[2026-08-19T10:56:41+08:00][sql] SELECT * FROM `setting` [ RunTime:0.000593s ]
[2026-08-19T10:56:41+08:00][sql] SELECT `g`.*,u.nickname as seller_name,u.shop_name as seller_shop,u.avatar as seller_avatar,c.name as category_name FROM `goods` `g` LEFT JOIN `user` `u` ON `g`.`seller_id`=`u`.`id` LEFT JOIN `category` `c` ON `g`.`category_id`=`c`.`id` WHERE  `g`.`id` = '34' LIMIT 1 [ RunTime:0.000842s ]
[2026-08-19T10:56:41+08:00][sql] UPDATE `goods`  SET `view_count` = `view_count` + 1  WHERE  `id` = 34 [ RunTime:0.002069s ]
[2026-08-19T10:56:41+08:00][sql] SHOW FULL COLUMNS FROM `bid_record` [ RunTime:0.001569s ]
[2026-08-19T10:56:41+08:00][sql] SELECT `b`.*,`u`.`nickname`,`u`.`mobile` FROM `bid_record` `b` LEFT JOIN `user` `u` ON `b`.`user_id`=`u`.`id` WHERE  `b`.`goods_id` = '34'  AND `b`.`status` = '0' ORDER BY `b`.`price` DESC,`b`.`id` ASC LIMIT 1 [ RunTime:0.000694s ]
[2026-08-19T10:56:41+08:00][sql] SELECT `b`.*,`u`.`nickname`,`u`.`mobile` FROM `bid_record` `b` LEFT JOIN `user` `u` ON `b`.`user_id`=`u`.`id` WHERE  `b`.`goods_id` = '34' ORDER BY `b`.`price` DESC,`b`.`id` ASC LIMIT 50 [ RunTime:0.000764s ]
[2026-08-19T10:56:41+08:00][sql] SELECT MAX(`price`) AS think_max FROM `bid_record` WHERE  `goods_id` = 34  AND `user_id` = 25  AND `status` = 0 [ RunTime:0.000779s ]
[2026-08-19T10:56:41+08:00][sql] SELECT MAX(`deposit`) AS think_max FROM `bid_record` WHERE  `goods_id` = 34  AND `user_id` = 25  AND `deposit` > '0' [ RunTime:0.000705s ]
[2026-08-19T10:56:41+08:00][sql] SHOW FULL COLUMNS FROM `browse_history` [ RunTime:0.000820s ]
[2026-08-19T10:56:41+08:00][sql] REPLACE INTO `browse_history` SET `user_id` = 25 , `goods_id` = 34 , `create_time` = 1787108201 [ RunTime:0.001618s ]
[2026-08-19T10:56:41+08:00][sql] SHOW FULL COLUMNS FROM `goods_favorite` [ RunTime:0.001127s ]
[2026-08-19T10:56:41+08:00][sql] SELECT COUNT(*) AS think_count FROM `goods_favorite` WHERE  `user_id` = 25  AND `goods_id` = 34 [ RunTime:0.000618s ]
[2026-08-19T10:56:41+08:00][sql] SHOW FULL COLUMNS FROM `seller_follow` [ RunTime:0.001085s ]
[2026-08-19T10:56:41+08:00][sql] SELECT COUNT(*) AS think_count FROM `seller_follow` WHERE  `user_id` = 25  AND `seller_id` = 20 [ RunTime:0.000652s ]
[2026-08-19T10:56:57+08:00][sql] CONNECT:[ UseTime:0.019039s ] mysql:host=127.0.0.1;port=3306;dbname=auction;charset=utf8mb4
[2026-08-19T10:56:57+08:00][sql] SHOW FULL COLUMNS FROM `goods` [ RunTime:0.002773s ]
[2026-08-19T10:56:57+08:00][sql] SELECT `id` FROM `goods` WHERE  `status` = 1  AND `end_time` <= 1787108217 [ RunTime:0.001256s ]
[2026-08-19T10:56:57+08:00][sql] SHOW FULL COLUMNS FROM `user` [ RunTime:0.002011s ]
[2026-08-19T10:56:57+08:00][sql] SELECT * FROM `user` WHERE  `id` = 25 LIMIT 1 [ RunTime:0.001199s ]
[2026-08-19T10:56:57+08:00][sql] SHOW FULL COLUMNS FROM `setting` [ RunTime:0.001751s ]
[2026-08-19T10:56:57+08:00][sql] SELECT * FROM `setting` [ RunTime:0.001023s ]
[2026-08-19T10:56:57+08:00][sql] SELECT `g`.*,u.nickname as seller_name,u.shop_name as seller_shop,u.avatar as seller_avatar,c.name as category_name FROM `goods` `g` LEFT JOIN `user` `u` ON `g`.`seller_id`=`u`.`id` LEFT JOIN `category` `c` ON `g`.`category_id`=`c`.`id` WHERE  `g`.`id` = '34' LIMIT 1 [ RunTime:0.001473s ]
[2026-08-19T10:56:57+08:00][sql] UPDATE `goods`  SET `view_count` = `view_count` + 1  WHERE  `id` = 34 [ RunTime:0.002527s ]
[2026-08-19T10:56:57+08:00][sql] SHOW FULL COLUMNS FROM `bid_record` [ RunTime:0.001932s ]
[2026-08-19T10:56:57+08:00][sql] SELECT `b`.*,`u`.`nickname`,`u`.`mobile` FROM `bid_record` `b` LEFT JOIN `user` `u` ON `b`.`user_id`=`u`.`id` WHERE  `b`.`goods_id` = '34'  AND `b`.`status` = '0' ORDER BY `b`.`price` DESC,`b`.`id` ASC LIMIT 1 [ RunTime:0.001291s ]
[2026-08-19T10:56:57+08:00][sql] SELECT `b`.*,`u`.`nickname`,`u`.`mobile` FROM `bid_record` `b` LEFT JOIN `user` `u` ON `b`.`user_id`=`u`.`id` WHERE  `b`.`goods_id` = '34' ORDER BY `b`.`price` DESC,`b`.`id` ASC LIMIT 50 [ RunTime:0.001295s ]
[2026-08-19T10:56:57+08:00][sql] SELECT MAX(`price`) AS think_max FROM `bid_record` WHERE  `goods_id` = 34  AND `user_id` = 25  AND `status` = 0 [ RunTime:0.001004s ]
[2026-08-19T10:56:57+08:00][sql] SELECT MAX(`deposit`) AS think_max FROM `bid_record` WHERE  `goods_id` = 34  AND `user_id` = 25  AND `deposit` > '0' [ RunTime:0.000997s ]
[2026-08-19T10:56:57+08:00][sql] SHOW FULL COLUMNS FROM `browse_history` [ RunTime:0.001614s ]
[2026-08-19T10:56:57+08:00][sql] REPLACE INTO `browse_history` SET `user_id` = 25 , `goods_id` = 34 , `create_time` = 1787108217 [ RunTime:0.002674s ]
[2026-08-19T10:56:57+08:00][sql] SHOW FULL COLUMNS FROM `goods_favorite` [ RunTime:0.004413s ]
[2026-08-19T10:56:57+08:00][sql] SELECT COUNT(*) AS think_count FROM `goods_favorite` WHERE  `user_id` = 25  AND `goods_id` = 34 [ RunTime:0.001139s ]
[2026-08-19T10:56:57+08:00][sql] SHOW FULL COLUMNS FROM `seller_follow` [ RunTime:0.001659s ]
[2026-08-19T10:56:57+08:00][sql] SELECT COUNT(*) AS think_count FROM `seller_follow` WHERE  `user_id` = 25  AND `seller_id` = 20 [ RunTime:0.001125s ]
[2026-08-19T10:57:02+08:00][sql] CONNECT:[ UseTime:0.022224s ] mysql:host=127.0.0.1;port=3306;dbname=auction;charset=utf8mb4
[2026-08-19T10:57:02+08:00][sql] SHOW FULL COLUMNS FROM `goods` [ RunTime:0.001423s ]
[2026-08-19T10:57:02+08:00][sql] SELECT `id` FROM `goods` WHERE  `status` = 1  AND `end_time` <= 1787108222 [ RunTime:0.001206s ]
[2026-08-19T10:57:02+08:00][sql] SHOW FULL COLUMNS FROM `user` [ RunTime:0.002114s ]
[2026-08-19T10:57:02+08:00][sql] SELECT * FROM `user` WHERE  `id` = 25 LIMIT 1 [ RunTime:0.001265s ]
[2026-08-19T10:57:02+08:00][sql] SHOW FULL COLUMNS FROM `setting` [ RunTime:0.001669s ]
[2026-08-19T10:57:02+08:00][sql] SELECT * FROM `setting` [ RunTime:0.000954s ]
[2026-08-19T10:57:02+08:00][sql] SELECT `g`.*,u.nickname as seller_name,u.shop_name as seller_shop,u.avatar as seller_avatar,c.name as category_name FROM `goods` `g` LEFT JOIN `user` `u` ON `g`.`seller_id`=`u`.`id` LEFT JOIN `category` `c` ON `g`.`category_id`=`c`.`id` WHERE  `g`.`id` = '34' LIMIT 1 [ RunTime:0.001381s ]
[2026-08-19T10:57:02+08:00][sql] UPDATE `goods`  SET `view_count` = `view_count` + 1  WHERE  `id` = 34 [ RunTime:0.002868s ]
[2026-08-19T10:57:02+08:00][sql] SHOW FULL COLUMNS FROM `bid_record` [ RunTime:0.001946s ]
[2026-08-19T10:57:02+08:00][sql] SELECT `b`.*,`u`.`nickname`,`u`.`mobile` FROM `bid_record` `b` LEFT JOIN `user` `u` ON `b`.`user_id`=`u`.`id` WHERE  `b`.`goods_id` = '34'  AND `b`.`status` = '0' ORDER BY `b`.`price` DESC,`b`.`id` ASC LIMIT 1 [ RunTime:0.001168s ]
[2026-08-19T10:57:02+08:00][sql] SELECT `b`.*,`u`.`nickname`,`u`.`mobile` FROM `bid_record` `b` LEFT JOIN `user` `u` ON `b`.`user_id`=`u`.`id` WHERE  `b`.`goods_id` = '34' ORDER BY `b`.`price` DESC,`b`.`id` ASC LIMIT 50 [ RunTime:0.001108s ]
[2026-08-19T10:57:02+08:00][sql] SELECT MAX(`price`) AS think_max FROM `bid_record` WHERE  `goods_id` = 34  AND `user_id` = 25  AND `status` = 0 [ RunTime:0.001125s ]
[2026-08-19T10:57:02+08:00][sql] SELECT MAX(`deposit`) AS think_max FROM `bid_record` WHERE  `goods_id` = 34  AND `user_id` = 25  AND `deposit` > '0' [ RunTime:0.000981s ]
[2026-08-19T10:57:02+08:00][sql] SHOW FULL COLUMNS FROM `browse_history` [ RunTime:0.001735s ]
[2026-08-19T10:57:02+08:00][sql] REPLACE INTO `browse_history` SET `user_id` = 25 , `goods_id` = 34 , `create_time` = 1787108222 [ RunTime:0.002302s ]
[2026-08-19T10:57:02+08:00][sql] SHOW FULL COLUMNS FROM `goods_favorite` [ RunTime:0.001618s ]
[2026-08-19T10:57:02+08:00][sql] SELECT COUNT(*) AS think_count FROM `goods_favorite` WHERE  `user_id` = 25  AND `goods_id` = 34 [ RunTime:0.000693s ]
[2026-08-19T10:57:02+08:00][sql] SHOW FULL COLUMNS FROM `seller_follow` [ RunTime:0.001573s ]
[2026-08-19T10:57:02+08:00][sql] SELECT COUNT(*) AS think_count FROM `seller_follow` WHERE  `user_id` = 25  AND `seller_id` = 20 [ RunTime:0.000980s ]
[2026-08-19T10:57:06+08:00][sql] CONNECT:[ UseTime:0.020935s ] mysql:host=127.0.0.1;port=3306;dbname=auction;charset=utf8mb4
[2026-08-19T10:57:06+08:00][sql] SHOW FULL COLUMNS FROM `goods` [ RunTime:0.002371s ]
[2026-08-19T10:57:06+08:00][sql] SELECT `id` FROM `goods` WHERE  `status` = 1  AND `end_time` <= 1787108226 [ RunTime:0.001254s ]
[2026-08-19T10:57:06+08:00][sql] SHOW FULL COLUMNS FROM `user` [ RunTime:0.002129s ]
[2026-08-19T10:57:06+08:00][sql] SELECT * FROM `user` WHERE  `id` = 25 LIMIT 1 [ RunTime:0.001127s ]
[2026-08-19T10:57:06+08:00][sql] SHOW FULL COLUMNS FROM `setting` [ RunTime:0.001674s ]
[2026-08-19T10:57:06+08:00][sql] SELECT * FROM `setting` [ RunTime:0.001150s ]
[2026-08-19T10:57:06+08:00][sql] SELECT COUNT(*) AS think_count FROM `goods` `g` LEFT JOIN `user` `u` ON `g`.`seller_id`=`u`.`id` WHERE  `g`.`status` = '1'  AND `g`.`start_time` <= '1787108226'  AND `g`.`end_time` > '1787108226' [ RunTime:0.001504s ]
[2026-08-19T10:57:06+08:00][sql] SELECT `g`.*,u.nickname as seller_name FROM `goods` `g` LEFT JOIN `user` `u` ON `g`.`seller_id`=`u`.`id` WHERE  `g`.`status` = '1'  AND `g`.`start_time` <= '1787108226'  AND `g`.`end_time` > '1787108226' ORDER BY `g`.`id` DESC LIMIT 0,10 [ RunTime:0.001473s ]
[2026-08-19T10:57:06+08:00][sql] SHOW FULL COLUMNS FROM `bid_record` [ RunTime:0.001793s ]
[2026-08-19T10:57:06+08:00][sql] SELECT MAX(`price`) AS think_max FROM `bid_record` WHERE  `goods_id` = 34  AND `status` = 0 [ RunTime:0.001136s ]
[2026-08-19T10:57:06+08:00][sql] SELECT MAX(`price`) AS think_max FROM `bid_record` WHERE  `goods_id` = 33  AND `status` = 0 [ RunTime:0.000955s ]
[2026-08-19T10:57:06+08:00][sql] SELECT MAX(`price`) AS think_max FROM `bid_record` WHERE  `goods_id` = 30  AND `status` = 0 [ RunTime:0.001043s ]
[2026-08-19T10:57:06+08:00][sql] SELECT MAX(`price`) AS think_max FROM `bid_record` WHERE  `goods_id` = 28  AND `status` = 0 [ RunTime:0.000978s ]
[2026-08-19T10:57:06+08:00][sql] SHOW FULL COLUMNS FROM `category` [ RunTime:0.001566s ]
[2026-08-19T10:57:06+08:00][sql] SELECT * FROM `category` WHERE  `status` = 1 ORDER BY `sort` ASC [ RunTime:0.001089s ]
[2026-08-19T10:57:06+08:00][sql] SELECT `b`.`price`,`b`.`create_time`,`g`.`title`,`u`.`nickname` FROM `bid_record` `b` LEFT JOIN `goods` `g` ON `b`.`goods_id`=`g`.`id` LEFT JOIN `user` `u` ON `b`.`user_id`=`u`.`id` WHERE  `b`.`status` = '1' ORDER BY `b`.`id` DESC LIMIT 5 [ RunTime:0.001312s ]
[2026-08-19T10:57:06+08:00][sql] SHOW FULL COLUMNS FROM `news` [ RunTime:0.001428s ]
[2026-08-19T10:57:06+08:00][sql] SELECT `id`,`title`,`create_time` FROM `news` WHERE  `status` = 1 ORDER BY `id` DESC LIMIT 3 [ RunTime:0.001036s ]
[2026-08-19T10:57:06+08:00][sql] SHOW FULL COLUMNS FROM `banner` [ RunTime:0.001681s ]
[2026-08-19T10:57:06+08:00][sql] SELECT * FROM `banner` WHERE  `status` = 1 ORDER BY `sort` ASC,`id` ASC [ RunTime:0.001194s ]
[2026-08-19T10:57:07+08:00][sql] CONNECT:[ UseTime:0.014107s ] mysql:host=127.0.0.1;port=3306;dbname=auction;charset=utf8mb4
[2026-08-19T10:57:07+08:00][sql] SHOW FULL COLUMNS FROM `goods` [ RunTime:0.001879s ]
[2026-08-19T10:57:07+08:00][sql] SELECT `id` FROM `goods` WHERE  `status` = 1  AND `end_time` <= 1787108227 [ RunTime:0.000880s ]
[2026-08-19T10:57:07+08:00][sql] SHOW FULL COLUMNS FROM `user` [ RunTime:0.001556s ]
[2026-08-19T10:57:07+08:00][sql] SELECT * FROM `user` WHERE  `id` = 25 LIMIT 1 [ RunTime:0.000874s ]
[2026-08-19T10:57:07+08:00][sql] SHOW FULL COLUMNS FROM `setting` [ RunTime:0.001302s ]
[2026-08-19T10:57:07+08:00][sql] SELECT * FROM `setting` [ RunTime:0.000795s ]
[2026-08-19T10:57:07+08:00][sql] SELECT `g`.*,u.nickname as seller_name,u.shop_name as seller_shop,u.avatar as seller_avatar,c.name as category_name FROM `goods` `g` LEFT JOIN `user` `u` ON `g`.`seller_id`=`u`.`id` LEFT JOIN `category` `c` ON `g`.`category_id`=`c`.`id` WHERE  `g`.`id` = '34' LIMIT 1 [ RunTime:0.000877s ]
[2026-08-19T10:57:07+08:00][sql] UPDATE `goods`  SET `view_count` = `view_count` + 1  WHERE  `id` = 34 [ RunTime:0.001907s ]
[2026-08-19T10:57:07+08:00][sql] SHOW FULL COLUMNS FROM `bid_record` [ RunTime:0.001434s ]
[2026-08-19T10:57:07+08:00][sql] SELECT `b`.*,`u`.`nickname`,`u`.`mobile` FROM `bid_record` `b` LEFT JOIN `user` `u` ON `b`.`user_id`=`u`.`id` WHERE  `b`.`goods_id` = '34'  AND `b`.`status` = '0' ORDER BY `b`.`price` DESC,`b`.`id` ASC LIMIT 1 [ RunTime:0.001017s ]
[2026-08-19T10:57:07+08:00][sql] SELECT `b`.*,`u`.`nickname`,`u`.`mobile` FROM `bid_record` `b` LEFT JOIN `user` `u` ON `b`.`user_id`=`u`.`id` WHERE  `b`.`goods_id` = '34' ORDER BY `b`.`price` DESC,`b`.`id` ASC LIMIT 50 [ RunTime:0.001558s ]
[2026-08-19T10:57:07+08:00][sql] SELECT MAX(`price`) AS think_max FROM `bid_record` WHERE  `goods_id` = 34  AND `user_id` = 25  AND `status` = 0 [ RunTime:0.001088s ]
[2026-08-19T10:57:07+08:00][sql] SELECT MAX(`deposit`) AS think_max FROM `bid_record` WHERE  `goods_id` = 34  AND `user_id` = 25  AND `deposit` > '0' [ RunTime:0.000977s ]
[2026-08-19T10:57:07+08:00][sql] SHOW FULL COLUMNS FROM `browse_history` [ RunTime:0.001580s ]
[2026-08-19T10:57:07+08:00][sql] REPLACE INTO `browse_history` SET `user_id` = 25 , `goods_id` = 34 , `create_time` = 1787108227 [ RunTime:0.002277s ]
[2026-08-19T10:57:07+08:00][sql] SHOW FULL COLUMNS FROM `goods_favorite` [ RunTime:0.001569s ]
[2026-08-19T10:57:07+08:00][sql] SELECT COUNT(*) AS think_count FROM `goods_favorite` WHERE  `user_id` = 25  AND `goods_id` = 34 [ RunTime:0.000907s ]
[2026-08-19T10:57:07+08:00][sql] SHOW FULL COLUMNS FROM `seller_follow` [ RunTime:0.001551s ]
[2026-08-19T10:57:07+08:00][sql] SELECT COUNT(*) AS think_count FROM `seller_follow` WHERE  `user_id` = 25  AND `seller_id` = 20 [ RunTime:0.001194s ]
[2026-08-19T10:57:17+08:00][sql] CONNECT:[ UseTime:0.001913s ] mysql:host=127.0.0.1;port=3306;dbname=auction;charset=utf8mb4
[2026-08-19T10:57:17+08:00][sql] SHOW FULL COLUMNS FROM `goods` [ RunTime:0.001878s ]
[2026-08-19T10:57:17+08:00][sql] SELECT `id` FROM `goods` WHERE  `status` = 1  AND `end_time` <= 1787108237 [ RunTime:0.000911s ]
[2026-08-19T10:57:17+08:00][sql] SHOW FULL COLUMNS FROM `user` [ RunTime:0.001672s ]
[2026-08-19T10:57:17+08:00][sql] SELECT * FROM `user` WHERE  `id` = 20 LIMIT 1 [ RunTime:0.000882s ]
[2026-08-19T10:57:17+08:00][sql] SHOW FULL COLUMNS FROM `setting` [ RunTime:0.002088s ]
[2026-08-19T10:57:17+08:00][sql] SELECT * FROM `setting` [ RunTime:0.000561s ]
[2026-08-19T10:57:17+08:00][sql] SELECT `g`.*,u.nickname as seller_name,u.shop_name as seller_shop,u.avatar as seller_avatar,c.name as category_name FROM `goods` `g` LEFT JOIN `user` `u` ON `g`.`seller_id`=`u`.`id` LEFT JOIN `category` `c` ON `g`.`category_id`=`c`.`id` WHERE  `g`.`id` = '34' LIMIT 1 [ RunTime:0.001220s ]
[2026-08-19T10:57:17+08:00][sql] UPDATE `goods`  SET `view_count` = `view_count` + 1  WHERE  `id` = 34 [ RunTime:0.001652s ]
[2026-08-19T10:57:17+08:00][sql] SHOW FULL COLUMNS FROM `bid_record` [ RunTime:0.001470s ]
[2026-08-19T10:57:17+08:00][sql] SELECT `b`.*,`u`.`nickname`,`u`.`mobile` FROM `bid_record` `b` LEFT JOIN `user` `u` ON `b`.`user_id`=`u`.`id` WHERE  `b`.`goods_id` = '34'  AND `b`.`status` = '0' ORDER BY `b`.`price` DESC,`b`.`id` ASC LIMIT 1 [ RunTime:0.001155s ]
[2026-08-19T10:57:17+08:00][sql] SELECT `b`.*,`u`.`nickname`,`u`.`mobile` FROM `bid_record` `b` LEFT JOIN `user` `u` ON `b`.`user_id`=`u`.`id` WHERE  `b`.`goods_id` = '34' ORDER BY `b`.`price` DESC,`b`.`id` ASC LIMIT 50 [ RunTime:0.000767s ]
[2026-08-19T10:57:17+08:00][sql] SELECT MAX(`price`) AS think_max FROM `bid_record` WHERE  `goods_id` = 34  AND `user_id` = 20  AND `status` = 0 [ RunTime:0.000764s ]
[2026-08-19T10:57:17+08:00][sql] SELECT MAX(`deposit`) AS think_max FROM `bid_record` WHERE  `goods_id` = 34  AND `user_id` = 20  AND `deposit` > '0' [ RunTime:0.000706s ]
[2026-08-19T10:57:17+08:00][sql] SHOW FULL COLUMNS FROM `browse_history` [ RunTime:0.001456s ]
[2026-08-19T10:57:17+08:00][sql] REPLACE INTO `browse_history` SET `user_id` = 20 , `goods_id` = 34 , `create_time` = 1787108237 [ RunTime:0.001729s ]
[2026-08-19T10:57:17+08:00][sql] SHOW FULL COLUMNS FROM `goods_favorite` [ RunTime:0.002908s ]
[2026-08-19T10:57:17+08:00][sql] SELECT COUNT(*) AS think_count FROM `goods_favorite` WHERE  `user_id` = 20  AND `goods_id` = 34 [ RunTime:0.000697s ]
[2026-08-19T10:57:17+08:00][sql] SHOW FULL COLUMNS FROM `seller_follow` [ RunTime:0.001184s ]
[2026-08-19T10:57:17+08:00][sql] SELECT COUNT(*) AS think_count FROM `seller_follow` WHERE  `user_id` = 20  AND `seller_id` = 20 [ RunTime:0.000634s ]
[2026-08-19T11:03:13+08:00][sql] CONNECT:[ UseTime:0.018679s ] mysql:host=127.0.0.1;port=3306;dbname=auction;charset=utf8mb4
[2026-08-19T11:03:13+08:00][sql] SHOW FULL COLUMNS FROM `goods` [ RunTime:0.002156s ]
[2026-08-19T11:03:13+08:00][sql] SELECT `id` FROM `goods` WHERE  `status` = 1  AND `end_time` <= 1787108593 [ RunTime:0.001208s ]
[2026-08-19T11:03:13+08:00][sql] SHOW FULL COLUMNS FROM `user` [ RunTime:0.002303s ]
[2026-08-19T11:03:13+08:00][sql] SELECT * FROM `user` WHERE  `id` = 25 LIMIT 1 [ RunTime:0.001346s ]
[2026-08-19T11:03:13+08:00][sql] SHOW FULL COLUMNS FROM `setting` [ RunTime:0.001845s ]
[2026-08-19T11:03:13+08:00][sql] SELECT * FROM `setting` [ RunTime:0.001271s ]
[2026-08-19T11:03:13+08:00][sql] SELECT `g`.*,u.nickname as seller_name,u.shop_name as seller_shop,u.avatar as seller_avatar,c.name as category_name FROM `goods` `g` LEFT JOIN `user` `u` ON `g`.`seller_id`=`u`.`id` LEFT JOIN `category` `c` ON `g`.`category_id`=`c`.`id` WHERE  `g`.`id` = '34' LIMIT 1 [ RunTime:0.001694s ]
[2026-08-19T11:03:13+08:00][sql] UPDATE `goods`  SET `view_count` = `view_count` + 1  WHERE  `id` = 34 [ RunTime:0.002669s ]
[2026-08-19T11:03:13+08:00][sql] SHOW FULL COLUMNS FROM `bid_record` [ RunTime:0.002151s ]
[2026-08-19T11:03:13+08:00][sql] SELECT `b`.*,`u`.`nickname`,`u`.`mobile` FROM `bid_record` `b` LEFT JOIN `user` `u` ON `b`.`user_id`=`u`.`id` WHERE  `b`.`goods_id` = '34'  AND `b`.`status` = '0' ORDER BY `b`.`price` DESC,`b`.`id` ASC LIMIT 1 [ RunTime:0.001472s ]
[2026-08-19T11:03:13+08:00][sql] SELECT `b`.*,`u`.`nickname`,`u`.`mobile` FROM `bid_record` `b` LEFT JOIN `user` `u` ON `b`.`user_id`=`u`.`id` WHERE  `b`.`goods_id` = '34' ORDER BY `b`.`price` DESC,`b`.`id` ASC LIMIT 50 [ RunTime:0.001089s ]
[2026-08-19T11:03:13+08:00][sql] SELECT MAX(`price`) AS think_max FROM `bid_record` WHERE  `goods_id` = 34  AND `user_id` = 25  AND `status` = 0 [ RunTime:0.000918s ]
[2026-08-19T11:03:13+08:00][sql] SELECT MAX(`deposit`) AS think_max FROM `bid_record` WHERE  `goods_id` = 34  AND `user_id` = 25  AND `deposit` > '0' [ RunTime:0.001084s ]
[2026-08-19T11:03:13+08:00][sql] SHOW FULL COLUMNS FROM `browse_history` [ RunTime:0.001476s ]
[2026-08-19T11:03:13+08:00][sql] REPLACE INTO `browse_history` SET `user_id` = 25 , `goods_id` = 34 , `create_time` = 1787108593 [ RunTime:0.001979s ]
[2026-08-19T11:03:13+08:00][sql] SHOW FULL COLUMNS FROM `goods_favorite` [ RunTime:0.001351s ]
[2026-08-19T11:03:13+08:00][sql] SELECT COUNT(*) AS think_count FROM `goods_favorite` WHERE  `user_id` = 25  AND `goods_id` = 34 [ RunTime:0.000749s ]
[2026-08-19T11:03:13+08:00][sql] SHOW FULL COLUMNS FROM `seller_follow` [ RunTime:0.001134s ]
[2026-08-19T11:03:13+08:00][sql] SELECT COUNT(*) AS think_count FROM `seller_follow` WHERE  `user_id` = 25  AND `seller_id` = 20 [ RunTime:0.000755s ]
[2026-08-19T11:03:25+08:00][sql] CONNECT:[ UseTime:0.011189s ] mysql:host=127.0.0.1;port=3306;dbname=auction;charset=utf8mb4
[2026-08-19T11:03:25+08:00][sql] SHOW FULL COLUMNS FROM `goods` [ RunTime:0.001502s ]
[2026-08-19T11:03:25+08:00][sql] SELECT `id` FROM `goods` WHERE  `status` = 1  AND `end_time` <= 1787108605 [ RunTime:0.000880s ]
[2026-08-19T11:03:25+08:00][sql] SHOW FULL COLUMNS FROM `user` [ RunTime:0.001506s ]
[2026-08-19T11:03:25+08:00][sql] SELECT * FROM `user` WHERE  `id` = 25 LIMIT 1 [ RunTime:0.000921s ]
[2026-08-19T11:03:25+08:00][sql] SHOW FULL COLUMNS FROM `setting` [ RunTime:0.001162s ]
[2026-08-19T11:03:25+08:00][sql] SELECT * FROM `setting` [ RunTime:0.000657s ]
[2026-08-19T11:03:25+08:00][sql] SELECT `g`.*,u.nickname as seller_name,u.shop_name as seller_shop,u.avatar as seller_avatar,c.name as category_name FROM `goods` `g` LEFT JOIN `user` `u` ON `g`.`seller_id`=`u`.`id` LEFT JOIN `category` `c` ON `g`.`category_id`=`c`.`id` WHERE  `g`.`id` = '34' LIMIT 1 [ RunTime:0.001132s ]
[2026-08-19T11:03:25+08:00][sql] UPDATE `goods`  SET `view_count` = `view_count` + 1  WHERE  `id` = 34 [ RunTime:0.001978s ]
[2026-08-19T11:03:25+08:00][sql] SHOW FULL COLUMNS FROM `bid_record` [ RunTime:0.001316s ]
[2026-08-19T11:03:25+08:00][sql] SELECT `b`.*,`u`.`nickname`,`u`.`mobile` FROM `bid_record` `b` LEFT JOIN `user` `u` ON `b`.`user_id`=`u`.`id` WHERE  `b`.`goods_id` = '34'  AND `b`.`status` = '0' ORDER BY `b`.`price` DESC,`b`.`id` ASC LIMIT 1 [ RunTime:0.000878s ]
[2026-08-19T11:03:25+08:00][sql] SELECT `b`.*,`u`.`nickname`,`u`.`mobile` FROM `bid_record` `b` LEFT JOIN `user` `u` ON `b`.`user_id`=`u`.`id` WHERE  `b`.`goods_id` = '34' ORDER BY `b`.`price` DESC,`b`.`id` ASC LIMIT 50 [ RunTime:0.000911s ]
[2026-08-19T11:03:25+08:00][sql] SELECT MAX(`price`) AS think_max FROM `bid_record` WHERE  `goods_id` = 34  AND `user_id` = 25  AND `status` = 0 [ RunTime:0.001686s ]
[2026-08-19T11:03:25+08:00][sql] SELECT MAX(`deposit`) AS think_max FROM `bid_record` WHERE  `goods_id` = 34  AND `user_id` = 25  AND `deposit` > '0' [ RunTime:0.000715s ]
[2026-08-19T11:03:25+08:00][sql] SHOW FULL COLUMNS FROM `browse_history` [ RunTime:0.001315s ]
[2026-08-19T11:03:25+08:00][sql] REPLACE INTO `browse_history` SET `user_id` = 25 , `goods_id` = 34 , `create_time` = 1787108605 [ RunTime:0.001566s ]
[2026-08-19T11:03:25+08:00][sql] SHOW FULL COLUMNS FROM `goods_favorite` [ RunTime:0.001203s ]
[2026-08-19T11:03:25+08:00][sql] SELECT COUNT(*) AS think_count FROM `goods_favorite` WHERE  `user_id` = 25  AND `goods_id` = 34 [ RunTime:0.000661s ]
[2026-08-19T11:03:25+08:00][sql] SHOW FULL COLUMNS FROM `seller_follow` [ RunTime:0.001116s ]
[2026-08-19T11:03:25+08:00][sql] SELECT COUNT(*) AS think_count FROM `seller_follow` WHERE  `user_id` = 25  AND `seller_id` = 20 [ RunTime:0.000673s ]
[2026-08-19T11:09:50+08:00][sql] CONNECT:[ UseTime:0.021771s ] mysql:host=127.0.0.1;port=3306;dbname=auction;charset=utf8mb4
[2026-08-19T11:09:50+08:00][sql] SHOW FULL COLUMNS FROM `goods` [ RunTime:0.002716s ]
[2026-08-19T11:09:50+08:00][sql] SELECT `id` FROM `goods` WHERE  `status` = 1  AND `end_time` <= 1787108990 [ RunTime:0.001230s ]
[2026-08-19T11:09:50+08:00][sql] SHOW FULL COLUMNS FROM `user` [ RunTime:0.002219s ]
[2026-08-19T11:09:50+08:00][sql] SELECT * FROM `user` WHERE  `id` = 25 LIMIT 1 [ RunTime:0.001169s ]
[2026-08-19T11:09:50+08:00][sql] SHOW FULL COLUMNS FROM `setting` [ RunTime:0.001690s ]
[2026-08-19T11:09:50+08:00][sql] SELECT * FROM `setting` [ RunTime:0.001305s ]
[2026-08-19T11:09:50+08:00][sql] SHOW FULL COLUMNS FROM `category` [ RunTime:0.002063s ]
[2026-08-19T11:09:50+08:00][sql] SELECT * FROM `category` WHERE  `status` = 1 ORDER BY `sort` ASC [ RunTime:0.001252s ]
[2026-08-19T11:09:50+08:00][sql] SELECT `value` FROM `setting` WHERE  `name` = 'publish_protocol' LIMIT 1 [ RunTime:0.001033s ]
[2026-08-19T11:11:59+08:00][sql] CONNECT:[ UseTime:0.017731s ] mysql:host=127.0.0.1;port=3306;dbname=auction;charset=utf8mb4
[2026-08-19T11:11:59+08:00][sql] SHOW FULL COLUMNS FROM `goods` [ RunTime:0.002934s ]
[2026-08-19T11:11:59+08:00][sql] SELECT `id` FROM `goods` WHERE  `status` = 1  AND `end_time` <= 1787109119 [ RunTime:0.001316s ]
[2026-08-19T11:11:59+08:00][sql] SHOW FULL COLUMNS FROM `user` [ RunTime:0.002218s ]
[2026-08-19T11:11:59+08:00][sql] SELECT * FROM `user` WHERE  `id` = 25 LIMIT 1 [ RunTime:0.001263s ]
[2026-08-19T11:11:59+08:00][sql] SHOW FULL COLUMNS FROM `setting` [ RunTime:0.001673s ]
[2026-08-19T11:11:59+08:00][sql] SELECT * FROM `setting` [ RunTime:0.000964s ]
[2026-08-19T11:11:59+08:00][sql] SHOW FULL COLUMNS FROM `category` [ RunTime:0.002044s ]
[2026-08-19T11:11:59+08:00][sql] SELECT * FROM `category` WHERE  `status` = 1 ORDER BY `sort` ASC [ RunTime:0.001095s ]
[2026-08-19T11:11:59+08:00][sql] SELECT `value` FROM `setting` WHERE  `name` = 'publish_protocol' LIMIT 1 [ RunTime:0.001049s ]
[2026-08-19T15:34:18+08:00][sql] CONNECT:[ UseTime:0.005948s ] mysql:host=127.0.0.1;port=3306;dbname=auction;charset=utf8mb4
[2026-08-19T15:34:18+08:00][sql] SHOW FULL COLUMNS FROM `goods` [ RunTime:0.003587s ]
[2026-08-19T15:34:18+08:00][sql] SELECT `id` FROM `goods` WHERE  `status` = 1  AND `end_time` <= 1787124857 [ RunTime:0.001521s ]
[2026-08-19T15:34:18+08:00][sql] SHOW FULL COLUMNS FROM `setting` [ RunTime:0.001511s ]
[2026-08-19T15:34:18+08:00][sql] SELECT * FROM `setting` [ RunTime:0.000939s ]
[2026-08-19T15:34:18+08:00][sql] SELECT `g`.*,u.nickname as seller_name,u.shop_name as seller_shop,u.avatar as seller_avatar,c.name as category_name FROM `goods` `g` LEFT JOIN `user` `u` ON `g`.`seller_id`=`u`.`id` LEFT JOIN `category` `c` ON `g`.`category_id`=`c`.`id` WHERE  `g`.`id` = '34' LIMIT 1 [ RunTime:0.001704s ]
[2026-08-19T15:34:18+08:00][sql] UPDATE `goods`  SET `view_count` = `view_count` + 1  WHERE  `id` = 34 [ RunTime:0.005786s ]
[2026-08-19T15:34:18+08:00][sql] SHOW FULL COLUMNS FROM `bid_record` [ RunTime:0.001547s ]
[2026-08-19T15:34:18+08:00][sql] SELECT `b`.*,`u`.`nickname`,`u`.`mobile` FROM `bid_record` `b` LEFT JOIN `user` `u` ON `b`.`user_id`=`u`.`id` WHERE  `b`.`goods_id` = '34'  AND `b`.`status` = '0' ORDER BY `b`.`price` DESC,`b`.`id` ASC LIMIT 1 [ RunTime:0.001121s ]
[2026-08-19T15:34:18+08:00][sql] SELECT `b`.*,`u`.`nickname`,`u`.`mobile` FROM `bid_record` `b` LEFT JOIN `user` `u` ON `b`.`user_id`=`u`.`id` WHERE  `b`.`goods_id` = '34' ORDER BY `b`.`price` DESC,`b`.`id` ASC LIMIT 50 [ RunTime:0.000978s ]
[2026-08-19T15:34:20+08:00][sql] CONNECT:[ UseTime:0.009714s ] mysql:host=127.0.0.1;port=3306;dbname=auction;charset=utf8mb4
[2026-08-19T15:34:20+08:00][sql] SHOW FULL COLUMNS FROM `goods` [ RunTime:0.003331s ]
[2026-08-19T15:34:20+08:00][sql] SELECT `id` FROM `goods` WHERE  `status` = 1  AND `end_time` <= 1787124860 [ RunTime:0.001341s ]
[2026-08-19T15:34:20+08:00][sql] SHOW FULL COLUMNS FROM `setting` [ RunTime:0.001921s ]
[2026-08-19T15:34:20+08:00][sql] SELECT * FROM `setting` [ RunTime:0.001061s ]
[2026-08-19T15:34:20+08:00][sql] CONNECT:[ UseTime:0.022421s ] mysql:host=127.0.0.1;port=3306;dbname=auction;charset=utf8mb4
[2026-08-19T15:34:20+08:00][sql] SHOW FULL COLUMNS FROM `goods` [ RunTime:0.003058s ]
[2026-08-19T15:34:20+08:00][sql] SELECT `id` FROM `goods` WHERE  `status` = 1  AND `end_time` <= 1787124860 [ RunTime:0.001470s ]
[2026-08-19T15:34:20+08:00][sql] SHOW FULL COLUMNS FROM `setting` [ RunTime:0.001957s ]
[2026-08-19T15:34:20+08:00][sql] SELECT * FROM `setting` [ RunTime:0.001170s ]
[2026-08-19T15:34:25+08:00][sql] CONNECT:[ UseTime:0.011744s ] mysql:host=127.0.0.1;port=3306;dbname=auction;charset=utf8mb4
[2026-08-19T15:34:25+08:00][sql] SHOW FULL COLUMNS FROM `goods` [ RunTime:0.002089s ]
[2026-08-19T15:34:25+08:00][sql] SELECT `id` FROM `goods` WHERE  `status` = 1  AND `end_time` <= 1787124865 [ RunTime:0.001070s ]
[2026-08-19T15:34:25+08:00][sql] SHOW FULL COLUMNS FROM `setting` [ RunTime:0.001511s ]
[2026-08-19T15:34:25+08:00][sql] SELECT * FROM `setting` [ RunTime:0.000840s ]
[2026-08-19T15:34:25+08:00][sql] SHOW FULL COLUMNS FROM `user` [ RunTime:0.001890s ]
[2026-08-19T15:34:25+08:00][sql] SELECT * FROM `user` WHERE  `mobile` = '18888888888' LIMIT 1 [ RunTime:0.001103s ]
[2026-08-19T15:34:25+08:00][sql] UPDATE `user`  SET `last_login_time` = 1787124865 , `update_time` = 1787124865  WHERE  `id` = 20 [ RunTime:0.004875s ]
[2026-08-19T15:34:26+08:00][sql] CONNECT:[ UseTime:0.002230s ] mysql:host=127.0.0.1;port=3306;dbname=auction;charset=utf8mb4
[2026-08-19T15:34:26+08:00][sql] SHOW FULL COLUMNS FROM `goods` [ RunTime:0.008236s ]
[2026-08-19T15:34:26+08:00][sql] SELECT `id` FROM `goods` WHERE  `status` = 1  AND `end_time` <= 1787124866 [ RunTime:0.000996s ]
[2026-08-19T15:34:26+08:00][sql] SHOW FULL COLUMNS FROM `user` [ RunTime:0.001962s ]
[2026-08-19T15:34:26+08:00][sql] SELECT * FROM `user` WHERE  `id` = 20 LIMIT 1 [ RunTime:0.000977s ]
[2026-08-19T15:34:26+08:00][sql] SHOW FULL COLUMNS FROM `setting` [ RunTime:0.001701s ]
[2026-08-19T15:34:26+08:00][sql] SELECT * FROM `setting` [ RunTime:0.001023s ]
[2026-08-19T15:34:26+08:00][sql] SHOW FULL COLUMNS FROM `bid_record` [ RunTime:0.002163s ]
[2026-08-19T15:34:26+08:00][sql] SELECT COUNT(*) AS think_count FROM `bid_record` WHERE  `user_id` = 20 [ RunTime:0.001388s ]
[2026-08-19T15:34:26+08:00][sql] SHOW FULL COLUMNS FROM `order` [ RunTime:0.001909s ]
[2026-08-19T15:34:26+08:00][sql] SELECT COUNT(*) AS think_count FROM `order` WHERE  `buyer_id` = 20  AND `pay_status` = 1 [ RunTime:0.001129s ]
[2026-08-19T15:34:26+08:00][sql] SELECT COUNT(*) AS think_count FROM `goods` WHERE  `seller_id` = 20  AND `status` = 2 [ RunTime:0.003229s ]
[2026-08-19T15:34:26+08:00][sql] SELECT COUNT(*) AS think_count FROM `goods` WHERE  `seller_id` = 20 [ RunTime:0.001161s ]
[2026-08-19T15:34:26+08:00][sql] SELECT COUNT(*) AS think_count FROM `order` WHERE  `buyer_id` = 20  AND `pay_status` = 0  AND `order_status` = 0 [ RunTime:0.001067s ]
[2026-08-19T15:34:26+08:00][sql] SELECT COUNT(*) AS think_count FROM `order` WHERE  `seller_id` = 20  AND `order_status` = 1 [ RunTime:0.001140s ]
[2026-08-19T15:34:26+08:00][sql] SELECT COUNT(*) AS think_count FROM `order` WHERE  `buyer_id` = 20  AND `order_status` = 0  AND `pay_status` = 0 [ RunTime:0.000821s ]
[2026-08-19T15:34:26+08:00][sql] SELECT COUNT(*) AS think_count FROM `order` WHERE  `buyer_id` = 20  AND `order_status` = 1 [ RunTime:0.000791s ]
[2026-08-19T15:34:26+08:00][sql] SELECT COUNT(*) AS think_count FROM `order` WHERE  `buyer_id` = 20  AND `order_status` = 2 [ RunTime:0.001091s ]
[2026-08-19T15:34:26+08:00][sql] SELECT COUNT(*) AS think_count FROM `order` WHERE  `buyer_id` = 20  AND `order_status` = 3 [ RunTime:0.001066s ]
[2026-08-19T15:34:26+08:00][sql] SELECT COUNT(*) AS think_count FROM `order` WHERE  `seller_id` = 20  AND `order_status` = 1 [ RunTime:0.001797s ]
[2026-08-19T15:34:26+08:00][sql] SHOW FULL COLUMNS FROM `goods_favorite` [ RunTime:0.002087s ]
[2026-08-19T15:34:26+08:00][sql] SELECT COUNT(*) AS think_count FROM `goods_favorite` WHERE  `user_id` = 20 [ RunTime:0.001112s ]
[2026-08-19T15:34:26+08:00][sql] SHOW FULL COLUMNS FROM `seller_follow` [ RunTime:0.001754s ]
[2026-08-19T15:34:26+08:00][sql] SELECT COUNT(*) AS think_count FROM `seller_follow` WHERE  `user_id` = 20 [ RunTime:0.001032s ]
[2026-08-19T15:34:26+08:00][sql] SHOW FULL COLUMNS FROM `browse_history` [ RunTime:0.001417s ]
[2026-08-19T15:34:26+08:00][sql] SELECT COUNT(*) AS think_count FROM `browse_history` WHERE  `user_id` = 20 [ RunTime:0.001104s ]
[2026-08-19T15:34:26+08:00][sql] SHOW FULL COLUMNS FROM `balance_log` [ RunTime:0.001456s ]
[2026-08-19T15:34:26+08:00][sql] SELECT * FROM `balance_log` WHERE  `user_id` = 20 ORDER BY `id` DESC LIMIT 5 [ RunTime:0.001718s ]
[2026-08-19T15:34:26+08:00][sql] SELECT `b`.*,`g`.`title`,`g`.`cover`,g.status as goods_status,`g`.`end_time` FROM `bid_record` `b` LEFT JOIN `goods` `g` ON `b`.`goods_id`=`g`.`id` WHERE  `b`.`user_id` = '20' ORDER BY `b`.`id` DESC LIMIT 5 [ RunTime:0.002560s ]
[2026-08-19T15:34:26+08:00][sql] SELECT `id`,`nickname`,`mobile`,`reg_time` FROM `user` WHERE  `pid` = 20 ORDER BY `id` DESC LIMIT 10 [ RunTime:0.001068s ]
[2026-08-19T15:34:26+08:00][sql] SELECT `value` FROM `setting` WHERE  `name` = 'service_link' LIMIT 1 [ RunTime:0.000817s ]
[2026-08-19T15:34:28+08:00][sql] CONNECT:[ UseTime:0.004441s ] mysql:host=127.0.0.1;port=3306;dbname=auction;charset=utf8mb4
[2026-08-19T15:34:28+08:00][sql] SHOW FULL COLUMNS FROM `goods` [ RunTime:0.001802s ]
[2026-08-19T15:34:28+08:00][sql] SELECT `id` FROM `goods` WHERE  `status` = 1  AND `end_time` <= 1787124868 [ RunTime:0.000895s ]
[2026-08-19T15:34:28+08:00][sql] SHOW FULL COLUMNS FROM `user` [ RunTime:0.001586s ]
[2026-08-19T15:34:28+08:00][sql] SELECT * FROM `user` WHERE  `id` = 20 LIMIT 1 [ RunTime:0.000934s ]
[2026-08-19T15:34:28+08:00][sql] SHOW FULL COLUMNS FROM `setting` [ RunTime:0.001369s ]
[2026-08-19T15:34:28+08:00][sql] SELECT * FROM `setting` [ RunTime:0.000703s ]
[2026-08-19T15:34:28+08:00][sql] SELECT * FROM `user` WHERE  `id` = 20 LIMIT 1 [ RunTime:0.000756s ]
[2026-08-19T15:34:28+08:00][sql] SHOW FULL COLUMNS FROM `order` [ RunTime:0.001776s ]
[2026-08-19T15:34:28+08:00][sql] SELECT COUNT(*) AS think_count FROM `order` WHERE  `buyer_id` = 20  AND `order_status` = 0  AND `pay_status` = 0 [ RunTime:0.001466s ]
[2026-08-19T15:34:28+08:00][sql] SELECT COUNT(*) AS think_count FROM `order` WHERE  `buyer_id` = 20  AND `order_status` = 3 [ RunTime:0.000839s ]
[2026-08-19T15:34:28+08:00][sql] SHOW FULL COLUMNS FROM `balance_log` [ RunTime:0.001399s ]
[2026-08-19T15:34:28+08:00][sql] SELECT * FROM `balance_log` WHERE  `user_id` = 20 ORDER BY `id` DESC LIMIT 8 [ RunTime:0.000905s ]
[2026-08-19T17:33:16+08:00][sql] CONNECT:[ UseTime:0.002775s ] mysql:host=127.0.0.1;port=3306;dbname=auction;charset=utf8mb4
[2026-08-19T17:33:16+08:00][sql] SHOW FULL COLUMNS FROM `goods` [ RunTime:0.003108s ]
[2026-08-19T17:33:16+08:00][sql] SELECT `id` FROM `goods` WHERE  `status` = 1  AND `end_time` <= 1787131996 [ RunTime:0.001389s ]
[2026-08-19T17:33:16+08:00][sql] SELECT * FROM `goods` WHERE  `id` = 34 LIMIT 1   FOR UPDATE [ RunTime:0.000809s ]
[2026-08-19T17:33:16+08:00][sql] SHOW FULL COLUMNS FROM `bid_record` [ RunTime:0.002361s ]
[2026-08-19T17:33:16+08:00][sql] SELECT * FROM `bid_record` WHERE  `goods_id` = 34  AND `status` = 0 ORDER BY `price` DESC,`id` ASC [ RunTime:0.001472s ]
[2026-08-19T17:33:16+08:00][sql] UPDATE `goods`  SET `status` = 3 , `update_time` = 1787131996  WHERE  `id` = 34 [ RunTime:0.001191s ]
[2026-08-19T17:33:16+08:00][sql] SHOW FULL COLUMNS FROM `setting` [ RunTime:0.002075s ]
[2026-08-19T17:33:16+08:00][sql] SELECT * FROM `setting` [ RunTime:0.000831s ]
[2026-08-19T17:33:16+08:00][sql] CONNECT:[ UseTime:0.021322s ] mysql:host=127.0.0.1;port=3306;dbname=auction;charset=utf8mb4
[2026-08-19T17:33:16+08:00][sql] SHOW FULL COLUMNS FROM `goods` [ RunTime:0.002097s ]
[2026-08-19T17:33:16+08:00][sql] SELECT `id` FROM `goods` WHERE  `status` = 1  AND `end_time` <= 1787131996 [ RunTime:0.001022s ]
[2026-08-19T17:33:16+08:00][sql] SHOW FULL COLUMNS FROM `setting` [ RunTime:0.001253s ]
[2026-08-19T17:33:16+08:00][sql] SELECT * FROM `setting` [ RunTime:0.000867s ]
[2026-08-19T17:33:22+08:00][sql] CONNECT:[ UseTime:0.003449s ] mysql:host=127.0.0.1;port=3306;dbname=auction;charset=utf8mb4
[2026-08-19T17:33:22+08:00][sql] SHOW FULL COLUMNS FROM `goods` [ RunTime:0.001966s ]
[2026-08-19T17:33:22+08:00][sql] SELECT `id` FROM `goods` WHERE  `status` = 1  AND `end_time` <= 1787132002 [ RunTime:0.001213s ]
[2026-08-19T17:33:22+08:00][sql] SHOW FULL COLUMNS FROM `setting` [ RunTime:0.001785s ]
[2026-08-19T17:33:22+08:00][sql] SELECT * FROM `setting` [ RunTime:0.001287s ]
[2026-08-19T17:33:22+08:00][sql] SHOW FULL COLUMNS FROM `user` [ RunTime:0.002056s ]
[2026-08-19T17:33:22+08:00][sql] SELECT * FROM `user` WHERE  `mobile` = '18888888888' LIMIT 1 [ RunTime:0.002432s ]
[2026-08-19T17:33:27+08:00][sql] CONNECT:[ UseTime:0.003200s ] mysql:host=127.0.0.1;port=3306;dbname=auction;charset=utf8mb4
[2026-08-19T17:33:27+08:00][sql] SHOW FULL COLUMNS FROM `goods` [ RunTime:0.001783s ]
[2026-08-19T17:33:27+08:00][sql] SELECT `id` FROM `goods` WHERE  `status` = 1  AND `end_time` <= 1787132007 [ RunTime:0.000928s ]
[2026-08-19T17:33:27+08:00][sql] SHOW FULL COLUMNS FROM `setting` [ RunTime:0.001320s ]
[2026-08-19T17:33:27+08:00][sql] SELECT * FROM `setting` [ RunTime:0.000837s ]
[2026-08-19T17:33:27+08:00][sql] SHOW FULL COLUMNS FROM `user` [ RunTime:0.001925s ]
[2026-08-19T17:33:27+08:00][sql] SELECT * FROM `user` WHERE  `mobile` = '18888888888' LIMIT 1 [ RunTime:0.001132s ]
[2026-08-19T17:33:27+08:00][sql] UPDATE `user`  SET `last_login_time` = 1787132007 , `update_time` = 1787132007  WHERE  `id` = 20 [ RunTime:0.003134s ]
[2026-08-19T17:33:28+08:00][sql] CONNECT:[ UseTime:0.001583s ] mysql:host=127.0.0.1;port=3306;dbname=auction;charset=utf8mb4
[2026-08-19T17:33:28+08:00][sql] SHOW FULL COLUMNS FROM `goods` [ RunTime:0.002106s ]
[2026-08-19T17:33:28+08:00][sql] SELECT `id` FROM `goods` WHERE  `status` = 1  AND `end_time` <= 1787132008 [ RunTime:0.000857s ]
[2026-08-19T17:33:28+08:00][sql] SHOW FULL COLUMNS FROM `user` [ RunTime:0.001545s ]
[2026-08-19T17:33:28+08:00][sql] SELECT * FROM `user` WHERE  `id` = 20 LIMIT 1 [ RunTime:0.000903s ]
[2026-08-19T17:33:28+08:00][sql] SHOW FULL COLUMNS FROM `setting` [ RunTime:0.001246s ]
[2026-08-19T17:33:28+08:00][sql] SELECT * FROM `setting` [ RunTime:0.000642s ]
[2026-08-19T17:33:28+08:00][sql] SHOW FULL COLUMNS FROM `bid_record` [ RunTime:0.001479s ]
[2026-08-19T17:33:28+08:00][sql] SELECT COUNT(*) AS think_count FROM `bid_record` WHERE  `user_id` = 20 [ RunTime:0.000767s ]
[2026-08-19T17:33:28+08:00][sql] SHOW FULL COLUMNS FROM `order` [ RunTime:0.001470s ]
[2026-08-19T17:33:28+08:00][sql] SELECT COUNT(*) AS think_count FROM `order` WHERE  `buyer_id` = 20  AND `pay_status` = 1 [ RunTime:0.000927s ]
[2026-08-19T17:33:28+08:00][sql] SELECT COUNT(*) AS think_count FROM `goods` WHERE  `seller_id` = 20  AND `status` = 2 [ RunTime:0.002916s ]
[2026-08-19T17:33:28+08:00][sql] SELECT COUNT(*) AS think_count FROM `goods` WHERE  `seller_id` = 20 [ RunTime:0.000683s ]
[2026-08-19T17:33:28+08:00][sql] SELECT COUNT(*) AS think_count FROM `order` WHERE  `buyer_id` = 20  AND `pay_status` = 0  AND `order_status` = 0 [ RunTime:0.000625s ]
[2026-08-19T17:33:28+08:00][sql] SELECT COUNT(*) AS think_count FROM `order` WHERE  `seller_id` = 20  AND `order_status` = 1 [ RunTime:0.000692s ]
[2026-08-19T17:33:28+08:00][sql] SELECT COUNT(*) AS think_count FROM `order` WHERE  `buyer_id` = 20  AND `order_status` = 0  AND `pay_status` = 0 [ RunTime:0.000650s ]
[2026-08-19T17:33:28+08:00][sql] SELECT COUNT(*) AS think_count FROM `order` WHERE  `buyer_id` = 20  AND `order_status` = 1 [ RunTime:0.000560s ]
[2026-08-19T17:33:28+08:00][sql] SELECT COUNT(*) AS think_count FROM `order` WHERE  `buyer_id` = 20  AND `order_status` = 2 [ RunTime:0.000586s ]
[2026-08-19T17:33:28+08:00][sql] SELECT COUNT(*) AS think_count FROM `order` WHERE  `buyer_id` = 20  AND `order_status` = 3 [ RunTime:0.000559s ]
[2026-08-19T17:33:28+08:00][sql] SELECT COUNT(*) AS think_count FROM `order` WHERE  `seller_id` = 20  AND `order_status` = 1 [ RunTime:0.000550s ]
[2026-08-19T17:33:28+08:00][sql] SHOW FULL COLUMNS FROM `goods_favorite` [ RunTime:0.003461s ]
[2026-08-19T17:33:28+08:00][sql] SELECT COUNT(*) AS think_count FROM `goods_favorite` WHERE  `user_id` = 20 [ RunTime:0.000690s ]
[2026-08-19T17:33:28+08:00][sql] SHOW FULL COLUMNS FROM `seller_follow` [ RunTime:0.003133s ]
[2026-08-19T17:33:28+08:00][sql] SELECT COUNT(*) AS think_count FROM `seller_follow` WHERE  `user_id` = 20 [ RunTime:0.000817s ]
[2026-08-19T17:33:28+08:00][sql] SHOW FULL COLUMNS FROM `browse_history` [ RunTime:0.003342s ]
[2026-08-19T17:33:28+08:00][sql] SELECT COUNT(*) AS think_count FROM `browse_history` WHERE  `user_id` = 20 [ RunTime:0.000853s ]
[2026-08-19T17:33:28+08:00][sql] SHOW FULL COLUMNS FROM `balance_log` [ RunTime:0.001149s ]
[2026-08-19T17:33:28+08:00][sql] SELECT * FROM `balance_log` WHERE  `user_id` = 20 ORDER BY `id` DESC LIMIT 5 [ RunTime:0.000967s ]
[2026-08-19T17:33:28+08:00][sql] SELECT `b`.*,`g`.`title`,`g`.`cover`,g.status as goods_status,`g`.`end_time` FROM `bid_record` `b` LEFT JOIN `goods` `g` ON `b`.`goods_id`=`g`.`id` WHERE  `b`.`user_id` = '20' ORDER BY `b`.`id` DESC LIMIT 5 [ RunTime:0.000732s ]
[2026-08-19T17:33:28+08:00][sql] SELECT `id`,`nickname`,`mobile`,`reg_time` FROM `user` WHERE  `pid` = 20 ORDER BY `id` DESC LIMIT 10 [ RunTime:0.000743s ]
[2026-08-19T17:33:28+08:00][sql] SELECT `value` FROM `setting` WHERE  `name` = 'service_link' LIMIT 1 [ RunTime:0.001343s ]
[2026-08-19T17:35:13+08:00][sql] CONNECT:[ UseTime:0.006098s ] mysql:host=127.0.0.1;port=3306;dbname=auction;charset=utf8mb4
[2026-08-19T17:35:13+08:00][sql] SHOW FULL COLUMNS FROM `goods` [ RunTime:0.001804s ]
[2026-08-19T17:35:13+08:00][sql] SELECT `id` FROM `goods` WHERE  `status` = 1  AND `end_time` <= 1787132113 [ RunTime:0.000883s ]
[2026-08-19T17:35:13+08:00][sql] SHOW FULL COLUMNS FROM `user` [ RunTime:0.001540s ]
[2026-08-19T17:35:13+08:00][sql] SELECT * FROM `user` WHERE  `id` = 20 LIMIT 1 [ RunTime:0.000896s ]
[2026-08-19T17:35:13+08:00][sql] SHOW FULL COLUMNS FROM `setting` [ RunTime:0.001188s ]
[2026-08-19T17:35:13+08:00][sql] SELECT * FROM `setting` [ RunTime:0.000553s ]
[2026-08-19T17:35:13+08:00][sql] SHOW FULL COLUMNS FROM `bid_record` [ RunTime:0.001230s ]
[2026-08-19T17:35:13+08:00][sql] SELECT COUNT(*) AS think_count FROM `bid_record` WHERE  `user_id` = 20 [ RunTime:0.000708s ]
[2026-08-19T17:35:13+08:00][sql] SHOW FULL COLUMNS FROM `order` [ RunTime:0.001250s ]
[2026-08-19T17:35:13+08:00][sql] SELECT COUNT(*) AS think_count FROM `order` WHERE  `buyer_id` = 20  AND `pay_status` = 1 [ RunTime:0.000667s ]
[2026-08-19T17:35:13+08:00][sql] SELECT COUNT(*) AS think_count FROM `goods` WHERE  `seller_id` = 20  AND `status` = 2 [ RunTime:0.002369s ]
[2026-08-19T17:35:13+08:00][sql] SELECT COUNT(*) AS think_count FROM `goods` WHERE  `seller_id` = 20 [ RunTime:0.000782s ]
[2026-08-19T17:35:13+08:00][sql] SELECT COUNT(*) AS think_count FROM `order` WHERE  `buyer_id` = 20  AND `pay_status` = 0  AND `order_status` = 0 [ RunTime:0.000698s ]
[2026-08-19T17:35:13+08:00][sql] SELECT COUNT(*) AS think_count FROM `order` WHERE  `seller_id` = 20  AND `order_status` = 1 [ RunTime:0.000700s ]
[2026-08-19T17:35:13+08:00][sql] SELECT COUNT(*) AS think_count FROM `order` WHERE  `buyer_id` = 20  AND `order_status` = 0  AND `pay_status` = 0 [ RunTime:0.000642s ]
[2026-08-19T17:35:13+08:00][sql] SELECT COUNT(*) AS think_count FROM `order` WHERE  `buyer_id` = 20  AND `order_status` = 1 [ RunTime:0.000603s ]
[2026-08-19T17:35:13+08:00][sql] SELECT COUNT(*) AS think_count FROM `order` WHERE  `buyer_id` = 20  AND `order_status` = 2 [ RunTime:0.000652s ]
[2026-08-19T17:35:13+08:00][sql] SELECT COUNT(*) AS think_count FROM `order` WHERE  `buyer_id` = 20  AND `order_status` = 3 [ RunTime:0.000613s ]
[2026-08-19T17:35:13+08:00][sql] SELECT COUNT(*) AS think_count FROM `order` WHERE  `seller_id` = 20  AND `order_status` = 1 [ RunTime:0.000805s ]
[2026-08-19T17:35:13+08:00][sql] SHOW FULL COLUMNS FROM `goods_favorite` [ RunTime:0.001203s ]
[2026-08-19T17:35:13+08:00][sql] SELECT COUNT(*) AS think_count FROM `goods_favorite` WHERE  `user_id` = 20 [ RunTime:0.000618s ]
[2026-08-19T17:35:13+08:00][sql] SHOW FULL COLUMNS FROM `seller_follow` [ RunTime:0.001035s ]
[2026-08-19T17:35:13+08:00][sql] SELECT COUNT(*) AS think_count FROM `seller_follow` WHERE  `user_id` = 20 [ RunTime:0.000621s ]
[2026-08-19T17:35:13+08:00][sql] SHOW FULL COLUMNS FROM `browse_history` [ RunTime:0.001013s ]
[2026-08-19T17:35:13+08:00][sql] SELECT COUNT(*) AS think_count FROM `browse_history` WHERE  `user_id` = 20 [ RunTime:0.000606s ]
[2026-08-19T17:35:13+08:00][sql] SHOW FULL COLUMNS FROM `balance_log` [ RunTime:0.001218s ]
[2026-08-19T17:35:13+08:00][sql] SELECT * FROM `balance_log` WHERE  `user_id` = 20 ORDER BY `id` DESC LIMIT 5 [ RunTime:0.000812s ]
[2026-08-19T17:35:13+08:00][sql] SELECT `b`.*,`g`.`title`,`g`.`cover`,g.status as goods_status,`g`.`end_time` FROM `bid_record` `b` LEFT JOIN `goods` `g` ON `b`.`goods_id`=`g`.`id` WHERE  `b`.`user_id` = '20' ORDER BY `b`.`id` DESC LIMIT 5 [ RunTime:0.000859s ]
[2026-08-19T17:35:13+08:00][sql] SELECT `id`,`nickname`,`mobile`,`reg_time` FROM `user` WHERE  `pid` = 20 ORDER BY `id` DESC LIMIT 10 [ RunTime:0.000711s ]
[2026-08-19T17:35:13+08:00][sql] SELECT `value` FROM `setting` WHERE  `name` = 'service_link' LIMIT 1 [ RunTime:0.000534s ]
[2026-08-19T17:35:21+08:00][sql] CONNECT:[ UseTime:0.021336s ] mysql:host=127.0.0.1;port=3306;dbname=auction;charset=utf8mb4
[2026-08-19T17:35:21+08:00][sql] SHOW FULL COLUMNS FROM `goods` [ RunTime:0.001801s ]
[2026-08-19T17:35:21+08:00][sql] SELECT `id` FROM `goods` WHERE  `status` = 1  AND `end_time` <= 1787132121 [ RunTime:0.000913s ]
[2026-08-19T17:35:21+08:00][sql] SHOW FULL COLUMNS FROM `user` [ RunTime:0.001560s ]
[2026-08-19T17:35:21+08:00][sql] SELECT * FROM `user` WHERE  `id` = 20 LIMIT 1 [ RunTime:0.001011s ]
[2026-08-19T17:35:21+08:00][sql] SHOW FULL COLUMNS FROM `setting` [ RunTime:0.001064s ]
[2026-08-19T17:35:21+08:00][sql] SELECT * FROM `setting` [ RunTime:0.000608s ]
[2026-08-19T17:35:21+08:00][sql] SELECT * FROM `user` WHERE  `id` = 20 LIMIT 1 [ RunTime:0.000737s ]
[2026-08-19T17:35:21+08:00][sql] SHOW FULL COLUMNS FROM `order` [ RunTime:0.001347s ]
[2026-08-19T17:35:21+08:00][sql] SELECT COUNT(*) AS think_count FROM `order` WHERE  `buyer_id` = 20  AND `order_status` = 0  AND `pay_status` = 0 [ RunTime:0.000620s ]
[2026-08-19T17:35:21+08:00][sql] SELECT COUNT(*) AS think_count FROM `order` WHERE  `buyer_id` = 20  AND `order_status` = 3 [ RunTime:0.000625s ]
[2026-08-19T17:35:21+08:00][sql] SHOW FULL COLUMNS FROM `balance_log` [ RunTime:0.002724s ]
[2026-08-19T17:35:21+08:00][sql] SELECT * FROM `balance_log` WHERE  `user_id` = 20 ORDER BY `id` DESC LIMIT 8 [ RunTime:0.000766s ]
[2026-08-19T17:35:24+08:00][sql] CONNECT:[ UseTime:0.013025s ] mysql:host=127.0.0.1;port=3306;dbname=auction;charset=utf8mb4
[2026-08-19T17:35:24+08:00][sql] SHOW FULL COLUMNS FROM `goods` [ RunTime:0.002696s ]
[2026-08-19T17:35:24+08:00][sql] SELECT `id` FROM `goods` WHERE  `status` = 1  AND `end_time` <= 1787132124 [ RunTime:0.001325s ]
[2026-08-19T17:35:24+08:00][sql] SHOW FULL COLUMNS FROM `user` [ RunTime:0.002039s ]
[2026-08-19T17:35:24+08:00][sql] SELECT * FROM `user` WHERE  `id` = 20 LIMIT 1 [ RunTime:0.001145s ]
[2026-08-19T17:35:24+08:00][sql] SHOW FULL COLUMNS FROM `setting` [ RunTime:0.001656s ]
[2026-08-19T17:35:24+08:00][sql] SELECT * FROM `setting` [ RunTime:0.000915s ]
[2026-08-19T17:35:24+08:00][sql] SHOW FULL COLUMNS FROM `withdraw` [ RunTime:0.004236s ]
[2026-08-19T17:35:24+08:00][sql] SELECT * FROM `withdraw` WHERE  `user_id` = 20 ORDER BY `id` DESC LIMIT 20 [ RunTime:0.001171s ]
[2026-08-19T17:35:24+08:00][sql] SHOW FULL COLUMNS FROM `pay_account` [ RunTime:0.003817s ]
[2026-08-19T17:35:24+08:00][sql] SELECT * FROM `pay_account` WHERE  `user_id` = 20 [ RunTime:0.001034s ]
[2026-08-19T17:35:27+08:00][sql] CONNECT:[ UseTime:0.011477s ] mysql:host=127.0.0.1;port=3306;dbname=auction;charset=utf8mb4
[2026-08-19T17:35:27+08:00][sql] SHOW FULL COLUMNS FROM `goods` [ RunTime:0.002373s ]
[2026-08-19T17:35:27+08:00][sql] SELECT `id` FROM `goods` WHERE  `status` = 1  AND `end_time` <= 1787132127 [ RunTime:0.001301s ]
[2026-08-19T17:35:27+08:00][sql] SHOW FULL COLUMNS FROM `user` [ RunTime:0.002313s ]
[2026-08-19T17:35:27+08:00][sql] SELECT * FROM `user` WHERE  `id` = 20 LIMIT 1 [ RunTime:0.001165s ]
[2026-08-19T17:35:27+08:00][sql] SHOW FULL COLUMNS FROM `setting` [ RunTime:0.001679s ]
[2026-08-19T17:35:27+08:00][sql] SELECT * FROM `setting` [ RunTime:0.000959s ]
[2026-08-19T17:35:27+08:00][sql] SHOW FULL COLUMNS FROM `recharge` [ RunTime:0.005491s ]
[2026-08-19T17:35:27+08:00][sql] SELECT * FROM `recharge` WHERE  `user_id` = 20 ORDER BY `id` DESC LIMIT 20 [ RunTime:0.000884s ]
[2026-08-19T17:35:27+08:00][sql] SELECT COUNT(*) AS think_count FROM `recharge` WHERE  `user_id` = 20  AND `status` = 0 [ RunTime:0.000833s ]
[2026-08-19T17:35:27+08:00][sql] SELECT `value` FROM `setting` WHERE  `name` = 'service_link' LIMIT 1 [ RunTime:0.000719s ]
[2026-08-19T17:35:35+08:00][sql] CONNECT:[ UseTime:0.023622s ] mysql:host=127.0.0.1;port=3306;dbname=auction;charset=utf8mb4
[2026-08-19T17:35:35+08:00][sql] SHOW FULL COLUMNS FROM `goods` [ RunTime:0.002686s ]
[2026-08-19T17:35:35+08:00][sql] SELECT `id` FROM `goods` WHERE  `status` = 1  AND `end_time` <= 1787132135 [ RunTime:0.001150s ]
[2026-08-19T17:35:35+08:00][sql] SHOW FULL COLUMNS FROM `user` [ RunTime:0.001986s ]
[2026-08-19T17:35:35+08:00][sql] SELECT * FROM `user` WHERE  `id` = 20 LIMIT 1 [ RunTime:0.001093s ]
[2026-08-19T17:35:35+08:00][sql] SHOW FULL COLUMNS FROM `setting` [ RunTime:0.001467s ]
[2026-08-19T17:35:35+08:00][sql] SELECT * FROM `setting` [ RunTime:0.000855s ]
[2026-08-19T17:35:35+08:00][sql] SHOW FULL COLUMNS FROM `recharge` [ RunTime:0.003529s ]
[2026-08-19T17:35:35+08:00][sql] SELECT * FROM `recharge` WHERE  `user_id` = 20  AND `status` = 0 LIMIT 1 [ RunTime:0.000956s ]
[2026-08-19T17:35:35+08:00][sql] INSERT INTO `recharge` SET `user_id` = 20 , `amount` = '300' , `pay_type` = 1 , `status` = 0 , `create_time` = 1787132135 , `update_time` = 1787132135 [ RunTime:0.002009s ]
[2026-08-19T17:35:36+08:00][sql] CONNECT:[ UseTime:0.016706s ] mysql:host=127.0.0.1;port=3306;dbname=auction;charset=utf8mb4
[2026-08-19T17:35:36+08:00][sql] SHOW FULL COLUMNS FROM `goods` [ RunTime:0.002447s ]
[2026-08-19T17:35:36+08:00][sql] SELECT `id` FROM `goods` WHERE  `status` = 1  AND `end_time` <= 1787132136 [ RunTime:0.001438s ]
[2026-08-19T17:35:36+08:00][sql] SHOW FULL COLUMNS FROM `user` [ RunTime:0.002583s ]
[2026-08-19T17:35:36+08:00][sql] SELECT * FROM `user` WHERE  `id` = 20 LIMIT 1 [ RunTime:0.001220s ]
[2026-08-19T17:35:36+08:00][sql] SHOW FULL COLUMNS FROM `setting` [ RunTime:0.001633s ]
[2026-08-19T17:35:36+08:00][sql] SELECT * FROM `setting` [ RunTime:0.000933s ]
[2026-08-19T17:35:36+08:00][sql] SHOW FULL COLUMNS FROM `recharge` [ RunTime:0.004183s ]
[2026-08-19T17:35:36+08:00][sql] SELECT * FROM `recharge` WHERE  `user_id` = 20 ORDER BY `id` DESC LIMIT 20 [ RunTime:0.001314s ]
[2026-08-19T17:35:36+08:00][sql] SELECT COUNT(*) AS think_count FROM `recharge` WHERE  `user_id` = 20  AND `status` = 0 [ RunTime:0.001070s ]
[2026-08-19T17:35:36+08:00][sql] SELECT `value` FROM `setting` WHERE  `name` = 'service_link' LIMIT 1 [ RunTime:0.000724s ]
[2026-08-19T17:36:10+08:00][sql] CONNECT:[ UseTime:0.005870s ] mysql:host=127.0.0.1;port=3306;dbname=auction;charset=utf8mb4
[2026-08-19T17:36:10+08:00][sql] SHOW FULL COLUMNS FROM `goods` [ RunTime:0.001560s ]
[2026-08-19T17:36:10+08:00][sql] SELECT `id` FROM `goods` WHERE  `status` = 1  AND `end_time` <= 1787132170 [ RunTime:0.000814s ]
[2026-08-19T17:36:10+08:00][sql] SHOW FULL COLUMNS FROM `user` [ RunTime:0.001601s ]
[2026-08-19T17:36:10+08:00][sql] SELECT * FROM `user` WHERE  `id` = 20 LIMIT 1 [ RunTime:0.000829s ]
[2026-08-19T17:36:10+08:00][sql] SHOW FULL COLUMNS FROM `setting` [ RunTime:0.001175s ]
[2026-08-19T17:36:10+08:00][sql] SELECT * FROM `setting` [ RunTime:0.000591s ]
[2026-08-19T17:36:10+08:00][sql] SHOW FULL COLUMNS FROM `recharge` [ RunTime:0.002648s ]
[2026-08-19T17:36:10+08:00][sql] SELECT * FROM `recharge` WHERE  `user_id` = 20 ORDER BY `id` DESC LIMIT 20 [ RunTime:0.000824s ]
[2026-08-19T17:36:10+08:00][sql] SELECT COUNT(*) AS think_count FROM `recharge` WHERE  `user_id` = 20  AND `status` = 0 [ RunTime:0.000850s ]
[2026-08-19T17:36:10+08:00][sql] SELECT `value` FROM `setting` WHERE  `name` = 'service_link' LIMIT 1 [ RunTime:0.000725s ]
[2026-08-19T17:49:21+08:00][sql] CONNECT:[ UseTime:0.008753s ] mysql:host=127.0.0.1;port=3306;dbname=auction;charset=utf8mb4
[2026-08-19T17:49:21+08:00][sql] SHOW FULL COLUMNS FROM `goods` [ RunTime:0.002019s ]
[2026-08-19T17:49:21+08:00][sql] SELECT `id` FROM `goods` WHERE  `status` = 1  AND `end_time` <= 1787132961 [ RunTime:0.001014s ]
[2026-08-19T17:49:21+08:00][sql] SHOW FULL COLUMNS FROM `user` [ RunTime:0.002199s ]
[2026-08-19T17:49:21+08:00][sql] SELECT * FROM `user` WHERE  `id` = 20 LIMIT 1 [ RunTime:0.001114s ]
[2026-08-19T17:49:21+08:00][sql] SHOW FULL COLUMNS FROM `setting` [ RunTime:0.001523s ]
[2026-08-19T17:49:21+08:00][sql] SELECT * FROM `setting` [ RunTime:0.000845s ]
[2026-08-19T17:49:21+08:00][sql] SELECT COUNT(*) AS think_count FROM `goods` `g` LEFT JOIN `user` `u` ON `g`.`seller_id`=`u`.`id` WHERE  `g`.`status` = '1'  AND `g`.`start_time` <= '1787132961'  AND `g`.`end_time` > '1787132961' [ RunTime:0.001066s ]
[2026-08-19T17:49:21+08:00][sql] SELECT `g`.*,u.nickname as seller_name FROM `goods` `g` LEFT JOIN `user` `u` ON `g`.`seller_id`=`u`.`id` WHERE  `g`.`status` = '1'  AND `g`.`start_time` <= '1787132961'  AND `g`.`end_time` > '1787132961' ORDER BY `g`.`end_time` ASC,`g`.`id` DESC LIMIT 0,10 [ RunTime:0.001437s ]
[2026-08-19T17:49:21+08:00][sql] SHOW FULL COLUMNS FROM `bid_record` [ RunTime:0.001768s ]
[2026-08-19T17:49:21+08:00][sql] SELECT MAX(`price`) AS think_max FROM `bid_record` WHERE  `goods_id` = 28  AND `status` = 0 [ RunTime:0.001099s ]
[2026-08-19T17:49:21+08:00][sql] SELECT MAX(`price`) AS think_max FROM `bid_record` WHERE  `goods_id` = 33  AND `status` = 0 [ RunTime:0.000872s ]
[2026-08-19T17:49:21+08:00][sql] SELECT MAX(`price`) AS think_max FROM `bid_record` WHERE  `goods_id` = 30  AND `status` = 0 [ RunTime:0.000910s ]
[2026-08-19T17:49:21+08:00][sql] SHOW FULL COLUMNS FROM `category` [ RunTime:0.001624s ]
[2026-08-19T17:49:21+08:00][sql] SELECT * FROM `category` WHERE  `status` = 1 ORDER BY `sort` ASC [ RunTime:0.001117s ]
[2026-08-19T17:49:21+08:00][sql] SELECT `b`.`price`,`b`.`create_time`,`g`.`title`,`u`.`nickname` FROM `bid_record` `b` LEFT JOIN `goods` `g` ON `b`.`goods_id`=`g`.`id` LEFT JOIN `user` `u` ON `b`.`user_id`=`u`.`id` WHERE  `b`.`status` = '1' ORDER BY `b`.`id` DESC LIMIT 5 [ RunTime:0.000967s ]
[2026-08-19T17:49:21+08:00][sql] SHOW FULL COLUMNS FROM `news` [ RunTime:0.001476s ]
[2026-08-19T17:49:21+08:00][sql] SELECT `id`,`title`,`create_time` FROM `news` WHERE  `status` = 1 ORDER BY `id` DESC LIMIT 3 [ RunTime:0.001071s ]
[2026-08-19T17:49:21+08:00][sql] SHOW FULL COLUMNS FROM `banner` [ RunTime:0.001372s ]
[2026-08-19T17:49:21+08:00][sql] SELECT * FROM `banner` WHERE  `status` = 1 ORDER BY `sort` ASC,`id` ASC [ RunTime:0.000556s ]
[2026-08-19T17:49:24+08:00][sql] CONNECT:[ UseTime:0.013921s ] mysql:host=127.0.0.1;port=3306;dbname=auction;charset=utf8mb4
[2026-08-19T17:49:24+08:00][sql] SHOW FULL COLUMNS FROM `goods` [ RunTime:0.002254s ]
[2026-08-19T17:49:24+08:00][sql] SELECT `id` FROM `goods` WHERE  `status` = 1  AND `end_time` <= 1787132964 [ RunTime:0.001071s ]
[2026-08-19T17:49:24+08:00][sql] SHOW FULL COLUMNS FROM `user` [ RunTime:0.001895s ]
[2026-08-19T17:49:24+08:00][sql] SELECT * FROM `user` WHERE  `id` = 20 LIMIT 1 [ RunTime:0.001046s ]
[2026-08-19T17:49:24+08:00][sql] SHOW FULL COLUMNS FROM `setting` [ RunTime:0.001526s ]
[2026-08-19T17:49:24+08:00][sql] SELECT * FROM `setting` [ RunTime:0.000957s ]
[2026-08-19T17:49:24+08:00][sql] SELECT `g`.*,u.nickname as seller_name,u.shop_name as seller_shop,u.avatar as seller_avatar,c.name as category_name FROM `goods` `g` LEFT JOIN `user` `u` ON `g`.`seller_id`=`u`.`id` LEFT JOIN `category` `c` ON `g`.`category_id`=`c`.`id` WHERE  `g`.`id` = '28' LIMIT 1 [ RunTime:0.001359s ]
[2026-08-19T17:49:24+08:00][sql] UPDATE `goods`  SET `view_count` = `view_count` + 1  WHERE  `id` = 28 [ RunTime:0.002843s ]
[2026-08-19T17:49:24+08:00][sql] SHOW FULL COLUMNS FROM `bid_record` [ RunTime:0.001900s ]
[2026-08-19T17:49:24+08:00][sql] SELECT `b`.*,`u`.`nickname`,`u`.`mobile` FROM `bid_record` `b` LEFT JOIN `user` `u` ON `b`.`user_id`=`u`.`id` WHERE  `b`.`goods_id` = '28'  AND `b`.`status` = '0' ORDER BY `b`.`price` DESC,`b`.`id` ASC LIMIT 1 [ RunTime:0.001258s ]
[2026-08-19T17:49:24+08:00][sql] SELECT `b`.*,`u`.`nickname`,`u`.`mobile` FROM `bid_record` `b` LEFT JOIN `user` `u` ON `b`.`user_id`=`u`.`id` WHERE  `b`.`goods_id` = '28' ORDER BY `b`.`price` DESC,`b`.`id` ASC LIMIT 50 [ RunTime:0.001205s ]
[2026-08-19T17:49:24+08:00][sql] SELECT MAX(`price`) AS think_max FROM `bid_record` WHERE  `goods_id` = 28  AND `user_id` = 20  AND `status` = 0 [ RunTime:0.000958s ]
[2026-08-19T17:49:24+08:00][sql] SELECT MAX(`deposit`) AS think_max FROM `bid_record` WHERE  `goods_id` = 28  AND `user_id` = 20  AND `deposit` > '0' [ RunTime:0.000948s ]
[2026-08-19T17:49:24+08:00][sql] SHOW FULL COLUMNS FROM `browse_history` [ RunTime:0.001623s ]
[2026-08-19T17:49:24+08:00][sql] REPLACE INTO `browse_history` SET `user_id` = 20 , `goods_id` = 28 , `create_time` = 1787132964 [ RunTime:0.002149s ]
[2026-08-19T17:49:24+08:00][sql] SHOW FULL COLUMNS FROM `goods_favorite` [ RunTime:0.003979s ]
[2026-08-19T17:49:24+08:00][sql] SELECT COUNT(*) AS think_count FROM `goods_favorite` WHERE  `user_id` = 20  AND `goods_id` = 28 [ RunTime:0.001147s ]
[2026-08-19T17:49:24+08:00][sql] SHOW FULL COLUMNS FROM `seller_follow` [ RunTime:0.001962s ]
[2026-08-19T17:49:24+08:00][sql] SELECT COUNT(*) AS think_count FROM `seller_follow` WHERE  `user_id` = 20  AND `seller_id` = 20 [ RunTime:0.001144s ]
[2026-08-19T17:52:47+08:00][sql] CONNECT:[ UseTime:0.002203s ] mysql:host=127.0.0.1;port=3306;dbname=auction;charset=utf8mb4
[2026-08-19T17:52:47+08:00][sql] SHOW FULL COLUMNS FROM `goods` [ RunTime:0.001562s ]
[2026-08-19T17:52:47+08:00][sql] SELECT `id` FROM `goods` WHERE  `status` = 1  AND `end_time` <= 1787133167 [ RunTime:0.000943s ]
[2026-08-19T17:52:47+08:00][sql] SHOW FULL COLUMNS FROM `user` [ RunTime:0.001639s ]
[2026-08-19T17:52:47+08:00][sql] SELECT * FROM `user` WHERE  `id` = 20 LIMIT 1 [ RunTime:0.000958s ]
[2026-08-19T17:52:47+08:00][sql] SHOW FULL COLUMNS FROM `setting` [ RunTime:0.001074s ]
[2026-08-19T17:52:47+08:00][sql] SELECT * FROM `setting` [ RunTime:0.000502s ]
[2026-08-19T17:52:47+08:00][sql] SHOW FULL COLUMNS FROM `bid_record` [ RunTime:0.001000s ]
[2026-08-19T17:52:47+08:00][sql] SELECT COUNT(*) AS think_count FROM `bid_record` WHERE  `user_id` = 20 [ RunTime:0.000714s ]
[2026-08-19T17:52:47+08:00][sql] SHOW FULL COLUMNS FROM `order` [ RunTime:0.001431s ]
[2026-08-19T17:52:47+08:00][sql] SELECT COUNT(*) AS think_count FROM `order` WHERE  `buyer_id` = 20  AND `pay_status` = 1 [ RunTime:0.000778s ]
[2026-08-19T17:52:47+08:00][sql] SELECT COUNT(*) AS think_count FROM `goods` WHERE  `seller_id` = 20  AND `status` = 2 [ RunTime:0.002408s ]
[2026-08-19T17:52:47+08:00][sql] SELECT COUNT(*) AS think_count FROM `goods` WHERE  `seller_id` = 20 [ RunTime:0.000733s ]
[2026-08-19T17:52:47+08:00][sql] SELECT COUNT(*) AS think_count FROM `order` WHERE  `buyer_id` = 20  AND `pay_status` = 0  AND `order_status` = 0 [ RunTime:0.000724s ]
[2026-08-19T17:52:47+08:00][sql] SELECT COUNT(*) AS think_count FROM `order` WHERE  `seller_id` = 20  AND `order_status` = 1 [ RunTime:0.000714s ]
[2026-08-19T17:52:47+08:00][sql] SELECT COUNT(*) AS think_count FROM `order` WHERE  `buyer_id` = 20  AND `order_status` = 0  AND `pay_status` = 0 [ RunTime:0.000722s ]
[2026-08-19T17:52:47+08:00][sql] SELECT COUNT(*) AS think_count FROM `order` WHERE  `buyer_id` = 20  AND `order_status` = 1 [ RunTime:0.000688s ]
[2026-08-19T17:52:47+08:00][sql] SELECT COUNT(*) AS think_count FROM `order` WHERE  `buyer_id` = 20  AND `order_status` = 2 [ RunTime:0.000712s ]
[2026-08-19T17:52:47+08:00][sql] SELECT COUNT(*) AS think_count FROM `order` WHERE  `buyer_id` = 20  AND `order_status` = 3 [ RunTime:0.000780s ]
[2026-08-19T17:52:47+08:00][sql] SELECT COUNT(*) AS think_count FROM `order` WHERE  `seller_id` = 20  AND `order_status` = 1 [ RunTime:0.000763s ]
[2026-08-19T17:52:47+08:00][sql] SHOW FULL COLUMNS FROM `goods_favorite` [ RunTime:0.003155s ]
[2026-08-19T17:52:47+08:00][sql] SELECT COUNT(*) AS think_count FROM `goods_favorite` WHERE  `user_id` = 20 [ RunTime:0.000773s ]
[2026-08-19T17:52:47+08:00][sql] SHOW FULL COLUMNS FROM `seller_follow` [ RunTime:0.001260s ]
[2026-08-19T17:52:47+08:00][sql] SELECT COUNT(*) AS think_count FROM `seller_follow` WHERE  `user_id` = 20 [ RunTime:0.000770s ]
[2026-08-19T17:52:47+08:00][sql] SHOW FULL COLUMNS FROM `browse_history` [ RunTime:0.003102s ]
[2026-08-19T17:52:47+08:00][sql] SELECT COUNT(*) AS think_count FROM `browse_history` WHERE  `user_id` = 20 [ RunTime:0.000706s ]
[2026-08-19T17:52:47+08:00][sql] SHOW FULL COLUMNS FROM `balance_log` [ RunTime:0.001243s ]
[2026-08-19T17:52:47+08:00][sql] SELECT * FROM `balance_log` WHERE  `user_id` = 20 ORDER BY `id` DESC LIMIT 5 [ RunTime:0.000797s ]
[2026-08-19T17:52:47+08:00][sql] SELECT `b`.*,`g`.`title`,`g`.`cover`,g.status as goods_status,`g`.`end_time` FROM `bid_record` `b` LEFT JOIN `goods` `g` ON `b`.`goods_id`=`g`.`id` WHERE  `b`.`user_id` = '20' ORDER BY `b`.`id` DESC LIMIT 5 [ RunTime:0.000714s ]
[2026-08-19T17:52:47+08:00][sql] SELECT `id`,`nickname`,`mobile`,`reg_time` FROM `user` WHERE  `pid` = 20 ORDER BY `id` DESC LIMIT 10 [ RunTime:0.000844s ]
[2026-08-19T17:52:47+08:00][sql] SELECT `value` FROM `setting` WHERE  `name` = 'service_link' LIMIT 1 [ RunTime:0.000925s ]
[2026-08-19T17:52:49+08:00][sql] CONNECT:[ UseTime:0.012861s ] mysql:host=127.0.0.1;port=3306;dbname=auction;charset=utf8mb4
[2026-08-19T17:52:49+08:00][sql] SHOW FULL COLUMNS FROM `goods` [ RunTime:0.002472s ]
[2026-08-19T17:52:49+08:00][sql] SELECT `id` FROM `goods` WHERE  `status` = 1  AND `end_time` <= 1787133169 [ RunTime:0.001152s ]
[2026-08-19T17:52:49+08:00][sql] SHOW FULL COLUMNS FROM `user` [ RunTime:0.001993s ]
[2026-08-19T17:52:49+08:00][sql] SELECT * FROM `user` WHERE  `id` = 20 LIMIT 1 [ RunTime:0.001175s ]
[2026-08-19T17:52:49+08:00][sql] SHOW FULL COLUMNS FROM `setting` [ RunTime:0.001531s ]
[2026-08-19T17:52:49+08:00][sql] SELECT * FROM `setting` [ RunTime:0.000983s ]
[2026-08-19T17:52:49+08:00][sql] CONNECT:[ UseTime:0.001938s ] mysql:host=127.0.0.1;port=3306;dbname=auction;charset=utf8mb4
[2026-08-19T17:52:49+08:00][sql] SHOW FULL COLUMNS FROM `goods` [ RunTime:0.002412s ]
[2026-08-19T17:52:49+08:00][sql] SELECT `id` FROM `goods` WHERE  `status` = 1  AND `end_time` <= 1787133169 [ RunTime:0.001359s ]
[2026-08-19T17:52:49+08:00][sql] SHOW FULL COLUMNS FROM `setting` [ RunTime:0.001809s ]
[2026-08-19T17:52:49+08:00][sql] SELECT * FROM `setting` [ RunTime:0.000957s ]
[2026-08-19T17:52:49+08:00][sql] SELECT COUNT(*) AS think_count FROM `goods` `g` LEFT JOIN `user` `u` ON `g`.`seller_id`=`u`.`id` WHERE  `g`.`status` = '1'  AND `g`.`start_time` <= '1787133169'  AND `g`.`end_time` > '1787133169' [ RunTime:0.001127s ]
[2026-08-19T17:52:49+08:00][sql] SELECT `g`.*,u.nickname as seller_name FROM `goods` `g` LEFT JOIN `user` `u` ON `g`.`seller_id`=`u`.`id` WHERE  `g`.`status` = '1'  AND `g`.`start_time` <= '1787133169'  AND `g`.`end_time` > '1787133169' ORDER BY `g`.`end_time` ASC,`g`.`id` DESC LIMIT 0,10 [ RunTime:0.001339s ]
[2026-08-19T17:52:49+08:00][sql] SHOW FULL COLUMNS FROM `bid_record` [ RunTime:0.001605s ]
[2026-08-19T17:52:49+08:00][sql] SELECT MAX(`price`) AS think_max FROM `bid_record` WHERE  `goods_id` = 28  AND `status` = 0 [ RunTime:0.000863s ]
[2026-08-19T17:52:49+08:00][sql] SELECT MAX(`price`) AS think_max FROM `bid_record` WHERE  `goods_id` = 33  AND `status` = 0 [ RunTime:0.000950s ]
[2026-08-19T17:52:49+08:00][sql] SELECT MAX(`price`) AS think_max FROM `bid_record` WHERE  `goods_id` = 30  AND `status` = 0 [ RunTime:0.000776s ]
[2026-08-19T17:52:49+08:00][sql] SHOW FULL COLUMNS FROM `category` [ RunTime:0.001765s ]
[2026-08-19T17:52:49+08:00][sql] SELECT * FROM `category` WHERE  `status` = 1 ORDER BY `sort` ASC [ RunTime:0.001082s ]
[2026-08-19T17:52:49+08:00][sql] SELECT `b`.`price`,`b`.`create_time`,`g`.`title`,`u`.`nickname` FROM `bid_record` `b` LEFT JOIN `goods` `g` ON `b`.`goods_id`=`g`.`id` LEFT JOIN `user` `u` ON `b`.`user_id`=`u`.`id` WHERE  `b`.`status` = '1' ORDER BY `b`.`id` DESC LIMIT 5 [ RunTime:0.001053s ]
[2026-08-19T17:52:49+08:00][sql] SHOW FULL COLUMNS FROM `news` [ RunTime:0.001594s ]
[2026-08-19T17:52:49+08:00][sql] SELECT `id`,`title`,`create_time` FROM `news` WHERE  `status` = 1 ORDER BY `id` DESC LIMIT 3 [ RunTime:0.001027s ]
[2026-08-19T17:52:49+08:00][sql] SHOW FULL COLUMNS FROM `banner` [ RunTime:0.001525s ]
[2026-08-19T17:52:49+08:00][sql] SELECT * FROM `banner` WHERE  `status` = 1 ORDER BY `sort` ASC,`id` ASC [ RunTime:0.000946s ]
[2026-08-19T17:52:50+08:00][sql] CONNECT:[ UseTime:0.012503s ] mysql:host=127.0.0.1;port=3306;dbname=auction;charset=utf8mb4
[2026-08-19T17:52:50+08:00][sql] SHOW FULL COLUMNS FROM `goods` [ RunTime:0.002183s ]
[2026-08-19T17:52:50+08:00][sql] SELECT `id` FROM `goods` WHERE  `status` = 1  AND `end_time` <= 1787133170 [ RunTime:0.001157s ]
[2026-08-19T17:52:50+08:00][sql] SHOW FULL COLUMNS FROM `setting` [ RunTime:0.001874s ]
[2026-08-19T17:52:50+08:00][sql] SELECT * FROM `setting` [ RunTime:0.000950s ]
[2026-08-19T17:52:51+08:00][sql] CONNECT:[ UseTime:0.011668s ] mysql:host=127.0.0.1;port=3306;dbname=auction;charset=utf8mb4
[2026-08-19T17:52:51+08:00][sql] SHOW FULL COLUMNS FROM `goods` [ RunTime:0.002386s ]
[2026-08-19T17:52:51+08:00][sql] SELECT `id` FROM `goods` WHERE  `status` = 1  AND `end_time` <= 1787133171 [ RunTime:0.001366s ]
[2026-08-19T17:52:51+08:00][sql] SHOW FULL COLUMNS FROM `setting` [ RunTime:0.001925s ]
[2026-08-19T17:52:51+08:00][sql] SELECT * FROM `setting` [ RunTime:0.001028s ]
[2026-08-19T17:52:52+08:00][sql] CONNECT:[ UseTime:0.016963s ] mysql:host=127.0.0.1;port=3306;dbname=auction;charset=utf8mb4
[2026-08-19T17:52:52+08:00][sql] SHOW FULL COLUMNS FROM `goods` [ RunTime:0.002114s ]
[2026-08-19T17:52:52+08:00][sql] SELECT `id` FROM `goods` WHERE  `status` = 1  AND `end_time` <= 1787133172 [ RunTime:0.001097s ]
[2026-08-19T17:52:52+08:00][sql] SHOW FULL COLUMNS FROM `setting` [ RunTime:0.001711s ]
[2026-08-19T17:52:52+08:00][sql] SELECT * FROM `setting` [ RunTime:0.000987s ]
[2026-08-19T17:52:55+08:00][sql] CONNECT:[ UseTime:0.008615s ] mysql:host=127.0.0.1;port=3306;dbname=auction;charset=utf8mb4
[2026-08-19T17:52:55+08:00][sql] SHOW FULL COLUMNS FROM `goods` [ RunTime:0.002128s ]
[2026-08-19T17:52:55+08:00][sql] SELECT `id` FROM `goods` WHERE  `status` = 1  AND `end_time` <= 1787133175 [ RunTime:0.001120s ]
[2026-08-19T17:52:55+08:00][sql] SHOW FULL COLUMNS FROM `setting` [ RunTime:0.001576s ]
[2026-08-19T17:52:55+08:00][sql] SELECT * FROM `setting` [ RunTime:0.000890s ]
[2026-08-19T17:52:58+08:00][sql] CONNECT:[ UseTime:0.006519s ] mysql:host=127.0.0.1;port=3306;dbname=auction;charset=utf8mb4
[2026-08-19T17:52:58+08:00][sql] SHOW FULL COLUMNS FROM `goods` [ RunTime:0.002137s ]
[2026-08-19T17:52:58+08:00][sql] SELECT `id` FROM `goods` WHERE  `status` = 1  AND `end_time` <= 1787133178 [ RunTime:0.001066s ]
[2026-08-19T17:52:58+08:00][sql] SHOW FULL COLUMNS FROM `setting` [ RunTime:0.001631s ]
[2026-08-19T17:52:58+08:00][sql] SELECT * FROM `setting` [ RunTime:0.000972s ]
[2026-08-19T18:01:52+08:00][sql] CONNECT:[ UseTime:0.002195s ] mysql:host=127.0.0.1;port=3306;dbname=auction;charset=utf8mb4
[2026-08-19T18:01:52+08:00][sql] SHOW FULL COLUMNS FROM `goods` [ RunTime:0.002313s ]
[2026-08-19T18:01:52+08:00][sql] SELECT `id` FROM `goods` WHERE  `status` = 1  AND `end_time` <= 1787133712 [ RunTime:0.000965s ]
[2026-08-19T18:01:52+08:00][sql] SHOW FULL COLUMNS FROM `setting` [ RunTime:0.001437s ]
[2026-08-19T18:01:52+08:00][sql] SELECT * FROM `setting` [ RunTime:0.001312s ]
[2026-08-19T18:02:10+08:00][sql] CONNECT:[ UseTime:0.003343s ] mysql:host=127.0.0.1;port=3306;dbname=auction;charset=utf8mb4
[2026-08-19T18:02:10+08:00][sql] SHOW FULL COLUMNS FROM `goods` [ RunTime:0.001541s ]
[2026-08-19T18:02:10+08:00][sql] SELECT `id` FROM `goods` WHERE  `status` = 1  AND `end_time` <= 1787133730 [ RunTime:0.000784s ]
[2026-08-19T18:02:10+08:00][sql] SHOW FULL COLUMNS FROM `setting` [ RunTime:0.001092s ]
[2026-08-19T18:02:10+08:00][sql] SELECT * FROM `setting` [ RunTime:0.000637s ]
[2026-08-19T18:02:10+08:00][sql] SHOW FULL COLUMNS FROM `user` [ RunTime:0.003370s ]
[2026-08-19T18:02:10+08:00][sql] SELECT * FROM `user` WHERE  `mobile` = '18888888888' LIMIT 1 [ RunTime:0.000893s ]
[2026-08-19T18:02:14+08:00][sql] CONNECT:[ UseTime:0.015633s ] mysql:host=127.0.0.1;port=3306;dbname=auction;charset=utf8mb4
[2026-08-19T18:02:14+08:00][sql] SHOW FULL COLUMNS FROM `goods` [ RunTime:0.002296s ]
[2026-08-19T18:02:14+08:00][sql] SELECT `id` FROM `goods` WHERE  `status` = 1  AND `end_time` <= 1787133734 [ RunTime:0.001153s ]
[2026-08-19T18:02:14+08:00][sql] SHOW FULL COLUMNS FROM `setting` [ RunTime:0.001614s ]
[2026-08-19T18:02:14+08:00][sql] SELECT * FROM `setting` [ RunTime:0.001160s ]
[2026-08-19T18:02:14+08:00][sql] SHOW FULL COLUMNS FROM `user` [ RunTime:0.004111s ]
[2026-08-19T18:02:14+08:00][sql] SELECT * FROM `user` WHERE  `mobile` = '18888888888' LIMIT 1 [ RunTime:0.001263s ]
[2026-08-19T18:02:14+08:00][sql] UPDATE `user`  SET `last_login_time` = 1787133734 , `update_time` = 1787133734  WHERE  `id` = 20 [ RunTime:0.005917s ]
[2026-08-19T18:02:15+08:00][sql] CONNECT:[ UseTime:0.020125s ] mysql:host=127.0.0.1;port=3306;dbname=auction;charset=utf8mb4
[2026-08-19T18:02:15+08:00][sql] SHOW FULL COLUMNS FROM `goods` [ RunTime:0.002295s ]
[2026-08-19T18:02:15+08:00][sql] SELECT `id` FROM `goods` WHERE  `status` = 1  AND `end_time` <= 1787133735 [ RunTime:0.001137s ]
[2026-08-19T18:02:15+08:00][sql] SHOW FULL COLUMNS FROM `user` [ RunTime:0.004526s ]
[2026-08-19T18:02:15+08:00][sql] SELECT * FROM `user` WHERE  `id` = 20 LIMIT 1 [ RunTime:0.001211s ]
[2026-08-19T18:02:15+08:00][sql] SHOW FULL COLUMNS FROM `setting` [ RunTime:0.001741s ]
[2026-08-19T18:02:15+08:00][sql] SELECT * FROM `setting` [ RunTime:0.001241s ]
[2026-08-19T18:02:15+08:00][sql] SHOW FULL COLUMNS FROM `bid_record` [ RunTime:0.001985s ]
[2026-08-19T18:02:15+08:00][sql] SELECT COUNT(*) AS think_count FROM `bid_record` WHERE  `user_id` = 20 [ RunTime:0.001184s ]
[2026-08-19T18:02:15+08:00][sql] SHOW FULL COLUMNS FROM `order` [ RunTime:0.002152s ]
[2026-08-19T18:02:15+08:00][sql] SELECT COUNT(*) AS think_count FROM `order` WHERE  `buyer_id` = 20  AND `pay_status` = 1 [ RunTime:0.001125s ]
[2026-08-19T18:02:15+08:00][sql] SELECT COUNT(*) AS think_count FROM `goods` WHERE  `seller_id` = 20  AND `status` = 2 [ RunTime:0.003311s ]
[2026-08-19T18:02:15+08:00][sql] SELECT COUNT(*) AS think_count FROM `goods` WHERE  `seller_id` = 20 [ RunTime:0.000907s ]
[2026-08-19T18:02:15+08:00][sql] SELECT COUNT(*) AS think_count FROM `order` WHERE  `buyer_id` = 20  AND `pay_status` = 0  AND `order_status` = 0 [ RunTime:0.001123s ]
[2026-08-19T18:02:15+08:00][sql] SELECT COUNT(*) AS think_count FROM `order` WHERE  `seller_id` = 20  AND `order_status` = 1 [ RunTime:0.001135s ]
[2026-08-19T18:02:15+08:00][sql] SELECT COUNT(*) AS think_count FROM `order` WHERE  `buyer_id` = 20  AND `order_status` = 0  AND `pay_status` = 0 [ RunTime:0.001069s ]
[2026-08-19T18:02:15+08:00][sql] SELECT COUNT(*) AS think_count FROM `order` WHERE  `buyer_id` = 20  AND `order_status` = 1 [ RunTime:0.001071s ]
[2026-08-19T18:02:15+08:00][sql] SELECT COUNT(*) AS think_count FROM `order` WHERE  `buyer_id` = 20  AND `order_status` = 2 [ RunTime:0.001104s ]
[2026-08-19T18:02:15+08:00][sql] SELECT COUNT(*) AS think_count FROM `order` WHERE  `buyer_id` = 20  AND `order_status` = 3 [ RunTime:0.001011s ]
[2026-08-19T18:02:15+08:00][sql] SELECT COUNT(*) AS think_count FROM `order` WHERE  `seller_id` = 20  AND `order_status` = 1 [ RunTime:0.001183s ]
[2026-08-19T18:02:15+08:00][sql] SHOW FULL COLUMNS FROM `goods_favorite` [ RunTime:0.001914s ]
[2026-08-19T18:02:15+08:00][sql] SELECT COUNT(*) AS think_count FROM `goods_favorite` WHERE  `user_id` = 20 [ RunTime:0.001012s ]
[2026-08-19T18:02:15+08:00][sql] SHOW FULL COLUMNS FROM `seller_follow` [ RunTime:0.001626s ]
[2026-08-19T18:02:15+08:00][sql] SELECT COUNT(*) AS think_count FROM `seller_follow` WHERE  `user_id` = 20 [ RunTime:0.000921s ]
[2026-08-19T18:02:15+08:00][sql] SHOW FULL COLUMNS FROM `browse_history` [ RunTime:0.001890s ]
[2026-08-19T18:02:15+08:00][sql] SELECT COUNT(*) AS think_count FROM `browse_history` WHERE  `user_id` = 20 [ RunTime:0.001295s ]
[2026-08-19T18:02:15+08:00][sql] SHOW FULL COLUMNS FROM `balance_log` [ RunTime:0.002137s ]
[2026-08-19T18:02:15+08:00][sql] SELECT * FROM `balance_log` WHERE  `user_id` = 20 ORDER BY `id` DESC LIMIT 5 [ RunTime:0.001419s ]
[2026-08-19T18:02:15+08:00][sql] SELECT `b`.*,`g`.`title`,`g`.`cover`,g.status as goods_status,`g`.`end_time` FROM `bid_record` `b` LEFT JOIN `goods` `g` ON `b`.`goods_id`=`g`.`id` WHERE  `b`.`user_id` = '20' ORDER BY `b`.`id` DESC LIMIT 5 [ RunTime:0.001237s ]
[2026-08-19T18:02:15+08:00][sql] SELECT `id`,`nickname`,`mobile`,`reg_time` FROM `user` WHERE  `pid` = 20 ORDER BY `id` DESC LIMIT 10 [ RunTime:0.001039s ]
[2026-08-19T18:02:15+08:00][sql] SELECT `value` FROM `setting` WHERE  `name` = 'service_link' LIMIT 1 [ RunTime:0.001175s ]
[2026-08-19T18:02:18+08:00][sql] CONNECT:[ UseTime:0.009938s ] mysql:host=127.0.0.1;port=3306;dbname=auction;charset=utf8mb4
[2026-08-19T18:02:18+08:00][sql] SHOW FULL COLUMNS FROM `goods` [ RunTime:0.001102s ]
[2026-08-19T18:02:18+08:00][sql] SELECT `id` FROM `goods` WHERE  `status` = 1  AND `end_time` <= 1787133737 [ RunTime:0.000751s ]
[2026-08-19T18:02:18+08:00][sql] SHOW FULL COLUMNS FROM `user` [ RunTime:0.003153s ]
[2026-08-19T18:02:18+08:00][sql] SELECT * FROM `user` WHERE  `id` = 20 LIMIT 1 [ RunTime:0.000919s ]
[2026-08-19T18:02:18+08:00][sql] SHOW FULL COLUMNS FROM `setting` [ RunTime:0.001168s ]
[2026-08-19T18:02:18+08:00][sql] SELECT * FROM `setting` [ RunTime:0.000754s ]
[2026-08-19T18:02:18+08:00][sql] SELECT COUNT(*) AS think_count FROM `goods` `g` LEFT JOIN `user` `u` ON `g`.`seller_id`=`u`.`id` WHERE  `g`.`status` = '1'  AND `g`.`start_time` <= '1787133737'  AND `g`.`end_time` > '1787133737' [ RunTime:0.002558s ]
[2026-08-19T18:02:18+08:00][sql] SELECT `g`.*,u.nickname as seller_name FROM `goods` `g` LEFT JOIN `user` `u` ON `g`.`seller_id`=`u`.`id` WHERE  `g`.`status` = '1'  AND `g`.`start_time` <= '1787133737'  AND `g`.`end_time` > '1787133737' ORDER BY `g`.`end_time` ASC,`g`.`id` DESC LIMIT 0,10 [ RunTime:0.002114s ]
[2026-08-19T18:02:18+08:00][sql] SHOW FULL COLUMNS FROM `bid_record` [ RunTime:0.001652s ]
[2026-08-19T18:02:18+08:00][sql] SELECT MAX(`price`) AS think_max FROM `bid_record` WHERE  `goods_id` = 28  AND `status` = 0 [ RunTime:0.001063s ]
[2026-08-19T18:02:18+08:00][sql] SELECT MAX(`price`) AS think_max FROM `bid_record` WHERE  `goods_id` = 33  AND `status` = 0 [ RunTime:0.001042s ]
[2026-08-19T18:02:18+08:00][sql] SELECT MAX(`price`) AS think_max FROM `bid_record` WHERE  `goods_id` = 30  AND `status` = 0 [ RunTime:0.001000s ]
[2026-08-19T18:02:18+08:00][sql] SHOW FULL COLUMNS FROM `category` [ RunTime:0.001864s ]
[2026-08-19T18:02:18+08:00][sql] SELECT * FROM `category` WHERE  `status` = 1 ORDER BY `sort` ASC [ RunTime:0.001145s ]
[2026-08-19T18:02:18+08:00][sql] SELECT `b`.`price`,`b`.`create_time`,`g`.`title`,`u`.`nickname` FROM `bid_record` `b` LEFT JOIN `goods` `g` ON `b`.`goods_id`=`g`.`id` LEFT JOIN `user` `u` ON `b`.`user_id`=`u`.`id` WHERE  `b`.`status` = '1' ORDER BY `b`.`id` DESC LIMIT 5 [ RunTime:0.000972s ]
[2026-08-19T18:02:18+08:00][sql] SHOW FULL COLUMNS FROM `news` [ RunTime:0.003219s ]
[2026-08-19T18:02:18+08:00][sql] SELECT `id`,`title`,`create_time` FROM `news` WHERE  `status` = 1 ORDER BY `id` DESC LIMIT 3 [ RunTime:0.001454s ]
[2026-08-19T18:02:18+08:00][sql] SHOW FULL COLUMNS FROM `banner` [ RunTime:0.001789s ]
[2026-08-19T18:02:18+08:00][sql] SELECT * FROM `banner` WHERE  `status` = 1 ORDER BY `sort` ASC,`id` ASC [ RunTime:0.001043s ]
[2026-08-19T18:02:21+08:00][sql] CONNECT:[ UseTime:0.005688s ] mysql:host=127.0.0.1;port=3306;dbname=auction;charset=utf8mb4
[2026-08-19T18:02:21+08:00][sql] SHOW FULL COLUMNS FROM `goods` [ RunTime:0.001770s ]
[2026-08-19T18:02:21+08:00][sql] SELECT `id` FROM `goods` WHERE  `status` = 1  AND `end_time` <= 1787133740 [ RunTime:0.000910s ]
[2026-08-19T18:02:21+08:00][sql] SHOW FULL COLUMNS FROM `user` [ RunTime:0.003485s ]
[2026-08-19T18:02:21+08:00][sql] SELECT * FROM `user` WHERE  `id` = 20 LIMIT 1 [ RunTime:0.001024s ]
[2026-08-19T18:02:21+08:00][sql] SHOW FULL COLUMNS FROM `setting` [ RunTime:0.001411s ]
[2026-08-19T18:02:21+08:00][sql] SELECT * FROM `setting` [ RunTime:0.000727s ]
[2026-08-19T18:02:21+08:00][sql] SELECT `g`.*,u.nickname as seller_name,u.shop_name as seller_shop,u.avatar as seller_avatar,`u`.`seller_intro`,u.deposit as seller_deposit,`u`.`shop_score`,`u`.`fans_count`,c.name as category_name FROM `goods` `g` LEFT JOIN `user` `u` ON `g`.`seller_id`=`u`.`id` LEFT JOIN `category` `c` ON `g`.`category_id`=`c`.`id` WHERE  `g`.`id` = '33' LIMIT 1 [ RunTime:0.001032s ]
[2026-08-19T18:02:21+08:00][sql] UPDATE `goods`  SET `view_count` = `view_count` + 1  WHERE  `id` = 33 [ RunTime:0.002619s ]
[2026-08-19T18:02:21+08:00][sql] SHOW FULL COLUMNS FROM `bid_record` [ RunTime:0.001447s ]
[2026-08-19T18:02:21+08:00][sql] SELECT `b`.*,`u`.`nickname`,`u`.`mobile` FROM `bid_record` `b` LEFT JOIN `user` `u` ON `b`.`user_id`=`u`.`id` WHERE  `b`.`goods_id` = '33'  AND `b`.`status` = '0' ORDER BY `b`.`price` DESC,`b`.`id` ASC LIMIT 1 [ RunTime:0.001028s ]
[2026-08-19T18:02:21+08:00][sql] SELECT `b`.*,`u`.`nickname`,`u`.`mobile` FROM `bid_record` `b` LEFT JOIN `user` `u` ON `b`.`user_id`=`u`.`id` WHERE  `b`.`goods_id` = '33' ORDER BY `b`.`price` DESC,`b`.`id` ASC LIMIT 50 [ RunTime:0.000942s ]
[2026-08-19T18:02:21+08:00][sql] SELECT MAX(`price`) AS think_max FROM `bid_record` WHERE  `goods_id` = 33  AND `user_id` = 20  AND `status` = 0 [ RunTime:0.000994s ]
[2026-08-19T18:02:21+08:00][sql] SELECT MAX(`deposit`) AS think_max FROM `bid_record` WHERE  `goods_id` = 33  AND `user_id` = 20  AND `deposit` > '0' [ RunTime:0.001151s ]
[2026-08-19T18:02:21+08:00][sql] SHOW FULL COLUMNS FROM `browse_history` [ RunTime:0.001633s ]
[2026-08-19T18:02:21+08:00][sql] REPLACE INTO `browse_history` SET `user_id` = 20 , `goods_id` = 33 , `create_time` = 1787133741 [ RunTime:0.001758s ]
[2026-08-19T18:02:21+08:00][sql] SHOW FULL COLUMNS FROM `goods_favorite` [ RunTime:0.001321s ]
[2026-08-19T18:02:21+08:00][sql] SELECT COUNT(*) AS think_count FROM `goods_favorite` WHERE  `user_id` = 20  AND `goods_id` = 33 [ RunTime:0.000847s ]
[2026-08-19T18:02:21+08:00][sql] SHOW FULL COLUMNS FROM `seller_follow` [ RunTime:0.001751s ]
[2026-08-19T18:02:21+08:00][sql] SELECT COUNT(*) AS think_count FROM `seller_follow` WHERE  `user_id` = 20  AND `seller_id` = 25 [ RunTime:0.000921s ]
[2026-08-19T18:03:12+08:00][sql] CONNECT:[ UseTime:0.002250s ] mysql:host=127.0.0.1;port=3306;dbname=auction;charset=utf8mb4
[2026-08-19T18:03:12+08:00][sql] SHOW FULL COLUMNS FROM `goods` [ RunTime:0.001623s ]
[2026-08-19T18:03:12+08:00][sql] SELECT `id` FROM `goods` WHERE  `status` = 1  AND `end_time` <= 1787133792 [ RunTime:0.000796s ]
[2026-08-19T18:03:12+08:00][sql] SHOW FULL COLUMNS FROM `user` [ RunTime:0.003292s ]
[2026-08-19T18:03:12+08:00][sql] SELECT * FROM `user` WHERE  `id` = 20 LIMIT 1 [ RunTime:0.000947s ]
[2026-08-19T18:03:12+08:00][sql] SHOW FULL COLUMNS FROM `setting` [ RunTime:0.001255s ]
[2026-08-19T18:03:12+08:00][sql] SELECT * FROM `setting` [ RunTime:0.000680s ]
[2026-08-19T18:03:12+08:00][sql] SHOW FULL COLUMNS FROM `category` [ RunTime:0.001897s ]
[2026-08-19T18:03:12+08:00][sql] SELECT * FROM `category` WHERE  `status` = 1 ORDER BY `sort` ASC [ RunTime:0.000957s ]
[2026-08-19T18:03:12+08:00][sql] SELECT `value` FROM `setting` WHERE  `name` = 'publish_protocol' LIMIT 1 [ RunTime:0.000718s ]
[2026-08-19T18:03:18+08:00][sql] CONNECT:[ UseTime:0.003097s ] mysql:host=127.0.0.1;port=3306;dbname=auction;charset=utf8mb4
[2026-08-19T18:03:18+08:00][sql] SHOW FULL COLUMNS FROM `goods` [ RunTime:0.001685s ]
[2026-08-19T18:03:18+08:00][sql] SELECT `id` FROM `goods` WHERE  `status` = 1  AND `end_time` <= 1787133798 [ RunTime:0.000963s ]
[2026-08-19T18:03:18+08:00][sql] SHOW FULL COLUMNS FROM `user` [ RunTime:0.003188s ]
[2026-08-19T18:03:18+08:00][sql] SELECT * FROM `user` WHERE  `id` = 20 LIMIT 1 [ RunTime:0.000952s ]
[2026-08-19T18:03:18+08:00][sql] SHOW FULL COLUMNS FROM `setting` [ RunTime:0.001285s ]
[2026-08-19T18:03:18+08:00][sql] SELECT * FROM `setting` [ RunTime:0.000769s ]
[2026-08-19T18:03:18+08:00][sql] SHOW FULL COLUMNS FROM `bid_record` [ RunTime:0.002094s ]
[2026-08-19T18:03:18+08:00][sql] SELECT COUNT(*) AS think_count FROM `bid_record` WHERE  `user_id` = 20 [ RunTime:0.000913s ]
[2026-08-19T18:03:18+08:00][sql] SHOW FULL COLUMNS FROM `order` [ RunTime:0.001487s ]
[2026-08-19T18:03:18+08:00][sql] SELECT COUNT(*) AS think_count FROM `order` WHERE  `buyer_id` = 20  AND `pay_status` = 1 [ RunTime:0.000783s ]
[2026-08-19T18:03:18+08:00][sql] SELECT COUNT(*) AS think_count FROM `goods` WHERE  `seller_id` = 20  AND `status` = 2 [ RunTime:0.002458s ]
[2026-08-19T18:03:18+08:00][sql] SELECT COUNT(*) AS think_count FROM `goods` WHERE  `seller_id` = 20 [ RunTime:0.000781s ]
[2026-08-19T18:03:18+08:00][sql] SELECT COUNT(*) AS think_count FROM `order` WHERE  `buyer_id` = 20  AND `pay_status` = 0  AND `order_status` = 0 [ RunTime:0.000754s ]
[2026-08-19T18:03:18+08:00][sql] SELECT COUNT(*) AS think_count FROM `order` WHERE  `seller_id` = 20  AND `order_status` = 1 [ RunTime:0.000823s ]
[2026-08-19T18:03:18+08:00][sql] SELECT COUNT(*) AS think_count FROM `order` WHERE  `buyer_id` = 20  AND `order_status` = 0  AND `pay_status` = 0 [ RunTime:0.000754s ]
[2026-08-19T18:03:18+08:00][sql] SELECT COUNT(*) AS think_count FROM `order` WHERE  `buyer_id` = 20  AND `order_status` = 1 [ RunTime:0.000696s ]
[2026-08-19T18:03:18+08:00][sql] SELECT COUNT(*) AS think_count FROM `order` WHERE  `buyer_id` = 20  AND `order_status` = 2 [ RunTime:0.000785s ]
[2026-08-19T18:03:18+08:00][sql] SELECT COUNT(*) AS think_count FROM `order` WHERE  `buyer_id` = 20  AND `order_status` = 3 [ RunTime:0.000697s ]
[2026-08-19T18:03:18+08:00][sql] SELECT COUNT(*) AS think_count FROM `order` WHERE  `seller_id` = 20  AND `order_status` = 1 [ RunTime:0.000893s ]
[2026-08-19T18:03:18+08:00][sql] SHOW FULL COLUMNS FROM `goods_favorite` [ RunTime:0.002085s ]
[2026-08-19T18:03:18+08:00][sql] SELECT COUNT(*) AS think_count FROM `goods_favorite` WHERE  `user_id` = 20 [ RunTime:0.000871s ]
[2026-08-19T18:03:18+08:00][sql] SHOW FULL COLUMNS FROM `seller_follow` [ RunTime:0.001267s ]
[2026-08-19T18:03:18+08:00][sql] SELECT COUNT(*) AS think_count FROM `seller_follow` WHERE  `user_id` = 20 [ RunTime:0.000763s ]
[2026-08-19T18:03:18+08:00][sql] SHOW FULL COLUMNS FROM `browse_history` [ RunTime:0.001257s ]
[2026-08-19T18:03:18+08:00][sql] SELECT COUNT(*) AS think_count FROM `browse_history` WHERE  `user_id` = 20 [ RunTime:0.000721s ]
[2026-08-19T18:03:18+08:00][sql] SHOW FULL COLUMNS FROM `balance_log` [ RunTime:0.001184s ]
[2026-08-19T18:03:18+08:00][sql] SELECT * FROM `balance_log` WHERE  `user_id` = 20 ORDER BY `id` DESC LIMIT 5 [ RunTime:0.000847s ]
[2026-08-19T18:03:18+08:00][sql] SELECT `b`.*,`g`.`title`,`g`.`cover`,g.status as goods_status,`g`.`end_time` FROM `bid_record` `b` LEFT JOIN `goods` `g` ON `b`.`goods_id`=`g`.`id` WHERE  `b`.`user_id` = '20' ORDER BY `b`.`id` DESC LIMIT 5 [ RunTime:0.000857s ]
[2026-08-19T18:03:18+08:00][sql] SELECT `id`,`nickname`,`mobile`,`reg_time` FROM `user` WHERE  `pid` = 20 ORDER BY `id` DESC LIMIT 10 [ RunTime:0.000761s ]
[2026-08-19T18:03:18+08:00][sql] SELECT `value` FROM `setting` WHERE  `name` = 'service_link' LIMIT 1 [ RunTime:0.000663s ]
[2026-08-19T18:03:33+08:00][sql] CONNECT:[ UseTime:0.003666s ] mysql:host=127.0.0.1;port=3306;dbname=auction;charset=utf8mb4
[2026-08-19T18:03:33+08:00][sql] SHOW FULL COLUMNS FROM `goods` [ RunTime:0.002325s ]
[2026-08-19T18:03:33+08:00][sql] SELECT `id` FROM `goods` WHERE  `status` = 1  AND `end_time` <= 1787133813 [ RunTime:0.001195s ]
[2026-08-19T18:03:33+08:00][sql] SHOW FULL COLUMNS FROM `user` [ RunTime:0.010211s ]
[2026-08-19T18:03:33+08:00][sql] SELECT * FROM `user` WHERE  `id` = 20 LIMIT 1 [ RunTime:0.001686s ]
[2026-08-19T18:03:33+08:00][sql] SHOW FULL COLUMNS FROM `setting` [ RunTime:0.001766s ]
[2026-08-19T18:03:33+08:00][sql] SELECT * FROM `setting` [ RunTime:0.000915s ]
[2026-08-19T18:03:34+08:00][sql] CONNECT:[ UseTime:0.002274s ] mysql:host=127.0.0.1;port=3306;dbname=auction;charset=utf8mb4
[2026-08-19T18:03:34+08:00][sql] SHOW FULL COLUMNS FROM `goods` [ RunTime:0.001743s ]
[2026-08-19T18:03:34+08:00][sql] SELECT `id` FROM `goods` WHERE  `status` = 1  AND `end_time` <= 1787133813 [ RunTime:0.001017s ]
[2026-08-19T18:03:34+08:00][sql] SHOW FULL COLUMNS FROM `setting` [ RunTime:0.001796s ]
[2026-08-19T18:03:34+08:00][sql] SELECT * FROM `setting` [ RunTime:0.000865s ]
[2026-08-19T18:03:34+08:00][sql] SELECT COUNT(*) AS think_count FROM `goods` `g` LEFT JOIN `user` `u` ON `g`.`seller_id`=`u`.`id` WHERE  `g`.`status` = '1'  AND `g`.`start_time` <= '1787133813'  AND `g`.`end_time` > '1787133813' [ RunTime:0.003285s ]
[2026-08-19T18:03:34+08:00][sql] SELECT `g`.*,u.nickname as seller_name FROM `goods` `g` LEFT JOIN `user` `u` ON `g`.`seller_id`=`u`.`id` WHERE  `g`.`status` = '1'  AND `g`.`start_time` <= '1787133813'  AND `g`.`end_time` > '1787133813' ORDER BY `g`.`end_time` ASC,`g`.`id` DESC LIMIT 0,10 [ RunTime:0.002065s ]
[2026-08-19T18:03:34+08:00][sql] SHOW FULL COLUMNS FROM `bid_record` [ RunTime:0.001530s ]
[2026-08-19T18:03:34+08:00][sql] SELECT MAX(`price`) AS think_max FROM `bid_record` WHERE  `goods_id` = 28  AND `status` = 0 [ RunTime:0.000857s ]
[2026-08-19T18:03:34+08:00][sql] SELECT MAX(`price`) AS think_max FROM `bid_record` WHERE  `goods_id` = 33  AND `status` = 0 [ RunTime:0.000857s ]
[2026-08-19T18:03:34+08:00][sql] SELECT MAX(`price`) AS think_max FROM `bid_record` WHERE  `goods_id` = 30  AND `status` = 0 [ RunTime:0.000943s ]
[2026-08-19T18:03:34+08:00][sql] SHOW FULL COLUMNS FROM `category` [ RunTime:0.001972s ]
[2026-08-19T18:03:34+08:00][sql] SELECT * FROM `category` WHERE  `status` = 1 ORDER BY `sort` ASC [ RunTime:0.001102s ]
[2026-08-19T18:03:34+08:00][sql] SELECT `b`.`price`,`b`.`create_time`,`g`.`title`,`u`.`nickname` FROM `bid_record` `b` LEFT JOIN `goods` `g` ON `b`.`goods_id`=`g`.`id` LEFT JOIN `user` `u` ON `b`.`user_id`=`u`.`id` WHERE  `b`.`status` = '1' ORDER BY `b`.`id` DESC LIMIT 5 [ RunTime:0.001058s ]
[2026-08-19T18:03:34+08:00][sql] SHOW FULL COLUMNS FROM `news` [ RunTime:0.002775s ]
[2026-08-19T18:03:34+08:00][sql] SELECT `id`,`title`,`create_time` FROM `news` WHERE  `status` = 1 ORDER BY `id` DESC LIMIT 3 [ RunTime:0.001288s ]
[2026-08-19T18:03:34+08:00][sql] SHOW FULL COLUMNS FROM `banner` [ RunTime:0.001644s ]
[2026-08-19T18:03:34+08:00][sql] SELECT * FROM `banner` WHERE  `status` = 1 ORDER BY `sort` ASC,`id` ASC [ RunTime:0.001127s ]
[2026-08-19T18:03:35+08:00][sql] CONNECT:[ UseTime:0.024859s ] mysql:host=127.0.0.1;port=3306;dbname=auction;charset=utf8mb4
[2026-08-19T18:03:35+08:00][sql] SHOW FULL COLUMNS FROM `goods` [ RunTime:0.001818s ]
[2026-08-19T18:03:35+08:00][sql] SELECT `id` FROM `goods` WHERE  `status` = 1  AND `end_time` <= 1787133815 [ RunTime:0.000915s ]
[2026-08-19T18:03:35+08:00][sql] SHOW FULL COLUMNS FROM `setting` [ RunTime:0.001354s ]
[2026-08-19T18:03:35+08:00][sql] SELECT * FROM `setting` [ RunTime:0.000898s ]
[2026-08-19T18:03:35+08:00][sql] CONNECT:[ UseTime:0.002078s ] mysql:host=127.0.0.1;port=3306;dbname=auction;charset=utf8mb4
[2026-08-19T18:03:35+08:00][sql] SHOW FULL COLUMNS FROM `goods` [ RunTime:0.001443s ]
[2026-08-19T18:03:35+08:00][sql] SELECT `id` FROM `goods` WHERE  `status` = 1  AND `end_time` <= 1787133815 [ RunTime:0.000717s ]
[2026-08-19T18:03:35+08:00][sql] SHOW FULL COLUMNS FROM `setting` [ RunTime:0.001247s ]
[2026-08-19T18:03:35+08:00][sql] SELECT * FROM `setting` [ RunTime:0.001191s ]
[2026-08-19T18:03:39+08:00][sql] CONNECT:[ UseTime:0.002096s ] mysql:host=127.0.0.1;port=3306;dbname=auction;charset=utf8mb4
[2026-08-19T18:03:39+08:00][sql] SHOW FULL COLUMNS FROM `goods` [ RunTime:0.001760s ]
[2026-08-19T18:03:39+08:00][sql] SELECT `id` FROM `goods` WHERE  `status` = 1  AND `end_time` <= 1787133819 [ RunTime:0.000893s ]
[2026-08-19T18:03:39+08:00][sql] SHOW FULL COLUMNS FROM `setting` [ RunTime:0.001405s ]
[2026-08-19T18:03:39+08:00][sql] SELECT * FROM `setting` [ RunTime:0.000681s ]
[2026-08-19T18:03:39+08:00][sql] SHOW FULL COLUMNS FROM `user` [ RunTime:0.003504s ]
[2026-08-19T18:03:39+08:00][sql] SELECT * FROM `user` WHERE  `mobile` = '12222222222' LIMIT 1 [ RunTime:0.001198s ]
[2026-08-19T18:03:43+08:00][sql] CONNECT:[ UseTime:0.008995s ] mysql:host=127.0.0.1;port=3306;dbname=auction;charset=utf8mb4
[2026-08-19T18:03:43+08:00][sql] SHOW FULL COLUMNS FROM `goods` [ RunTime:0.001983s ]
[2026-08-19T18:03:43+08:00][sql] SELECT `id` FROM `goods` WHERE  `status` = 1  AND `end_time` <= 1787133823 [ RunTime:0.000795s ]
[2026-08-19T18:03:43+08:00][sql] SHOW FULL COLUMNS FROM `setting` [ RunTime:0.001172s ]
[2026-08-19T18:03:43+08:00][sql] SELECT * FROM `setting` [ RunTime:0.000690s ]
[2026-08-19T18:03:43+08:00][sql] SHOW FULL COLUMNS FROM `user` [ RunTime:0.003038s ]
[2026-08-19T18:03:43+08:00][sql] SELECT * FROM `user` WHERE  `mobile` = '12222222222' LIMIT 1 [ RunTime:0.000833s ]
[2026-08-19T18:03:43+08:00][sql] UPDATE `user`  SET `last_login_time` = 1787133823 , `update_time` = 1787133823  WHERE  `id` = 27 [ RunTime:0.005559s ]
[2026-08-19T18:03:44+08:00][sql] CONNECT:[ UseTime:0.012802s ] mysql:host=127.0.0.1;port=3306;dbname=auction;charset=utf8mb4
[2026-08-19T18:03:44+08:00][sql] SHOW FULL COLUMNS FROM `goods` [ RunTime:0.001967s ]
[2026-08-19T18:03:44+08:00][sql] SELECT `id` FROM `goods` WHERE  `status` = 1  AND `end_time` <= 1787133824 [ RunTime:0.000930s ]
[2026-08-19T18:03:44+08:00][sql] SHOW FULL COLUMNS FROM `user` [ RunTime:0.001519s ]
[2026-08-19T18:03:44+08:00][sql] SELECT * FROM `user` WHERE  `id` = 27 LIMIT 1 [ RunTime:0.000984s ]
[2026-08-19T18:03:44+08:00][sql] SHOW FULL COLUMNS FROM `setting` [ RunTime:0.001279s ]
[2026-08-19T18:03:44+08:00][sql] SELECT * FROM `setting` [ RunTime:0.000849s ]
[2026-08-19T18:03:44+08:00][sql] SHOW FULL COLUMNS FROM `bid_record` [ RunTime:0.001468s ]
[2026-08-19T18:03:44+08:00][sql] SELECT COUNT(*) AS think_count FROM `bid_record` WHERE  `user_id` = 27 [ RunTime:0.001221s ]
[2026-08-19T18:03:44+08:00][sql] SHOW FULL COLUMNS FROM `order` [ RunTime:0.002717s ]
[2026-08-19T18:03:44+08:00][sql] SELECT COUNT(*) AS think_count FROM `order` WHERE  `buyer_id` = 27  AND `pay_status` = 1 [ RunTime:0.001022s ]
[2026-08-19T18:03:44+08:00][sql] SELECT COUNT(*) AS think_count FROM `goods` WHERE  `seller_id` = 27  AND `status` = 2 [ RunTime:0.000857s ]
[2026-08-19T18:03:44+08:00][sql] SELECT COUNT(*) AS think_count FROM `goods` WHERE  `seller_id` = 27 [ RunTime:0.000748s ]
[2026-08-19T18:03:44+08:00][sql] SELECT COUNT(*) AS think_count FROM `order` WHERE  `buyer_id` = 27  AND `pay_status` = 0  AND `order_status` = 0 [ RunTime:0.000545s ]
[2026-08-19T18:03:44+08:00][sql] SELECT COUNT(*) AS think_count FROM `order` WHERE  `seller_id` = 27  AND `order_status` = 1 [ RunTime:0.000691s ]
[2026-08-19T18:03:44+08:00][sql] SELECT COUNT(*) AS think_count FROM `order` WHERE  `buyer_id` = 27  AND `order_status` = 0  AND `pay_status` = 0 [ RunTime:0.000669s ]
[2026-08-19T18:03:44+08:00][sql] SELECT COUNT(*) AS think_count FROM `order` WHERE  `buyer_id` = 27  AND `order_status` = 1 [ RunTime:0.000839s ]
[2026-08-19T18:03:44+08:00][sql] SELECT COUNT(*) AS think_count FROM `order` WHERE  `buyer_id` = 27  AND `order_status` = 2 [ RunTime:0.000779s ]
[2026-08-19T18:03:44+08:00][sql] SELECT COUNT(*) AS think_count FROM `order` WHERE  `buyer_id` = 27  AND `order_status` = 3 [ RunTime:0.000753s ]
[2026-08-19T18:03:44+08:00][sql] SELECT COUNT(*) AS think_count FROM `order` WHERE  `seller_id` = 27  AND `order_status` = 1 [ RunTime:0.000715s ]
[2026-08-19T18:03:44+08:00][sql] SHOW FULL COLUMNS FROM `goods_favorite` [ RunTime:0.001390s ]
[2026-08-19T18:03:44+08:00][sql] SELECT COUNT(*) AS think_count FROM `goods_favorite` WHERE  `user_id` = 27 [ RunTime:0.000921s ]
[2026-08-19T18:03:44+08:00][sql] SHOW FULL COLUMNS FROM `seller_follow` [ RunTime:0.002157s ]
[2026-08-19T18:03:44+08:00][sql] SELECT COUNT(*) AS think_count FROM `seller_follow` WHERE  `user_id` = 27 [ RunTime:0.001624s ]
[2026-08-19T18:03:44+08:00][sql] SHOW FULL COLUMNS FROM `browse_history` [ RunTime:0.001380s ]
[2026-08-19T18:03:44+08:00][sql] SELECT COUNT(*) AS think_count FROM `browse_history` WHERE  `user_id` = 27 [ RunTime:0.000997s ]
[2026-08-19T18:03:44+08:00][sql] SHOW FULL COLUMNS FROM `balance_log` [ RunTime:0.001727s ]
[2026-08-19T18:03:44+08:00][sql] SELECT * FROM `balance_log` WHERE  `user_id` = 27 ORDER BY `id` DESC LIMIT 5 [ RunTime:0.001259s ]
[2026-08-19T18:03:44+08:00][sql] SELECT `b`.*,`g`.`title`,`g`.`cover`,g.status as goods_status,`g`.`end_time` FROM `bid_record` `b` LEFT JOIN `goods` `g` ON `b`.`goods_id`=`g`.`id` WHERE  `b`.`user_id` = '27' ORDER BY `b`.`id` DESC LIMIT 5 [ RunTime:0.001246s ]
[2026-08-19T18:03:44+08:00][sql] SELECT `id`,`nickname`,`mobile`,`reg_time` FROM `user` WHERE  `pid` = 27 ORDER BY `id` DESC LIMIT 10 [ RunTime:0.000836s ]
[2026-08-19T18:03:44+08:00][sql] SELECT `value` FROM `setting` WHERE  `name` = 'service_link' LIMIT 1 [ RunTime:0.000715s ]
[2026-08-19T18:03:47+08:00][sql] CONNECT:[ UseTime:0.001943s ] mysql:host=127.0.0.1;port=3306;dbname=auction;charset=utf8mb4
[2026-08-19T18:03:47+08:00][sql] SHOW FULL COLUMNS FROM `goods` [ RunTime:0.001581s ]
[2026-08-19T18:03:47+08:00][sql] SELECT `id` FROM `goods` WHERE  `status` = 1  AND `end_time` <= 1787133827 [ RunTime:0.000825s ]
[2026-08-19T18:03:47+08:00][sql] SHOW FULL COLUMNS FROM `user` [ RunTime:0.003201s ]
[2026-08-19T18:03:47+08:00][sql] SELECT * FROM `user` WHERE  `id` = 27 LIMIT 1 [ RunTime:0.000911s ]
[2026-08-19T18:03:47+08:00][sql] SHOW FULL COLUMNS FROM `setting` [ RunTime:0.001520s ]
[2026-08-19T18:03:47+08:00][sql] SELECT * FROM `setting` [ RunTime:0.000981s ]
[2026-08-19T18:05:04+08:00][sql] CONNECT:[ UseTime:0.022518s ] mysql:host=127.0.0.1;port=3306;dbname=auction;charset=utf8mb4
[2026-08-19T18:05:04+08:00][sql] SHOW FULL COLUMNS FROM `goods` [ RunTime:0.002364s ]
[2026-08-19T18:05:04+08:00][sql] SELECT `id` FROM `goods` WHERE  `status` = 1  AND `end_time` <= 1787133903 [ RunTime:0.001179s ]
[2026-08-19T18:05:04+08:00][sql] SHOW FULL COLUMNS FROM `user` [ RunTime:0.001985s ]
[2026-08-19T18:05:04+08:00][sql] SELECT * FROM `user` WHERE  `id` = 27 LIMIT 1 [ RunTime:0.001051s ]
[2026-08-19T18:05:04+08:00][sql] SHOW FULL COLUMNS FROM `setting` [ RunTime:0.001537s ]
[2026-08-19T18:05:04+08:00][sql] SELECT * FROM `setting` [ RunTime:0.000904s ]
[2026-08-19T18:05:04+08:00][sql] CONNECT:[ UseTime:0.018058s ] mysql:host=127.0.0.1;port=3306;dbname=auction;charset=utf8mb4
[2026-08-19T18:05:04+08:00][sql] SHOW FULL COLUMNS FROM `goods` [ RunTime:0.002312s ]
[2026-08-19T18:05:04+08:00][sql] SELECT `id` FROM `goods` WHERE  `status` = 1  AND `end_time` <= 1787133904 [ RunTime:0.001061s ]
[2026-08-19T18:05:04+08:00][sql] SHOW FULL COLUMNS FROM `setting` [ RunTime:0.001664s ]
[2026-08-19T18:05:04+08:00][sql] SELECT * FROM `setting` [ RunTime:0.000994s ]
[2026-08-19T18:05:04+08:00][sql] SELECT COUNT(*) AS think_count FROM `goods` `g` LEFT JOIN `user` `u` ON `g`.`seller_id`=`u`.`id` WHERE  `g`.`status` = '1'  AND `g`.`start_time` <= '1787133904'  AND `g`.`end_time` > '1787133904' [ RunTime:0.001097s ]
[2026-08-19T18:05:04+08:00][sql] SELECT `g`.*,u.nickname as seller_name FROM `goods` `g` LEFT JOIN `user` `u` ON `g`.`seller_id`=`u`.`id` WHERE  `g`.`status` = '1'  AND `g`.`start_time` <= '1787133904'  AND `g`.`end_time` > '1787133904' ORDER BY `g`.`end_time` ASC,`g`.`id` DESC LIMIT 0,10 [ RunTime:0.001514s ]
[2026-08-19T18:05:04+08:00][sql] SHOW FULL COLUMNS FROM `bid_record` [ RunTime:0.001558s ]
[2026-08-19T18:05:04+08:00][sql] SELECT MAX(`price`) AS think_max FROM `bid_record` WHERE  `goods_id` = 28  AND `status` = 0 [ RunTime:0.001110s ]
[2026-08-19T18:05:04+08:00][sql] SELECT MAX(`price`) AS think_max FROM `bid_record` WHERE  `goods_id` = 33  AND `status` = 0 [ RunTime:0.001004s ]
[2026-08-19T18:05:04+08:00][sql] SELECT MAX(`price`) AS think_max FROM `bid_record` WHERE  `goods_id` = 30  AND `status` = 0 [ RunTime:0.000939s ]
[2026-08-19T18:05:04+08:00][sql] SHOW FULL COLUMNS FROM `category` [ RunTime:0.001816s ]
[2026-08-19T18:05:04+08:00][sql] SELECT * FROM `category` WHERE  `status` = 1 ORDER BY `sort` ASC [ RunTime:0.000956s ]
[2026-08-19T18:05:04+08:00][sql] SELECT `b`.`price`,`b`.`create_time`,`g`.`title`,`u`.`nickname` FROM `bid_record` `b` LEFT JOIN `goods` `g` ON `b`.`goods_id`=`g`.`id` LEFT JOIN `user` `u` ON `b`.`user_id`=`u`.`id` WHERE  `b`.`status` = '1' ORDER BY `b`.`id` DESC LIMIT 5 [ RunTime:0.001111s ]
[2026-08-19T18:05:04+08:00][sql] SHOW FULL COLUMNS FROM `news` [ RunTime:0.001628s ]
[2026-08-19T18:05:04+08:00][sql] SELECT `id`,`title`,`create_time` FROM `news` WHERE  `status` = 1 ORDER BY `id` DESC LIMIT 3 [ RunTime:0.000981s ]
[2026-08-19T18:05:04+08:00][sql] SHOW FULL COLUMNS FROM `banner` [ RunTime:0.003601s ]
[2026-08-19T18:05:04+08:00][sql] SELECT * FROM `banner` WHERE  `status` = 1 ORDER BY `sort` ASC,`id` ASC [ RunTime:0.000882s ]
[2026-08-19T18:05:06+08:00][sql] CONNECT:[ UseTime:0.020481s ] mysql:host=127.0.0.1;port=3306;dbname=auction;charset=utf8mb4
[2026-08-19T18:05:06+08:00][sql] SHOW FULL COLUMNS FROM `goods` [ RunTime:0.001870s ]
[2026-08-19T18:05:06+08:00][sql] SELECT `id` FROM `goods` WHERE  `status` = 1  AND `end_time` <= 1787133906 [ RunTime:0.000997s ]
[2026-08-19T18:05:06+08:00][sql] SHOW FULL COLUMNS FROM `setting` [ RunTime:0.001565s ]
[2026-08-19T18:05:06+08:00][sql] SELECT * FROM `setting` [ RunTime:0.000949s ]
[2026-08-19T18:05:06+08:00][sql] CONNECT:[ UseTime:0.002424s ] mysql:host=127.0.0.1;port=3306;dbname=auction;charset=utf8mb4
[2026-08-19T18:05:06+08:00][sql] SHOW FULL COLUMNS FROM `goods` [ RunTime:0.001246s ]
[2026-08-19T18:05:06+08:00][sql] SELECT `id` FROM `goods` WHERE  `status` = 1  AND `end_time` <= 1787133906 [ RunTime:0.001077s ]
[2026-08-19T18:05:06+08:00][sql] SHOW FULL COLUMNS FROM `setting` [ RunTime:0.001571s ]
[2026-08-19T18:05:06+08:00][sql] SELECT * FROM `setting` [ RunTime:0.000891s ]
[2026-08-19T18:05:25+08:00][sql] CONNECT:[ UseTime:0.018397s ] mysql:host=127.0.0.1;port=3306;dbname=auction;charset=utf8mb4
[2026-08-19T18:05:25+08:00][sql] SHOW FULL COLUMNS FROM `goods` [ RunTime:0.002376s ]
[2026-08-19T18:05:25+08:00][sql] SELECT `id` FROM `goods` WHERE  `status` = 1  AND `end_time` <= 1787133925 [ RunTime:0.000984s ]
[2026-08-19T18:05:25+08:00][sql] SHOW FULL COLUMNS FROM `setting` [ RunTime:0.001576s ]
[2026-08-19T18:05:25+08:00][sql] SELECT * FROM `setting` [ RunTime:0.000892s ]
[2026-08-19T18:05:54+08:00][sql] CONNECT:[ UseTime:0.007588s ] mysql:host=127.0.0.1;port=3306;dbname=auction;charset=utf8mb4
[2026-08-19T18:05:54+08:00][sql] SHOW FULL COLUMNS FROM `goods` [ RunTime:0.002168s ]
[2026-08-19T18:05:54+08:00][sql] SELECT `id` FROM `goods` WHERE  `status` = 1  AND `end_time` <= 1787133954 [ RunTime:0.001133s ]
[2026-08-19T18:05:54+08:00][sql] SHOW FULL COLUMNS FROM `setting` [ RunTime:0.001645s ]
[2026-08-19T18:05:54+08:00][sql] SELECT * FROM `setting` [ RunTime:0.000956s ]
[2026-08-19T18:05:56+08:00][sql] CONNECT:[ UseTime:0.001942s ] mysql:host=127.0.0.1;port=3306;dbname=auction;charset=utf8mb4
[2026-08-19T18:05:56+08:00][sql] SHOW FULL COLUMNS FROM `goods` [ RunTime:0.002853s ]
[2026-08-19T18:05:56+08:00][sql] SELECT `id` FROM `goods` WHERE  `status` = 1  AND `end_time` <= 1787133956 [ RunTime:0.000840s ]
[2026-08-19T18:05:56+08:00][sql] SHOW FULL COLUMNS FROM `setting` [ RunTime:0.001362s ]
[2026-08-19T18:05:56+08:00][sql] SELECT * FROM `setting` [ RunTime:0.000727s ]
[2026-08-19T18:05:56+08:00][error] [2]Undefined variable $tab_active[D:\work\08\17_3\runtime\index\temp\a057e793caa12ed979e76cbc7fa1d731.php:64]
[2026-08-19T18:06:11+08:00][sql] CONNECT:[ UseTime:0.005083s ] mysql:host=127.0.0.1;port=3306;dbname=auction;charset=utf8mb4
[2026-08-19T18:06:11+08:00][sql] SHOW FULL COLUMNS FROM `goods` [ RunTime:0.001469s ]
[2026-08-19T18:06:11+08:00][sql] SELECT `id` FROM `goods` WHERE  `status` = 1  AND `end_time` <= 1787133971 [ RunTime:0.000704s ]
[2026-08-19T18:06:11+08:00][sql] SHOW FULL COLUMNS FROM `setting` [ RunTime:0.001028s ]
[2026-08-19T18:06:11+08:00][sql] SELECT * FROM `setting` [ RunTime:0.000595s ]
[2026-08-19T18:06:13+08:00][sql] CONNECT:[ UseTime:0.007547s ] mysql:host=127.0.0.1;port=3306;dbname=auction;charset=utf8mb4
[2026-08-19T18:06:13+08:00][sql] SHOW FULL COLUMNS FROM `goods` [ RunTime:0.002300s ]
[2026-08-19T18:06:13+08:00][sql] SELECT `id` FROM `goods` WHERE  `status` = 1  AND `end_time` <= 1787133972 [ RunTime:0.001086s ]
[2026-08-19T18:06:13+08:00][sql] SHOW FULL COLUMNS FROM `setting` [ RunTime:0.001468s ]
[2026-08-19T18:06:13+08:00][sql] SELECT * FROM `setting` [ RunTime:0.000980s ]
[2026-08-19T18:06:31+08:00][sql] CONNECT:[ UseTime:0.015127s ] mysql:host=127.0.0.1;port=3306;dbname=auction;charset=utf8mb4
[2026-08-19T18:06:31+08:00][sql] SHOW FULL COLUMNS FROM `goods` [ RunTime:0.001219s ]
[2026-08-19T18:06:31+08:00][sql] SELECT `id` FROM `goods` WHERE  `status` = 1  AND `end_time` <= 1787133990 [ RunTime:0.000800s ]
[2026-08-19T18:06:31+08:00][sql] SHOW FULL COLUMNS FROM `setting` [ RunTime:0.001224s ]
[2026-08-19T18:06:31+08:00][sql] SELECT * FROM `setting` [ RunTime:0.000632s ]
[2026-08-19T18:06:34+08:00][sql] CONNECT:[ UseTime:0.016847s ] mysql:host=127.0.0.1;port=3306;dbname=auction;charset=utf8mb4
[2026-08-19T18:06:34+08:00][sql] SHOW FULL COLUMNS FROM `goods` [ RunTime:0.002587s ]
[2026-08-19T18:06:34+08:00][sql] SELECT `id` FROM `goods` WHERE  `status` = 1  AND `end_time` <= 1787133994 [ RunTime:0.001316s ]
[2026-08-19T18:06:34+08:00][sql] SHOW FULL COLUMNS FROM `setting` [ RunTime:0.001956s ]
[2026-08-19T18:06:34+08:00][sql] SELECT * FROM `setting` [ RunTime:0.000960s ]
[2026-08-19T18:12:01+08:00][sql] CONNECT:[ UseTime:0.002510s ] mysql:host=127.0.0.1;port=3306;dbname=auction;charset=utf8mb4
[2026-08-19T18:12:01+08:00][sql] SHOW FULL COLUMNS FROM `goods` [ RunTime:0.001685s ]
[2026-08-19T18:12:01+08:00][sql] SELECT `id` FROM `goods` WHERE  `status` = 1  AND `end_time` <= 1787134321 [ RunTime:0.000903s ]
[2026-08-19T18:12:01+08:00][sql] SHOW FULL COLUMNS FROM `setting` [ RunTime:0.001347s ]
[2026-08-19T18:12:01+08:00][sql] SELECT * FROM `setting` [ RunTime:0.000774s ]
[2026-08-19T18:12:01+08:00][sql] SHOW FULL COLUMNS FROM `user` [ RunTime:0.001537s ]
[2026-08-19T18:12:01+08:00][sql] SELECT * FROM `user` WHERE  `mobile` = '18888888888' LIMIT 1 [ RunTime:0.001069s ]
[2026-08-19T18:12:01+08:00][sql] UPDATE `user`  SET `last_login_time` = 1787134321 , `update_time` = 1787134321  WHERE  `id` = 20 [ RunTime:0.005295s ]
[2026-08-19T18:12:02+08:00][sql] CONNECT:[ UseTime:0.011657s ] mysql:host=127.0.0.1;port=3306;dbname=auction;charset=utf8mb4
[2026-08-19T18:12:02+08:00][sql] SHOW FULL COLUMNS FROM `goods` [ RunTime:0.001306s ]
[2026-08-19T18:12:02+08:00][sql] SELECT `id` FROM `goods` WHERE  `status` = 1  AND `end_time` <= 1787134322 [ RunTime:0.000906s ]
[2026-08-19T18:12:02+08:00][sql] SHOW FULL COLUMNS FROM `user` [ RunTime:0.001828s ]
[2026-08-19T18:12:02+08:00][sql] SELECT * FROM `user` WHERE  `id` = 20 LIMIT 1 [ RunTime:0.001051s ]
[2026-08-19T18:12:02+08:00][sql] SHOW FULL COLUMNS FROM `setting` [ RunTime:0.001661s ]
[2026-08-19T18:12:02+08:00][sql] SELECT * FROM `setting` [ RunTime:0.000987s ]
[2026-08-19T18:12:02+08:00][sql] SHOW FULL COLUMNS FROM `bid_record` [ RunTime:0.001152s ]
[2026-08-19T18:12:02+08:00][sql] SELECT COUNT(*) AS think_count FROM `bid_record` WHERE  `user_id` = 20 [ RunTime:0.000754s ]
[2026-08-19T18:12:02+08:00][sql] SHOW FULL COLUMNS FROM `order` [ RunTime:0.001717s ]
[2026-08-19T18:12:02+08:00][sql] SELECT COUNT(*) AS think_count FROM `order` WHERE  `buyer_id` = 20  AND `pay_status` = 1 [ RunTime:0.001083s ]
[2026-08-19T18:12:02+08:00][sql] SELECT COUNT(*) AS think_count FROM `goods` WHERE  `seller_id` = 20  AND `status` = 2 [ RunTime:0.002500s ]
[2026-08-19T18:12:02+08:00][sql] SELECT COUNT(*) AS think_count FROM `goods` WHERE  `seller_id` = 20 [ RunTime:0.000746s ]
[2026-08-19T18:12:02+08:00][sql] SELECT COUNT(*) AS think_count FROM `order` WHERE  `buyer_id` = 20  AND `pay_status` = 0  AND `order_status` = 0 [ RunTime:0.000832s ]
[2026-08-19T18:12:02+08:00][sql] SELECT COUNT(*) AS think_count FROM `order` WHERE  `seller_id` = 20  AND `order_status` = 1 [ RunTime:0.000759s ]
[2026-08-19T18:12:02+08:00][sql] SELECT COUNT(*) AS think_count FROM `order` WHERE  `buyer_id` = 20  AND `order_status` = 0  AND `pay_status` = 0 [ RunTime:0.000720s ]
[2026-08-19T18:12:02+08:00][sql] SELECT COUNT(*) AS think_count FROM `order` WHERE  `buyer_id` = 20  AND `order_status` = 1 [ RunTime:0.000686s ]
[2026-08-19T18:12:02+08:00][sql] SELECT COUNT(*) AS think_count FROM `order` WHERE  `buyer_id` = 20  AND `order_status` = 2 [ RunTime:0.000713s ]
[2026-08-19T18:12:02+08:00][sql] SELECT COUNT(*) AS think_count FROM `order` WHERE  `buyer_id` = 20  AND `order_status` = 3 [ RunTime:0.000716s ]
[2026-08-19T18:12:02+08:00][sql] SELECT COUNT(*) AS think_count FROM `order` WHERE  `seller_id` = 20  AND `order_status` = 1 [ RunTime:0.000709s ]
[2026-08-19T18:12:02+08:00][sql] SHOW FULL COLUMNS FROM `goods_favorite` [ RunTime:0.001033s ]
[2026-08-19T18:12:02+08:00][sql] SELECT COUNT(*) AS think_count FROM `goods_favorite` WHERE  `user_id` = 20 [ RunTime:0.000619s ]
[2026-08-19T18:12:02+08:00][sql] SHOW FULL COLUMNS FROM `seller_follow` [ RunTime:0.001183s ]
[2026-08-19T18:12:02+08:00][sql] SELECT COUNT(*) AS think_count FROM `seller_follow` WHERE  `user_id` = 20 [ RunTime:0.000684s ]
[2026-08-19T18:12:02+08:00][sql] SHOW FULL COLUMNS FROM `browse_history` [ RunTime:0.001102s ]
[2026-08-19T18:12:02+08:00][sql] SELECT COUNT(*) AS think_count FROM `browse_history` WHERE  `user_id` = 20 [ RunTime:0.000705s ]
[2026-08-19T18:12:02+08:00][sql] SHOW FULL COLUMNS FROM `balance_log` [ RunTime:0.001104s ]
[2026-08-19T18:12:02+08:00][sql] SELECT * FROM `balance_log` WHERE  `user_id` = 20 ORDER BY `id` DESC LIMIT 5 [ RunTime:0.000600s ]
[2026-08-19T18:12:02+08:00][sql] SELECT `b`.*,`g`.`title`,`g`.`cover`,g.status as goods_status,`g`.`end_time` FROM `bid_record` `b` LEFT JOIN `goods` `g` ON `b`.`goods_id`=`g`.`id` WHERE  `b`.`user_id` = '20' ORDER BY `b`.`id` DESC LIMIT 5 [ RunTime:0.000762s ]
[2026-08-19T18:12:02+08:00][sql] SELECT `id`,`nickname`,`mobile`,`reg_time` FROM `user` WHERE  `pid` = 20 ORDER BY `id` DESC LIMIT 10 [ RunTime:0.000740s ]
[2026-08-19T18:12:02+08:00][sql] SELECT `value` FROM `setting` WHERE  `name` = 'service_link' LIMIT 1 [ RunTime:0.000579s ]
[2026-08-19T18:12:04+08:00][sql] CONNECT:[ UseTime:0.012738s ] mysql:host=127.0.0.1;port=3306;dbname=auction;charset=utf8mb4
[2026-08-19T18:12:04+08:00][sql] SHOW FULL COLUMNS FROM `goods` [ RunTime:0.001563s ]
[2026-08-19T18:12:04+08:00][sql] SELECT `id` FROM `goods` WHERE  `status` = 1  AND `end_time` <= 1787134324 [ RunTime:0.000828s ]
[2026-08-19T18:12:04+08:00][sql] SHOW FULL COLUMNS FROM `user` [ RunTime:0.001444s ]
[2026-08-19T18:12:04+08:00][sql] SELECT * FROM `user` WHERE  `id` = 20 LIMIT 1 [ RunTime:0.000801s ]
[2026-08-19T18:12:04+08:00][sql] SHOW FULL COLUMNS FROM `setting` [ RunTime:0.001151s ]
[2026-08-19T18:12:04+08:00][sql] SELECT * FROM `setting` [ RunTime:0.000606s ]
[2026-08-19T18:12:04+08:00][sql] SELECT COUNT(*) AS think_count FROM `goods` `g` LEFT JOIN `user` `u` ON `g`.`seller_id`=`u`.`id` WHERE  `g`.`status` = '1'  AND `g`.`start_time` <= '1787134324'  AND `g`.`end_time` > '1787134324' [ RunTime:0.000914s ]
[2026-08-19T18:12:04+08:00][sql] SELECT `g`.*,u.nickname as seller_name FROM `goods` `g` LEFT JOIN `user` `u` ON `g`.`seller_id`=`u`.`id` WHERE  `g`.`status` = '1'  AND `g`.`start_time` <= '1787134324'  AND `g`.`end_time` > '1787134324' ORDER BY `g`.`end_time` ASC,`g`.`id` DESC LIMIT 0,10 [ RunTime:0.001006s ]
[2026-08-19T18:12:04+08:00][sql] SHOW FULL COLUMNS FROM `bid_record` [ RunTime:0.001147s ]
[2026-08-19T18:12:04+08:00][sql] SELECT MAX(`price`) AS think_max FROM `bid_record` WHERE  `goods_id` = 28  AND `status` = 0 [ RunTime:0.001021s ]
[2026-08-19T18:12:04+08:00][sql] SELECT MAX(`price`) AS think_max FROM `bid_record` WHERE  `goods_id` = 33  AND `status` = 0 [ RunTime:0.000929s ]
[2026-08-19T18:12:04+08:00][sql] SELECT MAX(`price`) AS think_max FROM `bid_record` WHERE  `goods_id` = 30  AND `status` = 0 [ RunTime:0.000643s ]
[2026-08-19T18:12:04+08:00][sql] SHOW FULL COLUMNS FROM `category` [ RunTime:0.001399s ]
[2026-08-19T18:12:04+08:00][sql] SELECT * FROM `category` WHERE  `status` = 1 ORDER BY `sort` ASC [ RunTime:0.000655s ]
[2026-08-19T18:12:04+08:00][sql] SELECT `b`.`price`,`b`.`create_time`,`g`.`title`,`u`.`nickname` FROM `bid_record` `b` LEFT JOIN `goods` `g` ON `b`.`goods_id`=`g`.`id` LEFT JOIN `user` `u` ON `b`.`user_id`=`u`.`id` WHERE  `b`.`status` = '1' ORDER BY `b`.`id` DESC LIMIT 5 [ RunTime:0.000756s ]
[2026-08-19T18:12:04+08:00][sql] SHOW FULL COLUMNS FROM `news` [ RunTime:0.001150s ]
[2026-08-19T18:12:04+08:00][sql] SELECT `id`,`title`,`create_time` FROM `news` WHERE  `status` = 1 ORDER BY `id` DESC LIMIT 3 [ RunTime:0.000673s ]
[2026-08-19T18:12:04+08:00][sql] SHOW FULL COLUMNS FROM `banner` [ RunTime:0.001076s ]
[2026-08-19T18:12:04+08:00][sql] SELECT * FROM `banner` WHERE  `status` = 1 ORDER BY `sort` ASC,`id` ASC [ RunTime:0.000634s ]
[2026-08-19T18:13:03+08:00][sql] CONNECT:[ UseTime:0.015566s ] mysql:host=127.0.0.1;port=3306;dbname=auction;charset=utf8mb4
[2026-08-19T18:13:03+08:00][sql] SHOW FULL COLUMNS FROM `goods` [ RunTime:0.001210s ]
[2026-08-19T18:13:03+08:00][sql] SELECT `id` FROM `goods` WHERE  `status` = 1  AND `end_time` <= 1787134383 [ RunTime:0.000689s ]
[2026-08-19T18:13:03+08:00][sql] SHOW FULL COLUMNS FROM `user` [ RunTime:0.001365s ]
[2026-08-19T18:13:03+08:00][sql] SELECT * FROM `user` WHERE  `id` = 20 LIMIT 1 [ RunTime:0.000875s ]
[2026-08-19T18:13:03+08:00][sql] SHOW FULL COLUMNS FROM `setting` [ RunTime:0.001213s ]
[2026-08-19T18:13:03+08:00][sql] SELECT * FROM `setting` [ RunTime:0.000649s ]
[2026-08-19T18:13:03+08:00][sql] SELECT COUNT(*) AS think_count FROM `goods` `g` LEFT JOIN `user` `u` ON `g`.`seller_id`=`u`.`id` WHERE  `g`.`status` = '1'  AND `g`.`start_time` <= '1787134383'  AND `g`.`end_time` > '1787134383' [ RunTime:0.000920s ]
[2026-08-19T18:13:03+08:00][sql] SELECT `g`.*,u.nickname as seller_name FROM `goods` `g` LEFT JOIN `user` `u` ON `g`.`seller_id`=`u`.`id` WHERE  `g`.`status` = '1'  AND `g`.`start_time` <= '1787134383'  AND `g`.`end_time` > '1787134383' ORDER BY `g`.`end_time` ASC,`g`.`id` DESC LIMIT 0,10 [ RunTime:0.000987s ]
[2026-08-19T18:13:03+08:00][sql] SHOW FULL COLUMNS FROM `bid_record` [ RunTime:0.001240s ]
[2026-08-19T18:13:03+08:00][sql] SELECT MAX(`price`) AS think_max FROM `bid_record` WHERE  `goods_id` = 28  AND `status` = 0 [ RunTime:0.001226s ]
[2026-08-19T18:13:03+08:00][sql] SELECT MAX(`price`) AS think_max FROM `bid_record` WHERE  `goods_id` = 33  AND `status` = 0 [ RunTime:0.000823s ]
[2026-08-19T18:13:03+08:00][sql] SELECT MAX(`price`) AS think_max FROM `bid_record` WHERE  `goods_id` = 30  AND `status` = 0 [ RunTime:0.000775s ]
[2026-08-19T18:13:03+08:00][sql] SHOW FULL COLUMNS FROM `category` [ RunTime:0.002152s ]
[2026-08-19T18:13:03+08:00][sql] SELECT * FROM `category` WHERE  `status` = 1 ORDER BY `sort` ASC [ RunTime:0.000905s ]
[2026-08-19T18:13:03+08:00][sql] SELECT `b`.`price`,`b`.`create_time`,`g`.`title`,`u`.`nickname` FROM `bid_record` `b` LEFT JOIN `goods` `g` ON `b`.`goods_id`=`g`.`id` LEFT JOIN `user` `u` ON `b`.`user_id`=`u`.`id` WHERE  `b`.`status` = '1' ORDER BY `b`.`id` DESC LIMIT 5 [ RunTime:0.001091s ]
[2026-08-19T18:13:03+08:00][sql] SHOW FULL COLUMNS FROM `news` [ RunTime:0.001392s ]
[2026-08-19T18:13:03+08:00][sql] SELECT `id`,`title`,`create_time` FROM `news` WHERE  `status` = 1 ORDER BY `id` DESC LIMIT 3 [ RunTime:0.000942s ]
[2026-08-19T18:13:03+08:00][sql] SHOW FULL COLUMNS FROM `banner` [ RunTime:0.001195s ]
[2026-08-19T18:13:03+08:00][sql] SELECT * FROM `banner` WHERE  `status` = 1 ORDER BY `sort` ASC,`id` ASC [ RunTime:0.000813s ]
[2026-08-19T18:13:05+08:00][sql] CONNECT:[ UseTime:0.002886s ] mysql:host=127.0.0.1;port=3306;dbname=auction;charset=utf8mb4
[2026-08-19T18:13:05+08:00][sql] SHOW FULL COLUMNS FROM `goods` [ RunTime:0.001667s ]
[2026-08-19T18:13:05+08:00][sql] SELECT `id` FROM `goods` WHERE  `status` = 1  AND `end_time` <= 1787134385 [ RunTime:0.000936s ]
[2026-08-19T18:13:05+08:00][sql] SHOW FULL COLUMNS FROM `user` [ RunTime:0.001887s ]
[2026-08-19T18:13:05+08:00][sql] SELECT * FROM `user` WHERE  `id` = 20 LIMIT 1 [ RunTime:0.000879s ]
[2026-08-19T18:13:05+08:00][sql] SHOW FULL COLUMNS FROM `setting` [ RunTime:0.001307s ]
[2026-08-19T18:13:05+08:00][sql] SELECT * FROM `setting` [ RunTime:0.000635s ]
[2026-08-19T18:13:05+08:00][sql] SHOW FULL COLUMNS FROM `order` [ RunTime:0.001808s ]
[2026-08-19T18:13:05+08:00][sql] SELECT COUNT(*) AS think_count FROM `order` `o` LEFT JOIN `goods` `g` ON `o`.`goods_id`=`g`.`id` LEFT JOIN `user` `s` ON `o`.`seller_id`=`s`.`id` LEFT JOIN `user` `b` ON `o`.`buyer_id`=`b`.`id` WHERE  `o`.`pay_status` = '1'  AND `o`.`order_status` <> '4' [ RunTime:0.003006s ]
[2026-08-19T18:13:05+08:00][sql] SELECT `o`.`id`,`o`.`order_no`,`o`.`goods_id`,`o`.`goods_title`,`o`.`goods_cover`,`o`.`price`,`o`.`pay_time`,`o`.`create_time`,s.shop_name as seller_shop,s.nickname as seller_nick,b.nickname as buyer_nick FROM `order` `o` LEFT JOIN `goods` `g` ON `o`.`goods_id`=`g`.`id` LEFT JOIN `user` `s` ON `o`.`seller_id`=`s`.`id` LEFT JOIN `user` `b` ON `o`.`buyer_id`=`b`.`id` WHERE  `o`.`pay_status` = '1'  AND `o`.`order_status` <> '4' ORDER BY `o`.`id` DESC LIMIT 0,15 [ RunTime:0.001083s ]
[2026-08-19T18:13:09+08:00][sql] CONNECT:[ UseTime:0.004479s ] mysql:host=127.0.0.1;port=3306;dbname=auction;charset=utf8mb4
[2026-08-19T18:13:09+08:00][sql] SHOW FULL COLUMNS FROM `goods` [ RunTime:0.001891s ]
[2026-08-19T18:13:09+08:00][sql] SELECT `id` FROM `goods` WHERE  `status` = 1  AND `end_time` <= 1787134389 [ RunTime:0.000907s ]
[2026-08-19T18:13:09+08:00][sql] SHOW FULL COLUMNS FROM `user` [ RunTime:0.001636s ]
[2026-08-19T18:13:09+08:00][sql] SELECT * FROM `user` WHERE  `id` = 20 LIMIT 1 [ RunTime:0.000745s ]
[2026-08-19T18:13:09+08:00][sql] SHOW FULL COLUMNS FROM `setting` [ RunTime:0.001559s ]
[2026-08-19T18:13:09+08:00][sql] SELECT * FROM `setting` [ RunTime:0.000770s ]
[2026-08-19T18:13:09+08:00][sql] SHOW FULL COLUMNS FROM `order` [ RunTime:0.001724s ]
[2026-08-19T18:13:09+08:00][sql] SELECT COUNT(*) AS think_count FROM `order` `o` LEFT JOIN `goods` `g` ON `o`.`goods_id`=`g`.`id` LEFT JOIN `user` `s` ON `o`.`seller_id`=`s`.`id` LEFT JOIN `user` `b` ON `o`.`buyer_id`=`b`.`id` WHERE  `o`.`pay_status` = '1'  AND `o`.`order_status` <> '4' [ RunTime:0.003264s ]
[2026-08-19T18:13:09+08:00][sql] SELECT `o`.`id`,`o`.`order_no`,`o`.`goods_id`,`o`.`goods_title`,`o`.`goods_cover`,`o`.`price`,`o`.`pay_time`,`o`.`create_time`,s.shop_name as seller_shop,s.nickname as seller_nick,b.nickname as buyer_nick FROM `order` `o` LEFT JOIN `goods` `g` ON `o`.`goods_id`=`g`.`id` LEFT JOIN `user` `s` ON `o`.`seller_id`=`s`.`id` LEFT JOIN `user` `b` ON `o`.`buyer_id`=`b`.`id` WHERE  `o`.`pay_status` = '1'  AND `o`.`order_status` <> '4' ORDER BY `o`.`id` DESC LIMIT 0,15 [ RunTime:0.001177s ]
[2026-08-19T18:13:42+08:00][sql] CONNECT:[ UseTime:0.009003s ] mysql:host=127.0.0.1;port=3306;dbname=auction;charset=utf8mb4
[2026-08-19T18:13:42+08:00][sql] SHOW FULL COLUMNS FROM `goods` [ RunTime:0.002005s ]
[2026-08-19T18:13:42+08:00][sql] SELECT `id` FROM `goods` WHERE  `status` = 1  AND `end_time` <= 1787134422 [ RunTime:0.001090s ]
[2026-08-19T18:13:42+08:00][sql] SHOW FULL COLUMNS FROM `user` [ RunTime:0.001733s ]
[2026-08-19T18:13:42+08:00][sql] SELECT * FROM `user` WHERE  `id` = 20 LIMIT 1 [ RunTime:0.000893s ]
[2026-08-19T18:13:42+08:00][sql] SHOW FULL COLUMNS FROM `setting` [ RunTime:0.001281s ]
[2026-08-19T18:13:42+08:00][sql] SELECT * FROM `setting` [ RunTime:0.000696s ]
[2026-08-19T18:13:42+08:00][sql] SHOW FULL COLUMNS FROM `bid_record` [ RunTime:0.001496s ]
[2026-08-19T18:13:42+08:00][sql] SELECT COUNT(*) AS think_count FROM `bid_record` WHERE  `user_id` = 20 [ RunTime:0.001056s ]
[2026-08-19T18:13:42+08:00][sql] SHOW FULL COLUMNS FROM `order` [ RunTime:0.001998s ]
[2026-08-19T18:13:42+08:00][sql] SELECT COUNT(*) AS think_count FROM `order` WHERE  `buyer_id` = 20  AND `pay_status` = 1 [ RunTime:0.001099s ]
[2026-08-19T18:13:42+08:00][sql] SELECT COUNT(*) AS think_count FROM `goods` WHERE  `seller_id` = 20  AND `status` = 2 [ RunTime:0.002960s ]
[2026-08-19T18:13:42+08:00][sql] SELECT COUNT(*) AS think_count FROM `goods` WHERE  `seller_id` = 20 [ RunTime:0.000846s ]
[2026-08-19T18:13:42+08:00][sql] SELECT COUNT(*) AS think_count FROM `order` WHERE  `buyer_id` = 20  AND `pay_status` = 0  AND `order_status` = 0 [ RunTime:0.000880s ]
[2026-08-19T18:13:42+08:00][sql] SELECT COUNT(*) AS think_count FROM `order` WHERE  `seller_id` = 20  AND `order_status` = 1 [ RunTime:0.000863s ]
[2026-08-19T18:13:42+08:00][sql] SELECT COUNT(*) AS think_count FROM `order` WHERE  `buyer_id` = 20  AND `order_status` = 0  AND `pay_status` = 0 [ RunTime:0.000836s ]
[2026-08-19T18:13:42+08:00][sql] SELECT COUNT(*) AS think_count FROM `order` WHERE  `buyer_id` = 20  AND `order_status` = 1 [ RunTime:0.000779s ]
[2026-08-19T18:13:42+08:00][sql] SELECT COUNT(*) AS think_count FROM `order` WHERE  `buyer_id` = 20  AND `order_status` = 2 [ RunTime:0.000769s ]
[2026-08-19T18:13:42+08:00][sql] SELECT COUNT(*) AS think_count FROM `order` WHERE  `buyer_id` = 20  AND `order_status` = 3 [ RunTime:0.000829s ]
[2026-08-19T18:13:42+08:00][sql] SELECT COUNT(*) AS think_count FROM `order` WHERE  `seller_id` = 20  AND `order_status` = 1 [ RunTime:0.000856s ]
[2026-08-19T18:13:42+08:00][sql] SHOW FULL COLUMNS FROM `goods_favorite` [ RunTime:0.001764s ]
[2026-08-19T18:13:42+08:00][sql] SELECT COUNT(*) AS think_count FROM `goods_favorite` WHERE  `user_id` = 20 [ RunTime:0.001032s ]
[2026-08-19T18:13:42+08:00][sql] SHOW FULL COLUMNS FROM `seller_follow` [ RunTime:0.001583s ]
[2026-08-19T18:13:42+08:00][sql] SELECT COUNT(*) AS think_count FROM `seller_follow` WHERE  `user_id` = 20 [ RunTime:0.000977s ]
[2026-08-19T18:13:42+08:00][sql] SHOW FULL COLUMNS FROM `browse_history` [ RunTime:0.001556s ]
[2026-08-19T18:13:42+08:00][sql] SELECT COUNT(*) AS think_count FROM `browse_history` WHERE  `user_id` = 20 [ RunTime:0.000858s ]
[2026-08-19T18:13:42+08:00][sql] SHOW FULL COLUMNS FROM `balance_log` [ RunTime:0.003789s ]
[2026-08-19T18:13:42+08:00][sql] SELECT * FROM `balance_log` WHERE  `user_id` = 20 ORDER BY `id` DESC LIMIT 5 [ RunTime:0.000923s ]
[2026-08-19T18:13:42+08:00][sql] SELECT `b`.*,`g`.`title`,`g`.`cover`,g.status as goods_status,`g`.`end_time` FROM `bid_record` `b` LEFT JOIN `goods` `g` ON `b`.`goods_id`=`g`.`id` WHERE  `b`.`user_id` = '20' ORDER BY `b`.`id` DESC LIMIT 5 [ RunTime:0.000906s ]
[2026-08-19T18:13:42+08:00][sql] SELECT `id`,`nickname`,`mobile`,`reg_time` FROM `user` WHERE  `pid` = 20 ORDER BY `id` DESC LIMIT 10 [ RunTime:0.000800s ]
[2026-08-19T18:13:42+08:00][sql] SELECT `value` FROM `setting` WHERE  `name` = 'service_link' LIMIT 1 [ RunTime:0.000856s ]
[2026-08-19T18:13:54+08:00][sql] CONNECT:[ UseTime:0.013952s ] mysql:host=127.0.0.1;port=3306;dbname=auction;charset=utf8mb4
[2026-08-19T18:13:54+08:00][sql] SHOW FULL COLUMNS FROM `goods` [ RunTime:0.001593s ]
[2026-08-19T18:13:54+08:00][sql] SELECT `id` FROM `goods` WHERE  `status` = 1  AND `end_time` <= 1787134434 [ RunTime:0.000742s ]
[2026-08-19T18:13:54+08:00][sql] SHOW FULL COLUMNS FROM `user` [ RunTime:0.001357s ]
[2026-08-19T18:13:54+08:00][sql] SELECT * FROM `user` WHERE  `id` = 20 LIMIT 1 [ RunTime:0.000707s ]
[2026-08-19T18:13:54+08:00][sql] SHOW FULL COLUMNS FROM `setting` [ RunTime:0.001032s ]
[2026-08-19T18:13:54+08:00][sql] SELECT * FROM `setting` [ RunTime:0.000534s ]
[2026-08-19T18:13:54+08:00][sql] SELECT COUNT(*) AS think_count FROM `goods` `g` LEFT JOIN `user` `u` ON `g`.`seller_id`=`u`.`id` WHERE  `g`.`status` = '1'  AND `g`.`start_time` <= '1787134434'  AND `g`.`end_time` > '1787134434' [ RunTime:0.000870s ]
[2026-08-19T18:13:54+08:00][sql] SELECT `g`.*,u.nickname as seller_name FROM `goods` `g` LEFT JOIN `user` `u` ON `g`.`seller_id`=`u`.`id` WHERE  `g`.`status` = '1'  AND `g`.`start_time` <= '1787134434'  AND `g`.`end_time` > '1787134434' ORDER BY `g`.`end_time` ASC,`g`.`id` DESC LIMIT 0,10 [ RunTime:0.000855s ]
[2026-08-19T18:13:54+08:00][sql] SHOW FULL COLUMNS FROM `bid_record` [ RunTime:0.001089s ]
[2026-08-19T18:13:54+08:00][sql] SELECT MAX(`price`) AS think_max FROM `bid_record` WHERE  `goods_id` = 28  AND `status` = 0 [ RunTime:0.000646s ]
[2026-08-19T18:13:54+08:00][sql] SELECT MAX(`price`) AS think_max FROM `bid_record` WHERE  `goods_id` = 33  AND `status` = 0 [ RunTime:0.000787s ]
[2026-08-19T18:13:54+08:00][sql] SELECT MAX(`price`) AS think_max FROM `bid_record` WHERE  `goods_id` = 30  AND `status` = 0 [ RunTime:0.000653s ]
[2026-08-19T18:13:54+08:00][sql] SHOW FULL COLUMNS FROM `category` [ RunTime:0.000880s ]
[2026-08-19T18:13:54+08:00][sql] SELECT * FROM `category` WHERE  `status` = 1 ORDER BY `sort` ASC [ RunTime:0.000539s ]
[2026-08-19T18:13:54+08:00][sql] SELECT `b`.`price`,`b`.`create_time`,`g`.`title`,`u`.`nickname` FROM `bid_record` `b` LEFT JOIN `goods` `g` ON `b`.`goods_id`=`g`.`id` LEFT JOIN `user` `u` ON `b`.`user_id`=`u`.`id` WHERE  `b`.`status` = '1' ORDER BY `b`.`id` DESC LIMIT 5 [ RunTime:0.000702s ]
[2026-08-19T18:13:54+08:00][sql] SHOW FULL COLUMNS FROM `news` [ RunTime:0.001014s ]
[2026-08-19T18:13:54+08:00][sql] SELECT `id`,`title`,`create_time` FROM `news` WHERE  `status` = 1 ORDER BY `id` DESC LIMIT 3 [ RunTime:0.000580s ]
[2026-08-19T18:13:54+08:00][sql] SHOW FULL COLUMNS FROM `banner` [ RunTime:0.000979s ]
[2026-08-19T18:13:54+08:00][sql] SELECT * FROM `banner` WHERE  `status` = 1 ORDER BY `sort` ASC,`id` ASC [ RunTime:0.000582s ]
[2026-08-19T18:13:56+08:00][sql] CONNECT:[ UseTime:0.024817s ] mysql:host=127.0.0.1;port=3306;dbname=auction;charset=utf8mb4
[2026-08-19T18:13:56+08:00][sql] SHOW FULL COLUMNS FROM `goods` [ RunTime:0.001588s ]
[2026-08-19T18:13:56+08:00][sql] SELECT `id` FROM `goods` WHERE  `status` = 1  AND `end_time` <= 1787134436 [ RunTime:0.000919s ]
[2026-08-19T18:13:56+08:00][sql] SHOW FULL COLUMNS FROM `user` [ RunTime:0.003000s ]
[2026-08-19T18:13:56+08:00][sql] SELECT * FROM `user` WHERE  `id` = 20 LIMIT 1 [ RunTime:0.000849s ]
[2026-08-19T18:13:56+08:00][sql] SHOW FULL COLUMNS FROM `setting` [ RunTime:0.001251s ]
[2026-08-19T18:13:56+08:00][sql] SELECT * FROM `setting` [ RunTime:0.000695s ]
[2026-08-19T18:13:56+08:00][sql] SHOW FULL COLUMNS FROM `order` [ RunTime:0.001849s ]
[2026-08-19T18:13:56+08:00][sql] SELECT COUNT(*) AS think_count FROM `order` `o` LEFT JOIN `goods` `g` ON `o`.`goods_id`=`g`.`id` LEFT JOIN `user` `s` ON `o`.`seller_id`=`s`.`id` LEFT JOIN `user` `b` ON `o`.`buyer_id`=`b`.`id` WHERE  `o`.`pay_status` = '1'  AND `o`.`order_status` <> '4' [ RunTime:0.004399s ]
[2026-08-19T18:13:56+08:00][sql] SELECT `o`.`id`,`o`.`order_no`,`o`.`goods_id`,`o`.`goods_title`,`o`.`goods_cover`,`o`.`price`,`o`.`pay_time`,`o`.`create_time`,s.shop_name as seller_shop,s.nickname as seller_nick,b.nickname as buyer_nick FROM `order` `o` LEFT JOIN `goods` `g` ON `o`.`goods_id`=`g`.`id` LEFT JOIN `user` `s` ON `o`.`seller_id`=`s`.`id` LEFT JOIN `user` `b` ON `o`.`buyer_id`=`b`.`id` WHERE  `o`.`pay_status` = '1'  AND `o`.`order_status` <> '4' ORDER BY `o`.`id` DESC LIMIT 0,15 [ RunTime:0.001130s ]
[2026-08-19T18:14:53+08:00][sql] CONNECT:[ UseTime:0.019308s ] mysql:host=127.0.0.1;port=3306;dbname=auction;charset=utf8mb4
[2026-08-19T18:14:53+08:00][sql] SHOW FULL COLUMNS FROM `goods` [ RunTime:0.002406s ]
[2026-08-19T18:14:53+08:00][sql] SELECT `id` FROM `goods` WHERE  `status` = 1  AND `end_time` <= 1787134493 [ RunTime:0.001062s ]
[2026-08-19T18:14:53+08:00][sql] SHOW FULL COLUMNS FROM `user` [ RunTime:0.004058s ]
[2026-08-19T18:14:53+08:00][sql] SELECT * FROM `user` WHERE  `id` = 20 LIMIT 1 [ RunTime:0.001022s ]
[2026-08-19T18:14:53+08:00][sql] SHOW FULL COLUMNS FROM `setting` [ RunTime:0.001429s ]
[2026-08-19T18:14:53+08:00][sql] SELECT * FROM `setting` [ RunTime:0.000990s ]
[2026-08-19T18:14:53+08:00][sql] SHOW FULL COLUMNS FROM `order` [ RunTime:0.002124s ]
[2026-08-19T18:14:53+08:00][sql] SELECT COUNT(*) AS think_count FROM `order` `o` LEFT JOIN `goods` `g` ON `o`.`goods_id`=`g`.`id` LEFT JOIN `user` `s` ON `o`.`seller_id`=`s`.`id` LEFT JOIN `user` `b` ON `o`.`buyer_id`=`b`.`id` WHERE  `o`.`pay_status` = '1'  AND `o`.`order_status` <> '4' [ RunTime:0.003643s ]
[2026-08-19T18:14:53+08:00][sql] SELECT `o`.`id`,`o`.`order_no`,`o`.`goods_id`,`o`.`goods_title`,`o`.`goods_cover`,`o`.`price`,`o`.`pay_time`,`o`.`create_time`,s.shop_name as seller_shop,s.nickname as seller_nick,b.nickname as buyer_nick FROM `order` `o` LEFT JOIN `goods` `g` ON `o`.`goods_id`=`g`.`id` LEFT JOIN `user` `s` ON `o`.`seller_id`=`s`.`id` LEFT JOIN `user` `b` ON `o`.`buyer_id`=`b`.`id` WHERE  `o`.`pay_status` = '1'  AND `o`.`order_status` <> '4' ORDER BY `o`.`id` DESC LIMIT 0,15 [ RunTime:0.001344s ]
[2026-08-19T18:16:03+08:00][sql] CONNECT:[ UseTime:0.002470s ] mysql:host=127.0.0.1;port=3306;dbname=auction;charset=utf8mb4
[2026-08-19T18:16:03+08:00][sql] SHOW FULL COLUMNS FROM `goods` [ RunTime:0.001232s ]
[2026-08-19T18:16:03+08:00][sql] SELECT `id` FROM `goods` WHERE  `status` = 1  AND `end_time` <= 1787134563 [ RunTime:0.000520s ]
[2026-08-19T18:16:03+08:00][sql] SHOW FULL COLUMNS FROM `user` [ RunTime:0.001224s ]
[2026-08-19T18:16:03+08:00][sql] SELECT * FROM `user` WHERE  `id` = 20 LIMIT 1 [ RunTime:0.000703s ]
[2026-08-19T18:16:03+08:00][sql] SHOW FULL COLUMNS FROM `setting` [ RunTime:0.001178s ]
[2026-08-19T18:16:03+08:00][sql] SELECT * FROM `setting` [ RunTime:0.000648s ]
[2026-08-19T18:16:03+08:00][sql] SHOW FULL COLUMNS FROM `order` [ RunTime:0.001285s ]
[2026-08-19T18:16:03+08:00][sql] SELECT COUNT(*) AS think_count FROM `order` `o` LEFT JOIN `goods` `g` ON `o`.`goods_id`=`g`.`id` LEFT JOIN `user` `s` ON `o`.`seller_id`=`s`.`id` LEFT JOIN `user` `b` ON `o`.`buyer_id`=`b`.`id` WHERE  `o`.`pay_status` = '1'  AND `o`.`order_status` <> '4' [ RunTime:0.002575s ]
[2026-08-19T18:16:03+08:00][sql] SELECT `o`.`id`,`o`.`order_no`,`o`.`goods_id`,`o`.`goods_title`,`o`.`goods_cover`,`o`.`price`,`o`.`pay_time`,`o`.`create_time`,s.shop_name as seller_shop,s.nickname as seller_nick,b.nickname as buyer_nick FROM `order` `o` LEFT JOIN `goods` `g` ON `o`.`goods_id`=`g`.`id` LEFT JOIN `user` `s` ON `o`.`seller_id`=`s`.`id` LEFT JOIN `user` `b` ON `o`.`buyer_id`=`b`.`id` WHERE  `o`.`pay_status` = '1'  AND `o`.`order_status` <> '4' ORDER BY `o`.`id` DESC LIMIT 0,15 [ RunTime:0.000735s ]
[2026-08-19T22:58:42+08:00][sql] CONNECT:[ UseTime:0.004907s ] mysql:host=127.0.0.1;port=3306;dbname=auction;charset=utf8mb4
[2026-08-19T22:58:42+08:00][sql] SHOW FULL COLUMNS FROM `goods` [ RunTime:0.004749s ]
[2026-08-19T22:58:42+08:00][sql] SELECT `id` FROM `goods` WHERE  `status` = 1  AND `end_time` <= 1787151522 [ RunTime:0.001763s ]
[2026-08-19T22:58:42+08:00][sql] SELECT * FROM `goods` WHERE  `id` = 28 LIMIT 1   FOR UPDATE [ RunTime:0.001179s ]
[2026-08-19T22:58:42+08:00][sql] SHOW FULL COLUMNS FROM `bid_record` [ RunTime:0.001537s ]
[2026-08-19T22:58:42+08:00][sql] SELECT * FROM `bid_record` WHERE  `goods_id` = 28  AND `status` = 0 ORDER BY `price` DESC,`id` ASC [ RunTime:0.001328s ]
[2026-08-19T22:58:42+08:00][sql] SHOW FULL COLUMNS FROM `setting` [ RunTime:0.001665s ]
[2026-08-19T22:58:42+08:00][sql] SELECT * FROM `setting` [ RunTime:0.001059s ]
[2026-08-19T22:58:42+08:00][sql] UPDATE `bid_record`  SET `status` = 2  WHERE  `goods_id` = 28  AND `status` = 0 [ RunTime:0.001158s ]
[2026-08-19T22:58:42+08:00][sql] UPDATE `bid_record`  SET `status` = 1 , `is_winner` = 1  WHERE  `id` = 22 [ RunTime:0.000765s ]
[2026-08-19T22:58:42+08:00][sql] SHOW FULL COLUMNS FROM `user` [ RunTime:0.002112s ]
[2026-08-19T22:58:42+08:00][sql] SELECT * FROM `user` WHERE  `id` = 26 LIMIT 1   FOR UPDATE [ RunTime:0.001957s ]
[2026-08-19T22:58:42+08:00][sql] UPDATE `user`  SET `balance` = '649' , `freeze_balance` = '0' , `update_time` = 1787151522  WHERE  `id` = 26 [ RunTime:0.000858s ]
[2026-08-19T22:58:42+08:00][sql] SHOW FULL COLUMNS FROM `balance_log` [ RunTime:0.001807s ]
[2026-08-19T22:58:42+08:00][sql] INSERT INTO `balance_log` SET `user_id` = 26 , `type` = 'refund' , `amount` = '555.00' , `balance` = '649' , `remark` = '未拍中，保证金退回（哈哈哈哈哈）' , `create_time` = 1787151522 [ RunTime:0.001377s ]
[2026-08-19T22:58:42+08:00][sql] SELECT MAX(`deposit`) AS think_max FROM `bid_record` WHERE  `goods_id` = 28  AND `user_id` = 26  AND `deposit` > '0' [ RunTime:0.005541s ]
[2026-08-19T22:58:42+08:00][sql] SHOW FULL COLUMNS FROM `order` [ RunTime:0.001820s ]
[2026-08-19T22:58:42+08:00][sql] INSERT INTO `order` SET `order_no` = 'AU20260819225842137955' , `goods_id` = 28 , `goods_title` = '哈哈哈哈哈' , `goods_cover` = '/uploads/20260818/150347_7607.png' , `seller_id` = 20 , `buyer_id` = 26 , `price` = '80000.00' , `commission_rate` = '10' , `commission` = '8000' , `seller_income` = '72000' , `deposit` = '555' , `pay_status` = 0 , `order_status` = 0 , `create_time` = 1787151522 , `update_time` = 1787151522 [ RunTime:0.001471s ]
[2026-08-19T22:58:42+08:00][sql] UPDATE `goods`  SET `status` = 2 , `final_price` = '80000.00' , `winner_id` = 26 , `order_id` = 9 , `update_time` = 1787151522  WHERE  `id` = 28 [ RunTime:0.001144s ]
[2026-08-19T22:58:42+08:00][sql] CONNECT:[ UseTime:0.021504s ] mysql:host=127.0.0.1;port=3306;dbname=auction;charset=utf8mb4
[2026-08-19T22:58:42+08:00][sql] SHOW FULL COLUMNS FROM `goods` [ RunTime:0.003170s ]
[2026-08-19T22:58:42+08:00][sql] SELECT `id` FROM `goods` WHERE  `status` = 1  AND `end_time` <= 1787151522 [ RunTime:0.000782s ]
[2026-08-19T22:58:42+08:00][sql] SHOW FULL COLUMNS FROM `setting` [ RunTime:0.002105s ]
[2026-08-19T22:58:42+08:00][sql] SELECT * FROM `setting` [ RunTime:0.001868s ]
[2026-08-19T22:58:47+08:00][sql] CONNECT:[ UseTime:0.008754s ] mysql:host=127.0.0.1;port=3306;dbname=auction;charset=utf8mb4
[2026-08-19T22:58:47+08:00][sql] SHOW FULL COLUMNS FROM `goods` [ RunTime:0.002443s ]
[2026-08-19T22:58:47+08:00][sql] SELECT `id` FROM `goods` WHERE  `status` = 1  AND `end_time` <= 1787151527 [ RunTime:0.001195s ]
[2026-08-19T22:58:47+08:00][sql] SHOW FULL COLUMNS FROM `setting` [ RunTime:0.001633s ]
[2026-08-19T22:58:47+08:00][sql] SELECT * FROM `setting` [ RunTime:0.000938s ]
[2026-08-19T22:58:47+08:00][sql] SHOW FULL COLUMNS FROM `user` [ RunTime:0.001839s ]
[2026-08-19T22:58:47+08:00][sql] SELECT * FROM `user` WHERE  `mobile` = '18888888888' LIMIT 1 [ RunTime:0.001169s ]
[2026-08-19T22:58:47+08:00][sql] UPDATE `user`  SET `last_login_time` = 1787151527 , `update_time` = 1787151527  WHERE  `id` = 20 [ RunTime:0.002088s ]
[2026-08-19T22:58:48+08:00][sql] CONNECT:[ UseTime:0.016126s ] mysql:host=127.0.0.1;port=3306;dbname=auction;charset=utf8mb4
[2026-08-19T22:58:48+08:00][sql] SHOW FULL COLUMNS FROM `goods` [ RunTime:0.002010s ]
[2026-08-19T22:58:48+08:00][sql] SELECT `id` FROM `goods` WHERE  `status` = 1  AND `end_time` <= 1787151528 [ RunTime:0.001078s ]
[2026-08-19T22:58:48+08:00][sql] SHOW FULL COLUMNS FROM `user` [ RunTime:0.001861s ]
[2026-08-19T22:58:48+08:00][sql] SELECT * FROM `user` WHERE  `id` = 20 LIMIT 1 [ RunTime:0.001005s ]
[2026-08-19T22:58:48+08:00][sql] SHOW FULL COLUMNS FROM `setting` [ RunTime:0.001369s ]
[2026-08-19T22:58:48+08:00][sql] SELECT * FROM `setting` [ RunTime:0.000764s ]
[2026-08-19T22:58:48+08:00][sql] SHOW FULL COLUMNS FROM `bid_record` [ RunTime:0.001530s ]
[2026-08-19T22:58:48+08:00][sql] SELECT COUNT(*) AS think_count FROM `bid_record` WHERE  `user_id` = 20 [ RunTime:0.000864s ]
[2026-08-19T22:58:48+08:00][sql] SHOW FULL COLUMNS FROM `order` [ RunTime:0.001732s ]
[2026-08-19T22:58:48+08:00][sql] SELECT COUNT(*) AS think_count FROM `order` WHERE  `buyer_id` = 20  AND `pay_status` = 1 [ RunTime:0.000832s ]
[2026-08-19T22:58:48+08:00][sql] SELECT COUNT(*) AS think_count FROM `goods` WHERE  `seller_id` = 20  AND `status` = 2 [ RunTime:0.002731s ]
[2026-08-19T22:58:48+08:00][sql] SELECT COUNT(*) AS think_count FROM `goods` WHERE  `seller_id` = 20 [ RunTime:0.000770s ]
[2026-08-19T22:58:48+08:00][sql] SELECT COUNT(*) AS think_count FROM `order` WHERE  `buyer_id` = 20  AND `pay_status` = 0  AND `order_status` = 0 [ RunTime:0.000765s ]
[2026-08-19T22:58:48+08:00][sql] SELECT COUNT(*) AS think_count FROM `order` WHERE  `seller_id` = 20  AND `order_status` = 1 [ RunTime:0.000809s ]
[2026-08-19T22:58:48+08:00][sql] SELECT COUNT(*) AS think_count FROM `order` WHERE  `buyer_id` = 20  AND `order_status` = 0  AND `pay_status` = 0 [ RunTime:0.000730s ]
[2026-08-19T22:58:48+08:00][sql] SELECT COUNT(*) AS think_count FROM `order` WHERE  `buyer_id` = 20  AND `order_status` = 1 [ RunTime:0.000706s ]
[2026-08-19T22:58:48+08:00][sql] SELECT COUNT(*) AS think_count FROM `order` WHERE  `buyer_id` = 20  AND `order_status` = 2 [ RunTime:0.000791s ]
[2026-08-19T22:58:48+08:00][sql] SELECT COUNT(*) AS think_count FROM `order` WHERE  `buyer_id` = 20  AND `order_status` = 3 [ RunTime:0.001138s ]
[2026-08-19T22:58:48+08:00][sql] SELECT COUNT(*) AS think_count FROM `order` WHERE  `seller_id` = 20  AND `order_status` = 1 [ RunTime:0.000654s ]
[2026-08-19T22:58:48+08:00][sql] SHOW FULL COLUMNS FROM `goods_favorite` [ RunTime:0.001626s ]
[2026-08-19T22:58:48+08:00][sql] SELECT COUNT(*) AS think_count FROM `goods_favorite` WHERE  `user_id` = 20 [ RunTime:0.000754s ]
[2026-08-19T22:58:48+08:00][sql] SHOW FULL COLUMNS FROM `seller_follow` [ RunTime:0.000962s ]
[2026-08-19T22:58:48+08:00][sql] SELECT COUNT(*) AS think_count FROM `seller_follow` WHERE  `user_id` = 20 [ RunTime:0.000889s ]
[2026-08-19T22:58:48+08:00][sql] SHOW FULL COLUMNS FROM `browse_history` [ RunTime:0.001300s ]
[2026-08-19T22:58:48+08:00][sql] SELECT COUNT(*) AS think_count FROM `browse_history` WHERE  `user_id` = 20 [ RunTime:0.001139s ]
[2026-08-19T22:58:48+08:00][sql] SHOW FULL COLUMNS FROM `balance_log` [ RunTime:0.001713s ]
[2026-08-19T22:58:48+08:00][sql] SELECT * FROM `balance_log` WHERE  `user_id` = 20 ORDER BY `id` DESC LIMIT 5 [ RunTime:0.000934s ]
[2026-08-19T22:58:48+08:00][sql] SELECT `b`.*,`g`.`title`,`g`.`cover`,g.status as goods_status,`g`.`end_time` FROM `bid_record` `b` LEFT JOIN `goods` `g` ON `b`.`goods_id`=`g`.`id` WHERE  `b`.`user_id` = '20' ORDER BY `b`.`id` DESC LIMIT 5 [ RunTime:0.003203s ]
[2026-08-19T22:58:48+08:00][sql] SELECT `id`,`nickname`,`mobile`,`reg_time` FROM `user` WHERE  `pid` = 20 ORDER BY `id` DESC LIMIT 10 [ RunTime:0.000766s ]
[2026-08-19T22:58:48+08:00][sql] SELECT `value` FROM `setting` WHERE  `name` = 'service_link' LIMIT 1 [ RunTime:0.000634s ]
[2026-08-19T23:08:07+08:00][sql] CONNECT:[ UseTime:0.002180s ] mysql:host=127.0.0.1;port=3306;dbname=auction;charset=utf8mb4
[2026-08-19T23:08:07+08:00][sql] SHOW FULL COLUMNS FROM `goods` [ RunTime:0.001545s ]
[2026-08-19T23:08:07+08:00][sql] SELECT `id` FROM `goods` WHERE  `status` = 1  AND `end_time` <= 1787152087 [ RunTime:0.000836s ]
[2026-08-19T23:08:07+08:00][sql] SHOW FULL COLUMNS FROM `user` [ RunTime:0.001764s ]
[2026-08-19T23:08:07+08:00][sql] SELECT * FROM `user` WHERE  `id` = 20 LIMIT 1 [ RunTime:0.000940s ]
[2026-08-19T23:08:07+08:00][sql] SHOW FULL COLUMNS FROM `setting` [ RunTime:0.001374s ]
[2026-08-19T23:08:07+08:00][sql] SELECT * FROM `setting` [ RunTime:0.000736s ]
[2026-08-19T23:08:07+08:00][sql] SHOW FULL COLUMNS FROM `bid_record` [ RunTime:0.001506s ]
[2026-08-19T23:08:07+08:00][sql] SELECT COUNT(*) AS think_count FROM `bid_record` WHERE  `user_id` = 20 [ RunTime:0.000994s ]
[2026-08-19T23:08:07+08:00][sql] SHOW FULL COLUMNS FROM `order` [ RunTime:0.001507s ]
[2026-08-19T23:08:07+08:00][sql] SELECT COUNT(*) AS think_count FROM `order` WHERE  `buyer_id` = 20  AND `pay_status` = 1 [ RunTime:0.001136s ]
[2026-08-19T23:08:07+08:00][sql] SELECT COUNT(*) AS think_count FROM `goods` WHERE  `seller_id` = 20  AND `status` = 2 [ RunTime:0.001985s ]
[2026-08-19T23:08:07+08:00][sql] SELECT COUNT(*) AS think_count FROM `goods` WHERE  `seller_id` = 20 [ RunTime:0.000959s ]
[2026-08-19T23:08:07+08:00][sql] SELECT COUNT(*) AS think_count FROM `order` WHERE  `buyer_id` = 20  AND `pay_status` = 0  AND `order_status` = 0 [ RunTime:0.001610s ]
[2026-08-19T23:08:07+08:00][sql] SELECT COUNT(*) AS think_count FROM `order` WHERE  `seller_id` = 20  AND `order_status` = 1 [ RunTime:0.000955s ]
[2026-08-19T23:08:07+08:00][sql] SELECT COUNT(*) AS think_count FROM `order` WHERE  `buyer_id` = 20  AND `order_status` = 0  AND `pay_status` = 0 [ RunTime:0.000942s ]
[2026-08-19T23:08:07+08:00][sql] SELECT COUNT(*) AS think_count FROM `order` WHERE  `buyer_id` = 20  AND `order_status` = 1 [ RunTime:0.000970s ]
[2026-08-19T23:08:07+08:00][sql] SELECT COUNT(*) AS think_count FROM `order` WHERE  `buyer_id` = 20  AND `order_status` = 2 [ RunTime:0.000897s ]
[2026-08-19T23:08:07+08:00][sql] SELECT COUNT(*) AS think_count FROM `order` WHERE  `buyer_id` = 20  AND `order_status` = 3 [ RunTime:0.000990s ]
[2026-08-19T23:08:07+08:00][sql] SELECT COUNT(*) AS think_count FROM `order` WHERE  `seller_id` = 20  AND `order_status` = 1 [ RunTime:0.000884s ]
[2026-08-19T23:08:07+08:00][sql] SHOW FULL COLUMNS FROM `goods_favorite` [ RunTime:0.002045s ]
[2026-08-19T23:08:07+08:00][sql] SELECT COUNT(*) AS think_count FROM `goods_favorite` WHERE  `user_id` = 20 [ RunTime:0.001159s ]
[2026-08-19T23:08:07+08:00][sql] SHOW FULL COLUMNS FROM `seller_follow` [ RunTime:0.001443s ]
[2026-08-19T23:08:07+08:00][sql] SELECT COUNT(*) AS think_count FROM `seller_follow` WHERE  `user_id` = 20 [ RunTime:0.000982s ]
[2026-08-19T23:08:07+08:00][sql] SHOW FULL COLUMNS FROM `browse_history` [ RunTime:0.001263s ]
[2026-08-19T23:08:07+08:00][sql] SELECT COUNT(*) AS think_count FROM `browse_history` WHERE  `user_id` = 20 [ RunTime:0.000838s ]
[2026-08-19T23:08:07+08:00][sql] SHOW FULL COLUMNS FROM `message` [ RunTime:0.003871s ]
[2026-08-19T23:08:07+08:00][error] [10501]SQLSTATE[42S22]: Column not found: 1054 Unknown column 'user_id' in 'where clause'[D:\work\08\17_3\vendor\topthink\think-orm\src\db\PDOConnection.php:836]
[2026-08-19T23:08:09+08:00][sql] CONNECT:[ UseTime:0.019373s ] mysql:host=127.0.0.1;port=3306;dbname=auction;charset=utf8mb4
[2026-08-19T23:08:09+08:00][sql] SHOW FULL COLUMNS FROM `goods` [ RunTime:0.001374s ]
[2026-08-19T23:08:09+08:00][sql] SELECT `id` FROM `goods` WHERE  `status` = 1  AND `end_time` <= 1787152089 [ RunTime:0.000763s ]
[2026-08-19T23:08:09+08:00][sql] SHOW FULL COLUMNS FROM `user` [ RunTime:0.001559s ]
[2026-08-19T23:08:09+08:00][sql] SELECT * FROM `user` WHERE  `id` = 20 LIMIT 1 [ RunTime:0.000882s ]
[2026-08-19T23:08:09+08:00][sql] SHOW FULL COLUMNS FROM `setting` [ RunTime:0.001288s ]
[2026-08-19T23:08:09+08:00][sql] SELECT * FROM `setting` [ RunTime:0.000718s ]
[2026-08-19T23:08:09+08:00][sql] SHOW FULL COLUMNS FROM `bid_record` [ RunTime:0.001739s ]
[2026-08-19T23:08:09+08:00][sql] SELECT COUNT(*) AS think_count FROM `bid_record` WHERE  `user_id` = 20 [ RunTime:0.000818s ]
[2026-08-19T23:08:09+08:00][sql] SHOW FULL COLUMNS FROM `order` [ RunTime:0.001531s ]
[2026-08-19T23:08:09+08:00][sql] SELECT COUNT(*) AS think_count FROM `order` WHERE  `buyer_id` = 20  AND `pay_status` = 1 [ RunTime:0.000836s ]
[2026-08-19T23:08:09+08:00][sql] SELECT COUNT(*) AS think_count FROM `goods` WHERE  `seller_id` = 20  AND `status` = 2 [ RunTime:0.002531s ]
[2026-08-19T23:08:09+08:00][sql] SELECT COUNT(*) AS think_count FROM `goods` WHERE  `seller_id` = 20 [ RunTime:0.000763s ]
[2026-08-19T23:08:09+08:00][sql] SELECT COUNT(*) AS think_count FROM `order` WHERE  `buyer_id` = 20  AND `pay_status` = 0  AND `order_status` = 0 [ RunTime:0.000725s ]
[2026-08-19T23:08:09+08:00][sql] SELECT COUNT(*) AS think_count FROM `order` WHERE  `seller_id` = 20  AND `order_status` = 1 [ RunTime:0.000728s ]
[2026-08-19T23:08:09+08:00][sql] SELECT COUNT(*) AS think_count FROM `order` WHERE  `buyer_id` = 20  AND `order_status` = 0  AND `pay_status` = 0 [ RunTime:0.000542s ]
[2026-08-19T23:08:09+08:00][sql] SELECT COUNT(*) AS think_count FROM `order` WHERE  `buyer_id` = 20  AND `order_status` = 1 [ RunTime:0.000516s ]
[2026-08-19T23:08:09+08:00][sql] SELECT COUNT(*) AS think_count FROM `order` WHERE  `buyer_id` = 20  AND `order_status` = 2 [ RunTime:0.000499s ]
[2026-08-19T23:08:09+08:00][sql] SELECT COUNT(*) AS think_count FROM `order` WHERE  `buyer_id` = 20  AND `order_status` = 3 [ RunTime:0.000513s ]
[2026-08-19T23:08:09+08:00][sql] SELECT COUNT(*) AS think_count FROM `order` WHERE  `seller_id` = 20  AND `order_status` = 1 [ RunTime:0.000515s ]
[2026-08-19T23:08:09+08:00][sql] SHOW FULL COLUMNS FROM `goods_favorite` [ RunTime:0.001070s ]
[2026-08-19T23:08:09+08:00][sql] SELECT COUNT(*) AS think_count FROM `goods_favorite` WHERE  `user_id` = 20 [ RunTime:0.000548s ]
[2026-08-19T23:08:09+08:00][sql] SHOW FULL COLUMNS FROM `seller_follow` [ RunTime:0.001020s ]
[2026-08-19T23:08:09+08:00][sql] SELECT COUNT(*) AS think_count FROM `seller_follow` WHERE  `user_id` = 20 [ RunTime:0.000585s ]
[2026-08-19T23:08:09+08:00][sql] SHOW FULL COLUMNS FROM `browse_history` [ RunTime:0.000992s ]
[2026-08-19T23:08:09+08:00][sql] SELECT COUNT(*) AS think_count FROM `browse_history` WHERE  `user_id` = 20 [ RunTime:0.000645s ]
[2026-08-19T23:08:09+08:00][sql] SHOW FULL COLUMNS FROM `message` [ RunTime:0.003129s ]
[2026-08-19T23:08:09+08:00][error] [10501]SQLSTATE[42S22]: Column not found: 1054 Unknown column 'user_id' in 'where clause'[D:\work\08\17_3\vendor\topthink\think-orm\src\db\PDOConnection.php:836]
[2026-08-19T23:08:09+08:00][sql] CONNECT:[ UseTime:0.008419s ] mysql:host=127.0.0.1;port=3306;dbname=auction;charset=utf8mb4
[2026-08-19T23:08:09+08:00][sql] SHOW FULL COLUMNS FROM `goods` [ RunTime:0.001642s ]
[2026-08-19T23:08:09+08:00][sql] SELECT `id` FROM `goods` WHERE  `status` = 1  AND `end_time` <= 1787152089 [ RunTime:0.000772s ]
[2026-08-19T23:08:09+08:00][sql] SHOW FULL COLUMNS FROM `user` [ RunTime:0.001400s ]
[2026-08-19T23:08:09+08:00][sql] SELECT * FROM `user` WHERE  `id` = 20 LIMIT 1 [ RunTime:0.000759s ]
[2026-08-19T23:08:09+08:00][sql] SHOW FULL COLUMNS FROM `setting` [ RunTime:0.001006s ]
[2026-08-19T23:08:09+08:00][sql] SELECT * FROM `setting` [ RunTime:0.000564s ]
[2026-08-19T23:08:09+08:00][sql] SHOW FULL COLUMNS FROM `bid_record` [ RunTime:0.001087s ]
[2026-08-19T23:08:09+08:00][sql] SELECT COUNT(*) AS think_count FROM `bid_record` WHERE  `user_id` = 20 [ RunTime:0.000579s ]
[2026-08-19T23:08:09+08:00][sql] SHOW FULL COLUMNS FROM `order` [ RunTime:0.001090s ]
[2026-08-19T23:08:09+08:00][sql] SELECT COUNT(*) AS think_count FROM `order` WHERE  `buyer_id` = 20  AND `pay_status` = 1 [ RunTime:0.000725s ]
[2026-08-19T23:08:09+08:00][sql] SELECT COUNT(*) AS think_count FROM `goods` WHERE  `seller_id` = 20  AND `status` = 2 [ RunTime:0.002843s ]
[2026-08-19T23:08:09+08:00][sql] SELECT COUNT(*) AS think_count FROM `goods` WHERE  `seller_id` = 20 [ RunTime:0.000718s ]
[2026-08-19T23:08:09+08:00][sql] SELECT COUNT(*) AS think_count FROM `order` WHERE  `buyer_id` = 20  AND `pay_status` = 0  AND `order_status` = 0 [ RunTime:0.000725s ]
[2026-08-19T23:08:09+08:00][sql] SELECT COUNT(*) AS think_count FROM `order` WHERE  `seller_id` = 20  AND `order_status` = 1 [ RunTime:0.000601s ]
[2026-08-19T23:08:09+08:00][sql] SELECT COUNT(*) AS think_count FROM `order` WHERE  `buyer_id` = 20  AND `order_status` = 0  AND `pay_status` = 0 [ RunTime:0.000490s ]
[2026-08-19T23:08:09+08:00][sql] SELECT COUNT(*) AS think_count FROM `order` WHERE  `buyer_id` = 20  AND `order_status` = 1 [ RunTime:0.000703s ]
[2026-08-19T23:08:09+08:00][sql] SELECT COUNT(*) AS think_count FROM `order` WHERE  `buyer_id` = 20  AND `order_status` = 2 [ RunTime:0.000584s ]
[2026-08-19T23:08:09+08:00][sql] SELECT COUNT(*) AS think_count FROM `order` WHERE  `buyer_id` = 20  AND `order_status` = 3 [ RunTime:0.000548s ]
[2026-08-19T23:08:09+08:00][sql] SELECT COUNT(*) AS think_count FROM `order` WHERE  `seller_id` = 20  AND `order_status` = 1 [ RunTime:0.000528s ]
[2026-08-19T23:08:09+08:00][sql] SHOW FULL COLUMNS FROM `goods_favorite` [ RunTime:0.001146s ]
[2026-08-19T23:08:09+08:00][sql] SELECT COUNT(*) AS think_count FROM `goods_favorite` WHERE  `user_id` = 20 [ RunTime:0.000574s ]
[2026-08-19T23:08:09+08:00][sql] SHOW FULL COLUMNS FROM `seller_follow` [ RunTime:0.001038s ]
[2026-08-19T23:08:09+08:00][sql] SELECT COUNT(*) AS think_count FROM `seller_follow` WHERE  `user_id` = 20 [ RunTime:0.000603s ]
[2026-08-19T23:08:09+08:00][sql] SHOW FULL COLUMNS FROM `browse_history` [ RunTime:0.000905s ]
[2026-08-19T23:08:09+08:00][sql] SELECT COUNT(*) AS think_count FROM `browse_history` WHERE  `user_id` = 20 [ RunTime:0.000558s ]
[2026-08-19T23:08:09+08:00][sql] SHOW FULL COLUMNS FROM `message` [ RunTime:0.003489s ]
[2026-08-19T23:08:09+08:00][error] [10501]SQLSTATE[42S22]: Column not found: 1054 Unknown column 'user_id' in 'where clause'[D:\work\08\17_3\vendor\topthink\think-orm\src\db\PDOConnection.php:836]
[2026-08-19T23:08:10+08:00][sql] CONNECT:[ UseTime:0.015603s ] mysql:host=127.0.0.1;port=3306;dbname=auction;charset=utf8mb4
[2026-08-19T23:08:10+08:00][sql] SHOW FULL COLUMNS FROM `goods` [ RunTime:0.002806s ]
[2026-08-19T23:08:10+08:00][sql] SELECT `id` FROM `goods` WHERE  `status` = 1  AND `end_time` <= 1787152090 [ RunTime:0.001347s ]
[2026-08-19T23:08:10+08:00][sql] SHOW FULL COLUMNS FROM `user` [ RunTime:0.002194s ]
[2026-08-19T23:08:10+08:00][sql] SELECT * FROM `user` WHERE  `id` = 20 LIMIT 1 [ RunTime:0.001266s ]
[2026-08-19T23:08:10+08:00][sql] SHOW FULL COLUMNS FROM `setting` [ RunTime:0.001711s ]
[2026-08-19T23:08:10+08:00][sql] SELECT * FROM `setting` [ RunTime:0.001113s ]
[2026-08-19T23:08:10+08:00][sql] SHOW FULL COLUMNS FROM `bid_record` [ RunTime:0.002196s ]
[2026-08-19T23:08:10+08:00][sql] SELECT COUNT(*) AS think_count FROM `bid_record` WHERE  `user_id` = 20 [ RunTime:0.001133s ]
[2026-08-19T23:08:10+08:00][sql] SHOW FULL COLUMNS FROM `order` [ RunTime:0.002121s ]
[2026-08-19T23:08:10+08:00][sql] SELECT COUNT(*) AS think_count FROM `order` WHERE  `buyer_id` = 20  AND `pay_status` = 1 [ RunTime:0.001068s ]
[2026-08-19T23:08:10+08:00][sql] SELECT COUNT(*) AS think_count FROM `goods` WHERE  `seller_id` = 20  AND `status` = 2 [ RunTime:0.003280s ]
[2026-08-19T23:08:10+08:00][sql] SELECT COUNT(*) AS think_count FROM `goods` WHERE  `seller_id` = 20 [ RunTime:0.000906s ]
[2026-08-19T23:08:10+08:00][sql] SELECT COUNT(*) AS think_count FROM `order` WHERE  `buyer_id` = 20  AND `pay_status` = 0  AND `order_status` = 0 [ RunTime:0.001029s ]
[2026-08-19T23:08:10+08:00][sql] SELECT COUNT(*) AS think_count FROM `order` WHERE  `seller_id` = 20  AND `order_status` = 1 [ RunTime:0.001261s ]
[2026-08-19T23:08:10+08:00][sql] SELECT COUNT(*) AS think_count FROM `order` WHERE  `buyer_id` = 20  AND `order_status` = 0  AND `pay_status` = 0 [ RunTime:0.001238s ]
[2026-08-19T23:08:10+08:00][sql] SELECT COUNT(*) AS think_count FROM `order` WHERE  `buyer_id` = 20  AND `order_status` = 1 [ RunTime:0.001088s ]
[2026-08-19T23:08:10+08:00][sql] SELECT COUNT(*) AS think_count FROM `order` WHERE  `buyer_id` = 20  AND `order_status` = 2 [ RunTime:0.001095s ]
[2026-08-19T23:08:10+08:00][sql] SELECT COUNT(*) AS think_count FROM `order` WHERE  `buyer_id` = 20  AND `order_status` = 3 [ RunTime:0.001015s ]
[2026-08-19T23:08:10+08:00][sql] SELECT COUNT(*) AS think_count FROM `order` WHERE  `seller_id` = 20  AND `order_status` = 1 [ RunTime:0.001061s ]
[2026-08-19T23:08:10+08:00][sql] SHOW FULL COLUMNS FROM `goods_favorite` [ RunTime:0.002099s ]
[2026-08-19T23:08:10+08:00][sql] SELECT COUNT(*) AS think_count FROM `goods_favorite` WHERE  `user_id` = 20 [ RunTime:0.000977s ]
[2026-08-19T23:08:10+08:00][sql] SHOW FULL COLUMNS FROM `seller_follow` [ RunTime:0.001774s ]
[2026-08-19T23:08:10+08:00][sql] SELECT COUNT(*) AS think_count FROM `seller_follow` WHERE  `user_id` = 20 [ RunTime:0.000969s ]
[2026-08-19T23:08:10+08:00][sql] SHOW FULL COLUMNS FROM `browse_history` [ RunTime:0.001843s ]
[2026-08-19T23:08:10+08:00][sql] SELECT COUNT(*) AS think_count FROM `browse_history` WHERE  `user_id` = 20 [ RunTime:0.000791s ]
[2026-08-19T23:08:10+08:00][sql] SHOW FULL COLUMNS FROM `message` [ RunTime:0.002949s ]
[2026-08-19T23:08:10+08:00][error] [10501]SQLSTATE[42S22]: Column not found: 1054 Unknown column 'user_id' in 'where clause'[D:\work\08\17_3\vendor\topthink\think-orm\src\db\PDOConnection.php:836]
[2026-08-19T23:17:24+08:00][sql] CONNECT:[ UseTime:0.001558s ] mysql:host=127.0.0.1;port=3306;dbname=auction;charset=utf8mb4
[2026-08-19T23:17:24+08:00][sql] SHOW FULL COLUMNS FROM `goods` [ RunTime:0.001901s ]
[2026-08-19T23:17:24+08:00][sql] SELECT `id` FROM `goods` WHERE  `status` = 1  AND `end_time` <= 1787152644 [ RunTime:0.000717s ]
[2026-08-19T23:17:24+08:00][sql] SHOW FULL COLUMNS FROM `user` [ RunTime:0.001026s ]
[2026-08-19T23:17:24+08:00][sql] SELECT * FROM `user` WHERE  `id` = 20 LIMIT 1 [ RunTime:0.000773s ]
[2026-08-19T23:17:24+08:00][sql] SHOW FULL COLUMNS FROM `setting` [ RunTime:0.001177s ]
[2026-08-19T23:17:24+08:00][sql] SELECT * FROM `setting` [ RunTime:0.000559s ]
[2026-08-19T23:17:24+08:00][sql] SHOW FULL COLUMNS FROM `bid_record` [ RunTime:0.001199s ]
[2026-08-19T23:17:24+08:00][sql] SELECT COUNT(*) AS think_count FROM `bid_record` WHERE  `user_id` = 20 [ RunTime:0.000580s ]
[2026-08-19T23:17:24+08:00][sql] SHOW FULL COLUMNS FROM `order` [ RunTime:0.001056s ]
[2026-08-19T23:17:24+08:00][sql] SELECT COUNT(*) AS think_count FROM `order` WHERE  `buyer_id` = 20  AND `pay_status` = 1 [ RunTime:0.000594s ]
[2026-08-19T23:17:24+08:00][sql] SELECT COUNT(*) AS think_count FROM `goods` WHERE  `seller_id` = 20  AND `status` = 2 [ RunTime:0.002361s ]
[2026-08-19T23:17:24+08:00][sql] SELECT COUNT(*) AS think_count FROM `goods` WHERE  `seller_id` = 20 [ RunTime:0.000593s ]
[2026-08-19T23:17:24+08:00][sql] SELECT COUNT(*) AS think_count FROM `order` WHERE  `buyer_id` = 20  AND `pay_status` = 0  AND `order_status` = 0 [ RunTime:0.000532s ]
[2026-08-19T23:17:24+08:00][sql] SELECT COUNT(*) AS think_count FROM `order` WHERE  `seller_id` = 20  AND `order_status` = 1 [ RunTime:0.000546s ]
[2026-08-19T23:17:24+08:00][sql] SELECT COUNT(*) AS think_count FROM `order` WHERE  `buyer_id` = 20  AND `order_status` = 0  AND `pay_status` = 0 [ RunTime:0.000477s ]
[2026-08-19T23:17:24+08:00][sql] SELECT COUNT(*) AS think_count FROM `order` WHERE  `buyer_id` = 20  AND `order_status` = 1 [ RunTime:0.000373s ]
[2026-08-19T23:17:24+08:00][sql] SELECT COUNT(*) AS think_count FROM `order` WHERE  `buyer_id` = 20  AND `order_status` = 2 [ RunTime:0.000329s ]
[2026-08-19T23:17:24+08:00][sql] SELECT COUNT(*) AS think_count FROM `order` WHERE  `buyer_id` = 20  AND `order_status` = 3 [ RunTime:0.000379s ]
[2026-08-19T23:17:24+08:00][sql] SELECT COUNT(*) AS think_count FROM `order` WHERE  `seller_id` = 20  AND `order_status` = 1 [ RunTime:0.000470s ]
[2026-08-19T23:17:24+08:00][sql] SHOW FULL COLUMNS FROM `goods_favorite` [ RunTime:0.001146s ]
[2026-08-19T23:17:24+08:00][sql] SELECT COUNT(*) AS think_count FROM `goods_favorite` WHERE  `user_id` = 20 [ RunTime:0.000598s ]
[2026-08-19T23:17:24+08:00][sql] SHOW FULL COLUMNS FROM `seller_follow` [ RunTime:0.000978s ]
[2026-08-19T23:17:24+08:00][sql] SELECT COUNT(*) AS think_count FROM `seller_follow` WHERE  `user_id` = 20 [ RunTime:0.000570s ]
[2026-08-19T23:17:24+08:00][sql] SHOW FULL COLUMNS FROM `browse_history` [ RunTime:0.000943s ]
[2026-08-19T23:17:24+08:00][sql] SELECT COUNT(*) AS think_count FROM `browse_history` WHERE  `user_id` = 20 [ RunTime:0.000489s ]
[2026-08-19T23:17:24+08:00][sql] SHOW FULL COLUMNS FROM `sys_message` [ RunTime:0.002507s ]
[2026-08-19T23:17:24+08:00][sql] SELECT COUNT(*) AS think_count FROM `sys_message` WHERE  `user_id` = 20  AND `is_read` = 0 [ RunTime:0.000644s ]
[2026-08-19T23:17:24+08:00][sql] SHOW FULL COLUMNS FROM `balance_log` [ RunTime:0.001159s ]
[2026-08-19T23:17:24+08:00][sql] SELECT * FROM `balance_log` WHERE  `user_id` = 20 ORDER BY `id` DESC LIMIT 5 [ RunTime:0.000729s ]
[2026-08-19T23:17:24+08:00][sql] SELECT `b`.*,`g`.`title`,`g`.`cover`,g.status as goods_status,`g`.`end_time` FROM `bid_record` `b` LEFT JOIN `goods` `g` ON `b`.`goods_id`=`g`.`id` WHERE  `b`.`user_id` = '20' ORDER BY `b`.`id` DESC LIMIT 5 [ RunTime:0.002737s ]
[2026-08-19T23:17:24+08:00][sql] SELECT `id`,`nickname`,`mobile`,`reg_time` FROM `user` WHERE  `pid` = 20 ORDER BY `id` DESC LIMIT 10 [ RunTime:0.000629s ]
[2026-08-19T23:17:24+08:00][sql] SELECT `value` FROM `setting` WHERE  `name` = 'service_link' LIMIT 1 [ RunTime:0.000579s ]
[2026-08-19T23:17:27+08:00][sql] CONNECT:[ UseTime:0.020450s ] mysql:host=127.0.0.1;port=3306;dbname=auction;charset=utf8mb4
[2026-08-19T23:17:27+08:00][sql] SHOW FULL COLUMNS FROM `goods` [ RunTime:0.002066s ]
[2026-08-19T23:17:27+08:00][sql] SELECT `id` FROM `goods` WHERE  `status` = 1  AND `end_time` <= 1787152647 [ RunTime:0.000914s ]
[2026-08-19T23:17:27+08:00][sql] SHOW FULL COLUMNS FROM `user` [ RunTime:0.001884s ]
[2026-08-19T23:17:27+08:00][sql] SELECT * FROM `user` WHERE  `id` = 20 LIMIT 1 [ RunTime:0.000900s ]
[2026-08-19T23:17:27+08:00][sql] SHOW FULL COLUMNS FROM `setting` [ RunTime:0.001298s ]
[2026-08-19T23:17:27+08:00][sql] SELECT * FROM `setting` [ RunTime:0.000579s ]
[2026-08-19T23:17:27+08:00][sql] SHOW FULL COLUMNS FROM `sys_message` [ RunTime:0.002918s ]
[2026-08-19T23:17:27+08:00][sql] SELECT COUNT(*) AS think_count FROM `sys_message` WHERE  `user_id` = 20 [ RunTime:0.000600s ]
[2026-08-19T23:17:27+08:00][sql] SELECT * FROM `sys_message` WHERE  `user_id` = 20 ORDER BY `id` DESC LIMIT 0,15 [ RunTime:0.000664s ]
[2026-08-19T23:17:47+08:00][sql] CONNECT:[ UseTime:0.010511s ] mysql:host=127.0.0.1;port=3306;dbname=auction;charset=utf8mb4
[2026-08-19T23:17:47+08:00][sql] SHOW FULL COLUMNS FROM `goods` [ RunTime:0.002105s ]
[2026-08-19T23:17:47+08:00][sql] SELECT `id` FROM `goods` WHERE  `status` = 1  AND `end_time` <= 1787152666 [ RunTime:0.001121s ]
[2026-08-19T23:17:47+08:00][sql] SHOW FULL COLUMNS FROM `user` [ RunTime:0.002177s ]
[2026-08-19T23:17:47+08:00][sql] SELECT * FROM `user` WHERE  `id` = 20 LIMIT 1 [ RunTime:0.001104s ]
[2026-08-19T23:17:47+08:00][sql] SHOW FULL COLUMNS FROM `setting` [ RunTime:0.001464s ]
[2026-08-19T23:17:47+08:00][sql] SELECT * FROM `setting` [ RunTime:0.000856s ]
[2026-08-19T23:17:47+08:00][sql] SHOW FULL COLUMNS FROM `bid_record` [ RunTime:0.001663s ]
[2026-08-19T23:17:47+08:00][sql] SELECT COUNT(*) AS think_count FROM `bid_record` WHERE  `user_id` = 20 [ RunTime:0.001332s ]
[2026-08-19T23:17:47+08:00][sql] SHOW FULL COLUMNS FROM `order` [ RunTime:0.002212s ]
[2026-08-19T23:17:47+08:00][sql] SELECT COUNT(*) AS think_count FROM `order` WHERE  `buyer_id` = 20  AND `pay_status` = 1 [ RunTime:0.001344s ]
[2026-08-19T23:17:47+08:00][sql] SELECT COUNT(*) AS think_count FROM `goods` WHERE  `seller_id` = 20  AND `status` = 2 [ RunTime:0.003604s ]
[2026-08-19T23:17:47+08:00][sql] SELECT COUNT(*) AS think_count FROM `goods` WHERE  `seller_id` = 20 [ RunTime:0.001085s ]
[2026-08-19T23:17:47+08:00][sql] SELECT COUNT(*) AS think_count FROM `order` WHERE  `buyer_id` = 20  AND `pay_status` = 0  AND `order_status` = 0 [ RunTime:0.001057s ]
[2026-08-19T23:17:47+08:00][sql] SELECT COUNT(*) AS think_count FROM `order` WHERE  `seller_id` = 20  AND `order_status` = 1 [ RunTime:0.001108s ]
[2026-08-19T23:17:47+08:00][sql] SELECT COUNT(*) AS think_count FROM `order` WHERE  `buyer_id` = 20  AND `order_status` = 0  AND `pay_status` = 0 [ RunTime:0.001079s ]
[2026-08-19T23:17:47+08:00][sql] SELECT COUNT(*) AS think_count FROM `order` WHERE  `buyer_id` = 20  AND `order_status` = 1 [ RunTime:0.001272s ]
[2026-08-19T23:17:47+08:00][sql] SELECT COUNT(*) AS think_count FROM `order` WHERE  `buyer_id` = 20  AND `order_status` = 2 [ RunTime:0.001286s ]
[2026-08-19T23:17:47+08:00][sql] SELECT COUNT(*) AS think_count FROM `order` WHERE  `buyer_id` = 20  AND `order_status` = 3 [ RunTime:0.000679s ]
[2026-08-19T23:17:47+08:00][sql] SELECT COUNT(*) AS think_count FROM `order` WHERE  `seller_id` = 20  AND `order_status` = 1 [ RunTime:0.001012s ]
[2026-08-19T23:17:47+08:00][sql] SHOW FULL COLUMNS FROM `goods_favorite` [ RunTime:0.001986s ]
[2026-08-19T23:17:47+08:00][sql] SELECT COUNT(*) AS think_count FROM `goods_favorite` WHERE  `user_id` = 20 [ RunTime:0.001039s ]
[2026-08-19T23:17:47+08:00][sql] SHOW FULL COLUMNS FROM `seller_follow` [ RunTime:0.001828s ]
[2026-08-19T23:17:47+08:00][sql] SELECT COUNT(*) AS think_count FROM `seller_follow` WHERE  `user_id` = 20 [ RunTime:0.000967s ]
[2026-08-19T23:17:47+08:00][sql] SHOW FULL COLUMNS FROM `browse_history` [ RunTime:0.001542s ]
[2026-08-19T23:17:47+08:00][sql] SELECT COUNT(*) AS think_count FROM `browse_history` WHERE  `user_id` = 20 [ RunTime:0.001029s ]
[2026-08-19T23:17:47+08:00][sql] SHOW FULL COLUMNS FROM `sys_message` [ RunTime:0.003798s ]
[2026-08-19T23:17:47+08:00][sql] SELECT COUNT(*) AS think_count FROM `sys_message` WHERE  `user_id` = 20  AND `is_read` = 0 [ RunTime:0.001107s ]
[2026-08-19T23:17:47+08:00][sql] SHOW FULL COLUMNS FROM `balance_log` [ RunTime:0.001701s ]
[2026-08-19T23:17:47+08:00][sql] SELECT * FROM `balance_log` WHERE  `user_id` = 20 ORDER BY `id` DESC LIMIT 5 [ RunTime:0.001171s ]
[2026-08-19T23:17:47+08:00][sql] SELECT `b`.*,`g`.`title`,`g`.`cover`,g.status as goods_status,`g`.`end_time` FROM `bid_record` `b` LEFT JOIN `goods` `g` ON `b`.`goods_id`=`g`.`id` WHERE  `b`.`user_id` = '20' ORDER BY `b`.`id` DESC LIMIT 5 [ RunTime:0.000872s ]
[2026-08-19T23:17:47+08:00][sql] SELECT `id`,`nickname`,`mobile`,`reg_time` FROM `user` WHERE  `pid` = 20 ORDER BY `id` DESC LIMIT 10 [ RunTime:0.000464s ]
[2026-08-19T23:17:47+08:00][sql] SELECT `value` FROM `setting` WHERE  `name` = 'service_link' LIMIT 1 [ RunTime:0.000882s ]
[2026-08-19T23:18:01+08:00][sql] CONNECT:[ UseTime:0.015926s ] mysql:host=127.0.0.1;port=3306;dbname=auction;charset=utf8mb4
[2026-08-19T23:18:01+08:00][sql] SHOW FULL COLUMNS FROM `goods` [ RunTime:0.001192s ]
[2026-08-19T23:18:01+08:00][sql] SELECT `id` FROM `goods` WHERE  `status` = 1  AND `end_time` <= 1787152681 [ RunTime:0.000618s ]
[2026-08-19T23:18:01+08:00][sql] SHOW FULL COLUMNS FROM `user` [ RunTime:0.001000s ]
[2026-08-19T23:18:01+08:00][sql] SELECT * FROM `user` WHERE  `id` = 20 LIMIT 1 [ RunTime:0.001160s ]
[2026-08-19T23:18:01+08:00][sql] SHOW FULL COLUMNS FROM `setting` [ RunTime:0.001585s ]
[2026-08-19T23:18:01+08:00][sql] SELECT * FROM `setting` [ RunTime:0.000890s ]
[2026-08-19T23:18:01+08:00][sql] SHOW FULL COLUMNS FROM `sys_message` [ RunTime:0.003714s ]
[2026-08-19T23:18:01+08:00][sql] SELECT COUNT(*) AS think_count FROM `sys_message` WHERE  `user_id` = 20 [ RunTime:0.000696s ]
[2026-08-19T23:18:01+08:00][sql] SELECT * FROM `sys_message` WHERE  `user_id` = 20 ORDER BY `id` DESC LIMIT 0,15 [ RunTime:0.000646s ]
[2026-08-19T23:18:02+08:00][sql] CONNECT:[ UseTime:0.023868s ] mysql:host=127.0.0.1;port=3306;dbname=auction;charset=utf8mb4
[2026-08-19T23:18:02+08:00][sql] SHOW FULL COLUMNS FROM `goods` [ RunTime:0.002408s ]
[2026-08-19T23:18:02+08:00][sql] SELECT `id` FROM `goods` WHERE  `status` = 1  AND `end_time` <= 1787152682 [ RunTime:0.001203s ]
[2026-08-19T23:18:02+08:00][sql] SHOW FULL COLUMNS FROM `user` [ RunTime:0.002080s ]
[2026-08-19T23:18:02+08:00][sql] SELECT * FROM `user` WHERE  `id` = 20 LIMIT 1 [ RunTime:0.001093s ]
[2026-08-19T23:18:02+08:00][sql] SHOW FULL COLUMNS FROM `setting` [ RunTime:0.001596s ]
[2026-08-19T23:18:02+08:00][sql] SELECT * FROM `setting` [ RunTime:0.000886s ]
[2026-08-19T23:18:02+08:00][sql] SHOW FULL COLUMNS FROM `sys_message` [ RunTime:0.004677s ]
[2026-08-19T23:18:02+08:00][sql] SELECT * FROM `sys_message` WHERE  `id` = 2  AND `user_id` = 20 LIMIT 1 [ RunTime:0.000959s ]
[2026-08-19T23:18:02+08:00][sql] UPDATE `sys_message`  SET `is_read` = 1  WHERE  `id` = 2 [ RunTime:0.002417s ]
[2026-08-19T23:18:28+08:00][sql] CONNECT:[ UseTime:0.002480s ] mysql:host=127.0.0.1;port=3306;dbname=auction;charset=utf8mb4
[2026-08-19T23:18:28+08:00][sql] SHOW FULL COLUMNS FROM `goods` [ RunTime:0.001564s ]
[2026-08-19T23:18:28+08:00][sql] SELECT `id` FROM `goods` WHERE  `status` = 1  AND `end_time` <= 1787152708 [ RunTime:0.000742s ]
[2026-08-19T23:18:28+08:00][sql] SHOW FULL COLUMNS FROM `user` [ RunTime:0.001359s ]
[2026-08-19T23:18:28+08:00][sql] SELECT * FROM `user` WHERE  `id` = 20 LIMIT 1 [ RunTime:0.000830s ]
[2026-08-19T23:18:28+08:00][sql] SHOW FULL COLUMNS FROM `setting` [ RunTime:0.001061s ]
[2026-08-19T23:18:28+08:00][sql] SELECT * FROM `setting` [ RunTime:0.000670s ]
[2026-08-19T23:18:28+08:00][sql] SHOW FULL COLUMNS FROM `bid_record` [ RunTime:0.001129s ]
[2026-08-19T23:18:28+08:00][sql] SELECT COUNT(*) AS think_count FROM `bid_record` `b` LEFT JOIN `goods` `g` ON `b`.`goods_id`=`g`.`id` WHERE  `b`.`user_id` = '20' [ RunTime:0.000691s ]
[2026-08-19T23:18:28+08:00][sql] SELECT `b`.*,`g`.`title`,`g`.`cover`,g.status as goods_status,`g`.`end_time`,`g`.`final_price`,`g`.`winner_id` FROM `bid_record` `b` LEFT JOIN `goods` `g` ON `b`.`goods_id`=`g`.`id` WHERE  `b`.`user_id` = '20' ORDER BY `b`.`id` DESC LIMIT 0,15 [ RunTime:0.000704s ]
[2026-08-19T23:18:34+08:00][sql] CONNECT:[ UseTime:0.023765s ] mysql:host=127.0.0.1;port=3306;dbname=auction;charset=utf8mb4
[2026-08-19T23:18:34+08:00][sql] SHOW FULL COLUMNS FROM `goods` [ RunTime:0.002407s ]
[2026-08-19T23:18:34+08:00][sql] SELECT `id` FROM `goods` WHERE  `status` = 1  AND `end_time` <= 1787152714 [ RunTime:0.001060s ]
[2026-08-19T23:18:34+08:00][sql] SHOW FULL COLUMNS FROM `user` [ RunTime:0.002057s ]
[2026-08-19T23:18:34+08:00][sql] SELECT * FROM `user` WHERE  `id` = 20 LIMIT 1 [ RunTime:0.001032s ]
[2026-08-19T23:18:34+08:00][sql] SHOW FULL COLUMNS FROM `setting` [ RunTime:0.001521s ]
[2026-08-19T23:18:34+08:00][sql] SELECT * FROM `setting` [ RunTime:0.000899s ]
[2026-08-19T23:18:34+08:00][sql] CONNECT:[ UseTime:0.010202s ] mysql:host=127.0.0.1;port=3306;dbname=auction;charset=utf8mb4
[2026-08-19T23:18:34+08:00][sql] SHOW FULL COLUMNS FROM `goods` [ RunTime:0.002358s ]
[2026-08-19T23:18:34+08:00][sql] SELECT `id` FROM `goods` WHERE  `status` = 1  AND `end_time` <= 1787152714 [ RunTime:0.001045s ]
[2026-08-19T23:18:34+08:00][sql] SHOW FULL COLUMNS FROM `setting` [ RunTime:0.001607s ]
[2026-08-19T23:18:34+08:00][sql] SELECT * FROM `setting` [ RunTime:0.000949s ]
[2026-08-19T23:18:34+08:00][sql] SELECT COUNT(*) AS think_count FROM `goods` `g` LEFT JOIN `user` `u` ON `g`.`seller_id`=`u`.`id` WHERE  `g`.`status` = '1'  AND `g`.`start_time` <= '1787152714'  AND `g`.`end_time` > '1787152714' [ RunTime:0.001173s ]
[2026-08-19T23:18:34+08:00][sql] SELECT `g`.*,u.nickname as seller_name FROM `goods` `g` LEFT JOIN `user` `u` ON `g`.`seller_id`=`u`.`id` WHERE  `g`.`status` = '1'  AND `g`.`start_time` <= '1787152714'  AND `g`.`end_time` > '1787152714' ORDER BY `g`.`end_time` ASC,`g`.`id` DESC LIMIT 0,10 [ RunTime:0.001513s ]
[2026-08-19T23:18:34+08:00][sql] SHOW FULL COLUMNS FROM `bid_record` [ RunTime:0.001481s ]
[2026-08-19T23:18:34+08:00][sql] SELECT MAX(`price`) AS think_max FROM `bid_record` WHERE  `goods_id` = 33  AND `status` = 0 [ RunTime:0.001004s ]
[2026-08-19T23:18:34+08:00][sql] SELECT MAX(`price`) AS think_max FROM `bid_record` WHERE  `goods_id` = 30  AND `status` = 0 [ RunTime:0.000930s ]
[2026-08-19T23:18:34+08:00][sql] SHOW FULL COLUMNS FROM `category` [ RunTime:0.002003s ]
[2026-08-19T23:18:34+08:00][sql] SELECT * FROM `category` WHERE  `status` = 1 ORDER BY `sort` ASC [ RunTime:0.001215s ]
[2026-08-19T23:18:34+08:00][sql] SELECT `b`.`price`,`b`.`create_time`,`g`.`title`,`u`.`nickname` FROM `bid_record` `b` LEFT JOIN `goods` `g` ON `b`.`goods_id`=`g`.`id` LEFT JOIN `user` `u` ON `b`.`user_id`=`u`.`id` WHERE  `b`.`status` = '1' ORDER BY `b`.`id` DESC LIMIT 5 [ RunTime:0.001032s ]
[2026-08-19T23:18:34+08:00][sql] SHOW FULL COLUMNS FROM `news` [ RunTime:0.004179s ]
[2026-08-19T23:18:34+08:00][sql] SELECT `id`,`title`,`create_time` FROM `news` WHERE  `status` = 1 ORDER BY `id` DESC LIMIT 3 [ RunTime:0.001077s ]
[2026-08-19T23:18:34+08:00][sql] SHOW FULL COLUMNS FROM `banner` [ RunTime:0.004046s ]
[2026-08-19T23:18:34+08:00][sql] SELECT * FROM `banner` WHERE  `status` = 1 ORDER BY `sort` ASC,`id` ASC [ RunTime:0.000965s ]
[2026-08-19T23:18:36+08:00][sql] CONNECT:[ UseTime:0.026387s ] mysql:host=127.0.0.1;port=3306;dbname=auction;charset=utf8mb4
[2026-08-19T23:18:36+08:00][sql] SHOW FULL COLUMNS FROM `goods` [ RunTime:0.002351s ]
[2026-08-19T23:18:36+08:00][sql] SELECT `id` FROM `goods` WHERE  `status` = 1  AND `end_time` <= 1787152715 [ RunTime:0.001219s ]
[2026-08-19T23:18:36+08:00][sql] SHOW FULL COLUMNS FROM `setting` [ RunTime:0.001466s ]
[2026-08-19T23:18:36+08:00][sql] SELECT * FROM `setting` [ RunTime:0.000829s ]
[2026-08-19T23:18:36+08:00][sql] CONNECT:[ UseTime:0.022638s ] mysql:host=127.0.0.1;port=3306;dbname=auction;charset=utf8mb4
[2026-08-19T23:18:36+08:00][sql] SHOW FULL COLUMNS FROM `goods` [ RunTime:0.001753s ]
[2026-08-19T23:18:36+08:00][sql] SELECT `id` FROM `goods` WHERE  `status` = 1  AND `end_time` <= 1787152716 [ RunTime:0.001526s ]
[2026-08-19T23:18:36+08:00][sql] SHOW FULL COLUMNS FROM `setting` [ RunTime:0.002056s ]
[2026-08-19T23:18:36+08:00][sql] SELECT * FROM `setting` [ RunTime:0.001269s ]
[2026-08-19T23:18:41+08:00][sql] CONNECT:[ UseTime:0.016446s ] mysql:host=127.0.0.1;port=3306;dbname=auction;charset=utf8mb4
[2026-08-19T23:18:41+08:00][sql] SHOW FULL COLUMNS FROM `goods` [ RunTime:0.002274s ]
[2026-08-19T23:18:41+08:00][sql] SELECT `id` FROM `goods` WHERE  `status` = 1  AND `end_time` <= 1787152721 [ RunTime:0.001196s ]
[2026-08-19T23:18:41+08:00][sql] SHOW FULL COLUMNS FROM `setting` [ RunTime:0.001673s ]
[2026-08-19T23:18:41+08:00][sql] SELECT * FROM `setting` [ RunTime:0.000952s ]
[2026-08-19T23:18:41+08:00][sql] SHOW FULL COLUMNS FROM `user` [ RunTime:0.001849s ]
[2026-08-19T23:18:41+08:00][sql] SELECT * FROM `user` WHERE  `mobile` = '15555555555' LIMIT 1 [ RunTime:0.001223s ]
[2026-08-19T23:18:41+08:00][sql] UPDATE `user`  SET `last_login_time` = 1787152721 , `update_time` = 1787152721  WHERE  `id` = 25 [ RunTime:0.005688s ]
[2026-08-19T23:18:42+08:00][sql] CONNECT:[ UseTime:0.023331s ] mysql:host=127.0.0.1;port=3306;dbname=auction;charset=utf8mb4
[2026-08-19T23:18:42+08:00][sql] SHOW FULL COLUMNS FROM `goods` [ RunTime:0.001802s ]
[2026-08-19T23:18:42+08:00][sql] SELECT `id` FROM `goods` WHERE  `status` = 1  AND `end_time` <= 1787152721 [ RunTime:0.001193s ]
[2026-08-19T23:18:42+08:00][sql] SHOW FULL COLUMNS FROM `user` [ RunTime:0.002150s ]
[2026-08-19T23:18:42+08:00][sql] SELECT * FROM `user` WHERE  `id` = 25 LIMIT 1 [ RunTime:0.001120s ]
[2026-08-19T23:18:42+08:00][sql] SHOW FULL COLUMNS FROM `setting` [ RunTime:0.001544s ]
[2026-08-19T23:18:42+08:00][sql] SELECT * FROM `setting` [ RunTime:0.000998s ]
[2026-08-19T23:18:42+08:00][sql] SHOW FULL COLUMNS FROM `bid_record` [ RunTime:0.002048s ]
[2026-08-19T23:18:42+08:00][sql] SELECT COUNT(*) AS think_count FROM `bid_record` WHERE  `user_id` = 25 [ RunTime:0.000685s ]
[2026-08-19T23:18:42+08:00][sql] SHOW FULL COLUMNS FROM `order` [ RunTime:0.002278s ]
[2026-08-19T23:18:42+08:00][sql] SELECT COUNT(*) AS think_count FROM `order` WHERE  `buyer_id` = 25  AND `pay_status` = 1 [ RunTime:0.001169s ]
[2026-08-19T23:18:42+08:00][sql] SELECT COUNT(*) AS think_count FROM `goods` WHERE  `seller_id` = 25  AND `status` = 2 [ RunTime:0.003295s ]
[2026-08-19T23:18:42+08:00][sql] SELECT COUNT(*) AS think_count FROM `goods` WHERE  `seller_id` = 25 [ RunTime:0.000950s ]
[2026-08-19T23:18:42+08:00][sql] SELECT COUNT(*) AS think_count FROM `order` WHERE  `buyer_id` = 25  AND `pay_status` = 0  AND `order_status` = 0 [ RunTime:0.000920s ]
[2026-08-19T23:18:42+08:00][sql] SELECT COUNT(*) AS think_count FROM `order` WHERE  `seller_id` = 25  AND `order_status` = 1 [ RunTime:0.000991s ]
[2026-08-19T23:18:42+08:00][sql] SELECT COUNT(*) AS think_count FROM `order` WHERE  `buyer_id` = 25  AND `order_status` = 0  AND `pay_status` = 0 [ RunTime:0.000918s ]
[2026-08-19T23:18:42+08:00][sql] SELECT COUNT(*) AS think_count FROM `order` WHERE  `buyer_id` = 25  AND `order_status` = 1 [ RunTime:0.001100s ]
[2026-08-19T23:18:42+08:00][sql] SELECT COUNT(*) AS think_count FROM `order` WHERE  `buyer_id` = 25  AND `order_status` = 2 [ RunTime:0.001273s ]
[2026-08-19T23:18:42+08:00][sql] SELECT COUNT(*) AS think_count FROM `order` WHERE  `buyer_id` = 25  AND `order_status` = 3 [ RunTime:0.001255s ]
[2026-08-19T23:18:42+08:00][sql] SELECT COUNT(*) AS think_count FROM `order` WHERE  `seller_id` = 25  AND `order_status` = 1 [ RunTime:0.001139s ]
[2026-08-19T23:18:42+08:00][sql] SHOW FULL COLUMNS FROM `goods_favorite` [ RunTime:0.001836s ]
[2026-08-19T23:18:42+08:00][sql] SELECT COUNT(*) AS think_count FROM `goods_favorite` WHERE  `user_id` = 25 [ RunTime:0.001161s ]
[2026-08-19T23:18:42+08:00][sql] SHOW FULL COLUMNS FROM `seller_follow` [ RunTime:0.001582s ]
[2026-08-19T23:18:42+08:00][sql] SELECT COUNT(*) AS think_count FROM `seller_follow` WHERE  `user_id` = 25 [ RunTime:0.000883s ]
[2026-08-19T23:18:42+08:00][sql] SHOW FULL COLUMNS FROM `browse_history` [ RunTime:0.001710s ]
[2026-08-19T23:18:42+08:00][sql] SELECT COUNT(*) AS think_count FROM `browse_history` WHERE  `user_id` = 25 [ RunTime:0.000946s ]
[2026-08-19T23:18:42+08:00][sql] SHOW FULL COLUMNS FROM `sys_message` [ RunTime:0.001691s ]
[2026-08-19T23:18:42+08:00][sql] SELECT COUNT(*) AS think_count FROM `sys_message` WHERE  `user_id` = 25  AND `is_read` = 0 [ RunTime:0.001179s ]
[2026-08-19T23:18:42+08:00][sql] SHOW FULL COLUMNS FROM `balance_log` [ RunTime:0.002166s ]
[2026-08-19T23:18:42+08:00][sql] SELECT * FROM `balance_log` WHERE  `user_id` = 25 ORDER BY `id` DESC LIMIT 5 [ RunTime:0.001389s ]
[2026-08-19T23:18:42+08:00][sql] SELECT `b`.*,`g`.`title`,`g`.`cover`,g.status as goods_status,`g`.`end_time` FROM `bid_record` `b` LEFT JOIN `goods` `g` ON `b`.`goods_id`=`g`.`id` WHERE  `b`.`user_id` = '25' ORDER BY `b`.`id` DESC LIMIT 5 [ RunTime:0.001311s ]
[2026-08-19T23:18:42+08:00][sql] SELECT `id`,`nickname`,`mobile`,`reg_time` FROM `user` WHERE  `pid` = 25 ORDER BY `id` DESC LIMIT 10 [ RunTime:0.001044s ]
[2026-08-19T23:18:42+08:00][sql] SELECT `value` FROM `setting` WHERE  `name` = 'service_link' LIMIT 1 [ RunTime:0.000914s ]
[2026-08-19T23:18:43+08:00][sql] CONNECT:[ UseTime:0.014937s ] mysql:host=127.0.0.1;port=3306;dbname=auction;charset=utf8mb4
[2026-08-19T23:18:43+08:00][sql] SHOW FULL COLUMNS FROM `goods` [ RunTime:0.002132s ]
[2026-08-19T23:18:43+08:00][sql] SELECT `id` FROM `goods` WHERE  `status` = 1  AND `end_time` <= 1787152723 [ RunTime:0.001155s ]
[2026-08-19T23:18:43+08:00][sql] SHOW FULL COLUMNS FROM `user` [ RunTime:0.001991s ]
[2026-08-19T23:18:43+08:00][sql] SELECT * FROM `user` WHERE  `id` = 25 LIMIT 1 [ RunTime:0.001109s ]
[2026-08-19T23:18:43+08:00][sql] SHOW FULL COLUMNS FROM `setting` [ RunTime:0.001531s ]
[2026-08-19T23:18:43+08:00][sql] SELECT * FROM `setting` [ RunTime:0.000876s ]
[2026-08-19T23:18:43+08:00][sql] SHOW FULL COLUMNS FROM `bid_record` [ RunTime:0.001595s ]
[2026-08-19T23:18:43+08:00][sql] SELECT COUNT(*) AS think_count FROM `bid_record` `b` LEFT JOIN `goods` `g` ON `b`.`goods_id`=`g`.`id` WHERE  `b`.`user_id` = '25' [ RunTime:0.000912s ]
[2026-08-19T23:18:43+08:00][sql] SELECT `b`.*,`g`.`title`,`g`.`cover`,g.status as goods_status,`g`.`end_time`,`g`.`final_price`,`g`.`winner_id` FROM `bid_record` `b` LEFT JOIN `goods` `g` ON `b`.`goods_id`=`g`.`id` WHERE  `b`.`user_id` = '25' ORDER BY `b`.`id` DESC LIMIT 0,15 [ RunTime:0.000856s ]
[2026-08-19T23:18:48+08:00][sql] CONNECT:[ UseTime:0.018093s ] mysql:host=127.0.0.1;port=3306;dbname=auction;charset=utf8mb4
[2026-08-19T23:18:48+08:00][sql] SHOW FULL COLUMNS FROM `goods` [ RunTime:0.001641s ]
[2026-08-19T23:18:48+08:00][sql] SELECT `id` FROM `goods` WHERE  `status` = 1  AND `end_time` <= 1787152728 [ RunTime:0.001072s ]
[2026-08-19T23:18:48+08:00][sql] SHOW FULL COLUMNS FROM `user` [ RunTime:0.002136s ]
[2026-08-19T23:18:48+08:00][sql] SELECT * FROM `user` WHERE  `id` = 25 LIMIT 1 [ RunTime:0.001049s ]
[2026-08-19T23:18:48+08:00][sql] SHOW FULL COLUMNS FROM `setting` [ RunTime:0.001610s ]
[2026-08-19T23:18:48+08:00][sql] SELECT * FROM `setting` [ RunTime:0.000878s ]
[2026-08-19T23:18:48+08:00][sql] SELECT COUNT(*) AS think_count FROM `goods` `g` LEFT JOIN `user` `u` ON `g`.`seller_id`=`u`.`id` WHERE  `g`.`status` = '1'  AND `g`.`start_time` <= '1787152728'  AND `g`.`end_time` > '1787152728' [ RunTime:0.001347s ]
[2026-08-19T23:18:48+08:00][sql] SELECT `g`.*,u.nickname as seller_name FROM `goods` `g` LEFT JOIN `user` `u` ON `g`.`seller_id`=`u`.`id` WHERE  `g`.`status` = '1'  AND `g`.`start_time` <= '1787152728'  AND `g`.`end_time` > '1787152728' ORDER BY `g`.`end_time` ASC,`g`.`id` DESC LIMIT 0,10 [ RunTime:0.001437s ]
[2026-08-19T23:18:48+08:00][sql] SHOW FULL COLUMNS FROM `bid_record` [ RunTime:0.001953s ]
[2026-08-19T23:18:48+08:00][sql] SELECT MAX(`price`) AS think_max FROM `bid_record` WHERE  `goods_id` = 33  AND `status` = 0 [ RunTime:0.001058s ]
[2026-08-19T23:18:48+08:00][sql] SELECT MAX(`price`) AS think_max FROM `bid_record` WHERE  `goods_id` = 30  AND `status` = 0 [ RunTime:0.000994s ]
[2026-08-19T23:18:48+08:00][sql] SHOW FULL COLUMNS FROM `category` [ RunTime:0.001777s ]
[2026-08-19T23:18:48+08:00][sql] SELECT * FROM `category` WHERE  `status` = 1 ORDER BY `sort` ASC [ RunTime:0.001034s ]
[2026-08-19T23:18:48+08:00][sql] SELECT `b`.`price`,`b`.`create_time`,`g`.`title`,`u`.`nickname` FROM `bid_record` `b` LEFT JOIN `goods` `g` ON `b`.`goods_id`=`g`.`id` LEFT JOIN `user` `u` ON `b`.`user_id`=`u`.`id` WHERE  `b`.`status` = '1' ORDER BY `b`.`id` DESC LIMIT 5 [ RunTime:0.001028s ]
[2026-08-19T23:18:48+08:00][sql] SHOW FULL COLUMNS FROM `news` [ RunTime:0.001703s ]
[2026-08-19T23:18:48+08:00][sql] SELECT `id`,`title`,`create_time` FROM `news` WHERE  `status` = 1 ORDER BY `id` DESC LIMIT 3 [ RunTime:0.000930s ]
[2026-08-19T23:18:48+08:00][sql] SHOW FULL COLUMNS FROM `banner` [ RunTime:0.001825s ]
[2026-08-19T23:18:48+08:00][sql] SELECT * FROM `banner` WHERE  `status` = 1 ORDER BY `sort` ASC,`id` ASC [ RunTime:0.000978s ]
[2026-08-19T23:18:51+08:00][sql] CONNECT:[ UseTime:0.002613s ] mysql:host=127.0.0.1;port=3306;dbname=auction;charset=utf8mb4
[2026-08-19T23:18:51+08:00][sql] SHOW FULL COLUMNS FROM `goods` [ RunTime:0.001726s ]
[2026-08-19T23:18:51+08:00][sql] SELECT `id` FROM `goods` WHERE  `status` = 1  AND `end_time` <= 1787152731 [ RunTime:0.001008s ]
[2026-08-19T23:18:51+08:00][sql] SHOW FULL COLUMNS FROM `user` [ RunTime:0.001560s ]
[2026-08-19T23:18:51+08:00][sql] SELECT * FROM `user` WHERE  `id` = 25 LIMIT 1 [ RunTime:0.000971s ]
[2026-08-19T23:18:51+08:00][sql] SHOW FULL COLUMNS FROM `setting` [ RunTime:0.001155s ]
[2026-08-19T23:18:51+08:00][sql] SELECT * FROM `setting` [ RunTime:0.000667s ]
[2026-08-19T23:18:51+08:00][sql] SELECT `g`.*,u.nickname as seller_name,u.shop_name as seller_shop,u.avatar as seller_avatar,`u`.`seller_intro`,u.deposit as seller_deposit,`u`.`shop_score`,`u`.`fans_count`,c.name as category_name FROM `goods` `g` LEFT JOIN `user` `u` ON `g`.`seller_id`=`u`.`id` LEFT JOIN `category` `c` ON `g`.`category_id`=`c`.`id` WHERE  `g`.`id` = '33' LIMIT 1 [ RunTime:0.001025s ]
[2026-08-19T23:18:51+08:00][sql] UPDATE `goods`  SET `view_count` = `view_count` + 1  WHERE  `id` = 33 [ RunTime:0.001902s ]
[2026-08-19T23:18:51+08:00][sql] SHOW FULL COLUMNS FROM `bid_record` [ RunTime:0.001118s ]
[2026-08-19T23:18:51+08:00][sql] SELECT `b`.*,`u`.`nickname`,`u`.`mobile` FROM `bid_record` `b` LEFT JOIN `user` `u` ON `b`.`user_id`=`u`.`id` WHERE  `b`.`goods_id` = '33'  AND `b`.`status` = '0' ORDER BY `b`.`price` DESC,`b`.`id` ASC LIMIT 1 [ RunTime:0.000880s ]
[2026-08-19T23:18:51+08:00][sql] SELECT `b`.*,`u`.`nickname`,`u`.`mobile` FROM `bid_record` `b` LEFT JOIN `user` `u` ON `b`.`user_id`=`u`.`id` WHERE  `b`.`goods_id` = '33' ORDER BY `b`.`price` DESC,`b`.`id` ASC LIMIT 50 [ RunTime:0.000946s ]
[2026-08-19T23:18:51+08:00][sql] SELECT MAX(`price`) AS think_max FROM `bid_record` WHERE  `goods_id` = 33  AND `user_id` = 25  AND `status` = 0 [ RunTime:0.000872s ]
[2026-08-19T23:18:51+08:00][sql] SELECT MAX(`deposit`) AS think_max FROM `bid_record` WHERE  `goods_id` = 33  AND `user_id` = 25  AND `deposit` > '0' [ RunTime:0.000776s ]
[2026-08-19T23:18:51+08:00][sql] SHOW FULL COLUMNS FROM `browse_history` [ RunTime:0.001451s ]
[2026-08-19T23:18:51+08:00][sql] REPLACE INTO `browse_history` SET `user_id` = 25 , `goods_id` = 33 , `create_time` = 1787152731 [ RunTime:0.002215s ]
[2026-08-19T23:18:51+08:00][sql] SHOW FULL COLUMNS FROM `goods_favorite` [ RunTime:0.001506s ]
[2026-08-19T23:18:51+08:00][sql] SELECT COUNT(*) AS think_count FROM `goods_favorite` WHERE  `user_id` = 25  AND `goods_id` = 33 [ RunTime:0.000887s ]
[2026-08-19T23:18:51+08:00][sql] SHOW FULL COLUMNS FROM `seller_follow` [ RunTime:0.001383s ]
[2026-08-19T23:18:51+08:00][sql] SELECT COUNT(*) AS think_count FROM `seller_follow` WHERE  `user_id` = 25  AND `seller_id` = 25 [ RunTime:0.000822s ]
[2026-08-19T23:18:54+08:00][sql] CONNECT:[ UseTime:0.020649s ] mysql:host=127.0.0.1;port=3306;dbname=auction;charset=utf8mb4
[2026-08-19T23:18:54+08:00][sql] SHOW FULL COLUMNS FROM `goods` [ RunTime:0.002409s ]
[2026-08-19T23:18:54+08:00][sql] SELECT `id` FROM `goods` WHERE  `status` = 1  AND `end_time` <= 1787152734 [ RunTime:0.001161s ]
[2026-08-19T23:18:54+08:00][sql] SHOW FULL COLUMNS FROM `user` [ RunTime:0.001908s ]
[2026-08-19T23:18:54+08:00][sql] SELECT * FROM `user` WHERE  `id` = 25 LIMIT 1 [ RunTime:0.001132s ]
[2026-08-19T23:18:54+08:00][sql] SHOW FULL COLUMNS FROM `setting` [ RunTime:0.001639s ]
[2026-08-19T23:18:54+08:00][sql] SELECT * FROM `setting` [ RunTime:0.000919s ]
[2026-08-19T23:18:54+08:00][sql] SELECT * FROM `goods` WHERE  `id` = 33 LIMIT 1   FOR UPDATE [ RunTime:0.001266s ]
[2026-08-19T23:18:57+08:00][sql] CONNECT:[ UseTime:0.018754s ] mysql:host=127.0.0.1;port=3306;dbname=auction;charset=utf8mb4
[2026-08-19T23:18:57+08:00][sql] SHOW FULL COLUMNS FROM `goods` [ RunTime:0.001914s ]
[2026-08-19T23:18:57+08:00][sql] SELECT `id` FROM `goods` WHERE  `status` = 1  AND `end_time` <= 1787152737 [ RunTime:0.000966s ]
[2026-08-19T23:18:57+08:00][sql] SHOW FULL COLUMNS FROM `user` [ RunTime:0.001639s ]
[2026-08-19T23:18:57+08:00][sql] SELECT * FROM `user` WHERE  `id` = 25 LIMIT 1 [ RunTime:0.000899s ]
[2026-08-19T23:18:57+08:00][sql] SHOW FULL COLUMNS FROM `setting` [ RunTime:0.001302s ]
[2026-08-19T23:18:57+08:00][sql] SELECT * FROM `setting` [ RunTime:0.000684s ]
[2026-08-19T23:18:57+08:00][sql] SELECT `g`.*,u.nickname as seller_name,u.shop_name as seller_shop,u.avatar as seller_avatar,`u`.`seller_intro`,u.deposit as seller_deposit,`u`.`shop_score`,`u`.`fans_count`,c.name as category_name FROM `goods` `g` LEFT JOIN `user` `u` ON `g`.`seller_id`=`u`.`id` LEFT JOIN `category` `c` ON `g`.`category_id`=`c`.`id` WHERE  `g`.`id` = '30' LIMIT 1 [ RunTime:0.002977s ]
[2026-08-19T23:18:57+08:00][sql] UPDATE `goods`  SET `view_count` = `view_count` + 1  WHERE  `id` = 30 [ RunTime:0.005050s ]
[2026-08-19T23:18:57+08:00][sql] SHOW FULL COLUMNS FROM `bid_record` [ RunTime:0.001290s ]
[2026-08-19T23:18:57+08:00][sql] SELECT `b`.*,`u`.`nickname`,`u`.`mobile` FROM `bid_record` `b` LEFT JOIN `user` `u` ON `b`.`user_id`=`u`.`id` WHERE  `b`.`goods_id` = '30'  AND `b`.`status` = '0' ORDER BY `b`.`price` DESC,`b`.`id` ASC LIMIT 1 [ RunTime:0.001027s ]
[2026-08-19T23:18:57+08:00][sql] SELECT `b`.*,`u`.`nickname`,`u`.`mobile` FROM `bid_record` `b` LEFT JOIN `user` `u` ON `b`.`user_id`=`u`.`id` WHERE  `b`.`goods_id` = '30' ORDER BY `b`.`price` DESC,`b`.`id` ASC LIMIT 50 [ RunTime:0.000849s ]
[2026-08-19T23:18:57+08:00][sql] SELECT MAX(`price`) AS think_max FROM `bid_record` WHERE  `goods_id` = 30  AND `user_id` = 25  AND `status` = 0 [ RunTime:0.000801s ]
[2026-08-19T23:18:57+08:00][sql] SELECT MAX(`deposit`) AS think_max FROM `bid_record` WHERE  `goods_id` = 30  AND `user_id` = 25  AND `deposit` > '0' [ RunTime:0.000806s ]
[2026-08-19T23:18:57+08:00][sql] SHOW FULL COLUMNS FROM `browse_history` [ RunTime:0.001257s ]
[2026-08-19T23:18:57+08:00][sql] REPLACE INTO `browse_history` SET `user_id` = 25 , `goods_id` = 30 , `create_time` = 1787152737 [ RunTime:0.001566s ]
[2026-08-19T23:18:57+08:00][sql] SHOW FULL COLUMNS FROM `goods_favorite` [ RunTime:0.002667s ]
[2026-08-19T23:18:57+08:00][sql] SELECT COUNT(*) AS think_count FROM `goods_favorite` WHERE  `user_id` = 25  AND `goods_id` = 30 [ RunTime:0.000963s ]
[2026-08-19T23:18:57+08:00][sql] SHOW FULL COLUMNS FROM `seller_follow` [ RunTime:0.001477s ]
[2026-08-19T23:18:57+08:00][sql] SELECT COUNT(*) AS think_count FROM `seller_follow` WHERE  `user_id` = 25  AND `seller_id` = 25 [ RunTime:0.000785s ]
[2026-08-19T23:19:00+08:00][sql] CONNECT:[ UseTime:0.021197s ] mysql:host=127.0.0.1;port=3306;dbname=auction;charset=utf8mb4
[2026-08-19T23:19:00+08:00][sql] SHOW FULL COLUMNS FROM `goods` [ RunTime:0.002249s ]
[2026-08-19T23:19:00+08:00][sql] SELECT `id` FROM `goods` WHERE  `status` = 1  AND `end_time` <= 1787152740 [ RunTime:0.001262s ]
[2026-08-19T23:19:00+08:00][sql] SHOW FULL COLUMNS FROM `user` [ RunTime:0.002383s ]
[2026-08-19T23:19:00+08:00][sql] SELECT * FROM `user` WHERE  `id` = 25 LIMIT 1 [ RunTime:0.001422s ]
[2026-08-19T23:19:00+08:00][sql] SHOW FULL COLUMNS FROM `setting` [ RunTime:0.001954s ]
[2026-08-19T23:19:00+08:00][sql] SELECT * FROM `setting` [ RunTime:0.001046s ]
[2026-08-19T23:19:00+08:00][sql] SELECT * FROM `goods` WHERE  `id` = 30 LIMIT 1   FOR UPDATE [ RunTime:0.001294s ]
[2026-08-19T23:19:05+08:00][sql] CONNECT:[ UseTime:0.002911s ] mysql:host=127.0.0.1;port=3306;dbname=auction;charset=utf8mb4
[2026-08-19T23:19:05+08:00][sql] SHOW FULL COLUMNS FROM `goods` [ RunTime:0.002369s ]
[2026-08-19T23:19:05+08:00][sql] SELECT `id` FROM `goods` WHERE  `status` = 1  AND `end_time` <= 1787152745 [ RunTime:0.001369s ]
[2026-08-19T23:19:05+08:00][sql] SHOW FULL COLUMNS FROM `user` [ RunTime:0.002199s ]
[2026-08-19T23:19:05+08:00][sql] SELECT * FROM `user` WHERE  `id` = 25 LIMIT 1 [ RunTime:0.001163s ]
[2026-08-19T23:19:05+08:00][sql] SHOW FULL COLUMNS FROM `setting` [ RunTime:0.001792s ]
[2026-08-19T23:19:05+08:00][sql] SELECT * FROM `setting` [ RunTime:0.001181s ]
[2026-08-19T23:19:05+08:00][sql] SHOW FULL COLUMNS FROM `bid_record` [ RunTime:0.002251s ]
[2026-08-19T23:19:05+08:00][sql] SELECT COUNT(*) AS think_count FROM `bid_record` WHERE  `user_id` = 25 [ RunTime:0.001129s ]
[2026-08-19T23:19:05+08:00][sql] SHOW FULL COLUMNS FROM `order` [ RunTime:0.002144s ]
[2026-08-19T23:19:05+08:00][sql] SELECT COUNT(*) AS think_count FROM `order` WHERE  `buyer_id` = 25  AND `pay_status` = 1 [ RunTime:0.001190s ]
[2026-08-19T23:19:05+08:00][sql] SELECT COUNT(*) AS think_count FROM `goods` WHERE  `seller_id` = 25  AND `status` = 2 [ RunTime:0.003258s ]
[2026-08-19T23:19:05+08:00][sql] SELECT COUNT(*) AS think_count FROM `goods` WHERE  `seller_id` = 25 [ RunTime:0.000926s ]
[2026-08-19T23:19:05+08:00][sql] SELECT COUNT(*) AS think_count FROM `order` WHERE  `buyer_id` = 25  AND `pay_status` = 0  AND `order_status` = 0 [ RunTime:0.001091s ]
[2026-08-19T23:19:05+08:00][sql] SELECT COUNT(*) AS think_count FROM `order` WHERE  `seller_id` = 25  AND `order_status` = 1 [ RunTime:0.000954s ]
[2026-08-19T23:19:05+08:00][sql] SELECT COUNT(*) AS think_count FROM `order` WHERE  `buyer_id` = 25  AND `order_status` = 0  AND `pay_status` = 0 [ RunTime:0.000954s ]
[2026-08-19T23:19:05+08:00][sql] SELECT COUNT(*) AS think_count FROM `order` WHERE  `buyer_id` = 25  AND `order_status` = 1 [ RunTime:0.001009s ]
[2026-08-19T23:19:05+08:00][sql] SELECT COUNT(*) AS think_count FROM `order` WHERE  `buyer_id` = 25  AND `order_status` = 2 [ RunTime:0.000962s ]
[2026-08-19T23:19:05+08:00][sql] SELECT COUNT(*) AS think_count FROM `order` WHERE  `buyer_id` = 25  AND `order_status` = 3 [ RunTime:0.000935s ]
[2026-08-19T23:19:05+08:00][sql] SELECT COUNT(*) AS think_count FROM `order` WHERE  `seller_id` = 25  AND `order_status` = 1 [ RunTime:0.001010s ]
[2026-08-19T23:19:05+08:00][sql] SHOW FULL COLUMNS FROM `goods_favorite` [ RunTime:0.001760s ]
[2026-08-19T23:19:05+08:00][sql] SELECT COUNT(*) AS think_count FROM `goods_favorite` WHERE  `user_id` = 25 [ RunTime:0.001023s ]
[2026-08-19T23:19:05+08:00][sql] SHOW FULL COLUMNS FROM `seller_follow` [ RunTime:0.001604s ]
[2026-08-19T23:19:05+08:00][sql] SELECT COUNT(*) AS think_count FROM `seller_follow` WHERE  `user_id` = 25 [ RunTime:0.000928s ]
[2026-08-19T23:19:05+08:00][sql] SHOW FULL COLUMNS FROM `browse_history` [ RunTime:0.001493s ]
[2026-08-19T23:19:05+08:00][sql] SELECT COUNT(*) AS think_count FROM `browse_history` WHERE  `user_id` = 25 [ RunTime:0.001070s ]
[2026-08-19T23:19:05+08:00][sql] SHOW FULL COLUMNS FROM `sys_message` [ RunTime:0.001500s ]
[2026-08-19T23:19:05+08:00][sql] SELECT COUNT(*) AS think_count FROM `sys_message` WHERE  `user_id` = 25  AND `is_read` = 0 [ RunTime:0.000632s ]
[2026-08-19T23:19:05+08:00][sql] SHOW FULL COLUMNS FROM `balance_log` [ RunTime:0.001636s ]
[2026-08-19T23:19:05+08:00][sql] SELECT * FROM `balance_log` WHERE  `user_id` = 25 ORDER BY `id` DESC LIMIT 5 [ RunTime:0.001102s ]
[2026-08-19T23:19:05+08:00][sql] SELECT `b`.*,`g`.`title`,`g`.`cover`,g.status as goods_status,`g`.`end_time` FROM `bid_record` `b` LEFT JOIN `goods` `g` ON `b`.`goods_id`=`g`.`id` WHERE  `b`.`user_id` = '25' ORDER BY `b`.`id` DESC LIMIT 5 [ RunTime:0.001066s ]
[2026-08-19T23:19:05+08:00][sql] SELECT `id`,`nickname`,`mobile`,`reg_time` FROM `user` WHERE  `pid` = 25 ORDER BY `id` DESC LIMIT 10 [ RunTime:0.000939s ]
[2026-08-19T23:19:05+08:00][sql] SELECT `value` FROM `setting` WHERE  `name` = 'service_link' LIMIT 1 [ RunTime:0.000827s ]
[2026-08-19T23:19:08+08:00][sql] CONNECT:[ UseTime:0.015823s ] mysql:host=127.0.0.1;port=3306;dbname=auction;charset=utf8mb4
[2026-08-19T23:19:08+08:00][sql] SHOW FULL COLUMNS FROM `goods` [ RunTime:0.002117s ]
[2026-08-19T23:19:08+08:00][sql] SELECT `id` FROM `goods` WHERE  `status` = 1  AND `end_time` <= 1787152748 [ RunTime:0.001000s ]
[2026-08-19T23:19:08+08:00][sql] SHOW FULL COLUMNS FROM `user` [ RunTime:0.001875s ]
[2026-08-19T23:19:08+08:00][sql] SELECT * FROM `user` WHERE  `id` = 25 LIMIT 1 [ RunTime:0.001061s ]
[2026-08-19T23:19:08+08:00][sql] SHOW FULL COLUMNS FROM `setting` [ RunTime:0.001536s ]
[2026-08-19T23:19:08+08:00][sql] SELECT * FROM `setting` [ RunTime:0.000890s ]
[2026-08-19T23:19:08+08:00][sql] CONNECT:[ UseTime:0.017305s ] mysql:host=127.0.0.1;port=3306;dbname=auction;charset=utf8mb4
[2026-08-19T23:19:08+08:00][sql] SHOW FULL COLUMNS FROM `goods` [ RunTime:0.001772s ]
[2026-08-19T23:19:08+08:00][sql] SELECT `id` FROM `goods` WHERE  `status` = 1  AND `end_time` <= 1787152748 [ RunTime:0.000788s ]
[2026-08-19T23:19:08+08:00][sql] SHOW FULL COLUMNS FROM `setting` [ RunTime:0.001022s ]
[2026-08-19T23:19:08+08:00][sql] SELECT * FROM `setting` [ RunTime:0.000607s ]
[2026-08-19T23:19:08+08:00][sql] SELECT COUNT(*) AS think_count FROM `goods` `g` LEFT JOIN `user` `u` ON `g`.`seller_id`=`u`.`id` WHERE  `g`.`status` = '1'  AND `g`.`start_time` <= '1787152748'  AND `g`.`end_time` > '1787152748' [ RunTime:0.000841s ]
[2026-08-19T23:19:08+08:00][sql] SELECT `g`.*,u.nickname as seller_name FROM `goods` `g` LEFT JOIN `user` `u` ON `g`.`seller_id`=`u`.`id` WHERE  `g`.`status` = '1'  AND `g`.`start_time` <= '1787152748'  AND `g`.`end_time` > '1787152748' ORDER BY `g`.`end_time` ASC,`g`.`id` DESC LIMIT 0,10 [ RunTime:0.000902s ]
[2026-08-19T23:19:08+08:00][sql] SHOW FULL COLUMNS FROM `bid_record` [ RunTime:0.001264s ]
[2026-08-19T23:19:08+08:00][sql] SELECT MAX(`price`) AS think_max FROM `bid_record` WHERE  `goods_id` = 33  AND `status` = 0 [ RunTime:0.000661s ]
[2026-08-19T23:19:08+08:00][sql] SELECT MAX(`price`) AS think_max FROM `bid_record` WHERE  `goods_id` = 30  AND `status` = 0 [ RunTime:0.000552s ]
[2026-08-19T23:19:08+08:00][sql] SHOW FULL COLUMNS FROM `category` [ RunTime:0.001007s ]
[2026-08-19T23:19:08+08:00][sql] SELECT * FROM `category` WHERE  `status` = 1 ORDER BY `sort` ASC [ RunTime:0.000657s ]
[2026-08-19T23:19:08+08:00][sql] SELECT `b`.`price`,`b`.`create_time`,`g`.`title`,`u`.`nickname` FROM `bid_record` `b` LEFT JOIN `goods` `g` ON `b`.`goods_id`=`g`.`id` LEFT JOIN `user` `u` ON `b`.`user_id`=`u`.`id` WHERE  `b`.`status` = '1' ORDER BY `b`.`id` DESC LIMIT 5 [ RunTime:0.000726s ]
[2026-08-19T23:19:08+08:00][sql] SHOW FULL COLUMNS FROM `news` [ RunTime:0.002837s ]
[2026-08-19T23:19:08+08:00][sql] SELECT `id`,`title`,`create_time` FROM `news` WHERE  `status` = 1 ORDER BY `id` DESC LIMIT 3 [ RunTime:0.000881s ]
[2026-08-19T23:19:08+08:00][sql] SHOW FULL COLUMNS FROM `banner` [ RunTime:0.002285s ]
[2026-08-19T23:19:08+08:00][sql] SELECT * FROM `banner` WHERE  `status` = 1 ORDER BY `sort` ASC,`id` ASC [ RunTime:0.000556s ]
[2026-08-19T23:19:28+08:00][sql] CONNECT:[ UseTime:0.023549s ] mysql:host=127.0.0.1;port=3306;dbname=auction;charset=utf8mb4
[2026-08-19T23:19:28+08:00][sql] SHOW FULL COLUMNS FROM `goods` [ RunTime:0.001868s ]
[2026-08-19T23:19:28+08:00][sql] SELECT `id` FROM `goods` WHERE  `status` = 1  AND `end_time` <= 1787152768 [ RunTime:0.001025s ]
[2026-08-19T23:19:28+08:00][sql] SHOW FULL COLUMNS FROM `setting` [ RunTime:0.001691s ]
[2026-08-19T23:19:28+08:00][sql] SELECT * FROM `setting` [ RunTime:0.000954s ]
[2026-08-19T23:19:29+08:00][sql] CONNECT:[ UseTime:0.008642s ] mysql:host=127.0.0.1;port=3306;dbname=auction;charset=utf8mb4
[2026-08-19T23:19:29+08:00][sql] SHOW FULL COLUMNS FROM `goods` [ RunTime:0.001758s ]
[2026-08-19T23:19:29+08:00][sql] SELECT `id` FROM `goods` WHERE  `status` = 1  AND `end_time` <= 1787152769 [ RunTime:0.000794s ]
[2026-08-19T23:19:29+08:00][sql] SHOW FULL COLUMNS FROM `setting` [ RunTime:0.001483s ]
[2026-08-19T23:19:29+08:00][sql] SELECT * FROM `setting` [ RunTime:0.001082s ]
[2026-08-19T23:19:32+08:00][sql] CONNECT:[ UseTime:0.012721s ] mysql:host=127.0.0.1;port=3306;dbname=auction;charset=utf8mb4
[2026-08-19T23:19:32+08:00][sql] SHOW FULL COLUMNS FROM `goods` [ RunTime:0.002197s ]
[2026-08-19T23:19:32+08:00][sql] SELECT `id` FROM `goods` WHERE  `status` = 1  AND `end_time` <= 1787152772 [ RunTime:0.001097s ]
[2026-08-19T23:19:32+08:00][sql] SHOW FULL COLUMNS FROM `setting` [ RunTime:0.001458s ]
[2026-08-19T23:19:32+08:00][sql] SELECT * FROM `setting` [ RunTime:0.000858s ]
[2026-08-19T23:19:32+08:00][sql] SHOW FULL COLUMNS FROM `user` [ RunTime:0.001799s ]
[2026-08-19T23:19:32+08:00][sql] SELECT * FROM `user` WHERE  `mobile` = '19999999999' LIMIT 1 [ RunTime:0.000988s ]
[2026-08-19T23:19:38+08:00][sql] CONNECT:[ UseTime:0.011646s ] mysql:host=127.0.0.1;port=3306;dbname=auction;charset=utf8mb4
[2026-08-19T23:19:38+08:00][sql] SHOW FULL COLUMNS FROM `goods` [ RunTime:0.001505s ]
[2026-08-19T23:19:38+08:00][sql] SELECT `id` FROM `goods` WHERE  `status` = 1  AND `end_time` <= 1787152777 [ RunTime:0.000758s ]
[2026-08-19T23:19:38+08:00][sql] SHOW FULL COLUMNS FROM `setting` [ RunTime:0.001085s ]
[2026-08-19T23:19:38+08:00][sql] SELECT * FROM `setting` [ RunTime:0.000674s ]
[2026-08-19T23:19:38+08:00][sql] SHOW FULL COLUMNS FROM `user` [ RunTime:0.001344s ]
[2026-08-19T23:19:38+08:00][sql] SELECT * FROM `user` WHERE  `mobile` = '19999999999' LIMIT 1 [ RunTime:0.000852s ]
[2026-08-19T23:19:38+08:00][sql] UPDATE `user`  SET `last_login_time` = 1787152778 , `update_time` = 1787152778  WHERE  `id` = 26 [ RunTime:0.001635s ]
[2026-08-19T23:19:38+08:00][sql] CONNECT:[ UseTime:0.018516s ] mysql:host=127.0.0.1;port=3306;dbname=auction;charset=utf8mb4
[2026-08-19T23:19:38+08:00][sql] SHOW FULL COLUMNS FROM `goods` [ RunTime:0.002770s ]
[2026-08-19T23:19:38+08:00][sql] SELECT `id` FROM `goods` WHERE  `status` = 1  AND `end_time` <= 1787152778 [ RunTime:0.001291s ]
[2026-08-19T23:19:38+08:00][sql] SHOW FULL COLUMNS FROM `user` [ RunTime:0.002161s ]
[2026-08-19T23:19:38+08:00][sql] SELECT * FROM `user` WHERE  `id` = 26 LIMIT 1 [ RunTime:0.001172s ]
[2026-08-19T23:19:38+08:00][sql] SHOW FULL COLUMNS FROM `setting` [ RunTime:0.001526s ]
[2026-08-19T23:19:38+08:00][sql] SELECT * FROM `setting` [ RunTime:0.000899s ]
[2026-08-19T23:19:38+08:00][sql] SHOW FULL COLUMNS FROM `bid_record` [ RunTime:0.000976s ]
[2026-08-19T23:19:38+08:00][sql] SELECT COUNT(*) AS think_count FROM `bid_record` WHERE  `user_id` = 26 [ RunTime:0.000647s ]
[2026-08-19T23:19:38+08:00][sql] SHOW FULL COLUMNS FROM `order` [ RunTime:0.001312s ]
[2026-08-19T23:19:38+08:00][sql] SELECT COUNT(*) AS think_count FROM `order` WHERE  `buyer_id` = 26  AND `pay_status` = 1 [ RunTime:0.000935s ]
[2026-08-19T23:19:38+08:00][sql] SELECT COUNT(*) AS think_count FROM `goods` WHERE  `seller_id` = 26  AND `status` = 2 [ RunTime:0.000947s ]
[2026-08-19T23:19:38+08:00][sql] SELECT COUNT(*) AS think_count FROM `goods` WHERE  `seller_id` = 26 [ RunTime:0.000917s ]
[2026-08-19T23:19:38+08:00][sql] SELECT COUNT(*) AS think_count FROM `order` WHERE  `buyer_id` = 26  AND `pay_status` = 0  AND `order_status` = 0 [ RunTime:0.000929s ]
[2026-08-19T23:19:38+08:00][sql] SELECT COUNT(*) AS think_count FROM `order` WHERE  `seller_id` = 26  AND `order_status` = 1 [ RunTime:0.000963s ]
[2026-08-19T23:19:38+08:00][sql] SELECT COUNT(*) AS think_count FROM `order` WHERE  `buyer_id` = 26  AND `order_status` = 0  AND `pay_status` = 0 [ RunTime:0.000919s ]
[2026-08-19T23:19:38+08:00][sql] SELECT COUNT(*) AS think_count FROM `order` WHERE  `buyer_id` = 26  AND `order_status` = 1 [ RunTime:0.000891s ]
[2026-08-19T23:19:38+08:00][sql] SELECT COUNT(*) AS think_count FROM `order` WHERE  `buyer_id` = 26  AND `order_status` = 2 [ RunTime:0.000894s ]
[2026-08-19T23:19:38+08:00][sql] SELECT COUNT(*) AS think_count FROM `order` WHERE  `buyer_id` = 26  AND `order_status` = 3 [ RunTime:0.000948s ]
[2026-08-19T23:19:38+08:00][sql] SELECT COUNT(*) AS think_count FROM `order` WHERE  `seller_id` = 26  AND `order_status` = 1 [ RunTime:0.000951s ]
[2026-08-19T23:19:38+08:00][sql] SHOW FULL COLUMNS FROM `goods_favorite` [ RunTime:0.001734s ]
[2026-08-19T23:19:38+08:00][sql] SELECT COUNT(*) AS think_count FROM `goods_favorite` WHERE  `user_id` = 26 [ RunTime:0.001033s ]
[2026-08-19T23:19:38+08:00][sql] SHOW FULL COLUMNS FROM `seller_follow` [ RunTime:0.001348s ]
[2026-08-19T23:19:38+08:00][sql] SELECT COUNT(*) AS think_count FROM `seller_follow` WHERE  `user_id` = 26 [ RunTime:0.000575s ]
[2026-08-19T23:19:38+08:00][sql] SHOW FULL COLUMNS FROM `browse_history` [ RunTime:0.001534s ]
[2026-08-19T23:19:38+08:00][sql] SELECT COUNT(*) AS think_count FROM `browse_history` WHERE  `user_id` = 26 [ RunTime:0.001007s ]
[2026-08-19T23:19:38+08:00][sql] SHOW FULL COLUMNS FROM `sys_message` [ RunTime:0.001701s ]
[2026-08-19T23:19:38+08:00][sql] SELECT COUNT(*) AS think_count FROM `sys_message` WHERE  `user_id` = 26  AND `is_read` = 0 [ RunTime:0.000923s ]
[2026-08-19T23:19:38+08:00][sql] SHOW FULL COLUMNS FROM `balance_log` [ RunTime:0.001526s ]
[2026-08-19T23:19:38+08:00][sql] SELECT * FROM `balance_log` WHERE  `user_id` = 26 ORDER BY `id` DESC LIMIT 5 [ RunTime:0.001110s ]
[2026-08-19T23:19:38+08:00][sql] SELECT `b`.*,`g`.`title`,`g`.`cover`,g.status as goods_status,`g`.`end_time` FROM `bid_record` `b` LEFT JOIN `goods` `g` ON `b`.`goods_id`=`g`.`id` WHERE  `b`.`user_id` = '26' ORDER BY `b`.`id` DESC LIMIT 5 [ RunTime:0.001264s ]
[2026-08-19T23:19:38+08:00][sql] SELECT `id`,`nickname`,`mobile`,`reg_time` FROM `user` WHERE  `pid` = 26 ORDER BY `id` DESC LIMIT 10 [ RunTime:0.001054s ]
[2026-08-19T23:19:38+08:00][sql] SELECT `value` FROM `setting` WHERE  `name` = 'service_link' LIMIT 1 [ RunTime:0.000549s ]
[2026-08-19T23:19:40+08:00][sql] CONNECT:[ UseTime:0.014751s ] mysql:host=127.0.0.1;port=3306;dbname=auction;charset=utf8mb4
[2026-08-19T23:19:40+08:00][sql] SHOW FULL COLUMNS FROM `goods` [ RunTime:0.002310s ]
[2026-08-19T23:19:40+08:00][sql] SELECT `id` FROM `goods` WHERE  `status` = 1  AND `end_time` <= 1787152780 [ RunTime:0.001045s ]
[2026-08-19T23:19:40+08:00][sql] SHOW FULL COLUMNS FROM `user` [ RunTime:0.001882s ]
[2026-08-19T23:19:40+08:00][sql] SELECT * FROM `user` WHERE  `id` = 26 LIMIT 1 [ RunTime:0.000980s ]
[2026-08-19T23:19:40+08:00][sql] SHOW FULL COLUMNS FROM `setting` [ RunTime:0.001434s ]
[2026-08-19T23:19:40+08:00][sql] SELECT * FROM `setting` [ RunTime:0.000808s ]
[2026-08-19T23:19:40+08:00][sql] SHOW FULL COLUMNS FROM `bid_record` [ RunTime:0.001495s ]
[2026-08-19T23:19:40+08:00][sql] SELECT COUNT(*) AS think_count FROM `bid_record` `b` LEFT JOIN `goods` `g` ON `b`.`goods_id`=`g`.`id` WHERE  `b`.`user_id` = '26' [ RunTime:0.001077s ]
[2026-08-19T23:19:40+08:00][sql] SELECT `b`.*,`g`.`title`,`g`.`cover`,g.status as goods_status,`g`.`end_time`,`g`.`final_price`,`g`.`winner_id` FROM `bid_record` `b` LEFT JOIN `goods` `g` ON `b`.`goods_id`=`g`.`id` WHERE  `b`.`user_id` = '26' ORDER BY `b`.`id` DESC LIMIT 0,15 [ RunTime:0.001109s ]
[2026-08-19T23:34:10+08:00][sql] CONNECT:[ UseTime:0.008701s ] mysql:host=127.0.0.1;port=3306;dbname=auction;charset=utf8mb4
[2026-08-19T23:34:10+08:00][sql] SHOW FULL COLUMNS FROM `goods` [ RunTime:0.001717s ]
[2026-08-19T23:34:10+08:00][sql] SELECT `id` FROM `goods` WHERE  `status` = 1  AND `end_time` <= 1787153650 [ RunTime:0.000829s ]
[2026-08-19T23:34:10+08:00][sql] SHOW FULL COLUMNS FROM `user` [ RunTime:0.001496s ]
[2026-08-19T23:34:10+08:00][sql] SELECT * FROM `user` WHERE  `id` = 26 LIMIT 1 [ RunTime:0.000902s ]
[2026-08-19T23:34:10+08:00][sql] SHOW FULL COLUMNS FROM `setting` [ RunTime:0.001230s ]
[2026-08-19T23:34:10+08:00][sql] SELECT * FROM `setting` [ RunTime:0.000667s ]
[2026-08-19T23:34:10+08:00][sql] SHOW FULL COLUMNS FROM `bid_record` [ RunTime:0.001459s ]
[2026-08-19T23:34:10+08:00][sql] SELECT COUNT(*) AS think_count FROM `bid_record` `b` LEFT JOIN `goods` `g` ON `b`.`goods_id`=`g`.`id` WHERE  `b`.`user_id` = '26' [ RunTime:0.000880s ]
[2026-08-19T23:34:10+08:00][sql] SELECT `b`.*,`g`.`title`,`g`.`cover`,g.status as goods_status,`g`.`end_time`,`g`.`final_price`,`g`.`winner_id` FROM `bid_record` `b` LEFT JOIN `goods` `g` ON `b`.`goods_id`=`g`.`id` WHERE  `b`.`user_id` = '26' ORDER BY `b`.`id` DESC LIMIT 0,15 [ RunTime:0.001123s ]
[2026-08-19T23:34:10+08:00][sql] SELECT `goods_id`,`id` FROM `bid_record` WHERE  `goods_id` IN (28,31,29) ORDER BY `price` DESC,`id` ASC [ RunTime:0.002331s ]
[2026-08-19T23:34:56+08:00][sql] CONNECT:[ UseTime:0.016043s ] mysql:host=127.0.0.1;port=3306;dbname=auction;charset=utf8mb4
[2026-08-19T23:34:56+08:00][sql] SHOW FULL COLUMNS FROM `goods` [ RunTime:0.001394s ]
[2026-08-19T23:34:56+08:00][sql] SELECT `id` FROM `goods` WHERE  `status` = 1  AND `end_time` <= 1787153696 [ RunTime:0.001132s ]
[2026-08-19T23:34:56+08:00][sql] SHOW FULL COLUMNS FROM `user` [ RunTime:0.001989s ]
[2026-08-19T23:34:56+08:00][sql] SELECT * FROM `user` WHERE  `id` = 26 LIMIT 1 [ RunTime:0.001051s ]
[2026-08-19T23:34:56+08:00][sql] SHOW FULL COLUMNS FROM `setting` [ RunTime:0.001656s ]
[2026-08-19T23:34:56+08:00][sql] SELECT * FROM `setting` [ RunTime:0.000884s ]
[2026-08-19T23:34:56+08:00][sql] SHOW FULL COLUMNS FROM `bid_record` [ RunTime:0.001618s ]
[2026-08-19T23:34:56+08:00][sql] SELECT COUNT(*) AS think_count FROM `bid_record` `b` LEFT JOIN `goods` `g` ON `b`.`goods_id`=`g`.`id` WHERE  `b`.`user_id` = '26' [ RunTime:0.001244s ]
[2026-08-19T23:34:56+08:00][sql] SELECT `b`.*,`g`.`title`,`g`.`cover`,g.status as goods_status,`g`.`end_time`,`g`.`final_price`,`g`.`winner_id` FROM `bid_record` `b` LEFT JOIN `goods` `g` ON `b`.`goods_id`=`g`.`id` WHERE  `b`.`user_id` = '26' ORDER BY `b`.`id` DESC LIMIT 0,15 [ RunTime:0.000977s ]
[2026-08-19T23:34:56+08:00][sql] SELECT `goods_id`,`id` FROM `bid_record` WHERE  `goods_id` IN (28,31,29) ORDER BY `price` DESC,`id` ASC [ RunTime:0.000490s ]
[2026-08-19T23:45:11+08:00][sql] CONNECT:[ UseTime:0.020109s ] mysql:host=127.0.0.1;port=3306;dbname=auction;charset=utf8mb4
[2026-08-19T23:45:11+08:00][sql] SHOW FULL COLUMNS FROM `goods` [ RunTime:0.002377s ]
[2026-08-19T23:45:11+08:00][sql] SELECT `id` FROM `goods` WHERE  `status` = 1  AND `end_time` <= 1787154311 [ RunTime:0.001155s ]
[2026-08-19T23:45:11+08:00][sql] SHOW FULL COLUMNS FROM `user` [ RunTime:0.002016s ]
[2026-08-19T23:45:11+08:00][sql] SELECT * FROM `user` WHERE  `id` = 26 LIMIT 1 [ RunTime:0.001070s ]
[2026-08-19T23:45:11+08:00][sql] SHOW FULL COLUMNS FROM `setting` [ RunTime:0.001505s ]
[2026-08-19T23:45:11+08:00][sql] SELECT * FROM `setting` [ RunTime:0.000833s ]
[2026-08-19T23:45:11+08:00][sql] SHOW FULL COLUMNS FROM `bid_record` [ RunTime:0.001850s ]
[2026-08-19T23:45:11+08:00][sql] SELECT COUNT(*) AS think_count FROM `bid_record` `b` LEFT JOIN `goods` `g` ON `b`.`goods_id`=`g`.`id` WHERE  `b`.`user_id` = '26' [ RunTime:0.001045s ]
[2026-08-19T23:45:11+08:00][sql] SELECT `b`.*,`g`.`title`,`g`.`cover`,g.status as goods_status,`g`.`end_time`,`g`.`final_price`,`g`.`winner_id` FROM `bid_record` `b` LEFT JOIN `goods` `g` ON `b`.`goods_id`=`g`.`id` WHERE  `b`.`user_id` = '26' ORDER BY `b`.`id` DESC LIMIT 0,15 [ RunTime:0.001090s ]
[2026-08-19T23:45:11+08:00][sql] SELECT `goods_id`,`id` FROM `bid_record` WHERE  `goods_id` IN (28,31,29) ORDER BY `price` DESC,`id` ASC [ RunTime:0.001041s ]
[2026-08-19T23:45:18+08:00][sql] CONNECT:[ UseTime:0.003955s ] mysql:host=127.0.0.1;port=3306;dbname=auction;charset=utf8mb4
[2026-08-19T23:45:18+08:00][sql] SHOW FULL COLUMNS FROM `goods` [ RunTime:0.001237s ]
[2026-08-19T23:45:18+08:00][sql] SELECT `id` FROM `goods` WHERE  `status` = 1  AND `end_time` <= 1787154318 [ RunTime:0.000825s ]
[2026-08-19T23:45:18+08:00][sql] SHOW FULL COLUMNS FROM `user` [ RunTime:0.001338s ]
[2026-08-19T23:45:18+08:00][sql] SELECT * FROM `user` WHERE  `id` = 26 LIMIT 1 [ RunTime:0.000757s ]
[2026-08-19T23:45:18+08:00][sql] SHOW FULL COLUMNS FROM `setting` [ RunTime:0.001136s ]
[2026-08-19T23:45:18+08:00][sql] SELECT * FROM `setting` [ RunTime:0.000728s ]
[2026-08-19T23:45:18+08:00][sql] SELECT COUNT(*) AS think_count FROM `goods` `g` LEFT JOIN `user` `u` ON `g`.`seller_id`=`u`.`id` WHERE  `g`.`status` = '1'  AND `g`.`start_time` <= '1787154318'  AND `g`.`end_time` > '1787154318' [ RunTime:0.001066s ]
[2026-08-19T23:45:18+08:00][sql] SELECT `g`.*,u.nickname as seller_name FROM `goods` `g` LEFT JOIN `user` `u` ON `g`.`seller_id`=`u`.`id` WHERE  `g`.`status` = '1'  AND `g`.`start_time` <= '1787154318'  AND `g`.`end_time` > '1787154318' ORDER BY `g`.`end_time` ASC,`g`.`id` DESC LIMIT 0,10 [ RunTime:0.001197s ]
[2026-08-19T23:45:18+08:00][sql] SHOW FULL COLUMNS FROM `bid_record` [ RunTime:0.001462s ]
[2026-08-19T23:45:18+08:00][sql] SELECT MAX(`price`) AS think_max FROM `bid_record` WHERE  `goods_id` = 33  AND `status` = 0 [ RunTime:0.000871s ]
[2026-08-19T23:45:18+08:00][sql] SELECT MAX(`price`) AS think_max FROM `bid_record` WHERE  `goods_id` = 30  AND `status` = 0 [ RunTime:0.000904s ]
[2026-08-19T23:45:18+08:00][sql] SHOW FULL COLUMNS FROM `category` [ RunTime:0.001610s ]
[2026-08-19T23:45:18+08:00][sql] SELECT * FROM `category` WHERE  `status` = 1 ORDER BY `sort` ASC [ RunTime:0.000984s ]
[2026-08-19T23:45:18+08:00][sql] SELECT `b`.`price`,`b`.`create_time`,`g`.`title`,`u`.`nickname` FROM `bid_record` `b` LEFT JOIN `goods` `g` ON `b`.`goods_id`=`g`.`id` LEFT JOIN `user` `u` ON `b`.`user_id`=`u`.`id` WHERE  `b`.`status` = '1' ORDER BY `b`.`id` DESC LIMIT 5 [ RunTime:0.001123s ]
[2026-08-19T23:45:18+08:00][sql] SHOW FULL COLUMNS FROM `news` [ RunTime:0.001530s ]
[2026-08-19T23:45:18+08:00][sql] SELECT `id`,`title`,`create_time` FROM `news` WHERE  `status` = 1 ORDER BY `id` DESC LIMIT 3 [ RunTime:0.000959s ]
[2026-08-19T23:45:18+08:00][sql] SHOW FULL COLUMNS FROM `banner` [ RunTime:0.001634s ]
[2026-08-19T23:45:18+08:00][sql] SELECT * FROM `banner` WHERE  `status` = 1 ORDER BY `sort` ASC,`id` ASC [ RunTime:0.000933s ]
[2026-08-19T23:45:30+08:00][sql] CONNECT:[ UseTime:0.001963s ] mysql:host=127.0.0.1;port=3306;dbname=auction;charset=utf8mb4
[2026-08-19T23:45:30+08:00][sql] SHOW FULL COLUMNS FROM `goods` [ RunTime:0.001591s ]
[2026-08-19T23:45:30+08:00][sql] SELECT `id` FROM `goods` WHERE  `status` = 1  AND `end_time` <= 1787154330 [ RunTime:0.000826s ]
[2026-08-19T23:45:30+08:00][sql] SHOW FULL COLUMNS FROM `user` [ RunTime:0.001230s ]
[2026-08-19T23:45:30+08:00][sql] SELECT * FROM `user` WHERE  `id` = 26 LIMIT 1 [ RunTime:0.000814s ]
[2026-08-19T23:45:30+08:00][sql] SHOW FULL COLUMNS FROM `setting` [ RunTime:0.001032s ]
[2026-08-19T23:45:30+08:00][sql] SELECT * FROM `setting` [ RunTime:0.000584s ]
[2026-08-19T23:45:30+08:00][sql] SELECT `g`.*,u.nickname as seller_name,u.shop_name as seller_shop,u.avatar as seller_avatar,`u`.`seller_intro`,u.deposit as seller_deposit,`u`.`shop_score`,`u`.`fans_count`,c.name as category_name FROM `goods` `g` LEFT JOIN `user` `u` ON `g`.`seller_id`=`u`.`id` LEFT JOIN `category` `c` ON `g`.`category_id`=`c`.`id` WHERE  `g`.`id` = '33' LIMIT 1 [ RunTime:0.001109s ]
[2026-08-19T23:45:30+08:00][sql] UPDATE `goods`  SET `view_count` = `view_count` + 1  WHERE  `id` = 33 [ RunTime:0.001778s ]
[2026-08-19T23:45:30+08:00][sql] SHOW FULL COLUMNS FROM `bid_record` [ RunTime:0.001171s ]
[2026-08-19T23:45:30+08:00][sql] SELECT `b`.*,`u`.`nickname`,`u`.`mobile` FROM `bid_record` `b` LEFT JOIN `user` `u` ON `b`.`user_id`=`u`.`id` WHERE  `b`.`goods_id` = '33'  AND `b`.`status` = '0' ORDER BY `b`.`price` DESC,`b`.`id` ASC LIMIT 1 [ RunTime:0.000727s ]
[2026-08-19T23:45:30+08:00][sql] SELECT `b`.*,`u`.`nickname`,`u`.`mobile` FROM `bid_record` `b` LEFT JOIN `user` `u` ON `b`.`user_id`=`u`.`id` WHERE  `b`.`goods_id` = '33' ORDER BY `b`.`price` DESC,`b`.`id` ASC LIMIT 50 [ RunTime:0.000657s ]
[2026-08-19T23:45:30+08:00][sql] SELECT MAX(`price`) AS think_max FROM `bid_record` WHERE  `goods_id` = 33  AND `user_id` = 26  AND `status` = 0 [ RunTime:0.000727s ]
[2026-08-19T23:45:30+08:00][sql] SELECT MAX(`deposit`) AS think_max FROM `bid_record` WHERE  `goods_id` = 33  AND `user_id` = 26  AND `deposit` > '0' [ RunTime:0.000686s ]
[2026-08-19T23:45:30+08:00][sql] SHOW FULL COLUMNS FROM `browse_history` [ RunTime:0.000966s ]
[2026-08-19T23:45:30+08:00][sql] REPLACE INTO `browse_history` SET `user_id` = 26 , `goods_id` = 33 , `create_time` = 1787154330 [ RunTime:0.001302s ]
[2026-08-19T23:45:30+08:00][sql] SHOW FULL COLUMNS FROM `goods_favorite` [ RunTime:0.000927s ]
[2026-08-19T23:45:30+08:00][sql] SELECT COUNT(*) AS think_count FROM `goods_favorite` WHERE  `user_id` = 26  AND `goods_id` = 33 [ RunTime:0.000507s ]
[2026-08-19T23:45:30+08:00][sql] SHOW FULL COLUMNS FROM `seller_follow` [ RunTime:0.000857s ]
[2026-08-19T23:45:30+08:00][sql] SELECT COUNT(*) AS think_count FROM `seller_follow` WHERE  `user_id` = 26  AND `seller_id` = 25 [ RunTime:0.000531s ]
[2026-08-19T23:45:32+08:00][sql] CONNECT:[ UseTime:0.018224s ] mysql:host=127.0.0.1;port=3306;dbname=auction;charset=utf8mb4
[2026-08-19T23:45:32+08:00][sql] SHOW FULL COLUMNS FROM `goods` [ RunTime:0.002184s ]
[2026-08-19T23:45:32+08:00][sql] SELECT `id` FROM `goods` WHERE  `status` = 1  AND `end_time` <= 1787154332 [ RunTime:0.000968s ]
[2026-08-19T23:45:32+08:00][sql] SHOW FULL COLUMNS FROM `user` [ RunTime:0.001711s ]
[2026-08-19T23:45:32+08:00][sql] SELECT * FROM `user` WHERE  `id` = 26 LIMIT 1 [ RunTime:0.000984s ]
[2026-08-19T23:45:32+08:00][sql] SHOW FULL COLUMNS FROM `setting` [ RunTime:0.001364s ]
[2026-08-19T23:45:32+08:00][sql] SELECT * FROM `setting` [ RunTime:0.000756s ]
[2026-08-19T23:45:32+08:00][sql] SELECT * FROM `goods` WHERE  `id` = 33 LIMIT 1   FOR UPDATE [ RunTime:0.000909s ]
[2026-08-19T23:45:32+08:00][sql] SHOW FULL COLUMNS FROM `bid_record` [ RunTime:0.001334s ]
[2026-08-19T23:45:32+08:00][sql] SELECT MAX(`price`) AS think_max FROM `bid_record` WHERE  `goods_id` = 33  AND `status` = 0 [ RunTime:0.000852s ]
[2026-08-19T23:45:32+08:00][sql] SELECT * FROM `user` WHERE  `id` = 26 LIMIT 1   FOR UPDATE [ RunTime:0.000904s ]
[2026-08-19T23:45:32+08:00][sql] SELECT MAX(`deposit`) AS think_max FROM `bid_record` WHERE  `goods_id` = 33  AND `user_id` = 26  AND `deposit` > '0' [ RunTime:0.000823s ]
[2026-08-19T23:45:32+08:00][sql] SELECT * FROM `bid_record` WHERE  `goods_id` = 33  AND `status` = 0 ORDER BY `price` DESC,`id` ASC LIMIT 1 [ RunTime:0.000944s ]
[2026-08-19T23:45:32+08:00][sql] UPDATE `user`  SET `balance` = '549' , `freeze_balance` = '100' , `update_time` = 1787154332  WHERE  `id` = 26 [ RunTime:0.000818s ]
[2026-08-19T23:45:32+08:00][sql] SHOW FULL COLUMNS FROM `balance_log` [ RunTime:0.001317s ]
[2026-08-19T23:45:32+08:00][sql] INSERT INTO `balance_log` SET `user_id` = 26 , `type` = 'deposit' , `amount` = '-100' , `balance` = '549' , `remark` = '拍卖保证金（eee）' , `create_time` = 1787154332 [ RunTime:0.000788s ]
[2026-08-19T23:45:32+08:00][sql] INSERT INTO `bid_record` SET `goods_id` = 33 , `user_id` = 26 , `price` = '350' , `deposit` = '100' , `status` = 0 , `is_winner` = 0 , `create_time` = 1787154332 [ RunTime:0.000765s ]
[2026-08-19T23:45:32+08:00][sql] UPDATE `goods`  SET `bid_count` = bid_count+1 , `update_time` = 1787154332  WHERE  `id` = 33 [ RunTime:0.000961s ]
[2026-08-19T23:45:33+08:00][sql] CONNECT:[ UseTime:0.020630s ] mysql:host=127.0.0.1;port=3306;dbname=auction;charset=utf8mb4
[2026-08-19T23:45:33+08:00][sql] SHOW FULL COLUMNS FROM `goods` [ RunTime:0.002276s ]
[2026-08-19T23:45:33+08:00][sql] SELECT `id` FROM `goods` WHERE  `status` = 1  AND `end_time` <= 1787154333 [ RunTime:0.000819s ]
[2026-08-19T23:45:33+08:00][sql] SHOW FULL COLUMNS FROM `user` [ RunTime:0.002100s ]
[2026-08-19T23:45:33+08:00][sql] SELECT * FROM `user` WHERE  `id` = 26 LIMIT 1 [ RunTime:0.001046s ]
[2026-08-19T23:45:33+08:00][sql] SHOW FULL COLUMNS FROM `setting` [ RunTime:0.001634s ]
[2026-08-19T23:45:33+08:00][sql] SELECT * FROM `setting` [ RunTime:0.000890s ]
[2026-08-19T23:45:33+08:00][sql] SELECT `g`.*,u.nickname as seller_name,u.shop_name as seller_shop,u.avatar as seller_avatar,`u`.`seller_intro`,u.deposit as seller_deposit,`u`.`shop_score`,`u`.`fans_count`,c.name as category_name FROM `goods` `g` LEFT JOIN `user` `u` ON `g`.`seller_id`=`u`.`id` LEFT JOIN `category` `c` ON `g`.`category_id`=`c`.`id` WHERE  `g`.`id` = '33' LIMIT 1 [ RunTime:0.001563s ]
[2026-08-19T23:45:33+08:00][sql] UPDATE `goods`  SET `view_count` = `view_count` + 1  WHERE  `id` = 33 [ RunTime:0.005790s ]
[2026-08-19T23:45:33+08:00][sql] SHOW FULL COLUMNS FROM `bid_record` [ RunTime:0.002002s ]
[2026-08-19T23:45:33+08:00][sql] SELECT `b`.*,`u`.`nickname`,`u`.`mobile` FROM `bid_record` `b` LEFT JOIN `user` `u` ON `b`.`user_id`=`u`.`id` WHERE  `b`.`goods_id` = '33'  AND `b`.`status` = '0' ORDER BY `b`.`price` DESC,`b`.`id` ASC LIMIT 1 [ RunTime:0.001284s ]
[2026-08-19T23:45:33+08:00][sql] SELECT `b`.*,`u`.`nickname`,`u`.`mobile` FROM `bid_record` `b` LEFT JOIN `user` `u` ON `b`.`user_id`=`u`.`id` WHERE  `b`.`goods_id` = '33' ORDER BY `b`.`price` DESC,`b`.`id` ASC LIMIT 50 [ RunTime:0.001171s ]
[2026-08-19T23:45:33+08:00][sql] SELECT MAX(`price`) AS think_max FROM `bid_record` WHERE  `goods_id` = 33  AND `user_id` = 26  AND `status` = 0 [ RunTime:0.001066s ]
[2026-08-19T23:45:33+08:00][sql] SELECT MAX(`deposit`) AS think_max FROM `bid_record` WHERE  `goods_id` = 33  AND `user_id` = 26  AND `deposit` > '0' [ RunTime:0.000981s ]
[2026-08-19T23:45:33+08:00][sql] SHOW FULL COLUMNS FROM `browse_history` [ RunTime:0.001523s ]
[2026-08-19T23:45:33+08:00][sql] REPLACE INTO `browse_history` SET `user_id` = 26 , `goods_id` = 33 , `create_time` = 1787154333 [ RunTime:0.002555s ]
[2026-08-19T23:45:33+08:00][sql] SHOW FULL COLUMNS FROM `goods_favorite` [ RunTime:0.001839s ]
[2026-08-19T23:45:33+08:00][sql] SELECT COUNT(*) AS think_count FROM `goods_favorite` WHERE  `user_id` = 26  AND `goods_id` = 33 [ RunTime:0.001085s ]
[2026-08-19T23:45:33+08:00][sql] SHOW FULL COLUMNS FROM `seller_follow` [ RunTime:0.001590s ]
[2026-08-19T23:45:33+08:00][sql] SELECT COUNT(*) AS think_count FROM `seller_follow` WHERE  `user_id` = 26  AND `seller_id` = 25 [ RunTime:0.000968s ]
[2026-08-19T23:45:40+08:00][sql] CONNECT:[ UseTime:0.015984s ] mysql:host=127.0.0.1;port=3306;dbname=auction;charset=utf8mb4
[2026-08-19T23:45:40+08:00][sql] SHOW FULL COLUMNS FROM `goods` [ RunTime:0.002685s ]
[2026-08-19T23:45:40+08:00][sql] SELECT `id` FROM `goods` WHERE  `status` = 1  AND `end_time` <= 1787154340 [ RunTime:0.001258s ]
[2026-08-19T23:45:40+08:00][sql] SHOW FULL COLUMNS FROM `setting` [ RunTime:0.001695s ]
[2026-08-19T23:45:40+08:00][sql] SELECT * FROM `setting` [ RunTime:0.000860s ]
[2026-08-19T23:45:40+08:00][sql] SELECT COUNT(*) AS think_count FROM `goods` `g` LEFT JOIN `user` `u` ON `g`.`seller_id`=`u`.`id` WHERE  `g`.`status` = '1'  AND `g`.`start_time` <= '1787154340'  AND `g`.`end_time` > '1787154340' [ RunTime:0.001061s ]
[2026-08-19T23:45:40+08:00][sql] SELECT `g`.*,u.nickname as seller_name FROM `goods` `g` LEFT JOIN `user` `u` ON `g`.`seller_id`=`u`.`id` WHERE  `g`.`status` = '1'  AND `g`.`start_time` <= '1787154340'  AND `g`.`end_time` > '1787154340' ORDER BY `g`.`end_time` ASC,`g`.`id` DESC LIMIT 0,10 [ RunTime:0.001026s ]
[2026-08-19T23:45:40+08:00][sql] SHOW FULL COLUMNS FROM `bid_record` [ RunTime:0.001304s ]
[2026-08-19T23:45:40+08:00][sql] SELECT MAX(`price`) AS think_max FROM `bid_record` WHERE  `goods_id` = 33  AND `status` = 0 [ RunTime:0.001124s ]
[2026-08-19T23:45:40+08:00][sql] SELECT MAX(`price`) AS think_max FROM `bid_record` WHERE  `goods_id` = 30  AND `status` = 0 [ RunTime:0.000701s ]
[2026-08-19T23:45:40+08:00][sql] SHOW FULL COLUMNS FROM `category` [ RunTime:0.001281s ]
[2026-08-19T23:45:40+08:00][sql] SELECT * FROM `category` WHERE  `status` = 1 ORDER BY `sort` ASC [ RunTime:0.000814s ]
[2026-08-19T23:45:40+08:00][sql] SELECT `b`.`price`,`b`.`create_time`,`g`.`title`,`u`.`nickname` FROM `bid_record` `b` LEFT JOIN `goods` `g` ON `b`.`goods_id`=`g`.`id` LEFT JOIN `user` `u` ON `b`.`user_id`=`u`.`id` WHERE  `b`.`status` = '1' ORDER BY `b`.`id` DESC LIMIT 5 [ RunTime:0.000921s ]
[2026-08-19T23:45:40+08:00][sql] SHOW FULL COLUMNS FROM `news` [ RunTime:0.001344s ]
[2026-08-19T23:45:40+08:00][sql] SELECT `id`,`title`,`create_time` FROM `news` WHERE  `status` = 1 ORDER BY `id` DESC LIMIT 3 [ RunTime:0.000749s ]
[2026-08-19T23:45:40+08:00][sql] SHOW FULL COLUMNS FROM `banner` [ RunTime:0.001395s ]
[2026-08-19T23:45:40+08:00][sql] SELECT * FROM `banner` WHERE  `status` = 1 ORDER BY `sort` ASC,`id` ASC [ RunTime:0.000866s ]
[2026-08-19T23:45:45+08:00][sql] CONNECT:[ UseTime:0.009381s ] mysql:host=127.0.0.1;port=3306;dbname=auction;charset=utf8mb4
[2026-08-19T23:45:45+08:00][sql] SHOW FULL COLUMNS FROM `goods` [ RunTime:0.001493s ]
[2026-08-19T23:45:45+08:00][sql] SELECT `id` FROM `goods` WHERE  `status` = 1  AND `end_time` <= 1787154345 [ RunTime:0.000922s ]
[2026-08-19T23:45:45+08:00][sql] SHOW FULL COLUMNS FROM `setting` [ RunTime:0.001548s ]
[2026-08-19T23:45:45+08:00][sql] SELECT * FROM `setting` [ RunTime:0.000954s ]
[2026-08-19T23:45:45+08:00][sql] CONNECT:[ UseTime:0.019089s ] mysql:host=127.0.0.1;port=3306;dbname=auction;charset=utf8mb4
[2026-08-19T23:45:45+08:00][sql] SHOW FULL COLUMNS FROM `goods` [ RunTime:0.002511s ]
[2026-08-19T23:45:45+08:00][sql] SELECT `id` FROM `goods` WHERE  `status` = 1  AND `end_time` <= 1787154345 [ RunTime:0.001076s ]
[2026-08-19T23:45:45+08:00][sql] SHOW FULL COLUMNS FROM `setting` [ RunTime:0.001759s ]
[2026-08-19T23:45:45+08:00][sql] SELECT * FROM `setting` [ RunTime:0.000923s ]
[2026-08-19T23:46:00+08:00][sql] CONNECT:[ UseTime:0.024893s ] mysql:host=127.0.0.1;port=3306;dbname=auction;charset=utf8mb4
[2026-08-19T23:46:00+08:00][sql] SHOW FULL COLUMNS FROM `goods` [ RunTime:0.002356s ]
[2026-08-19T23:46:00+08:00][sql] SELECT `id` FROM `goods` WHERE  `status` = 1  AND `end_time` <= 1787154360 [ RunTime:0.001003s ]
[2026-08-19T23:46:00+08:00][sql] SHOW FULL COLUMNS FROM `setting` [ RunTime:0.001493s ]
[2026-08-19T23:46:00+08:00][sql] SELECT * FROM `setting` [ RunTime:0.000877s ]
[2026-08-19T23:46:00+08:00][sql] SHOW FULL COLUMNS FROM `user` [ RunTime:0.001679s ]
[2026-08-19T23:46:00+08:00][sql] SELECT * FROM `user` WHERE  `mobile` = '12222222222' LIMIT 1 [ RunTime:0.001312s ]
[2026-08-19T23:46:06+08:00][sql] CONNECT:[ UseTime:0.001851s ] mysql:host=127.0.0.1;port=3306;dbname=auction;charset=utf8mb4
[2026-08-19T23:46:06+08:00][sql] SHOW FULL COLUMNS FROM `goods` [ RunTime:0.001452s ]
[2026-08-19T23:46:06+08:00][sql] SELECT `id` FROM `goods` WHERE  `status` = 1  AND `end_time` <= 1787154366 [ RunTime:0.000771s ]
[2026-08-19T23:46:06+08:00][sql] SHOW FULL COLUMNS FROM `setting` [ RunTime:0.001103s ]
[2026-08-19T23:46:06+08:00][sql] SELECT * FROM `setting` [ RunTime:0.000772s ]
[2026-08-19T23:46:06+08:00][sql] SHOW FULL COLUMNS FROM `user` [ RunTime:0.001397s ]
[2026-08-19T23:46:06+08:00][sql] SELECT * FROM `user` WHERE  `mobile` = '12222222222' LIMIT 1 [ RunTime:0.000823s ]
[2026-08-19T23:46:06+08:00][sql] UPDATE `user`  SET `last_login_time` = 1787154366 , `update_time` = 1787154366  WHERE  `id` = 27 [ RunTime:0.004949s ]
[2026-08-19T23:46:07+08:00][sql] CONNECT:[ UseTime:0.004718s ] mysql:host=127.0.0.1;port=3306;dbname=auction;charset=utf8mb4
[2026-08-19T23:46:07+08:00][sql] SHOW FULL COLUMNS FROM `goods` [ RunTime:0.001953s ]
[2026-08-19T23:46:07+08:00][sql] SELECT `id` FROM `goods` WHERE  `status` = 1  AND `end_time` <= 1787154366 [ RunTime:0.001094s ]
[2026-08-19T23:46:07+08:00][sql] SHOW FULL COLUMNS FROM `user` [ RunTime:0.001913s ]
[2026-08-19T23:46:07+08:00][sql] SELECT * FROM `user` WHERE  `id` = 27 LIMIT 1 [ RunTime:0.001147s ]
[2026-08-19T23:46:07+08:00][sql] SHOW FULL COLUMNS FROM `setting` [ RunTime:0.001575s ]
[2026-08-19T23:46:07+08:00][sql] SELECT * FROM `setting` [ RunTime:0.001046s ]
[2026-08-19T23:46:07+08:00][sql] SHOW FULL COLUMNS FROM `bid_record` [ RunTime:0.001844s ]
[2026-08-19T23:46:07+08:00][sql] SELECT COUNT(*) AS think_count FROM `bid_record` WHERE  `user_id` = 27 [ RunTime:0.001467s ]
[2026-08-19T23:46:07+08:00][sql] SHOW FULL COLUMNS FROM `order` [ RunTime:0.002100s ]
[2026-08-19T23:46:07+08:00][sql] SELECT COUNT(*) AS think_count FROM `order` WHERE  `buyer_id` = 27  AND `pay_status` = 1 [ RunTime:0.001174s ]
[2026-08-19T23:46:07+08:00][sql] SELECT COUNT(*) AS think_count FROM `goods` WHERE  `seller_id` = 27  AND `status` = 2 [ RunTime:0.000937s ]
[2026-08-19T23:46:07+08:00][sql] SELECT COUNT(*) AS think_count FROM `goods` WHERE  `seller_id` = 27 [ RunTime:0.001034s ]
[2026-08-19T23:46:07+08:00][sql] SELECT COUNT(*) AS think_count FROM `order` WHERE  `buyer_id` = 27  AND `pay_status` = 0  AND `order_status` = 0 [ RunTime:0.000993s ]
[2026-08-19T23:46:07+08:00][sql] SELECT COUNT(*) AS think_count FROM `order` WHERE  `seller_id` = 27  AND `order_status` = 1 [ RunTime:0.000958s ]
[2026-08-19T23:46:07+08:00][sql] SELECT COUNT(*) AS think_count FROM `order` WHERE  `buyer_id` = 27  AND `order_status` = 0  AND `pay_status` = 0 [ RunTime:0.001015s ]
[2026-08-19T23:46:07+08:00][sql] SELECT COUNT(*) AS think_count FROM `order` WHERE  `buyer_id` = 27  AND `order_status` = 1 [ RunTime:0.000948s ]
[2026-08-19T23:46:07+08:00][sql] SELECT COUNT(*) AS think_count FROM `order` WHERE  `buyer_id` = 27  AND `order_status` = 2 [ RunTime:0.001008s ]
[2026-08-19T23:46:07+08:00][sql] SELECT COUNT(*) AS think_count FROM `order` WHERE  `buyer_id` = 27  AND `order_status` = 3 [ RunTime:0.001047s ]
[2026-08-19T23:46:07+08:00][sql] SELECT COUNT(*) AS think_count FROM `order` WHERE  `seller_id` = 27  AND `order_status` = 1 [ RunTime:0.001195s ]
[2026-08-19T23:46:07+08:00][sql] SHOW FULL COLUMNS FROM `goods_favorite` [ RunTime:0.001953s ]
[2026-08-19T23:46:07+08:00][sql] SELECT COUNT(*) AS think_count FROM `goods_favorite` WHERE  `user_id` = 27 [ RunTime:0.000909s ]
[2026-08-19T23:46:07+08:00][sql] SHOW FULL COLUMNS FROM `seller_follow` [ RunTime:0.002468s ]
[2026-08-19T23:46:07+08:00][sql] SELECT COUNT(*) AS think_count FROM `seller_follow` WHERE  `user_id` = 27 [ RunTime:0.001172s ]
[2026-08-19T23:46:07+08:00][sql] SHOW FULL COLUMNS FROM `browse_history` [ RunTime:0.001832s ]
[2026-08-19T23:46:07+08:00][sql] SELECT COUNT(*) AS think_count FROM `browse_history` WHERE  `user_id` = 27 [ RunTime:0.001175s ]
[2026-08-19T23:46:07+08:00][sql] SHOW FULL COLUMNS FROM `sys_message` [ RunTime:0.004705s ]
[2026-08-19T23:46:07+08:00][sql] SELECT COUNT(*) AS think_count FROM `sys_message` WHERE  `user_id` = 27  AND `is_read` = 0 [ RunTime:0.001059s ]
[2026-08-19T23:46:07+08:00][sql] SHOW FULL COLUMNS FROM `balance_log` [ RunTime:0.002108s ]
[2026-08-19T23:46:07+08:00][sql] SELECT * FROM `balance_log` WHERE  `user_id` = 27 ORDER BY `id` DESC LIMIT 5 [ RunTime:0.001192s ]
[2026-08-19T23:46:07+08:00][sql] SELECT `b`.*,`g`.`title`,`g`.`cover`,g.status as goods_status,`g`.`end_time` FROM `bid_record` `b` LEFT JOIN `goods` `g` ON `b`.`goods_id`=`g`.`id` WHERE  `b`.`user_id` = '27' ORDER BY `b`.`id` DESC LIMIT 5 [ RunTime:0.000960s ]
[2026-08-19T23:46:07+08:00][sql] SELECT `id`,`nickname`,`mobile`,`reg_time` FROM `user` WHERE  `pid` = 27 ORDER BY `id` DESC LIMIT 10 [ RunTime:0.001181s ]
[2026-08-19T23:46:07+08:00][sql] SELECT `value` FROM `setting` WHERE  `name` = 'service_link' LIMIT 1 [ RunTime:0.001052s ]
[2026-08-19T23:46:08+08:00][sql] CONNECT:[ UseTime:0.022628s ] mysql:host=127.0.0.1;port=3306;dbname=auction;charset=utf8mb4
[2026-08-19T23:46:08+08:00][sql] SHOW FULL COLUMNS FROM `goods` [ RunTime:0.001943s ]
[2026-08-19T23:46:08+08:00][sql] SELECT `id` FROM `goods` WHERE  `status` = 1  AND `end_time` <= 1787154368 [ RunTime:0.001172s ]
[2026-08-19T23:46:08+08:00][sql] SHOW FULL COLUMNS FROM `user` [ RunTime:0.002075s ]
[2026-08-19T23:46:08+08:00][sql] SELECT * FROM `user` WHERE  `id` = 27 LIMIT 1 [ RunTime:0.001135s ]
[2026-08-19T23:46:08+08:00][sql] SHOW FULL COLUMNS FROM `setting` [ RunTime:0.001520s ]
[2026-08-19T23:46:08+08:00][sql] SELECT * FROM `setting` [ RunTime:0.000818s ]
[2026-08-19T23:46:08+08:00][sql] SELECT COUNT(*) AS think_count FROM `goods` `g` LEFT JOIN `user` `u` ON `g`.`seller_id`=`u`.`id` WHERE  `g`.`status` = '1'  AND `g`.`start_time` <= '1787154368'  AND `g`.`end_time` > '1787154368' [ RunTime:0.000901s ]
[2026-08-19T23:46:08+08:00][sql] SELECT `g`.*,u.nickname as seller_name FROM `goods` `g` LEFT JOIN `user` `u` ON `g`.`seller_id`=`u`.`id` WHERE  `g`.`status` = '1'  AND `g`.`start_time` <= '1787154368'  AND `g`.`end_time` > '1787154368' ORDER BY `g`.`end_time` ASC,`g`.`id` DESC LIMIT 0,10 [ RunTime:0.000998s ]
[2026-08-19T23:46:08+08:00][sql] SHOW FULL COLUMNS FROM `bid_record` [ RunTime:0.001277s ]
[2026-08-19T23:46:08+08:00][sql] SELECT MAX(`price`) AS think_max FROM `bid_record` WHERE  `goods_id` = 33  AND `status` = 0 [ RunTime:0.001069s ]
[2026-08-19T23:46:08+08:00][sql] SELECT MAX(`price`) AS think_max FROM `bid_record` WHERE  `goods_id` = 30  AND `status` = 0 [ RunTime:0.000740s ]
[2026-08-19T23:46:08+08:00][sql] SHOW FULL COLUMNS FROM `category` [ RunTime:0.001027s ]
[2026-08-19T23:46:08+08:00][sql] SELECT * FROM `category` WHERE  `status` = 1 ORDER BY `sort` ASC [ RunTime:0.000612s ]
[2026-08-19T23:46:08+08:00][sql] SELECT `b`.`price`,`b`.`create_time`,`g`.`title`,`u`.`nickname` FROM `bid_record` `b` LEFT JOIN `goods` `g` ON `b`.`goods_id`=`g`.`id` LEFT JOIN `user` `u` ON `b`.`user_id`=`u`.`id` WHERE  `b`.`status` = '1' ORDER BY `b`.`id` DESC LIMIT 5 [ RunTime:0.000856s ]
[2026-08-19T23:46:08+08:00][sql] SHOW FULL COLUMNS FROM `news` [ RunTime:0.003730s ]
[2026-08-19T23:46:08+08:00][sql] SELECT `id`,`title`,`create_time` FROM `news` WHERE  `status` = 1 ORDER BY `id` DESC LIMIT 3 [ RunTime:0.000936s ]
[2026-08-19T23:46:08+08:00][sql] SHOW FULL COLUMNS FROM `banner` [ RunTime:0.003934s ]
[2026-08-19T23:46:08+08:00][sql] SELECT * FROM `banner` WHERE  `status` = 1 ORDER BY `sort` ASC,`id` ASC [ RunTime:0.000971s ]
[2026-08-19T23:46:10+08:00][sql] CONNECT:[ UseTime:0.002422s ] mysql:host=127.0.0.1;port=3306;dbname=auction;charset=utf8mb4
[2026-08-19T23:46:10+08:00][sql] SHOW FULL COLUMNS FROM `goods` [ RunTime:0.002040s ]
[2026-08-19T23:46:10+08:00][sql] SELECT `id` FROM `goods` WHERE  `status` = 1  AND `end_time` <= 1787154370 [ RunTime:0.001011s ]
[2026-08-19T23:46:10+08:00][sql] SHOW FULL COLUMNS FROM `user` [ RunTime:0.001546s ]
[2026-08-19T23:46:10+08:00][sql] SELECT * FROM `user` WHERE  `id` = 27 LIMIT 1 [ RunTime:0.000897s ]
[2026-08-19T23:46:10+08:00][sql] SHOW FULL COLUMNS FROM `setting` [ RunTime:0.001308s ]
[2026-08-19T23:46:10+08:00][sql] SELECT * FROM `setting` [ RunTime:0.000695s ]
[2026-08-19T23:46:10+08:00][sql] SELECT `g`.*,u.nickname as seller_name,u.shop_name as seller_shop,u.avatar as seller_avatar,`u`.`seller_intro`,u.deposit as seller_deposit,`u`.`shop_score`,`u`.`fans_count`,c.name as category_name FROM `goods` `g` LEFT JOIN `user` `u` ON `g`.`seller_id`=`u`.`id` LEFT JOIN `category` `c` ON `g`.`category_id`=`c`.`id` WHERE  `g`.`id` = '33' LIMIT 1 [ RunTime:0.001303s ]
[2026-08-19T23:46:10+08:00][sql] UPDATE `goods`  SET `view_count` = `view_count` + 1  WHERE  `id` = 33 [ RunTime:0.001978s ]
[2026-08-19T23:46:10+08:00][sql] SHOW FULL COLUMNS FROM `bid_record` [ RunTime:0.001379s ]
[2026-08-19T23:46:10+08:00][sql] SELECT `b`.*,`u`.`nickname`,`u`.`mobile` FROM `bid_record` `b` LEFT JOIN `user` `u` ON `b`.`user_id`=`u`.`id` WHERE  `b`.`goods_id` = '33'  AND `b`.`status` = '0' ORDER BY `b`.`price` DESC,`b`.`id` ASC LIMIT 1 [ RunTime:0.001147s ]
[2026-08-19T23:46:10+08:00][sql] SELECT `b`.*,`u`.`nickname`,`u`.`mobile` FROM `bid_record` `b` LEFT JOIN `user` `u` ON `b`.`user_id`=`u`.`id` WHERE  `b`.`goods_id` = '33' ORDER BY `b`.`price` DESC,`b`.`id` ASC LIMIT 50 [ RunTime:0.001025s ]
[2026-08-19T23:46:10+08:00][sql] SELECT MAX(`price`) AS think_max FROM `bid_record` WHERE  `goods_id` = 33  AND `user_id` = 27  AND `status` = 0 [ RunTime:0.000870s ]
[2026-08-19T23:46:10+08:00][sql] SELECT MAX(`deposit`) AS think_max FROM `bid_record` WHERE  `goods_id` = 33  AND `user_id` = 27  AND `deposit` > '0' [ RunTime:0.000900s ]
[2026-08-19T23:46:10+08:00][sql] SHOW FULL COLUMNS FROM `browse_history` [ RunTime:0.001298s ]
[2026-08-19T23:46:10+08:00][sql] REPLACE INTO `browse_history` SET `user_id` = 27 , `goods_id` = 33 , `create_time` = 1787154370 [ RunTime:0.001733s ]
[2026-08-19T23:46:10+08:00][sql] SHOW FULL COLUMNS FROM `goods_favorite` [ RunTime:0.002585s ]
[2026-08-19T23:46:10+08:00][sql] SELECT COUNT(*) AS think_count FROM `goods_favorite` WHERE  `user_id` = 27  AND `goods_id` = 33 [ RunTime:0.000839s ]
[2026-08-19T23:46:10+08:00][sql] SHOW FULL COLUMNS FROM `seller_follow` [ RunTime:0.001195s ]
[2026-08-19T23:46:10+08:00][sql] SELECT COUNT(*) AS think_count FROM `seller_follow` WHERE  `user_id` = 27  AND `seller_id` = 25 [ RunTime:0.000777s ]
[2026-08-19T23:46:12+08:00][sql] CONNECT:[ UseTime:0.024936s ] mysql:host=127.0.0.1;port=3306;dbname=auction;charset=utf8mb4
[2026-08-19T23:46:12+08:00][sql] SHOW FULL COLUMNS FROM `goods` [ RunTime:0.002231s ]
[2026-08-19T23:46:12+08:00][sql] SELECT `id` FROM `goods` WHERE  `status` = 1  AND `end_time` <= 1787154372 [ RunTime:0.001192s ]
[2026-08-19T23:46:12+08:00][sql] SHOW FULL COLUMNS FROM `user` [ RunTime:0.001912s ]
[2026-08-19T23:46:12+08:00][sql] SELECT * FROM `user` WHERE  `id` = 27 LIMIT 1 [ RunTime:0.001092s ]
[2026-08-19T23:46:12+08:00][sql] SHOW FULL COLUMNS FROM `setting` [ RunTime:0.001565s ]
[2026-08-19T23:46:12+08:00][sql] SELECT * FROM `setting` [ RunTime:0.000872s ]
[2026-08-19T23:46:12+08:00][sql] SELECT * FROM `goods` WHERE  `id` = 33 LIMIT 1   FOR UPDATE [ RunTime:0.001199s ]
[2026-08-19T23:46:12+08:00][sql] SHOW FULL COLUMNS FROM `bid_record` [ RunTime:0.002008s ]
[2026-08-19T23:46:12+08:00][sql] SELECT MAX(`price`) AS think_max FROM `bid_record` WHERE  `goods_id` = 33  AND `status` = 0 [ RunTime:0.000979s ]
[2026-08-19T23:46:12+08:00][sql] SELECT * FROM `user` WHERE  `id` = 27 LIMIT 1   FOR UPDATE [ RunTime:0.001094s ]
[2026-08-19T23:46:12+08:00][sql] SELECT MAX(`deposit`) AS think_max FROM `bid_record` WHERE  `goods_id` = 33  AND `user_id` = 27  AND `deposit` > '0' [ RunTime:0.001035s ]
[2026-08-19T23:46:12+08:00][sql] SELECT * FROM `bid_record` WHERE  `goods_id` = 33  AND `status` = 0 ORDER BY `price` DESC,`id` ASC LIMIT 1 [ RunTime:0.001086s ]
[2026-08-19T23:46:12+08:00][sql] UPDATE `user`  SET `balance` = '98900' , `freeze_balance` = '100' , `update_time` = 1787154372  WHERE  `id` = 27 [ RunTime:0.001013s ]
[2026-08-19T23:46:12+08:00][sql] SHOW FULL COLUMNS FROM `balance_log` [ RunTime:0.001641s ]
[2026-08-19T23:46:12+08:00][sql] INSERT INTO `balance_log` SET `user_id` = 27 , `type` = 'deposit' , `amount` = '-100' , `balance` = '98900' , `remark` = '拍卖保证金（eee）' , `create_time` = 1787154372 [ RunTime:0.000980s ]
[2026-08-19T23:46:12+08:00][sql] INSERT INTO `bid_record` SET `goods_id` = 33 , `user_id` = 27 , `price` = '450' , `deposit` = '100' , `status` = 0 , `is_winner` = 0 , `create_time` = 1787154372 [ RunTime:0.000979s ]
[2026-08-19T23:46:12+08:00][sql] UPDATE `goods`  SET `bid_count` = bid_count+1 , `update_time` = 1787154372  WHERE  `id` = 33 [ RunTime:0.001067s ]
[2026-08-19T23:46:12+08:00][sql] SHOW FULL COLUMNS FROM `sys_message` [ RunTime:0.001559s ]
[2026-08-19T23:46:12+08:00][sql] INSERT INTO `sys_message` SET `user_id` = 26 , `admin_id` = 0 , `title` = '竞拍出局通知' , `content` = '您出价竞拍的「eee」已出局：您的出价 ¥350.00 于 2026-08-19 23:46:12 被 ¥450.00 超过，当前最高价 ¥450.00。如需继续竞拍，请再次出价。' , `is_read` = 0 , `create_time` = 1787154372 [ RunTime:0.000911s ]
[2026-08-19T23:46:13+08:00][sql] CONNECT:[ UseTime:0.020766s ] mysql:host=127.0.0.1;port=3306;dbname=auction;charset=utf8mb4
[2026-08-19T23:46:13+08:00][sql] SHOW FULL COLUMNS FROM `goods` [ RunTime:0.001969s ]
[2026-08-19T23:46:13+08:00][sql] SELECT `id` FROM `goods` WHERE  `status` = 1  AND `end_time` <= 1787154373 [ RunTime:0.001135s ]
[2026-08-19T23:46:13+08:00][sql] SHOW FULL COLUMNS FROM `user` [ RunTime:0.002070s ]
[2026-08-19T23:46:13+08:00][sql] SELECT * FROM `user` WHERE  `id` = 27 LIMIT 1 [ RunTime:0.001049s ]
[2026-08-19T23:46:13+08:00][sql] SHOW FULL COLUMNS FROM `setting` [ RunTime:0.001454s ]
[2026-08-19T23:46:13+08:00][sql] SELECT * FROM `setting` [ RunTime:0.000876s ]
[2026-08-19T23:46:13+08:00][sql] SELECT `g`.*,u.nickname as seller_name,u.shop_name as seller_shop,u.avatar as seller_avatar,`u`.`seller_intro`,u.deposit as seller_deposit,`u`.`shop_score`,`u`.`fans_count`,c.name as category_name FROM `goods` `g` LEFT JOIN `user` `u` ON `g`.`seller_id`=`u`.`id` LEFT JOIN `category` `c` ON `g`.`category_id`=`c`.`id` WHERE  `g`.`id` = '33' LIMIT 1 [ RunTime:0.001450s ]
[2026-08-19T23:46:13+08:00][sql] UPDATE `goods`  SET `view_count` = `view_count` + 1  WHERE  `id` = 33 [ RunTime:0.002445s ]
[2026-08-19T23:46:13+08:00][sql] SHOW FULL COLUMNS FROM `bid_record` [ RunTime:0.001778s ]
[2026-08-19T23:46:13+08:00][sql] SELECT `b`.*,`u`.`nickname`,`u`.`mobile` FROM `bid_record` `b` LEFT JOIN `user` `u` ON `b`.`user_id`=`u`.`id` WHERE  `b`.`goods_id` = '33'  AND `b`.`status` = '0' ORDER BY `b`.`price` DESC,`b`.`id` ASC LIMIT 1 [ RunTime:0.001320s ]
[2026-08-19T23:46:13+08:00][sql] SELECT `b`.*,`u`.`nickname`,`u`.`mobile` FROM `bid_record` `b` LEFT JOIN `user` `u` ON `b`.`user_id`=`u`.`id` WHERE  `b`.`goods_id` = '33' ORDER BY `b`.`price` DESC,`b`.`id` ASC LIMIT 50 [ RunTime:0.001120s ]
[2026-08-19T23:46:13+08:00][sql] SELECT MAX(`price`) AS think_max FROM `bid_record` WHERE  `goods_id` = 33  AND `user_id` = 27  AND `status` = 0 [ RunTime:0.005196s ]
[2026-08-19T23:46:13+08:00][sql] SELECT MAX(`deposit`) AS think_max FROM `bid_record` WHERE  `goods_id` = 33  AND `user_id` = 27  AND `deposit` > '0' [ RunTime:0.005581s ]
[2026-08-19T23:46:13+08:00][sql] SHOW FULL COLUMNS FROM `browse_history` [ RunTime:0.001727s ]
[2026-08-19T23:46:13+08:00][sql] REPLACE INTO `browse_history` SET `user_id` = 27 , `goods_id` = 33 , `create_time` = 1787154373 [ RunTime:0.002591s ]
[2026-08-19T23:46:13+08:00][sql] SHOW FULL COLUMNS FROM `goods_favorite` [ RunTime:0.001605s ]
[2026-08-19T23:46:13+08:00][sql] SELECT COUNT(*) AS think_count FROM `goods_favorite` WHERE  `user_id` = 27  AND `goods_id` = 33 [ RunTime:0.000981s ]
[2026-08-19T23:46:13+08:00][sql] SHOW FULL COLUMNS FROM `seller_follow` [ RunTime:0.001654s ]
[2026-08-19T23:46:13+08:00][sql] SELECT COUNT(*) AS think_count FROM `seller_follow` WHERE  `user_id` = 27  AND `seller_id` = 25 [ RunTime:0.001120s ]
[2026-08-19T23:46:19+08:00][sql] CONNECT:[ UseTime:0.003044s ] mysql:host=127.0.0.1;port=3306;dbname=auction;charset=utf8mb4
[2026-08-19T23:46:19+08:00][sql] SHOW FULL COLUMNS FROM `goods` [ RunTime:0.001511s ]
[2026-08-19T23:46:19+08:00][sql] SELECT `id` FROM `goods` WHERE  `status` = 1  AND `end_time` <= 1787154379 [ RunTime:0.000695s ]
[2026-08-19T23:46:19+08:00][sql] SHOW FULL COLUMNS FROM `user` [ RunTime:0.001212s ]
[2026-08-19T23:46:19+08:00][sql] SELECT * FROM `user` WHERE  `id` = 26 LIMIT 1 [ RunTime:0.000794s ]
[2026-08-19T23:46:19+08:00][sql] SHOW FULL COLUMNS FROM `setting` [ RunTime:0.000998s ]
[2026-08-19T23:46:19+08:00][sql] SELECT * FROM `setting` [ RunTime:0.000623s ]
[2026-08-19T23:46:19+08:00][sql] SHOW FULL COLUMNS FROM `bid_record` [ RunTime:0.000993s ]
[2026-08-19T23:46:19+08:00][sql] SELECT COUNT(*) AS think_count FROM `bid_record` WHERE  `user_id` = 26 [ RunTime:0.000579s ]
[2026-08-19T23:46:19+08:00][sql] SHOW FULL COLUMNS FROM `order` [ RunTime:0.001078s ]
[2026-08-19T23:46:19+08:00][sql] SELECT COUNT(*) AS think_count FROM `order` WHERE  `buyer_id` = 26  AND `pay_status` = 1 [ RunTime:0.000603s ]
[2026-08-19T23:46:19+08:00][sql] SELECT COUNT(*) AS think_count FROM `goods` WHERE  `seller_id` = 26  AND `status` = 2 [ RunTime:0.000556s ]
[2026-08-19T23:46:19+08:00][sql] SELECT COUNT(*) AS think_count FROM `goods` WHERE  `seller_id` = 26 [ RunTime:0.000398s ]
[2026-08-19T23:46:19+08:00][sql] SELECT COUNT(*) AS think_count FROM `order` WHERE  `buyer_id` = 26  AND `pay_status` = 0  AND `order_status` = 0 [ RunTime:0.000415s ]
[2026-08-19T23:46:19+08:00][sql] SELECT COUNT(*) AS think_count FROM `order` WHERE  `seller_id` = 26  AND `order_status` = 1 [ RunTime:0.000355s ]
[2026-08-19T23:46:19+08:00][sql] SELECT COUNT(*) AS think_count FROM `order` WHERE  `buyer_id` = 26  AND `order_status` = 0  AND `pay_status` = 0 [ RunTime:0.000359s ]
[2026-08-19T23:46:19+08:00][sql] SELECT COUNT(*) AS think_count FROM `order` WHERE  `buyer_id` = 26  AND `order_status` = 1 [ RunTime:0.000577s ]
[2026-08-19T23:46:19+08:00][sql] SELECT COUNT(*) AS think_count FROM `order` WHERE  `buyer_id` = 26  AND `order_status` = 2 [ RunTime:0.000544s ]
[2026-08-19T23:46:19+08:00][sql] SELECT COUNT(*) AS think_count FROM `order` WHERE  `buyer_id` = 26  AND `order_status` = 3 [ RunTime:0.000610s ]
[2026-08-19T23:46:19+08:00][sql] SELECT COUNT(*) AS think_count FROM `order` WHERE  `seller_id` = 26  AND `order_status` = 1 [ RunTime:0.000542s ]
[2026-08-19T23:46:19+08:00][sql] SHOW FULL COLUMNS FROM `goods_favorite` [ RunTime:0.001106s ]
[2026-08-19T23:46:19+08:00][sql] SELECT COUNT(*) AS think_count FROM `goods_favorite` WHERE  `user_id` = 26 [ RunTime:0.000638s ]
[2026-08-19T23:46:19+08:00][sql] SHOW FULL COLUMNS FROM `seller_follow` [ RunTime:0.000899s ]
[2026-08-19T23:46:19+08:00][sql] SELECT COUNT(*) AS think_count FROM `seller_follow` WHERE  `user_id` = 26 [ RunTime:0.000525s ]
[2026-08-19T23:46:19+08:00][sql] SHOW FULL COLUMNS FROM `browse_history` [ RunTime:0.000948s ]
[2026-08-19T23:46:19+08:00][sql] SELECT COUNT(*) AS think_count FROM `browse_history` WHERE  `user_id` = 26 [ RunTime:0.000528s ]
[2026-08-19T23:46:19+08:00][sql] SHOW FULL COLUMNS FROM `sys_message` [ RunTime:0.002645s ]
[2026-08-19T23:46:19+08:00][sql] SELECT COUNT(*) AS think_count FROM `sys_message` WHERE  `user_id` = 26  AND `is_read` = 0 [ RunTime:0.000589s ]
[2026-08-19T23:46:19+08:00][sql] SHOW FULL COLUMNS FROM `balance_log` [ RunTime:0.003281s ]
[2026-08-19T23:46:19+08:00][sql] SELECT * FROM `balance_log` WHERE  `user_id` = 26 ORDER BY `id` DESC LIMIT 5 [ RunTime:0.001017s ]
[2026-08-19T23:46:19+08:00][sql] SELECT `b`.*,`g`.`title`,`g`.`cover`,g.status as goods_status,`g`.`end_time` FROM `bid_record` `b` LEFT JOIN `goods` `g` ON `b`.`goods_id`=`g`.`id` WHERE  `b`.`user_id` = '26' ORDER BY `b`.`id` DESC LIMIT 5 [ RunTime:0.000660s ]
[2026-08-19T23:46:19+08:00][sql] SELECT `id`,`nickname`,`mobile`,`reg_time` FROM `user` WHERE  `pid` = 26 ORDER BY `id` DESC LIMIT 10 [ RunTime:0.000622s ]
[2026-08-19T23:46:19+08:00][sql] SELECT `value` FROM `setting` WHERE  `name` = 'service_link' LIMIT 1 [ RunTime:0.000594s ]
[2026-08-19T23:46:21+08:00][sql] CONNECT:[ UseTime:0.020506s ] mysql:host=127.0.0.1;port=3306;dbname=auction;charset=utf8mb4
[2026-08-19T23:46:21+08:00][sql] SHOW FULL COLUMNS FROM `goods` [ RunTime:0.002394s ]
[2026-08-19T23:46:21+08:00][sql] SELECT `id` FROM `goods` WHERE  `status` = 1  AND `end_time` <= 1787154381 [ RunTime:0.000979s ]
[2026-08-19T23:46:21+08:00][sql] SHOW FULL COLUMNS FROM `user` [ RunTime:0.001883s ]
[2026-08-19T23:46:21+08:00][sql] SELECT * FROM `user` WHERE  `id` = 26 LIMIT 1 [ RunTime:0.001065s ]
[2026-08-19T23:46:21+08:00][sql] SHOW FULL COLUMNS FROM `setting` [ RunTime:0.001513s ]
[2026-08-19T23:46:21+08:00][sql] SELECT * FROM `setting` [ RunTime:0.000835s ]
[2026-08-19T23:46:21+08:00][sql] SHOW FULL COLUMNS FROM `sys_message` [ RunTime:0.004026s ]
[2026-08-19T23:46:21+08:00][sql] SELECT COUNT(*) AS think_count FROM `sys_message` WHERE  `user_id` = 26 [ RunTime:0.000994s ]
[2026-08-19T23:46:21+08:00][sql] SELECT * FROM `sys_message` WHERE  `user_id` = 26 ORDER BY `id` DESC LIMIT 0,15 [ RunTime:0.000979s ]
[2026-08-19T23:46:25+08:00][sql] CONNECT:[ UseTime:0.006436s ] mysql:host=127.0.0.1;port=3306;dbname=auction;charset=utf8mb4
[2026-08-19T23:46:25+08:00][sql] SHOW FULL COLUMNS FROM `goods` [ RunTime:0.001444s ]
[2026-08-19T23:46:25+08:00][sql] SELECT `id` FROM `goods` WHERE  `status` = 1  AND `end_time` <= 1787154385 [ RunTime:0.000688s ]
[2026-08-19T23:46:25+08:00][sql] SHOW FULL COLUMNS FROM `user` [ RunTime:0.001228s ]
[2026-08-19T23:46:25+08:00][sql] SELECT * FROM `user` WHERE  `id` = 26 LIMIT 1 [ RunTime:0.000735s ]
[2026-08-19T23:46:25+08:00][sql] SHOW FULL COLUMNS FROM `setting` [ RunTime:0.000982s ]
[2026-08-19T23:46:25+08:00][sql] SELECT * FROM `setting` [ RunTime:0.000582s ]
[2026-08-19T23:46:25+08:00][sql] SHOW FULL COLUMNS FROM `sys_message` [ RunTime:0.001078s ]
[2026-08-19T23:46:25+08:00][sql] SELECT * FROM `sys_message` WHERE  `id` = 3  AND `user_id` = 26 LIMIT 1 [ RunTime:0.000616s ]
[2026-08-19T23:46:25+08:00][sql] UPDATE `sys_message`  SET `is_read` = 1  WHERE  `id` = 3 [ RunTime:0.004236s ]
[2026-08-19T23:46:32+08:00][sql] CONNECT:[ UseTime:0.003709s ] mysql:host=127.0.0.1;port=3306;dbname=auction;charset=utf8mb4
[2026-08-19T23:46:32+08:00][sql] SHOW FULL COLUMNS FROM `goods` [ RunTime:0.001133s ]
[2026-08-19T23:46:32+08:00][sql] SELECT `id` FROM `goods` WHERE  `status` = 1  AND `end_time` <= 1787154392 [ RunTime:0.001013s ]
[2026-08-19T23:46:32+08:00][sql] SHOW FULL COLUMNS FROM `user` [ RunTime:0.001882s ]
[2026-08-19T23:46:32+08:00][sql] SELECT * FROM `user` WHERE  `id` = 26 LIMIT 1 [ RunTime:0.001031s ]
[2026-08-19T23:46:32+08:00][sql] SHOW FULL COLUMNS FROM `setting` [ RunTime:0.001514s ]
[2026-08-19T23:46:32+08:00][sql] SELECT * FROM `setting` [ RunTime:0.000832s ]
[2026-08-19T23:46:32+08:00][sql] SHOW FULL COLUMNS FROM `sys_message` [ RunTime:0.001383s ]
[2026-08-19T23:46:32+08:00][sql] SELECT COUNT(*) AS think_count FROM `sys_message` WHERE  `user_id` = 26 [ RunTime:0.000819s ]
[2026-08-19T23:46:32+08:00][sql] SELECT * FROM `sys_message` WHERE  `user_id` = 26 ORDER BY `id` DESC LIMIT 0,15 [ RunTime:0.000843s ]
[2026-08-19T23:46:34+08:00][sql] CONNECT:[ UseTime:0.022611s ] mysql:host=127.0.0.1;port=3306;dbname=auction;charset=utf8mb4
[2026-08-19T23:46:34+08:00][sql] SHOW FULL COLUMNS FROM `goods` [ RunTime:0.002426s ]
[2026-08-19T23:46:34+08:00][sql] SELECT `id` FROM `goods` WHERE  `status` = 1  AND `end_time` <= 1787154394 [ RunTime:0.001069s ]
[2026-08-19T23:46:34+08:00][sql] SHOW FULL COLUMNS FROM `user` [ RunTime:0.001965s ]
[2026-08-19T23:46:34+08:00][sql] SELECT * FROM `user` WHERE  `id` = 26 LIMIT 1 [ RunTime:0.001040s ]
[2026-08-19T23:46:34+08:00][sql] SHOW FULL COLUMNS FROM `setting` [ RunTime:0.001539s ]
[2026-08-19T23:46:34+08:00][sql] SELECT * FROM `setting` [ RunTime:0.000900s ]
[2026-08-19T23:46:34+08:00][sql] SELECT COUNT(*) AS think_count FROM `goods` `g` LEFT JOIN `user` `u` ON `g`.`seller_id`=`u`.`id` WHERE  `g`.`status` = '1'  AND `g`.`start_time` <= '1787154394'  AND `g`.`end_time` > '1787154394' [ RunTime:0.001252s ]
[2026-08-19T23:46:34+08:00][sql] SELECT `g`.*,u.nickname as seller_name FROM `goods` `g` LEFT JOIN `user` `u` ON `g`.`seller_id`=`u`.`id` WHERE  `g`.`status` = '1'  AND `g`.`start_time` <= '1787154394'  AND `g`.`end_time` > '1787154394' ORDER BY `g`.`end_time` ASC,`g`.`id` DESC LIMIT 0,10 [ RunTime:0.001285s ]
[2026-08-19T23:46:34+08:00][sql] SHOW FULL COLUMNS FROM `bid_record` [ RunTime:0.001660s ]
[2026-08-19T23:46:34+08:00][sql] SELECT MAX(`price`) AS think_max FROM `bid_record` WHERE  `goods_id` = 33  AND `status` = 0 [ RunTime:0.000997s ]
[2026-08-19T23:46:34+08:00][sql] SELECT MAX(`price`) AS think_max FROM `bid_record` WHERE  `goods_id` = 30  AND `status` = 0 [ RunTime:0.000972s ]
[2026-08-19T23:46:34+08:00][sql] SHOW FULL COLUMNS FROM `category` [ RunTime:0.001552s ]
[2026-08-19T23:46:34+08:00][sql] SELECT * FROM `category` WHERE  `status` = 1 ORDER BY `sort` ASC [ RunTime:0.000950s ]
[2026-08-19T23:46:34+08:00][sql] SELECT `b`.`price`,`b`.`create_time`,`g`.`title`,`u`.`nickname` FROM `bid_record` `b` LEFT JOIN `goods` `g` ON `b`.`goods_id`=`g`.`id` LEFT JOIN `user` `u` ON `b`.`user_id`=`u`.`id` WHERE  `b`.`status` = '1' ORDER BY `b`.`id` DESC LIMIT 5 [ RunTime:0.001041s ]
[2026-08-19T23:46:34+08:00][sql] SHOW FULL COLUMNS FROM `news` [ RunTime:0.001761s ]
[2026-08-19T23:46:34+08:00][sql] SELECT `id`,`title`,`create_time` FROM `news` WHERE  `status` = 1 ORDER BY `id` DESC LIMIT 3 [ RunTime:0.000994s ]
[2026-08-19T23:46:34+08:00][sql] SHOW FULL COLUMNS FROM `banner` [ RunTime:0.001327s ]
[2026-08-19T23:46:34+08:00][sql] SELECT * FROM `banner` WHERE  `status` = 1 ORDER BY `sort` ASC,`id` ASC [ RunTime:0.001008s ]
[2026-08-19T23:48:29+08:00][sql] CONNECT:[ UseTime:0.017159s ] mysql:host=127.0.0.1;port=3306;dbname=auction;charset=utf8mb4
[2026-08-19T23:48:29+08:00][sql] SHOW FULL COLUMNS FROM `goods` [ RunTime:0.002192s ]
[2026-08-19T23:48:29+08:00][sql] SELECT `id` FROM `goods` WHERE  `status` = 1  AND `end_time` <= 1787154509 [ RunTime:0.001004s ]
[2026-08-19T23:48:29+08:00][sql] SHOW FULL COLUMNS FROM `user` [ RunTime:0.001659s ]
[2026-08-19T23:48:29+08:00][sql] SELECT * FROM `user` WHERE  `id` = 26 LIMIT 1 [ RunTime:0.000898s ]
[2026-08-19T23:48:29+08:00][sql] SHOW FULL COLUMNS FROM `setting` [ RunTime:0.001254s ]
[2026-08-19T23:48:29+08:00][sql] SELECT * FROM `setting` [ RunTime:0.000665s ]
[2026-08-19T23:48:29+08:00][sql] SELECT COUNT(*) AS think_count FROM `goods` `g` LEFT JOIN `user` `u` ON `g`.`seller_id`=`u`.`id` WHERE  `g`.`status` = '1'  AND `g`.`start_time` <= '1787154509'  AND `g`.`end_time` > '1787154509' [ RunTime:0.001042s ]
[2026-08-19T23:48:29+08:00][sql] SELECT `g`.*,u.nickname as seller_name FROM `goods` `g` LEFT JOIN `user` `u` ON `g`.`seller_id`=`u`.`id` WHERE  `g`.`status` = '1'  AND `g`.`start_time` <= '1787154509'  AND `g`.`end_time` > '1787154509' ORDER BY `g`.`end_time` ASC,`g`.`id` DESC LIMIT 0,10 [ RunTime:0.001609s ]
[2026-08-19T23:48:29+08:00][sql] SHOW FULL COLUMNS FROM `bid_record` [ RunTime:0.001903s ]
[2026-08-19T23:48:29+08:00][sql] SELECT MAX(`price`) AS think_max FROM `bid_record` WHERE  `goods_id` = 33  AND `status` = 0 [ RunTime:0.000905s ]
[2026-08-19T23:48:29+08:00][sql] SELECT MAX(`price`) AS think_max FROM `bid_record` WHERE  `goods_id` = 30  AND `status` = 0 [ RunTime:0.000832s ]
[2026-08-19T23:48:29+08:00][sql] SHOW FULL COLUMNS FROM `category` [ RunTime:0.001568s ]
[2026-08-19T23:48:29+08:00][sql] SELECT * FROM `category` WHERE  `status` = 1 ORDER BY `sort` ASC [ RunTime:0.000894s ]
[2026-08-19T23:48:29+08:00][sql] SELECT `b`.`price`,`b`.`create_time`,`g`.`title`,`u`.`nickname` FROM `bid_record` `b` LEFT JOIN `goods` `g` ON `b`.`goods_id`=`g`.`id` LEFT JOIN `user` `u` ON `b`.`user_id`=`u`.`id` WHERE  `b`.`status` = '1' ORDER BY `b`.`id` DESC LIMIT 5 [ RunTime:0.000922s ]
[2026-08-19T23:48:29+08:00][sql] SHOW FULL COLUMNS FROM `news` [ RunTime:0.001373s ]
[2026-08-19T23:48:29+08:00][sql] SELECT `id`,`title`,`create_time` FROM `news` WHERE  `status` = 1 ORDER BY `id` DESC LIMIT 3 [ RunTime:0.000818s ]
[2026-08-19T23:48:29+08:00][sql] SHOW FULL COLUMNS FROM `banner` [ RunTime:0.001294s ]
[2026-08-19T23:48:29+08:00][sql] SELECT * FROM `banner` WHERE  `status` = 1 ORDER BY `sort` ASC,`id` ASC [ RunTime:0.000811s ]
[2026-08-19T23:48:31+08:00][sql] CONNECT:[ UseTime:0.020886s ] mysql:host=127.0.0.1;port=3306;dbname=auction;charset=utf8mb4
[2026-08-19T23:48:31+08:00][sql] SHOW FULL COLUMNS FROM `goods` [ RunTime:0.001792s ]
[2026-08-19T23:48:31+08:00][sql] SELECT `id` FROM `goods` WHERE  `status` = 1  AND `end_time` <= 1787154511 [ RunTime:0.001048s ]
[2026-08-19T23:48:31+08:00][sql] SHOW FULL COLUMNS FROM `user` [ RunTime:0.001824s ]
[2026-08-19T23:48:31+08:00][sql] SELECT * FROM `user` WHERE  `id` = 26 LIMIT 1 [ RunTime:0.001036s ]
[2026-08-19T23:48:31+08:00][sql] SHOW FULL COLUMNS FROM `setting` [ RunTime:0.001627s ]
[2026-08-19T23:48:31+08:00][sql] SELECT * FROM `setting` [ RunTime:0.000828s ]
[2026-08-19T23:48:31+08:00][sql] SELECT `g`.*,u.nickname as seller_name,u.shop_name as seller_shop,u.avatar as seller_avatar,`u`.`seller_intro`,u.deposit as seller_deposit,`u`.`shop_score`,`u`.`fans_count`,c.name as category_name FROM `goods` `g` LEFT JOIN `user` `u` ON `g`.`seller_id`=`u`.`id` LEFT JOIN `category` `c` ON `g`.`category_id`=`c`.`id` WHERE  `g`.`id` = '33' LIMIT 1 [ RunTime:0.001415s ]
[2026-08-19T23:48:31+08:00][sql] UPDATE `goods`  SET `view_count` = `view_count` + 1  WHERE  `id` = 33 [ RunTime:0.004392s ]
[2026-08-19T23:48:31+08:00][sql] SHOW FULL COLUMNS FROM `bid_record` [ RunTime:0.001570s ]
[2026-08-19T23:48:31+08:00][sql] SELECT `b`.*,`u`.`nickname`,`u`.`mobile` FROM `bid_record` `b` LEFT JOIN `user` `u` ON `b`.`user_id`=`u`.`id` WHERE  `b`.`goods_id` = '33'  AND `b`.`status` = '0' ORDER BY `b`.`price` DESC,`b`.`id` ASC LIMIT 1 [ RunTime:0.000886s ]
[2026-08-19T23:48:31+08:00][sql] SELECT `b`.*,`u`.`nickname`,`u`.`mobile` FROM `bid_record` `b` LEFT JOIN `user` `u` ON `b`.`user_id`=`u`.`id` WHERE  `b`.`goods_id` = '33' ORDER BY `b`.`price` DESC,`b`.`id` ASC LIMIT 50 [ RunTime:0.000694s ]
[2026-08-19T23:48:31+08:00][sql] SELECT MAX(`price`) AS think_max FROM `bid_record` WHERE  `goods_id` = 33  AND `user_id` = 26  AND `status` = 0 [ RunTime:0.004327s ]
[2026-08-19T23:48:31+08:00][sql] SELECT MAX(`deposit`) AS think_max FROM `bid_record` WHERE  `goods_id` = 33  AND `user_id` = 26  AND `deposit` > '0' [ RunTime:0.005148s ]
[2026-08-19T23:48:31+08:00][sql] SHOW FULL COLUMNS FROM `browse_history` [ RunTime:0.001514s ]
[2026-08-19T23:48:31+08:00][sql] REPLACE INTO `browse_history` SET `user_id` = 26 , `goods_id` = 33 , `create_time` = 1787154511 [ RunTime:0.002135s ]
[2026-08-19T23:48:31+08:00][sql] SHOW FULL COLUMNS FROM `goods_favorite` [ RunTime:0.001420s ]
[2026-08-19T23:48:31+08:00][sql] SELECT COUNT(*) AS think_count FROM `goods_favorite` WHERE  `user_id` = 26  AND `goods_id` = 33 [ RunTime:0.000829s ]
[2026-08-19T23:48:31+08:00][sql] SHOW FULL COLUMNS FROM `seller_follow` [ RunTime:0.001425s ]
[2026-08-19T23:48:31+08:00][sql] SELECT COUNT(*) AS think_count FROM `seller_follow` WHERE  `user_id` = 26  AND `seller_id` = 25 [ RunTime:0.000827s ]
[2026-08-19T23:51:17+08:00][sql] CONNECT:[ UseTime:0.011332s ] mysql:host=127.0.0.1;port=3306;dbname=auction;charset=utf8mb4
[2026-08-19T23:51:17+08:00][sql] SHOW FULL COLUMNS FROM `goods` [ RunTime:0.002276s ]
[2026-08-19T23:51:17+08:00][sql] SELECT `id` FROM `goods` WHERE  `status` = 1  AND `end_time` <= 1787154677 [ RunTime:0.000987s ]
[2026-08-19T23:51:17+08:00][sql] SHOW FULL COLUMNS FROM `user` [ RunTime:0.001844s ]
[2026-08-19T23:51:17+08:00][sql] SELECT * FROM `user` WHERE  `id` = 26 LIMIT 1 [ RunTime:0.000953s ]
[2026-08-19T23:51:17+08:00][sql] SHOW FULL COLUMNS FROM `setting` [ RunTime:0.001427s ]
[2026-08-19T23:51:17+08:00][sql] SELECT * FROM `setting` [ RunTime:0.000784s ]
[2026-08-19T23:51:17+08:00][sql] SELECT `g`.*,u.nickname as seller_name,u.shop_name as seller_shop,u.avatar as seller_avatar,`u`.`seller_intro`,u.deposit as seller_deposit,`u`.`shop_score`,`u`.`fans_count`,c.name as category_name FROM `goods` `g` LEFT JOIN `user` `u` ON `g`.`seller_id`=`u`.`id` LEFT JOIN `category` `c` ON `g`.`category_id`=`c`.`id` WHERE  `g`.`id` = '33' LIMIT 1 [ RunTime:0.001471s ]
[2026-08-19T23:51:17+08:00][sql] UPDATE `goods`  SET `view_count` = `view_count` + 1  WHERE  `id` = 33 [ RunTime:0.005716s ]
[2026-08-19T23:51:17+08:00][sql] SHOW FULL COLUMNS FROM `bid_record` [ RunTime:0.001832s ]
[2026-08-19T23:51:17+08:00][sql] SELECT `b`.*,`u`.`nickname`,`u`.`mobile` FROM `bid_record` `b` LEFT JOIN `user` `u` ON `b`.`user_id`=`u`.`id` WHERE  `b`.`goods_id` = '33'  AND `b`.`status` = '0' ORDER BY `b`.`price` DESC,`b`.`id` ASC LIMIT 1 [ RunTime:0.001200s ]
[2026-08-19T23:51:17+08:00][sql] SELECT `b`.*,`u`.`nickname`,`u`.`mobile` FROM `bid_record` `b` LEFT JOIN `user` `u` ON `b`.`user_id`=`u`.`id` WHERE  `b`.`goods_id` = '33' ORDER BY `b`.`price` DESC,`b`.`id` ASC LIMIT 50 [ RunTime:0.001028s ]
[2026-08-19T23:51:17+08:00][sql] SELECT MAX(`price`) AS think_max FROM `bid_record` WHERE  `goods_id` = 33  AND `user_id` = 26  AND `status` = 0 [ RunTime:0.005168s ]
[2026-08-19T23:51:17+08:00][sql] SELECT MAX(`deposit`) AS think_max FROM `bid_record` WHERE  `goods_id` = 33  AND `user_id` = 26  AND `deposit` > '0' [ RunTime:0.005131s ]
[2026-08-19T23:51:17+08:00][sql] SHOW FULL COLUMNS FROM `browse_history` [ RunTime:0.001575s ]
[2026-08-19T23:51:17+08:00][sql] REPLACE INTO `browse_history` SET `user_id` = 26 , `goods_id` = 33 , `create_time` = 1787154677 [ RunTime:0.002081s ]
[2026-08-19T23:51:17+08:00][sql] SHOW FULL COLUMNS FROM `goods_favorite` [ RunTime:0.003122s ]
[2026-08-19T23:51:17+08:00][sql] SELECT COUNT(*) AS think_count FROM `goods_favorite` WHERE  `user_id` = 26  AND `goods_id` = 33 [ RunTime:0.000839s ]
[2026-08-19T23:51:17+08:00][sql] SHOW FULL COLUMNS FROM `seller_follow` [ RunTime:0.001631s ]
[2026-08-19T23:51:17+08:00][sql] SELECT COUNT(*) AS think_count FROM `seller_follow` WHERE  `user_id` = 26  AND `seller_id` = 25 [ RunTime:0.000917s ]
[2026-08-19T23:51:53+08:00][sql] CONNECT:[ UseTime:0.027061s ] mysql:host=127.0.0.1;port=3306;dbname=auction;charset=utf8mb4
[2026-08-19T23:51:53+08:00][sql] SHOW FULL COLUMNS FROM `goods` [ RunTime:0.001517s ]
[2026-08-19T23:51:53+08:00][sql] SELECT `id` FROM `goods` WHERE  `status` = 1  AND `end_time` <= 1787154713 [ RunTime:0.001048s ]
[2026-08-19T23:51:53+08:00][sql] SHOW FULL COLUMNS FROM `user` [ RunTime:0.002024s ]
[2026-08-19T23:51:53+08:00][sql] SELECT * FROM `user` WHERE  `id` = 26 LIMIT 1 [ RunTime:0.001134s ]
[2026-08-19T23:51:53+08:00][sql] SHOW FULL COLUMNS FROM `setting` [ RunTime:0.001536s ]
[2026-08-19T23:51:53+08:00][sql] SELECT * FROM `setting` [ RunTime:0.000882s ]
[2026-08-19T23:51:53+08:00][sql] SHOW FULL COLUMNS FROM `bid_record` [ RunTime:0.001810s ]
[2026-08-19T23:51:53+08:00][sql] SELECT COUNT(*) AS think_count FROM `bid_record` WHERE  `user_id` = 26 [ RunTime:0.001065s ]
[2026-08-19T23:51:53+08:00][sql] SHOW FULL COLUMNS FROM `order` [ RunTime:0.001975s ]
[2026-08-19T23:51:53+08:00][sql] SELECT COUNT(*) AS think_count FROM `order` WHERE  `buyer_id` = 26  AND `pay_status` = 1 [ RunTime:0.001083s ]
[2026-08-19T23:51:53+08:00][sql] SELECT COUNT(*) AS think_count FROM `goods` WHERE  `seller_id` = 26  AND `status` = 2 [ RunTime:0.000895s ]
[2026-08-19T23:51:53+08:00][sql] SELECT COUNT(*) AS think_count FROM `goods` WHERE  `seller_id` = 26 [ RunTime:0.000911s ]
[2026-08-19T23:51:53+08:00][sql] SELECT COUNT(*) AS think_count FROM `order` WHERE  `buyer_id` = 26  AND `pay_status` = 0  AND `order_status` = 0 [ RunTime:0.000906s ]
[2026-08-19T23:51:53+08:00][sql] SELECT COUNT(*) AS think_count FROM `order` WHERE  `seller_id` = 26  AND `order_status` = 1 [ RunTime:0.000959s ]
[2026-08-19T23:51:53+08:00][sql] SELECT COUNT(*) AS think_count FROM `order` WHERE  `buyer_id` = 26  AND `order_status` = 0  AND `pay_status` = 0 [ RunTime:0.000938s ]
[2026-08-19T23:51:53+08:00][sql] SELECT COUNT(*) AS think_count FROM `order` WHERE  `buyer_id` = 26  AND `order_status` = 1 [ RunTime:0.000923s ]
[2026-08-19T23:51:53+08:00][sql] SELECT COUNT(*) AS think_count FROM `order` WHERE  `buyer_id` = 26  AND `order_status` = 2 [ RunTime:0.000948s ]
[2026-08-19T23:51:53+08:00][sql] SELECT COUNT(*) AS think_count FROM `order` WHERE  `buyer_id` = 26  AND `order_status` = 3 [ RunTime:0.000871s ]
[2026-08-19T23:51:53+08:00][sql] SELECT COUNT(*) AS think_count FROM `order` WHERE  `seller_id` = 26  AND `order_status` = 1 [ RunTime:0.000873s ]
[2026-08-19T23:51:53+08:00][sql] SHOW FULL COLUMNS FROM `goods_favorite` [ RunTime:0.001657s ]
[2026-08-19T23:51:53+08:00][sql] SELECT COUNT(*) AS think_count FROM `goods_favorite` WHERE  `user_id` = 26 [ RunTime:0.000966s ]
[2026-08-19T23:51:53+08:00][sql] SHOW FULL COLUMNS FROM `seller_follow` [ RunTime:0.001586s ]
[2026-08-19T23:51:53+08:00][sql] SELECT COUNT(*) AS think_count FROM `seller_follow` WHERE  `user_id` = 26 [ RunTime:0.000957s ]
[2026-08-19T23:51:53+08:00][sql] SHOW FULL COLUMNS FROM `browse_history` [ RunTime:0.001547s ]
[2026-08-19T23:51:53+08:00][sql] SELECT COUNT(*) AS think_count FROM `browse_history` WHERE  `user_id` = 26 [ RunTime:0.000958s ]
[2026-08-19T23:51:53+08:00][sql] SHOW FULL COLUMNS FROM `sys_message` [ RunTime:0.003975s ]
[2026-08-19T23:51:53+08:00][sql] SELECT COUNT(*) AS think_count FROM `sys_message` WHERE  `user_id` = 26  AND `is_read` = 0 [ RunTime:0.000979s ]
[2026-08-19T23:51:53+08:00][sql] SHOW FULL COLUMNS FROM `balance_log` [ RunTime:0.001528s ]
[2026-08-19T23:51:53+08:00][sql] SELECT * FROM `balance_log` WHERE  `user_id` = 26 ORDER BY `id` DESC LIMIT 5 [ RunTime:0.001224s ]
[2026-08-19T23:51:53+08:00][sql] SELECT `b`.*,`g`.`title`,`g`.`cover`,g.status as goods_status,`g`.`end_time` FROM `bid_record` `b` LEFT JOIN `goods` `g` ON `b`.`goods_id`=`g`.`id` WHERE  `b`.`user_id` = '26' ORDER BY `b`.`id` DESC LIMIT 5 [ RunTime:0.001084s ]
[2026-08-19T23:51:53+08:00][sql] SELECT `id`,`nickname`,`mobile`,`reg_time` FROM `user` WHERE  `pid` = 26 ORDER BY `id` DESC LIMIT 10 [ RunTime:0.000941s ]
[2026-08-19T23:51:53+08:00][sql] SELECT `value` FROM `setting` WHERE  `name` = 'service_link' LIMIT 1 [ RunTime:0.000894s ]
[2026-08-19T23:51:56+08:00][sql] CONNECT:[ UseTime:0.008553s ] mysql:host=127.0.0.1;port=3306;dbname=auction;charset=utf8mb4
[2026-08-19T23:51:56+08:00][sql] SHOW FULL COLUMNS FROM `goods` [ RunTime:0.002224s ]
[2026-08-19T23:51:56+08:00][sql] SELECT `id` FROM `goods` WHERE  `status` = 1  AND `end_time` <= 1787154716 [ RunTime:0.001149s ]
[2026-08-19T23:51:56+08:00][sql] SHOW FULL COLUMNS FROM `user` [ RunTime:0.001861s ]
[2026-08-19T23:51:56+08:00][sql] SELECT * FROM `user` WHERE  `id` = 26 LIMIT 1 [ RunTime:0.001067s ]
[2026-08-19T23:51:56+08:00][sql] SHOW FULL COLUMNS FROM `setting` [ RunTime:0.001544s ]
[2026-08-19T23:51:56+08:00][sql] SELECT * FROM `setting` [ RunTime:0.000848s ]
[2026-08-19T23:51:56+08:00][sql] SHOW FULL COLUMNS FROM `message` [ RunTime:0.001647s ]
[2026-08-19T23:51:56+08:00][sql] SELECT `m`.*,u.nickname as other_name,u.avatar as other_avatar,u.shop_name as other_shop,g.title as goods_title FROM `message` `m` LEFT JOIN `user` `u` ON `m`.`to_uid`=`u`.`id` LEFT JOIN `goods` `g` ON `m`.`goods_id`=`g`.`id` WHERE  `m`.`from_uid` = '26' ORDER BY `m`.`id` DESC [ RunTime:0.001267s ]
[2026-08-19T23:51:56+08:00][sql] SELECT `m`.*,u.nickname as other_name,u.avatar as other_avatar,u.shop_name as other_shop,g.title as goods_title FROM `message` `m` LEFT JOIN `user` `u` ON `m`.`from_uid`=`u`.`id` LEFT JOIN `goods` `g` ON `m`.`goods_id`=`g`.`id` WHERE  `m`.`to_uid` = '26' ORDER BY `m`.`id` DESC [ RunTime:0.001135s ]
[2026-08-19T23:51:57+08:00][sql] CONNECT:[ UseTime:0.014724s ] mysql:host=127.0.0.1;port=3306;dbname=auction;charset=utf8mb4
[2026-08-19T23:51:57+08:00][sql] SHOW FULL COLUMNS FROM `goods` [ RunTime:0.001577s ]
[2026-08-19T23:51:57+08:00][sql] SELECT `id` FROM `goods` WHERE  `status` = 1  AND `end_time` <= 1787154717 [ RunTime:0.000840s ]
[2026-08-19T23:51:57+08:00][sql] SHOW FULL COLUMNS FROM `user` [ RunTime:0.001363s ]
[2026-08-19T23:51:57+08:00][sql] SELECT * FROM `user` WHERE  `id` = 26 LIMIT 1 [ RunTime:0.000788s ]
[2026-08-19T23:51:57+08:00][sql] SHOW FULL COLUMNS FROM `setting` [ RunTime:0.001156s ]
[2026-08-19T23:51:57+08:00][sql] SELECT * FROM `setting` [ RunTime:0.000709s ]
[2026-08-19T23:51:57+08:00][sql] SHOW FULL COLUMNS FROM `message` [ RunTime:0.002965s ]
[2026-08-19T23:51:57+08:00][sql] SELECT `m`.*,u.nickname as other_name,u.avatar as other_avatar,u.shop_name as other_shop,g.title as goods_title FROM `message` `m` LEFT JOIN `user` `u` ON `m`.`to_uid`=`u`.`id` LEFT JOIN `goods` `g` ON `m`.`goods_id`=`g`.`id` WHERE  `m`.`from_uid` = '26' ORDER BY `m`.`id` DESC [ RunTime:0.000833s ]
[2026-08-19T23:51:57+08:00][sql] SELECT `m`.*,u.nickname as other_name,u.avatar as other_avatar,u.shop_name as other_shop,g.title as goods_title FROM `message` `m` LEFT JOIN `user` `u` ON `m`.`from_uid`=`u`.`id` LEFT JOIN `goods` `g` ON `m`.`goods_id`=`g`.`id` WHERE  `m`.`to_uid` = '26' ORDER BY `m`.`id` DESC [ RunTime:0.000645s ]
[2026-08-19T23:52:03+08:00][sql] CONNECT:[ UseTime:0.011861s ] mysql:host=127.0.0.1;port=3306;dbname=auction;charset=utf8mb4
[2026-08-19T23:52:03+08:00][sql] SHOW FULL COLUMNS FROM `goods` [ RunTime:0.002121s ]
[2026-08-19T23:52:03+08:00][sql] SELECT `id` FROM `goods` WHERE  `status` = 1  AND `end_time` <= 1787154722 [ RunTime:0.000762s ]
[2026-08-19T23:52:03+08:00][sql] SHOW FULL COLUMNS FROM `user` [ RunTime:0.001896s ]
[2026-08-19T23:52:03+08:00][sql] SELECT * FROM `user` WHERE  `id` = 27 LIMIT 1 [ RunTime:0.001081s ]
[2026-08-19T23:52:03+08:00][sql] SHOW FULL COLUMNS FROM `setting` [ RunTime:0.001433s ]
[2026-08-19T23:52:03+08:00][sql] SELECT * FROM `setting` [ RunTime:0.000830s ]
[2026-08-19T23:52:03+08:00][sql] SHOW FULL COLUMNS FROM `bid_record` [ RunTime:0.001454s ]
[2026-08-19T23:52:03+08:00][sql] SELECT COUNT(*) AS think_count FROM `bid_record` WHERE  `user_id` = 27 [ RunTime:0.000826s ]
[2026-08-19T23:52:03+08:00][sql] SHOW FULL COLUMNS FROM `order` [ RunTime:0.001676s ]
[2026-08-19T23:52:03+08:00][sql] SELECT COUNT(*) AS think_count FROM `order` WHERE  `buyer_id` = 27  AND `pay_status` = 1 [ RunTime:0.000559s ]
[2026-08-19T23:52:03+08:00][sql] SELECT COUNT(*) AS think_count FROM `goods` WHERE  `seller_id` = 27  AND `status` = 2 [ RunTime:0.000944s ]
[2026-08-19T23:52:03+08:00][sql] SELECT COUNT(*) AS think_count FROM `goods` WHERE  `seller_id` = 27 [ RunTime:0.000943s ]
[2026-08-19T23:52:03+08:00][sql] SELECT COUNT(*) AS think_count FROM `order` WHERE  `buyer_id` = 27  AND `pay_status` = 0  AND `order_status` = 0 [ RunTime:0.000986s ]
[2026-08-19T23:52:03+08:00][sql] SELECT COUNT(*) AS think_count FROM `order` WHERE  `seller_id` = 27  AND `order_status` = 1 [ RunTime:0.000970s ]
[2026-08-19T23:52:03+08:00][sql] SELECT COUNT(*) AS think_count FROM `order` WHERE  `buyer_id` = 27  AND `order_status` = 0  AND `pay_status` = 0 [ RunTime:0.000924s ]
[2026-08-19T23:52:03+08:00][sql] SELECT COUNT(*) AS think_count FROM `order` WHERE  `buyer_id` = 27  AND `order_status` = 1 [ RunTime:0.000901s ]
[2026-08-19T23:52:03+08:00][sql] SELECT COUNT(*) AS think_count FROM `order` WHERE  `buyer_id` = 27  AND `order_status` = 2 [ RunTime:0.000925s ]
[2026-08-19T23:52:03+08:00][sql] SELECT COUNT(*) AS think_count FROM `order` WHERE  `buyer_id` = 27  AND `order_status` = 3 [ RunTime:0.000855s ]
[2026-08-19T23:52:03+08:00][sql] SELECT COUNT(*) AS think_count FROM `order` WHERE  `seller_id` = 27  AND `order_status` = 1 [ RunTime:0.000870s ]
[2026-08-19T23:52:03+08:00][sql] SHOW FULL COLUMNS FROM `goods_favorite` [ RunTime:0.001579s ]
[2026-08-19T23:52:03+08:00][sql] SELECT COUNT(*) AS think_count FROM `goods_favorite` WHERE  `user_id` = 27 [ RunTime:0.000792s ]
[2026-08-19T23:52:03+08:00][sql] SHOW FULL COLUMNS FROM `seller_follow` [ RunTime:0.001355s ]
[2026-08-19T23:52:03+08:00][sql] SELECT COUNT(*) AS think_count FROM `seller_follow` WHERE  `user_id` = 27 [ RunTime:0.000888s ]
[2026-08-19T23:52:03+08:00][sql] SHOW FULL COLUMNS FROM `browse_history` [ RunTime:0.001515s ]
[2026-08-19T23:52:03+08:00][sql] SELECT COUNT(*) AS think_count FROM `browse_history` WHERE  `user_id` = 27 [ RunTime:0.000956s ]
[2026-08-19T23:52:03+08:00][sql] SHOW FULL COLUMNS FROM `sys_message` [ RunTime:0.001566s ]
[2026-08-19T23:52:03+08:00][sql] SELECT COUNT(*) AS think_count FROM `sys_message` WHERE  `user_id` = 27  AND `is_read` = 0 [ RunTime:0.000986s ]
[2026-08-19T23:52:03+08:00][sql] SHOW FULL COLUMNS FROM `balance_log` [ RunTime:0.001454s ]
[2026-08-19T23:52:03+08:00][sql] SELECT * FROM `balance_log` WHERE  `user_id` = 27 ORDER BY `id` DESC LIMIT 5 [ RunTime:0.000952s ]
[2026-08-19T23:52:03+08:00][sql] SELECT `b`.*,`g`.`title`,`g`.`cover`,g.status as goods_status,`g`.`end_time` FROM `bid_record` `b` LEFT JOIN `goods` `g` ON `b`.`goods_id`=`g`.`id` WHERE  `b`.`user_id` = '27' ORDER BY `b`.`id` DESC LIMIT 5 [ RunTime:0.000998s ]
[2026-08-19T23:52:03+08:00][sql] SELECT `id`,`nickname`,`mobile`,`reg_time` FROM `user` WHERE  `pid` = 27 ORDER BY `id` DESC LIMIT 10 [ RunTime:0.000820s ]
[2026-08-19T23:52:03+08:00][sql] SELECT `value` FROM `setting` WHERE  `name` = 'service_link' LIMIT 1 [ RunTime:0.000769s ]
[2026-08-19T23:52:06+08:00][sql] CONNECT:[ UseTime:0.011479s ] mysql:host=127.0.0.1;port=3306;dbname=auction;charset=utf8mb4
[2026-08-19T23:52:06+08:00][sql] SHOW FULL COLUMNS FROM `goods` [ RunTime:0.001307s ]
[2026-08-19T23:52:06+08:00][sql] SELECT `id` FROM `goods` WHERE  `status` = 1  AND `end_time` <= 1787154726 [ RunTime:0.000712s ]
[2026-08-19T23:52:06+08:00][sql] SHOW FULL COLUMNS FROM `user` [ RunTime:0.000903s ]
[2026-08-19T23:52:06+08:00][sql] SELECT * FROM `user` WHERE  `id` = 27 LIMIT 1 [ RunTime:0.000617s ]
[2026-08-19T23:52:06+08:00][sql] SHOW FULL COLUMNS FROM `setting` [ RunTime:0.000960s ]
[2026-08-19T23:52:06+08:00][sql] SELECT * FROM `setting` [ RunTime:0.000549s ]
[2026-08-19T23:52:06+08:00][sql] SHOW FULL COLUMNS FROM `message` [ RunTime:0.002792s ]
[2026-08-19T23:52:06+08:00][sql] SELECT `m`.*,u.nickname as other_name,u.avatar as other_avatar,u.shop_name as other_shop,g.title as goods_title FROM `message` `m` LEFT JOIN `user` `u` ON `m`.`to_uid`=`u`.`id` LEFT JOIN `goods` `g` ON `m`.`goods_id`=`g`.`id` WHERE  `m`.`from_uid` = '27' ORDER BY `m`.`id` DESC [ RunTime:0.000761s ]
[2026-08-19T23:52:06+08:00][sql] SELECT COUNT(*) AS think_count FROM `message` WHERE  `goods_id` = 33  AND `from_uid` = 25  AND `to_uid` = 27  AND `is_read` = 0 [ RunTime:0.000739s ]
[2026-08-19T23:52:06+08:00][sql] SELECT `m`.*,u.nickname as other_name,u.avatar as other_avatar,u.shop_name as other_shop,g.title as goods_title FROM `message` `m` LEFT JOIN `user` `u` ON `m`.`from_uid`=`u`.`id` LEFT JOIN `goods` `g` ON `m`.`goods_id`=`g`.`id` WHERE  `m`.`to_uid` = '27' ORDER BY `m`.`id` DESC [ RunTime:0.000711s ]
[2026-08-19T23:52:06+08:00][sql] SELECT COUNT(*) AS think_count FROM `message` WHERE  `goods_id` = 33  AND `from_uid` = 25  AND `to_uid` = 27  AND `is_read` = 0 [ RunTime:0.000656s ]
[2026-08-19T23:52:10+08:00][sql] CONNECT:[ UseTime:0.027168s ] mysql:host=127.0.0.1;port=3306;dbname=auction;charset=utf8mb4
[2026-08-19T23:52:10+08:00][sql] SHOW FULL COLUMNS FROM `goods` [ RunTime:0.002428s ]
[2026-08-19T23:52:10+08:00][sql] SELECT `id` FROM `goods` WHERE  `status` = 1  AND `end_time` <= 1787154729 [ RunTime:0.001056s ]
[2026-08-19T23:52:10+08:00][sql] SHOW FULL COLUMNS FROM `user` [ RunTime:0.001968s ]
[2026-08-19T23:52:10+08:00][sql] SELECT * FROM `user` WHERE  `id` = 27 LIMIT 1 [ RunTime:0.001093s ]
[2026-08-19T23:52:10+08:00][sql] SHOW FULL COLUMNS FROM `setting` [ RunTime:0.001536s ]
[2026-08-19T23:52:10+08:00][sql] SELECT * FROM `setting` [ RunTime:0.000888s ]
[2026-08-19T23:52:10+08:00][sql] SELECT * FROM `goods` WHERE  `id` = 33  AND `status` = 1 LIMIT 1 [ RunTime:0.001396s ]
[2026-08-19T23:52:10+08:00][sql] SELECT * FROM `user` WHERE  `id` = 25 LIMIT 1 [ RunTime:0.001135s ]
[2026-08-19T23:52:10+08:00][sql] SHOW FULL COLUMNS FROM `message` [ RunTime:0.004301s ]
[2026-08-19T23:52:10+08:00][sql] SELECT * FROM `message` WHERE  `goods_id` = 33  AND (  (  `from_uid` = 27  AND `to_uid` = 25 ) OR (  `from_uid` = 25  AND `to_uid` = 27 ) ) ORDER BY `id` ASC [ RunTime:0.001094s ]
[2026-08-19T23:52:10+08:00][sql] UPDATE `message`  SET `is_read` = 1  WHERE  `goods_id` = 33  AND `from_uid` = 25  AND `to_uid` = 27  AND `is_read` = 0 [ RunTime:0.000969s ]
[2026-08-19T23:52:13+08:00][sql] CONNECT:[ UseTime:0.014742s ] mysql:host=127.0.0.1;port=3306;dbname=auction;charset=utf8mb4
[2026-08-19T23:52:13+08:00][sql] SHOW FULL COLUMNS FROM `goods` [ RunTime:0.001972s ]
[2026-08-19T23:52:13+08:00][sql] SELECT `id` FROM `goods` WHERE  `status` = 1  AND `end_time` <= 1787154733 [ RunTime:0.001007s ]
[2026-08-19T23:52:13+08:00][sql] SHOW FULL COLUMNS FROM `user` [ RunTime:0.001745s ]
[2026-08-19T23:52:13+08:00][sql] SELECT * FROM `user` WHERE  `id` = 27 LIMIT 1 [ RunTime:0.000961s ]
[2026-08-19T23:52:13+08:00][sql] SHOW FULL COLUMNS FROM `setting` [ RunTime:0.001156s ]
[2026-08-19T23:52:13+08:00][sql] SELECT * FROM `setting` [ RunTime:0.000537s ]
[2026-08-19T23:52:13+08:00][sql] SHOW FULL COLUMNS FROM `message` [ RunTime:0.003892s ]
[2026-08-19T23:52:13+08:00][sql] SELECT * FROM `message` WHERE  `goods_id` = 33  AND `id` > 12  AND (  (  `from_uid` = 27  AND `to_uid` = 25 ) OR (  `from_uid` = 25  AND `to_uid` = 27 ) ) ORDER BY `id` ASC [ RunTime:0.001016s ]
[2026-08-19T23:52:17+08:00][sql] CONNECT:[ UseTime:0.027453s ] mysql:host=127.0.0.1;port=3306;dbname=auction;charset=utf8mb4
[2026-08-19T23:52:17+08:00][sql] SHOW FULL COLUMNS FROM `goods` [ RunTime:0.002309s ]
[2026-08-19T23:52:17+08:00][sql] SELECT `id` FROM `goods` WHERE  `status` = 1  AND `end_time` <= 1787154736 [ RunTime:0.001002s ]
[2026-08-19T23:52:17+08:00][sql] SHOW FULL COLUMNS FROM `user` [ RunTime:0.001853s ]
[2026-08-19T23:52:17+08:00][sql] SELECT * FROM `user` WHERE  `id` = 27 LIMIT 1 [ RunTime:0.000993s ]
[2026-08-19T23:52:17+08:00][sql] SHOW FULL COLUMNS FROM `setting` [ RunTime:0.001439s ]
[2026-08-19T23:52:17+08:00][sql] SELECT * FROM `setting` [ RunTime:0.000820s ]
[2026-08-19T23:52:17+08:00][sql] SHOW FULL COLUMNS FROM `message` [ RunTime:0.001255s ]
[2026-08-19T23:52:17+08:00][sql] SELECT * FROM `message` WHERE  `goods_id` = 33  AND `id` > 12  AND (  (  `from_uid` = 27  AND `to_uid` = 25 ) OR (  `from_uid` = 25  AND `to_uid` = 27 ) ) ORDER BY `id` ASC [ RunTime:0.001051s ]
[2026-08-19T23:52:20+08:00][sql] CONNECT:[ UseTime:0.027399s ] mysql:host=127.0.0.1;port=3306;dbname=auction;charset=utf8mb4
[2026-08-19T23:52:20+08:00][sql] SHOW FULL COLUMNS FROM `goods` [ RunTime:0.002235s ]
[2026-08-19T23:52:20+08:00][sql] SELECT `id` FROM `goods` WHERE  `status` = 1  AND `end_time` <= 1787154739 [ RunTime:0.001023s ]
[2026-08-19T23:52:20+08:00][sql] SHOW FULL COLUMNS FROM `user` [ RunTime:0.001878s ]
[2026-08-19T23:52:20+08:00][sql] SELECT * FROM `user` WHERE  `id` = 27 LIMIT 1 [ RunTime:0.001042s ]
[2026-08-19T23:52:20+08:00][sql] SHOW FULL COLUMNS FROM `setting` [ RunTime:0.001394s ]
[2026-08-19T23:52:20+08:00][sql] SELECT * FROM `setting` [ RunTime:0.000791s ]
[2026-08-19T23:52:20+08:00][sql] SHOW FULL COLUMNS FROM `message` [ RunTime:0.003496s ]
[2026-08-19T23:52:20+08:00][sql] SELECT * FROM `message` WHERE  `goods_id` = 33  AND `id` > 12  AND (  (  `from_uid` = 27  AND `to_uid` = 25 ) OR (  `from_uid` = 25  AND `to_uid` = 27 ) ) ORDER BY `id` ASC [ RunTime:0.000954s ]
[2026-08-19T23:52:23+08:00][sql] CONNECT:[ UseTime:0.016620s ] mysql:host=127.0.0.1;port=3306;dbname=auction;charset=utf8mb4
[2026-08-19T23:52:23+08:00][sql] SHOW FULL COLUMNS FROM `goods` [ RunTime:0.002259s ]
[2026-08-19T23:52:23+08:00][sql] SELECT `id` FROM `goods` WHERE  `status` = 1  AND `end_time` <= 1787154742 [ RunTime:0.000977s ]
[2026-08-19T23:52:23+08:00][sql] SHOW FULL COLUMNS FROM `user` [ RunTime:0.001768s ]
[2026-08-19T23:52:23+08:00][sql] SELECT * FROM `user` WHERE  `id` = 27 LIMIT 1 [ RunTime:0.001005s ]
[2026-08-19T23:52:23+08:00][sql] SHOW FULL COLUMNS FROM `setting` [ RunTime:0.001432s ]
[2026-08-19T23:52:23+08:00][sql] SELECT * FROM `setting` [ RunTime:0.000821s ]
[2026-08-19T23:52:23+08:00][sql] SHOW FULL COLUMNS FROM `message` [ RunTime:0.003632s ]
[2026-08-19T23:52:23+08:00][sql] SELECT * FROM `message` WHERE  `goods_id` = 33  AND `id` > 12  AND (  (  `from_uid` = 27  AND `to_uid` = 25 ) OR (  `from_uid` = 25  AND `to_uid` = 27 ) ) ORDER BY `id` ASC [ RunTime:0.001015s ]
[2026-08-19T23:52:26+08:00][sql] CONNECT:[ UseTime:0.018367s ] mysql:host=127.0.0.1;port=3306;dbname=auction;charset=utf8mb4
[2026-08-19T23:52:26+08:00][sql] SHOW FULL COLUMNS FROM `goods` [ RunTime:0.001879s ]
[2026-08-19T23:52:26+08:00][sql] SELECT `id` FROM `goods` WHERE  `status` = 1  AND `end_time` <= 1787154745 [ RunTime:0.000846s ]
[2026-08-19T23:52:26+08:00][sql] SHOW FULL COLUMNS FROM `user` [ RunTime:0.001524s ]
[2026-08-19T23:52:26+08:00][sql] SELECT * FROM `user` WHERE  `id` = 27 LIMIT 1 [ RunTime:0.000904s ]
[2026-08-19T23:52:26+08:00][sql] SHOW FULL COLUMNS FROM `setting` [ RunTime:0.001287s ]
[2026-08-19T23:52:26+08:00][sql] SELECT * FROM `setting` [ RunTime:0.000737s ]
[2026-08-19T23:52:26+08:00][sql] SHOW FULL COLUMNS FROM `message` [ RunTime:0.003477s ]
[2026-08-19T23:52:26+08:00][sql] SELECT * FROM `message` WHERE  `goods_id` = 33  AND `id` > 12  AND (  (  `from_uid` = 27  AND `to_uid` = 25 ) OR (  `from_uid` = 25  AND `to_uid` = 27 ) ) ORDER BY `id` ASC [ RunTime:0.000934s ]
[2026-08-19T23:52:29+08:00][sql] CONNECT:[ UseTime:0.011513s ] mysql:host=127.0.0.1;port=3306;dbname=auction;charset=utf8mb4
[2026-08-19T23:52:29+08:00][sql] SHOW FULL COLUMNS FROM `goods` [ RunTime:0.001492s ]
[2026-08-19T23:52:29+08:00][sql] SELECT `id` FROM `goods` WHERE  `status` = 1  AND `end_time` <= 1787154748 [ RunTime:0.000764s ]
[2026-08-19T23:52:29+08:00][sql] SHOW FULL COLUMNS FROM `user` [ RunTime:0.001329s ]
[2026-08-19T23:52:29+08:00][sql] SELECT * FROM `user` WHERE  `id` = 27 LIMIT 1 [ RunTime:0.000789s ]
[2026-08-19T23:52:29+08:00][sql] SHOW FULL COLUMNS FROM `setting` [ RunTime:0.001118s ]
[2026-08-19T23:52:29+08:00][sql] SELECT * FROM `setting` [ RunTime:0.000610s ]
[2026-08-19T23:52:29+08:00][sql] SHOW FULL COLUMNS FROM `message` [ RunTime:0.001155s ]
[2026-08-19T23:52:29+08:00][sql] SELECT * FROM `message` WHERE  `goods_id` = 33  AND `id` > 12  AND (  (  `from_uid` = 27  AND `to_uid` = 25 ) OR (  `from_uid` = 25  AND `to_uid` = 27 ) ) ORDER BY `id` ASC [ RunTime:0.000818s ]
[2026-08-19T23:52:32+08:00][sql] CONNECT:[ UseTime:0.019736s ] mysql:host=127.0.0.1;port=3306;dbname=auction;charset=utf8mb4
[2026-08-19T23:52:32+08:00][sql] SHOW FULL COLUMNS FROM `goods` [ RunTime:0.001634s ]
[2026-08-19T23:52:32+08:00][sql] SELECT `id` FROM `goods` WHERE  `status` = 1  AND `end_time` <= 1787154751 [ RunTime:0.000829s ]
[2026-08-19T23:52:32+08:00][sql] SHOW FULL COLUMNS FROM `user` [ RunTime:0.001542s ]
[2026-08-19T23:52:32+08:00][sql] SELECT * FROM `user` WHERE  `id` = 27 LIMIT 1 [ RunTime:0.001066s ]
[2026-08-19T23:52:32+08:00][sql] SHOW FULL COLUMNS FROM `setting` [ RunTime:0.001674s ]
[2026-08-19T23:52:32+08:00][sql] SELECT * FROM `setting` [ RunTime:0.001154s ]
[2026-08-19T23:52:32+08:00][sql] SHOW FULL COLUMNS FROM `message` [ RunTime:0.001961s ]
[2026-08-19T23:52:32+08:00][sql] SELECT * FROM `message` WHERE  `goods_id` = 33  AND `id` > 12  AND (  (  `from_uid` = 27  AND `to_uid` = 25 ) OR (  `from_uid` = 25  AND `to_uid` = 27 ) ) ORDER BY `id` ASC [ RunTime:0.001297s ]
[2026-08-19T23:52:35+08:00][sql] CONNECT:[ UseTime:0.005764s ] mysql:host=127.0.0.1;port=3306;dbname=auction;charset=utf8mb4
[2026-08-19T23:52:35+08:00][sql] SHOW FULL COLUMNS FROM `goods` [ RunTime:0.001978s ]
[2026-08-19T23:52:35+08:00][sql] SELECT `id` FROM `goods` WHERE  `status` = 1  AND `end_time` <= 1787154754 [ RunTime:0.000933s ]
[2026-08-19T23:52:35+08:00][sql] SHOW FULL COLUMNS FROM `user` [ RunTime:0.001674s ]
[2026-08-19T23:52:35+08:00][sql] SELECT * FROM `user` WHERE  `id` = 27 LIMIT 1 [ RunTime:0.000986s ]
[2026-08-19T23:52:35+08:00][sql] SHOW FULL COLUMNS FROM `setting` [ RunTime:0.001309s ]
[2026-08-19T23:52:35+08:00][sql] SELECT * FROM `setting` [ RunTime:0.000756s ]
[2026-08-19T23:52:35+08:00][sql] SHOW FULL COLUMNS FROM `message` [ RunTime:0.001353s ]
[2026-08-19T23:52:35+08:00][sql] SELECT * FROM `message` WHERE  `goods_id` = 33  AND `id` > 12  AND (  (  `from_uid` = 27  AND `to_uid` = 25 ) OR (  `from_uid` = 25  AND `to_uid` = 27 ) ) ORDER BY `id` ASC [ RunTime:0.000871s ]
[2026-08-19T23:52:38+08:00][sql] CONNECT:[ UseTime:0.002559s ] mysql:host=127.0.0.1;port=3306;dbname=auction;charset=utf8mb4
[2026-08-19T23:52:38+08:00][sql] SHOW FULL COLUMNS FROM `goods` [ RunTime:0.002019s ]
[2026-08-19T23:52:38+08:00][sql] SELECT `id` FROM `goods` WHERE  `status` = 1  AND `end_time` <= 1787154758 [ RunTime:0.000911s ]
[2026-08-19T23:52:38+08:00][sql] SHOW FULL COLUMNS FROM `user` [ RunTime:0.001556s ]
[2026-08-19T23:52:38+08:00][sql] SELECT * FROM `user` WHERE  `id` = 27 LIMIT 1 [ RunTime:0.001272s ]
[2026-08-19T23:52:38+08:00][sql] SHOW FULL COLUMNS FROM `setting` [ RunTime:0.001502s ]
[2026-08-19T23:52:38+08:00][sql] SELECT * FROM `setting` [ RunTime:0.000755s ]
[2026-08-19T23:52:38+08:00][sql] SHOW FULL COLUMNS FROM `message` [ RunTime:0.001635s ]
[2026-08-19T23:52:38+08:00][sql] SELECT * FROM `message` WHERE  `goods_id` = 33  AND `id` > 12  AND (  (  `from_uid` = 27  AND `to_uid` = 25 ) OR (  `from_uid` = 25  AND `to_uid` = 27 ) ) ORDER BY `id` ASC [ RunTime:0.001005s ]
[2026-08-19T23:52:40+08:00][sql] CONNECT:[ UseTime:0.021166s ] mysql:host=127.0.0.1;port=3306;dbname=auction;charset=utf8mb4
[2026-08-19T23:52:40+08:00][sql] SHOW FULL COLUMNS FROM `goods` [ RunTime:0.002373s ]
[2026-08-19T23:52:40+08:00][sql] SELECT `id` FROM `goods` WHERE  `status` = 1  AND `end_time` <= 1787154760 [ RunTime:0.001039s ]
[2026-08-19T23:52:40+08:00][sql] SHOW FULL COLUMNS FROM `user` [ RunTime:0.001853s ]
[2026-08-19T23:52:40+08:00][sql] SELECT * FROM `user` WHERE  `id` = 27 LIMIT 1 [ RunTime:0.000969s ]
[2026-08-19T23:52:40+08:00][sql] SHOW FULL COLUMNS FROM `setting` [ RunTime:0.001436s ]
[2026-08-19T23:52:40+08:00][sql] SELECT * FROM `setting` [ RunTime:0.000767s ]
[2026-08-19T23:52:40+08:00][sql] SHOW FULL COLUMNS FROM `message` [ RunTime:0.001343s ]
[2026-08-19T23:52:40+08:00][sql] SELECT * FROM `message` WHERE  `goods_id` = 33  AND `id` > 12  AND (  (  `from_uid` = 27  AND `to_uid` = 25 ) OR (  `from_uid` = 25  AND `to_uid` = 27 ) ) ORDER BY `id` ASC [ RunTime:0.000845s ]
[2026-08-19T23:52:43+08:00][sql] CONNECT:[ UseTime:0.021058s ] mysql:host=127.0.0.1;port=3306;dbname=auction;charset=utf8mb4
[2026-08-19T23:52:43+08:00][sql] SHOW FULL COLUMNS FROM `goods` [ RunTime:0.002417s ]
[2026-08-19T23:52:43+08:00][sql] SELECT `id` FROM `goods` WHERE  `status` = 1  AND `end_time` <= 1787154763 [ RunTime:0.001066s ]
[2026-08-19T23:52:43+08:00][sql] SHOW FULL COLUMNS FROM `user` [ RunTime:0.002002s ]
[2026-08-19T23:52:43+08:00][sql] SELECT * FROM `user` WHERE  `id` = 27 LIMIT 1 [ RunTime:0.001079s ]
[2026-08-19T23:52:43+08:00][sql] SHOW FULL COLUMNS FROM `setting` [ RunTime:0.001615s ]
[2026-08-19T23:52:43+08:00][sql] SELECT * FROM `setting` [ RunTime:0.000864s ]
[2026-08-19T23:52:43+08:00][sql] SELECT * FROM `goods` WHERE  `id` = 33  AND `status` = 1 LIMIT 1 [ RunTime:0.000929s ]
[2026-08-19T23:52:43+08:00][sql] SELECT * FROM `user` WHERE  `id` = 25 LIMIT 1 [ RunTime:0.000813s ]
[2026-08-19T23:52:43+08:00][sql] SHOW FULL COLUMNS FROM `message` [ RunTime:0.003871s ]
[2026-08-19T23:52:43+08:00][sql] SELECT * FROM `message` WHERE  `goods_id` = 33  AND (  (  `from_uid` = 27  AND `to_uid` = 25 ) OR (  `from_uid` = 25  AND `to_uid` = 27 ) ) ORDER BY `id` ASC [ RunTime:0.001007s ]
[2026-08-19T23:52:43+08:00][sql] UPDATE `message`  SET `is_read` = 1  WHERE  `goods_id` = 33  AND `from_uid` = 25  AND `to_uid` = 27  AND `is_read` = 0 [ RunTime:0.000882s ]
[2026-08-19T23:52:43+08:00][sql] CONNECT:[ UseTime:0.013170s ] mysql:host=127.0.0.1;port=3306;dbname=auction;charset=utf8mb4
[2026-08-19T23:52:43+08:00][sql] SHOW FULL COLUMNS FROM `goods` [ RunTime:0.002485s ]
[2026-08-19T23:52:43+08:00][sql] SELECT `id` FROM `goods` WHERE  `status` = 1  AND `end_time` <= 1787154763 [ RunTime:0.001074s ]
[2026-08-19T23:52:43+08:00][sql] SHOW FULL COLUMNS FROM `user` [ RunTime:0.002095s ]
[2026-08-19T23:52:43+08:00][sql] SELECT * FROM `user` WHERE  `id` = 27 LIMIT 1 [ RunTime:0.001150s ]
[2026-08-19T23:52:43+08:00][sql] SHOW FULL COLUMNS FROM `setting` [ RunTime:0.001858s ]
[2026-08-19T23:52:43+08:00][sql] SELECT * FROM `setting` [ RunTime:0.001089s ]
[2026-08-19T23:52:43+08:00][sql] SHOW FULL COLUMNS FROM `message` [ RunTime:0.001840s ]
[2026-08-19T23:52:43+08:00][sql] SELECT * FROM `message` WHERE  `goods_id` = 33  AND `id` > 12  AND (  (  `from_uid` = 27  AND `to_uid` = 25 ) OR (  `from_uid` = 25  AND `to_uid` = 27 ) ) ORDER BY `id` ASC [ RunTime:0.001250s ]
[2026-08-19T23:54:52+08:00][sql] CONNECT:[ UseTime:0.001671s ] mysql:host=127.0.0.1;port=3306;dbname=auction;charset=utf8mb4
[2026-08-19T23:54:52+08:00][sql] SHOW FULL COLUMNS FROM `goods` [ RunTime:0.002178s ]
[2026-08-19T23:54:52+08:00][sql] SELECT `id` FROM `goods` WHERE  `status` = 1  AND `end_time` <= 1787154892 [ RunTime:0.000918s ]
[2026-08-19T23:54:52+08:00][sql] SHOW FULL COLUMNS FROM `user` [ RunTime:0.001635s ]
[2026-08-19T23:54:52+08:00][sql] SELECT * FROM `user` WHERE  `id` = 26 LIMIT 1 [ RunTime:0.002013s ]
[2026-08-19T23:54:52+08:00][sql] SHOW FULL COLUMNS FROM `setting` [ RunTime:0.001375s ]
[2026-08-19T23:54:52+08:00][sql] SELECT * FROM `setting` [ RunTime:0.000849s ]
[2026-08-19T23:54:52+08:00][sql] SHOW FULL COLUMNS FROM `bid_record` [ RunTime:0.001461s ]
[2026-08-19T23:54:52+08:00][sql] SELECT COUNT(*) AS think_count FROM `bid_record` WHERE  `user_id` = 26 [ RunTime:0.000858s ]
[2026-08-19T23:54:52+08:00][sql] SHOW FULL COLUMNS FROM `order` [ RunTime:0.001686s ]
[2026-08-19T23:54:52+08:00][sql] SELECT COUNT(*) AS think_count FROM `order` WHERE  `buyer_id` = 26  AND `pay_status` = 1 [ RunTime:0.000989s ]
[2026-08-19T23:54:52+08:00][sql] SELECT COUNT(*) AS think_count FROM `goods` WHERE  `seller_id` = 26  AND `status` = 2 [ RunTime:0.000873s ]
[2026-08-19T23:54:52+08:00][sql] SELECT COUNT(*) AS think_count FROM `goods` WHERE  `seller_id` = 26 [ RunTime:0.001010s ]
[2026-08-19T23:54:52+08:00][sql] SELECT COUNT(*) AS think_count FROM `order` WHERE  `buyer_id` = 26  AND `pay_status` = 0  AND `order_status` = 0 [ RunTime:0.001151s ]
[2026-08-19T23:54:52+08:00][sql] SELECT COUNT(*) AS think_count FROM `order` WHERE  `seller_id` = 26  AND `order_status` = 1 [ RunTime:0.000921s ]
[2026-08-19T23:54:52+08:00][sql] SELECT COUNT(*) AS think_count FROM `order` WHERE  `buyer_id` = 26  AND `order_status` = 0  AND `pay_status` = 0 [ RunTime:0.001001s ]
[2026-08-19T23:54:52+08:00][sql] SELECT COUNT(*) AS think_count FROM `order` WHERE  `buyer_id` = 26  AND `order_status` = 1 [ RunTime:0.000840s ]
[2026-08-19T23:54:52+08:00][sql] SELECT COUNT(*) AS think_count FROM `order` WHERE  `buyer_id` = 26  AND `order_status` = 2 [ RunTime:0.000738s ]
[2026-08-19T23:54:52+08:00][sql] SELECT COUNT(*) AS think_count FROM `order` WHERE  `buyer_id` = 26  AND `order_status` = 3 [ RunTime:0.001060s ]
[2026-08-19T23:54:52+08:00][sql] SELECT COUNT(*) AS think_count FROM `order` WHERE  `seller_id` = 26  AND `order_status` = 1 [ RunTime:0.000674s ]
[2026-08-19T23:54:52+08:00][sql] SHOW FULL COLUMNS FROM `goods_favorite` [ RunTime:0.001325s ]
[2026-08-19T23:54:52+08:00][sql] SELECT COUNT(*) AS think_count FROM `goods_favorite` WHERE  `user_id` = 26 [ RunTime:0.000676s ]
[2026-08-19T23:54:52+08:00][sql] SHOW FULL COLUMNS FROM `seller_follow` [ RunTime:0.001287s ]
[2026-08-19T23:54:52+08:00][sql] SELECT COUNT(*) AS think_count FROM `seller_follow` WHERE  `user_id` = 26 [ RunTime:0.000690s ]
[2026-08-19T23:54:52+08:00][sql] SHOW FULL COLUMNS FROM `browse_history` [ RunTime:0.001254s ]
[2026-08-19T23:54:52+08:00][sql] SELECT COUNT(*) AS think_count FROM `browse_history` WHERE  `user_id` = 26 [ RunTime:0.000734s ]
[2026-08-19T23:54:52+08:00][sql] SHOW FULL COLUMNS FROM `sys_message` [ RunTime:0.003892s ]
[2026-08-19T23:54:52+08:00][sql] SELECT COUNT(*) AS think_count FROM `sys_message` WHERE  `user_id` = 26  AND `is_read` = 0 [ RunTime:0.001177s ]
[2026-08-19T23:54:52+08:00][sql] SHOW FULL COLUMNS FROM `balance_log` [ RunTime:0.003579s ]
[2026-08-19T23:54:52+08:00][sql] SELECT * FROM `balance_log` WHERE  `user_id` = 26 ORDER BY `id` DESC LIMIT 5 [ RunTime:0.001046s ]
[2026-08-19T23:54:52+08:00][sql] SELECT `b`.*,`g`.`title`,`g`.`cover`,g.status as goods_status,`g`.`end_time` FROM `bid_record` `b` LEFT JOIN `goods` `g` ON `b`.`goods_id`=`g`.`id` WHERE  `b`.`user_id` = '26' ORDER BY `b`.`id` DESC LIMIT 5 [ RunTime:0.001015s ]
[2026-08-19T23:54:52+08:00][sql] SELECT `id`,`nickname`,`mobile`,`reg_time` FROM `user` WHERE  `pid` = 26 ORDER BY `id` DESC LIMIT 10 [ RunTime:0.000755s ]
[2026-08-19T23:54:52+08:00][sql] SELECT `value` FROM `setting` WHERE  `name` = 'service_link' LIMIT 1 [ RunTime:0.000703s ]
[2026-08-19T23:54:56+08:00][sql] CONNECT:[ UseTime:0.027108s ] mysql:host=127.0.0.1;port=3306;dbname=auction;charset=utf8mb4
[2026-08-19T23:54:56+08:00][sql] SHOW FULL COLUMNS FROM `goods` [ RunTime:0.001864s ]
[2026-08-19T23:54:56+08:00][sql] SELECT `id` FROM `goods` WHERE  `status` = 1  AND `end_time` <= 1787154896 [ RunTime:0.000904s ]
[2026-08-19T23:54:56+08:00][sql] SHOW FULL COLUMNS FROM `user` [ RunTime:0.001620s ]
[2026-08-19T23:54:56+08:00][sql] SELECT * FROM `user` WHERE  `id` = 26 LIMIT 1 [ RunTime:0.000974s ]
[2026-08-19T23:54:56+08:00][sql] SHOW FULL COLUMNS FROM `setting` [ RunTime:0.001461s ]
[2026-08-19T23:54:56+08:00][sql] SELECT * FROM `setting` [ RunTime:0.000758s ]
[2026-08-19T23:54:56+08:00][sql] SELECT * FROM `user` WHERE  `id` = 26 LIMIT 1 [ RunTime:0.001216s ]
[2026-08-19T23:54:56+08:00][sql] SHOW FULL COLUMNS FROM `order` [ RunTime:0.001918s ]
[2026-08-19T23:54:56+08:00][sql] SELECT COUNT(*) AS think_count FROM `order` WHERE  `buyer_id` = 26  AND `order_status` = 0  AND `pay_status` = 0 [ RunTime:0.000776s ]
[2026-08-19T23:54:56+08:00][sql] SELECT COUNT(*) AS think_count FROM `order` WHERE  `buyer_id` = 26  AND `order_status` = 3 [ RunTime:0.001126s ]
[2026-08-19T23:54:56+08:00][sql] SHOW FULL COLUMNS FROM `balance_log` [ RunTime:0.001585s ]
[2026-08-19T23:54:56+08:00][sql] SELECT * FROM `balance_log` WHERE  `user_id` = 26 ORDER BY `id` DESC LIMIT 8 [ RunTime:0.000959s ]
[2026-08-19T23:54:57+08:00][sql] CONNECT:[ UseTime:0.009822s ] mysql:host=127.0.0.1;port=3306;dbname=auction;charset=utf8mb4
[2026-08-19T23:54:57+08:00][sql] SHOW FULL COLUMNS FROM `goods` [ RunTime:0.001673s ]
[2026-08-19T23:54:57+08:00][sql] SELECT `id` FROM `goods` WHERE  `status` = 1  AND `end_time` <= 1787154897 [ RunTime:0.001035s ]
[2026-08-19T23:54:57+08:00][sql] SHOW FULL COLUMNS FROM `user` [ RunTime:0.001899s ]
[2026-08-19T23:54:57+08:00][sql] SELECT * FROM `user` WHERE  `id` = 26 LIMIT 1 [ RunTime:0.002080s ]
[2026-08-19T23:54:57+08:00][sql] SHOW FULL COLUMNS FROM `setting` [ RunTime:0.003870s ]
[2026-08-19T23:54:57+08:00][sql] SELECT * FROM `setting` [ RunTime:0.001253s ]
[2026-08-19T23:54:57+08:00][sql] SHOW FULL COLUMNS FROM `withdraw` [ RunTime:0.004507s ]
[2026-08-19T23:54:57+08:00][sql] SELECT * FROM `withdraw` WHERE  `user_id` = 26 ORDER BY `id` DESC LIMIT 20 [ RunTime:0.000957s ]
[2026-08-19T23:54:57+08:00][sql] SHOW FULL COLUMNS FROM `pay_account` [ RunTime:0.003468s ]
[2026-08-19T23:54:57+08:00][sql] SELECT * FROM `pay_account` WHERE  `user_id` = 26 [ RunTime:0.000979s ]
[2026-08-19T23:56:44+08:00][sql] CONNECT:[ UseTime:0.008069s ] mysql:host=127.0.0.1;port=3306;dbname=auction;charset=utf8mb4
[2026-08-19T23:56:44+08:00][sql] SHOW FULL COLUMNS FROM `goods` [ RunTime:0.001844s ]
[2026-08-19T23:56:44+08:00][sql] SELECT `id` FROM `goods` WHERE  `status` = 1  AND `end_time` <= 1787155004 [ RunTime:0.001080s ]
[2026-08-19T23:56:44+08:00][sql] SHOW FULL COLUMNS FROM `user` [ RunTime:0.002022s ]
[2026-08-19T23:56:44+08:00][sql] SELECT * FROM `user` WHERE  `id` = 26 LIMIT 1 [ RunTime:0.001008s ]
[2026-08-19T23:56:44+08:00][sql] SHOW FULL COLUMNS FROM `setting` [ RunTime:0.001677s ]
[2026-08-19T23:56:44+08:00][sql] SELECT * FROM `setting` [ RunTime:0.000938s ]
[2026-08-19T23:56:44+08:00][sql] SHOW FULL COLUMNS FROM `withdraw` [ RunTime:0.005417s ]
[2026-08-19T23:56:44+08:00][sql] SELECT * FROM `withdraw` WHERE  `user_id` = 26 ORDER BY `id` DESC LIMIT 20 [ RunTime:0.001056s ]
[2026-08-19T23:56:44+08:00][sql] SHOW FULL COLUMNS FROM `pay_account` [ RunTime:0.004478s ]
[2026-08-19T23:56:44+08:00][sql] SELECT * FROM `pay_account` WHERE  `user_id` = 26 [ RunTime:0.001091s ]
[2026-08-19T23:56:44+08:00][sql] SELECT * FROM `withdraw` WHERE  `user_id` = 26  AND `status` = 0 LIMIT 1 [ RunTime:0.002610s ]
