[2026-08-20T07:38:43+08:00][sql] CONNECT:[ UseTime:0.016383s ] mysql:host=127.0.0.1;port=3306;dbname=auction;charset=utf8mb4
[2026-08-20T07:38:43+08:00][sql] SHOW FULL COLUMNS FROM `goods` [ RunTime:0.002376s ]
[2026-08-20T07:38:43+08:00][sql] SELECT `id` FROM `goods` WHERE  `status` = 1  AND `end_time` <= 1787182723 [ RunTime:0.001219s ]
[2026-08-20T07:38:43+08:00][sql] SHOW FULL COLUMNS FROM `setting` [ RunTime:0.001599s ]
[2026-08-20T07:38:43+08:00][sql] SELECT * FROM `setting` [ RunTime:0.000885s ]
[2026-08-20T07:38:43+08:00][sql] CONNECT:[ UseTime:0.013373s ] mysql:host=127.0.0.1;port=3306;dbname=auction;charset=utf8mb4
[2026-08-20T07:38:43+08:00][sql] SHOW FULL COLUMNS FROM `goods` [ RunTime:0.002194s ]
[2026-08-20T07:38:43+08:00][sql] SELECT `id` FROM `goods` WHERE  `status` = 1  AND `end_time` <= 1787182723 [ RunTime:0.001052s ]
[2026-08-20T07:38:43+08:00][sql] SHOW FULL COLUMNS FROM `setting` [ RunTime:0.001640s ]
[2026-08-20T07:38:43+08:00][sql] SELECT * FROM `setting` [ RunTime:0.000887s ]
[2026-08-20T07:38:49+08:00][sql] CONNECT:[ UseTime:0.012696s ] mysql:host=127.0.0.1;port=3306;dbname=auction;charset=utf8mb4
[2026-08-20T07:38:49+08:00][sql] SHOW FULL COLUMNS FROM `goods` [ RunTime:0.002087s ]
[2026-08-20T07:38:49+08:00][sql] SELECT `id` FROM `goods` WHERE  `status` = 1  AND `end_time` <= 1787182729 [ RunTime:0.000995s ]
[2026-08-20T07:38:49+08:00][sql] SHOW FULL COLUMNS FROM `setting` [ RunTime:0.001471s ]
[2026-08-20T07:38:49+08:00][sql] SELECT * FROM `setting` [ RunTime:0.000786s ]
[2026-08-20T07:38:49+08:00][sql] SHOW FULL COLUMNS FROM `user` [ RunTime:0.001639s ]
[2026-08-20T07:38:49+08:00][sql] SELECT * FROM `user` WHERE  `mobile` = '18888888888' LIMIT 1 [ RunTime:0.000943s ]
[2026-08-20T07:38:49+08:00][sql] UPDATE `user`  SET `last_login_time` = 1787182729 , `update_time` = 1787182729  WHERE  `id` = 20 [ RunTime:0.005403s ]
[2026-08-20T07:38:50+08:00][sql] CONNECT:[ UseTime:0.002171s ] mysql:host=127.0.0.1;port=3306;dbname=auction;charset=utf8mb4
[2026-08-20T07:38:50+08:00][sql] SHOW FULL COLUMNS FROM `goods` [ RunTime:0.001492s ]
[2026-08-20T07:38:50+08:00][sql] SELECT `id` FROM `goods` WHERE  `status` = 1  AND `end_time` <= 1787182730 [ RunTime:0.000831s ]
[2026-08-20T07:38:50+08:00][sql] SHOW FULL COLUMNS FROM `user` [ RunTime:0.001384s ]
[2026-08-20T07:38:50+08:00][sql] SELECT * FROM `user` WHERE  `id` = 20 LIMIT 1 [ RunTime:0.000787s ]
[2026-08-20T07:38:50+08:00][sql] SHOW FULL COLUMNS FROM `setting` [ RunTime:0.001154s ]
[2026-08-20T07:38:50+08:00][sql] SELECT * FROM `setting` [ RunTime:0.000612s ]
[2026-08-20T07:38:50+08:00][sql] SHOW FULL COLUMNS FROM `bid_record` [ RunTime:0.001121s ]
[2026-08-20T07:38:50+08:00][sql] SELECT COUNT(*) AS think_count FROM `bid_record` WHERE  `user_id` = 20 [ RunTime:0.000626s ]
[2026-08-20T07:38:50+08:00][sql] SHOW FULL COLUMNS FROM `order` [ RunTime:0.001337s ]
[2026-08-20T07:38:50+08:00][sql] SELECT COUNT(*) AS think_count FROM `order` WHERE  `buyer_id` = 20  AND `pay_status` = 1 [ RunTime:0.000730s ]
[2026-08-20T07:38:50+08:00][sql] SELECT COUNT(*) AS think_count FROM `goods` WHERE  `seller_id` = 20  AND `status` = 2 [ RunTime:0.003264s ]
[2026-08-20T07:38:50+08:00][sql] SELECT COUNT(*) AS think_count FROM `goods` WHERE  `seller_id` = 20 [ RunTime:0.000964s ]
[2026-08-20T07:38:50+08:00][sql] SELECT COUNT(*) AS think_count FROM `order` WHERE  `buyer_id` = 20  AND `pay_status` = 0  AND `order_status` = 0 [ RunTime:0.000671s ]
[2026-08-20T07:38:50+08:00][sql] SELECT COUNT(*) AS think_count FROM `order` WHERE  `seller_id` = 20  AND `order_status` = 1 [ RunTime:0.000714s ]
[2026-08-20T07:38:50+08:00][sql] SELECT COUNT(*) AS think_count FROM `order` WHERE  `buyer_id` = 20  AND `order_status` = 0  AND `pay_status` = 0 [ RunTime:0.000656s ]
[2026-08-20T07:38:50+08:00][sql] SELECT COUNT(*) AS think_count FROM `order` WHERE  `buyer_id` = 20  AND `order_status` = 1 [ RunTime:0.000650s ]
[2026-08-20T07:38:50+08:00][sql] SELECT COUNT(*) AS think_count FROM `order` WHERE  `buyer_id` = 20  AND `order_status` = 2 [ RunTime:0.000638s ]
[2026-08-20T07:38:50+08:00][sql] SELECT COUNT(*) AS think_count FROM `order` WHERE  `buyer_id` = 20  AND `order_status` = 3 [ RunTime:0.000647s ]
[2026-08-20T07:38:50+08:00][sql] SELECT COUNT(*) AS think_count FROM `order` WHERE  `seller_id` = 20  AND `order_status` = 1 [ RunTime:0.000664s ]
[2026-08-20T07:38:50+08:00][sql] SHOW FULL COLUMNS FROM `goods_favorite` [ RunTime:0.001189s ]
[2026-08-20T07:38:50+08:00][sql] SELECT COUNT(*) AS think_count FROM `goods_favorite` WHERE  `user_id` = 20 [ RunTime:0.000647s ]
[2026-08-20T07:38:50+08:00][sql] SHOW FULL COLUMNS FROM `seller_follow` [ RunTime:0.001052s ]
[2026-08-20T07:38:50+08:00][sql] SELECT COUNT(*) AS think_count FROM `seller_follow` WHERE  `user_id` = 20 [ RunTime:0.000620s ]
[2026-08-20T07:38:50+08:00][sql] SHOW FULL COLUMNS FROM `browse_history` [ RunTime:0.001045s ]
[2026-08-20T07:38:50+08:00][sql] SELECT COUNT(*) AS think_count FROM `browse_history` WHERE  `user_id` = 20 [ RunTime:0.000618s ]
[2026-08-20T07:38:50+08:00][sql] SHOW FULL COLUMNS FROM `sys_message` [ RunTime:0.003438s ]
[2026-08-20T07:38:50+08:00][sql] SELECT COUNT(*) AS think_count FROM `sys_message` WHERE  `user_id` = 20  AND `is_read` = 0 [ RunTime:0.000749s ]
[2026-08-20T07:38:50+08:00][sql] SHOW FULL COLUMNS FROM `balance_log` [ RunTime:0.001817s ]
[2026-08-20T07:38:50+08:00][sql] SELECT * FROM `balance_log` WHERE  `user_id` = 20 ORDER BY `id` DESC LIMIT 5 [ RunTime:0.001170s ]
[2026-08-20T07:38:50+08:00][sql] SELECT `b`.*,`g`.`title`,`g`.`cover`,g.status as goods_status,`g`.`end_time` FROM `bid_record` `b` LEFT JOIN `goods` `g` ON `b`.`goods_id`=`g`.`id` WHERE  `b`.`user_id` = '20' ORDER BY `b`.`id` DESC LIMIT 5 [ RunTime:0.001037s ]
[2026-08-20T07:38:50+08:00][sql] SELECT `id`,`nickname`,`mobile`,`reg_time` FROM `user` WHERE  `pid` = 20 ORDER BY `id` DESC LIMIT 10 [ RunTime:0.000939s ]
[2026-08-20T07:38:50+08:00][sql] SELECT `value` FROM `setting` WHERE  `name` = 'service_link' LIMIT 1 [ RunTime:0.000827s ]
[2026-08-20T07:38:51+08:00][sql] CONNECT:[ UseTime:0.014470s ] mysql:host=127.0.0.1;port=3306;dbname=auction;charset=utf8mb4
[2026-08-20T07:38:51+08:00][sql] SHOW FULL COLUMNS FROM `goods` [ RunTime:0.002129s ]
[2026-08-20T07:38:51+08:00][sql] SELECT `id` FROM `goods` WHERE  `status` = 1  AND `end_time` <= 1787182731 [ RunTime:0.000640s ]
[2026-08-20T07:38:51+08:00][sql] SHOW FULL COLUMNS FROM `user` [ RunTime:0.001187s ]
[2026-08-20T07:38:51+08:00][sql] SELECT * FROM `user` WHERE  `id` = 20 LIMIT 1 [ RunTime:0.000635s ]
[2026-08-20T07:38:51+08:00][sql] SHOW FULL COLUMNS FROM `setting` [ RunTime:0.000897s ]
[2026-08-20T07:38:51+08:00][sql] SELECT * FROM `setting` [ RunTime:0.000484s ]
[2026-08-20T07:38:51+08:00][sql] SHOW FULL COLUMNS FROM `category` [ RunTime:0.000989s ]
[2026-08-20T07:38:51+08:00][sql] SELECT * FROM `category` WHERE  `status` = 1 ORDER BY `sort` ASC [ RunTime:0.000667s ]
[2026-08-20T07:38:51+08:00][sql] SELECT `value` FROM `setting` WHERE  `name` = 'publish_protocol' LIMIT 1 [ RunTime:0.000587s ]
[2026-08-20T07:39:21+08:00][sql] CONNECT:[ UseTime:0.012394s ] mysql:host=127.0.0.1;port=3306;dbname=auction;charset=utf8mb4
[2026-08-20T07:39:21+08:00][sql] SHOW FULL COLUMNS FROM `goods` [ RunTime:0.002214s ]
[2026-08-20T07:39:21+08:00][sql] SELECT `id` FROM `goods` WHERE  `status` = 1  AND `end_time` <= 1787182761 [ RunTime:0.001040s ]
[2026-08-20T07:39:21+08:00][sql] SHOW FULL COLUMNS FROM `user` [ RunTime:0.001885s ]
[2026-08-20T07:39:21+08:00][sql] SELECT * FROM `user` WHERE  `id` = 20 LIMIT 1 [ RunTime:0.001026s ]
[2026-08-20T07:39:21+08:00][sql] SHOW FULL COLUMNS FROM `setting` [ RunTime:0.001457s ]
[2026-08-20T07:39:21+08:00][sql] SELECT * FROM `setting` [ RunTime:0.000831s ]
[2026-08-20T07:39:21+08:00][sql] SHOW FULL COLUMNS FROM `bid_record` [ RunTime:0.001456s ]
[2026-08-20T07:39:21+08:00][sql] SELECT COUNT(*) AS think_count FROM `bid_record` WHERE  `user_id` = 20 [ RunTime:0.001073s ]
[2026-08-20T07:39:21+08:00][sql] SHOW FULL COLUMNS FROM `order` [ RunTime:0.001986s ]
[2026-08-20T07:39:21+08:00][sql] SELECT COUNT(*) AS think_count FROM `order` WHERE  `buyer_id` = 20  AND `pay_status` = 1 [ RunTime:0.001052s ]
[2026-08-20T07:39:21+08:00][sql] SELECT COUNT(*) AS think_count FROM `goods` WHERE  `seller_id` = 20  AND `status` = 2 [ RunTime:0.002981s ]
[2026-08-20T07:39:21+08:00][sql] SELECT COUNT(*) AS think_count FROM `goods` WHERE  `seller_id` = 20 [ RunTime:0.000855s ]
[2026-08-20T07:39:21+08:00][sql] SELECT COUNT(*) AS think_count FROM `order` WHERE  `buyer_id` = 20  AND `pay_status` = 0  AND `order_status` = 0 [ RunTime:0.000846s ]
[2026-08-20T07:39:21+08:00][sql] SELECT COUNT(*) AS think_count FROM `order` WHERE  `seller_id` = 20  AND `order_status` = 1 [ RunTime:0.000851s ]
[2026-08-20T07:39:21+08:00][sql] SELECT COUNT(*) AS think_count FROM `order` WHERE  `buyer_id` = 20  AND `order_status` = 0  AND `pay_status` = 0 [ RunTime:0.000807s ]
[2026-08-20T07:39:21+08:00][sql] SELECT COUNT(*) AS think_count FROM `order` WHERE  `buyer_id` = 20  AND `order_status` = 1 [ RunTime:0.000772s ]
[2026-08-20T07:39:21+08:00][sql] SELECT COUNT(*) AS think_count FROM `order` WHERE  `buyer_id` = 20  AND `order_status` = 2 [ RunTime:0.000781s ]
[2026-08-20T07:39:21+08:00][sql] SELECT COUNT(*) AS think_count FROM `order` WHERE  `buyer_id` = 20  AND `order_status` = 3 [ RunTime:0.000861s ]
[2026-08-20T07:39:21+08:00][sql] SELECT COUNT(*) AS think_count FROM `order` WHERE  `seller_id` = 20  AND `order_status` = 1 [ RunTime:0.000938s ]
[2026-08-20T07:39:21+08:00][sql] SHOW FULL COLUMNS FROM `goods_favorite` [ RunTime:0.001769s ]
[2026-08-20T07:39:21+08:00][sql] SELECT COUNT(*) AS think_count FROM `goods_favorite` WHERE  `user_id` = 20 [ RunTime:0.000991s ]
[2026-08-20T07:39:21+08:00][sql] SHOW FULL COLUMNS FROM `seller_follow` [ RunTime:0.001637s ]
[2026-08-20T07:39:21+08:00][sql] SELECT COUNT(*) AS think_count FROM `seller_follow` WHERE  `user_id` = 20 [ RunTime:0.000996s ]
[2026-08-20T07:39:21+08:00][sql] SHOW FULL COLUMNS FROM `browse_history` [ RunTime:0.001455s ]
[2026-08-20T07:39:21+08:00][sql] SELECT COUNT(*) AS think_count FROM `browse_history` WHERE  `user_id` = 20 [ RunTime:0.000939s ]
[2026-08-20T07:39:21+08:00][sql] SHOW FULL COLUMNS FROM `sys_message` [ RunTime:0.003693s ]
[2026-08-20T07:39:21+08:00][sql] SELECT COUNT(*) AS think_count FROM `sys_message` WHERE  `user_id` = 20  AND `is_read` = 0 [ RunTime:0.000846s ]
[2026-08-20T07:39:21+08:00][sql] SHOW FULL COLUMNS FROM `balance_log` [ RunTime:0.001468s ]
[2026-08-20T07:39:21+08:00][sql] SELECT * FROM `balance_log` WHERE  `user_id` = 20 ORDER BY `id` DESC LIMIT 5 [ RunTime:0.001080s ]
[2026-08-20T07:39:21+08:00][sql] SELECT `b`.*,`g`.`title`,`g`.`cover`,g.status as goods_status,`g`.`end_time` FROM `bid_record` `b` LEFT JOIN `goods` `g` ON `b`.`goods_id`=`g`.`id` WHERE  `b`.`user_id` = '20' ORDER BY `b`.`id` DESC LIMIT 5 [ RunTime:0.000791s ]
[2026-08-20T07:39:21+08:00][sql] SELECT `id`,`nickname`,`mobile`,`reg_time` FROM `user` WHERE  `pid` = 20 ORDER BY `id` DESC LIMIT 10 [ RunTime:0.000607s ]
[2026-08-20T07:39:21+08:00][sql] SELECT `value` FROM `setting` WHERE  `name` = 'service_link' LIMIT 1 [ RunTime:0.000867s ]
[2026-08-20T07:39:23+08:00][sql] CONNECT:[ UseTime:0.015341s ] mysql:host=127.0.0.1;port=3306;dbname=auction;charset=utf8mb4
[2026-08-20T07:39:23+08:00][sql] SHOW FULL COLUMNS FROM `goods` [ RunTime:0.002532s ]
[2026-08-20T07:39:23+08:00][sql] SELECT `id` FROM `goods` WHERE  `status` = 1  AND `end_time` <= 1787182763 [ RunTime:0.001001s ]
[2026-08-20T07:39:23+08:00][sql] SHOW FULL COLUMNS FROM `user` [ RunTime:0.001973s ]
[2026-08-20T07:39:23+08:00][sql] SELECT * FROM `user` WHERE  `id` = 20 LIMIT 1 [ RunTime:0.001056s ]
[2026-08-20T07:39:23+08:00][sql] SHOW FULL COLUMNS FROM `setting` [ RunTime:0.001458s ]
[2026-08-20T07:39:23+08:00][sql] SELECT * FROM `setting` [ RunTime:0.000812s ]
[2026-08-20T07:39:23+08:00][sql] SELECT * FROM `user` WHERE  `id` = 20 LIMIT 1 [ RunTime:0.001050s ]
[2026-08-20T07:39:23+08:00][sql] SHOW FULL COLUMNS FROM `order` [ RunTime:0.001760s ]
[2026-08-20T07:39:23+08:00][sql] SELECT COUNT(*) AS think_count FROM `order` WHERE  `buyer_id` = 20  AND `order_status` = 0  AND `pay_status` = 0 [ RunTime:0.000999s ]
[2026-08-20T07:39:23+08:00][sql] SELECT COUNT(*) AS think_count FROM `order` WHERE  `buyer_id` = 20  AND `order_status` = 3 [ RunTime:0.000937s ]
[2026-08-20T07:39:23+08:00][sql] SHOW FULL COLUMNS FROM `balance_log` [ RunTime:0.001550s ]
[2026-08-20T07:39:23+08:00][sql] SELECT * FROM `balance_log` WHERE  `user_id` = 20 ORDER BY `id` DESC LIMIT 8 [ RunTime:0.001008s ]
[2026-08-20T07:39:25+08:00][sql] CONNECT:[ UseTime:0.009532s ] mysql:host=127.0.0.1;port=3306;dbname=auction;charset=utf8mb4
[2026-08-20T07:39:25+08:00][sql] SHOW FULL COLUMNS FROM `goods` [ RunTime:0.001529s ]
[2026-08-20T07:39:25+08:00][sql] SELECT `id` FROM `goods` WHERE  `status` = 1  AND `end_time` <= 1787182764 [ RunTime:0.000841s ]
[2026-08-20T07:39:25+08:00][sql] SHOW FULL COLUMNS FROM `user` [ RunTime:0.001415s ]
[2026-08-20T07:39:25+08:00][sql] SELECT * FROM `user` WHERE  `id` = 20 LIMIT 1 [ RunTime:0.000887s ]
[2026-08-20T07:39:25+08:00][sql] SHOW FULL COLUMNS FROM `setting` [ RunTime:0.001409s ]
[2026-08-20T07:39:25+08:00][sql] SELECT * FROM `setting` [ RunTime:0.000831s ]
[2026-08-20T07:39:25+08:00][sql] SHOW FULL COLUMNS FROM `withdraw` [ RunTime:0.003600s ]
[2026-08-20T07:39:25+08:00][sql] SELECT * FROM `withdraw` WHERE  `user_id` = 20 ORDER BY `id` DESC LIMIT 20 [ RunTime:0.001109s ]
[2026-08-20T07:39:25+08:00][sql] SHOW FULL COLUMNS FROM `pay_account` [ RunTime:0.003932s ]
[2026-08-20T07:39:25+08:00][sql] SELECT * FROM `pay_account` WHERE  `user_id` = 20 [ RunTime:0.001137s ]
[2026-08-20T07:39:25+08:00][sql] SELECT * FROM `withdraw` WHERE  `user_id` = 20  AND `status` = 0 LIMIT 1 [ RunTime:0.000932s ]
[2026-08-20T07:39:28+08:00][sql] CONNECT:[ UseTime:0.018323s ] mysql:host=127.0.0.1;port=3306;dbname=auction;charset=utf8mb4
[2026-08-20T07:39:28+08:00][sql] SHOW FULL COLUMNS FROM `goods` [ RunTime:0.002377s ]
[2026-08-20T07:39:28+08:00][sql] SELECT `id` FROM `goods` WHERE  `status` = 1  AND `end_time` <= 1787182768 [ RunTime:0.001066s ]
[2026-08-20T07:39:28+08:00][sql] SHOW FULL COLUMNS FROM `user` [ RunTime:0.001876s ]
[2026-08-20T07:39:28+08:00][sql] SELECT * FROM `user` WHERE  `id` = 20 LIMIT 1 [ RunTime:0.001109s ]
[2026-08-20T07:39:28+08:00][sql] SHOW FULL COLUMNS FROM `setting` [ RunTime:0.001565s ]
[2026-08-20T07:39:28+08:00][sql] SELECT * FROM `setting` [ RunTime:0.000860s ]
[2026-08-20T07:39:28+08:00][sql] SHOW FULL COLUMNS FROM `pay_account` [ RunTime:0.001365s ]
[2026-08-20T07:39:28+08:00][sql] SELECT * FROM `pay_account` WHERE  `user_id` = 20 [ RunTime:0.000868s ]
[2026-08-20T07:40:03+08:00][sql] CONNECT:[ UseTime:0.015405s ] mysql:host=127.0.0.1;port=3306;dbname=auction;charset=utf8mb4
[2026-08-20T07:40:03+08:00][sql] SHOW FULL COLUMNS FROM `goods` [ RunTime:0.001478s ]
[2026-08-20T07:40:03+08:00][sql] SELECT `id` FROM `goods` WHERE  `status` = 1  AND `end_time` <= 1787182803 [ RunTime:0.000685s ]
[2026-08-20T07:40:03+08:00][sql] SHOW FULL COLUMNS FROM `user` [ RunTime:0.001258s ]
[2026-08-20T07:40:03+08:00][sql] SELECT * FROM `user` WHERE  `id` = 20 LIMIT 1 [ RunTime:0.000646s ]
[2026-08-20T07:40:03+08:00][sql] SHOW FULL COLUMNS FROM `setting` [ RunTime:0.000994s ]
[2026-08-20T07:40:03+08:00][sql] SELECT * FROM `setting` [ RunTime:0.000621s ]
[2026-08-20T07:40:03+08:00][sql] SHOW FULL COLUMNS FROM `withdraw` [ RunTime:0.002680s ]
[2026-08-20T07:40:03+08:00][sql] SELECT * FROM `withdraw` WHERE  `user_id` = 20 ORDER BY `id` DESC LIMIT 20 [ RunTime:0.000689s ]
[2026-08-20T07:40:03+08:00][sql] SHOW FULL COLUMNS FROM `pay_account` [ RunTime:0.002490s ]
[2026-08-20T07:40:03+08:00][sql] SELECT * FROM `pay_account` WHERE  `user_id` = 20 [ RunTime:0.000712s ]
[2026-08-20T07:40:03+08:00][sql] SELECT * FROM `withdraw` WHERE  `user_id` = 20  AND `status` = 0 LIMIT 1 [ RunTime:0.000742s ]
[2026-08-20T07:46:39+08:00][sql] CONNECT:[ UseTime:0.012081s ] mysql:host=127.0.0.1;port=3306;dbname=auction;charset=utf8mb4
[2026-08-20T07:46:39+08:00][sql] SHOW FULL COLUMNS FROM `goods` [ RunTime:0.001867s ]
[2026-08-20T07:46:39+08:00][sql] SELECT `id` FROM `goods` WHERE  `status` = 1  AND `end_time` <= 1787183199 [ RunTime:0.000859s ]
[2026-08-20T07:46:39+08:00][sql] SHOW FULL COLUMNS FROM `user` [ RunTime:0.001529s ]
[2026-08-20T07:46:39+08:00][sql] SELECT * FROM `user` WHERE  `id` = 20 LIMIT 1 [ RunTime:0.000893s ]
[2026-08-20T07:46:39+08:00][sql] SHOW FULL COLUMNS FROM `setting` [ RunTime:0.001396s ]
[2026-08-20T07:46:39+08:00][sql] SELECT * FROM `setting` [ RunTime:0.000902s ]
[2026-08-20T07:46:39+08:00][sql] SHOW FULL COLUMNS FROM `category` [ RunTime:0.001088s ]
[2026-08-20T07:46:39+08:00][sql] SELECT * FROM `category` WHERE  `status` = 1 ORDER BY `sort` ASC [ RunTime:0.000707s ]
[2026-08-20T07:46:39+08:00][sql] SELECT `value` FROM `setting` WHERE  `name` = 'publish_protocol' LIMIT 1 [ RunTime:0.000717s ]
[2026-08-20T07:49:15+08:00][sql] CONNECT:[ UseTime:0.012450s ] mysql:host=127.0.0.1;port=3306;dbname=auction;charset=utf8mb4
[2026-08-20T07:49:15+08:00][sql] SHOW FULL COLUMNS FROM `goods` [ RunTime:0.001722s ]
[2026-08-20T07:49:15+08:00][sql] SELECT `id` FROM `goods` WHERE  `status` = 1  AND `end_time` <= 1787183355 [ RunTime:0.000984s ]
[2026-08-20T07:49:15+08:00][sql] SHOW FULL COLUMNS FROM `user` [ RunTime:0.001728s ]
[2026-08-20T07:49:15+08:00][sql] SELECT * FROM `user` WHERE  `id` = 20 LIMIT 1 [ RunTime:0.001123s ]
[2026-08-20T07:49:15+08:00][sql] SHOW FULL COLUMNS FROM `setting` [ RunTime:0.001482s ]
[2026-08-20T07:49:15+08:00][sql] SELECT * FROM `setting` [ RunTime:0.000804s ]
[2026-08-20T07:49:15+08:00][sql] SHOW FULL COLUMNS FROM `category` [ RunTime:0.001169s ]
[2026-08-20T07:49:15+08:00][sql] SELECT * FROM `category` WHERE  `status` = 1 ORDER BY `sort` ASC [ RunTime:0.000964s ]
[2026-08-20T07:49:15+08:00][sql] SELECT `value` FROM `setting` WHERE  `name` = 'publish_protocol' LIMIT 1 [ RunTime:0.000836s ]
[2026-08-20T07:50:38+08:00][sql] CONNECT:[ UseTime:0.001871s ] mysql:host=127.0.0.1;port=3306;dbname=auction;charset=utf8mb4
[2026-08-20T07:50:38+08:00][sql] SHOW FULL COLUMNS FROM `goods` [ RunTime:0.002156s ]
[2026-08-20T07:50:38+08:00][sql] SELECT `id` FROM `goods` WHERE  `status` = 1  AND `end_time` <= 1787183438 [ RunTime:0.001565s ]
[2026-08-20T07:50:38+08:00][sql] SHOW FULL COLUMNS FROM `user` [ RunTime:0.001733s ]
[2026-08-20T07:50:38+08:00][sql] SELECT * FROM `user` WHERE  `id` = 20 LIMIT 1 [ RunTime:0.000857s ]
[2026-08-20T07:50:38+08:00][sql] SHOW FULL COLUMNS FROM `setting` [ RunTime:0.001187s ]
[2026-08-20T07:50:38+08:00][sql] SELECT * FROM `setting` [ RunTime:0.000690s ]
[2026-08-20T07:50:38+08:00][sql] SHOW FULL COLUMNS FROM `category` [ RunTime:0.001220s ]
[2026-08-20T07:50:38+08:00][sql] SELECT * FROM `category` WHERE  `status` = 1 ORDER BY `sort` ASC [ RunTime:0.000739s ]
[2026-08-20T07:50:38+08:00][sql] SELECT `value` FROM `setting` WHERE  `name` = 'publish_protocol' LIMIT 1 [ RunTime:0.000646s ]
[2026-08-20T07:51:15+08:00][sql] CONNECT:[ UseTime:0.001891s ] mysql:host=127.0.0.1;port=3306;dbname=auction;charset=utf8mb4
[2026-08-20T07:51:15+08:00][sql] SHOW FULL COLUMNS FROM `goods` [ RunTime:0.001612s ]
[2026-08-20T07:51:15+08:00][sql] SELECT `id` FROM `goods` WHERE  `status` = 1  AND `end_time` <= 1787183475 [ RunTime:0.000802s ]
[2026-08-20T07:51:15+08:00][sql] SHOW FULL COLUMNS FROM `user` [ RunTime:0.001446s ]
[2026-08-20T07:51:15+08:00][sql] SELECT * FROM `user` WHERE  `id` = 20 LIMIT 1 [ RunTime:0.000994s ]
[2026-08-20T07:51:15+08:00][sql] SHOW FULL COLUMNS FROM `setting` [ RunTime:0.001274s ]
[2026-08-20T07:51:15+08:00][sql] SELECT * FROM `setting` [ RunTime:0.000648s ]
[2026-08-20T07:51:23+08:00][sql] CONNECT:[ UseTime:0.012349s ] mysql:host=127.0.0.1;port=3306;dbname=auction;charset=utf8mb4
[2026-08-20T07:51:23+08:00][sql] SHOW FULL COLUMNS FROM `goods` [ RunTime:0.002254s ]
[2026-08-20T07:51:23+08:00][sql] SELECT `id` FROM `goods` WHERE  `status` = 1  AND `end_time` <= 1787183483 [ RunTime:0.001077s ]
[2026-08-20T07:51:23+08:00][sql] SHOW FULL COLUMNS FROM `user` [ RunTime:0.002201s ]
[2026-08-20T07:51:23+08:00][sql] SELECT * FROM `user` WHERE  `id` = 20 LIMIT 1 [ RunTime:0.001193s ]
[2026-08-20T07:51:23+08:00][sql] SHOW FULL COLUMNS FROM `setting` [ RunTime:0.001515s ]
[2026-08-20T07:51:23+08:00][sql] SELECT * FROM `setting` [ RunTime:0.000977s ]
[2026-08-20T07:51:27+08:00][sql] CONNECT:[ UseTime:0.017369s ] mysql:host=127.0.0.1;port=3306;dbname=auction;charset=utf8mb4
[2026-08-20T07:51:27+08:00][sql] SHOW FULL COLUMNS FROM `goods` [ RunTime:0.002206s ]
[2026-08-20T07:51:27+08:00][sql] SELECT `id` FROM `goods` WHERE  `status` = 1  AND `end_time` <= 1787183487 [ RunTime:0.001080s ]
[2026-08-20T07:51:27+08:00][sql] SHOW FULL COLUMNS FROM `user` [ RunTime:0.002022s ]
[2026-08-20T07:51:27+08:00][sql] SELECT * FROM `user` WHERE  `id` = 20 LIMIT 1 [ RunTime:0.001077s ]
[2026-08-20T07:51:27+08:00][sql] SHOW FULL COLUMNS FROM `setting` [ RunTime:0.001530s ]
[2026-08-20T07:51:27+08:00][sql] SELECT * FROM `setting` [ RunTime:0.000881s ]
[2026-08-20T07:51:32+08:00][sql] CONNECT:[ UseTime:0.011587s ] mysql:host=127.0.0.1;port=3306;dbname=auction;charset=utf8mb4
[2026-08-20T07:51:32+08:00][sql] SHOW FULL COLUMNS FROM `goods` [ RunTime:0.001791s ]
[2026-08-20T07:51:32+08:00][sql] SELECT `id` FROM `goods` WHERE  `status` = 1  AND `end_time` <= 1787183492 [ RunTime:0.000952s ]
[2026-08-20T07:51:32+08:00][sql] SHOW FULL COLUMNS FROM `user` [ RunTime:0.001734s ]
[2026-08-20T07:51:32+08:00][sql] SELECT * FROM `user` WHERE  `id` = 20 LIMIT 1 [ RunTime:0.000863s ]
[2026-08-20T07:51:32+08:00][sql] SHOW FULL COLUMNS FROM `setting` [ RunTime:0.000863s ]
[2026-08-20T07:51:32+08:00][sql] SELECT * FROM `setting` [ RunTime:0.000471s ]
[2026-08-20T07:51:33+08:00][sql] CONNECT:[ UseTime:0.012071s ] mysql:host=127.0.0.1;port=3306;dbname=auction;charset=utf8mb4
[2026-08-20T07:51:33+08:00][sql] SHOW FULL COLUMNS FROM `goods` [ RunTime:0.002073s ]
[2026-08-20T07:51:33+08:00][sql] SELECT `id` FROM `goods` WHERE  `status` = 1  AND `end_time` <= 1787183493 [ RunTime:0.001049s ]
[2026-08-20T07:51:33+08:00][sql] SHOW FULL COLUMNS FROM `user` [ RunTime:0.001895s ]
[2026-08-20T07:51:33+08:00][sql] SELECT * FROM `user` WHERE  `id` = 20 LIMIT 1 [ RunTime:0.000995s ]
[2026-08-20T07:51:33+08:00][sql] SHOW FULL COLUMNS FROM `setting` [ RunTime:0.001445s ]
[2026-08-20T07:51:33+08:00][sql] SELECT * FROM `setting` [ RunTime:0.000883s ]
[2026-08-20T07:51:33+08:00][sql] INSERT INTO `goods` SET `seller_id` = 20 , `category_id` = 1 , `title` = '测试' , `cover` = '/uploads/20260820/075115_7683.png' , `images` = '[\"\\/uploads\\/20260820\\/075115_7683.png\",\"\\/uploads\\/20260820\\/075123_9840.png\",\"\\/uploads\\/20260820\\/075127_6830.png\",\"\\/uploads\\/20260820\\/075132_6642.png\"]' , `content` = '这东西非常好' , `start_price` = '10000' , `raise_price` = '100' , `reserve_price` = '0' , `deposit` = '2000' , `commission_rate` = '0' , `start_time` = 1787183493 , `end_time` = 1787442600 , `delay_seconds` = 0 , `is_free_shipping` = 0 , `is_featured` = 0 , `status` = 0 , `create_time` = 1787183493 , `update_time` = 1787183493 [ RunTime:0.002135s ]
[2026-08-20T07:51:34+08:00][sql] CONNECT:[ UseTime:0.019473s ] mysql:host=127.0.0.1;port=3306;dbname=auction;charset=utf8mb4
[2026-08-20T07:51:34+08:00][sql] SHOW FULL COLUMNS FROM `goods` [ RunTime:0.001155s ]
[2026-08-20T07:51:34+08:00][sql] SELECT `id` FROM `goods` WHERE  `status` = 1  AND `end_time` <= 1787183494 [ RunTime:0.000987s ]
[2026-08-20T07:51:34+08:00][sql] SHOW FULL COLUMNS FROM `user` [ RunTime:0.001488s ]
[2026-08-20T07:51:34+08:00][sql] SELECT * FROM `user` WHERE  `id` = 20 LIMIT 1 [ RunTime:0.001163s ]
[2026-08-20T07:51:34+08:00][sql] SHOW FULL COLUMNS FROM `setting` [ RunTime:0.001559s ]
[2026-08-20T07:51:34+08:00][sql] SELECT * FROM `setting` [ RunTime:0.000979s ]
[2026-08-20T07:51:34+08:00][sql] SELECT COUNT(*) AS think_count FROM `goods` WHERE  `seller_id` = 20 [ RunTime:0.000965s ]
[2026-08-20T07:51:34+08:00][sql] SELECT * FROM `goods` WHERE  `seller_id` = 20 ORDER BY `id` DESC LIMIT 0,10 [ RunTime:0.001021s ]
[2026-08-20T07:51:34+08:00][sql] SHOW FULL COLUMNS FROM `bid_record` [ RunTime:0.001794s ]
[2026-08-20T07:51:34+08:00][sql] SELECT MAX(`price`) AS think_max FROM `bid_record` WHERE  `goods_id` = 35  AND `status` = 0 [ RunTime:0.000956s ]
[2026-08-20T07:51:34+08:00][sql] SELECT MAX(`price`) AS think_max FROM `bid_record` WHERE  `goods_id` = 34  AND `status` = 0 [ RunTime:0.001023s ]
[2026-08-20T07:51:34+08:00][sql] SELECT MAX(`price`) AS think_max FROM `bid_record` WHERE  `goods_id` = 28  AND `status` = 0 [ RunTime:0.001008s ]
[2026-08-20T07:51:34+08:00][sql] SELECT MAX(`price`) AS think_max FROM `bid_record` WHERE  `goods_id` = 26  AND `status` = 0 [ RunTime:0.000997s ]
[2026-08-20T07:52:03+08:00][sql] CONNECT:[ UseTime:0.004275s ] mysql:host=127.0.0.1;port=3306;dbname=auction;charset=utf8mb4
[2026-08-20T07:52:03+08:00][sql] SHOW FULL COLUMNS FROM `goods` [ RunTime:0.001456s ]
[2026-08-20T07:52:03+08:00][sql] SELECT `id` FROM `goods` WHERE  `status` = 1  AND `end_time` <= 1787183522 [ RunTime:0.000803s ]
[2026-08-20T07:52:03+08:00][sql] SHOW FULL COLUMNS FROM `user` [ RunTime:0.001316s ]
[2026-08-20T07:52:03+08:00][sql] SELECT * FROM `user` WHERE  `id` = 20 LIMIT 1 [ RunTime:0.000755s ]
[2026-08-20T07:52:03+08:00][sql] SHOW FULL COLUMNS FROM `setting` [ RunTime:0.001078s ]
[2026-08-20T07:52:03+08:00][sql] SELECT * FROM `setting` [ RunTime:0.000619s ]
[2026-08-20T07:52:03+08:00][sql] SELECT COUNT(*) AS think_count FROM `goods` WHERE  `seller_id` = 20 [ RunTime:0.000737s ]
[2026-08-20T07:52:03+08:00][sql] SELECT * FROM `goods` WHERE  `seller_id` = 20 ORDER BY `id` DESC LIMIT 0,10 [ RunTime:0.000784s ]
[2026-08-20T07:52:03+08:00][sql] SHOW FULL COLUMNS FROM `bid_record` [ RunTime:0.001112s ]
[2026-08-20T07:52:03+08:00][sql] SELECT MAX(`price`) AS think_max FROM `bid_record` WHERE  `goods_id` = 35  AND `status` = 0 [ RunTime:0.000721s ]
[2026-08-20T07:52:03+08:00][sql] SELECT MAX(`price`) AS think_max FROM `bid_record` WHERE  `goods_id` = 34  AND `status` = 0 [ RunTime:0.000638s ]
[2026-08-20T07:52:03+08:00][sql] SELECT MAX(`price`) AS think_max FROM `bid_record` WHERE  `goods_id` = 28  AND `status` = 0 [ RunTime:0.000740s ]
[2026-08-20T07:52:03+08:00][sql] SELECT MAX(`price`) AS think_max FROM `bid_record` WHERE  `goods_id` = 26  AND `status` = 0 [ RunTime:0.000534s ]
[2026-08-20T07:52:05+08:00][sql] CONNECT:[ UseTime:0.014926s ] mysql:host=127.0.0.1;port=3306;dbname=auction;charset=utf8mb4
[2026-08-20T07:52:05+08:00][sql] SHOW FULL COLUMNS FROM `goods` [ RunTime:0.002582s ]
[2026-08-20T07:52:05+08:00][sql] SELECT `id` FROM `goods` WHERE  `status` = 1  AND `end_time` <= 1787183525 [ RunTime:0.001126s ]
[2026-08-20T07:52:05+08:00][sql] SHOW FULL COLUMNS FROM `user` [ RunTime:0.001969s ]
[2026-08-20T07:52:05+08:00][sql] SELECT * FROM `user` WHERE  `id` = 20 LIMIT 1 [ RunTime:0.001122s ]
[2026-08-20T07:52:05+08:00][sql] SHOW FULL COLUMNS FROM `setting` [ RunTime:0.001545s ]
[2026-08-20T07:52:05+08:00][sql] SELECT * FROM `setting` [ RunTime:0.000881s ]
[2026-08-20T07:52:05+08:00][sql] SELECT COUNT(*) AS think_count FROM `goods` WHERE  `seller_id` = 20  AND `status` IN (3,5) [ RunTime:0.001199s ]
[2026-08-20T07:52:05+08:00][sql] SELECT * FROM `goods` WHERE  `seller_id` = 20  AND `status` IN (3,5) ORDER BY `id` DESC LIMIT 0,10 [ RunTime:0.001214s ]
[2026-08-20T07:52:05+08:00][sql] SHOW FULL COLUMNS FROM `bid_record` [ RunTime:0.001768s ]
[2026-08-20T07:52:05+08:00][sql] SELECT MAX(`price`) AS think_max FROM `bid_record` WHERE  `goods_id` = 35  AND `status` = 0 [ RunTime:0.000930s ]
[2026-08-20T07:52:05+08:00][sql] SELECT MAX(`price`) AS think_max FROM `bid_record` WHERE  `goods_id` = 34  AND `status` = 0 [ RunTime:0.000930s ]
[2026-08-20T07:52:16+08:00][sql] CONNECT:[ UseTime:0.016473s ] mysql:host=127.0.0.1;port=3306;dbname=auction;charset=utf8mb4
[2026-08-20T07:52:16+08:00][sql] SHOW FULL COLUMNS FROM `goods` [ RunTime:0.001490s ]
[2026-08-20T07:52:16+08:00][sql] SELECT `id` FROM `goods` WHERE  `status` = 1  AND `end_time` <= 1787183536 [ RunTime:0.000778s ]
[2026-08-20T07:52:16+08:00][sql] SHOW FULL COLUMNS FROM `user` [ RunTime:0.001435s ]
[2026-08-20T07:52:16+08:00][sql] SELECT * FROM `user` WHERE  `id` = 20 LIMIT 1 [ RunTime:0.000686s ]
[2026-08-20T07:52:16+08:00][sql] SHOW FULL COLUMNS FROM `setting` [ RunTime:0.001034s ]
[2026-08-20T07:52:16+08:00][sql] SELECT * FROM `setting` [ RunTime:0.000564s ]
[2026-08-20T07:52:16+08:00][sql] SHOW FULL COLUMNS FROM `bid_record` [ RunTime:0.001017s ]
[2026-08-20T07:52:16+08:00][sql] SELECT COUNT(*) AS think_count FROM `bid_record` WHERE  `user_id` = 20 [ RunTime:0.000598s ]
[2026-08-20T07:52:16+08:00][sql] SHOW FULL COLUMNS FROM `order` [ RunTime:0.001180s ]
[2026-08-20T07:52:16+08:00][sql] SELECT COUNT(*) AS think_count FROM `order` WHERE  `buyer_id` = 20  AND `pay_status` = 1 [ RunTime:0.000757s ]
[2026-08-20T07:52:16+08:00][sql] SELECT COUNT(*) AS think_count FROM `goods` WHERE  `seller_id` = 20  AND `status` = 2 [ RunTime:0.003155s ]
[2026-08-20T07:52:16+08:00][sql] SELECT COUNT(*) AS think_count FROM `goods` WHERE  `seller_id` = 20 [ RunTime:0.000879s ]
[2026-08-20T07:52:16+08:00][sql] SELECT COUNT(*) AS think_count FROM `order` WHERE  `buyer_id` = 20  AND `pay_status` = 0  AND `order_status` = 0 [ RunTime:0.000875s ]
[2026-08-20T07:52:16+08:00][sql] SELECT COUNT(*) AS think_count FROM `order` WHERE  `seller_id` = 20  AND `order_status` = 1 [ RunTime:0.000856s ]
[2026-08-20T07:52:16+08:00][sql] SELECT COUNT(*) AS think_count FROM `order` WHERE  `buyer_id` = 20  AND `order_status` = 0  AND `pay_status` = 0 [ RunTime:0.000765s ]
[2026-08-20T07:52:16+08:00][sql] SELECT COUNT(*) AS think_count FROM `order` WHERE  `buyer_id` = 20  AND `order_status` = 1 [ RunTime:0.000724s ]
[2026-08-20T07:52:16+08:00][sql] SELECT COUNT(*) AS think_count FROM `order` WHERE  `buyer_id` = 20  AND `order_status` = 2 [ RunTime:0.000713s ]
[2026-08-20T07:52:16+08:00][sql] SELECT COUNT(*) AS think_count FROM `order` WHERE  `buyer_id` = 20  AND `order_status` = 3 [ RunTime:0.000664s ]
[2026-08-20T07:52:16+08:00][sql] SELECT COUNT(*) AS think_count FROM `order` WHERE  `seller_id` = 20  AND `order_status` = 1 [ RunTime:0.000580s ]
[2026-08-20T07:52:16+08:00][sql] SHOW FULL COLUMNS FROM `goods_favorite` [ RunTime:0.001333s ]
[2026-08-20T07:52:16+08:00][sql] SELECT COUNT(*) AS think_count FROM `goods_favorite` WHERE  `user_id` = 20 [ RunTime:0.000676s ]
[2026-08-20T07:52:16+08:00][sql] SHOW FULL COLUMNS FROM `seller_follow` [ RunTime:0.001143s ]
[2026-08-20T07:52:16+08:00][sql] SELECT COUNT(*) AS think_count FROM `seller_follow` WHERE  `user_id` = 20 [ RunTime:0.000763s ]
[2026-08-20T07:52:16+08:00][sql] SHOW FULL COLUMNS FROM `browse_history` [ RunTime:0.001215s ]
[2026-08-20T07:52:16+08:00][sql] SELECT COUNT(*) AS think_count FROM `browse_history` WHERE  `user_id` = 20 [ RunTime:0.001030s ]
[2026-08-20T07:52:16+08:00][sql] SHOW FULL COLUMNS FROM `sys_message` [ RunTime:0.001055s ]
[2026-08-20T07:52:16+08:00][sql] SELECT COUNT(*) AS think_count FROM `sys_message` WHERE  `user_id` = 20  AND `is_read` = 0 [ RunTime:0.000435s ]
[2026-08-20T07:52:16+08:00][sql] SHOW FULL COLUMNS FROM `balance_log` [ RunTime:0.000972s ]
[2026-08-20T07:52:16+08:00][sql] SELECT * FROM `balance_log` WHERE  `user_id` = 20 ORDER BY `id` DESC LIMIT 5 [ RunTime:0.000753s ]
[2026-08-20T07:52:16+08:00][sql] SELECT `b`.*,`g`.`title`,`g`.`cover`,g.status as goods_status,`g`.`end_time` FROM `bid_record` `b` LEFT JOIN `goods` `g` ON `b`.`goods_id`=`g`.`id` WHERE  `b`.`user_id` = '20' ORDER BY `b`.`id` DESC LIMIT 5 [ RunTime:0.000666s ]
[2026-08-20T07:52:16+08:00][sql] SELECT `id`,`nickname`,`mobile`,`reg_time` FROM `user` WHERE  `pid` = 20 ORDER BY `id` DESC LIMIT 10 [ RunTime:0.000538s ]
[2026-08-20T07:52:16+08:00][sql] SELECT `value` FROM `setting` WHERE  `name` = 'service_link' LIMIT 1 [ RunTime:0.000536s ]
[2026-08-20T07:57:12+08:00][sql] CONNECT:[ UseTime:0.009230s ] mysql:host=127.0.0.1;port=3306;dbname=auction;charset=utf8mb4
[2026-08-20T07:57:12+08:00][sql] SHOW FULL COLUMNS FROM `goods` [ RunTime:0.002353s ]
[2026-08-20T07:57:12+08:00][sql] SELECT `id` FROM `goods` WHERE  `status` = 1  AND `end_time` <= 1787183831 [ RunTime:0.001237s ]
[2026-08-20T07:57:12+08:00][sql] SHOW FULL COLUMNS FROM `user` [ RunTime:0.002283s ]
[2026-08-20T07:57:12+08:00][sql] SELECT * FROM `user` WHERE  `id` = 20 LIMIT 1 [ RunTime:0.001206s ]
[2026-08-20T07:57:12+08:00][sql] SHOW FULL COLUMNS FROM `setting` [ RunTime:0.004032s ]
[2026-08-20T07:57:12+08:00][sql] SELECT * FROM `setting` [ RunTime:0.001490s ]
[2026-08-20T07:57:12+08:00][sql] SELECT COUNT(*) AS think_count FROM `goods` `g` LEFT JOIN `user` `u` ON `g`.`seller_id`=`u`.`id` WHERE  `g`.`status` = '1'  AND `g`.`start_time` <= '1787183832'  AND `g`.`end_time` > '1787183832' [ RunTime:0.000960s ]
[2026-08-20T07:57:12+08:00][sql] SELECT `g`.*,u.nickname as seller_name FROM `goods` `g` LEFT JOIN `user` `u` ON `g`.`seller_id`=`u`.`id` WHERE  `g`.`status` = '1'  AND `g`.`start_time` <= '1787183832'  AND `g`.`end_time` > '1787183832' ORDER BY `g`.`end_time` ASC,`g`.`id` DESC LIMIT 0,10 [ RunTime:0.001670s ]
[2026-08-20T07:57:12+08:00][sql] SHOW FULL COLUMNS FROM `bid_record` [ RunTime:0.001968s ]
[2026-08-20T07:57:12+08:00][sql] SELECT MAX(`price`) AS think_max FROM `bid_record` WHERE  `goods_id` = 33  AND `status` = 0 [ RunTime:0.001149s ]
[2026-08-20T07:57:12+08:00][sql] SELECT MAX(`price`) AS think_max FROM `bid_record` WHERE  `goods_id` = 30  AND `status` = 0 [ RunTime:0.001536s ]
[2026-08-20T07:57:12+08:00][sql] SHOW FULL COLUMNS FROM `category` [ RunTime:0.002750s ]
[2026-08-20T07:57:12+08:00][sql] SELECT * FROM `category` WHERE  `status` = 1 ORDER BY `sort` ASC [ RunTime:0.001130s ]
[2026-08-20T07:57:12+08:00][sql] SELECT `b`.`price`,`b`.`create_time`,`g`.`title`,`u`.`nickname` FROM `bid_record` `b` LEFT JOIN `goods` `g` ON `b`.`goods_id`=`g`.`id` LEFT JOIN `user` `u` ON `b`.`user_id`=`u`.`id` WHERE  `b`.`status` = '1' ORDER BY `b`.`id` DESC LIMIT 5 [ RunTime:0.001328s ]
[2026-08-20T07:57:12+08:00][sql] SHOW FULL COLUMNS FROM `news` [ RunTime:0.004414s ]
[2026-08-20T07:57:12+08:00][sql] SELECT `id`,`title`,`create_time` FROM `news` WHERE  `status` = 1 ORDER BY `id` DESC LIMIT 3 [ RunTime:0.001099s ]
[2026-08-20T07:57:12+08:00][sql] SHOW FULL COLUMNS FROM `banner` [ RunTime:0.006308s ]
[2026-08-20T07:57:12+08:00][sql] SELECT * FROM `banner` WHERE  `status` = 1 ORDER BY `sort` ASC,`id` ASC [ RunTime:0.001415s ]
[2026-08-20T07:57:19+08:00][sql] CONNECT:[ UseTime:0.019872s ] mysql:host=127.0.0.1;port=3306;dbname=auction;charset=utf8mb4
[2026-08-20T07:57:19+08:00][sql] SHOW FULL COLUMNS FROM `goods` [ RunTime:0.001736s ]
[2026-08-20T07:57:19+08:00][sql] SELECT `id` FROM `goods` WHERE  `status` = 1  AND `end_time` <= 1787183839 [ RunTime:0.000825s ]
[2026-08-20T07:57:19+08:00][sql] SHOW FULL COLUMNS FROM `user` [ RunTime:0.001687s ]
[2026-08-20T07:57:19+08:00][sql] SELECT * FROM `user` WHERE  `id` = 20 LIMIT 1 [ RunTime:0.000988s ]
[2026-08-20T07:57:19+08:00][sql] SHOW FULL COLUMNS FROM `setting` [ RunTime:0.001378s ]
[2026-08-20T07:57:19+08:00][sql] SELECT * FROM `setting` [ RunTime:0.000741s ]
[2026-08-20T07:57:19+08:00][sql] SHOW FULL COLUMNS FROM `bid_record` [ RunTime:0.002163s ]
[2026-08-20T07:57:19+08:00][sql] SELECT COUNT(*) AS think_count FROM `bid_record` WHERE  `user_id` = 20 [ RunTime:0.001714s ]
[2026-08-20T07:57:19+08:00][sql] SHOW FULL COLUMNS FROM `order` [ RunTime:0.002492s ]
[2026-08-20T07:57:19+08:00][sql] SELECT COUNT(*) AS think_count FROM `order` WHERE  `buyer_id` = 20  AND `pay_status` = 1 [ RunTime:0.001107s ]
[2026-08-20T07:57:19+08:00][sql] SELECT COUNT(*) AS think_count FROM `goods` WHERE  `seller_id` = 20  AND `status` = 2 [ RunTime:0.002997s ]
[2026-08-20T07:57:19+08:00][sql] SELECT COUNT(*) AS think_count FROM `goods` WHERE  `seller_id` = 20 [ RunTime:0.001255s ]
[2026-08-20T07:57:19+08:00][sql] SELECT COUNT(*) AS think_count FROM `order` WHERE  `buyer_id` = 20  AND `pay_status` = 0  AND `order_status` = 0 [ RunTime:0.001148s ]
[2026-08-20T07:57:19+08:00][sql] SELECT COUNT(*) AS think_count FROM `order` WHERE  `seller_id` = 20  AND `order_status` = 1 [ RunTime:0.000987s ]
[2026-08-20T07:57:19+08:00][sql] SELECT COUNT(*) AS think_count FROM `order` WHERE  `buyer_id` = 20  AND `order_status` = 0  AND `pay_status` = 0 [ RunTime:0.000859s ]
[2026-08-20T07:57:19+08:00][sql] SELECT COUNT(*) AS think_count FROM `order` WHERE  `buyer_id` = 20  AND `order_status` = 1 [ RunTime:0.003839s ]
[2026-08-20T07:57:19+08:00][sql] SELECT COUNT(*) AS think_count FROM `order` WHERE  `buyer_id` = 20  AND `order_status` = 2 [ RunTime:0.001742s ]
[2026-08-20T07:57:19+08:00][sql] SELECT COUNT(*) AS think_count FROM `order` WHERE  `buyer_id` = 20  AND `order_status` = 3 [ RunTime:0.001098s ]
[2026-08-20T07:57:19+08:00][sql] SELECT COUNT(*) AS think_count FROM `order` WHERE  `seller_id` = 20  AND `order_status` = 1 [ RunTime:0.000947s ]
[2026-08-20T07:57:19+08:00][sql] SHOW FULL COLUMNS FROM `goods_favorite` [ RunTime:0.001461s ]
[2026-08-20T07:57:19+08:00][sql] SELECT COUNT(*) AS think_count FROM `goods_favorite` WHERE  `user_id` = 20 [ RunTime:0.001146s ]
[2026-08-20T07:57:19+08:00][sql] SHOW FULL COLUMNS FROM `seller_follow` [ RunTime:0.001434s ]
[2026-08-20T07:57:19+08:00][sql] SELECT COUNT(*) AS think_count FROM `seller_follow` WHERE  `user_id` = 20 [ RunTime:0.000859s ]
[2026-08-20T07:57:19+08:00][sql] SHOW FULL COLUMNS FROM `browse_history` [ RunTime:0.001396s ]
[2026-08-20T07:57:19+08:00][sql] SELECT COUNT(*) AS think_count FROM `browse_history` WHERE  `user_id` = 20 [ RunTime:0.000871s ]
[2026-08-20T07:57:19+08:00][sql] SHOW FULL COLUMNS FROM `sys_message` [ RunTime:0.004032s ]
[2026-08-20T07:57:19+08:00][sql] SELECT COUNT(*) AS think_count FROM `sys_message` WHERE  `user_id` = 20  AND `is_read` = 0 [ RunTime:0.000923s ]
[2026-08-20T07:57:19+08:00][sql] SHOW FULL COLUMNS FROM `balance_log` [ RunTime:0.014171s ]
[2026-08-20T07:57:19+08:00][sql] SELECT * FROM `balance_log` WHERE  `user_id` = 20 ORDER BY `id` DESC LIMIT 5 [ RunTime:0.000996s ]
[2026-08-20T07:57:19+08:00][sql] SELECT `b`.*,`g`.`title`,`g`.`cover`,g.status as goods_status,`g`.`end_time` FROM `bid_record` `b` LEFT JOIN `goods` `g` ON `b`.`goods_id`=`g`.`id` WHERE  `b`.`user_id` = '20' ORDER BY `b`.`id` DESC LIMIT 5 [ RunTime:0.000955s ]
[2026-08-20T07:57:19+08:00][sql] SELECT `id`,`nickname`,`mobile`,`reg_time` FROM `user` WHERE  `pid` = 20 ORDER BY `id` DESC LIMIT 10 [ RunTime:0.007967s ]
[2026-08-20T07:57:19+08:00][sql] SELECT `value` FROM `setting` WHERE  `name` = 'service_link' LIMIT 1 [ RunTime:0.000819s ]
[2026-08-20T07:57:26+08:00][sql] CONNECT:[ UseTime:0.015805s ] mysql:host=127.0.0.1;port=3306;dbname=auction;charset=utf8mb4
[2026-08-20T07:57:26+08:00][sql] SHOW FULL COLUMNS FROM `goods` [ RunTime:0.001482s ]
[2026-08-20T07:57:26+08:00][sql] SELECT `id` FROM `goods` WHERE  `status` = 1  AND `end_time` <= 1787183846 [ RunTime:0.001119s ]
[2026-08-20T07:57:26+08:00][sql] SHOW FULL COLUMNS FROM `setting` [ RunTime:0.001114s ]
[2026-08-20T07:57:26+08:00][sql] SELECT * FROM `setting` [ RunTime:0.000756s ]
[2026-08-20T07:57:26+08:00][sql] SELECT COUNT(*) AS think_count FROM `goods` `g` LEFT JOIN `user` `u` ON `g`.`seller_id`=`u`.`id` WHERE  `g`.`status` = '1'  AND `g`.`start_time` <= '1787183846'  AND `g`.`end_time` > '1787183846' [ RunTime:0.001118s ]
[2026-08-20T07:57:26+08:00][sql] SELECT `g`.*,u.nickname as seller_name FROM `goods` `g` LEFT JOIN `user` `u` ON `g`.`seller_id`=`u`.`id` WHERE  `g`.`status` = '1'  AND `g`.`start_time` <= '1787183846'  AND `g`.`end_time` > '1787183846' ORDER BY `g`.`end_time` ASC,`g`.`id` DESC LIMIT 0,10 [ RunTime:0.001203s ]
[2026-08-20T07:57:26+08:00][sql] SHOW FULL COLUMNS FROM `bid_record` [ RunTime:0.001407s ]
[2026-08-20T07:57:26+08:00][sql] SELECT MAX(`price`) AS think_max FROM `bid_record` WHERE  `goods_id` = 33  AND `status` = 0 [ RunTime:0.000893s ]
[2026-08-20T07:57:26+08:00][sql] SELECT MAX(`price`) AS think_max FROM `bid_record` WHERE  `goods_id` = 30  AND `status` = 0 [ RunTime:0.000952s ]
[2026-08-20T07:57:26+08:00][sql] SHOW FULL COLUMNS FROM `category` [ RunTime:0.001419s ]
[2026-08-20T07:57:26+08:00][sql] SELECT * FROM `category` WHERE  `status` = 1 ORDER BY `sort` ASC [ RunTime:0.000887s ]
[2026-08-20T07:57:26+08:00][sql] SELECT `b`.`price`,`b`.`create_time`,`g`.`title`,`u`.`nickname` FROM `bid_record` `b` LEFT JOIN `goods` `g` ON `b`.`goods_id`=`g`.`id` LEFT JOIN `user` `u` ON `b`.`user_id`=`u`.`id` WHERE  `b`.`status` = '1' ORDER BY `b`.`id` DESC LIMIT 5 [ RunTime:0.000940s ]
[2026-08-20T07:57:26+08:00][sql] SHOW FULL COLUMNS FROM `news` [ RunTime:0.004187s ]
[2026-08-20T07:57:26+08:00][sql] SELECT `id`,`title`,`create_time` FROM `news` WHERE  `status` = 1 ORDER BY `id` DESC LIMIT 3 [ RunTime:0.000898s ]
[2026-08-20T07:57:26+08:00][sql] SHOW FULL COLUMNS FROM `banner` [ RunTime:0.003411s ]
[2026-08-20T07:57:26+08:00][sql] SELECT * FROM `banner` WHERE  `status` = 1 ORDER BY `sort` ASC,`id` ASC [ RunTime:0.000897s ]
[2026-08-20T07:57:57+08:00][sql] CONNECT:[ UseTime:0.002178s ] mysql:host=127.0.0.1;port=3306;dbname=auction;charset=utf8mb4
[2026-08-20T07:57:57+08:00][sql] SHOW FULL COLUMNS FROM `goods` [ RunTime:0.002075s ]
[2026-08-20T07:57:57+08:00][sql] SELECT `id` FROM `goods` WHERE  `status` = 1  AND `end_time` <= 1787183876 [ RunTime:0.001394s ]
[2026-08-20T07:57:57+08:00][sql] SHOW FULL COLUMNS FROM `user` [ RunTime:0.001848s ]
[2026-08-20T07:57:57+08:00][sql] SELECT * FROM `user` WHERE  `id` = 20 LIMIT 1 [ RunTime:0.001190s ]
[2026-08-20T07:57:57+08:00][sql] SHOW FULL COLUMNS FROM `setting` [ RunTime:0.001578s ]
[2026-08-20T07:57:57+08:00][sql] SELECT * FROM `setting` [ RunTime:0.000885s ]
[2026-08-20T07:57:57+08:00][sql] SELECT COUNT(*) AS think_count FROM `goods` `g` LEFT JOIN `user` `u` ON `g`.`seller_id`=`u`.`id` WHERE  `g`.`status` = '1'  AND `g`.`start_time` <= '1787183876'  AND `g`.`end_time` > '1787183876' [ RunTime:0.001155s ]
[2026-08-20T07:57:57+08:00][sql] SELECT `g`.*,u.nickname as seller_name FROM `goods` `g` LEFT JOIN `user` `u` ON `g`.`seller_id`=`u`.`id` WHERE  `g`.`status` = '1'  AND `g`.`start_time` <= '1787183876'  AND `g`.`end_time` > '1787183876' ORDER BY `g`.`end_time` ASC,`g`.`id` DESC LIMIT 0,10 [ RunTime:0.001230s ]
[2026-08-20T07:57:57+08:00][sql] SHOW FULL COLUMNS FROM `bid_record` [ RunTime:0.001280s ]
[2026-08-20T07:57:57+08:00][sql] SELECT MAX(`price`) AS think_max FROM `bid_record` WHERE  `goods_id` = 33  AND `status` = 0 [ RunTime:0.000755s ]
[2026-08-20T07:57:57+08:00][sql] SELECT MAX(`price`) AS think_max FROM `bid_record` WHERE  `goods_id` = 30  AND `status` = 0 [ RunTime:0.000696s ]
[2026-08-20T07:57:57+08:00][sql] SHOW FULL COLUMNS FROM `category` [ RunTime:0.001556s ]
[2026-08-20T07:57:57+08:00][sql] SELECT * FROM `category` WHERE  `status` = 1 ORDER BY `sort` ASC [ RunTime:0.000950s ]
[2026-08-20T07:57:57+08:00][sql] SELECT `b`.`price`,`b`.`create_time`,`g`.`title`,`u`.`nickname` FROM `bid_record` `b` LEFT JOIN `goods` `g` ON `b`.`goods_id`=`g`.`id` LEFT JOIN `user` `u` ON `b`.`user_id`=`u`.`id` WHERE  `b`.`status` = '1' ORDER BY `b`.`id` DESC LIMIT 5 [ RunTime:0.001006s ]
[2026-08-20T07:57:57+08:00][sql] SHOW FULL COLUMNS FROM `news` [ RunTime:0.001262s ]
[2026-08-20T07:57:57+08:00][sql] SELECT `id`,`title`,`create_time` FROM `news` WHERE  `status` = 1 ORDER BY `id` DESC LIMIT 3 [ RunTime:0.000745s ]
[2026-08-20T07:57:57+08:00][sql] SHOW FULL COLUMNS FROM `banner` [ RunTime:0.001125s ]
[2026-08-20T07:57:57+08:00][sql] SELECT * FROM `banner` WHERE  `status` = 1 ORDER BY `sort` ASC,`id` ASC [ RunTime:0.000630s ]
[2026-08-20T07:57:59+08:00][sql] CONNECT:[ UseTime:0.015399s ] mysql:host=127.0.0.1;port=3306;dbname=auction;charset=utf8mb4
[2026-08-20T07:57:59+08:00][sql] SHOW FULL COLUMNS FROM `goods` [ RunTime:0.002029s ]
[2026-08-20T07:57:59+08:00][sql] SELECT `id` FROM `goods` WHERE  `status` = 1  AND `end_time` <= 1787183879 [ RunTime:0.000815s ]
[2026-08-20T07:57:59+08:00][sql] SHOW FULL COLUMNS FROM `user` [ RunTime:0.001458s ]
[2026-08-20T07:57:59+08:00][sql] SELECT * FROM `user` WHERE  `id` = 20 LIMIT 1 [ RunTime:0.000935s ]
[2026-08-20T07:57:59+08:00][sql] SHOW FULL COLUMNS FROM `setting` [ RunTime:0.001377s ]
[2026-08-20T07:57:59+08:00][sql] SELECT * FROM `setting` [ RunTime:0.000812s ]
[2026-08-20T07:57:59+08:00][sql] SELECT `g`.*,u.nickname as seller_name,u.shop_name as seller_shop,u.avatar as seller_avatar,`u`.`seller_intro`,u.deposit as seller_deposit,`u`.`shop_score`,`u`.`fans_count`,c.name as category_name FROM `goods` `g` LEFT JOIN `user` `u` ON `g`.`seller_id`=`u`.`id` LEFT JOIN `category` `c` ON `g`.`category_id`=`c`.`id` WHERE  `g`.`id` = '33' LIMIT 1 [ RunTime:0.001109s ]
[2026-08-20T07:57:59+08:00][sql] UPDATE `goods`  SET `view_count` = `view_count` + 1  WHERE  `id` = 33 [ RunTime:0.002738s ]
[2026-08-20T07:57:59+08:00][sql] SHOW FULL COLUMNS FROM `bid_record` [ RunTime:0.001287s ]
[2026-08-20T07:57:59+08:00][sql] SELECT `b`.*,`u`.`nickname`,`u`.`mobile` FROM `bid_record` `b` LEFT JOIN `user` `u` ON `b`.`user_id`=`u`.`id` WHERE  `b`.`goods_id` = '33'  AND `b`.`status` = '0' ORDER BY `b`.`price` DESC,`b`.`id` ASC LIMIT 1 [ RunTime:0.000987s ]
[2026-08-20T07:57:59+08:00][sql] SELECT `b`.*,`u`.`nickname`,`u`.`mobile` FROM `bid_record` `b` LEFT JOIN `user` `u` ON `b`.`user_id`=`u`.`id` WHERE  `b`.`goods_id` = '33' ORDER BY `b`.`price` DESC,`b`.`id` ASC LIMIT 50 [ RunTime:0.001055s ]
[2026-08-20T07:57:59+08:00][sql] SELECT MAX(`price`) AS think_max FROM `bid_record` WHERE  `goods_id` = 33  AND `user_id` = 20  AND `status` = 0 [ RunTime:0.000816s ]
[2026-08-20T07:57:59+08:00][sql] SELECT MAX(`deposit`) AS think_max FROM `bid_record` WHERE  `goods_id` = 33  AND `user_id` = 20  AND `deposit` > '0' [ RunTime:0.000844s ]
[2026-08-20T07:57:59+08:00][sql] SHOW FULL COLUMNS FROM `browse_history` [ RunTime:0.001247s ]
[2026-08-20T07:57:59+08:00][sql] REPLACE INTO `browse_history` SET `user_id` = 20 , `goods_id` = 33 , `create_time` = 1787183879 [ RunTime:0.001736s ]
[2026-08-20T07:57:59+08:00][sql] SHOW FULL COLUMNS FROM `goods_favorite` [ RunTime:0.001252s ]
[2026-08-20T07:57:59+08:00][sql] SELECT COUNT(*) AS think_count FROM `goods_favorite` WHERE  `user_id` = 20  AND `goods_id` = 33 [ RunTime:0.000717s ]
[2026-08-20T07:57:59+08:00][sql] SHOW FULL COLUMNS FROM `seller_follow` [ RunTime:0.001201s ]
[2026-08-20T07:57:59+08:00][sql] SELECT COUNT(*) AS think_count FROM `seller_follow` WHERE  `user_id` = 20  AND `seller_id` = 25 [ RunTime:0.001612s ]
[2026-08-20T07:57:59+08:00][error] [0]语法错误: unexpected token "default"[D:\work\08\17_3\runtime\index\temp\dcf08efc4ef119970f9e2aa81802381c.php:131]
[2026-08-20T07:58:01+08:00][sql] CONNECT:[ UseTime:0.002052s ] mysql:host=127.0.0.1;port=3306;dbname=auction;charset=utf8mb4
[2026-08-20T07:58:01+08:00][sql] SHOW FULL COLUMNS FROM `goods` [ RunTime:0.001726s ]
[2026-08-20T07:58:01+08:00][sql] SELECT `id` FROM `goods` WHERE  `status` = 1  AND `end_time` <= 1787183881 [ RunTime:0.000898s ]
[2026-08-20T07:58:01+08:00][sql] SHOW FULL COLUMNS FROM `user` [ RunTime:0.001962s ]
[2026-08-20T07:58:01+08:00][sql] SELECT * FROM `user` WHERE  `id` = 20 LIMIT 1 [ RunTime:0.001087s ]
[2026-08-20T07:58:01+08:00][sql] SHOW FULL COLUMNS FROM `setting` [ RunTime:0.001376s ]
[2026-08-20T07:58:01+08:00][sql] SELECT * FROM `setting` [ RunTime:0.000743s ]
[2026-08-20T07:58:01+08:00][sql] SELECT `g`.*,u.nickname as seller_name,u.shop_name as seller_shop,u.avatar as seller_avatar,`u`.`seller_intro`,u.deposit as seller_deposit,`u`.`shop_score`,`u`.`fans_count`,c.name as category_name FROM `goods` `g` LEFT JOIN `user` `u` ON `g`.`seller_id`=`u`.`id` LEFT JOIN `category` `c` ON `g`.`category_id`=`c`.`id` WHERE  `g`.`id` = '33' LIMIT 1 [ RunTime:0.001216s ]
[2026-08-20T07:58:01+08:00][sql] UPDATE `goods`  SET `view_count` = `view_count` + 1  WHERE  `id` = 33 [ RunTime:0.004358s ]
[2026-08-20T07:58:01+08:00][sql] SHOW FULL COLUMNS FROM `bid_record` [ RunTime:0.001761s ]
[2026-08-20T07:58:01+08:00][sql] SELECT `b`.*,`u`.`nickname`,`u`.`mobile` FROM `bid_record` `b` LEFT JOIN `user` `u` ON `b`.`user_id`=`u`.`id` WHERE  `b`.`goods_id` = '33'  AND `b`.`status` = '0' ORDER BY `b`.`price` DESC,`b`.`id` ASC LIMIT 1 [ RunTime:0.001408s ]
[2026-08-20T07:58:01+08:00][sql] SELECT `b`.*,`u`.`nickname`,`u`.`mobile` FROM `bid_record` `b` LEFT JOIN `user` `u` ON `b`.`user_id`=`u`.`id` WHERE  `b`.`goods_id` = '33' ORDER BY `b`.`price` DESC,`b`.`id` ASC LIMIT 50 [ RunTime:0.001086s ]
[2026-08-20T07:58:01+08:00][sql] SELECT MAX(`price`) AS think_max FROM `bid_record` WHERE  `goods_id` = 33  AND `user_id` = 20  AND `status` = 0 [ RunTime:0.000914s ]
[2026-08-20T07:58:01+08:00][sql] SELECT MAX(`deposit`) AS think_max FROM `bid_record` WHERE  `goods_id` = 33  AND `user_id` = 20  AND `deposit` > '0' [ RunTime:0.000827s ]
[2026-08-20T07:58:01+08:00][sql] SHOW FULL COLUMNS FROM `browse_history` [ RunTime:0.001405s ]
[2026-08-20T07:58:01+08:00][sql] REPLACE INTO `browse_history` SET `user_id` = 20 , `goods_id` = 33 , `create_time` = 1787183881 [ RunTime:0.001936s ]
[2026-08-20T07:58:01+08:00][sql] SHOW FULL COLUMNS FROM `goods_favorite` [ RunTime:0.001553s ]
[2026-08-20T07:58:01+08:00][sql] SELECT COUNT(*) AS think_count FROM `goods_favorite` WHERE  `user_id` = 20  AND `goods_id` = 33 [ RunTime:0.000762s ]
[2026-08-20T07:58:01+08:00][sql] SHOW FULL COLUMNS FROM `seller_follow` [ RunTime:0.001269s ]
[2026-08-20T07:58:01+08:00][sql] SELECT COUNT(*) AS think_count FROM `seller_follow` WHERE  `user_id` = 20  AND `seller_id` = 25 [ RunTime:0.000714s ]
[2026-08-20T07:58:01+08:00][error] [0]语法错误: unexpected token "default"[D:\work\08\17_3\runtime\index\temp\dcf08efc4ef119970f9e2aa81802381c.php:131]
[2026-08-20T07:58:13+08:00][sql] CONNECT:[ UseTime:0.011527s ] mysql:host=127.0.0.1;port=3306;dbname=auction;charset=utf8mb4
[2026-08-20T07:58:13+08:00][sql] SHOW FULL COLUMNS FROM `goods` [ RunTime:0.002494s ]
[2026-08-20T07:58:13+08:00][sql] SELECT `id` FROM `goods` WHERE  `status` = 1  AND `end_time` <= 1787183893 [ RunTime:0.000970s ]
[2026-08-20T07:58:13+08:00][sql] SHOW FULL COLUMNS FROM `setting` [ RunTime:0.001887s ]
[2026-08-20T07:58:13+08:00][sql] SELECT * FROM `setting` [ RunTime:0.001019s ]
[2026-08-20T07:58:13+08:00][sql] SELECT COUNT(*) AS think_count FROM `goods` `g` LEFT JOIN `user` `u` ON `g`.`seller_id`=`u`.`id` WHERE  `g`.`status` = '1'  AND `g`.`start_time` <= '1787183893'  AND `g`.`end_time` > '1787183893' [ RunTime:0.001183s ]
[2026-08-20T07:58:13+08:00][sql] SELECT `g`.*,u.nickname as seller_name FROM `goods` `g` LEFT JOIN `user` `u` ON `g`.`seller_id`=`u`.`id` WHERE  `g`.`status` = '1'  AND `g`.`start_time` <= '1787183893'  AND `g`.`end_time` > '1787183893' ORDER BY `g`.`end_time` ASC,`g`.`id` DESC LIMIT 0,10 [ RunTime:0.001360s ]
[2026-08-20T07:58:13+08:00][sql] SHOW FULL COLUMNS FROM `bid_record` [ RunTime:0.001996s ]
[2026-08-20T07:58:13+08:00][sql] SELECT MAX(`price`) AS think_max FROM `bid_record` WHERE  `goods_id` = 33  AND `status` = 0 [ RunTime:0.001054s ]
[2026-08-20T07:58:13+08:00][sql] SELECT MAX(`price`) AS think_max FROM `bid_record` WHERE  `goods_id` = 30  AND `status` = 0 [ RunTime:0.000991s ]
[2026-08-20T07:58:13+08:00][sql] SHOW FULL COLUMNS FROM `category` [ RunTime:0.001889s ]
[2026-08-20T07:58:13+08:00][sql] SELECT * FROM `category` WHERE  `status` = 1 ORDER BY `sort` ASC [ RunTime:0.001122s ]
[2026-08-20T07:58:13+08:00][sql] SELECT `b`.`price`,`b`.`create_time`,`g`.`title`,`u`.`nickname` FROM `bid_record` `b` LEFT JOIN `goods` `g` ON `b`.`goods_id`=`g`.`id` LEFT JOIN `user` `u` ON `b`.`user_id`=`u`.`id` WHERE  `b`.`status` = '1' ORDER BY `b`.`id` DESC LIMIT 5 [ RunTime:0.001100s ]
[2026-08-20T07:58:13+08:00][sql] SHOW FULL COLUMNS FROM `news` [ RunTime:0.001660s ]
[2026-08-20T07:58:13+08:00][sql] SELECT `id`,`title`,`create_time` FROM `news` WHERE  `status` = 1 ORDER BY `id` DESC LIMIT 3 [ RunTime:0.001015s ]
[2026-08-20T07:58:13+08:00][sql] SHOW FULL COLUMNS FROM `banner` [ RunTime:0.001615s ]
[2026-08-20T07:58:13+08:00][sql] SELECT * FROM `banner` WHERE  `status` = 1 ORDER BY `sort` ASC,`id` ASC [ RunTime:0.000895s ]
[2026-08-20T07:58:16+08:00][sql] CONNECT:[ UseTime:0.001711s ] mysql:host=127.0.0.1;port=3306;dbname=auction;charset=utf8mb4
[2026-08-20T07:58:16+08:00][sql] SHOW FULL COLUMNS FROM `goods` [ RunTime:0.001651s ]
[2026-08-20T07:58:16+08:00][sql] SELECT `id` FROM `goods` WHERE  `status` = 1  AND `end_time` <= 1787183896 [ RunTime:0.000859s ]
[2026-08-20T07:58:16+08:00][sql] SHOW FULL COLUMNS FROM `user` [ RunTime:0.001884s ]
[2026-08-20T07:58:16+08:00][sql] SELECT * FROM `user` WHERE  `id` = 20 LIMIT 1 [ RunTime:0.000982s ]
[2026-08-20T07:58:16+08:00][sql] SHOW FULL COLUMNS FROM `setting` [ RunTime:0.001364s ]
[2026-08-20T07:58:16+08:00][sql] SELECT * FROM `setting` [ RunTime:0.000759s ]
[2026-08-20T07:58:16+08:00][sql] SELECT `g`.*,u.nickname as seller_name,u.shop_name as seller_shop,u.avatar as seller_avatar,`u`.`seller_intro`,u.deposit as seller_deposit,`u`.`shop_score`,`u`.`fans_count`,c.name as category_name FROM `goods` `g` LEFT JOIN `user` `u` ON `g`.`seller_id`=`u`.`id` LEFT JOIN `category` `c` ON `g`.`category_id`=`c`.`id` WHERE  `g`.`id` = '33' LIMIT 1 [ RunTime:0.001139s ]
[2026-08-20T07:58:16+08:00][sql] UPDATE `goods`  SET `view_count` = `view_count` + 1  WHERE  `id` = 33 [ RunTime:0.004742s ]
[2026-08-20T07:58:16+08:00][sql] SHOW FULL COLUMNS FROM `bid_record` [ RunTime:0.001448s ]
[2026-08-20T07:58:16+08:00][sql] SELECT `b`.*,`u`.`nickname`,`u`.`mobile` FROM `bid_record` `b` LEFT JOIN `user` `u` ON `b`.`user_id`=`u`.`id` WHERE  `b`.`goods_id` = '33'  AND `b`.`status` = '0' ORDER BY `b`.`price` DESC,`b`.`id` ASC LIMIT 1 [ RunTime:0.001027s ]
[2026-08-20T07:58:16+08:00][sql] SELECT `b`.*,`u`.`nickname`,`u`.`mobile` FROM `bid_record` `b` LEFT JOIN `user` `u` ON `b`.`user_id`=`u`.`id` WHERE  `b`.`goods_id` = '33' ORDER BY `b`.`price` DESC,`b`.`id` ASC LIMIT 50 [ RunTime:0.000973s ]
[2026-08-20T07:58:16+08:00][sql] SELECT MAX(`price`) AS think_max FROM `bid_record` WHERE  `goods_id` = 33  AND `user_id` = 20  AND `status` = 0 [ RunTime:0.000820s ]
[2026-08-20T07:58:16+08:00][sql] SELECT MAX(`deposit`) AS think_max FROM `bid_record` WHERE  `goods_id` = 33  AND `user_id` = 20  AND `deposit` > '0' [ RunTime:0.000882s ]
[2026-08-20T07:58:16+08:00][sql] SHOW FULL COLUMNS FROM `browse_history` [ RunTime:0.001432s ]
[2026-08-20T07:58:16+08:00][sql] REPLACE INTO `browse_history` SET `user_id` = 20 , `goods_id` = 33 , `create_time` = 1787183896 [ RunTime:0.002212s ]
[2026-08-20T07:58:16+08:00][sql] SHOW FULL COLUMNS FROM `goods_favorite` [ RunTime:0.002591s ]
[2026-08-20T07:58:16+08:00][sql] SELECT COUNT(*) AS think_count FROM `goods_favorite` WHERE  `user_id` = 20  AND `goods_id` = 33 [ RunTime:0.000919s ]
[2026-08-20T07:58:16+08:00][sql] SHOW FULL COLUMNS FROM `seller_follow` [ RunTime:0.001520s ]
[2026-08-20T07:58:16+08:00][sql] SELECT COUNT(*) AS think_count FROM `seller_follow` WHERE  `user_id` = 20  AND `seller_id` = 25 [ RunTime:0.000714s ]
[2026-08-20T07:58:16+08:00][error] [0]语法错误: unexpected token "default"[D:\work\08\17_3\runtime\index\temp\dcf08efc4ef119970f9e2aa81802381c.php:131]
[2026-08-20T07:58:23+08:00][sql] CONNECT:[ UseTime:0.002015s ] mysql:host=127.0.0.1;port=3306;dbname=auction;charset=utf8mb4
[2026-08-20T07:58:23+08:00][sql] SHOW FULL COLUMNS FROM `goods` [ RunTime:0.001108s ]
[2026-08-20T07:58:23+08:00][sql] SELECT `id` FROM `goods` WHERE  `status` = 1  AND `end_time` <= 1787183903 [ RunTime:0.000895s ]
[2026-08-20T07:58:23+08:00][sql] SHOW FULL COLUMNS FROM `user` [ RunTime:0.002375s ]
[2026-08-20T07:58:23+08:00][sql] SELECT * FROM `user` WHERE  `id` = 20 LIMIT 1 [ RunTime:0.000955s ]
[2026-08-20T07:58:23+08:00][sql] SHOW FULL COLUMNS FROM `setting` [ RunTime:0.001219s ]
[2026-08-20T07:58:23+08:00][sql] SELECT * FROM `setting` [ RunTime:0.000675s ]
[2026-08-20T07:58:23+08:00][sql] SELECT COUNT(*) AS think_count FROM `goods` `g` LEFT JOIN `user` `u` ON `g`.`seller_id`=`u`.`id` WHERE  `g`.`status` = '1'  AND `g`.`start_time` <= '1787183903'  AND `g`.`end_time` > '1787183903' [ RunTime:0.000790s ]
[2026-08-20T07:58:23+08:00][sql] SELECT `g`.*,u.nickname as seller_name FROM `goods` `g` LEFT JOIN `user` `u` ON `g`.`seller_id`=`u`.`id` WHERE  `g`.`status` = '1'  AND `g`.`start_time` <= '1787183903'  AND `g`.`end_time` > '1787183903' ORDER BY `g`.`end_time` ASC,`g`.`id` DESC LIMIT 0,10 [ RunTime:0.000862s ]
[2026-08-20T07:58:23+08:00][sql] SHOW FULL COLUMNS FROM `bid_record` [ RunTime:0.001096s ]
[2026-08-20T07:58:23+08:00][sql] SELECT MAX(`price`) AS think_max FROM `bid_record` WHERE  `goods_id` = 33  AND `status` = 0 [ RunTime:0.000653s ]
[2026-08-20T07:58:23+08:00][sql] SELECT MAX(`price`) AS think_max FROM `bid_record` WHERE  `goods_id` = 30  AND `status` = 0 [ RunTime:0.000621s ]
[2026-08-20T07:58:23+08:00][sql] SHOW FULL COLUMNS FROM `category` [ RunTime:0.001126s ]
[2026-08-20T07:58:23+08:00][sql] SELECT * FROM `category` WHERE  `status` = 1 ORDER BY `sort` ASC [ RunTime:0.000661s ]
[2026-08-20T07:58:23+08:00][sql] SELECT `b`.`price`,`b`.`create_time`,`g`.`title`,`u`.`nickname` FROM `bid_record` `b` LEFT JOIN `goods` `g` ON `b`.`goods_id`=`g`.`id` LEFT JOIN `user` `u` ON `b`.`user_id`=`u`.`id` WHERE  `b`.`status` = '1' ORDER BY `b`.`id` DESC LIMIT 5 [ RunTime:0.000693s ]
[2026-08-20T07:58:23+08:00][sql] SHOW FULL COLUMNS FROM `news` [ RunTime:0.000966s ]
[2026-08-20T07:58:23+08:00][sql] SELECT `id`,`title`,`create_time` FROM `news` WHERE  `status` = 1 ORDER BY `id` DESC LIMIT 3 [ RunTime:0.000592s ]
[2026-08-20T07:58:23+08:00][sql] SHOW FULL COLUMNS FROM `banner` [ RunTime:0.001073s ]
[2026-08-20T07:58:23+08:00][sql] SELECT * FROM `banner` WHERE  `status` = 1 ORDER BY `sort` ASC,`id` ASC [ RunTime:0.000715s ]
[2026-08-20T07:58:25+08:00][sql] CONNECT:[ UseTime:0.001839s ] mysql:host=127.0.0.1;port=3306;dbname=auction;charset=utf8mb4
[2026-08-20T07:58:25+08:00][sql] SHOW FULL COLUMNS FROM `goods` [ RunTime:0.001354s ]
[2026-08-20T07:58:25+08:00][sql] SELECT `id` FROM `goods` WHERE  `status` = 1  AND `end_time` <= 1787183905 [ RunTime:0.000717s ]
[2026-08-20T07:58:25+08:00][sql] SHOW FULL COLUMNS FROM `user` [ RunTime:0.001269s ]
[2026-08-20T07:58:25+08:00][sql] SELECT * FROM `user` WHERE  `id` = 20 LIMIT 1 [ RunTime:0.000731s ]
[2026-08-20T07:58:25+08:00][sql] SHOW FULL COLUMNS FROM `setting` [ RunTime:0.000974s ]
[2026-08-20T07:58:25+08:00][sql] SELECT * FROM `setting` [ RunTime:0.000572s ]
[2026-08-20T07:58:25+08:00][sql] SELECT `g`.*,u.nickname as seller_name,u.shop_name as seller_shop,u.avatar as seller_avatar,`u`.`seller_intro`,u.deposit as seller_deposit,`u`.`shop_score`,`u`.`fans_count`,c.name as category_name FROM `goods` `g` LEFT JOIN `user` `u` ON `g`.`seller_id`=`u`.`id` LEFT JOIN `category` `c` ON `g`.`category_id`=`c`.`id` WHERE  `g`.`id` = '33' LIMIT 1 [ RunTime:0.000775s ]
[2026-08-20T07:58:25+08:00][sql] UPDATE `goods`  SET `view_count` = `view_count` + 1  WHERE  `id` = 33 [ RunTime:0.005206s ]
[2026-08-20T07:58:25+08:00][sql] SHOW FULL COLUMNS FROM `bid_record` [ RunTime:0.001560s ]
[2026-08-20T07:58:25+08:00][sql] SELECT `b`.*,`u`.`nickname`,`u`.`mobile` FROM `bid_record` `b` LEFT JOIN `user` `u` ON `b`.`user_id`=`u`.`id` WHERE  `b`.`goods_id` = '33'  AND `b`.`status` = '0' ORDER BY `b`.`price` DESC,`b`.`id` ASC LIMIT 1 [ RunTime:0.000689s ]
[2026-08-20T07:58:25+08:00][sql] SELECT `b`.*,`u`.`nickname`,`u`.`mobile` FROM `bid_record` `b` LEFT JOIN `user` `u` ON `b`.`user_id`=`u`.`id` WHERE  `b`.`goods_id` = '33' ORDER BY `b`.`price` DESC,`b`.`id` ASC LIMIT 50 [ RunTime:0.000863s ]
[2026-08-20T07:58:25+08:00][sql] SELECT MAX(`price`) AS think_max FROM `bid_record` WHERE  `goods_id` = 33  AND `user_id` = 20  AND `status` = 0 [ RunTime:0.000723s ]
[2026-08-20T07:58:25+08:00][sql] SELECT MAX(`deposit`) AS think_max FROM `bid_record` WHERE  `goods_id` = 33  AND `user_id` = 20  AND `deposit` > '0' [ RunTime:0.000671s ]
[2026-08-20T07:58:25+08:00][sql] SHOW FULL COLUMNS FROM `browse_history` [ RunTime:0.001224s ]
[2026-08-20T07:58:25+08:00][sql] REPLACE INTO `browse_history` SET `user_id` = 20 , `goods_id` = 33 , `create_time` = 1787183905 [ RunTime:0.001639s ]
[2026-08-20T07:58:25+08:00][sql] SHOW FULL COLUMNS FROM `goods_favorite` [ RunTime:0.001141s ]
[2026-08-20T07:58:25+08:00][sql] SELECT COUNT(*) AS think_count FROM `goods_favorite` WHERE  `user_id` = 20  AND `goods_id` = 33 [ RunTime:0.000666s ]
[2026-08-20T07:58:25+08:00][sql] SHOW FULL COLUMNS FROM `seller_follow` [ RunTime:0.001077s ]
[2026-08-20T07:58:25+08:00][sql] SELECT COUNT(*) AS think_count FROM `seller_follow` WHERE  `user_id` = 20  AND `seller_id` = 25 [ RunTime:0.000698s ]
[2026-08-20T07:58:25+08:00][error] [0]语法错误: unexpected token "default"[D:\work\08\17_3\runtime\index\temp\dcf08efc4ef119970f9e2aa81802381c.php:131]
[2026-08-20T08:01:19+08:00][sql] CONNECT:[ UseTime:0.004108s ] mysql:host=127.0.0.1;port=3306;dbname=auction;charset=utf8mb4
[2026-08-20T08:01:19+08:00][sql] SHOW FULL COLUMNS FROM `goods` [ RunTime:0.001786s ]
[2026-08-20T08:01:19+08:00][sql] SELECT `id` FROM `goods` WHERE  `status` = 1  AND `end_time` <= 1787184079 [ RunTime:0.000761s ]
[2026-08-20T08:01:19+08:00][sql] SHOW FULL COLUMNS FROM `user` [ RunTime:0.001354s ]
[2026-08-20T08:01:19+08:00][sql] SELECT * FROM `user` WHERE  `id` = 20 LIMIT 1 [ RunTime:0.000857s ]
[2026-08-20T08:01:19+08:00][sql] SHOW FULL COLUMNS FROM `setting` [ RunTime:0.002216s ]
[2026-08-20T08:01:19+08:00][sql] SELECT * FROM `setting` [ RunTime:0.000733s ]
[2026-08-20T08:01:19+08:00][sql] SELECT `g`.*,u.nickname as seller_name,u.shop_name as seller_shop,u.avatar as seller_avatar,`u`.`seller_intro`,u.deposit as seller_deposit,`u`.`shop_score`,`u`.`fans_count`,c.name as category_name FROM `goods` `g` LEFT JOIN `user` `u` ON `g`.`seller_id`=`u`.`id` LEFT JOIN `category` `c` ON `g`.`category_id`=`c`.`id` WHERE  `g`.`id` = '33' LIMIT 1 [ RunTime:0.001055s ]
[2026-08-20T08:01:19+08:00][sql] UPDATE `goods`  SET `view_count` = `view_count` + 1  WHERE  `id` = 33 [ RunTime:0.001938s ]
[2026-08-20T08:01:19+08:00][sql] SHOW FULL COLUMNS FROM `bid_record` [ RunTime:0.001328s ]
[2026-08-20T08:01:19+08:00][sql] SELECT `b`.*,`u`.`nickname`,`u`.`mobile` FROM `bid_record` `b` LEFT JOIN `user` `u` ON `b`.`user_id`=`u`.`id` WHERE  `b`.`goods_id` = '33'  AND `b`.`status` = '0' ORDER BY `b`.`price` DESC,`b`.`id` ASC LIMIT 1 [ RunTime:0.000852s ]
[2026-08-20T08:01:19+08:00][sql] SELECT `b`.*,`u`.`nickname`,`u`.`mobile` FROM `bid_record` `b` LEFT JOIN `user` `u` ON `b`.`user_id`=`u`.`id` WHERE  `b`.`goods_id` = '33' ORDER BY `b`.`price` DESC,`b`.`id` ASC LIMIT 50 [ RunTime:0.000747s ]
[2026-08-20T08:01:19+08:00][sql] SELECT MAX(`price`) AS think_max FROM `bid_record` WHERE  `goods_id` = 33  AND `user_id` = 20  AND `status` = 0 [ RunTime:0.000699s ]
[2026-08-20T08:01:19+08:00][sql] SELECT MAX(`deposit`) AS think_max FROM `bid_record` WHERE  `goods_id` = 33  AND `user_id` = 20  AND `deposit` > '0' [ RunTime:0.000631s ]
[2026-08-20T08:01:19+08:00][sql] SHOW FULL COLUMNS FROM `browse_history` [ RunTime:0.001056s ]
[2026-08-20T08:01:19+08:00][sql] REPLACE INTO `browse_history` SET `user_id` = 20 , `goods_id` = 33 , `create_time` = 1787184079 [ RunTime:0.002012s ]
[2026-08-20T08:01:19+08:00][sql] SHOW FULL COLUMNS FROM `goods_favorite` [ RunTime:0.002122s ]
[2026-08-20T08:01:19+08:00][sql] SELECT COUNT(*) AS think_count FROM `goods_favorite` WHERE  `user_id` = 20  AND `goods_id` = 33 [ RunTime:0.001030s ]
[2026-08-20T08:01:19+08:00][sql] SHOW FULL COLUMNS FROM `seller_follow` [ RunTime:0.001316s ]
[2026-08-20T08:01:19+08:00][sql] SELECT COUNT(*) AS think_count FROM `seller_follow` WHERE  `user_id` = 20  AND `seller_id` = 25 [ RunTime:0.000707s ]
[2026-08-20T08:01:44+08:00][sql] CONNECT:[ UseTime:0.010986s ] mysql:host=127.0.0.1;port=3306;dbname=auction;charset=utf8mb4
[2026-08-20T08:01:44+08:00][sql] SHOW FULL COLUMNS FROM `goods` [ RunTime:0.002321s ]
[2026-08-20T08:01:44+08:00][sql] SELECT `id` FROM `goods` WHERE  `status` = 1  AND `end_time` <= 1787184104 [ RunTime:0.001072s ]
[2026-08-20T08:01:44+08:00][sql] SHOW FULL COLUMNS FROM `user` [ RunTime:0.001908s ]
[2026-08-20T08:01:44+08:00][sql] SELECT * FROM `user` WHERE  `id` = 20 LIMIT 1 [ RunTime:0.001128s ]
[2026-08-20T08:01:44+08:00][sql] SHOW FULL COLUMNS FROM `setting` [ RunTime:0.001530s ]
[2026-08-20T08:01:44+08:00][sql] SELECT * FROM `setting` [ RunTime:0.000870s ]
[2026-08-20T08:01:44+08:00][sql] SELECT `g`.*,u.nickname as seller_name,u.shop_name as seller_shop,u.avatar as seller_avatar,`u`.`seller_intro`,u.deposit as seller_deposit,`u`.`shop_score`,`u`.`fans_count`,c.name as category_name FROM `goods` `g` LEFT JOIN `user` `u` ON `g`.`seller_id`=`u`.`id` LEFT JOIN `category` `c` ON `g`.`category_id`=`c`.`id` WHERE  `g`.`id` = '33' LIMIT 1 [ RunTime:0.001296s ]
[2026-08-20T08:01:44+08:00][sql] UPDATE `goods`  SET `view_count` = `view_count` + 1  WHERE  `id` = 33 [ RunTime:0.004759s ]
[2026-08-20T08:01:44+08:00][sql] SHOW FULL COLUMNS FROM `bid_record` [ RunTime:0.002079s ]
[2026-08-20T08:01:44+08:00][sql] SELECT `b`.*,`u`.`nickname`,`u`.`mobile` FROM `bid_record` `b` LEFT JOIN `user` `u` ON `b`.`user_id`=`u`.`id` WHERE  `b`.`goods_id` = '33'  AND `b`.`status` = '0' ORDER BY `b`.`price` DESC,`b`.`id` ASC LIMIT 1 [ RunTime:0.001399s ]
[2026-08-20T08:01:44+08:00][sql] SELECT `b`.*,`u`.`nickname`,`u`.`mobile` FROM `bid_record` `b` LEFT JOIN `user` `u` ON `b`.`user_id`=`u`.`id` WHERE  `b`.`goods_id` = '33' ORDER BY `b`.`price` DESC,`b`.`id` ASC LIMIT 50 [ RunTime:0.001211s ]
[2026-08-20T08:01:44+08:00][sql] SELECT MAX(`price`) AS think_max FROM `bid_record` WHERE  `goods_id` = 33  AND `user_id` = 20  AND `status` = 0 [ RunTime:0.001066s ]
[2026-08-20T08:01:44+08:00][sql] SELECT MAX(`deposit`) AS think_max FROM `bid_record` WHERE  `goods_id` = 33  AND `user_id` = 20  AND `deposit` > '0' [ RunTime:0.001118s ]
[2026-08-20T08:01:44+08:00][sql] SHOW FULL COLUMNS FROM `browse_history` [ RunTime:0.002101s ]
[2026-08-20T08:01:44+08:00][sql] REPLACE INTO `browse_history` SET `user_id` = 20 , `goods_id` = 33 , `create_time` = 1787184104 [ RunTime:0.002634s ]
[2026-08-20T08:01:44+08:00][sql] SHOW FULL COLUMNS FROM `goods_favorite` [ RunTime:0.003962s ]
[2026-08-20T08:01:44+08:00][sql] SELECT COUNT(*) AS think_count FROM `goods_favorite` WHERE  `user_id` = 20  AND `goods_id` = 33 [ RunTime:0.001039s ]
[2026-08-20T08:01:44+08:00][sql] SHOW FULL COLUMNS FROM `seller_follow` [ RunTime:0.001637s ]
[2026-08-20T08:01:44+08:00][sql] SELECT COUNT(*) AS think_count FROM `seller_follow` WHERE  `user_id` = 20  AND `seller_id` = 25 [ RunTime:0.000928s ]
[2026-08-20T08:32:51+08:00][sql] CONNECT:[ UseTime:0.020457s ] mysql:host=127.0.0.1;port=3306;dbname=auction;charset=utf8mb4
[2026-08-20T08:32:51+08:00][sql] SHOW FULL COLUMNS FROM `goods` [ RunTime:0.002588s ]
[2026-08-20T08:32:51+08:00][sql] SELECT `id` FROM `goods` WHERE  `status` = 1  AND `end_time` <= 1787185971 [ RunTime:0.001168s ]
[2026-08-20T08:32:51+08:00][sql] SHOW FULL COLUMNS FROM `setting` [ RunTime:0.001601s ]
[2026-08-20T08:32:51+08:00][sql] SELECT * FROM `setting` [ RunTime:0.000881s ]
[2026-08-20T08:32:52+08:00][sql] CONNECT:[ UseTime:0.011032s ] mysql:host=127.0.0.1;port=3306;dbname=auction;charset=utf8mb4
[2026-08-20T08:32:52+08:00][sql] SHOW FULL COLUMNS FROM `goods` [ RunTime:0.002439s ]
[2026-08-20T08:32:52+08:00][sql] SELECT `id` FROM `goods` WHERE  `status` = 1  AND `end_time` <= 1787185972 [ RunTime:0.001073s ]
[2026-08-20T08:32:52+08:00][sql] SHOW FULL COLUMNS FROM `setting` [ RunTime:0.001592s ]
[2026-08-20T08:32:52+08:00][sql] SELECT * FROM `setting` [ RunTime:0.000959s ]
[2026-08-20T08:32:55+08:00][sql] CONNECT:[ UseTime:0.014164s ] mysql:host=127.0.0.1;port=3306;dbname=auction;charset=utf8mb4
[2026-08-20T08:32:55+08:00][sql] SHOW FULL COLUMNS FROM `goods` [ RunTime:0.002357s ]
[2026-08-20T08:32:55+08:00][sql] SELECT `id` FROM `goods` WHERE  `status` = 1  AND `end_time` <= 1787185975 [ RunTime:0.001015s ]
[2026-08-20T08:32:55+08:00][sql] SHOW FULL COLUMNS FROM `setting` [ RunTime:0.001448s ]
[2026-08-20T08:32:55+08:00][sql] SELECT * FROM `setting` [ RunTime:0.000840s ]
[2026-08-20T08:32:55+08:00][sql] SHOW FULL COLUMNS FROM `user` [ RunTime:0.003732s ]
[2026-08-20T08:32:55+08:00][sql] SELECT * FROM `user` WHERE  `mobile` = '13558888888' LIMIT 1 [ RunTime:0.000946s ]
[2026-08-20T08:32:55+08:00][sql] UPDATE `user`  SET `last_login_time` = 1787185975 , `update_time` = 1787185975  WHERE  `id` = 28 [ RunTime:0.005070s ]
[2026-08-20T08:32:56+08:00][sql] CONNECT:[ UseTime:0.022580s ] mysql:host=127.0.0.1;port=3306;dbname=auction;charset=utf8mb4
[2026-08-20T08:32:56+08:00][sql] SHOW FULL COLUMNS FROM `goods` [ RunTime:0.001501s ]
[2026-08-20T08:32:56+08:00][sql] SELECT `id` FROM `goods` WHERE  `status` = 1  AND `end_time` <= 1787185976 [ RunTime:0.000823s ]
[2026-08-20T08:32:56+08:00][sql] SHOW FULL COLUMNS FROM `user` [ RunTime:0.003802s ]
[2026-08-20T08:32:56+08:00][sql] SELECT * FROM `user` WHERE  `id` = 28 LIMIT 1 [ RunTime:0.001137s ]
[2026-08-20T08:32:56+08:00][sql] SHOW FULL COLUMNS FROM `setting` [ RunTime:0.001541s ]
[2026-08-20T08:32:56+08:00][sql] SELECT * FROM `setting` [ RunTime:0.000879s ]
[2026-08-20T08:32:56+08:00][sql] SHOW FULL COLUMNS FROM `bid_record` [ RunTime:0.001863s ]
[2026-08-20T08:32:56+08:00][sql] SELECT COUNT(*) AS think_count FROM `bid_record` WHERE  `user_id` = 28 [ RunTime:0.000997s ]
[2026-08-20T08:32:56+08:00][sql] SHOW FULL COLUMNS FROM `order` [ RunTime:0.001935s ]
[2026-08-20T08:32:56+08:00][sql] SELECT COUNT(*) AS think_count FROM `order` WHERE  `buyer_id` = 28  AND `pay_status` = 1 [ RunTime:0.000999s ]
[2026-08-20T08:32:56+08:00][sql] SELECT COUNT(*) AS think_count FROM `goods` WHERE  `seller_id` = 28  AND `status` = 2 [ RunTime:0.000978s ]
[2026-08-20T08:32:56+08:00][sql] SELECT COUNT(*) AS think_count FROM `goods` WHERE  `seller_id` = 28 [ RunTime:0.000918s ]
[2026-08-20T08:32:56+08:00][sql] SELECT COUNT(*) AS think_count FROM `order` WHERE  `buyer_id` = 28  AND `pay_status` = 0  AND `order_status` = 0 [ RunTime:0.000904s ]
[2026-08-20T08:32:56+08:00][sql] SELECT COUNT(*) AS think_count FROM `order` WHERE  `seller_id` = 28  AND `order_status` = 1 [ RunTime:0.001036s ]
[2026-08-20T08:32:56+08:00][sql] SELECT COUNT(*) AS think_count FROM `order` WHERE  `buyer_id` = 28  AND `order_status` = 0  AND `pay_status` = 0 [ RunTime:0.000971s ]
[2026-08-20T08:32:56+08:00][sql] SELECT COUNT(*) AS think_count FROM `order` WHERE  `buyer_id` = 28  AND `order_status` = 1 [ RunTime:0.000903s ]
[2026-08-20T08:32:56+08:00][sql] SELECT COUNT(*) AS think_count FROM `order` WHERE  `buyer_id` = 28  AND `order_status` = 2 [ RunTime:0.000906s ]
[2026-08-20T08:32:56+08:00][sql] SELECT COUNT(*) AS think_count FROM `order` WHERE  `buyer_id` = 28  AND `order_status` = 3 [ RunTime:0.001052s ]
[2026-08-20T08:32:56+08:00][sql] SELECT COUNT(*) AS think_count FROM `order` WHERE  `seller_id` = 28  AND `order_status` = 1 [ RunTime:0.001137s ]
[2026-08-20T08:32:56+08:00][sql] SHOW FULL COLUMNS FROM `goods_favorite` [ RunTime:0.001908s ]
[2026-08-20T08:32:56+08:00][sql] SELECT COUNT(*) AS think_count FROM `goods_favorite` WHERE  `user_id` = 28 [ RunTime:0.000782s ]
[2026-08-20T08:32:56+08:00][sql] SHOW FULL COLUMNS FROM `seller_follow` [ RunTime:0.001724s ]
[2026-08-20T08:32:56+08:00][sql] SELECT COUNT(*) AS think_count FROM `seller_follow` WHERE  `user_id` = 28 [ RunTime:0.000945s ]
[2026-08-20T08:32:56+08:00][sql] SHOW FULL COLUMNS FROM `browse_history` [ RunTime:0.001554s ]
[2026-08-20T08:32:56+08:00][sql] SELECT COUNT(*) AS think_count FROM `browse_history` WHERE  `user_id` = 28 [ RunTime:0.000947s ]
[2026-08-20T08:32:56+08:00][sql] SHOW FULL COLUMNS FROM `sys_message` [ RunTime:0.001561s ]
[2026-08-20T08:32:56+08:00][sql] SELECT COUNT(*) AS think_count FROM `sys_message` WHERE  `user_id` = 28  AND `is_read` = 0 [ RunTime:0.001053s ]
[2026-08-20T08:32:56+08:00][sql] SHOW FULL COLUMNS FROM `balance_log` [ RunTime:0.001659s ]
[2026-08-20T08:32:56+08:00][sql] SELECT * FROM `balance_log` WHERE  `user_id` = 28 ORDER BY `id` DESC LIMIT 5 [ RunTime:0.001235s ]
[2026-08-20T08:32:56+08:00][sql] SELECT `b`.*,`g`.`title`,`g`.`cover`,g.status as goods_status,`g`.`end_time` FROM `bid_record` `b` LEFT JOIN `goods` `g` ON `b`.`goods_id`=`g`.`id` WHERE  `b`.`user_id` = '28' ORDER BY `b`.`id` DESC LIMIT 5 [ RunTime:0.000892s ]
[2026-08-20T08:32:56+08:00][sql] SELECT `id`,`nickname`,`mobile`,`reg_time` FROM `user` WHERE  `pid` = 28 ORDER BY `id` DESC LIMIT 10 [ RunTime:0.000813s ]
[2026-08-20T08:32:56+08:00][sql] SELECT `value` FROM `setting` WHERE  `name` = 'service_link' LIMIT 1 [ RunTime:0.000869s ]
[2026-08-20T08:32:56+08:00][sql] SELECT `is_virtual` FROM `user` WHERE  `id` = 28 LIMIT 1 [ RunTime:0.000888s ]
[2026-08-20T08:32:58+08:00][sql] CONNECT:[ UseTime:0.022179s ] mysql:host=127.0.0.1;port=3306;dbname=auction;charset=utf8mb4
[2026-08-20T08:32:58+08:00][sql] SHOW FULL COLUMNS FROM `goods` [ RunTime:0.002256s ]
[2026-08-20T08:32:58+08:00][sql] SELECT `id` FROM `goods` WHERE  `status` = 1  AND `end_time` <= 1787185978 [ RunTime:0.001052s ]
[2026-08-20T08:32:58+08:00][sql] SHOW FULL COLUMNS FROM `user` [ RunTime:0.004302s ]
[2026-08-20T08:32:58+08:00][sql] SELECT * FROM `user` WHERE  `id` = 28 LIMIT 1 [ RunTime:0.001030s ]
[2026-08-20T08:32:58+08:00][sql] SHOW FULL COLUMNS FROM `setting` [ RunTime:0.001524s ]
[2026-08-20T08:32:58+08:00][sql] SELECT * FROM `setting` [ RunTime:0.000981s ]
[2026-08-20T08:32:58+08:00][sql] SELECT COUNT(*) AS think_count FROM `goods` `g` LEFT JOIN `user` `u` ON `g`.`seller_id`=`u`.`id` WHERE  `g`.`status` = '1'  AND `g`.`start_time` <= '1787185978'  AND `g`.`end_time` > '1787185978' [ RunTime:0.001228s ]
[2026-08-20T08:32:58+08:00][sql] SELECT `g`.*,u.nickname as seller_name FROM `goods` `g` LEFT JOIN `user` `u` ON `g`.`seller_id`=`u`.`id` WHERE  `g`.`status` = '1'  AND `g`.`start_time` <= '1787185978'  AND `g`.`end_time` > '1787185978' ORDER BY `g`.`end_time` ASC,`g`.`id` DESC LIMIT 0,10 [ RunTime:0.001413s ]
[2026-08-20T08:32:58+08:00][sql] SHOW FULL COLUMNS FROM `bid_record` [ RunTime:0.001608s ]
[2026-08-20T08:32:58+08:00][sql] SELECT MAX(`price`) AS think_max FROM `bid_record` WHERE  `goods_id` = 33  AND `status` = 0 [ RunTime:0.000935s ]
[2026-08-20T08:32:58+08:00][sql] SELECT MAX(`price`) AS think_max FROM `bid_record` WHERE  `goods_id` = 30  AND `status` = 0 [ RunTime:0.000923s ]
[2026-08-20T08:32:58+08:00][sql] SHOW FULL COLUMNS FROM `category` [ RunTime:0.004001s ]
[2026-08-20T08:32:58+08:00][sql] SELECT * FROM `category` WHERE  `status` = 1 ORDER BY `sort` ASC [ RunTime:0.001098s ]
[2026-08-20T08:32:58+08:00][sql] SELECT `b`.`price`,`b`.`create_time`,`g`.`title`,`u`.`nickname` FROM `bid_record` `b` LEFT JOIN `goods` `g` ON `b`.`goods_id`=`g`.`id` LEFT JOIN `user` `u` ON `b`.`user_id`=`u`.`id` WHERE  `b`.`status` = '1' ORDER BY `b`.`id` DESC LIMIT 5 [ RunTime:0.001311s ]
[2026-08-20T08:32:58+08:00][sql] SHOW FULL COLUMNS FROM `news` [ RunTime:0.004104s ]
[2026-08-20T08:32:58+08:00][sql] SELECT `id`,`title`,`create_time` FROM `news` WHERE  `status` = 1 ORDER BY `id` DESC LIMIT 3 [ RunTime:0.000923s ]
[2026-08-20T08:32:58+08:00][sql] SHOW FULL COLUMNS FROM `banner` [ RunTime:0.003847s ]
[2026-08-20T08:32:58+08:00][sql] SELECT * FROM `banner` WHERE  `status` = 1 ORDER BY `sort` ASC,`id` ASC [ RunTime:0.000954s ]
[2026-08-20T08:33:38+08:00][sql] CONNECT:[ UseTime:0.007433s ] mysql:host=127.0.0.1;port=3306;dbname=auction;charset=utf8mb4
[2026-08-20T08:33:38+08:00][sql] SHOW FULL COLUMNS FROM `goods` [ RunTime:0.001700s ]
[2026-08-20T08:33:38+08:00][sql] SELECT `id` FROM `goods` WHERE  `status` = 1  AND `end_time` <= 1787186018 [ RunTime:0.000992s ]
[2026-08-20T08:33:38+08:00][sql] SHOW FULL COLUMNS FROM `user` [ RunTime:0.001822s ]
[2026-08-20T08:33:38+08:00][sql] SELECT * FROM `user` WHERE  `id` = 28 LIMIT 1 [ RunTime:0.001349s ]
[2026-08-20T08:33:38+08:00][sql] SHOW FULL COLUMNS FROM `setting` [ RunTime:0.001560s ]
[2026-08-20T08:33:38+08:00][sql] SELECT * FROM `setting` [ RunTime:0.001093s ]
[2026-08-20T08:33:38+08:00][sql] SHOW FULL COLUMNS FROM `bid_record` [ RunTime:0.001942s ]
[2026-08-20T08:33:38+08:00][sql] SELECT COUNT(*) AS think_count FROM `bid_record` WHERE  `user_id` = 28 [ RunTime:0.000766s ]
[2026-08-20T08:33:38+08:00][sql] SHOW FULL COLUMNS FROM `order` [ RunTime:0.002222s ]
[2026-08-20T08:33:38+08:00][sql] SELECT COUNT(*) AS think_count FROM `order` WHERE  `buyer_id` = 28  AND `pay_status` = 1 [ RunTime:0.001148s ]
[2026-08-20T08:33:38+08:00][sql] SELECT COUNT(*) AS think_count FROM `goods` WHERE  `seller_id` = 28  AND `status` = 2 [ RunTime:0.001084s ]
[2026-08-20T08:33:38+08:00][sql] SELECT COUNT(*) AS think_count FROM `goods` WHERE  `seller_id` = 28 [ RunTime:0.001106s ]
[2026-08-20T08:33:38+08:00][sql] SELECT COUNT(*) AS think_count FROM `order` WHERE  `buyer_id` = 28  AND `pay_status` = 0  AND `order_status` = 0 [ RunTime:0.001064s ]
[2026-08-20T08:33:38+08:00][sql] SELECT COUNT(*) AS think_count FROM `order` WHERE  `seller_id` = 28  AND `order_status` = 1 [ RunTime:0.001070s ]
[2026-08-20T08:33:38+08:00][sql] SELECT COUNT(*) AS think_count FROM `order` WHERE  `buyer_id` = 28  AND `order_status` = 0  AND `pay_status` = 0 [ RunTime:0.001029s ]
[2026-08-20T08:33:38+08:00][sql] SELECT COUNT(*) AS think_count FROM `order` WHERE  `buyer_id` = 28  AND `order_status` = 1 [ RunTime:0.001031s ]
[2026-08-20T08:33:38+08:00][sql] SELECT COUNT(*) AS think_count FROM `order` WHERE  `buyer_id` = 28  AND `order_status` = 2 [ RunTime:0.001261s ]
[2026-08-20T08:33:38+08:00][sql] SELECT COUNT(*) AS think_count FROM `order` WHERE  `buyer_id` = 28  AND `order_status` = 3 [ RunTime:0.001230s ]
[2026-08-20T08:33:38+08:00][sql] SELECT COUNT(*) AS think_count FROM `order` WHERE  `seller_id` = 28  AND `order_status` = 1 [ RunTime:0.000985s ]
[2026-08-20T08:33:38+08:00][sql] SHOW FULL COLUMNS FROM `goods_favorite` [ RunTime:0.001008s ]
[2026-08-20T08:33:38+08:00][sql] SELECT COUNT(*) AS think_count FROM `goods_favorite` WHERE  `user_id` = 28 [ RunTime:0.001056s ]
[2026-08-20T08:33:38+08:00][sql] SHOW FULL COLUMNS FROM `seller_follow` [ RunTime:0.001742s ]
[2026-08-20T08:33:38+08:00][sql] SELECT COUNT(*) AS think_count FROM `seller_follow` WHERE  `user_id` = 28 [ RunTime:0.001013s ]
[2026-08-20T08:33:38+08:00][sql] SHOW FULL COLUMNS FROM `browse_history` [ RunTime:0.001782s ]
[2026-08-20T08:33:38+08:00][sql] SELECT COUNT(*) AS think_count FROM `browse_history` WHERE  `user_id` = 28 [ RunTime:0.001039s ]
[2026-08-20T08:33:38+08:00][sql] SHOW FULL COLUMNS FROM `sys_message` [ RunTime:0.002078s ]
[2026-08-20T08:33:38+08:00][sql] SELECT COUNT(*) AS think_count FROM `sys_message` WHERE  `user_id` = 28  AND `is_read` = 0 [ RunTime:0.001051s ]
[2026-08-20T08:33:38+08:00][sql] SHOW FULL COLUMNS FROM `balance_log` [ RunTime:0.001783s ]
[2026-08-20T08:33:38+08:00][sql] SELECT * FROM `balance_log` WHERE  `user_id` = 28 ORDER BY `id` DESC LIMIT 5 [ RunTime:0.001028s ]
[2026-08-20T08:33:38+08:00][sql] SELECT `b`.*,`g`.`title`,`g`.`cover`,g.status as goods_status,`g`.`end_time` FROM `bid_record` `b` LEFT JOIN `goods` `g` ON `b`.`goods_id`=`g`.`id` WHERE  `b`.`user_id` = '28' ORDER BY `b`.`id` DESC LIMIT 5 [ RunTime:0.000923s ]
[2026-08-20T08:33:38+08:00][sql] SELECT `id`,`nickname`,`mobile`,`reg_time` FROM `user` WHERE  `pid` = 28 ORDER BY `id` DESC LIMIT 10 [ RunTime:0.000869s ]
[2026-08-20T08:33:38+08:00][sql] SELECT `value` FROM `setting` WHERE  `name` = 'service_link' LIMIT 1 [ RunTime:0.000852s ]
[2026-08-20T08:33:38+08:00][sql] SELECT `is_virtual` FROM `user` WHERE  `id` = 28 LIMIT 1 [ RunTime:0.000726s ]
[2026-08-20T08:33:40+08:00][sql] CONNECT:[ UseTime:0.018105s ] mysql:host=127.0.0.1;port=3306;dbname=auction;charset=utf8mb4
[2026-08-20T08:33:40+08:00][sql] SHOW FULL COLUMNS FROM `goods` [ RunTime:0.002191s ]
[2026-08-20T08:33:40+08:00][sql] SELECT `id` FROM `goods` WHERE  `status` = 1  AND `end_time` <= 1787186020 [ RunTime:0.001041s ]
[2026-08-20T08:33:40+08:00][sql] SHOW FULL COLUMNS FROM `user` [ RunTime:0.001988s ]
[2026-08-20T08:33:40+08:00][sql] SELECT * FROM `user` WHERE  `id` = 28 LIMIT 1 [ RunTime:0.001182s ]
[2026-08-20T08:33:40+08:00][sql] SHOW FULL COLUMNS FROM `setting` [ RunTime:0.001524s ]
[2026-08-20T08:33:40+08:00][sql] SELECT * FROM `setting` [ RunTime:0.000929s ]
[2026-08-20T08:33:41+08:00][sql] CONNECT:[ UseTime:0.024778s ] mysql:host=127.0.0.1;port=3306;dbname=auction;charset=utf8mb4
[2026-08-20T08:33:41+08:00][sql] SHOW FULL COLUMNS FROM `goods` [ RunTime:0.002023s ]
[2026-08-20T08:33:41+08:00][sql] SELECT `id` FROM `goods` WHERE  `status` = 1  AND `end_time` <= 1787186021 [ RunTime:0.000959s ]
[2026-08-20T08:33:41+08:00][sql] SHOW FULL COLUMNS FROM `setting` [ RunTime:0.001384s ]
[2026-08-20T08:33:41+08:00][sql] SELECT * FROM `setting` [ RunTime:0.000788s ]
[2026-08-20T08:33:41+08:00][sql] SELECT COUNT(*) AS think_count FROM `goods` `g` LEFT JOIN `user` `u` ON `g`.`seller_id`=`u`.`id` WHERE  `g`.`status` = '1'  AND `g`.`start_time` <= '1787186021'  AND `g`.`end_time` > '1787186021' [ RunTime:0.000925s ]
[2026-08-20T08:33:41+08:00][sql] SELECT `g`.*,u.nickname as seller_name FROM `goods` `g` LEFT JOIN `user` `u` ON `g`.`seller_id`=`u`.`id` WHERE  `g`.`status` = '1'  AND `g`.`start_time` <= '1787186021'  AND `g`.`end_time` > '1787186021' ORDER BY `g`.`end_time` ASC,`g`.`id` DESC LIMIT 0,10 [ RunTime:0.001022s ]
[2026-08-20T08:33:41+08:00][sql] SHOW FULL COLUMNS FROM `bid_record` [ RunTime:0.001333s ]
[2026-08-20T08:33:41+08:00][sql] SELECT MAX(`price`) AS think_max FROM `bid_record` WHERE  `goods_id` = 33  AND `status` = 0 [ RunTime:0.000768s ]
[2026-08-20T08:33:41+08:00][sql] SELECT MAX(`price`) AS think_max FROM `bid_record` WHERE  `goods_id` = 30  AND `status` = 0 [ RunTime:0.000920s ]
[2026-08-20T08:33:41+08:00][sql] SHOW FULL COLUMNS FROM `category` [ RunTime:0.001998s ]
[2026-08-20T08:33:41+08:00][sql] SELECT * FROM `category` WHERE  `status` = 1 ORDER BY `sort` ASC [ RunTime:0.001024s ]
[2026-08-20T08:33:41+08:00][sql] SELECT `b`.`price`,`b`.`create_time`,`g`.`title`,`u`.`nickname` FROM `bid_record` `b` LEFT JOIN `goods` `g` ON `b`.`goods_id`=`g`.`id` LEFT JOIN `user` `u` ON `b`.`user_id`=`u`.`id` WHERE  `b`.`status` = '1' ORDER BY `b`.`id` DESC LIMIT 5 [ RunTime:0.000956s ]
[2026-08-20T08:33:41+08:00][sql] SHOW FULL COLUMNS FROM `news` [ RunTime:0.001395s ]
[2026-08-20T08:33:41+08:00][sql] SELECT `id`,`title`,`create_time` FROM `news` WHERE  `status` = 1 ORDER BY `id` DESC LIMIT 3 [ RunTime:0.000913s ]
[2026-08-20T08:33:41+08:00][sql] SHOW FULL COLUMNS FROM `banner` [ RunTime:0.001630s ]
[2026-08-20T08:33:41+08:00][sql] SELECT * FROM `banner` WHERE  `status` = 1 ORDER BY `sort` ASC,`id` ASC [ RunTime:0.000923s ]
[2026-08-20T08:33:46+08:00][sql] CONNECT:[ UseTime:0.021188s ] mysql:host=127.0.0.1;port=3306;dbname=auction;charset=utf8mb4
[2026-08-20T08:33:46+08:00][sql] SHOW FULL COLUMNS FROM `goods` [ RunTime:0.002645s ]
[2026-08-20T08:33:46+08:00][sql] SELECT `id` FROM `goods` WHERE  `status` = 1  AND `end_time` <= 1787186026 [ RunTime:0.001050s ]
[2026-08-20T08:33:46+08:00][sql] SHOW FULL COLUMNS FROM `setting` [ RunTime:0.001740s ]
[2026-08-20T08:33:46+08:00][sql] SELECT * FROM `setting` [ RunTime:0.001085s ]
[2026-08-20T08:33:46+08:00][sql] CONNECT:[ UseTime:0.011697s ] mysql:host=127.0.0.1;port=3306;dbname=auction;charset=utf8mb4
[2026-08-20T08:33:46+08:00][sql] SHOW FULL COLUMNS FROM `goods` [ RunTime:0.002137s ]
[2026-08-20T08:33:46+08:00][sql] SELECT `id` FROM `goods` WHERE  `status` = 1  AND `end_time` <= 1787186026 [ RunTime:0.001230s ]
[2026-08-20T08:33:46+08:00][sql] SHOW FULL COLUMNS FROM `setting` [ RunTime:0.001524s ]
[2026-08-20T08:33:46+08:00][sql] SELECT * FROM `setting` [ RunTime:0.000956s ]
[2026-08-20T08:33:50+08:00][sql] CONNECT:[ UseTime:0.008419s ] mysql:host=127.0.0.1;port=3306;dbname=auction;charset=utf8mb4
[2026-08-20T08:33:50+08:00][sql] SHOW FULL COLUMNS FROM `goods` [ RunTime:0.002104s ]
[2026-08-20T08:33:50+08:00][sql] SELECT `id` FROM `goods` WHERE  `status` = 1  AND `end_time` <= 1787186030 [ RunTime:0.000983s ]
[2026-08-20T08:33:50+08:00][sql] SHOW FULL COLUMNS FROM `setting` [ RunTime:0.001709s ]
[2026-08-20T08:33:50+08:00][sql] SELECT * FROM `setting` [ RunTime:0.000872s ]
[2026-08-20T08:33:50+08:00][sql] SHOW FULL COLUMNS FROM `user` [ RunTime:0.001790s ]
[2026-08-20T08:33:50+08:00][sql] SELECT * FROM `user` WHERE  `mobile` = '13558888888' LIMIT 1 [ RunTime:0.001000s ]
[2026-08-20T08:33:50+08:00][sql] UPDATE `user`  SET `last_login_time` = 1787186030 , `update_time` = 1787186030  WHERE  `id` = 28 [ RunTime:0.005373s ]
[2026-08-20T08:33:51+08:00][sql] CONNECT:[ UseTime:0.011406s ] mysql:host=127.0.0.1;port=3306;dbname=auction;charset=utf8mb4
[2026-08-20T08:33:51+08:00][sql] SHOW FULL COLUMNS FROM `goods` [ RunTime:0.002282s ]
[2026-08-20T08:33:51+08:00][sql] SELECT `id` FROM `goods` WHERE  `status` = 1  AND `end_time` <= 1787186031 [ RunTime:0.001043s ]
[2026-08-20T08:33:51+08:00][sql] SHOW FULL COLUMNS FROM `user` [ RunTime:0.004346s ]
[2026-08-20T08:33:51+08:00][sql] SELECT * FROM `user` WHERE  `id` = 28 LIMIT 1 [ RunTime:0.001121s ]
[2026-08-20T08:33:51+08:00][sql] SHOW FULL COLUMNS FROM `setting` [ RunTime:0.001429s ]
[2026-08-20T08:33:51+08:00][sql] SELECT * FROM `setting` [ RunTime:0.000901s ]
[2026-08-20T08:33:51+08:00][sql] SHOW FULL COLUMNS FROM `bid_record` [ RunTime:0.001842s ]
[2026-08-20T08:33:51+08:00][sql] SELECT COUNT(*) AS think_count FROM `bid_record` WHERE  `user_id` = 28 [ RunTime:0.001085s ]
[2026-08-20T08:33:51+08:00][sql] SHOW FULL COLUMNS FROM `order` [ RunTime:0.001853s ]
[2026-08-20T08:33:51+08:00][sql] SELECT COUNT(*) AS think_count FROM `order` WHERE  `buyer_id` = 28  AND `pay_status` = 1 [ RunTime:0.000946s ]
[2026-08-20T08:33:51+08:00][sql] SELECT COUNT(*) AS think_count FROM `goods` WHERE  `seller_id` = 28  AND `status` = 2 [ RunTime:0.001005s ]
[2026-08-20T08:33:51+08:00][sql] SELECT COUNT(*) AS think_count FROM `goods` WHERE  `seller_id` = 28 [ RunTime:0.000871s ]
[2026-08-20T08:33:51+08:00][sql] SELECT COUNT(*) AS think_count FROM `order` WHERE  `buyer_id` = 28  AND `pay_status` = 0  AND `order_status` = 0 [ RunTime:0.000923s ]
[2026-08-20T08:33:51+08:00][sql] SELECT COUNT(*) AS think_count FROM `order` WHERE  `seller_id` = 28  AND `order_status` = 1 [ RunTime:0.000870s ]
[2026-08-20T08:33:51+08:00][sql] SELECT COUNT(*) AS think_count FROM `order` WHERE  `buyer_id` = 28  AND `order_status` = 0  AND `pay_status` = 0 [ RunTime:0.000856s ]
[2026-08-20T08:33:51+08:00][sql] SELECT COUNT(*) AS think_count FROM `order` WHERE  `buyer_id` = 28  AND `order_status` = 1 [ RunTime:0.000923s ]
[2026-08-20T08:33:51+08:00][sql] SELECT COUNT(*) AS think_count FROM `order` WHERE  `buyer_id` = 28  AND `order_status` = 2 [ RunTime:0.000845s ]
[2026-08-20T08:33:51+08:00][sql] SELECT COUNT(*) AS think_count FROM `order` WHERE  `buyer_id` = 28  AND `order_status` = 3 [ RunTime:0.001234s ]
[2026-08-20T08:33:51+08:00][sql] SELECT COUNT(*) AS think_count FROM `order` WHERE  `seller_id` = 28  AND `order_status` = 1 [ RunTime:0.001147s ]
[2026-08-20T08:33:51+08:00][sql] SHOW FULL COLUMNS FROM `goods_favorite` [ RunTime:0.001861s ]
[2026-08-20T08:33:51+08:00][sql] SELECT COUNT(*) AS think_count FROM `goods_favorite` WHERE  `user_id` = 28 [ RunTime:0.001181s ]
[2026-08-20T08:33:51+08:00][sql] SHOW FULL COLUMNS FROM `seller_follow` [ RunTime:0.001612s ]
[2026-08-20T08:33:51+08:00][sql] SELECT COUNT(*) AS think_count FROM `seller_follow` WHERE  `user_id` = 28 [ RunTime:0.001014s ]
[2026-08-20T08:33:51+08:00][sql] SHOW FULL COLUMNS FROM `browse_history` [ RunTime:0.001569s ]
[2026-08-20T08:33:51+08:00][sql] SELECT COUNT(*) AS think_count FROM `browse_history` WHERE  `user_id` = 28 [ RunTime:0.000910s ]
[2026-08-20T08:33:51+08:00][sql] SHOW FULL COLUMNS FROM `sys_message` [ RunTime:0.001645s ]
[2026-08-20T08:33:51+08:00][sql] SELECT COUNT(*) AS think_count FROM `sys_message` WHERE  `user_id` = 28  AND `is_read` = 0 [ RunTime:0.000957s ]
[2026-08-20T08:33:51+08:00][sql] SHOW FULL COLUMNS FROM `balance_log` [ RunTime:0.001648s ]
[2026-08-20T08:33:51+08:00][sql] SELECT * FROM `balance_log` WHERE  `user_id` = 28 ORDER BY `id` DESC LIMIT 5 [ RunTime:0.000974s ]
[2026-08-20T08:33:51+08:00][sql] SELECT `b`.*,`g`.`title`,`g`.`cover`,g.status as goods_status,`g`.`end_time` FROM `bid_record` `b` LEFT JOIN `goods` `g` ON `b`.`goods_id`=`g`.`id` WHERE  `b`.`user_id` = '28' ORDER BY `b`.`id` DESC LIMIT 5 [ RunTime:0.001173s ]
[2026-08-20T08:33:51+08:00][sql] SELECT `id`,`nickname`,`mobile`,`reg_time` FROM `user` WHERE  `pid` = 28 ORDER BY `id` DESC LIMIT 10 [ RunTime:0.000941s ]
[2026-08-20T08:33:51+08:00][sql] SELECT `value` FROM `setting` WHERE  `name` = 'service_link' LIMIT 1 [ RunTime:0.000870s ]
[2026-08-20T08:33:51+08:00][sql] SELECT `is_virtual` FROM `user` WHERE  `id` = 28 LIMIT 1 [ RunTime:0.000847s ]
[2026-08-20T08:33:52+08:00][sql] CONNECT:[ UseTime:0.010774s ] mysql:host=127.0.0.1;port=3306;dbname=auction;charset=utf8mb4
[2026-08-20T08:33:52+08:00][sql] SHOW FULL COLUMNS FROM `goods` [ RunTime:0.002117s ]
[2026-08-20T08:33:52+08:00][sql] SELECT `id` FROM `goods` WHERE  `status` = 1  AND `end_time` <= 1787186032 [ RunTime:0.001117s ]
[2026-08-20T08:33:52+08:00][sql] SHOW FULL COLUMNS FROM `user` [ RunTime:0.004185s ]
[2026-08-20T08:33:52+08:00][sql] SELECT * FROM `user` WHERE  `id` = 28 LIMIT 1 [ RunTime:0.001147s ]
[2026-08-20T08:33:52+08:00][sql] SHOW FULL COLUMNS FROM `setting` [ RunTime:0.001462s ]
[2026-08-20T08:33:52+08:00][sql] SELECT * FROM `setting` [ RunTime:0.000835s ]
[2026-08-20T08:33:52+08:00][sql] SELECT * FROM `user` WHERE  `id` = 28 LIMIT 1 [ RunTime:0.000968s ]
[2026-08-20T08:33:52+08:00][sql] SHOW FULL COLUMNS FROM `order` [ RunTime:0.001709s ]
[2026-08-20T08:33:52+08:00][sql] SELECT COUNT(*) AS think_count FROM `order` WHERE  `buyer_id` = 28  AND `order_status` = 0  AND `pay_status` = 0 [ RunTime:0.001102s ]
[2026-08-20T08:33:52+08:00][sql] SELECT COUNT(*) AS think_count FROM `order` WHERE  `buyer_id` = 28  AND `order_status` = 3 [ RunTime:0.000894s ]
[2026-08-20T08:33:52+08:00][sql] SHOW FULL COLUMNS FROM `balance_log` [ RunTime:0.001709s ]
[2026-08-20T08:33:52+08:00][sql] SELECT * FROM `balance_log` WHERE  `user_id` = 28 ORDER BY `id` DESC LIMIT 8 [ RunTime:0.001130s ]
[2026-08-20T08:34:00+08:00][sql] CONNECT:[ UseTime:0.011669s ] mysql:host=127.0.0.1;port=3306;dbname=auction;charset=utf8mb4
[2026-08-20T08:34:00+08:00][sql] SHOW FULL COLUMNS FROM `goods` [ RunTime:0.002224s ]
[2026-08-20T08:34:00+08:00][sql] SELECT `id` FROM `goods` WHERE  `status` = 1  AND `end_time` <= 1787186040 [ RunTime:0.001155s ]
[2026-08-20T08:34:00+08:00][sql] SHOW FULL COLUMNS FROM `user` [ RunTime:0.001992s ]
[2026-08-20T08:34:00+08:00][sql] SELECT * FROM `user` WHERE  `id` = 28 LIMIT 1 [ RunTime:0.001055s ]
[2026-08-20T08:34:00+08:00][sql] SHOW FULL COLUMNS FROM `setting` [ RunTime:0.001528s ]
[2026-08-20T08:34:00+08:00][sql] SELECT * FROM `setting` [ RunTime:0.000906s ]
[2026-08-20T08:34:00+08:00][sql] SELECT COUNT(*) AS think_count FROM `goods` `g` LEFT JOIN `user` `u` ON `g`.`seller_id`=`u`.`id` WHERE  `g`.`status` = '1'  AND `g`.`start_time` <= '1787186040'  AND `g`.`end_time` > '1787186040' [ RunTime:0.001170s ]
[2026-08-20T08:34:00+08:00][sql] SELECT `g`.*,u.nickname as seller_name FROM `goods` `g` LEFT JOIN `user` `u` ON `g`.`seller_id`=`u`.`id` WHERE  `g`.`status` = '1'  AND `g`.`start_time` <= '1787186040'  AND `g`.`end_time` > '1787186040' ORDER BY `g`.`end_time` ASC,`g`.`id` DESC LIMIT 0,10 [ RunTime:0.001370s ]
[2026-08-20T08:34:00+08:00][sql] SHOW FULL COLUMNS FROM `bid_record` [ RunTime:0.001721s ]
[2026-08-20T08:34:00+08:00][sql] SELECT MAX(`price`) AS think_max FROM `bid_record` WHERE  `goods_id` = 33  AND `status` = 0 [ RunTime:0.000833s ]
[2026-08-20T08:34:00+08:00][sql] SELECT MAX(`price`) AS think_max FROM `bid_record` WHERE  `goods_id` = 30  AND `status` = 0 [ RunTime:0.000898s ]
[2026-08-20T08:34:00+08:00][sql] SHOW FULL COLUMNS FROM `category` [ RunTime:0.001536s ]
[2026-08-20T08:34:00+08:00][sql] SELECT * FROM `category` WHERE  `status` = 1 ORDER BY `sort` ASC [ RunTime:0.000928s ]
[2026-08-20T08:34:00+08:00][sql] SELECT `b`.`price`,`b`.`create_time`,`g`.`title`,`u`.`nickname` FROM `bid_record` `b` LEFT JOIN `goods` `g` ON `b`.`goods_id`=`g`.`id` LEFT JOIN `user` `u` ON `b`.`user_id`=`u`.`id` WHERE  `b`.`status` = '1' ORDER BY `b`.`id` DESC LIMIT 5 [ RunTime:0.000981s ]
[2026-08-20T08:34:00+08:00][sql] SHOW FULL COLUMNS FROM `news` [ RunTime:0.003450s ]
[2026-08-20T08:34:00+08:00][sql] SELECT `id`,`title`,`create_time` FROM `news` WHERE  `status` = 1 ORDER BY `id` DESC LIMIT 3 [ RunTime:0.000867s ]
[2026-08-20T08:34:00+08:00][sql] SHOW FULL COLUMNS FROM `banner` [ RunTime:0.003559s ]
[2026-08-20T08:34:00+08:00][sql] SELECT * FROM `banner` WHERE  `status` = 1 ORDER BY `sort` ASC,`id` ASC [ RunTime:0.001010s ]
[2026-08-20T08:34:02+08:00][sql] CONNECT:[ UseTime:0.018150s ] mysql:host=127.0.0.1;port=3306;dbname=auction;charset=utf8mb4
[2026-08-20T08:34:02+08:00][sql] SHOW FULL COLUMNS FROM `goods` [ RunTime:0.002388s ]
[2026-08-20T08:34:02+08:00][sql] SELECT `id` FROM `goods` WHERE  `status` = 1  AND `end_time` <= 1787186041 [ RunTime:0.001100s ]
[2026-08-20T08:34:02+08:00][sql] SHOW FULL COLUMNS FROM `user` [ RunTime:0.002016s ]
[2026-08-20T08:34:02+08:00][sql] SELECT * FROM `user` WHERE  `id` = 28 LIMIT 1 [ RunTime:0.001091s ]
[2026-08-20T08:34:02+08:00][sql] SHOW FULL COLUMNS FROM `setting` [ RunTime:0.001543s ]
[2026-08-20T08:34:02+08:00][sql] SELECT * FROM `setting` [ RunTime:0.000890s ]
[2026-08-20T08:34:02+08:00][sql] SELECT `g`.*,u.nickname as seller_name,u.shop_name as seller_shop,u.avatar as seller_avatar,`u`.`seller_intro`,u.deposit as seller_deposit,`u`.`shop_score`,`u`.`fans_count`,c.name as category_name FROM `goods` `g` LEFT JOIN `user` `u` ON `g`.`seller_id`=`u`.`id` LEFT JOIN `category` `c` ON `g`.`category_id`=`c`.`id` WHERE  `g`.`id` = '33' LIMIT 1 [ RunTime:0.001397s ]
[2026-08-20T08:34:02+08:00][sql] UPDATE `goods`  SET `view_count` = `view_count` + 1  WHERE  `id` = 33 [ RunTime:0.002004s ]
[2026-08-20T08:34:02+08:00][sql] SHOW FULL COLUMNS FROM `bid_record` [ RunTime:0.001798s ]
[2026-08-20T08:34:02+08:00][sql] SELECT `b`.*,`u`.`nickname`,`u`.`mobile` FROM `bid_record` `b` LEFT JOIN `user` `u` ON `b`.`user_id`=`u`.`id` WHERE  `b`.`goods_id` = '33'  AND `b`.`status` = '0' ORDER BY `b`.`price` DESC,`b`.`id` ASC LIMIT 1 [ RunTime:0.001169s ]
[2026-08-20T08:34:02+08:00][sql] SELECT `b`.*,`u`.`nickname`,`u`.`mobile` FROM `bid_record` `b` LEFT JOIN `user` `u` ON `b`.`user_id`=`u`.`id` WHERE  `b`.`goods_id` = '33' ORDER BY `b`.`price` DESC,`b`.`id` ASC LIMIT 50 [ RunTime:0.001105s ]
[2026-08-20T08:34:02+08:00][sql] SELECT MAX(`price`) AS think_max FROM `bid_record` WHERE  `goods_id` = 33  AND `user_id` = 28  AND `status` = 0 [ RunTime:0.000973s ]
[2026-08-20T08:34:02+08:00][sql] SELECT MAX(`deposit`) AS think_max FROM `bid_record` WHERE  `goods_id` = 33  AND `user_id` = 28  AND `deposit` > '0' [ RunTime:0.000901s ]
[2026-08-20T08:34:02+08:00][sql] SHOW FULL COLUMNS FROM `browse_history` [ RunTime:0.001439s ]
[2026-08-20T08:34:02+08:00][sql] REPLACE INTO `browse_history` SET `user_id` = 28 , `goods_id` = 33 , `create_time` = 1787186042 [ RunTime:0.001913s ]
[2026-08-20T08:34:02+08:00][sql] SHOW FULL COLUMNS FROM `goods_favorite` [ RunTime:0.001418s ]
[2026-08-20T08:34:02+08:00][sql] SELECT COUNT(*) AS think_count FROM `goods_favorite` WHERE  `user_id` = 28  AND `goods_id` = 33 [ RunTime:0.000981s ]
[2026-08-20T08:34:02+08:00][sql] SHOW FULL COLUMNS FROM `seller_follow` [ RunTime:0.001382s ]
[2026-08-20T08:34:02+08:00][sql] SELECT COUNT(*) AS think_count FROM `seller_follow` WHERE  `user_id` = 28  AND `seller_id` = 25 [ RunTime:0.000878s ]
[2026-08-20T08:34:06+08:00][sql] CONNECT:[ UseTime:0.002186s ] mysql:host=127.0.0.1;port=3306;dbname=auction;charset=utf8mb4
[2026-08-20T08:34:06+08:00][sql] SHOW FULL COLUMNS FROM `goods` [ RunTime:0.001692s ]
[2026-08-20T08:34:06+08:00][sql] SELECT `id` FROM `goods` WHERE  `status` = 1  AND `end_time` <= 1787186046 [ RunTime:0.000893s ]
[2026-08-20T08:34:06+08:00][sql] SHOW FULL COLUMNS FROM `user` [ RunTime:0.001507s ]
[2026-08-20T08:34:06+08:00][sql] SELECT * FROM `user` WHERE  `id` = 28 LIMIT 1 [ RunTime:0.000791s ]
[2026-08-20T08:34:06+08:00][sql] SHOW FULL COLUMNS FROM `setting` [ RunTime:0.001232s ]
[2026-08-20T08:34:06+08:00][sql] SELECT * FROM `setting` [ RunTime:0.000710s ]
[2026-08-20T08:34:06+08:00][sql] SELECT * FROM `goods` WHERE  `id` = 33 LIMIT 1   FOR UPDATE [ RunTime:0.000835s ]
[2026-08-20T08:34:06+08:00][sql] SHOW FULL COLUMNS FROM `bid_record` [ RunTime:0.001201s ]
[2026-08-20T08:34:06+08:00][sql] SELECT MAX(`price`) AS think_max FROM `bid_record` WHERE  `goods_id` = 33  AND `status` = 0 [ RunTime:0.000764s ]
[2026-08-20T08:34:06+08:00][sql] SELECT * FROM `user` WHERE  `id` = 28 LIMIT 1   FOR UPDATE [ RunTime:0.000865s ]
[2026-08-20T08:34:06+08:00][sql] SELECT MAX(`deposit`) AS think_max FROM `bid_record` WHERE  `goods_id` = 33  AND `user_id` = 28  AND `deposit` > '0' [ RunTime:0.000782s ]
[2026-08-20T08:34:06+08:00][sql] SELECT * FROM `bid_record` WHERE  `goods_id` = 33  AND `status` = 0 ORDER BY `price` DESC,`id` ASC LIMIT 1 [ RunTime:0.000984s ]
[2026-08-20T08:34:06+08:00][sql] INSERT INTO `bid_record` SET `goods_id` = 33 , `user_id` = 28 , `price` = '750' , `deposit` = '0' , `status` = 0 , `is_winner` = 0 , `create_time` = 1787186046 [ RunTime:0.000768s ]
[2026-08-20T08:34:06+08:00][sql] UPDATE `goods`  SET `bid_count` = bid_count+1 , `update_time` = 1787186046  WHERE  `id` = 33 [ RunTime:0.000798s ]
[2026-08-20T08:34:06+08:00][sql] SHOW FULL COLUMNS FROM `sys_message` [ RunTime:0.001307s ]
[2026-08-20T08:34:06+08:00][sql] INSERT INTO `sys_message` SET `user_id` = 25 , `admin_id` = 0 , `title` = '竞拍出局通知' , `content` = '您出价竞拍的「eee」已出局：您的出价 ¥650.00 于 2026-08-20 08:34:06 被 ¥750.00 超过，当前最高价 ¥750.00。如需继续竞拍，请再次出价。' , `is_read` = 0 , `create_time` = 1787186046 [ RunTime:0.000696s ]
[2026-08-20T08:34:07+08:00][sql] CONNECT:[ UseTime:0.007329s ] mysql:host=127.0.0.1;port=3306;dbname=auction;charset=utf8mb4
[2026-08-20T08:34:07+08:00][sql] SHOW FULL COLUMNS FROM `goods` [ RunTime:0.001564s ]
[2026-08-20T08:34:07+08:00][sql] SELECT `id` FROM `goods` WHERE  `status` = 1  AND `end_time` <= 1787186047 [ RunTime:0.000679s ]
[2026-08-20T08:34:07+08:00][sql] SHOW FULL COLUMNS FROM `user` [ RunTime:0.001322s ]
[2026-08-20T08:34:07+08:00][sql] SELECT * FROM `user` WHERE  `id` = 28 LIMIT 1 [ RunTime:0.000883s ]
[2026-08-20T08:34:07+08:00][sql] SHOW FULL COLUMNS FROM `setting` [ RunTime:0.001091s ]
[2026-08-20T08:34:07+08:00][sql] SELECT * FROM `setting` [ RunTime:0.000757s ]
[2026-08-20T08:34:07+08:00][sql] SELECT `g`.*,u.nickname as seller_name,u.shop_name as seller_shop,u.avatar as seller_avatar,`u`.`seller_intro`,u.deposit as seller_deposit,`u`.`shop_score`,`u`.`fans_count`,c.name as category_name FROM `goods` `g` LEFT JOIN `user` `u` ON `g`.`seller_id`=`u`.`id` LEFT JOIN `category` `c` ON `g`.`category_id`=`c`.`id` WHERE  `g`.`id` = '33' LIMIT 1 [ RunTime:0.001088s ]
[2026-08-20T08:34:07+08:00][sql] UPDATE `goods`  SET `view_count` = `view_count` + 1  WHERE  `id` = 33 [ RunTime:0.001699s ]
[2026-08-20T08:34:07+08:00][sql] SHOW FULL COLUMNS FROM `bid_record` [ RunTime:0.001238s ]
[2026-08-20T08:34:07+08:00][sql] SELECT `b`.*,`u`.`nickname`,`u`.`mobile` FROM `bid_record` `b` LEFT JOIN `user` `u` ON `b`.`user_id`=`u`.`id` WHERE  `b`.`goods_id` = '33'  AND `b`.`status` = '0' ORDER BY `b`.`price` DESC,`b`.`id` ASC LIMIT 1 [ RunTime:0.000954s ]
[2026-08-20T08:34:07+08:00][sql] SELECT `b`.*,`u`.`nickname`,`u`.`mobile` FROM `bid_record` `b` LEFT JOIN `user` `u` ON `b`.`user_id`=`u`.`id` WHERE  `b`.`goods_id` = '33' ORDER BY `b`.`price` DESC,`b`.`id` ASC LIMIT 50 [ RunTime:0.000919s ]
[2026-08-20T08:34:07+08:00][sql] SELECT MAX(`price`) AS think_max FROM `bid_record` WHERE  `goods_id` = 33  AND `user_id` = 28  AND `status` = 0 [ RunTime:0.000694s ]
[2026-08-20T08:34:07+08:00][sql] SELECT MAX(`deposit`) AS think_max FROM `bid_record` WHERE  `goods_id` = 33  AND `user_id` = 28  AND `deposit` > '0' [ RunTime:0.000732s ]
[2026-08-20T08:34:07+08:00][sql] SHOW FULL COLUMNS FROM `browse_history` [ RunTime:0.001324s ]
[2026-08-20T08:34:07+08:00][sql] REPLACE INTO `browse_history` SET `user_id` = 28 , `goods_id` = 33 , `create_time` = 1787186047 [ RunTime:0.001858s ]
[2026-08-20T08:34:07+08:00][sql] SHOW FULL COLUMNS FROM `goods_favorite` [ RunTime:0.001602s ]
[2026-08-20T08:34:07+08:00][sql] SELECT COUNT(*) AS think_count FROM `goods_favorite` WHERE  `user_id` = 28  AND `goods_id` = 33 [ RunTime:0.000944s ]
[2026-08-20T08:34:07+08:00][sql] SHOW FULL COLUMNS FROM `seller_follow` [ RunTime:0.001581s ]
[2026-08-20T08:34:07+08:00][sql] SELECT COUNT(*) AS think_count FROM `seller_follow` WHERE  `user_id` = 28  AND `seller_id` = 25 [ RunTime:0.001007s ]
[2026-08-20T08:34:12+08:00][sql] CONNECT:[ UseTime:0.015099s ] mysql:host=127.0.0.1;port=3306;dbname=auction;charset=utf8mb4
[2026-08-20T08:34:12+08:00][sql] SHOW FULL COLUMNS FROM `goods` [ RunTime:0.002361s ]
[2026-08-20T08:34:12+08:00][sql] SELECT `id` FROM `goods` WHERE  `status` = 1  AND `end_time` <= 1787186052 [ RunTime:0.001125s ]
[2026-08-20T08:34:12+08:00][sql] SHOW FULL COLUMNS FROM `user` [ RunTime:0.001860s ]
[2026-08-20T08:34:12+08:00][sql] SELECT * FROM `user` WHERE  `id` = 28 LIMIT 1 [ RunTime:0.001050s ]
[2026-08-20T08:34:12+08:00][sql] SHOW FULL COLUMNS FROM `setting` [ RunTime:0.001440s ]
[2026-08-20T08:34:12+08:00][sql] SELECT * FROM `setting` [ RunTime:0.000825s ]
[2026-08-20T08:34:12+08:00][sql] SHOW FULL COLUMNS FROM `bid_record` [ RunTime:0.001588s ]
[2026-08-20T08:34:12+08:00][sql] SELECT COUNT(*) AS think_count FROM `bid_record` WHERE  `user_id` = 28 [ RunTime:0.000848s ]
[2026-08-20T08:34:12+08:00][sql] SHOW FULL COLUMNS FROM `order` [ RunTime:0.001788s ]
[2026-08-20T08:34:12+08:00][sql] SELECT COUNT(*) AS think_count FROM `order` WHERE  `buyer_id` = 28  AND `pay_status` = 1 [ RunTime:0.000920s ]
[2026-08-20T08:34:12+08:00][sql] SELECT COUNT(*) AS think_count FROM `goods` WHERE  `seller_id` = 28  AND `status` = 2 [ RunTime:0.000932s ]
[2026-08-20T08:34:12+08:00][sql] SELECT COUNT(*) AS think_count FROM `goods` WHERE  `seller_id` = 28 [ RunTime:0.000881s ]
[2026-08-20T08:34:12+08:00][sql] SELECT COUNT(*) AS think_count FROM `order` WHERE  `buyer_id` = 28  AND `pay_status` = 0  AND `order_status` = 0 [ RunTime:0.000862s ]
[2026-08-20T08:34:12+08:00][sql] SELECT COUNT(*) AS think_count FROM `order` WHERE  `seller_id` = 28  AND `order_status` = 1 [ RunTime:0.000855s ]
[2026-08-20T08:34:12+08:00][sql] SELECT COUNT(*) AS think_count FROM `order` WHERE  `buyer_id` = 28  AND `order_status` = 0  AND `pay_status` = 0 [ RunTime:0.000861s ]
[2026-08-20T08:34:12+08:00][sql] SELECT COUNT(*) AS think_count FROM `order` WHERE  `buyer_id` = 28  AND `order_status` = 1 [ RunTime:0.000805s ]
[2026-08-20T08:34:12+08:00][sql] SELECT COUNT(*) AS think_count FROM `order` WHERE  `buyer_id` = 28  AND `order_status` = 2 [ RunTime:0.000786s ]
[2026-08-20T08:34:12+08:00][sql] SELECT COUNT(*) AS think_count FROM `order` WHERE  `buyer_id` = 28  AND `order_status` = 3 [ RunTime:0.000776s ]
[2026-08-20T08:34:12+08:00][sql] SELECT COUNT(*) AS think_count FROM `order` WHERE  `seller_id` = 28  AND `order_status` = 1 [ RunTime:0.000802s ]
[2026-08-20T08:34:12+08:00][sql] SHOW FULL COLUMNS FROM `goods_favorite` [ RunTime:0.001665s ]
[2026-08-20T08:34:12+08:00][sql] SELECT COUNT(*) AS think_count FROM `goods_favorite` WHERE  `user_id` = 28 [ RunTime:0.000888s ]
[2026-08-20T08:34:12+08:00][sql] SHOW FULL COLUMNS FROM `seller_follow` [ RunTime:0.001380s ]
[2026-08-20T08:34:12+08:00][sql] SELECT COUNT(*) AS think_count FROM `seller_follow` WHERE  `user_id` = 28 [ RunTime:0.001012s ]
[2026-08-20T08:34:12+08:00][sql] SHOW FULL COLUMNS FROM `browse_history` [ RunTime:0.001590s ]
[2026-08-20T08:34:12+08:00][sql] SELECT COUNT(*) AS think_count FROM `browse_history` WHERE  `user_id` = 28 [ RunTime:0.000922s ]
[2026-08-20T08:34:12+08:00][sql] SHOW FULL COLUMNS FROM `sys_message` [ RunTime:0.001596s ]
[2026-08-20T08:34:12+08:00][sql] SELECT COUNT(*) AS think_count FROM `sys_message` WHERE  `user_id` = 28  AND `is_read` = 0 [ RunTime:0.000886s ]
[2026-08-20T08:34:12+08:00][sql] SHOW FULL COLUMNS FROM `balance_log` [ RunTime:0.001452s ]
[2026-08-20T08:34:12+08:00][sql] SELECT * FROM `balance_log` WHERE  `user_id` = 28 ORDER BY `id` DESC LIMIT 5 [ RunTime:0.000840s ]
[2026-08-20T08:34:12+08:00][sql] SELECT `b`.*,`g`.`title`,`g`.`cover`,g.status as goods_status,`g`.`end_time` FROM `bid_record` `b` LEFT JOIN `goods` `g` ON `b`.`goods_id`=`g`.`id` WHERE  `b`.`user_id` = '28' ORDER BY `b`.`id` DESC LIMIT 5 [ RunTime:0.000924s ]
[2026-08-20T08:34:12+08:00][sql] SELECT `id`,`nickname`,`mobile`,`reg_time` FROM `user` WHERE  `pid` = 28 ORDER BY `id` DESC LIMIT 10 [ RunTime:0.000808s ]
[2026-08-20T08:34:12+08:00][sql] SELECT `value` FROM `setting` WHERE  `name` = 'service_link' LIMIT 1 [ RunTime:0.000827s ]
[2026-08-20T08:34:12+08:00][sql] SELECT `is_virtual` FROM `user` WHERE  `id` = 28 LIMIT 1 [ RunTime:0.000993s ]
[2026-08-20T08:34:15+08:00][sql] CONNECT:[ UseTime:0.020343s ] mysql:host=127.0.0.1;port=3306;dbname=auction;charset=utf8mb4
[2026-08-20T08:34:15+08:00][sql] SHOW FULL COLUMNS FROM `goods` [ RunTime:0.002256s ]
[2026-08-20T08:34:15+08:00][sql] SELECT `id` FROM `goods` WHERE  `status` = 1  AND `end_time` <= 1787186055 [ RunTime:0.001036s ]
[2026-08-20T08:34:15+08:00][sql] SHOW FULL COLUMNS FROM `user` [ RunTime:0.001889s ]
[2026-08-20T08:34:15+08:00][sql] SELECT * FROM `user` WHERE  `id` = 28 LIMIT 1 [ RunTime:0.001105s ]
[2026-08-20T08:34:15+08:00][sql] SHOW FULL COLUMNS FROM `setting` [ RunTime:0.001518s ]
[2026-08-20T08:34:15+08:00][sql] SELECT * FROM `setting` [ RunTime:0.000844s ]
[2026-08-20T08:34:15+08:00][sql] SELECT * FROM `user` WHERE  `id` = 28 LIMIT 1 [ RunTime:0.001174s ]
[2026-08-20T08:34:15+08:00][sql] SHOW FULL COLUMNS FROM `order` [ RunTime:0.001768s ]
[2026-08-20T08:34:15+08:00][sql] SELECT COUNT(*) AS think_count FROM `order` WHERE  `buyer_id` = 28  AND `order_status` = 0  AND `pay_status` = 0 [ RunTime:0.001018s ]
[2026-08-20T08:34:15+08:00][sql] SELECT COUNT(*) AS think_count FROM `order` WHERE  `buyer_id` = 28  AND `order_status` = 3 [ RunTime:0.000940s ]
[2026-08-20T08:34:15+08:00][sql] SHOW FULL COLUMNS FROM `balance_log` [ RunTime:0.001485s ]
[2026-08-20T08:34:15+08:00][sql] SELECT * FROM `balance_log` WHERE  `user_id` = 28 ORDER BY `id` DESC LIMIT 8 [ RunTime:0.000942s ]
[2026-08-20T08:34:18+08:00][sql] CONNECT:[ UseTime:0.009366s ] mysql:host=127.0.0.1;port=3306;dbname=auction;charset=utf8mb4
[2026-08-20T08:34:18+08:00][sql] SHOW FULL COLUMNS FROM `goods` [ RunTime:0.001945s ]
[2026-08-20T08:34:18+08:00][sql] SELECT `id` FROM `goods` WHERE  `status` = 1  AND `end_time` <= 1787186058 [ RunTime:0.000941s ]
[2026-08-20T08:34:18+08:00][sql] SHOW FULL COLUMNS FROM `user` [ RunTime:0.001543s ]
[2026-08-20T08:34:18+08:00][sql] SELECT * FROM `user` WHERE  `id` = 28 LIMIT 1 [ RunTime:0.000941s ]
[2026-08-20T08:34:18+08:00][sql] SHOW FULL COLUMNS FROM `setting` [ RunTime:0.001244s ]
[2026-08-20T08:34:18+08:00][sql] SELECT * FROM `setting` [ RunTime:0.000717s ]
[2026-08-20T08:34:18+08:00][sql] SHOW FULL COLUMNS FROM `bid_record` [ RunTime:0.001536s ]
[2026-08-20T08:34:18+08:00][sql] SELECT COUNT(*) AS think_count FROM `bid_record` `b` LEFT JOIN `goods` `g` ON `b`.`goods_id`=`g`.`id` WHERE  `b`.`user_id` = '28' [ RunTime:0.001005s ]
[2026-08-20T08:34:18+08:00][sql] SELECT `b`.*,`g`.`title`,`g`.`cover`,g.status as goods_status,`g`.`end_time`,`g`.`final_price`,`g`.`winner_id` FROM `bid_record` `b` LEFT JOIN `goods` `g` ON `b`.`goods_id`=`g`.`id` WHERE  `b`.`user_id` = '28' ORDER BY `b`.`id` DESC LIMIT 0,15 [ RunTime:0.001010s ]
[2026-08-20T08:34:18+08:00][sql] SELECT `goods_id`,`id` FROM `bid_record` WHERE  `goods_id` = 33 ORDER BY `price` DESC,`id` ASC [ RunTime:0.001045s ]
[2026-08-20T08:34:30+08:00][sql] CONNECT:[ UseTime:0.018713s ] mysql:host=127.0.0.1;port=3306;dbname=auction;charset=utf8mb4
[2026-08-20T08:34:30+08:00][sql] SHOW FULL COLUMNS FROM `goods` [ RunTime:0.001064s ]
[2026-08-20T08:34:30+08:00][sql] SELECT `id` FROM `goods` WHERE  `status` = 1  AND `end_time` <= 1787186070 [ RunTime:0.000760s ]
[2026-08-20T08:34:30+08:00][sql] SHOW FULL COLUMNS FROM `user` [ RunTime:0.002072s ]
[2026-08-20T08:34:30+08:00][sql] SELECT * FROM `user` WHERE  `id` = 28 LIMIT 1 [ RunTime:0.000809s ]
[2026-08-20T08:34:30+08:00][sql] SHOW FULL COLUMNS FROM `setting` [ RunTime:0.001552s ]
[2026-08-20T08:34:30+08:00][sql] SELECT * FROM `setting` [ RunTime:0.000895s ]
[2026-08-20T08:34:30+08:00][sql] CONNECT:[ UseTime:0.010200s ] mysql:host=127.0.0.1;port=3306;dbname=auction;charset=utf8mb4
[2026-08-20T08:34:30+08:00][sql] SHOW FULL COLUMNS FROM `goods` [ RunTime:0.001470s ]
[2026-08-20T08:34:30+08:00][sql] SELECT `id` FROM `goods` WHERE  `status` = 1  AND `end_time` <= 1787186070 [ RunTime:0.000867s ]
[2026-08-20T08:34:30+08:00][sql] SHOW FULL COLUMNS FROM `user` [ RunTime:0.001714s ]
[2026-08-20T08:34:30+08:00][sql] SELECT * FROM `user` WHERE  `id` = 28 LIMIT 1 [ RunTime:0.000983s ]
[2026-08-20T08:34:30+08:00][sql] SHOW FULL COLUMNS FROM `setting` [ RunTime:0.001395s ]
[2026-08-20T08:34:30+08:00][sql] SELECT * FROM `setting` [ RunTime:0.000765s ]
[2026-08-20T08:34:33+08:00][sql] CONNECT:[ UseTime:0.010424s ] mysql:host=127.0.0.1;port=3306;dbname=auction;charset=utf8mb4
[2026-08-20T08:34:33+08:00][sql] SHOW FULL COLUMNS FROM `goods` [ RunTime:0.002457s ]
[2026-08-20T08:34:33+08:00][sql] SELECT `id` FROM `goods` WHERE  `status` = 1  AND `end_time` <= 1787186073 [ RunTime:0.001189s ]
[2026-08-20T08:34:33+08:00][sql] SHOW FULL COLUMNS FROM `user` [ RunTime:0.002041s ]
[2026-08-20T08:34:33+08:00][sql] SELECT * FROM `user` WHERE  `id` = 28 LIMIT 1 [ RunTime:0.001132s ]
[2026-08-20T08:34:33+08:00][sql] SHOW FULL COLUMNS FROM `setting` [ RunTime:0.001545s ]
[2026-08-20T08:34:33+08:00][sql] SELECT * FROM `setting` [ RunTime:0.000887s ]
[2026-08-20T08:34:33+08:00][sql] SELECT * FROM `user` WHERE  `id` = 28 LIMIT 1 [ RunTime:0.000951s ]
[2026-08-20T08:36:02+08:00][sql] CONNECT:[ UseTime:0.006097s ] mysql:host=127.0.0.1;port=3306;dbname=auction;charset=utf8mb4
[2026-08-20T08:36:02+08:00][sql] SHOW FULL COLUMNS FROM `goods` [ RunTime:0.001518s ]
[2026-08-20T08:36:02+08:00][sql] SELECT `id` FROM `goods` WHERE  `status` = 1  AND `end_time` <= 1787186162 [ RunTime:0.000792s ]
[2026-08-20T08:36:02+08:00][sql] SHOW FULL COLUMNS FROM `user` [ RunTime:0.001319s ]
[2026-08-20T08:36:02+08:00][sql] SELECT * FROM `user` WHERE  `id` = 28 LIMIT 1 [ RunTime:0.000924s ]
[2026-08-20T08:36:02+08:00][sql] SHOW FULL COLUMNS FROM `setting` [ RunTime:0.001059s ]
[2026-08-20T08:36:02+08:00][sql] SELECT * FROM `setting` [ RunTime:0.000619s ]
[2026-08-20T08:36:02+08:00][sql] SHOW FULL COLUMNS FROM `bid_record` [ RunTime:0.001109s ]
[2026-08-20T08:36:02+08:00][sql] SELECT COUNT(*) AS think_count FROM `bid_record` WHERE  `user_id` = 28 [ RunTime:0.000618s ]
[2026-08-20T08:36:02+08:00][sql] SHOW FULL COLUMNS FROM `order` [ RunTime:0.001271s ]
[2026-08-20T08:36:02+08:00][sql] SELECT COUNT(*) AS think_count FROM `order` WHERE  `buyer_id` = 28  AND `pay_status` = 1 [ RunTime:0.000687s ]
[2026-08-20T08:36:02+08:00][sql] SELECT COUNT(*) AS think_count FROM `goods` WHERE  `seller_id` = 28  AND `status` = 2 [ RunTime:0.000674s ]
[2026-08-20T08:36:02+08:00][sql] SELECT COUNT(*) AS think_count FROM `goods` WHERE  `seller_id` = 28 [ RunTime:0.000656s ]
[2026-08-20T08:36:02+08:00][sql] SELECT COUNT(*) AS think_count FROM `order` WHERE  `buyer_id` = 28  AND `pay_status` = 0  AND `order_status` = 0 [ RunTime:0.000705s ]
[2026-08-20T08:36:02+08:00][sql] SELECT COUNT(*) AS think_count FROM `order` WHERE  `seller_id` = 28  AND `order_status` = 1 [ RunTime:0.000748s ]
[2026-08-20T08:36:02+08:00][sql] SELECT COUNT(*) AS think_count FROM `order` WHERE  `buyer_id` = 28  AND `order_status` = 0  AND `pay_status` = 0 [ RunTime:0.000806s ]
[2026-08-20T08:36:02+08:00][sql] SELECT COUNT(*) AS think_count FROM `order` WHERE  `buyer_id` = 28  AND `order_status` = 1 [ RunTime:0.000867s ]
[2026-08-20T08:36:02+08:00][sql] SELECT COUNT(*) AS think_count FROM `order` WHERE  `buyer_id` = 28  AND `order_status` = 2 [ RunTime:0.000859s ]
[2026-08-20T08:36:02+08:00][sql] SELECT COUNT(*) AS think_count FROM `order` WHERE  `buyer_id` = 28  AND `order_status` = 3 [ RunTime:0.000841s ]
[2026-08-20T08:36:02+08:00][sql] SELECT COUNT(*) AS think_count FROM `order` WHERE  `seller_id` = 28  AND `order_status` = 1 [ RunTime:0.000835s ]
[2026-08-20T08:36:02+08:00][sql] SHOW FULL COLUMNS FROM `goods_favorite` [ RunTime:0.001384s ]
[2026-08-20T08:36:02+08:00][sql] SELECT COUNT(*) AS think_count FROM `goods_favorite` WHERE  `user_id` = 28 [ RunTime:0.000773s ]
[2026-08-20T08:36:02+08:00][sql] SHOW FULL COLUMNS FROM `seller_follow` [ RunTime:0.001323s ]
[2026-08-20T08:36:02+08:00][sql] SELECT COUNT(*) AS think_count FROM `seller_follow` WHERE  `user_id` = 28 [ RunTime:0.000760s ]
[2026-08-20T08:36:02+08:00][sql] SHOW FULL COLUMNS FROM `browse_history` [ RunTime:0.001327s ]
[2026-08-20T08:36:02+08:00][sql] SELECT COUNT(*) AS think_count FROM `browse_history` WHERE  `user_id` = 28 [ RunTime:0.000546s ]
[2026-08-20T08:36:02+08:00][sql] SHOW FULL COLUMNS FROM `sys_message` [ RunTime:0.000948s ]
[2026-08-20T08:36:02+08:00][sql] SELECT COUNT(*) AS think_count FROM `sys_message` WHERE  `user_id` = 28  AND `is_read` = 0 [ RunTime:0.000904s ]
[2026-08-20T08:36:02+08:00][sql] SHOW FULL COLUMNS FROM `balance_log` [ RunTime:0.001450s ]
[2026-08-20T08:36:02+08:00][sql] SELECT * FROM `balance_log` WHERE  `user_id` = 28 ORDER BY `id` DESC LIMIT 5 [ RunTime:0.000895s ]
[2026-08-20T08:36:02+08:00][sql] SELECT `b`.*,`g`.`title`,`g`.`cover`,g.status as goods_status,`g`.`end_time` FROM `bid_record` `b` LEFT JOIN `goods` `g` ON `b`.`goods_id`=`g`.`id` WHERE  `b`.`user_id` = '28' ORDER BY `b`.`id` DESC LIMIT 5 [ RunTime:0.000988s ]
[2026-08-20T08:36:02+08:00][sql] SELECT `id`,`nickname`,`mobile`,`reg_time` FROM `user` WHERE  `pid` = 28 ORDER BY `id` DESC LIMIT 10 [ RunTime:0.000840s ]
[2026-08-20T08:36:02+08:00][sql] SELECT `value` FROM `setting` WHERE  `name` = 'service_link' LIMIT 1 [ RunTime:0.000769s ]
[2026-08-20T08:36:02+08:00][sql] SELECT `is_virtual` FROM `user` WHERE  `id` = 28 LIMIT 1 [ RunTime:0.000717s ]
[2026-08-20T08:36:04+08:00][sql] CONNECT:[ UseTime:0.014668s ] mysql:host=127.0.0.1;port=3306;dbname=auction;charset=utf8mb4
[2026-08-20T08:36:04+08:00][sql] SHOW FULL COLUMNS FROM `goods` [ RunTime:0.002163s ]
[2026-08-20T08:36:04+08:00][sql] SELECT `id` FROM `goods` WHERE  `status` = 1  AND `end_time` <= 1787186164 [ RunTime:0.001082s ]
[2026-08-20T08:36:04+08:00][sql] SHOW FULL COLUMNS FROM `user` [ RunTime:0.001906s ]
[2026-08-20T08:36:04+08:00][sql] SELECT * FROM `user` WHERE  `id` = 28 LIMIT 1 [ RunTime:0.001236s ]
[2026-08-20T08:36:04+08:00][sql] SHOW FULL COLUMNS FROM `setting` [ RunTime:0.001443s ]
[2026-08-20T08:36:04+08:00][sql] SELECT * FROM `setting` [ RunTime:0.000847s ]
[2026-08-20T08:36:04+08:00][sql] CONNECT:[ UseTime:0.014140s ] mysql:host=127.0.0.1;port=3306;dbname=auction;charset=utf8mb4
[2026-08-20T08:36:04+08:00][sql] SHOW FULL COLUMNS FROM `goods` [ RunTime:0.001959s ]
[2026-08-20T08:36:04+08:00][sql] SELECT `id` FROM `goods` WHERE  `status` = 1  AND `end_time` <= 1787186164 [ RunTime:0.000774s ]
[2026-08-20T08:36:04+08:00][sql] SHOW FULL COLUMNS FROM `setting` [ RunTime:0.000966s ]
[2026-08-20T08:36:04+08:00][sql] SELECT * FROM `setting` [ RunTime:0.000640s ]
[2026-08-20T08:36:04+08:00][sql] SELECT COUNT(*) AS think_count FROM `goods` `g` LEFT JOIN `user` `u` ON `g`.`seller_id`=`u`.`id` WHERE  `g`.`status` = '1'  AND `g`.`start_time` <= '1787186164'  AND `g`.`end_time` > '1787186164' [ RunTime:0.000863s ]
[2026-08-20T08:36:04+08:00][sql] SELECT `g`.*,u.nickname as seller_name FROM `goods` `g` LEFT JOIN `user` `u` ON `g`.`seller_id`=`u`.`id` WHERE  `g`.`status` = '1'  AND `g`.`start_time` <= '1787186164'  AND `g`.`end_time` > '1787186164' ORDER BY `g`.`end_time` ASC,`g`.`id` DESC LIMIT 0,10 [ RunTime:0.000882s ]
[2026-08-20T08:36:04+08:00][sql] SHOW FULL COLUMNS FROM `bid_record` [ RunTime:0.001136s ]
[2026-08-20T08:36:04+08:00][sql] SELECT MAX(`price`) AS think_max FROM `bid_record` WHERE  `goods_id` = 33  AND `status` = 0 [ RunTime:0.000769s ]
[2026-08-20T08:36:04+08:00][sql] SELECT MAX(`price`) AS think_max FROM `bid_record` WHERE  `goods_id` = 30  AND `status` = 0 [ RunTime:0.000576s ]
[2026-08-20T08:36:04+08:00][sql] SHOW FULL COLUMNS FROM `category` [ RunTime:0.000986s ]
[2026-08-20T08:36:04+08:00][sql] SELECT * FROM `category` WHERE  `status` = 1 ORDER BY `sort` ASC [ RunTime:0.000703s ]
[2026-08-20T08:36:04+08:00][sql] SELECT `b`.`price`,`b`.`create_time`,`g`.`title`,`u`.`nickname` FROM `bid_record` `b` LEFT JOIN `goods` `g` ON `b`.`goods_id`=`g`.`id` LEFT JOIN `user` `u` ON `b`.`user_id`=`u`.`id` WHERE  `b`.`status` = '1' ORDER BY `b`.`id` DESC LIMIT 5 [ RunTime:0.000628s ]
[2026-08-20T08:36:04+08:00][sql] SHOW FULL COLUMNS FROM `news` [ RunTime:0.003177s ]
[2026-08-20T08:36:04+08:00][sql] SELECT `id`,`title`,`create_time` FROM `news` WHERE  `status` = 1 ORDER BY `id` DESC LIMIT 3 [ RunTime:0.000968s ]
[2026-08-20T08:36:04+08:00][sql] SHOW FULL COLUMNS FROM `banner` [ RunTime:0.003549s ]
[2026-08-20T08:36:04+08:00][sql] SELECT * FROM `banner` WHERE  `status` = 1 ORDER BY `sort` ASC,`id` ASC [ RunTime:0.000952s ]
[2026-08-20T08:36:06+08:00][sql] CONNECT:[ UseTime:0.026312s ] mysql:host=127.0.0.1;port=3306;dbname=auction;charset=utf8mb4
[2026-08-20T08:36:06+08:00][sql] SHOW FULL COLUMNS FROM `goods` [ RunTime:0.002484s ]
[2026-08-20T08:36:06+08:00][sql] SELECT `id` FROM `goods` WHERE  `status` = 1  AND `end_time` <= 1787186166 [ RunTime:0.001052s ]
[2026-08-20T08:36:06+08:00][sql] SHOW FULL COLUMNS FROM `setting` [ RunTime:0.001562s ]
[2026-08-20T08:36:06+08:00][sql] SELECT * FROM `setting` [ RunTime:0.000917s ]
[2026-08-20T08:36:06+08:00][sql] CONNECT:[ UseTime:0.019888s ] mysql:host=127.0.0.1;port=3306;dbname=auction;charset=utf8mb4
[2026-08-20T08:36:06+08:00][sql] SHOW FULL COLUMNS FROM `goods` [ RunTime:0.002380s ]
[2026-08-20T08:36:06+08:00][sql] SELECT `id` FROM `goods` WHERE  `status` = 1  AND `end_time` <= 1787186166 [ RunTime:0.001169s ]
[2026-08-20T08:36:06+08:00][sql] SHOW FULL COLUMNS FROM `setting` [ RunTime:0.001613s ]
[2026-08-20T08:36:06+08:00][sql] SELECT * FROM `setting` [ RunTime:0.000990s ]
[2026-08-20T08:36:09+08:00][sql] CONNECT:[ UseTime:0.012611s ] mysql:host=127.0.0.1;port=3306;dbname=auction;charset=utf8mb4
[2026-08-20T08:36:09+08:00][sql] SHOW FULL COLUMNS FROM `goods` [ RunTime:0.002276s ]
[2026-08-20T08:36:09+08:00][sql] SELECT `id` FROM `goods` WHERE  `status` = 1  AND `end_time` <= 1787186169 [ RunTime:0.000992s ]
[2026-08-20T08:36:09+08:00][sql] SHOW FULL COLUMNS FROM `setting` [ RunTime:0.001493s ]
[2026-08-20T08:36:09+08:00][sql] SELECT * FROM `setting` [ RunTime:0.000866s ]
[2026-08-20T08:36:09+08:00][sql] SHOW FULL COLUMNS FROM `user` [ RunTime:0.001690s ]
[2026-08-20T08:36:09+08:00][sql] SELECT * FROM `user` WHERE  `mobile` = '18888888867' LIMIT 1 [ RunTime:0.000947s ]
[2026-08-20T08:36:09+08:00][sql] UPDATE `user`  SET `last_login_time` = 1787186169 , `update_time` = 1787186169  WHERE  `id` = 29 [ RunTime:0.001874s ]
[2026-08-20T08:36:10+08:00][sql] CONNECT:[ UseTime:0.018969s ] mysql:host=127.0.0.1;port=3306;dbname=auction;charset=utf8mb4
[2026-08-20T08:36:10+08:00][sql] SHOW FULL COLUMNS FROM `goods` [ RunTime:0.002181s ]
[2026-08-20T08:36:10+08:00][sql] SELECT `id` FROM `goods` WHERE  `status` = 1  AND `end_time` <= 1787186170 [ RunTime:0.001039s ]
[2026-08-20T08:36:10+08:00][sql] SHOW FULL COLUMNS FROM `user` [ RunTime:0.001907s ]
[2026-08-20T08:36:10+08:00][sql] SELECT * FROM `user` WHERE  `id` = 29 LIMIT 1 [ RunTime:0.001106s ]
[2026-08-20T08:36:10+08:00][sql] SHOW FULL COLUMNS FROM `setting` [ RunTime:0.001532s ]
[2026-08-20T08:36:10+08:00][sql] SELECT * FROM `setting` [ RunTime:0.000896s ]
[2026-08-20T08:36:10+08:00][sql] SHOW FULL COLUMNS FROM `bid_record` [ RunTime:0.001604s ]
[2026-08-20T08:36:10+08:00][sql] SELECT COUNT(*) AS think_count FROM `bid_record` WHERE  `user_id` = 29 [ RunTime:0.001160s ]
[2026-08-20T08:36:10+08:00][sql] SHOW FULL COLUMNS FROM `order` [ RunTime:0.001502s ]
[2026-08-20T08:36:10+08:00][sql] SELECT COUNT(*) AS think_count FROM `order` WHERE  `buyer_id` = 29  AND `pay_status` = 1 [ RunTime:0.000790s ]
[2026-08-20T08:36:10+08:00][sql] SELECT COUNT(*) AS think_count FROM `goods` WHERE  `seller_id` = 29  AND `status` = 2 [ RunTime:0.001005s ]
[2026-08-20T08:36:10+08:00][sql] SELECT COUNT(*) AS think_count FROM `goods` WHERE  `seller_id` = 29 [ RunTime:0.000876s ]
[2026-08-20T08:36:10+08:00][sql] SELECT COUNT(*) AS think_count FROM `order` WHERE  `buyer_id` = 29  AND `pay_status` = 0  AND `order_status` = 0 [ RunTime:0.000983s ]
[2026-08-20T08:36:10+08:00][sql] SELECT COUNT(*) AS think_count FROM `order` WHERE  `seller_id` = 29  AND `order_status` = 1 [ RunTime:0.000893s ]
[2026-08-20T08:36:10+08:00][sql] SELECT COUNT(*) AS think_count FROM `order` WHERE  `buyer_id` = 29  AND `order_status` = 0  AND `pay_status` = 0 [ RunTime:0.000911s ]
[2026-08-20T08:36:10+08:00][sql] SELECT COUNT(*) AS think_count FROM `order` WHERE  `buyer_id` = 29  AND `order_status` = 1 [ RunTime:0.000907s ]
[2026-08-20T08:36:10+08:00][sql] SELECT COUNT(*) AS think_count FROM `order` WHERE  `buyer_id` = 29  AND `order_status` = 2 [ RunTime:0.000866s ]
[2026-08-20T08:36:10+08:00][sql] SELECT COUNT(*) AS think_count FROM `order` WHERE  `buyer_id` = 29  AND `order_status` = 3 [ RunTime:0.000971s ]
[2026-08-20T08:36:10+08:00][sql] SELECT COUNT(*) AS think_count FROM `order` WHERE  `seller_id` = 29  AND `order_status` = 1 [ RunTime:0.000886s ]
[2026-08-20T08:36:10+08:00][sql] SHOW FULL COLUMNS FROM `goods_favorite` [ RunTime:0.001544s ]
[2026-08-20T08:36:10+08:00][sql] SELECT COUNT(*) AS think_count FROM `goods_favorite` WHERE  `user_id` = 29 [ RunTime:0.001030s ]
[2026-08-20T08:36:10+08:00][sql] SHOW FULL COLUMNS FROM `seller_follow` [ RunTime:0.001586s ]
[2026-08-20T08:36:10+08:00][sql] SELECT COUNT(*) AS think_count FROM `seller_follow` WHERE  `user_id` = 29 [ RunTime:0.000585s ]
[2026-08-20T08:36:10+08:00][sql] SHOW FULL COLUMNS FROM `browse_history` [ RunTime:0.001537s ]
[2026-08-20T08:36:10+08:00][sql] SELECT COUNT(*) AS think_count FROM `browse_history` WHERE  `user_id` = 29 [ RunTime:0.000967s ]
[2026-08-20T08:36:10+08:00][sql] SHOW FULL COLUMNS FROM `sys_message` [ RunTime:0.001608s ]
[2026-08-20T08:36:10+08:00][sql] SELECT COUNT(*) AS think_count FROM `sys_message` WHERE  `user_id` = 29  AND `is_read` = 0 [ RunTime:0.000929s ]
[2026-08-20T08:36:10+08:00][sql] SHOW FULL COLUMNS FROM `balance_log` [ RunTime:0.001555s ]
[2026-08-20T08:36:10+08:00][sql] SELECT * FROM `balance_log` WHERE  `user_id` = 29 ORDER BY `id` DESC LIMIT 5 [ RunTime:0.000887s ]
[2026-08-20T08:36:10+08:00][sql] SELECT `b`.*,`g`.`title`,`g`.`cover`,g.status as goods_status,`g`.`end_time` FROM `bid_record` `b` LEFT JOIN `goods` `g` ON `b`.`goods_id`=`g`.`id` WHERE  `b`.`user_id` = '29' ORDER BY `b`.`id` DESC LIMIT 5 [ RunTime:0.000962s ]
[2026-08-20T08:36:10+08:00][sql] SELECT `id`,`nickname`,`mobile`,`reg_time` FROM `user` WHERE  `pid` = 29 ORDER BY `id` DESC LIMIT 10 [ RunTime:0.000901s ]
[2026-08-20T08:36:10+08:00][sql] SELECT `value` FROM `setting` WHERE  `name` = 'service_link' LIMIT 1 [ RunTime:0.000855s ]
[2026-08-20T08:36:10+08:00][sql] SELECT `is_virtual` FROM `user` WHERE  `id` = 29 LIMIT 1 [ RunTime:0.000930s ]
[2026-08-20T08:36:13+08:00][sql] CONNECT:[ UseTime:0.008249s ] mysql:host=127.0.0.1;port=3306;dbname=auction;charset=utf8mb4
[2026-08-20T08:36:13+08:00][sql] SHOW FULL COLUMNS FROM `goods` [ RunTime:0.001483s ]
[2026-08-20T08:36:13+08:00][sql] SELECT `id` FROM `goods` WHERE  `status` = 1  AND `end_time` <= 1787186173 [ RunTime:0.000735s ]
[2026-08-20T08:36:13+08:00][sql] SHOW FULL COLUMNS FROM `user` [ RunTime:0.001307s ]
[2026-08-20T08:36:13+08:00][sql] SELECT * FROM `user` WHERE  `id` = 29 LIMIT 1 [ RunTime:0.000735s ]
[2026-08-20T08:36:13+08:00][sql] SHOW FULL COLUMNS FROM `setting` [ RunTime:0.001061s ]
[2026-08-20T08:36:13+08:00][sql] SELECT * FROM `setting` [ RunTime:0.000613s ]
[2026-08-20T08:36:13+08:00][sql] SHOW FULL COLUMNS FROM `category` [ RunTime:0.001103s ]
[2026-08-20T08:36:13+08:00][sql] SELECT * FROM `category` WHERE  `status` = 1 ORDER BY `sort` ASC [ RunTime:0.000670s ]
[2026-08-20T08:36:13+08:00][sql] SELECT `value` FROM `setting` WHERE  `name` = 'publish_protocol' LIMIT 1 [ RunTime:0.000637s ]
[2026-08-20T08:36:32+08:00][sql] CONNECT:[ UseTime:0.001835s ] mysql:host=127.0.0.1;port=3306;dbname=auction;charset=utf8mb4
[2026-08-20T08:36:32+08:00][sql] SHOW FULL COLUMNS FROM `goods` [ RunTime:0.001473s ]
[2026-08-20T08:36:32+08:00][sql] SELECT `id` FROM `goods` WHERE  `status` = 1  AND `end_time` <= 1787186192 [ RunTime:0.000772s ]
[2026-08-20T08:36:32+08:00][sql] SHOW FULL COLUMNS FROM `user` [ RunTime:0.001449s ]
[2026-08-20T08:36:32+08:00][sql] SELECT * FROM `user` WHERE  `id` = 29 LIMIT 1 [ RunTime:0.000836s ]
[2026-08-20T08:36:32+08:00][sql] SHOW FULL COLUMNS FROM `setting` [ RunTime:0.001696s ]
[2026-08-20T08:36:32+08:00][sql] SELECT * FROM `setting` [ RunTime:0.000939s ]
[2026-08-20T08:36:35+08:00][sql] CONNECT:[ UseTime:0.014645s ] mysql:host=127.0.0.1;port=3306;dbname=auction;charset=utf8mb4
[2026-08-20T08:36:35+08:00][sql] SHOW FULL COLUMNS FROM `goods` [ RunTime:0.002208s ]
[2026-08-20T08:36:35+08:00][sql] SELECT `id` FROM `goods` WHERE  `status` = 1  AND `end_time` <= 1787186195 [ RunTime:0.001030s ]
[2026-08-20T08:36:35+08:00][sql] SHOW FULL COLUMNS FROM `user` [ RunTime:0.001778s ]
[2026-08-20T08:36:35+08:00][sql] SELECT * FROM `user` WHERE  `id` = 29 LIMIT 1 [ RunTime:0.000987s ]
[2026-08-20T08:36:35+08:00][sql] SHOW FULL COLUMNS FROM `setting` [ RunTime:0.001367s ]
[2026-08-20T08:36:35+08:00][sql] SELECT * FROM `setting` [ RunTime:0.000832s ]
[2026-08-20T08:36:38+08:00][sql] CONNECT:[ UseTime:0.013899s ] mysql:host=127.0.0.1;port=3306;dbname=auction;charset=utf8mb4
[2026-08-20T08:36:38+08:00][sql] SHOW FULL COLUMNS FROM `goods` [ RunTime:0.001830s ]
[2026-08-20T08:36:38+08:00][sql] SELECT `id` FROM `goods` WHERE  `status` = 1  AND `end_time` <= 1787186198 [ RunTime:0.000757s ]
[2026-08-20T08:36:38+08:00][sql] SHOW FULL COLUMNS FROM `user` [ RunTime:0.001677s ]
[2026-08-20T08:36:38+08:00][sql] SELECT * FROM `user` WHERE  `id` = 29 LIMIT 1 [ RunTime:0.000884s ]
[2026-08-20T08:36:38+08:00][sql] SHOW FULL COLUMNS FROM `setting` [ RunTime:0.001326s ]
[2026-08-20T08:36:38+08:00][sql] SELECT * FROM `setting` [ RunTime:0.000861s ]
[2026-08-20T08:36:42+08:00][sql] CONNECT:[ UseTime:0.014683s ] mysql:host=127.0.0.1;port=3306;dbname=auction;charset=utf8mb4
[2026-08-20T08:36:42+08:00][sql] SHOW FULL COLUMNS FROM `goods` [ RunTime:0.002228s ]
[2026-08-20T08:36:42+08:00][sql] SELECT `id` FROM `goods` WHERE  `status` = 1  AND `end_time` <= 1787186201 [ RunTime:0.001275s ]
[2026-08-20T08:36:42+08:00][sql] SHOW FULL COLUMNS FROM `user` [ RunTime:0.001781s ]
[2026-08-20T08:36:42+08:00][sql] SELECT * FROM `user` WHERE  `id` = 29 LIMIT 1 [ RunTime:0.001297s ]
[2026-08-20T08:36:42+08:00][sql] SHOW FULL COLUMNS FROM `setting` [ RunTime:0.001831s ]
[2026-08-20T08:36:42+08:00][sql] SELECT * FROM `setting` [ RunTime:0.001051s ]
[2026-08-20T08:36:52+08:00][sql] CONNECT:[ UseTime:0.012320s ] mysql:host=127.0.0.1;port=3306;dbname=auction;charset=utf8mb4
[2026-08-20T08:36:52+08:00][sql] SHOW FULL COLUMNS FROM `goods` [ RunTime:0.001772s ]
[2026-08-20T08:36:52+08:00][sql] SELECT `id` FROM `goods` WHERE  `status` = 1  AND `end_time` <= 1787186212 [ RunTime:0.000941s ]
[2026-08-20T08:36:52+08:00][sql] SHOW FULL COLUMNS FROM `user` [ RunTime:0.001530s ]
[2026-08-20T08:36:52+08:00][sql] SELECT * FROM `user` WHERE  `id` = 29 LIMIT 1 [ RunTime:0.000904s ]
[2026-08-20T08:36:52+08:00][sql] SHOW FULL COLUMNS FROM `setting` [ RunTime:0.001141s ]
[2026-08-20T08:36:52+08:00][sql] SELECT * FROM `setting` [ RunTime:0.000621s ]
[2026-08-20T08:36:52+08:00][sql] INSERT INTO `goods` SET `seller_id` = 29 , `category_id` = 1 , `title` = '111' , `cover` = '/uploads/20260820/083632_4854.png' , `images` = '[\"\\/uploads\\/20260820\\/083632_4854.png\",\"\\/uploads\\/20260820\\/083635_7154.png\",\"\\/uploads\\/20260820\\/083638_6756.jpeg\",\"\\/uploads\\/20260820\\/083642_5400.png\"]' , `content` = '111111111' , `start_price` = '1111' , `raise_price` = '100' , `reserve_price` = '0' , `deposit` = '10' , `commission_rate` = '0' , `start_time` = 1787186212 , `end_time` = 1787272560 , `delay_seconds` = 0 , `is_free_shipping` = 0 , `is_featured` = 0 , `status` = 0 , `create_time` = 1787186212 , `update_time` = 1787186212 [ RunTime:0.004984s ]
[2026-08-20T08:36:53+08:00][sql] CONNECT:[ UseTime:0.001652s ] mysql:host=127.0.0.1;port=3306;dbname=auction;charset=utf8mb4
[2026-08-20T08:36:53+08:00][sql] SHOW FULL COLUMNS FROM `goods` [ RunTime:0.001432s ]
[2026-08-20T08:36:53+08:00][sql] SELECT `id` FROM `goods` WHERE  `status` = 1  AND `end_time` <= 1787186212 [ RunTime:0.000756s ]
[2026-08-20T08:36:53+08:00][sql] SHOW FULL COLUMNS FROM `user` [ RunTime:0.001319s ]
[2026-08-20T08:36:53+08:00][sql] SELECT * FROM `user` WHERE  `id` = 29 LIMIT 1 [ RunTime:0.000757s ]
[2026-08-20T08:36:53+08:00][sql] SHOW FULL COLUMNS FROM `setting` [ RunTime:0.001110s ]
[2026-08-20T08:36:53+08:00][sql] SELECT * FROM `setting` [ RunTime:0.000623s ]
[2026-08-20T08:36:53+08:00][sql] SELECT COUNT(*) AS think_count FROM `goods` WHERE  `seller_id` = 29 [ RunTime:0.000846s ]
[2026-08-20T08:36:53+08:00][sql] SELECT * FROM `goods` WHERE  `seller_id` = 29 ORDER BY `id` DESC LIMIT 0,10 [ RunTime:0.000642s ]
[2026-08-20T08:36:53+08:00][sql] SHOW FULL COLUMNS FROM `bid_record` [ RunTime:0.000903s ]
[2026-08-20T08:36:53+08:00][sql] SELECT MAX(`price`) AS think_max FROM `bid_record` WHERE  `goods_id` = 36  AND `status` = 0 [ RunTime:0.000608s ]
[2026-08-20T08:37:07+08:00][sql] CONNECT:[ UseTime:0.009844s ] mysql:host=127.0.0.1;port=3306;dbname=auction;charset=utf8mb4
[2026-08-20T08:37:07+08:00][sql] SHOW FULL COLUMNS FROM `goods` [ RunTime:0.002245s ]
[2026-08-20T08:37:07+08:00][sql] SELECT `id` FROM `goods` WHERE  `status` = 1  AND `end_time` <= 1787186227 [ RunTime:0.001095s ]
[2026-08-20T08:37:07+08:00][sql] SHOW FULL COLUMNS FROM `user` [ RunTime:0.001863s ]
[2026-08-20T08:37:07+08:00][sql] SELECT * FROM `user` WHERE  `id` = 29 LIMIT 1 [ RunTime:0.001062s ]
[2026-08-20T08:37:07+08:00][sql] SHOW FULL COLUMNS FROM `setting` [ RunTime:0.001435s ]
[2026-08-20T08:37:07+08:00][sql] SELECT * FROM `setting` [ RunTime:0.000824s ]
[2026-08-20T08:37:07+08:00][sql] SELECT COUNT(*) AS think_count FROM `goods` WHERE  `seller_id` = 29 [ RunTime:0.000710s ]
[2026-08-20T08:37:07+08:00][sql] SELECT * FROM `goods` WHERE  `seller_id` = 29 ORDER BY `id` DESC LIMIT 0,10 [ RunTime:0.001012s ]
[2026-08-20T08:37:07+08:00][sql] SHOW FULL COLUMNS FROM `bid_record` [ RunTime:0.001032s ]
[2026-08-20T08:37:07+08:00][sql] SELECT MAX(`price`) AS think_max FROM `bid_record` WHERE  `goods_id` = 36  AND `status` = 0 [ RunTime:0.000526s ]
[2026-08-20T08:38:59+08:00][sql] CONNECT:[ UseTime:0.012271s ] mysql:host=127.0.0.1;port=3306;dbname=auction;charset=utf8mb4
[2026-08-20T08:38:59+08:00][sql] SHOW FULL COLUMNS FROM `goods` [ RunTime:0.001665s ]
[2026-08-20T08:38:59+08:00][sql] SELECT `id` FROM `goods` WHERE  `status` = 1  AND `end_time` <= 1787186339 [ RunTime:0.000827s ]
[2026-08-20T08:38:59+08:00][sql] SHOW FULL COLUMNS FROM `user` [ RunTime:0.001659s ]
[2026-08-20T08:38:59+08:00][sql] SELECT * FROM `user` WHERE  `id` = 29 LIMIT 1 [ RunTime:0.001065s ]
[2026-08-20T08:38:59+08:00][sql] SHOW FULL COLUMNS FROM `setting` [ RunTime:0.001301s ]
[2026-08-20T08:38:59+08:00][sql] SELECT * FROM `setting` [ RunTime:0.000700s ]
[2026-08-20T08:38:59+08:00][sql] SHOW FULL COLUMNS FROM `bid_record` [ RunTime:0.001789s ]
[2026-08-20T08:38:59+08:00][sql] SELECT COUNT(*) AS think_count FROM `bid_record` WHERE  `user_id` = 29 [ RunTime:0.001027s ]
[2026-08-20T08:38:59+08:00][sql] SHOW FULL COLUMNS FROM `order` [ RunTime:0.001660s ]
[2026-08-20T08:38:59+08:00][sql] SELECT COUNT(*) AS think_count FROM `order` WHERE  `buyer_id` = 29  AND `pay_status` = 1 [ RunTime:0.000857s ]
[2026-08-20T08:38:59+08:00][sql] SELECT COUNT(*) AS think_count FROM `goods` WHERE  `seller_id` = 29  AND `status` = 2 [ RunTime:0.000818s ]
[2026-08-20T08:38:59+08:00][sql] SELECT COUNT(*) AS think_count FROM `goods` WHERE  `seller_id` = 29 [ RunTime:0.000781s ]
[2026-08-20T08:38:59+08:00][sql] SELECT COUNT(*) AS think_count FROM `order` WHERE  `buyer_id` = 29  AND `pay_status` = 0  AND `order_status` = 0 [ RunTime:0.000704s ]
[2026-08-20T08:38:59+08:00][sql] SELECT COUNT(*) AS think_count FROM `order` WHERE  `seller_id` = 29  AND `order_status` = 1 [ RunTime:0.000686s ]
[2026-08-20T08:38:59+08:00][sql] SELECT COUNT(*) AS think_count FROM `order` WHERE  `buyer_id` = 29  AND `order_status` = 0  AND `pay_status` = 0 [ RunTime:0.000662s ]
[2026-08-20T08:38:59+08:00][sql] SELECT COUNT(*) AS think_count FROM `order` WHERE  `buyer_id` = 29  AND `order_status` = 1 [ RunTime:0.000622s ]
[2026-08-20T08:38:59+08:00][sql] SELECT COUNT(*) AS think_count FROM `order` WHERE  `buyer_id` = 29  AND `order_status` = 2 [ RunTime:0.000486s ]
[2026-08-20T08:38:59+08:00][sql] SELECT COUNT(*) AS think_count FROM `order` WHERE  `buyer_id` = 29  AND `order_status` = 3 [ RunTime:0.000462s ]
[2026-08-20T08:38:59+08:00][sql] SELECT COUNT(*) AS think_count FROM `order` WHERE  `seller_id` = 29  AND `order_status` = 1 [ RunTime:0.000474s ]
[2026-08-20T08:38:59+08:00][sql] SHOW FULL COLUMNS FROM `goods_favorite` [ RunTime:0.001007s ]
[2026-08-20T08:38:59+08:00][sql] SELECT COUNT(*) AS think_count FROM `goods_favorite` WHERE  `user_id` = 29 [ RunTime:0.000653s ]
[2026-08-20T08:38:59+08:00][sql] SHOW FULL COLUMNS FROM `seller_follow` [ RunTime:0.001606s ]
[2026-08-20T08:38:59+08:00][sql] SELECT COUNT(*) AS think_count FROM `seller_follow` WHERE  `user_id` = 29 [ RunTime:0.001136s ]
[2026-08-20T08:38:59+08:00][sql] SHOW FULL COLUMNS FROM `browse_history` [ RunTime:0.001548s ]
[2026-08-20T08:38:59+08:00][sql] SELECT COUNT(*) AS think_count FROM `browse_history` WHERE  `user_id` = 29 [ RunTime:0.001062s ]
[2026-08-20T08:38:59+08:00][sql] SHOW FULL COLUMNS FROM `sys_message` [ RunTime:0.001064s ]
[2026-08-20T08:38:59+08:00][sql] SELECT COUNT(*) AS think_count FROM `sys_message` WHERE  `user_id` = 29  AND `is_read` = 0 [ RunTime:0.000729s ]
[2026-08-20T08:38:59+08:00][sql] SHOW FULL COLUMNS FROM `balance_log` [ RunTime:0.001150s ]
[2026-08-20T08:38:59+08:00][sql] SELECT * FROM `balance_log` WHERE  `user_id` = 29 ORDER BY `id` DESC LIMIT 5 [ RunTime:0.000901s ]
[2026-08-20T08:38:59+08:00][sql] SELECT `b`.*,`g`.`title`,`g`.`cover`,g.status as goods_status,`g`.`end_time` FROM `bid_record` `b` LEFT JOIN `goods` `g` ON `b`.`goods_id`=`g`.`id` WHERE  `b`.`user_id` = '29' ORDER BY `b`.`id` DESC LIMIT 5 [ RunTime:0.000894s ]
[2026-08-20T08:38:59+08:00][sql] SELECT `id`,`nickname`,`mobile`,`reg_time` FROM `user` WHERE  `pid` = 29 ORDER BY `id` DESC LIMIT 10 [ RunTime:0.000828s ]
[2026-08-20T08:38:59+08:00][sql] SELECT `value` FROM `setting` WHERE  `name` = 'service_link' LIMIT 1 [ RunTime:0.000676s ]
[2026-08-20T08:38:59+08:00][sql] SELECT `is_virtual` FROM `user` WHERE  `id` = 29 LIMIT 1 [ RunTime:0.000720s ]
[2026-08-20T08:39:03+08:00][sql] CONNECT:[ UseTime:0.001808s ] mysql:host=127.0.0.1;port=3306;dbname=auction;charset=utf8mb4
[2026-08-20T08:39:03+08:00][sql] SHOW FULL COLUMNS FROM `goods` [ RunTime:0.001822s ]
[2026-08-20T08:39:03+08:00][sql] SELECT `id` FROM `goods` WHERE  `status` = 1  AND `end_time` <= 1787186343 [ RunTime:0.001459s ]
[2026-08-20T08:39:03+08:00][sql] SHOW FULL COLUMNS FROM `user` [ RunTime:0.002011s ]
[2026-08-20T08:39:03+08:00][sql] SELECT * FROM `user` WHERE  `id` = 29 LIMIT 1 [ RunTime:0.001125s ]
[2026-08-20T08:39:03+08:00][sql] SHOW FULL COLUMNS FROM `setting` [ RunTime:0.001360s ]
[2026-08-20T08:39:03+08:00][sql] SELECT * FROM `setting` [ RunTime:0.000796s ]
[2026-08-20T08:39:03+08:00][sql] SHOW FULL COLUMNS FROM `sys_message` [ RunTime:0.001421s ]
[2026-08-20T08:39:03+08:00][sql] SELECT COUNT(*) AS think_count FROM `sys_message` WHERE  `user_id` = 29 [ RunTime:0.000754s ]
[2026-08-20T08:39:03+08:00][sql] SELECT * FROM `sys_message` WHERE  `user_id` = 29 ORDER BY `id` DESC LIMIT 0,15 [ RunTime:0.000758s ]
[2026-08-20T08:39:27+08:00][sql] CONNECT:[ UseTime:0.021060s ] mysql:host=127.0.0.1;port=3306;dbname=auction;charset=utf8mb4
[2026-08-20T08:39:27+08:00][sql] SHOW FULL COLUMNS FROM `goods` [ RunTime:0.001871s ]
[2026-08-20T08:39:27+08:00][sql] SELECT `id` FROM `goods` WHERE  `status` = 1  AND `end_time` <= 1787186367 [ RunTime:0.000814s ]
[2026-08-20T08:39:27+08:00][sql] SHOW FULL COLUMNS FROM `user` [ RunTime:0.001459s ]
[2026-08-20T08:39:27+08:00][sql] SELECT * FROM `user` WHERE  `id` = 29 LIMIT 1 [ RunTime:0.000848s ]
[2026-08-20T08:39:27+08:00][sql] SHOW FULL COLUMNS FROM `setting` [ RunTime:0.001160s ]
[2026-08-20T08:39:27+08:00][sql] SELECT * FROM `setting` [ RunTime:0.000636s ]
[2026-08-20T08:51:15+08:00][sql] CONNECT:[ UseTime:0.005624s ] mysql:host=127.0.0.1;port=3306;dbname=auction;charset=utf8mb4
[2026-08-20T08:51:15+08:00][sql] SHOW FULL COLUMNS FROM `goods` [ RunTime:0.006544s ]
[2026-08-20T08:51:15+08:00][sql] SELECT `id` FROM `goods` WHERE  `status` = 1  AND `end_time` <= 1787187075 [ RunTime:0.001001s ]
[2026-08-20T08:51:15+08:00][sql] SHOW FULL COLUMNS FROM `user` [ RunTime:0.001850s ]
[2026-08-20T08:51:15+08:00][sql] SELECT * FROM `user` WHERE  `id` = 29 LIMIT 1 [ RunTime:0.001171s ]
[2026-08-20T08:51:15+08:00][sql] SHOW FULL COLUMNS FROM `setting` [ RunTime:0.001272s ]
[2026-08-20T08:51:15+08:00][sql] SELECT * FROM `setting` [ RunTime:0.000714s ]
[2026-08-20T08:51:15+08:00][sql] SHOW FULL COLUMNS FROM `bid_record` [ RunTime:0.001540s ]
[2026-08-20T08:51:15+08:00][sql] SELECT COUNT(*) AS think_count FROM `bid_record` WHERE  `user_id` = 29 [ RunTime:0.000909s ]
[2026-08-20T08:51:15+08:00][sql] SHOW FULL COLUMNS FROM `order` [ RunTime:0.002372s ]
[2026-08-20T08:51:15+08:00][sql] SELECT COUNT(*) AS think_count FROM `order` WHERE  `buyer_id` = 29  AND `pay_status` = 1 [ RunTime:0.000891s ]
[2026-08-20T08:51:15+08:00][sql] SELECT COUNT(*) AS think_count FROM `goods` WHERE  `seller_id` = 29  AND `status` = 2 [ RunTime:0.000737s ]
[2026-08-20T08:51:15+08:00][sql] SELECT COUNT(*) AS think_count FROM `goods` WHERE  `seller_id` = 29 [ RunTime:0.000708s ]
[2026-08-20T08:51:15+08:00][sql] SELECT COUNT(*) AS think_count FROM `order` WHERE  `buyer_id` = 29  AND `pay_status` = 0  AND `order_status` = 0 [ RunTime:0.000778s ]
[2026-08-20T08:51:15+08:00][sql] SELECT COUNT(*) AS think_count FROM `order` WHERE  `seller_id` = 29  AND `order_status` = 1 [ RunTime:0.001048s ]
[2026-08-20T08:51:15+08:00][sql] SELECT COUNT(*) AS think_count FROM `order` WHERE  `buyer_id` = 29  AND `order_status` = 0  AND `pay_status` = 0 [ RunTime:0.000712s ]
[2026-08-20T08:51:15+08:00][sql] SELECT COUNT(*) AS think_count FROM `order` WHERE  `buyer_id` = 29  AND `order_status` = 1 [ RunTime:0.000640s ]
[2026-08-20T08:51:15+08:00][sql] SELECT COUNT(*) AS think_count FROM `order` WHERE  `buyer_id` = 29  AND `order_status` = 2 [ RunTime:0.000620s ]
[2026-08-20T08:51:15+08:00][sql] SELECT COUNT(*) AS think_count FROM `order` WHERE  `buyer_id` = 29  AND `order_status` = 3 [ RunTime:0.000660s ]
[2026-08-20T08:51:15+08:00][sql] SELECT COUNT(*) AS think_count FROM `order` WHERE  `seller_id` = 29  AND `order_status` = 1 [ RunTime:0.000610s ]
[2026-08-20T08:51:15+08:00][sql] SHOW FULL COLUMNS FROM `goods_favorite` [ RunTime:0.001151s ]
[2026-08-20T08:51:15+08:00][sql] SELECT COUNT(*) AS think_count FROM `goods_favorite` WHERE  `user_id` = 29 [ RunTime:0.000555s ]
[2026-08-20T08:51:15+08:00][sql] SHOW FULL COLUMNS FROM `seller_follow` [ RunTime:0.001052s ]
[2026-08-20T08:51:15+08:00][sql] SELECT COUNT(*) AS think_count FROM `seller_follow` WHERE  `user_id` = 29 [ RunTime:0.000669s ]
[2026-08-20T08:51:15+08:00][sql] SHOW FULL COLUMNS FROM `browse_history` [ RunTime:0.001122s ]
[2026-08-20T08:51:15+08:00][sql] SELECT COUNT(*) AS think_count FROM `browse_history` WHERE  `user_id` = 29 [ RunTime:0.000646s ]
[2026-08-20T08:51:15+08:00][sql] SHOW FULL COLUMNS FROM `sys_message` [ RunTime:0.001139s ]
[2026-08-20T08:51:15+08:00][sql] SELECT COUNT(*) AS think_count FROM `sys_message` WHERE  `user_id` = 29  AND `is_read` = 0 [ RunTime:0.000788s ]
[2026-08-20T08:51:15+08:00][sql] SHOW FULL COLUMNS FROM `balance_log` [ RunTime:0.001199s ]
[2026-08-20T08:51:15+08:00][sql] SELECT * FROM `balance_log` WHERE  `user_id` = 29 ORDER BY `id` DESC LIMIT 5 [ RunTime:0.000663s ]
[2026-08-20T08:51:15+08:00][sql] SELECT `b`.*,`g`.`title`,`g`.`cover`,g.status as goods_status,`g`.`end_time` FROM `bid_record` `b` LEFT JOIN `goods` `g` ON `b`.`goods_id`=`g`.`id` WHERE  `b`.`user_id` = '29' ORDER BY `b`.`id` DESC LIMIT 5 [ RunTime:0.000812s ]
[2026-08-20T08:51:15+08:00][sql] SELECT `id`,`nickname`,`mobile`,`reg_time` FROM `user` WHERE  `pid` = 29 ORDER BY `id` DESC LIMIT 10 [ RunTime:0.000695s ]
[2026-08-20T08:51:15+08:00][sql] SELECT `value` FROM `setting` WHERE  `name` = 'service_link' LIMIT 1 [ RunTime:0.000560s ]
[2026-08-20T08:51:15+08:00][sql] SELECT `is_virtual` FROM `user` WHERE  `id` = 29 LIMIT 1 [ RunTime:0.000739s ]
[2026-08-20T08:51:17+08:00][sql] CONNECT:[ UseTime:0.020596s ] mysql:host=127.0.0.1;port=3306;dbname=auction;charset=utf8mb4
[2026-08-20T08:51:17+08:00][sql] SHOW FULL COLUMNS FROM `goods` [ RunTime:0.002122s ]
[2026-08-20T08:51:17+08:00][sql] SELECT `id` FROM `goods` WHERE  `status` = 1  AND `end_time` <= 1787187077 [ RunTime:0.001094s ]
[2026-08-20T08:51:17+08:00][sql] SHOW FULL COLUMNS FROM `user` [ RunTime:0.001973s ]
[2026-08-20T08:51:17+08:00][sql] SELECT * FROM `user` WHERE  `id` = 29 LIMIT 1 [ RunTime:0.001163s ]
[2026-08-20T08:51:17+08:00][sql] SHOW FULL COLUMNS FROM `setting` [ RunTime:0.001243s ]
[2026-08-20T08:51:17+08:00][sql] SELECT * FROM `setting` [ RunTime:0.000856s ]
[2026-08-20T08:51:26+08:00][sql] CONNECT:[ UseTime:0.012694s ] mysql:host=127.0.0.1;port=3306;dbname=auction;charset=utf8mb4
[2026-08-20T08:51:26+08:00][sql] SHOW FULL COLUMNS FROM `goods` [ RunTime:0.002013s ]
[2026-08-20T08:51:26+08:00][sql] SELECT `id` FROM `goods` WHERE  `status` = 1  AND `end_time` <= 1787187086 [ RunTime:0.000982s ]
[2026-08-20T08:51:26+08:00][sql] SHOW FULL COLUMNS FROM `user` [ RunTime:0.001756s ]
[2026-08-20T08:51:26+08:00][sql] SELECT * FROM `user` WHERE  `id` = 29 LIMIT 1 [ RunTime:0.000962s ]
[2026-08-20T08:51:26+08:00][sql] SHOW FULL COLUMNS FROM `setting` [ RunTime:0.001346s ]
[2026-08-20T08:51:26+08:00][sql] SELECT * FROM `setting` [ RunTime:0.000773s ]
[2026-08-20T08:51:26+08:00][sql] UPDATE `user`  SET `nickname` = 'rrrr' , `update_time` = 1787187086 , `shop_name` = '111' , `company_name` = '2222'  WHERE  `id` = 29 [ RunTime:0.002279s ]
[2026-08-20T08:51:27+08:00][sql] CONNECT:[ UseTime:0.018344s ] mysql:host=127.0.0.1;port=3306;dbname=auction;charset=utf8mb4
[2026-08-20T08:51:27+08:00][sql] SHOW FULL COLUMNS FROM `goods` [ RunTime:0.002835s ]
[2026-08-20T08:51:27+08:00][sql] SELECT `id` FROM `goods` WHERE  `status` = 1  AND `end_time` <= 1787187087 [ RunTime:0.001142s ]
[2026-08-20T08:51:27+08:00][sql] SHOW FULL COLUMNS FROM `user` [ RunTime:0.002018s ]
[2026-08-20T08:51:27+08:00][sql] SELECT * FROM `user` WHERE  `id` = 29 LIMIT 1 [ RunTime:0.001115s ]
[2026-08-20T08:51:27+08:00][sql] SHOW FULL COLUMNS FROM `setting` [ RunTime:0.001502s ]
[2026-08-20T08:51:27+08:00][sql] SELECT * FROM `setting` [ RunTime:0.000885s ]
[2026-08-20T08:51:27+08:00][sql] SHOW FULL COLUMNS FROM `bid_record` [ RunTime:0.001771s ]
[2026-08-20T08:51:27+08:00][sql] SELECT COUNT(*) AS think_count FROM `bid_record` WHERE  `user_id` = 29 [ RunTime:0.001001s ]
[2026-08-20T08:51:27+08:00][sql] SHOW FULL COLUMNS FROM `order` [ RunTime:0.001851s ]
[2026-08-20T08:51:27+08:00][sql] SELECT COUNT(*) AS think_count FROM `order` WHERE  `buyer_id` = 29  AND `pay_status` = 1 [ RunTime:0.000936s ]
[2026-08-20T08:51:27+08:00][sql] SELECT COUNT(*) AS think_count FROM `goods` WHERE  `seller_id` = 29  AND `status` = 2 [ RunTime:0.000952s ]
[2026-08-20T08:51:27+08:00][sql] SELECT COUNT(*) AS think_count FROM `goods` WHERE  `seller_id` = 29 [ RunTime:0.000888s ]
[2026-08-20T08:51:27+08:00][sql] SELECT COUNT(*) AS think_count FROM `order` WHERE  `buyer_id` = 29  AND `pay_status` = 0  AND `order_status` = 0 [ RunTime:0.000916s ]
[2026-08-20T08:51:27+08:00][sql] SELECT COUNT(*) AS think_count FROM `order` WHERE  `seller_id` = 29  AND `order_status` = 1 [ RunTime:0.000914s ]
[2026-08-20T08:51:27+08:00][sql] SELECT COUNT(*) AS think_count FROM `order` WHERE  `buyer_id` = 29  AND `order_status` = 0  AND `pay_status` = 0 [ RunTime:0.000894s ]
[2026-08-20T08:51:27+08:00][sql] SELECT COUNT(*) AS think_count FROM `order` WHERE  `buyer_id` = 29  AND `order_status` = 1 [ RunTime:0.000859s ]
[2026-08-20T08:51:27+08:00][sql] SELECT COUNT(*) AS think_count FROM `order` WHERE  `buyer_id` = 29  AND `order_status` = 2 [ RunTime:0.000872s ]
[2026-08-20T08:51:27+08:00][sql] SELECT COUNT(*) AS think_count FROM `order` WHERE  `buyer_id` = 29  AND `order_status` = 3 [ RunTime:0.001112s ]
[2026-08-20T08:51:27+08:00][sql] SELECT COUNT(*) AS think_count FROM `order` WHERE  `seller_id` = 29  AND `order_status` = 1 [ RunTime:0.000990s ]
[2026-08-20T08:51:27+08:00][sql] SHOW FULL COLUMNS FROM `goods_favorite` [ RunTime:0.001336s ]
[2026-08-20T08:51:27+08:00][sql] SELECT COUNT(*) AS think_count FROM `goods_favorite` WHERE  `user_id` = 29 [ RunTime:0.001045s ]
[2026-08-20T08:51:27+08:00][sql] SHOW FULL COLUMNS FROM `seller_follow` [ RunTime:0.001722s ]
[2026-08-20T08:51:27+08:00][sql] SELECT COUNT(*) AS think_count FROM `seller_follow` WHERE  `user_id` = 29 [ RunTime:0.001007s ]
[2026-08-20T08:51:27+08:00][sql] SHOW FULL COLUMNS FROM `browse_history` [ RunTime:0.001501s ]
[2026-08-20T08:51:27+08:00][sql] SELECT COUNT(*) AS think_count FROM `browse_history` WHERE  `user_id` = 29 [ RunTime:0.000913s ]
[2026-08-20T08:51:27+08:00][sql] SHOW FULL COLUMNS FROM `sys_message` [ RunTime:0.003891s ]
[2026-08-20T08:51:27+08:00][sql] SELECT COUNT(*) AS think_count FROM `sys_message` WHERE  `user_id` = 29  AND `is_read` = 0 [ RunTime:0.001008s ]
[2026-08-20T08:51:27+08:00][sql] SHOW FULL COLUMNS FROM `balance_log` [ RunTime:0.001637s ]
[2026-08-20T08:51:27+08:00][sql] SELECT * FROM `balance_log` WHERE  `user_id` = 29 ORDER BY `id` DESC LIMIT 5 [ RunTime:0.000844s ]
[2026-08-20T08:51:27+08:00][sql] SELECT `b`.*,`g`.`title`,`g`.`cover`,g.status as goods_status,`g`.`end_time` FROM `bid_record` `b` LEFT JOIN `goods` `g` ON `b`.`goods_id`=`g`.`id` WHERE  `b`.`user_id` = '29' ORDER BY `b`.`id` DESC LIMIT 5 [ RunTime:0.000646s ]
[2026-08-20T08:51:27+08:00][sql] SELECT `id`,`nickname`,`mobile`,`reg_time` FROM `user` WHERE  `pid` = 29 ORDER BY `id` DESC LIMIT 10 [ RunTime:0.000938s ]
[2026-08-20T08:51:27+08:00][sql] SELECT `value` FROM `setting` WHERE  `name` = 'service_link' LIMIT 1 [ RunTime:0.000870s ]
[2026-08-20T08:51:27+08:00][sql] SELECT `is_virtual` FROM `user` WHERE  `id` = 29 LIMIT 1 [ RunTime:0.000848s ]
[2026-08-20T08:51:30+08:00][sql] CONNECT:[ UseTime:0.009036s ] mysql:host=127.0.0.1;port=3306;dbname=auction;charset=utf8mb4
[2026-08-20T08:51:30+08:00][sql] SHOW FULL COLUMNS FROM `goods` [ RunTime:0.001380s ]
[2026-08-20T08:51:30+08:00][sql] SELECT `id` FROM `goods` WHERE  `status` = 1  AND `end_time` <= 1787187090 [ RunTime:0.001121s ]
[2026-08-20T08:51:30+08:00][sql] SHOW FULL COLUMNS FROM `user` [ RunTime:0.002096s ]
[2026-08-20T08:51:30+08:00][sql] SELECT * FROM `user` WHERE  `id` = 29 LIMIT 1 [ RunTime:0.001132s ]
[2026-08-20T08:51:30+08:00][sql] SHOW FULL COLUMNS FROM `setting` [ RunTime:0.001514s ]
[2026-08-20T08:51:30+08:00][sql] SELECT * FROM `setting` [ RunTime:0.000845s ]
[2026-08-20T08:51:30+08:00][sql] SELECT COUNT(*) AS think_count FROM `goods` WHERE  `seller_id` = 29 [ RunTime:0.000828s ]
[2026-08-20T08:51:30+08:00][sql] SELECT * FROM `goods` WHERE  `seller_id` = 29 ORDER BY `id` DESC LIMIT 0,10 [ RunTime:0.000923s ]
[2026-08-20T08:51:30+08:00][sql] SHOW FULL COLUMNS FROM `bid_record` [ RunTime:0.001309s ]
[2026-08-20T08:51:30+08:00][sql] SELECT MAX(`price`) AS think_max FROM `bid_record` WHERE  `goods_id` = 36  AND `status` = 0 [ RunTime:0.000669s ]
[2026-08-20T08:51:57+08:00][sql] CONNECT:[ UseTime:0.020721s ] mysql:host=127.0.0.1;port=3306;dbname=auction;charset=utf8mb4
[2026-08-20T08:51:57+08:00][sql] SHOW FULL COLUMNS FROM `goods` [ RunTime:0.001944s ]
[2026-08-20T08:51:57+08:00][sql] SELECT `id` FROM `goods` WHERE  `status` = 1  AND `end_time` <= 1787187117 [ RunTime:0.001071s ]
[2026-08-20T08:51:57+08:00][sql] SHOW FULL COLUMNS FROM `user` [ RunTime:0.001908s ]
[2026-08-20T08:51:57+08:00][sql] SELECT * FROM `user` WHERE  `id` = 29 LIMIT 1 [ RunTime:0.001043s ]
[2026-08-20T08:51:57+08:00][sql] SHOW FULL COLUMNS FROM `setting` [ RunTime:0.001474s ]
[2026-08-20T08:51:57+08:00][sql] SELECT * FROM `setting` [ RunTime:0.000834s ]
[2026-08-20T08:51:57+08:00][sql] SELECT COUNT(*) AS think_count FROM `goods` `g` LEFT JOIN `user` `u` ON `g`.`seller_id`=`u`.`id` WHERE  `g`.`status` = '1'  AND `g`.`start_time` <= '1787187117'  AND `g`.`end_time` > '1787187117' [ RunTime:0.001038s ]
[2026-08-20T08:51:57+08:00][sql] SELECT `g`.*,u.nickname as seller_name FROM `goods` `g` LEFT JOIN `user` `u` ON `g`.`seller_id`=`u`.`id` WHERE  `g`.`status` = '1'  AND `g`.`start_time` <= '1787187117'  AND `g`.`end_time` > '1787187117' ORDER BY `g`.`end_time` ASC,`g`.`id` DESC LIMIT 0,10 [ RunTime:0.001193s ]
[2026-08-20T08:51:57+08:00][sql] SHOW FULL COLUMNS FROM `bid_record` [ RunTime:0.001209s ]
[2026-08-20T08:51:57+08:00][sql] SELECT MAX(`price`) AS think_max FROM `bid_record` WHERE  `goods_id` = 33  AND `status` = 0 [ RunTime:0.000767s ]
[2026-08-20T08:51:57+08:00][sql] SELECT MAX(`price`) AS think_max FROM `bid_record` WHERE  `goods_id` = 30  AND `status` = 0 [ RunTime:0.000435s ]
[2026-08-20T08:51:57+08:00][sql] SELECT MAX(`price`) AS think_max FROM `bid_record` WHERE  `goods_id` = 36  AND `status` = 0 [ RunTime:0.000594s ]
[2026-08-20T08:51:57+08:00][sql] SHOW FULL COLUMNS FROM `category` [ RunTime:0.001596s ]
[2026-08-20T08:51:57+08:00][sql] SELECT * FROM `category` WHERE  `status` = 1 ORDER BY `sort` ASC [ RunTime:0.000949s ]
[2026-08-20T08:51:57+08:00][sql] SELECT `b`.`price`,`b`.`create_time`,`g`.`title`,`u`.`nickname` FROM `bid_record` `b` LEFT JOIN `goods` `g` ON `b`.`goods_id`=`g`.`id` LEFT JOIN `user` `u` ON `b`.`user_id`=`u`.`id` WHERE  `b`.`status` = '1' ORDER BY `b`.`id` DESC LIMIT 5 [ RunTime:0.001086s ]
[2026-08-20T08:51:57+08:00][sql] SHOW FULL COLUMNS FROM `news` [ RunTime:0.001447s ]
[2026-08-20T08:51:57+08:00][sql] SELECT `id`,`title`,`create_time` FROM `news` WHERE  `status` = 1 ORDER BY `id` DESC LIMIT 3 [ RunTime:0.000866s ]
[2026-08-20T08:51:57+08:00][sql] SHOW FULL COLUMNS FROM `banner` [ RunTime:0.001428s ]
[2026-08-20T08:51:57+08:00][sql] SELECT * FROM `banner` WHERE  `status` = 1 ORDER BY `sort` ASC,`id` ASC [ RunTime:0.000841s ]
[2026-08-20T08:51:59+08:00][sql] CONNECT:[ UseTime:0.006122s ] mysql:host=127.0.0.1;port=3306;dbname=auction;charset=utf8mb4
[2026-08-20T08:51:59+08:00][sql] SHOW FULL COLUMNS FROM `goods` [ RunTime:0.002202s ]
[2026-08-20T08:51:59+08:00][sql] SELECT `id` FROM `goods` WHERE  `status` = 1  AND `end_time` <= 1787187119 [ RunTime:0.001133s ]
[2026-08-20T08:51:59+08:00][sql] SHOW FULL COLUMNS FROM `user` [ RunTime:0.002014s ]
[2026-08-20T08:51:59+08:00][sql] SELECT * FROM `user` WHERE  `id` = 29 LIMIT 1 [ RunTime:0.001135s ]
[2026-08-20T08:51:59+08:00][sql] SHOW FULL COLUMNS FROM `setting` [ RunTime:0.001479s ]
[2026-08-20T08:51:59+08:00][sql] SELECT * FROM `setting` [ RunTime:0.000862s ]
[2026-08-20T08:51:59+08:00][sql] SELECT `g`.*,u.nickname as seller_name,u.shop_name as seller_shop,u.avatar as seller_avatar,`u`.`seller_intro`,u.deposit as seller_deposit,`u`.`shop_score`,`u`.`fans_count`,c.name as category_name FROM `goods` `g` LEFT JOIN `user` `u` ON `g`.`seller_id`=`u`.`id` LEFT JOIN `category` `c` ON `g`.`category_id`=`c`.`id` WHERE  `g`.`id` = '33' LIMIT 1 [ RunTime:0.001058s ]
[2026-08-20T08:51:59+08:00][sql] UPDATE `goods`  SET `view_count` = `view_count` + 1  WHERE  `id` = 33 [ RunTime:0.002418s ]
[2026-08-20T08:51:59+08:00][sql] SHOW FULL COLUMNS FROM `bid_record` [ RunTime:0.000950s ]
[2026-08-20T08:51:59+08:00][sql] SELECT `b`.*,`u`.`nickname`,`u`.`mobile` FROM `bid_record` `b` LEFT JOIN `user` `u` ON `b`.`user_id`=`u`.`id` WHERE  `b`.`goods_id` = '33'  AND `b`.`status` = '0' ORDER BY `b`.`price` DESC,`b`.`id` ASC LIMIT 1 [ RunTime:0.001005s ]
[2026-08-20T08:51:59+08:00][sql] SELECT `b`.*,`u`.`nickname`,`u`.`mobile` FROM `bid_record` `b` LEFT JOIN `user` `u` ON `b`.`user_id`=`u`.`id` WHERE  `b`.`goods_id` = '33' ORDER BY `b`.`price` DESC,`b`.`id` ASC LIMIT 50 [ RunTime:0.001199s ]
[2026-08-20T08:51:59+08:00][sql] SELECT MAX(`price`) AS think_max FROM `bid_record` WHERE  `goods_id` = 33  AND `user_id` = 29  AND `status` = 0 [ RunTime:0.000959s ]
[2026-08-20T08:51:59+08:00][sql] SELECT MAX(`deposit`) AS think_max FROM `bid_record` WHERE  `goods_id` = 33  AND `user_id` = 29  AND `deposit` > '0' [ RunTime:0.000950s ]
[2026-08-20T08:51:59+08:00][sql] SHOW FULL COLUMNS FROM `browse_history` [ RunTime:0.001492s ]
[2026-08-20T08:51:59+08:00][sql] REPLACE INTO `browse_history` SET `user_id` = 29 , `goods_id` = 33 , `create_time` = 1787187119 [ RunTime:0.001944s ]
[2026-08-20T08:51:59+08:00][sql] SHOW FULL COLUMNS FROM `goods_favorite` [ RunTime:0.003433s ]
[2026-08-20T08:51:59+08:00][sql] SELECT COUNT(*) AS think_count FROM `goods_favorite` WHERE  `user_id` = 29  AND `goods_id` = 33 [ RunTime:0.000881s ]
[2026-08-20T08:51:59+08:00][sql] SHOW FULL COLUMNS FROM `seller_follow` [ RunTime:0.001484s ]
[2026-08-20T08:51:59+08:00][sql] SELECT COUNT(*) AS think_count FROM `seller_follow` WHERE  `user_id` = 29  AND `seller_id` = 25 [ RunTime:0.000910s ]
[2026-08-20T08:53:57+08:00][sql] CONNECT:[ UseTime:0.002089s ] mysql:host=127.0.0.1;port=3306;dbname=auction;charset=utf8mb4
[2026-08-20T08:53:57+08:00][sql] SHOW FULL COLUMNS FROM `goods` [ RunTime:0.001566s ]
[2026-08-20T08:53:57+08:00][sql] SELECT `id` FROM `goods` WHERE  `status` = 1  AND `end_time` <= 1787187237 [ RunTime:0.000733s ]
[2026-08-20T08:53:57+08:00][sql] SHOW FULL COLUMNS FROM `user` [ RunTime:0.001254s ]
[2026-08-20T08:53:57+08:00][sql] SELECT * FROM `user` WHERE  `id` = 29 LIMIT 1 [ RunTime:0.000736s ]
[2026-08-20T08:53:57+08:00][sql] SHOW FULL COLUMNS FROM `setting` [ RunTime:0.001098s ]
[2026-08-20T08:53:57+08:00][sql] SELECT * FROM `setting` [ RunTime:0.000775s ]
[2026-08-20T08:53:57+08:00][sql] SELECT `g`.*,u.nickname as seller_name,u.shop_name as seller_shop,u.avatar as seller_avatar,`u`.`seller_intro`,u.deposit as seller_deposit,`u`.`shop_score`,`u`.`fans_count`,c.name as category_name FROM `goods` `g` LEFT JOIN `user` `u` ON `g`.`seller_id`=`u`.`id` LEFT JOIN `category` `c` ON `g`.`category_id`=`c`.`id` WHERE  `g`.`id` = '33' LIMIT 1 [ RunTime:0.001006s ]
[2026-08-20T08:53:57+08:00][sql] UPDATE `goods`  SET `view_count` = `view_count` + 1  WHERE  `id` = 33 [ RunTime:0.004426s ]
[2026-08-20T08:53:57+08:00][sql] SHOW FULL COLUMNS FROM `bid_record` [ RunTime:0.001106s ]
[2026-08-20T08:53:57+08:00][sql] SELECT `b`.*,`u`.`nickname`,`u`.`mobile` FROM `bid_record` `b` LEFT JOIN `user` `u` ON `b`.`user_id`=`u`.`id` WHERE  `b`.`goods_id` = '33'  AND `b`.`status` = '0' ORDER BY `b`.`price` DESC,`b`.`id` ASC LIMIT 1 [ RunTime:0.000879s ]
[2026-08-20T08:53:57+08:00][sql] SELECT `b`.*,`u`.`nickname`,`u`.`mobile` FROM `bid_record` `b` LEFT JOIN `user` `u` ON `b`.`user_id`=`u`.`id` WHERE  `b`.`goods_id` = '33' ORDER BY `b`.`price` DESC,`b`.`id` ASC LIMIT 50 [ RunTime:0.000769s ]
[2026-08-20T08:53:57+08:00][sql] SELECT MAX(`price`) AS think_max FROM `bid_record` WHERE  `goods_id` = 33  AND `user_id` = 29  AND `status` = 0 [ RunTime:0.000729s ]
[2026-08-20T08:53:57+08:00][sql] SELECT MAX(`deposit`) AS think_max FROM `bid_record` WHERE  `goods_id` = 33  AND `user_id` = 29  AND `deposit` > '0' [ RunTime:0.000707s ]
[2026-08-20T08:53:57+08:00][sql] SHOW FULL COLUMNS FROM `browse_history` [ RunTime:0.001396s ]
[2026-08-20T08:53:57+08:00][sql] REPLACE INTO `browse_history` SET `user_id` = 29 , `goods_id` = 33 , `create_time` = 1787187237 [ RunTime:0.002169s ]
[2026-08-20T08:53:57+08:00][sql] SHOW FULL COLUMNS FROM `goods_favorite` [ RunTime:0.001172s ]
[2026-08-20T08:53:57+08:00][sql] SELECT COUNT(*) AS think_count FROM `goods_favorite` WHERE  `user_id` = 29  AND `goods_id` = 33 [ RunTime:0.000559s ]
[2026-08-20T08:53:57+08:00][sql] SHOW FULL COLUMNS FROM `seller_follow` [ RunTime:0.001001s ]
[2026-08-20T08:53:57+08:00][sql] SELECT COUNT(*) AS think_count FROM `seller_follow` WHERE  `user_id` = 29  AND `seller_id` = 25 [ RunTime:0.000794s ]
[2026-08-20T08:53:59+08:00][sql] CONNECT:[ UseTime:0.019435s ] mysql:host=127.0.0.1;port=3306;dbname=auction;charset=utf8mb4
[2026-08-20T08:53:59+08:00][sql] SHOW FULL COLUMNS FROM `goods` [ RunTime:0.002679s ]
[2026-08-20T08:53:59+08:00][sql] SELECT `id` FROM `goods` WHERE  `status` = 1  AND `end_time` <= 1787187239 [ RunTime:0.001000s ]
[2026-08-20T08:53:59+08:00][sql] SHOW FULL COLUMNS FROM `user` [ RunTime:0.001654s ]
[2026-08-20T08:53:59+08:00][sql] SELECT * FROM `user` WHERE  `id` = 29 LIMIT 1 [ RunTime:0.000806s ]
[2026-08-20T08:53:59+08:00][sql] SHOW FULL COLUMNS FROM `setting` [ RunTime:0.001155s ]
[2026-08-20T08:53:59+08:00][sql] SELECT * FROM `setting` [ RunTime:0.000625s ]
[2026-08-20T08:53:59+08:00][sql] SELECT * FROM `goods` WHERE  `id` = 33 LIMIT 1   FOR UPDATE [ RunTime:0.002179s ]
[2026-08-20T08:53:59+08:00][sql] SHOW FULL COLUMNS FROM `bid_record` [ RunTime:0.001746s ]
[2026-08-20T08:53:59+08:00][sql] SELECT MAX(`price`) AS think_max FROM `bid_record` WHERE  `goods_id` = 33  AND `status` = 0 [ RunTime:0.000875s ]
[2026-08-20T08:53:59+08:00][sql] SELECT * FROM `user` WHERE  `id` = 29 LIMIT 1   FOR UPDATE [ RunTime:0.000934s ]
[2026-08-20T08:53:59+08:00][sql] SELECT MAX(`deposit`) AS think_max FROM `bid_record` WHERE  `goods_id` = 33  AND `user_id` = 29  AND `deposit` > '0' [ RunTime:0.000723s ]
[2026-08-20T08:53:59+08:00][sql] SELECT * FROM `bid_record` WHERE  `goods_id` = 33  AND `status` = 0 ORDER BY `price` DESC,`id` ASC LIMIT 1 [ RunTime:0.000664s ]
[2026-08-20T08:53:59+08:00][sql] INSERT INTO `bid_record` SET `goods_id` = 33 , `user_id` = 29 , `price` = '850' , `deposit` = '0' , `status` = 0 , `is_winner` = 0 , `create_time` = 1787187239 [ RunTime:0.000755s ]
[2026-08-20T08:53:59+08:00][sql] UPDATE `goods`  SET `bid_count` = bid_count+1 , `update_time` = 1787187239  WHERE  `id` = 33 [ RunTime:0.000844s ]
[2026-08-20T08:53:59+08:00][sql] SHOW FULL COLUMNS FROM `sys_message` [ RunTime:0.004634s ]
[2026-08-20T08:53:59+08:00][sql] INSERT INTO `sys_message` SET `user_id` = 28 , `admin_id` = 0 , `title` = '竞拍出局通知' , `content` = '您出价竞拍的「eee」已出局：您的出价 ¥750.00 于 2026-08-20 08:53:59 被 ¥850.00 超过，当前最高价 ¥850.00。如需继续竞拍，请再次出价。' , `is_read` = 0 , `create_time` = 1787187239 [ RunTime:0.001163s ]
[2026-08-20T08:54:00+08:00][sql] CONNECT:[ UseTime:0.023275s ] mysql:host=127.0.0.1;port=3306;dbname=auction;charset=utf8mb4
[2026-08-20T08:54:00+08:00][sql] SHOW FULL COLUMNS FROM `goods` [ RunTime:0.002252s ]
[2026-08-20T08:54:00+08:00][sql] SELECT `id` FROM `goods` WHERE  `status` = 1  AND `end_time` <= 1787187240 [ RunTime:0.001098s ]
[2026-08-20T08:54:00+08:00][sql] SHOW FULL COLUMNS FROM `user` [ RunTime:0.002036s ]
[2026-08-20T08:54:00+08:00][sql] SELECT * FROM `user` WHERE  `id` = 29 LIMIT 1 [ RunTime:0.001158s ]
[2026-08-20T08:54:00+08:00][sql] SHOW FULL COLUMNS FROM `setting` [ RunTime:0.002071s ]
[2026-08-20T08:54:00+08:00][sql] SELECT * FROM `setting` [ RunTime:0.000926s ]
[2026-08-20T08:54:00+08:00][sql] SELECT `g`.*,u.nickname as seller_name,u.shop_name as seller_shop,u.avatar as seller_avatar,`u`.`seller_intro`,u.deposit as seller_deposit,`u`.`shop_score`,`u`.`fans_count`,c.name as category_name FROM `goods` `g` LEFT JOIN `user` `u` ON `g`.`seller_id`=`u`.`id` LEFT JOIN `category` `c` ON `g`.`category_id`=`c`.`id` WHERE  `g`.`id` = '33' LIMIT 1 [ RunTime:0.001785s ]
[2026-08-20T08:54:00+08:00][sql] UPDATE `goods`  SET `view_count` = `view_count` + 1  WHERE  `id` = 33 [ RunTime:0.005224s ]
[2026-08-20T08:54:00+08:00][sql] SHOW FULL COLUMNS FROM `bid_record` [ RunTime:0.001756s ]
[2026-08-20T08:54:00+08:00][sql] SELECT `b`.*,`u`.`nickname`,`u`.`mobile` FROM `bid_record` `b` LEFT JOIN `user` `u` ON `b`.`user_id`=`u`.`id` WHERE  `b`.`goods_id` = '33'  AND `b`.`status` = '0' ORDER BY `b`.`price` DESC,`b`.`id` ASC LIMIT 1 [ RunTime:0.001278s ]
[2026-08-20T08:54:00+08:00][sql] SELECT `b`.*,`u`.`nickname`,`u`.`mobile` FROM `bid_record` `b` LEFT JOIN `user` `u` ON `b`.`user_id`=`u`.`id` WHERE  `b`.`goods_id` = '33' ORDER BY `b`.`price` DESC,`b`.`id` ASC LIMIT 50 [ RunTime:0.002244s ]
[2026-08-20T08:54:00+08:00][sql] SELECT MAX(`price`) AS think_max FROM `bid_record` WHERE  `goods_id` = 33  AND `user_id` = 29  AND `status` = 0 [ RunTime:0.001828s ]
[2026-08-20T08:54:00+08:00][sql] SELECT MAX(`deposit`) AS think_max FROM `bid_record` WHERE  `goods_id` = 33  AND `user_id` = 29  AND `deposit` > '0' [ RunTime:0.001131s ]
[2026-08-20T08:54:00+08:00][sql] SHOW FULL COLUMNS FROM `browse_history` [ RunTime:0.001786s ]
[2026-08-20T08:54:00+08:00][sql] REPLACE INTO `browse_history` SET `user_id` = 29 , `goods_id` = 33 , `create_time` = 1787187240 [ RunTime:0.002253s ]
[2026-08-20T08:54:00+08:00][sql] SHOW FULL COLUMNS FROM `goods_favorite` [ RunTime:0.001579s ]
[2026-08-20T08:54:00+08:00][sql] SELECT COUNT(*) AS think_count FROM `goods_favorite` WHERE  `user_id` = 29  AND `goods_id` = 33 [ RunTime:0.000939s ]
[2026-08-20T08:54:00+08:00][sql] SHOW FULL COLUMNS FROM `seller_follow` [ RunTime:0.001642s ]
[2026-08-20T08:54:00+08:00][sql] SELECT COUNT(*) AS think_count FROM `seller_follow` WHERE  `user_id` = 29  AND `seller_id` = 25 [ RunTime:0.001343s ]
[2026-08-20T08:54:02+08:00][sql] CONNECT:[ UseTime:0.003331s ] mysql:host=127.0.0.1;port=3306;dbname=auction;charset=utf8mb4
[2026-08-20T08:54:02+08:00][sql] SHOW FULL COLUMNS FROM `goods` [ RunTime:0.001917s ]
[2026-08-20T08:54:02+08:00][sql] SELECT `id` FROM `goods` WHERE  `status` = 1  AND `end_time` <= 1787187242 [ RunTime:0.000849s ]
[2026-08-20T08:54:02+08:00][sql] SHOW FULL COLUMNS FROM `user` [ RunTime:0.001545s ]
[2026-08-20T08:54:02+08:00][sql] SELECT * FROM `user` WHERE  `id` = 29 LIMIT 1 [ RunTime:0.000939s ]
[2026-08-20T08:54:02+08:00][sql] SHOW FULL COLUMNS FROM `setting` [ RunTime:0.001420s ]
[2026-08-20T08:54:02+08:00][sql] SELECT * FROM `setting` [ RunTime:0.000830s ]
[2026-08-20T08:54:02+08:00][sql] SELECT * FROM `goods` WHERE  `id` = 33 LIMIT 1   FOR UPDATE [ RunTime:0.001453s ]
[2026-08-20T08:54:02+08:00][sql] SHOW FULL COLUMNS FROM `bid_record` [ RunTime:0.001783s ]
[2026-08-20T08:54:02+08:00][sql] SELECT MAX(`price`) AS think_max FROM `bid_record` WHERE  `goods_id` = 33  AND `status` = 0 [ RunTime:0.000848s ]
[2026-08-20T08:54:02+08:00][sql] SELECT * FROM `user` WHERE  `id` = 29 LIMIT 1   FOR UPDATE [ RunTime:0.000755s ]
[2026-08-20T08:54:02+08:00][sql] SELECT MAX(`deposit`) AS think_max FROM `bid_record` WHERE  `goods_id` = 33  AND `user_id` = 29  AND `deposit` > '0' [ RunTime:0.000734s ]
[2026-08-20T08:54:02+08:00][sql] SELECT * FROM `bid_record` WHERE  `goods_id` = 33  AND `status` = 0 ORDER BY `price` DESC,`id` ASC LIMIT 1 [ RunTime:0.000852s ]
[2026-08-20T08:54:02+08:00][sql] INSERT INTO `bid_record` SET `goods_id` = 33 , `user_id` = 29 , `price` = '950' , `deposit` = '0' , `status` = 0 , `is_winner` = 0 , `create_time` = 1787187242 [ RunTime:0.000790s ]
[2026-08-20T08:54:02+08:00][sql] UPDATE `goods`  SET `bid_count` = bid_count+1 , `update_time` = 1787187242  WHERE  `id` = 33 [ RunTime:0.000713s ]
[2026-08-20T08:54:03+08:00][sql] CONNECT:[ UseTime:0.001913s ] mysql:host=127.0.0.1;port=3306;dbname=auction;charset=utf8mb4
[2026-08-20T08:54:03+08:00][sql] SHOW FULL COLUMNS FROM `goods` [ RunTime:0.001546s ]
[2026-08-20T08:54:03+08:00][sql] SELECT `id` FROM `goods` WHERE  `status` = 1  AND `end_time` <= 1787187243 [ RunTime:0.000764s ]
[2026-08-20T08:54:03+08:00][sql] SHOW FULL COLUMNS FROM `user` [ RunTime:0.001516s ]
[2026-08-20T08:54:03+08:00][sql] SELECT * FROM `user` WHERE  `id` = 29 LIMIT 1 [ RunTime:0.000765s ]
[2026-08-20T08:54:03+08:00][sql] SHOW FULL COLUMNS FROM `setting` [ RunTime:0.001124s ]
[2026-08-20T08:54:03+08:00][sql] SELECT * FROM `setting` [ RunTime:0.000588s ]
[2026-08-20T08:54:03+08:00][sql] SELECT `g`.*,u.nickname as seller_name,u.shop_name as seller_shop,u.avatar as seller_avatar,`u`.`seller_intro`,u.deposit as seller_deposit,`u`.`shop_score`,`u`.`fans_count`,c.name as category_name FROM `goods` `g` LEFT JOIN `user` `u` ON `g`.`seller_id`=`u`.`id` LEFT JOIN `category` `c` ON `g`.`category_id`=`c`.`id` WHERE  `g`.`id` = '33' LIMIT 1 [ RunTime:0.001386s ]
[2026-08-20T08:54:03+08:00][sql] UPDATE `goods`  SET `view_count` = `view_count` + 1  WHERE  `id` = 33 [ RunTime:0.002033s ]
[2026-08-20T08:54:03+08:00][sql] SHOW FULL COLUMNS FROM `bid_record` [ RunTime:0.001421s ]
[2026-08-20T08:54:03+08:00][sql] SELECT `b`.*,`u`.`nickname`,`u`.`mobile` FROM `bid_record` `b` LEFT JOIN `user` `u` ON `b`.`user_id`=`u`.`id` WHERE  `b`.`goods_id` = '33'  AND `b`.`status` = '0' ORDER BY `b`.`price` DESC,`b`.`id` ASC LIMIT 1 [ RunTime:0.001013s ]
[2026-08-20T08:54:03+08:00][sql] SELECT `b`.*,`u`.`nickname`,`u`.`mobile` FROM `bid_record` `b` LEFT JOIN `user` `u` ON `b`.`user_id`=`u`.`id` WHERE  `b`.`goods_id` = '33' ORDER BY `b`.`price` DESC,`b`.`id` ASC LIMIT 50 [ RunTime:0.000898s ]
[2026-08-20T08:54:03+08:00][sql] SELECT MAX(`price`) AS think_max FROM `bid_record` WHERE  `goods_id` = 33  AND `user_id` = 29  AND `status` = 0 [ RunTime:0.004387s ]
[2026-08-20T08:54:03+08:00][sql] SELECT MAX(`deposit`) AS think_max FROM `bid_record` WHERE  `goods_id` = 33  AND `user_id` = 29  AND `deposit` > '0' [ RunTime:0.004119s ]
[2026-08-20T08:54:03+08:00][sql] SHOW FULL COLUMNS FROM `browse_history` [ RunTime:0.001224s ]
[2026-08-20T08:54:03+08:00][sql] REPLACE INTO `browse_history` SET `user_id` = 29 , `goods_id` = 33 , `create_time` = 1787187243 [ RunTime:0.001650s ]
[2026-08-20T08:54:03+08:00][sql] SHOW FULL COLUMNS FROM `goods_favorite` [ RunTime:0.002514s ]
[2026-08-20T08:54:03+08:00][sql] SELECT COUNT(*) AS think_count FROM `goods_favorite` WHERE  `user_id` = 29  AND `goods_id` = 33 [ RunTime:0.000703s ]
[2026-08-20T08:54:03+08:00][sql] SHOW FULL COLUMNS FROM `seller_follow` [ RunTime:0.001097s ]
[2026-08-20T08:54:03+08:00][sql] SELECT COUNT(*) AS think_count FROM `seller_follow` WHERE  `user_id` = 29  AND `seller_id` = 25 [ RunTime:0.000680s ]
[2026-08-20T08:54:04+08:00][sql] CONNECT:[ UseTime:0.005427s ] mysql:host=127.0.0.1;port=3306;dbname=auction;charset=utf8mb4
[2026-08-20T08:54:04+08:00][sql] SHOW FULL COLUMNS FROM `goods` [ RunTime:0.001738s ]
[2026-08-20T08:54:04+08:00][sql] SELECT `id` FROM `goods` WHERE  `status` = 1  AND `end_time` <= 1787187244 [ RunTime:0.000991s ]
[2026-08-20T08:54:04+08:00][sql] SHOW FULL COLUMNS FROM `user` [ RunTime:0.001678s ]
[2026-08-20T08:54:04+08:00][sql] SELECT * FROM `user` WHERE  `id` = 29 LIMIT 1 [ RunTime:0.000847s ]
[2026-08-20T08:54:04+08:00][sql] SHOW FULL COLUMNS FROM `setting` [ RunTime:0.001235s ]
[2026-08-20T08:54:04+08:00][sql] SELECT * FROM `setting` [ RunTime:0.000798s ]
[2026-08-20T08:54:04+08:00][sql] SELECT * FROM `goods` WHERE  `id` = 33 LIMIT 1   FOR UPDATE [ RunTime:0.001006s ]
[2026-08-20T08:54:04+08:00][sql] SHOW FULL COLUMNS FROM `bid_record` [ RunTime:0.001426s ]
[2026-08-20T08:54:04+08:00][sql] SELECT MAX(`price`) AS think_max FROM `bid_record` WHERE  `goods_id` = 33  AND `status` = 0 [ RunTime:0.001145s ]
[2026-08-20T08:54:04+08:00][sql] SELECT * FROM `user` WHERE  `id` = 29 LIMIT 1   FOR UPDATE [ RunTime:0.000883s ]
[2026-08-20T08:54:04+08:00][sql] SELECT MAX(`deposit`) AS think_max FROM `bid_record` WHERE  `goods_id` = 33  AND `user_id` = 29  AND `deposit` > '0' [ RunTime:0.004486s ]
[2026-08-20T08:54:04+08:00][sql] SELECT * FROM `bid_record` WHERE  `goods_id` = 33  AND `status` = 0 ORDER BY `price` DESC,`id` ASC LIMIT 1 [ RunTime:0.000948s ]
[2026-08-20T08:54:04+08:00][sql] INSERT INTO `bid_record` SET `goods_id` = 33 , `user_id` = 29 , `price` = '1050' , `deposit` = '0' , `status` = 0 , `is_winner` = 0 , `create_time` = 1787187244 [ RunTime:0.000878s ]
[2026-08-20T08:54:04+08:00][sql] UPDATE `goods`  SET `bid_count` = bid_count+1 , `update_time` = 1787187244  WHERE  `id` = 33 [ RunTime:0.000999s ]
[2026-08-20T08:54:05+08:00][sql] CONNECT:[ UseTime:0.022476s ] mysql:host=127.0.0.1;port=3306;dbname=auction;charset=utf8mb4
[2026-08-20T08:54:05+08:00][sql] SHOW FULL COLUMNS FROM `goods` [ RunTime:0.002973s ]
[2026-08-20T08:54:05+08:00][sql] SELECT `id` FROM `goods` WHERE  `status` = 1  AND `end_time` <= 1787187245 [ RunTime:0.001349s ]
[2026-08-20T08:54:05+08:00][sql] SHOW FULL COLUMNS FROM `user` [ RunTime:0.002344s ]
[2026-08-20T08:54:05+08:00][sql] SELECT * FROM `user` WHERE  `id` = 29 LIMIT 1 [ RunTime:0.001326s ]
[2026-08-20T08:54:05+08:00][sql] SHOW FULL COLUMNS FROM `setting` [ RunTime:0.001876s ]
[2026-08-20T08:54:05+08:00][sql] SELECT * FROM `setting` [ RunTime:0.001072s ]
[2026-08-20T08:54:05+08:00][sql] SELECT `g`.*,u.nickname as seller_name,u.shop_name as seller_shop,u.avatar as seller_avatar,`u`.`seller_intro`,u.deposit as seller_deposit,`u`.`shop_score`,`u`.`fans_count`,c.name as category_name FROM `goods` `g` LEFT JOIN `user` `u` ON `g`.`seller_id`=`u`.`id` LEFT JOIN `category` `c` ON `g`.`category_id`=`c`.`id` WHERE  `g`.`id` = '33' LIMIT 1 [ RunTime:0.000987s ]
[2026-08-20T08:54:05+08:00][sql] UPDATE `goods`  SET `view_count` = `view_count` + 1  WHERE  `id` = 33 [ RunTime:0.002422s ]
[2026-08-20T08:54:05+08:00][sql] SHOW FULL COLUMNS FROM `bid_record` [ RunTime:0.001570s ]
[2026-08-20T08:54:05+08:00][sql] SELECT `b`.*,`u`.`nickname`,`u`.`mobile` FROM `bid_record` `b` LEFT JOIN `user` `u` ON `b`.`user_id`=`u`.`id` WHERE  `b`.`goods_id` = '33'  AND `b`.`status` = '0' ORDER BY `b`.`price` DESC,`b`.`id` ASC LIMIT 1 [ RunTime:0.001259s ]
[2026-08-20T08:54:05+08:00][sql] SELECT `b`.*,`u`.`nickname`,`u`.`mobile` FROM `bid_record` `b` LEFT JOIN `user` `u` ON `b`.`user_id`=`u`.`id` WHERE  `b`.`goods_id` = '33' ORDER BY `b`.`price` DESC,`b`.`id` ASC LIMIT 50 [ RunTime:0.001356s ]
[2026-08-20T08:54:05+08:00][sql] SELECT MAX(`price`) AS think_max FROM `bid_record` WHERE  `goods_id` = 33  AND `user_id` = 29  AND `status` = 0 [ RunTime:0.005451s ]
[2026-08-20T08:54:05+08:00][sql] SELECT MAX(`deposit`) AS think_max FROM `bid_record` WHERE  `goods_id` = 33  AND `user_id` = 29  AND `deposit` > '0' [ RunTime:0.008213s ]
[2026-08-20T08:54:05+08:00][sql] SHOW FULL COLUMNS FROM `browse_history` [ RunTime:0.002240s ]
[2026-08-20T08:54:05+08:00][sql] REPLACE INTO `browse_history` SET `user_id` = 29 , `goods_id` = 33 , `create_time` = 1787187245 [ RunTime:0.002250s ]
[2026-08-20T08:54:05+08:00][sql] SHOW FULL COLUMNS FROM `goods_favorite` [ RunTime:0.001585s ]
[2026-08-20T08:54:05+08:00][sql] SELECT COUNT(*) AS think_count FROM `goods_favorite` WHERE  `user_id` = 29  AND `goods_id` = 33 [ RunTime:0.000855s ]
[2026-08-20T08:54:05+08:00][sql] SHOW FULL COLUMNS FROM `seller_follow` [ RunTime:0.001502s ]
[2026-08-20T08:54:05+08:00][sql] SELECT COUNT(*) AS think_count FROM `seller_follow` WHERE  `user_id` = 29  AND `seller_id` = 25 [ RunTime:0.001093s ]
[2026-08-20T08:54:09+08:00][sql] CONNECT:[ UseTime:0.011456s ] mysql:host=127.0.0.1;port=3306;dbname=auction;charset=utf8mb4
[2026-08-20T08:54:09+08:00][sql] SHOW FULL COLUMNS FROM `goods` [ RunTime:0.001386s ]
[2026-08-20T08:54:09+08:00][sql] SELECT `id` FROM `goods` WHERE  `status` = 1  AND `end_time` <= 1787187249 [ RunTime:0.001046s ]
[2026-08-20T08:54:09+08:00][sql] SHOW FULL COLUMNS FROM `user` [ RunTime:0.001588s ]
[2026-08-20T08:54:09+08:00][sql] SELECT * FROM `user` WHERE  `id` = 29 LIMIT 1 [ RunTime:0.000950s ]
[2026-08-20T08:54:09+08:00][sql] SHOW FULL COLUMNS FROM `setting` [ RunTime:0.001262s ]
[2026-08-20T08:54:09+08:00][sql] SELECT * FROM `setting` [ RunTime:0.000705s ]
[2026-08-20T08:54:09+08:00][sql] SELECT * FROM `user` WHERE  `id` = 25  AND `is_seller` = 1  AND `seller_check` = 1  AND `status` = 1 LIMIT 1 [ RunTime:0.000905s ]
[2026-08-20T08:54:09+08:00][sql] SHOW FULL COLUMNS FROM `seller_follow` [ RunTime:0.001310s ]
[2026-08-20T08:54:09+08:00][sql] SELECT COUNT(*) AS think_count FROM `seller_follow` WHERE  `seller_id` = 25 [ RunTime:0.001098s ]
[2026-08-20T08:54:09+08:00][sql] SELECT COUNT(*) AS think_count FROM `seller_follow` WHERE  `user_id` = 29  AND `seller_id` = 25 [ RunTime:0.000572s ]
[2026-08-20T08:54:09+08:00][sql] SELECT `g`.* FROM `goods` `g` WHERE  `g`.`seller_id` = '25'  AND `g`.`status` = '1'  AND `g`.`start_time` <= '1787187249'  AND `g`.`end_time` > '1787187249' ORDER BY `g`.`id` DESC LIMIT 20 [ RunTime:0.000859s ]
[2026-08-20T08:54:09+08:00][sql] SHOW FULL COLUMNS FROM `bid_record` [ RunTime:0.001163s ]
[2026-08-20T08:54:09+08:00][sql] SELECT MAX(`price`) AS think_max FROM `bid_record` WHERE  `goods_id` = 33  AND `status` = 0 [ RunTime:0.000539s ]
[2026-08-20T08:54:09+08:00][sql] SELECT MAX(`price`) AS think_max FROM `bid_record` WHERE  `goods_id` = 30  AND `status` = 0 [ RunTime:0.000625s ]
[2026-08-20T08:54:53+08:00][sql] CONNECT:[ UseTime:0.002415s ] mysql:host=127.0.0.1;port=3306;dbname=auction;charset=utf8mb4
[2026-08-20T08:54:53+08:00][sql] SHOW FULL COLUMNS FROM `goods` [ RunTime:0.001503s ]
[2026-08-20T08:54:53+08:00][sql] SELECT `id` FROM `goods` WHERE  `status` = 1  AND `end_time` <= 1787187293 [ RunTime:0.000800s ]
[2026-08-20T08:54:53+08:00][sql] SHOW FULL COLUMNS FROM `user` [ RunTime:0.001429s ]
[2026-08-20T08:54:53+08:00][sql] SELECT * FROM `user` WHERE  `id` = 29 LIMIT 1 [ RunTime:0.000903s ]
[2026-08-20T08:54:53+08:00][sql] SHOW FULL COLUMNS FROM `setting` [ RunTime:0.001331s ]
[2026-08-20T08:54:53+08:00][sql] SELECT * FROM `setting` [ RunTime:0.000844s ]
[2026-08-20T08:54:53+08:00][sql] SELECT `g`.*,u.nickname as seller_name,u.shop_name as seller_shop,u.avatar as seller_avatar,`u`.`seller_intro`,u.deposit as seller_deposit,`u`.`shop_score`,`u`.`fans_count`,c.name as category_name FROM `goods` `g` LEFT JOIN `user` `u` ON `g`.`seller_id`=`u`.`id` LEFT JOIN `category` `c` ON `g`.`category_id`=`c`.`id` WHERE  `g`.`id` = '33' LIMIT 1 [ RunTime:0.002596s ]
[2026-08-20T08:54:53+08:00][sql] UPDATE `goods`  SET `view_count` = `view_count` + 1  WHERE  `id` = 33 [ RunTime:0.002892s ]
[2026-08-20T08:54:53+08:00][sql] SHOW FULL COLUMNS FROM `bid_record` [ RunTime:0.001779s ]
[2026-08-20T08:54:53+08:00][sql] SELECT `b`.*,`u`.`nickname`,`u`.`mobile` FROM `bid_record` `b` LEFT JOIN `user` `u` ON `b`.`user_id`=`u`.`id` WHERE  `b`.`goods_id` = '33'  AND `b`.`status` = '0' ORDER BY `b`.`price` DESC,`b`.`id` ASC LIMIT 1 [ RunTime:0.001157s ]
[2026-08-20T08:54:53+08:00][sql] SELECT `b`.*,`u`.`nickname`,`u`.`mobile` FROM `bid_record` `b` LEFT JOIN `user` `u` ON `b`.`user_id`=`u`.`id` WHERE  `b`.`goods_id` = '33' ORDER BY `b`.`price` DESC,`b`.`id` ASC LIMIT 50 [ RunTime:0.000928s ]
[2026-08-20T08:54:53+08:00][sql] SELECT MAX(`price`) AS think_max FROM `bid_record` WHERE  `goods_id` = 33  AND `user_id` = 29  AND `status` = 0 [ RunTime:0.003735s ]
[2026-08-20T08:54:53+08:00][sql] SELECT MAX(`deposit`) AS think_max FROM `bid_record` WHERE  `goods_id` = 33  AND `user_id` = 29  AND `deposit` > '0' [ RunTime:0.004280s ]
[2026-08-20T08:54:53+08:00][sql] SHOW FULL COLUMNS FROM `browse_history` [ RunTime:0.001157s ]
[2026-08-20T08:54:53+08:00][sql] REPLACE INTO `browse_history` SET `user_id` = 29 , `goods_id` = 33 , `create_time` = 1787187293 [ RunTime:0.001792s ]
[2026-08-20T08:54:53+08:00][sql] SHOW FULL COLUMNS FROM `goods_favorite` [ RunTime:0.001097s ]
[2026-08-20T08:54:53+08:00][sql] SELECT COUNT(*) AS think_count FROM `goods_favorite` WHERE  `user_id` = 29  AND `goods_id` = 33 [ RunTime:0.000650s ]
[2026-08-20T08:54:53+08:00][sql] SHOW FULL COLUMNS FROM `seller_follow` [ RunTime:0.001031s ]
[2026-08-20T08:54:53+08:00][sql] SELECT COUNT(*) AS think_count FROM `seller_follow` WHERE  `user_id` = 29  AND `seller_id` = 25 [ RunTime:0.000616s ]
[2026-08-20T08:55:25+08:00][sql] CONNECT:[ UseTime:0.008579s ] mysql:host=127.0.0.1;port=3306;dbname=auction;charset=utf8mb4
[2026-08-20T08:55:25+08:00][sql] SHOW FULL COLUMNS FROM `goods` [ RunTime:0.002313s ]
[2026-08-20T08:55:25+08:00][sql] SELECT `id` FROM `goods` WHERE  `status` = 1  AND `end_time` <= 1787187325 [ RunTime:0.001241s ]
[2026-08-20T08:55:25+08:00][sql] SHOW FULL COLUMNS FROM `user` [ RunTime:0.002173s ]
[2026-08-20T08:55:25+08:00][sql] SELECT * FROM `user` WHERE  `id` = 29 LIMIT 1 [ RunTime:0.001102s ]
[2026-08-20T08:55:25+08:00][sql] SHOW FULL COLUMNS FROM `setting` [ RunTime:0.001621s ]
[2026-08-20T08:55:25+08:00][sql] SELECT * FROM `setting` [ RunTime:0.000901s ]
[2026-08-20T08:55:25+08:00][sql] SELECT `g`.*,u.nickname as seller_name,u.shop_name as seller_shop,u.avatar as seller_avatar,`u`.`seller_intro`,u.deposit as seller_deposit,`u`.`shop_score`,`u`.`fans_count`,c.name as category_name FROM `goods` `g` LEFT JOIN `user` `u` ON `g`.`seller_id`=`u`.`id` LEFT JOIN `category` `c` ON `g`.`category_id`=`c`.`id` WHERE  `g`.`id` = '33' LIMIT 1 [ RunTime:0.001506s ]
[2026-08-20T08:55:25+08:00][sql] UPDATE `goods`  SET `view_count` = `view_count` + 1  WHERE  `id` = 33 [ RunTime:0.005379s ]
[2026-08-20T08:55:25+08:00][sql] SHOW FULL COLUMNS FROM `bid_record` [ RunTime:0.001964s ]
[2026-08-20T08:55:25+08:00][sql] SELECT `b`.*,`u`.`nickname`,`u`.`mobile` FROM `bid_record` `b` LEFT JOIN `user` `u` ON `b`.`user_id`=`u`.`id` WHERE  `b`.`goods_id` = '33'  AND `b`.`status` = '0' ORDER BY `b`.`price` DESC,`b`.`id` ASC LIMIT 1 [ RunTime:0.001233s ]
[2026-08-20T08:55:25+08:00][sql] SELECT `b`.*,`u`.`nickname`,`u`.`mobile` FROM `bid_record` `b` LEFT JOIN `user` `u` ON `b`.`user_id`=`u`.`id` WHERE  `b`.`goods_id` = '33' ORDER BY `b`.`price` DESC,`b`.`id` ASC LIMIT 50 [ RunTime:0.001162s ]
[2026-08-20T08:55:25+08:00][sql] SELECT MAX(`price`) AS think_max FROM `bid_record` WHERE  `goods_id` = 33  AND `user_id` = 29  AND `status` = 0 [ RunTime:0.005629s ]
[2026-08-20T08:55:25+08:00][sql] SELECT MAX(`deposit`) AS think_max FROM `bid_record` WHERE  `goods_id` = 33  AND `user_id` = 29  AND `deposit` > '0' [ RunTime:0.005316s ]
[2026-08-20T08:55:25+08:00][sql] SHOW FULL COLUMNS FROM `browse_history` [ RunTime:0.001737s ]
[2026-08-20T08:55:25+08:00][sql] REPLACE INTO `browse_history` SET `user_id` = 29 , `goods_id` = 33 , `create_time` = 1787187325 [ RunTime:0.002181s ]
[2026-08-20T08:55:25+08:00][sql] SHOW FULL COLUMNS FROM `goods_favorite` [ RunTime:0.003178s ]
[2026-08-20T08:55:25+08:00][sql] SELECT COUNT(*) AS think_count FROM `goods_favorite` WHERE  `user_id` = 29  AND `goods_id` = 33 [ RunTime:0.001060s ]
[2026-08-20T08:55:25+08:00][sql] SHOW FULL COLUMNS FROM `seller_follow` [ RunTime:0.001673s ]
[2026-08-20T08:55:25+08:00][sql] SELECT COUNT(*) AS think_count FROM `seller_follow` WHERE  `user_id` = 29  AND `seller_id` = 25 [ RunTime:0.000502s ]
[2026-08-20T08:55:30+08:00][sql] CONNECT:[ UseTime:0.015640s ] mysql:host=127.0.0.1;port=3306;dbname=auction;charset=utf8mb4
[2026-08-20T08:55:30+08:00][sql] SHOW FULL COLUMNS FROM `goods` [ RunTime:0.001923s ]
[2026-08-20T08:55:30+08:00][sql] SELECT `id` FROM `goods` WHERE  `status` = 1  AND `end_time` <= 1787187330 [ RunTime:0.001123s ]
[2026-08-20T08:55:30+08:00][sql] SHOW FULL COLUMNS FROM `user` [ RunTime:0.001868s ]
[2026-08-20T08:55:30+08:00][sql] SELECT * FROM `user` WHERE  `id` = 29 LIMIT 1 [ RunTime:0.003379s ]
[2026-08-20T08:55:30+08:00][sql] SHOW FULL COLUMNS FROM `setting` [ RunTime:0.001706s ]
[2026-08-20T08:55:30+08:00][sql] SELECT * FROM `setting` [ RunTime:0.000646s ]
[2026-08-20T08:55:30+08:00][sql] SELECT `g`.*,u.nickname as seller_name,u.shop_name as seller_shop,u.avatar as seller_avatar,`u`.`seller_intro`,u.deposit as seller_deposit,`u`.`shop_score`,`u`.`fans_count`,c.name as category_name FROM `goods` `g` LEFT JOIN `user` `u` ON `g`.`seller_id`=`u`.`id` LEFT JOIN `category` `c` ON `g`.`category_id`=`c`.`id` WHERE  `g`.`id` = '33' LIMIT 1 [ RunTime:0.001251s ]
[2026-08-20T08:55:30+08:00][sql] UPDATE `goods`  SET `view_count` = `view_count` + 1  WHERE  `id` = 33 [ RunTime:0.005019s ]
[2026-08-20T08:55:30+08:00][sql] SHOW FULL COLUMNS FROM `bid_record` [ RunTime:0.001652s ]
[2026-08-20T08:55:30+08:00][sql] SELECT `b`.*,`u`.`nickname`,`u`.`mobile` FROM `bid_record` `b` LEFT JOIN `user` `u` ON `b`.`user_id`=`u`.`id` WHERE  `b`.`goods_id` = '33'  AND `b`.`status` = '0' ORDER BY `b`.`price` DESC,`b`.`id` ASC LIMIT 1 [ RunTime:0.001422s ]
[2026-08-20T08:55:30+08:00][sql] SELECT `b`.*,`u`.`nickname`,`u`.`mobile` FROM `bid_record` `b` LEFT JOIN `user` `u` ON `b`.`user_id`=`u`.`id` WHERE  `b`.`goods_id` = '33' ORDER BY `b`.`price` DESC,`b`.`id` ASC LIMIT 50 [ RunTime:0.001097s ]
[2026-08-20T08:55:30+08:00][sql] SELECT MAX(`price`) AS think_max FROM `bid_record` WHERE  `goods_id` = 33  AND `user_id` = 29  AND `status` = 0 [ RunTime:0.006969s ]
[2026-08-20T08:55:30+08:00][sql] SELECT MAX(`deposit`) AS think_max FROM `bid_record` WHERE  `goods_id` = 33  AND `user_id` = 29  AND `deposit` > '0' [ RunTime:0.004675s ]
[2026-08-20T08:55:30+08:00][sql] SHOW FULL COLUMNS FROM `browse_history` [ RunTime:0.001363s ]
[2026-08-20T08:55:30+08:00][sql] REPLACE INTO `browse_history` SET `user_id` = 29 , `goods_id` = 33 , `create_time` = 1787187330 [ RunTime:0.002018s ]
[2026-08-20T08:55:30+08:00][sql] SHOW FULL COLUMNS FROM `goods_favorite` [ RunTime:0.001481s ]
[2026-08-20T08:55:30+08:00][sql] SELECT COUNT(*) AS think_count FROM `goods_favorite` WHERE  `user_id` = 29  AND `goods_id` = 33 [ RunTime:0.000570s ]
[2026-08-20T08:55:30+08:00][sql] SHOW FULL COLUMNS FROM `seller_follow` [ RunTime:0.001109s ]
[2026-08-20T08:55:30+08:00][sql] SELECT COUNT(*) AS think_count FROM `seller_follow` WHERE  `user_id` = 29  AND `seller_id` = 25 [ RunTime:0.000734s ]
[2026-08-20T08:55:36+08:00][sql] CONNECT:[ UseTime:0.014989s ] mysql:host=127.0.0.1;port=3306;dbname=auction;charset=utf8mb4
[2026-08-20T08:55:36+08:00][sql] SHOW FULL COLUMNS FROM `goods` [ RunTime:0.002233s ]
[2026-08-20T08:55:36+08:00][sql] SELECT `id` FROM `goods` WHERE  `status` = 1  AND `end_time` <= 1787187336 [ RunTime:0.001122s ]
[2026-08-20T08:55:36+08:00][sql] SHOW FULL COLUMNS FROM `user` [ RunTime:0.001990s ]
[2026-08-20T08:55:36+08:00][sql] SELECT * FROM `user` WHERE  `id` = 29 LIMIT 1 [ RunTime:0.001022s ]
[2026-08-20T08:55:36+08:00][sql] SHOW FULL COLUMNS FROM `setting` [ RunTime:0.001429s ]
[2026-08-20T08:55:36+08:00][sql] SELECT * FROM `setting` [ RunTime:0.000845s ]
[2026-08-20T08:55:36+08:00][sql] SELECT `g`.*,u.nickname as seller_name,u.shop_name as seller_shop,u.avatar as seller_avatar,`u`.`seller_intro`,u.deposit as seller_deposit,`u`.`shop_score`,`u`.`fans_count`,c.name as category_name FROM `goods` `g` LEFT JOIN `user` `u` ON `g`.`seller_id`=`u`.`id` LEFT JOIN `category` `c` ON `g`.`category_id`=`c`.`id` WHERE  `g`.`id` = '33' LIMIT 1 [ RunTime:0.001157s ]
[2026-08-20T08:55:36+08:00][sql] UPDATE `goods`  SET `view_count` = `view_count` + 1  WHERE  `id` = 33 [ RunTime:0.005723s ]
[2026-08-20T08:55:36+08:00][sql] SHOW FULL COLUMNS FROM `bid_record` [ RunTime:0.001895s ]
[2026-08-20T08:55:36+08:00][sql] SELECT `b`.*,`u`.`nickname`,`u`.`mobile` FROM `bid_record` `b` LEFT JOIN `user` `u` ON `b`.`user_id`=`u`.`id` WHERE  `b`.`goods_id` = '33'  AND `b`.`status` = '0' ORDER BY `b`.`price` DESC,`b`.`id` ASC LIMIT 1 [ RunTime:0.001190s ]
[2026-08-20T08:55:36+08:00][sql] SELECT `b`.*,`u`.`nickname`,`u`.`mobile` FROM `bid_record` `b` LEFT JOIN `user` `u` ON `b`.`user_id`=`u`.`id` WHERE  `b`.`goods_id` = '33' ORDER BY `b`.`price` DESC,`b`.`id` ASC LIMIT 50 [ RunTime:0.001131s ]
[2026-08-20T08:55:36+08:00][sql] SELECT MAX(`price`) AS think_max FROM `bid_record` WHERE  `goods_id` = 33  AND `user_id` = 29  AND `status` = 0 [ RunTime:0.004580s ]
[2026-08-20T08:55:36+08:00][sql] SELECT MAX(`deposit`) AS think_max FROM `bid_record` WHERE  `goods_id` = 33  AND `user_id` = 29  AND `deposit` > '0' [ RunTime:0.004803s ]
[2026-08-20T08:55:36+08:00][sql] SHOW FULL COLUMNS FROM `browse_history` [ RunTime:0.001581s ]
[2026-08-20T08:55:36+08:00][sql] REPLACE INTO `browse_history` SET `user_id` = 29 , `goods_id` = 33 , `create_time` = 1787187336 [ RunTime:0.002184s ]
[2026-08-20T08:55:36+08:00][sql] SHOW FULL COLUMNS FROM `goods_favorite` [ RunTime:0.001504s ]
[2026-08-20T08:55:36+08:00][sql] SELECT COUNT(*) AS think_count FROM `goods_favorite` WHERE  `user_id` = 29  AND `goods_id` = 33 [ RunTime:0.000857s ]
[2026-08-20T08:55:36+08:00][sql] SHOW FULL COLUMNS FROM `seller_follow` [ RunTime:0.001492s ]
[2026-08-20T08:55:36+08:00][sql] SELECT COUNT(*) AS think_count FROM `seller_follow` WHERE  `user_id` = 29  AND `seller_id` = 25 [ RunTime:0.000799s ]
[2026-08-20T08:55:55+08:00][sql] CONNECT:[ UseTime:0.014414s ] mysql:host=127.0.0.1;port=3306;dbname=auction;charset=utf8mb4
[2026-08-20T08:55:55+08:00][sql] SHOW FULL COLUMNS FROM `goods` [ RunTime:0.002429s ]
[2026-08-20T08:55:55+08:00][sql] SELECT `id` FROM `goods` WHERE  `status` = 1  AND `end_time` <= 1787187355 [ RunTime:0.001085s ]
[2026-08-20T08:55:55+08:00][sql] SHOW FULL COLUMNS FROM `user` [ RunTime:0.002026s ]
[2026-08-20T08:55:55+08:00][sql] SELECT * FROM `user` WHERE  `id` = 29 LIMIT 1 [ RunTime:0.001248s ]
[2026-08-20T08:55:55+08:00][sql] SHOW FULL COLUMNS FROM `setting` [ RunTime:0.001546s ]
[2026-08-20T08:55:55+08:00][sql] SELECT * FROM `setting` [ RunTime:0.000892s ]
[2026-08-20T08:55:55+08:00][sql] SELECT `g`.*,u.nickname as seller_name,u.shop_name as seller_shop,u.avatar as seller_avatar,`u`.`seller_intro`,u.deposit as seller_deposit,`u`.`shop_score`,`u`.`fans_count`,c.name as category_name FROM `goods` `g` LEFT JOIN `user` `u` ON `g`.`seller_id`=`u`.`id` LEFT JOIN `category` `c` ON `g`.`category_id`=`c`.`id` WHERE  `g`.`id` = '33' LIMIT 1 [ RunTime:0.001667s ]
[2026-08-20T08:55:55+08:00][sql] UPDATE `goods`  SET `view_count` = `view_count` + 1  WHERE  `id` = 33 [ RunTime:0.005221s ]
[2026-08-20T08:55:55+08:00][sql] SHOW FULL COLUMNS FROM `bid_record` [ RunTime:0.001952s ]
[2026-08-20T08:55:55+08:00][sql] SELECT `b`.*,`u`.`nickname`,`u`.`mobile` FROM `bid_record` `b` LEFT JOIN `user` `u` ON `b`.`user_id`=`u`.`id` WHERE  `b`.`goods_id` = '33'  AND `b`.`status` = '0' ORDER BY `b`.`price` DESC,`b`.`id` ASC LIMIT 1 [ RunTime:0.001267s ]
[2026-08-20T08:55:55+08:00][sql] SELECT `b`.*,`u`.`nickname`,`u`.`mobile` FROM `bid_record` `b` LEFT JOIN `user` `u` ON `b`.`user_id`=`u`.`id` WHERE  `b`.`goods_id` = '33' ORDER BY `b`.`price` DESC,`b`.`id` ASC LIMIT 50 [ RunTime:0.001218s ]
[2026-08-20T08:55:55+08:00][sql] SELECT MAX(`price`) AS think_max FROM `bid_record` WHERE  `goods_id` = 33  AND `user_id` = 29  AND `status` = 0 [ RunTime:0.005423s ]
[2026-08-20T08:55:55+08:00][sql] SELECT MAX(`deposit`) AS think_max FROM `bid_record` WHERE  `goods_id` = 33  AND `user_id` = 29  AND `deposit` > '0' [ RunTime:0.005318s ]
[2026-08-20T08:55:55+08:00][sql] SHOW FULL COLUMNS FROM `browse_history` [ RunTime:0.001738s ]
[2026-08-20T08:55:55+08:00][sql] REPLACE INTO `browse_history` SET `user_id` = 29 , `goods_id` = 33 , `create_time` = 1787187355 [ RunTime:0.002297s ]
[2026-08-20T08:55:55+08:00][sql] SHOW FULL COLUMNS FROM `goods_favorite` [ RunTime:0.003105s ]
[2026-08-20T08:55:55+08:00][sql] SELECT COUNT(*) AS think_count FROM `goods_favorite` WHERE  `user_id` = 29  AND `goods_id` = 33 [ RunTime:0.000906s ]
[2026-08-20T08:55:55+08:00][sql] SHOW FULL COLUMNS FROM `seller_follow` [ RunTime:0.001824s ]
[2026-08-20T08:55:55+08:00][sql] SELECT COUNT(*) AS think_count FROM `seller_follow` WHERE  `user_id` = 29  AND `seller_id` = 25 [ RunTime:0.001014s ]
[2026-08-20T08:56:25+08:00][sql] CONNECT:[ UseTime:0.002804s ] mysql:host=127.0.0.1;port=3306;dbname=auction;charset=utf8mb4
[2026-08-20T08:56:25+08:00][sql] SHOW FULL COLUMNS FROM `goods` [ RunTime:0.001710s ]
[2026-08-20T08:56:25+08:00][sql] SELECT `id` FROM `goods` WHERE  `status` = 1  AND `end_time` <= 1787187385 [ RunTime:0.000769s ]
[2026-08-20T08:56:25+08:00][sql] SHOW FULL COLUMNS FROM `user` [ RunTime:0.001560s ]
[2026-08-20T08:56:25+08:00][sql] SELECT * FROM `user` WHERE  `id` = 29 LIMIT 1 [ RunTime:0.001102s ]
[2026-08-20T08:56:25+08:00][sql] SHOW FULL COLUMNS FROM `setting` [ RunTime:0.001566s ]
[2026-08-20T08:56:25+08:00][sql] SELECT * FROM `setting` [ RunTime:0.000814s ]
[2026-08-20T08:56:25+08:00][sql] SELECT `g`.*,u.nickname as seller_name,u.shop_name as seller_shop,u.avatar as seller_avatar,`u`.`seller_intro`,u.deposit as seller_deposit,`u`.`shop_score`,`u`.`fans_count`,c.name as category_name FROM `goods` `g` LEFT JOIN `user` `u` ON `g`.`seller_id`=`u`.`id` LEFT JOIN `category` `c` ON `g`.`category_id`=`c`.`id` WHERE  `g`.`id` = '33' LIMIT 1 [ RunTime:0.001185s ]
[2026-08-20T08:56:25+08:00][sql] UPDATE `goods`  SET `view_count` = `view_count` + 1  WHERE  `id` = 33 [ RunTime:0.004870s ]
[2026-08-20T08:56:25+08:00][sql] SHOW FULL COLUMNS FROM `bid_record` [ RunTime:0.001627s ]
[2026-08-20T08:56:25+08:00][sql] SELECT `b`.*,`u`.`nickname`,`u`.`mobile` FROM `bid_record` `b` LEFT JOIN `user` `u` ON `b`.`user_id`=`u`.`id` WHERE  `b`.`goods_id` = '33'  AND `b`.`status` = '0' ORDER BY `b`.`price` DESC,`b`.`id` ASC LIMIT 1 [ RunTime:0.001320s ]
[2026-08-20T08:56:25+08:00][sql] SELECT `b`.*,`u`.`nickname`,`u`.`mobile` FROM `bid_record` `b` LEFT JOIN `user` `u` ON `b`.`user_id`=`u`.`id` WHERE  `b`.`goods_id` = '33' ORDER BY `b`.`price` DESC,`b`.`id` ASC LIMIT 50 [ RunTime:0.001972s ]
[2026-08-20T08:56:25+08:00][sql] SELECT MAX(`price`) AS think_max FROM `bid_record` WHERE  `goods_id` = 33  AND `user_id` = 29  AND `status` = 0 [ RunTime:0.005082s ]
[2026-08-20T08:56:25+08:00][sql] SELECT MAX(`deposit`) AS think_max FROM `bid_record` WHERE  `goods_id` = 33  AND `user_id` = 29  AND `deposit` > '0' [ RunTime:0.007212s ]
[2026-08-20T08:56:25+08:00][sql] SHOW FULL COLUMNS FROM `browse_history` [ RunTime:0.002007s ]
[2026-08-20T08:56:25+08:00][sql] REPLACE INTO `browse_history` SET `user_id` = 29 , `goods_id` = 33 , `create_time` = 1787187385 [ RunTime:0.001981s ]
[2026-08-20T08:56:25+08:00][sql] SHOW FULL COLUMNS FROM `goods_favorite` [ RunTime:0.003244s ]
[2026-08-20T08:56:25+08:00][sql] SELECT COUNT(*) AS think_count FROM `goods_favorite` WHERE  `user_id` = 29  AND `goods_id` = 33 [ RunTime:0.001225s ]
[2026-08-20T08:56:25+08:00][sql] SHOW FULL COLUMNS FROM `seller_follow` [ RunTime:0.001479s ]
[2026-08-20T08:56:25+08:00][sql] SELECT COUNT(*) AS think_count FROM `seller_follow` WHERE  `user_id` = 29  AND `seller_id` = 25 [ RunTime:0.000830s ]
[2026-08-20T08:56:33+08:00][sql] CONNECT:[ UseTime:0.006656s ] mysql:host=127.0.0.1;port=3306;dbname=auction;charset=utf8mb4
[2026-08-20T08:56:33+08:00][sql] SHOW FULL COLUMNS FROM `goods` [ RunTime:0.001950s ]
[2026-08-20T08:56:33+08:00][sql] SELECT `id` FROM `goods` WHERE  `status` = 1  AND `end_time` <= 1787187393 [ RunTime:0.001228s ]
[2026-08-20T08:56:33+08:00][sql] SHOW FULL COLUMNS FROM `user` [ RunTime:0.001906s ]
[2026-08-20T08:56:33+08:00][sql] SELECT * FROM `user` WHERE  `id` = 29 LIMIT 1 [ RunTime:0.000848s ]
[2026-08-20T08:56:33+08:00][sql] SHOW FULL COLUMNS FROM `setting` [ RunTime:0.001356s ]
[2026-08-20T08:56:33+08:00][sql] SELECT * FROM `setting` [ RunTime:0.000647s ]
[2026-08-20T08:56:33+08:00][sql] SELECT * FROM `goods` WHERE  `id` = 33 LIMIT 1   FOR UPDATE [ RunTime:0.001211s ]
[2026-08-20T08:56:33+08:00][sql] SHOW FULL COLUMNS FROM `bid_record` [ RunTime:0.001166s ]
[2026-08-20T08:56:33+08:00][sql] SELECT MAX(`price`) AS think_max FROM `bid_record` WHERE  `goods_id` = 33  AND `status` = 0 [ RunTime:0.000770s ]
[2026-08-20T08:56:33+08:00][sql] SELECT * FROM `user` WHERE  `id` = 29 LIMIT 1   FOR UPDATE [ RunTime:0.000731s ]
[2026-08-20T08:56:33+08:00][sql] SELECT MAX(`deposit`) AS think_max FROM `bid_record` WHERE  `goods_id` = 33  AND `user_id` = 29  AND `deposit` > '0' [ RunTime:0.006493s ]
[2026-08-20T08:56:33+08:00][sql] SELECT * FROM `bid_record` WHERE  `goods_id` = 33  AND `status` = 0 ORDER BY `price` DESC,`id` ASC LIMIT 1 [ RunTime:0.000940s ]
[2026-08-20T08:56:33+08:00][sql] INSERT INTO `bid_record` SET `goods_id` = 33 , `user_id` = 29 , `price` = '1150' , `deposit` = '0' , `status` = 0 , `is_winner` = 0 , `create_time` = 1787187393 [ RunTime:0.000845s ]
[2026-08-20T08:56:33+08:00][sql] UPDATE `goods`  SET `bid_count` = bid_count+1 , `update_time` = 1787187393  WHERE  `id` = 33 [ RunTime:0.000944s ]
[2026-08-20T08:56:34+08:00][sql] CONNECT:[ UseTime:0.009612s ] mysql:host=127.0.0.1;port=3306;dbname=auction;charset=utf8mb4
[2026-08-20T08:56:34+08:00][sql] SHOW FULL COLUMNS FROM `goods` [ RunTime:0.001766s ]
[2026-08-20T08:56:34+08:00][sql] SELECT `id` FROM `goods` WHERE  `status` = 1  AND `end_time` <= 1787187394 [ RunTime:0.000763s ]
[2026-08-20T08:56:34+08:00][sql] SHOW FULL COLUMNS FROM `user` [ RunTime:0.001305s ]
[2026-08-20T08:56:34+08:00][sql] SELECT * FROM `user` WHERE  `id` = 29 LIMIT 1 [ RunTime:0.000771s ]
[2026-08-20T08:56:34+08:00][sql] SHOW FULL COLUMNS FROM `setting` [ RunTime:0.001048s ]
[2026-08-20T08:56:34+08:00][sql] SELECT * FROM `setting` [ RunTime:0.000745s ]
[2026-08-20T08:56:34+08:00][sql] SELECT `g`.*,u.nickname as seller_name,u.shop_name as seller_shop,u.avatar as seller_avatar,`u`.`seller_intro`,u.deposit as seller_deposit,`u`.`shop_score`,`u`.`fans_count`,c.name as category_name FROM `goods` `g` LEFT JOIN `user` `u` ON `g`.`seller_id`=`u`.`id` LEFT JOIN `category` `c` ON `g`.`category_id`=`c`.`id` WHERE  `g`.`id` = '33' LIMIT 1 [ RunTime:0.000945s ]
[2026-08-20T08:56:34+08:00][sql] UPDATE `goods`  SET `view_count` = `view_count` + 1  WHERE  `id` = 33 [ RunTime:0.002003s ]
[2026-08-20T08:56:34+08:00][sql] SHOW FULL COLUMNS FROM `bid_record` [ RunTime:0.002628s ]
[2026-08-20T08:56:34+08:00][sql] SELECT `b`.*,`u`.`nickname`,`u`.`mobile` FROM `bid_record` `b` LEFT JOIN `user` `u` ON `b`.`user_id`=`u`.`id` WHERE  `b`.`goods_id` = '33'  AND `b`.`status` = '0' ORDER BY `b`.`price` DESC,`b`.`id` ASC LIMIT 1 [ RunTime:0.001956s ]
[2026-08-20T08:56:34+08:00][sql] SELECT `b`.*,`u`.`nickname`,`u`.`mobile` FROM `bid_record` `b` LEFT JOIN `user` `u` ON `b`.`user_id`=`u`.`id` WHERE  `b`.`goods_id` = '33' ORDER BY `b`.`price` DESC,`b`.`id` ASC LIMIT 50 [ RunTime:0.000980s ]
[2026-08-20T08:56:34+08:00][sql] SELECT MAX(`price`) AS think_max FROM `bid_record` WHERE  `goods_id` = 33  AND `user_id` = 29  AND `status` = 0 [ RunTime:0.004131s ]
[2026-08-20T08:56:34+08:00][sql] SELECT MAX(`deposit`) AS think_max FROM `bid_record` WHERE  `goods_id` = 33  AND `user_id` = 29  AND `deposit` > '0' [ RunTime:0.003614s ]
[2026-08-20T08:56:34+08:00][sql] SHOW FULL COLUMNS FROM `browse_history` [ RunTime:0.001175s ]
[2026-08-20T08:56:34+08:00][sql] REPLACE INTO `browse_history` SET `user_id` = 29 , `goods_id` = 33 , `create_time` = 1787187394 [ RunTime:0.002789s ]
[2026-08-20T08:56:34+08:00][sql] SHOW FULL COLUMNS FROM `goods_favorite` [ RunTime:0.002381s ]
[2026-08-20T08:56:34+08:00][sql] SELECT COUNT(*) AS think_count FROM `goods_favorite` WHERE  `user_id` = 29  AND `goods_id` = 33 [ RunTime:0.000706s ]
[2026-08-20T08:56:34+08:00][sql] SHOW FULL COLUMNS FROM `seller_follow` [ RunTime:0.001146s ]
[2026-08-20T08:56:34+08:00][sql] SELECT COUNT(*) AS think_count FROM `seller_follow` WHERE  `user_id` = 29  AND `seller_id` = 25 [ RunTime:0.000620s ]
[2026-08-20T08:56:36+08:00][sql] CONNECT:[ UseTime:0.020745s ] mysql:host=127.0.0.1;port=3306;dbname=auction;charset=utf8mb4
[2026-08-20T08:56:36+08:00][sql] SHOW FULL COLUMNS FROM `goods` [ RunTime:0.001651s ]
[2026-08-20T08:56:36+08:00][sql] SELECT `id` FROM `goods` WHERE  `status` = 1  AND `end_time` <= 1787187396 [ RunTime:0.000815s ]
[2026-08-20T08:56:36+08:00][sql] SHOW FULL COLUMNS FROM `user` [ RunTime:0.001388s ]
[2026-08-20T08:56:36+08:00][sql] SELECT * FROM `user` WHERE  `id` = 29 LIMIT 1 [ RunTime:0.000765s ]
[2026-08-20T08:56:36+08:00][sql] SHOW FULL COLUMNS FROM `setting` [ RunTime:0.001100s ]
[2026-08-20T08:56:36+08:00][sql] SELECT * FROM `setting` [ RunTime:0.000781s ]
[2026-08-20T08:56:36+08:00][sql] SELECT * FROM `goods` WHERE  `id` = 33 LIMIT 1   FOR UPDATE [ RunTime:0.000880s ]
[2026-08-20T08:56:36+08:00][sql] SHOW FULL COLUMNS FROM `bid_record` [ RunTime:0.001880s ]
[2026-08-20T08:56:36+08:00][sql] SELECT MAX(`price`) AS think_max FROM `bid_record` WHERE  `goods_id` = 33  AND `status` = 0 [ RunTime:0.001772s ]
[2026-08-20T08:56:36+08:00][sql] SELECT * FROM `user` WHERE  `id` = 29 LIMIT 1   FOR UPDATE [ RunTime:0.001458s ]
[2026-08-20T08:56:36+08:00][sql] SELECT MAX(`deposit`) AS think_max FROM `bid_record` WHERE  `goods_id` = 33  AND `user_id` = 29  AND `deposit` > '0' [ RunTime:0.003883s ]
[2026-08-20T08:56:36+08:00][sql] SELECT * FROM `bid_record` WHERE  `goods_id` = 33  AND `status` = 0 ORDER BY `price` DESC,`id` ASC LIMIT 1 [ RunTime:0.000837s ]
[2026-08-20T08:56:36+08:00][sql] INSERT INTO `bid_record` SET `goods_id` = 33 , `user_id` = 29 , `price` = '1250' , `deposit` = '0' , `status` = 0 , `is_winner` = 0 , `create_time` = 1787187396 [ RunTime:0.000875s ]
[2026-08-20T08:56:36+08:00][sql] UPDATE `goods`  SET `bid_count` = bid_count+1 , `update_time` = 1787187396  WHERE  `id` = 33 [ RunTime:0.000739s ]
[2026-08-20T08:56:37+08:00][sql] CONNECT:[ UseTime:0.002113s ] mysql:host=127.0.0.1;port=3306;dbname=auction;charset=utf8mb4
[2026-08-20T08:56:37+08:00][sql] SHOW FULL COLUMNS FROM `goods` [ RunTime:0.001373s ]
[2026-08-20T08:56:37+08:00][sql] SELECT `id` FROM `goods` WHERE  `status` = 1  AND `end_time` <= 1787187397 [ RunTime:0.000814s ]
[2026-08-20T08:56:37+08:00][sql] SHOW FULL COLUMNS FROM `user` [ RunTime:0.001486s ]
[2026-08-20T08:56:37+08:00][sql] SELECT * FROM `user` WHERE  `id` = 29 LIMIT 1 [ RunTime:0.000815s ]
[2026-08-20T08:56:37+08:00][sql] SHOW FULL COLUMNS FROM `setting` [ RunTime:0.000957s ]
[2026-08-20T08:56:37+08:00][sql] SELECT * FROM `setting` [ RunTime:0.000356s ]
[2026-08-20T08:56:37+08:00][sql] SELECT `g`.*,u.nickname as seller_name,u.shop_name as seller_shop,u.avatar as seller_avatar,`u`.`seller_intro`,u.deposit as seller_deposit,`u`.`shop_score`,`u`.`fans_count`,c.name as category_name FROM `goods` `g` LEFT JOIN `user` `u` ON `g`.`seller_id`=`u`.`id` LEFT JOIN `category` `c` ON `g`.`category_id`=`c`.`id` WHERE  `g`.`id` = '33' LIMIT 1 [ RunTime:0.002017s ]
[2026-08-20T08:56:37+08:00][sql] UPDATE `goods`  SET `view_count` = `view_count` + 1  WHERE  `id` = 33 [ RunTime:0.004355s ]
[2026-08-20T08:56:37+08:00][sql] SHOW FULL COLUMNS FROM `bid_record` [ RunTime:0.001478s ]
[2026-08-20T08:56:37+08:00][sql] SELECT `b`.*,`u`.`nickname`,`u`.`mobile` FROM `bid_record` `b` LEFT JOIN `user` `u` ON `b`.`user_id`=`u`.`id` WHERE  `b`.`goods_id` = '33'  AND `b`.`status` = '0' ORDER BY `b`.`price` DESC,`b`.`id` ASC LIMIT 1 [ RunTime:0.001060s ]
[2026-08-20T08:56:37+08:00][sql] SELECT `b`.*,`u`.`nickname`,`u`.`mobile` FROM `bid_record` `b` LEFT JOIN `user` `u` ON `b`.`user_id`=`u`.`id` WHERE  `b`.`goods_id` = '33' ORDER BY `b`.`price` DESC,`b`.`id` ASC LIMIT 50 [ RunTime:0.001016s ]
[2026-08-20T08:56:37+08:00][sql] SELECT MAX(`price`) AS think_max FROM `bid_record` WHERE  `goods_id` = 33  AND `user_id` = 29  AND `status` = 0 [ RunTime:0.003994s ]
[2026-08-20T08:56:37+08:00][sql] SELECT MAX(`deposit`) AS think_max FROM `bid_record` WHERE  `goods_id` = 33  AND `user_id` = 29  AND `deposit` > '0' [ RunTime:0.006778s ]
[2026-08-20T08:56:37+08:00][sql] SHOW FULL COLUMNS FROM `browse_history` [ RunTime:0.001549s ]
[2026-08-20T08:56:37+08:00][sql] REPLACE INTO `browse_history` SET `user_id` = 29 , `goods_id` = 33 , `create_time` = 1787187397 [ RunTime:0.001797s ]
[2026-08-20T08:56:37+08:00][sql] SHOW FULL COLUMNS FROM `goods_favorite` [ RunTime:0.002966s ]
[2026-08-20T08:56:37+08:00][sql] SELECT COUNT(*) AS think_count FROM `goods_favorite` WHERE  `user_id` = 29  AND `goods_id` = 33 [ RunTime:0.000756s ]
[2026-08-20T08:56:37+08:00][sql] SHOW FULL COLUMNS FROM `seller_follow` [ RunTime:0.001346s ]
[2026-08-20T08:56:37+08:00][sql] SELECT COUNT(*) AS think_count FROM `seller_follow` WHERE  `user_id` = 29  AND `seller_id` = 25 [ RunTime:0.001193s ]
[2026-08-20T08:56:53+08:00][sql] CONNECT:[ UseTime:0.002678s ] mysql:host=127.0.0.1;port=3306;dbname=auction;charset=utf8mb4
[2026-08-20T08:56:53+08:00][sql] SHOW FULL COLUMNS FROM `goods` [ RunTime:0.001460s ]
[2026-08-20T08:56:53+08:00][sql] SELECT `id` FROM `goods` WHERE  `status` = 1  AND `end_time` <= 1787187412 [ RunTime:0.000771s ]
[2026-08-20T08:56:53+08:00][sql] SHOW FULL COLUMNS FROM `user` [ RunTime:0.001347s ]
[2026-08-20T08:56:53+08:00][sql] SELECT * FROM `user` WHERE  `id` = 29 LIMIT 1 [ RunTime:0.001002s ]
[2026-08-20T08:56:53+08:00][sql] SHOW FULL COLUMNS FROM `setting` [ RunTime:0.001343s ]
[2026-08-20T08:56:53+08:00][sql] SELECT * FROM `setting` [ RunTime:0.001122s ]
[2026-08-20T08:56:53+08:00][sql] SELECT `g`.*,u.nickname as seller_name,u.shop_name as seller_shop,u.avatar as seller_avatar,`u`.`seller_intro`,u.deposit as seller_deposit,`u`.`shop_score`,`u`.`fans_count`,c.name as category_name FROM `goods` `g` LEFT JOIN `user` `u` ON `g`.`seller_id`=`u`.`id` LEFT JOIN `category` `c` ON `g`.`category_id`=`c`.`id` WHERE  `g`.`id` = '33' LIMIT 1 [ RunTime:0.000936s ]
[2026-08-20T08:56:53+08:00][sql] UPDATE `goods`  SET `view_count` = `view_count` + 1  WHERE  `id` = 33 [ RunTime:0.001908s ]
[2026-08-20T08:56:53+08:00][sql] SHOW FULL COLUMNS FROM `bid_record` [ RunTime:0.001583s ]
[2026-08-20T08:56:53+08:00][sql] SELECT `b`.*,`u`.`nickname`,`u`.`mobile` FROM `bid_record` `b` LEFT JOIN `user` `u` ON `b`.`user_id`=`u`.`id` WHERE  `b`.`goods_id` = '33'  AND `b`.`status` = '0' ORDER BY `b`.`price` DESC,`b`.`id` ASC LIMIT 1 [ RunTime:0.000847s ]
[2026-08-20T08:56:53+08:00][sql] SELECT `b`.*,`u`.`nickname`,`u`.`mobile` FROM `bid_record` `b` LEFT JOIN `user` `u` ON `b`.`user_id`=`u`.`id` WHERE  `b`.`goods_id` = '33' ORDER BY `b`.`price` DESC,`b`.`id` ASC LIMIT 50 [ RunTime:0.000793s ]
[2026-08-20T08:56:53+08:00][sql] SELECT MAX(`price`) AS think_max FROM `bid_record` WHERE  `goods_id` = 33  AND `user_id` = 29  AND `status` = 0 [ RunTime:0.004180s ]
[2026-08-20T08:56:53+08:00][sql] SELECT MAX(`deposit`) AS think_max FROM `bid_record` WHERE  `goods_id` = 33  AND `user_id` = 29  AND `deposit` > '0' [ RunTime:0.004920s ]
[2026-08-20T08:56:53+08:00][sql] SHOW FULL COLUMNS FROM `browse_history` [ RunTime:0.001212s ]
[2026-08-20T08:56:53+08:00][sql] REPLACE INTO `browse_history` SET `user_id` = 29 , `goods_id` = 33 , `create_time` = 1787187412 [ RunTime:0.002442s ]
[2026-08-20T08:56:53+08:00][sql] SHOW FULL COLUMNS FROM `goods_favorite` [ RunTime:0.002258s ]
[2026-08-20T08:56:53+08:00][sql] SELECT COUNT(*) AS think_count FROM `goods_favorite` WHERE  `user_id` = 29  AND `goods_id` = 33 [ RunTime:0.000651s ]
[2026-08-20T08:56:53+08:00][sql] SHOW FULL COLUMNS FROM `seller_follow` [ RunTime:0.001664s ]
[2026-08-20T08:56:53+08:00][sql] SELECT COUNT(*) AS think_count FROM `seller_follow` WHERE  `user_id` = 29  AND `seller_id` = 25 [ RunTime:0.000911s ]
[2026-08-20T08:56:54+08:00][sql] CONNECT:[ UseTime:0.002438s ] mysql:host=127.0.0.1;port=3306;dbname=auction;charset=utf8mb4
[2026-08-20T08:56:54+08:00][sql] SHOW FULL COLUMNS FROM `goods` [ RunTime:0.001975s ]
[2026-08-20T08:56:54+08:00][sql] SELECT `id` FROM `goods` WHERE  `status` = 1  AND `end_time` <= 1787187414 [ RunTime:0.000907s ]
[2026-08-20T08:56:54+08:00][sql] SHOW FULL COLUMNS FROM `user` [ RunTime:0.001561s ]
[2026-08-20T08:56:54+08:00][sql] SELECT * FROM `user` WHERE  `id` = 29 LIMIT 1 [ RunTime:0.000835s ]
[2026-08-20T08:56:54+08:00][sql] SHOW FULL COLUMNS FROM `setting` [ RunTime:0.001152s ]
[2026-08-20T08:56:54+08:00][sql] SELECT * FROM `setting` [ RunTime:0.000600s ]
[2026-08-20T08:56:54+08:00][sql] SELECT `g`.*,u.nickname as seller_name,u.shop_name as seller_shop,u.avatar as seller_avatar,`u`.`seller_intro`,u.deposit as seller_deposit,`u`.`shop_score`,`u`.`fans_count`,c.name as category_name FROM `goods` `g` LEFT JOIN `user` `u` ON `g`.`seller_id`=`u`.`id` LEFT JOIN `category` `c` ON `g`.`category_id`=`c`.`id` WHERE  `g`.`id` = '33' LIMIT 1 [ RunTime:0.003979s ]
[2026-08-20T08:56:54+08:00][sql] UPDATE `goods`  SET `view_count` = `view_count` + 1  WHERE  `id` = 33 [ RunTime:0.002177s ]
[2026-08-20T08:56:54+08:00][sql] SHOW FULL COLUMNS FROM `bid_record` [ RunTime:0.001104s ]
[2026-08-20T08:56:54+08:00][sql] SELECT `b`.*,`u`.`nickname`,`u`.`mobile` FROM `bid_record` `b` LEFT JOIN `user` `u` ON `b`.`user_id`=`u`.`id` WHERE  `b`.`goods_id` = '33'  AND `b`.`status` = '0' ORDER BY `b`.`price` DESC,`b`.`id` ASC LIMIT 1 [ RunTime:0.000905s ]
[2026-08-20T08:56:54+08:00][sql] SELECT `b`.*,`u`.`nickname`,`u`.`mobile` FROM `bid_record` `b` LEFT JOIN `user` `u` ON `b`.`user_id`=`u`.`id` WHERE  `b`.`goods_id` = '33' ORDER BY `b`.`price` DESC,`b`.`id` ASC LIMIT 50 [ RunTime:0.000829s ]
[2026-08-20T08:56:54+08:00][sql] SELECT MAX(`price`) AS think_max FROM `bid_record` WHERE  `goods_id` = 33  AND `user_id` = 29  AND `status` = 0 [ RunTime:0.004449s ]
[2026-08-20T08:56:54+08:00][sql] SELECT MAX(`deposit`) AS think_max FROM `bid_record` WHERE  `goods_id` = 33  AND `user_id` = 29  AND `deposit` > '0' [ RunTime:0.004204s ]
[2026-08-20T08:56:54+08:00][sql] SHOW FULL COLUMNS FROM `browse_history` [ RunTime:0.001900s ]
[2026-08-20T08:56:54+08:00][sql] REPLACE INTO `browse_history` SET `user_id` = 29 , `goods_id` = 33 , `create_time` = 1787187414 [ RunTime:0.001864s ]
[2026-08-20T08:56:54+08:00][sql] SHOW FULL COLUMNS FROM `goods_favorite` [ RunTime:0.001493s ]
[2026-08-20T08:56:54+08:00][sql] SELECT COUNT(*) AS think_count FROM `goods_favorite` WHERE  `user_id` = 29  AND `goods_id` = 33 [ RunTime:0.000732s ]
[2026-08-20T08:56:54+08:00][sql] SHOW FULL COLUMNS FROM `seller_follow` [ RunTime:0.001249s ]
[2026-08-20T08:56:54+08:00][sql] SELECT COUNT(*) AS think_count FROM `seller_follow` WHERE  `user_id` = 29  AND `seller_id` = 25 [ RunTime:0.000603s ]
[2026-08-20T09:00:59+08:00][sql] CONNECT:[ UseTime:0.002684s ] mysql:host=127.0.0.1;port=3306;dbname=auction;charset=utf8mb4
[2026-08-20T09:00:59+08:00][sql] SHOW FULL COLUMNS FROM `goods` [ RunTime:0.004443s ]
[2026-08-20T09:00:59+08:00][sql] SELECT `id` FROM `goods` WHERE  `status` = 1  AND `end_time` <= 1787187659 [ RunTime:0.003424s ]
[2026-08-20T09:00:59+08:00][sql] SHOW FULL COLUMNS FROM `user` [ RunTime:0.001778s ]
[2026-08-20T09:00:59+08:00][sql] SELECT * FROM `user` WHERE  `id` = 29 LIMIT 1 [ RunTime:0.001605s ]
[2026-08-20T09:00:59+08:00][sql] SHOW FULL COLUMNS FROM `setting` [ RunTime:0.001253s ]
[2026-08-20T09:00:59+08:00][sql] SELECT * FROM `setting` [ RunTime:0.000615s ]
[2026-08-20T09:00:59+08:00][sql] SELECT `g`.*,u.nickname as seller_name,u.shop_name as seller_shop,u.avatar as seller_avatar,`u`.`seller_intro`,u.deposit as seller_deposit,`u`.`shop_score`,`u`.`fans_count`,c.name as category_name FROM `goods` `g` LEFT JOIN `user` `u` ON `g`.`seller_id`=`u`.`id` LEFT JOIN `category` `c` ON `g`.`category_id`=`c`.`id` WHERE  `g`.`id` = '33' LIMIT 1 [ RunTime:0.000936s ]
[2026-08-20T09:00:59+08:00][sql] UPDATE `goods`  SET `view_count` = `view_count` + 1  WHERE  `id` = 33 [ RunTime:0.004741s ]
[2026-08-20T09:00:59+08:00][sql] SHOW FULL COLUMNS FROM `bid_record` [ RunTime:0.001476s ]
[2026-08-20T09:00:59+08:00][sql] SELECT `b`.*,`u`.`nickname`,`u`.`mobile` FROM `bid_record` `b` LEFT JOIN `user` `u` ON `b`.`user_id`=`u`.`id` WHERE  `b`.`goods_id` = '33'  AND `b`.`status` = '0' ORDER BY `b`.`price` DESC,`b`.`id` ASC LIMIT 1 [ RunTime:0.001060s ]
[2026-08-20T09:00:59+08:00][sql] SELECT `b`.*,`u`.`nickname`,`u`.`mobile` FROM `bid_record` `b` LEFT JOIN `user` `u` ON `b`.`user_id`=`u`.`id` WHERE  `b`.`goods_id` = '33' ORDER BY `b`.`price` DESC,`b`.`id` ASC LIMIT 50 [ RunTime:0.000969s ]
[2026-08-20T09:00:59+08:00][sql] SELECT MAX(`price`) AS think_max FROM `bid_record` WHERE  `goods_id` = 33  AND `user_id` = 29  AND `status` = 0 [ RunTime:0.009496s ]
[2026-08-20T09:00:59+08:00][sql] SELECT MAX(`deposit`) AS think_max FROM `bid_record` WHERE  `goods_id` = 33  AND `user_id` = 29  AND `deposit` > '0' [ RunTime:0.009726s ]
[2026-08-20T09:00:59+08:00][sql] SHOW FULL COLUMNS FROM `browse_history` [ RunTime:0.001476s ]
[2026-08-20T09:00:59+08:00][sql] REPLACE INTO `browse_history` SET `user_id` = 29 , `goods_id` = 33 , `create_time` = 1787187659 [ RunTime:0.001701s ]
[2026-08-20T09:00:59+08:00][sql] SHOW FULL COLUMNS FROM `goods_favorite` [ RunTime:0.003023s ]
[2026-08-20T09:00:59+08:00][sql] SELECT COUNT(*) AS think_count FROM `goods_favorite` WHERE  `user_id` = 29  AND `goods_id` = 33 [ RunTime:0.000789s ]
[2026-08-20T09:00:59+08:00][sql] SHOW FULL COLUMNS FROM `seller_follow` [ RunTime:0.001295s ]
[2026-08-20T09:00:59+08:00][sql] SELECT COUNT(*) AS think_count FROM `seller_follow` WHERE  `user_id` = 29  AND `seller_id` = 25 [ RunTime:0.000752s ]
[2026-08-20T09:02:07+08:00][sql] CONNECT:[ UseTime:0.022518s ] mysql:host=127.0.0.1;port=3306;dbname=auction;charset=utf8mb4
[2026-08-20T09:02:07+08:00][sql] SHOW FULL COLUMNS FROM `goods` [ RunTime:0.001890s ]
[2026-08-20T09:02:07+08:00][sql] SELECT `id` FROM `goods` WHERE  `status` = 1  AND `end_time` <= 1787187727 [ RunTime:0.000895s ]
[2026-08-20T09:02:07+08:00][sql] SHOW FULL COLUMNS FROM `user` [ RunTime:0.001522s ]
[2026-08-20T09:02:07+08:00][sql] SELECT * FROM `user` WHERE  `id` = 29 LIMIT 1 [ RunTime:0.000893s ]
[2026-08-20T09:02:07+08:00][sql] SHOW FULL COLUMNS FROM `setting` [ RunTime:0.001232s ]
[2026-08-20T09:02:07+08:00][sql] SELECT * FROM `setting` [ RunTime:0.000628s ]
[2026-08-20T09:02:07+08:00][sql] SELECT `g`.*,u.nickname as seller_name,u.shop_name as seller_shop,u.avatar as seller_avatar,`u`.`seller_intro`,u.deposit as seller_deposit,`u`.`shop_score`,`u`.`fans_count`,c.name as category_name FROM `goods` `g` LEFT JOIN `user` `u` ON `g`.`seller_id`=`u`.`id` LEFT JOIN `category` `c` ON `g`.`category_id`=`c`.`id` WHERE  `g`.`id` = '33' LIMIT 1 [ RunTime:0.001031s ]
[2026-08-20T09:02:07+08:00][sql] UPDATE `goods`  SET `view_count` = `view_count` + 1  WHERE  `id` = 33 [ RunTime:0.004626s ]
[2026-08-20T09:02:07+08:00][sql] SHOW FULL COLUMNS FROM `bid_record` [ RunTime:0.001265s ]
[2026-08-20T09:02:07+08:00][sql] SELECT `b`.*,`u`.`nickname`,`u`.`mobile` FROM `bid_record` `b` LEFT JOIN `user` `u` ON `b`.`user_id`=`u`.`id` WHERE  `b`.`goods_id` = '33'  AND `b`.`status` = '0' ORDER BY `b`.`price` DESC,`b`.`id` ASC LIMIT 1 [ RunTime:0.000858s ]
[2026-08-20T09:02:07+08:00][sql] SELECT `b`.*,`u`.`nickname`,`u`.`mobile` FROM `bid_record` `b` LEFT JOIN `user` `u` ON `b`.`user_id`=`u`.`id` WHERE  `b`.`goods_id` = '33' ORDER BY `b`.`price` DESC,`b`.`id` ASC LIMIT 50 [ RunTime:0.000753s ]
[2026-08-20T09:02:07+08:00][sql] SELECT MAX(`price`) AS think_max FROM `bid_record` WHERE  `goods_id` = 33  AND `user_id` = 29  AND `status` = 0 [ RunTime:0.003713s ]
[2026-08-20T09:02:07+08:00][sql] SELECT MAX(`deposit`) AS think_max FROM `bid_record` WHERE  `goods_id` = 33  AND `user_id` = 29  AND `deposit` > '0' [ RunTime:0.003614s ]
[2026-08-20T09:02:07+08:00][sql] SHOW FULL COLUMNS FROM `browse_history` [ RunTime:0.001132s ]
[2026-08-20T09:02:07+08:00][sql] REPLACE INTO `browse_history` SET `user_id` = 29 , `goods_id` = 33 , `create_time` = 1787187727 [ RunTime:0.002120s ]
[2026-08-20T09:02:07+08:00][sql] SHOW FULL COLUMNS FROM `goods_favorite` [ RunTime:0.001137s ]
[2026-08-20T09:02:07+08:00][sql] SELECT COUNT(*) AS think_count FROM `goods_favorite` WHERE  `user_id` = 29  AND `goods_id` = 33 [ RunTime:0.000725s ]
[2026-08-20T09:02:07+08:00][sql] SHOW FULL COLUMNS FROM `seller_follow` [ RunTime:0.001087s ]
[2026-08-20T09:02:07+08:00][sql] SELECT COUNT(*) AS think_count FROM `seller_follow` WHERE  `user_id` = 29  AND `seller_id` = 25 [ RunTime:0.000617s ]
[2026-08-20T09:03:30+08:00][sql] CONNECT:[ UseTime:0.002053s ] mysql:host=127.0.0.1;port=3306;dbname=auction;charset=utf8mb4
[2026-08-20T09:03:30+08:00][sql] SHOW FULL COLUMNS FROM `goods` [ RunTime:0.001588s ]
[2026-08-20T09:03:30+08:00][sql] SELECT `id` FROM `goods` WHERE  `status` = 1  AND `end_time` <= 1787187809 [ RunTime:0.001202s ]
[2026-08-20T09:03:30+08:00][sql] SHOW FULL COLUMNS FROM `user` [ RunTime:0.001661s ]
[2026-08-20T09:03:30+08:00][sql] SELECT * FROM `user` WHERE  `id` = 29 LIMIT 1 [ RunTime:0.001175s ]
[2026-08-20T09:03:30+08:00][sql] SHOW FULL COLUMNS FROM `setting` [ RunTime:0.001232s ]
[2026-08-20T09:03:30+08:00][sql] SELECT * FROM `setting` [ RunTime:0.000680s ]
[2026-08-20T09:03:30+08:00][sql] SELECT COUNT(*) AS think_count FROM `goods` `g` LEFT JOIN `user` `u` ON `g`.`seller_id`=`u`.`id` WHERE  `g`.`status` = '1'  AND `g`.`start_time` <= '1787187809'  AND `g`.`end_time` > '1787187809' [ RunTime:0.001044s ]
[2026-08-20T09:03:30+08:00][sql] SELECT `g`.*,u.nickname as seller_name FROM `goods` `g` LEFT JOIN `user` `u` ON `g`.`seller_id`=`u`.`id` WHERE  `g`.`status` = '1'  AND `g`.`start_time` <= '1787187809'  AND `g`.`end_time` > '1787187809' ORDER BY `g`.`end_time` ASC,`g`.`id` DESC LIMIT 0,10 [ RunTime:0.001064s ]
[2026-08-20T09:03:30+08:00][sql] SHOW FULL COLUMNS FROM `bid_record` [ RunTime:0.001203s ]
[2026-08-20T09:03:30+08:00][sql] SELECT MAX(`price`) AS think_max FROM `bid_record` WHERE  `goods_id` = 33  AND `status` = 0 [ RunTime:0.000722s ]
[2026-08-20T09:03:30+08:00][sql] SELECT MAX(`price`) AS think_max FROM `bid_record` WHERE  `goods_id` = 30  AND `status` = 0 [ RunTime:0.000615s ]
[2026-08-20T09:03:30+08:00][sql] SELECT MAX(`price`) AS think_max FROM `bid_record` WHERE  `goods_id` = 36  AND `status` = 0 [ RunTime:0.000934s ]
[2026-08-20T09:03:30+08:00][sql] SHOW FULL COLUMNS FROM `category` [ RunTime:0.001326s ]
[2026-08-20T09:03:30+08:00][sql] SELECT * FROM `category` WHERE  `status` = 1 ORDER BY `sort` ASC [ RunTime:0.000703s ]
[2026-08-20T09:03:30+08:00][sql] SELECT `b`.`price`,`b`.`create_time`,`g`.`title`,`u`.`nickname` FROM `bid_record` `b` LEFT JOIN `goods` `g` ON `b`.`goods_id`=`g`.`id` LEFT JOIN `user` `u` ON `b`.`user_id`=`u`.`id` WHERE  `b`.`status` = '1' ORDER BY `b`.`id` DESC LIMIT 5 [ RunTime:0.001069s ]
[2026-08-20T09:03:30+08:00][sql] SHOW FULL COLUMNS FROM `news` [ RunTime:0.004095s ]
[2026-08-20T09:03:30+08:00][sql] SELECT `id`,`title`,`create_time` FROM `news` WHERE  `status` = 1 ORDER BY `id` DESC LIMIT 3 [ RunTime:0.000809s ]
[2026-08-20T09:03:30+08:00][sql] SHOW FULL COLUMNS FROM `banner` [ RunTime:0.003013s ]
[2026-08-20T09:03:30+08:00][sql] SELECT * FROM `banner` WHERE  `status` = 1 ORDER BY `sort` ASC,`id` ASC [ RunTime:0.000749s ]
[2026-08-20T09:06:16+08:00][sql] CONNECT:[ UseTime:0.008703s ] mysql:host=127.0.0.1;port=3306;dbname=auction;charset=utf8mb4
[2026-08-20T09:06:16+08:00][sql] SHOW FULL COLUMNS FROM `goods` [ RunTime:0.001583s ]
[2026-08-20T09:06:16+08:00][sql] SELECT `id` FROM `goods` WHERE  `status` = 1  AND `end_time` <= 1787187976 [ RunTime:0.000854s ]
[2026-08-20T09:06:16+08:00][sql] SHOW FULL COLUMNS FROM `user` [ RunTime:0.001365s ]
[2026-08-20T09:06:16+08:00][sql] SELECT * FROM `user` WHERE  `id` = 29 LIMIT 1 [ RunTime:0.000786s ]
[2026-08-20T09:06:16+08:00][sql] SHOW FULL COLUMNS FROM `setting` [ RunTime:0.001087s ]
[2026-08-20T09:06:16+08:00][sql] SELECT * FROM `setting` [ RunTime:0.000638s ]
[2026-08-20T09:06:16+08:00][sql] SELECT COUNT(*) AS think_count FROM `goods` `g` LEFT JOIN `user` `u` ON `g`.`seller_id`=`u`.`id` WHERE  `g`.`status` = '1'  AND `g`.`start_time` <= '1787187976'  AND `g`.`end_time` > '1787187976' [ RunTime:0.001526s ]
[2026-08-20T09:06:16+08:00][sql] SELECT `g`.*,u.nickname as seller_name FROM `goods` `g` LEFT JOIN `user` `u` ON `g`.`seller_id`=`u`.`id` WHERE  `g`.`status` = '1'  AND `g`.`start_time` <= '1787187976'  AND `g`.`end_time` > '1787187976' ORDER BY `g`.`end_time` ASC,`g`.`id` DESC LIMIT 0,10 [ RunTime:0.002594s ]
[2026-08-20T09:06:16+08:00][sql] SHOW FULL COLUMNS FROM `bid_record` [ RunTime:0.001961s ]
[2026-08-20T09:06:16+08:00][sql] SELECT MAX(`price`) AS think_max FROM `bid_record` WHERE  `goods_id` = 33  AND `status` = 0 [ RunTime:0.001069s ]
[2026-08-20T09:06:16+08:00][sql] SELECT MAX(`price`) AS think_max FROM `bid_record` WHERE  `goods_id` = 30  AND `status` = 0 [ RunTime:0.001060s ]
[2026-08-20T09:06:16+08:00][sql] SELECT MAX(`price`) AS think_max FROM `bid_record` WHERE  `goods_id` = 36  AND `status` = 0 [ RunTime:0.001122s ]
[2026-08-20T09:06:16+08:00][sql] SHOW FULL COLUMNS FROM `category` [ RunTime:0.001848s ]
[2026-08-20T09:06:16+08:00][sql] SELECT * FROM `category` WHERE  `status` = 1 ORDER BY `sort` ASC [ RunTime:0.000940s ]
[2026-08-20T09:06:16+08:00][sql] SELECT `b`.`price`,`b`.`create_time`,`g`.`title`,`u`.`nickname` FROM `bid_record` `b` LEFT JOIN `goods` `g` ON `b`.`goods_id`=`g`.`id` LEFT JOIN `user` `u` ON `b`.`user_id`=`u`.`id` WHERE  `b`.`status` = '1' ORDER BY `b`.`id` DESC LIMIT 5 [ RunTime:0.001123s ]
[2026-08-20T09:06:16+08:00][sql] SHOW FULL COLUMNS FROM `news` [ RunTime:0.001965s ]
[2026-08-20T09:06:16+08:00][sql] SELECT `id`,`title`,`create_time` FROM `news` WHERE  `status` = 1 ORDER BY `id` DESC LIMIT 3 [ RunTime:0.001413s ]
[2026-08-20T09:06:16+08:00][sql] SHOW FULL COLUMNS FROM `banner` [ RunTime:0.002651s ]
[2026-08-20T09:06:16+08:00][sql] SELECT * FROM `banner` WHERE  `status` = 1 ORDER BY `sort` ASC,`id` ASC [ RunTime:0.001147s ]
[2026-08-20T09:06:38+08:00][sql] CONNECT:[ UseTime:0.021979s ] mysql:host=127.0.0.1;port=3306;dbname=auction;charset=utf8mb4
[2026-08-20T09:06:38+08:00][sql] SHOW FULL COLUMNS FROM `goods` [ RunTime:0.002860s ]
[2026-08-20T09:06:38+08:00][sql] SELECT `id` FROM `goods` WHERE  `status` = 1  AND `end_time` <= 1787187998 [ RunTime:0.001579s ]
[2026-08-20T09:06:38+08:00][sql] SHOW FULL COLUMNS FROM `user` [ RunTime:0.002717s ]
[2026-08-20T09:06:38+08:00][sql] SELECT * FROM `user` WHERE  `id` = 29 LIMIT 1 [ RunTime:0.001124s ]
[2026-08-20T09:06:38+08:00][sql] SHOW FULL COLUMNS FROM `setting` [ RunTime:0.001397s ]
[2026-08-20T09:06:38+08:00][sql] SELECT * FROM `setting` [ RunTime:0.000874s ]
[2026-08-20T09:06:38+08:00][sql] SELECT COUNT(*) AS think_count FROM `goods` `g` LEFT JOIN `user` `u` ON `g`.`seller_id`=`u`.`id` WHERE  `g`.`status` = '1'  AND `g`.`start_time` <= '1787187998'  AND `g`.`end_time` > '1787187998' [ RunTime:0.001704s ]
[2026-08-20T09:06:38+08:00][sql] SELECT `g`.*,u.nickname as seller_name FROM `goods` `g` LEFT JOIN `user` `u` ON `g`.`seller_id`=`u`.`id` WHERE  `g`.`status` = '1'  AND `g`.`start_time` <= '1787187998'  AND `g`.`end_time` > '1787187998' ORDER BY `g`.`end_time` ASC,`g`.`id` DESC LIMIT 0,10 [ RunTime:0.001282s ]
[2026-08-20T09:06:38+08:00][sql] SHOW FULL COLUMNS FROM `bid_record` [ RunTime:0.001342s ]
[2026-08-20T09:06:38+08:00][sql] SELECT MAX(`price`) AS think_max FROM `bid_record` WHERE  `goods_id` = 33  AND `status` = 0 [ RunTime:0.000749s ]
[2026-08-20T09:06:38+08:00][sql] SELECT MAX(`price`) AS think_max FROM `bid_record` WHERE  `goods_id` = 30  AND `status` = 0 [ RunTime:0.000723s ]
[2026-08-20T09:06:38+08:00][sql] SELECT MAX(`price`) AS think_max FROM `bid_record` WHERE  `goods_id` = 36  AND `status` = 0 [ RunTime:0.000755s ]
[2026-08-20T09:06:38+08:00][sql] SHOW FULL COLUMNS FROM `category` [ RunTime:0.001323s ]
[2026-08-20T09:06:38+08:00][sql] SELECT * FROM `category` WHERE  `status` = 1 ORDER BY `sort` ASC [ RunTime:0.000650s ]
[2026-08-20T09:06:38+08:00][sql] SELECT `b`.`price`,`b`.`create_time`,`g`.`title`,`u`.`nickname` FROM `bid_record` `b` LEFT JOIN `goods` `g` ON `b`.`goods_id`=`g`.`id` LEFT JOIN `user` `u` ON `b`.`user_id`=`u`.`id` WHERE  `b`.`status` = '1' ORDER BY `b`.`id` DESC LIMIT 5 [ RunTime:0.000688s ]
[2026-08-20T09:06:38+08:00][sql] SHOW FULL COLUMNS FROM `news` [ RunTime:0.001228s ]
[2026-08-20T09:06:38+08:00][sql] SELECT `id`,`title`,`create_time` FROM `news` WHERE  `status` = 1 ORDER BY `id` DESC LIMIT 3 [ RunTime:0.000771s ]
[2026-08-20T09:06:38+08:00][sql] SHOW FULL COLUMNS FROM `banner` [ RunTime:0.002004s ]
[2026-08-20T09:06:38+08:00][sql] SELECT * FROM `banner` WHERE  `status` = 1 ORDER BY `sort` ASC,`id` ASC [ RunTime:0.000949s ]
[2026-08-20T09:10:36+08:00][sql] CONNECT:[ UseTime:0.010083s ] mysql:host=127.0.0.1;port=3306;dbname=auction;charset=utf8mb4
[2026-08-20T09:10:36+08:00][sql] SHOW FULL COLUMNS FROM `goods` [ RunTime:0.002316s ]
[2026-08-20T09:10:36+08:00][sql] SELECT `id` FROM `goods` WHERE  `status` = 1  AND `end_time` <= 1787188236 [ RunTime:0.001295s ]
[2026-08-20T09:10:36+08:00][sql] SHOW FULL COLUMNS FROM `user` [ RunTime:0.002180s ]
[2026-08-20T09:10:36+08:00][sql] SELECT * FROM `user` WHERE  `id` = 29 LIMIT 1 [ RunTime:0.001213s ]
[2026-08-20T09:10:36+08:00][sql] SHOW FULL COLUMNS FROM `setting` [ RunTime:0.001703s ]
[2026-08-20T09:10:36+08:00][sql] SELECT * FROM `setting` [ RunTime:0.001010s ]
[2026-08-20T09:10:36+08:00][sql] SELECT COUNT(*) AS think_count FROM `goods` `g` LEFT JOIN `user` `u` ON `g`.`seller_id`=`u`.`id` WHERE  `g`.`status` = '1'  AND `g`.`start_time` <= '1787188236'  AND `g`.`end_time` > '1787188236' [ RunTime:0.001349s ]
[2026-08-20T09:10:36+08:00][sql] SELECT `g`.*,u.nickname as seller_name FROM `goods` `g` LEFT JOIN `user` `u` ON `g`.`seller_id`=`u`.`id` WHERE  `g`.`status` = '1'  AND `g`.`start_time` <= '1787188236'  AND `g`.`end_time` > '1787188236' ORDER BY `g`.`end_time` ASC,`g`.`id` DESC LIMIT 0,10 [ RunTime:0.001524s ]
[2026-08-20T09:10:36+08:00][sql] SHOW FULL COLUMNS FROM `bid_record` [ RunTime:0.001779s ]
[2026-08-20T09:10:36+08:00][sql] SELECT MAX(`price`) AS think_max FROM `bid_record` WHERE  `goods_id` = 33  AND `status` = 0 [ RunTime:0.001096s ]
[2026-08-20T09:10:36+08:00][sql] SELECT MAX(`price`) AS think_max FROM `bid_record` WHERE  `goods_id` = 30  AND `status` = 0 [ RunTime:0.000990s ]
[2026-08-20T09:10:36+08:00][sql] SELECT MAX(`price`) AS think_max FROM `bid_record` WHERE  `goods_id` = 36  AND `status` = 0 [ RunTime:0.001008s ]
[2026-08-20T09:10:36+08:00][sql] SHOW FULL COLUMNS FROM `category` [ RunTime:0.001642s ]
[2026-08-20T09:10:36+08:00][sql] SELECT * FROM `category` WHERE  `status` = 1 ORDER BY `sort` ASC [ RunTime:0.001070s ]
[2026-08-20T09:10:36+08:00][sql] SELECT `b`.`price`,`b`.`create_time`,`g`.`title`,`u`.`nickname` FROM `bid_record` `b` LEFT JOIN `goods` `g` ON `b`.`goods_id`=`g`.`id` LEFT JOIN `user` `u` ON `b`.`user_id`=`u`.`id` WHERE  `b`.`status` = '1' ORDER BY `b`.`id` DESC LIMIT 5 [ RunTime:0.001146s ]
[2026-08-20T09:10:36+08:00][sql] SHOW FULL COLUMNS FROM `news` [ RunTime:0.001696s ]
[2026-08-20T09:10:36+08:00][sql] SELECT `id`,`title`,`create_time` FROM `news` WHERE  `status` = 1 ORDER BY `id` DESC LIMIT 3 [ RunTime:0.001080s ]
[2026-08-20T09:10:36+08:00][sql] SHOW FULL COLUMNS FROM `banner` [ RunTime:0.001879s ]
[2026-08-20T09:10:36+08:00][sql] SELECT * FROM `banner` WHERE  `status` = 1 ORDER BY `sort` ASC,`id` ASC [ RunTime:0.001187s ]
[2026-08-20T09:10:46+08:00][sql] CONNECT:[ UseTime:0.010862s ] mysql:host=127.0.0.1;port=3306;dbname=auction;charset=utf8mb4
[2026-08-20T09:10:46+08:00][sql] SHOW FULL COLUMNS FROM `goods` [ RunTime:0.001282s ]
[2026-08-20T09:10:46+08:00][sql] SELECT `id` FROM `goods` WHERE  `status` = 1  AND `end_time` <= 1787188246 [ RunTime:0.000648s ]
[2026-08-20T09:10:46+08:00][sql] SHOW FULL COLUMNS FROM `user` [ RunTime:0.001194s ]
[2026-08-20T09:10:46+08:00][sql] SELECT * FROM `user` WHERE  `id` = 29 LIMIT 1 [ RunTime:0.000625s ]
[2026-08-20T09:10:46+08:00][sql] SHOW FULL COLUMNS FROM `setting` [ RunTime:0.000904s ]
[2026-08-20T09:10:46+08:00][sql] SELECT * FROM `setting` [ RunTime:0.000484s ]
[2026-08-20T09:10:46+08:00][sql] SELECT COUNT(*) AS think_count FROM `goods` `g` LEFT JOIN `user` `u` ON `g`.`seller_id`=`u`.`id` WHERE  `g`.`status` = '1'  AND `g`.`start_time` <= '1787188246'  AND `g`.`end_time` > '1787188246' [ RunTime:0.000750s ]
[2026-08-20T09:10:46+08:00][sql] SELECT `g`.*,u.nickname as seller_name FROM `goods` `g` LEFT JOIN `user` `u` ON `g`.`seller_id`=`u`.`id` WHERE  `g`.`status` = '1'  AND `g`.`start_time` <= '1787188246'  AND `g`.`end_time` > '1787188246' ORDER BY `g`.`end_time` ASC,`g`.`id` DESC LIMIT 0,10 [ RunTime:0.001016s ]
[2026-08-20T09:10:46+08:00][sql] SHOW FULL COLUMNS FROM `bid_record` [ RunTime:0.001231s ]
[2026-08-20T09:10:46+08:00][sql] SELECT MAX(`price`) AS think_max FROM `bid_record` WHERE  `goods_id` = 33  AND `status` = 0 [ RunTime:0.000773s ]
[2026-08-20T09:10:46+08:00][sql] SELECT MAX(`price`) AS think_max FROM `bid_record` WHERE  `goods_id` = 30  AND `status` = 0 [ RunTime:0.001001s ]
[2026-08-20T09:10:46+08:00][sql] SELECT MAX(`price`) AS think_max FROM `bid_record` WHERE  `goods_id` = 36  AND `status` = 0 [ RunTime:0.000679s ]
[2026-08-20T09:10:46+08:00][sql] SHOW FULL COLUMNS FROM `category` [ RunTime:0.000875s ]
[2026-08-20T09:10:46+08:00][sql] SELECT * FROM `category` WHERE  `status` = 1 ORDER BY `sort` ASC [ RunTime:0.000515s ]
[2026-08-20T09:10:46+08:00][sql] SELECT `b`.`price`,`b`.`create_time`,`g`.`title`,`u`.`nickname` FROM `bid_record` `b` LEFT JOIN `goods` `g` ON `b`.`goods_id`=`g`.`id` LEFT JOIN `user` `u` ON `b`.`user_id`=`u`.`id` WHERE  `b`.`status` = '1' ORDER BY `b`.`id` DESC LIMIT 5 [ RunTime:0.001038s ]
[2026-08-20T09:10:46+08:00][sql] SHOW FULL COLUMNS FROM `news` [ RunTime:0.001617s ]
[2026-08-20T09:10:46+08:00][sql] SELECT `id`,`title`,`create_time` FROM `news` WHERE  `status` = 1 ORDER BY `id` DESC LIMIT 3 [ RunTime:0.001117s ]
[2026-08-20T09:10:46+08:00][sql] SHOW FULL COLUMNS FROM `banner` [ RunTime:0.001608s ]
[2026-08-20T09:10:46+08:00][sql] SELECT * FROM `banner` WHERE  `status` = 1 ORDER BY `sort` ASC,`id` ASC [ RunTime:0.000939s ]
[2026-08-20T09:12:00+08:00][sql] CONNECT:[ UseTime:0.009817s ] mysql:host=127.0.0.1;port=3306;dbname=auction;charset=utf8mb4
[2026-08-20T09:12:00+08:00][sql] SHOW FULL COLUMNS FROM `goods` [ RunTime:0.001648s ]
[2026-08-20T09:12:00+08:00][sql] SELECT `id` FROM `goods` WHERE  `status` = 1  AND `end_time` <= 1787188320 [ RunTime:0.000804s ]
[2026-08-20T09:12:00+08:00][sql] SHOW FULL COLUMNS FROM `user` [ RunTime:0.001449s ]
[2026-08-20T09:12:00+08:00][sql] SELECT * FROM `user` WHERE  `id` = 29 LIMIT 1 [ RunTime:0.000871s ]
[2026-08-20T09:12:00+08:00][sql] SHOW FULL COLUMNS FROM `setting` [ RunTime:0.001135s ]
[2026-08-20T09:12:00+08:00][sql] SELECT * FROM `setting` [ RunTime:0.000648s ]
[2026-08-20T09:12:00+08:00][sql] SHOW FULL COLUMNS FROM `category` [ RunTime:0.001148s ]
[2026-08-20T09:12:00+08:00][sql] SELECT * FROM `category` WHERE  `status` = 1 ORDER BY `sort` ASC [ RunTime:0.000700s ]
[2026-08-20T09:35:19+08:00][sql] CONNECT:[ UseTime:0.002641s ] mysql:host=127.0.0.1;port=3306;dbname=auction;charset=utf8mb4
[2026-08-20T09:35:19+08:00][sql] SHOW FULL COLUMNS FROM `goods` [ RunTime:0.001528s ]
[2026-08-20T09:35:19+08:00][sql] SELECT `id` FROM `goods` WHERE  `status` = 1  AND `end_time` <= 1787189719 [ RunTime:0.000772s ]
[2026-08-20T09:35:19+08:00][sql] SELECT * FROM `goods` WHERE  `id` = 30 LIMIT 1   FOR UPDATE [ RunTime:0.000817s ]
[2026-08-20T09:35:19+08:00][sql] SHOW FULL COLUMNS FROM `bid_record` [ RunTime:0.001090s ]
[2026-08-20T09:35:19+08:00][sql] SELECT * FROM `bid_record` WHERE  `goods_id` = 30  AND `status` = 0 ORDER BY `price` DESC,`id` ASC [ RunTime:0.000864s ]
[2026-08-20T09:35:19+08:00][sql] UPDATE `goods`  SET `status` = 3 , `update_time` = 1787189719  WHERE  `id` = 30 [ RunTime:0.000786s ]
[2026-08-20T09:35:19+08:00][sql] SELECT * FROM `goods` WHERE  `id` = 33 LIMIT 1   FOR UPDATE [ RunTime:0.001248s ]
[2026-08-20T09:35:19+08:00][sql] SELECT * FROM `bid_record` WHERE  `goods_id` = 33  AND `status` = 0 ORDER BY `price` DESC,`id` ASC [ RunTime:0.001076s ]
[2026-08-20T09:35:19+08:00][sql] SHOW FULL COLUMNS FROM `setting` [ RunTime:0.001221s ]
[2026-08-20T09:35:19+08:00][sql] SELECT * FROM `setting` [ RunTime:0.000684s ]
[2026-08-20T09:35:19+08:00][sql] UPDATE `bid_record`  SET `status` = 2  WHERE  `goods_id` = 33  AND `status` = 0 [ RunTime:0.000800s ]
[2026-08-20T09:35:19+08:00][sql] UPDATE `bid_record`  SET `status` = 1 , `is_winner` = 1  WHERE  `id` = 34 [ RunTime:0.000688s ]
[2026-08-20T09:35:19+08:00][sql] SHOW FULL COLUMNS FROM `user` [ RunTime:0.001248s ]
[2026-08-20T09:35:19+08:00][sql] SELECT * FROM `user` WHERE  `id` = 27 LIMIT 1   FOR UPDATE [ RunTime:0.000715s ]
[2026-08-20T09:35:19+08:00][sql] UPDATE `user`  SET `balance` = '99000' , `freeze_balance` = '0' , `update_time` = 1787189719  WHERE  `id` = 27 [ RunTime:0.000576s ]
[2026-08-20T09:35:19+08:00][sql] SHOW FULL COLUMNS FROM `balance_log` [ RunTime:0.000977s ]
[2026-08-20T09:35:19+08:00][sql] INSERT INTO `balance_log` SET `user_id` = 27 , `type` = 'refund' , `amount` = '100.00' , `balance` = '99000' , `remark` = '未拍中，保证金退回（eee）' , `create_time` = 1787189719 [ RunTime:0.000749s ]
[2026-08-20T09:35:19+08:00][sql] SELECT * FROM `user` WHERE  `id` = 26 LIMIT 1   FOR UPDATE [ RunTime:0.000570s ]
[2026-08-20T09:35:19+08:00][sql] UPDATE `user`  SET `balance` = '649' , `freeze_balance` = '0' , `update_time` = 1787189719  WHERE  `id` = 26 [ RunTime:0.000533s ]
[2026-08-20T09:35:19+08:00][sql] INSERT INTO `balance_log` SET `user_id` = 26 , `type` = 'refund' , `amount` = '100.00' , `balance` = '649' , `remark` = '未拍中，保证金退回（eee）' , `create_time` = 1787189719 [ RunTime:0.000431s ]
[2026-08-20T09:35:19+08:00][sql] SELECT MAX(`deposit`) AS think_max FROM `bid_record` WHERE  `goods_id` = 33  AND `user_id` = 29  AND `deposit` > '0' [ RunTime:0.004341s ]
[2026-08-20T09:35:19+08:00][sql] SHOW FULL COLUMNS FROM `order` [ RunTime:0.001757s ]
[2026-08-20T09:35:19+08:00][sql] INSERT INTO `order` SET `order_no` = 'AU20260820093519694222' , `goods_id` = 33 , `goods_title` = 'eee' , `goods_cover` = '/uploads/20260819/090529_1298.png' , `seller_id` = 25 , `buyer_id` = 29 , `price` = '1250.00' , `commission_rate` = '10' , `commission` = '125' , `seller_income` = '1125' , `deposit` = '0' , `pay_status` = 0 , `order_status` = 0 , `create_time` = 1787189719 , `update_time` = 1787189719 [ RunTime:0.000975s ]
[2026-08-20T09:35:19+08:00][sql] UPDATE `goods`  SET `status` = 2 , `final_price` = '1250.00' , `winner_id` = 29 , `order_id` = 10 , `update_time` = 1787189719  WHERE  `id` = 33 [ RunTime:0.000784s ]
[2026-08-20T09:35:19+08:00][sql] SELECT * FROM `user` WHERE  `id` = 29 LIMIT 1 [ RunTime:0.000941s ]
[2026-08-20T09:35:19+08:00][sql] SHOW FULL COLUMNS FROM `category` [ RunTime:0.001303s ]
[2026-08-20T09:35:19+08:00][sql] SELECT * FROM `category` WHERE  `status` = 1 ORDER BY `sort` ASC [ RunTime:0.000756s ]
[2026-08-20T09:35:19+08:00][sql] SELECT COUNT(*),`category_id` FROM `goods` WHERE  `status` = 1  AND `category_id` IN (1,2,3,4) GROUP BY `category_id` [ RunTime:0.001392s ]
[2026-08-20T09:35:37+08:00][sql] CONNECT:[ UseTime:0.007586s ] mysql:host=127.0.0.1;port=3306;dbname=auction;charset=utf8mb4
[2026-08-20T09:35:37+08:00][sql] SHOW FULL COLUMNS FROM `goods` [ RunTime:0.002078s ]
[2026-08-20T09:35:37+08:00][sql] SELECT `id` FROM `goods` WHERE  `status` = 1  AND `end_time` <= 1787189737 [ RunTime:0.000998s ]
[2026-08-20T09:35:37+08:00][sql] SHOW FULL COLUMNS FROM `user` [ RunTime:0.001825s ]
[2026-08-20T09:35:37+08:00][sql] SELECT * FROM `user` WHERE  `id` = 29 LIMIT 1 [ RunTime:0.000987s ]
[2026-08-20T09:35:37+08:00][sql] SHOW FULL COLUMNS FROM `setting` [ RunTime:0.001367s ]
[2026-08-20T09:35:37+08:00][sql] SELECT * FROM `setting` [ RunTime:0.000788s ]
[2026-08-20T09:35:37+08:00][sql] SELECT COUNT(*) AS think_count FROM `goods` `g` LEFT JOIN `user` `u` ON `g`.`seller_id`=`u`.`id` WHERE  `g`.`status` = '1'  AND `g`.`start_time` <= '1787189737'  AND `g`.`end_time` > '1787189737' [ RunTime:0.001365s ]
[2026-08-20T09:35:37+08:00][sql] SELECT `g`.*,u.nickname as seller_name FROM `goods` `g` LEFT JOIN `user` `u` ON `g`.`seller_id`=`u`.`id` WHERE  `g`.`status` = '1'  AND `g`.`start_time` <= '1787189737'  AND `g`.`end_time` > '1787189737' ORDER BY `g`.`end_time` ASC,`g`.`id` DESC LIMIT 0,10 [ RunTime:0.001474s ]
[2026-08-20T09:35:37+08:00][sql] SHOW FULL COLUMNS FROM `bid_record` [ RunTime:0.001842s ]
[2026-08-20T09:35:37+08:00][sql] SELECT MAX(`price`) AS think_max FROM `bid_record` WHERE  `goods_id` = 36  AND `status` = 0 [ RunTime:0.001046s ]
[2026-08-20T09:35:37+08:00][sql] SHOW FULL COLUMNS FROM `category` [ RunTime:0.001550s ]
[2026-08-20T09:35:37+08:00][sql] SELECT * FROM `category` WHERE  `status` = 1 ORDER BY `sort` ASC [ RunTime:0.000939s ]
[2026-08-20T09:35:37+08:00][sql] SELECT `b`.`price`,`b`.`create_time`,`g`.`title`,`u`.`nickname` FROM `bid_record` `b` LEFT JOIN `goods` `g` ON `b`.`goods_id`=`g`.`id` LEFT JOIN `user` `u` ON `b`.`user_id`=`u`.`id` WHERE  `b`.`status` = '1' ORDER BY `b`.`id` DESC LIMIT 5 [ RunTime:0.000851s ]
[2026-08-20T09:35:37+08:00][sql] SHOW FULL COLUMNS FROM `news` [ RunTime:0.001290s ]
[2026-08-20T09:35:37+08:00][sql] SELECT `id`,`title`,`create_time` FROM `news` WHERE  `status` = 1 ORDER BY `id` DESC LIMIT 3 [ RunTime:0.000857s ]
[2026-08-20T09:35:37+08:00][sql] SHOW FULL COLUMNS FROM `banner` [ RunTime:0.001359s ]
[2026-08-20T09:35:37+08:00][sql] SELECT * FROM `banner` WHERE  `status` = 1 ORDER BY `sort` ASC,`id` ASC [ RunTime:0.000704s ]
[2026-08-20T09:35:42+08:00][sql] CONNECT:[ UseTime:0.008760s ] mysql:host=127.0.0.1;port=3306;dbname=auction;charset=utf8mb4
[2026-08-20T09:35:42+08:00][sql] SHOW FULL COLUMNS FROM `goods` [ RunTime:0.002348s ]
[2026-08-20T09:35:42+08:00][sql] SELECT `id` FROM `goods` WHERE  `status` = 1  AND `end_time` <= 1787189742 [ RunTime:0.001091s ]
[2026-08-20T09:35:42+08:00][sql] SHOW FULL COLUMNS FROM `user` [ RunTime:0.001969s ]
[2026-08-20T09:35:42+08:00][sql] SELECT * FROM `user` WHERE  `id` = 29 LIMIT 1 [ RunTime:0.001060s ]
[2026-08-20T09:35:42+08:00][sql] SHOW FULL COLUMNS FROM `setting` [ RunTime:0.001508s ]
[2026-08-20T09:35:42+08:00][sql] SELECT * FROM `setting` [ RunTime:0.000841s ]
[2026-08-20T09:35:42+08:00][sql] SHOW FULL COLUMNS FROM `category` [ RunTime:0.001718s ]
[2026-08-20T09:35:42+08:00][sql] SELECT * FROM `category` WHERE  `status` = 1 ORDER BY `sort` ASC [ RunTime:0.000963s ]
[2026-08-20T09:35:42+08:00][sql] SELECT COUNT(*),`category_id` FROM `goods` WHERE  `status` = 1  AND `category_id` IN (1,2,3,4) GROUP BY `category_id` [ RunTime:0.001038s ]
[2026-08-20T09:37:38+08:00][sql] CONNECT:[ UseTime:0.027379s ] mysql:host=127.0.0.1;port=3306;dbname=auction;charset=utf8mb4
[2026-08-20T09:37:38+08:00][sql] SHOW FULL COLUMNS FROM `goods` [ RunTime:0.001661s ]
[2026-08-20T09:37:38+08:00][sql] SELECT `id` FROM `goods` WHERE  `status` = 1  AND `end_time` <= 1787189858 [ RunTime:0.000856s ]
[2026-08-20T09:37:38+08:00][sql] SHOW FULL COLUMNS FROM `user` [ RunTime:0.001509s ]
[2026-08-20T09:37:38+08:00][sql] SELECT * FROM `user` WHERE  `id` = 29 LIMIT 1 [ RunTime:0.000976s ]
[2026-08-20T09:37:38+08:00][sql] SHOW FULL COLUMNS FROM `setting` [ RunTime:0.001391s ]
[2026-08-20T09:37:38+08:00][sql] SELECT * FROM `setting` [ RunTime:0.000714s ]
[2026-08-20T09:37:38+08:00][sql] SHOW FULL COLUMNS FROM `category` [ RunTime:0.001428s ]
[2026-08-20T09:37:38+08:00][sql] SELECT * FROM `category` WHERE  `status` = 1 ORDER BY `sort` ASC [ RunTime:0.000895s ]
[2026-08-20T09:37:38+08:00][sql] SELECT COUNT(*),`category_id` FROM `goods` WHERE  `status` = 1  AND `category_id` IN (1,2,3,4) GROUP BY `category_id` [ RunTime:0.000980s ]
[2026-08-20T09:37:42+08:00][sql] CONNECT:[ UseTime:0.014487s ] mysql:host=127.0.0.1;port=3306;dbname=auction;charset=utf8mb4
[2026-08-20T09:37:42+08:00][sql] SHOW FULL COLUMNS FROM `goods` [ RunTime:0.002154s ]
[2026-08-20T09:37:42+08:00][sql] SELECT `id` FROM `goods` WHERE  `status` = 1  AND `end_time` <= 1787189862 [ RunTime:0.001014s ]
[2026-08-20T09:37:42+08:00][sql] SHOW FULL COLUMNS FROM `user` [ RunTime:0.001849s ]
[2026-08-20T09:37:42+08:00][sql] SELECT * FROM `user` WHERE  `id` = 29 LIMIT 1 [ RunTime:0.001024s ]
[2026-08-20T09:37:42+08:00][sql] SHOW FULL COLUMNS FROM `setting` [ RunTime:0.001456s ]
[2026-08-20T09:37:42+08:00][sql] SELECT * FROM `setting` [ RunTime:0.000849s ]
[2026-08-20T09:37:42+08:00][sql] SHOW FULL COLUMNS FROM `category` [ RunTime:0.001745s ]
[2026-08-20T09:37:42+08:00][sql] SELECT * FROM `category` WHERE  `id` = 1  AND `status` = 1 LIMIT 1 [ RunTime:0.000726s ]
[2026-08-20T09:37:42+08:00][sql] SELECT COUNT(*) AS think_count FROM `goods` `g` LEFT JOIN `user` `u` ON `g`.`seller_id`=`u`.`id` WHERE  `g`.`status` = '1'  AND `g`.`category_id` = '1' [ RunTime:0.001115s ]
[2026-08-20T09:37:42+08:00][sql] SELECT `g`.*,u.nickname as seller_name FROM `goods` `g` LEFT JOIN `user` `u` ON `g`.`seller_id`=`u`.`id` WHERE  `g`.`status` = '1'  AND `g`.`category_id` = '1' ORDER BY `g`.`id` DESC LIMIT 0,10 [ RunTime:0.001163s ]
[2026-08-20T09:37:42+08:00][sql] SHOW FULL COLUMNS FROM `bid_record` [ RunTime:0.001596s ]
[2026-08-20T09:37:42+08:00][sql] SELECT MAX(`price`) AS think_max FROM `bid_record` WHERE  `goods_id` = 36  AND `status` = 0 [ RunTime:0.000904s ]
[2026-08-20T09:37:48+08:00][sql] CONNECT:[ UseTime:0.006890s ] mysql:host=127.0.0.1;port=3306;dbname=auction;charset=utf8mb4
[2026-08-20T09:37:48+08:00][sql] SHOW FULL COLUMNS FROM `goods` [ RunTime:0.002173s ]
[2026-08-20T09:37:48+08:00][sql] SELECT `id` FROM `goods` WHERE  `status` = 1  AND `end_time` <= 1787189868 [ RunTime:0.000924s ]
[2026-08-20T09:37:48+08:00][sql] SHOW FULL COLUMNS FROM `user` [ RunTime:0.001519s ]
[2026-08-20T09:37:48+08:00][sql] SELECT * FROM `user` WHERE  `id` = 29 LIMIT 1 [ RunTime:0.000837s ]
[2026-08-20T09:37:48+08:00][sql] SHOW FULL COLUMNS FROM `setting` [ RunTime:0.001174s ]
[2026-08-20T09:37:48+08:00][sql] SELECT * FROM `setting` [ RunTime:0.000703s ]
[2026-08-20T09:37:48+08:00][sql] SHOW FULL COLUMNS FROM `category` [ RunTime:0.001223s ]
[2026-08-20T09:37:48+08:00][sql] SELECT * FROM `category` WHERE  `id` = 1  AND `status` = 1 LIMIT 1 [ RunTime:0.000630s ]
[2026-08-20T09:37:48+08:00][sql] SELECT COUNT(*) AS think_count FROM `goods` `g` LEFT JOIN `user` `u` ON `g`.`seller_id`=`u`.`id` WHERE  `g`.`status` = '1'  AND `g`.`category_id` = '1' [ RunTime:0.000738s ]
[2026-08-20T09:37:48+08:00][sql] SELECT `g`.*,u.nickname as seller_name FROM `goods` `g` LEFT JOIN `user` `u` ON `g`.`seller_id`=`u`.`id` WHERE  `g`.`status` = '1'  AND `g`.`category_id` = '1' ORDER BY `g`.`id` DESC LIMIT 0,10 [ RunTime:0.000936s ]
[2026-08-20T09:37:48+08:00][sql] SHOW FULL COLUMNS FROM `bid_record` [ RunTime:0.001490s ]
[2026-08-20T09:37:48+08:00][sql] SELECT MAX(`price`) AS think_max FROM `bid_record` WHERE  `goods_id` = 36  AND `status` = 0 [ RunTime:0.000857s ]
[2026-08-20T09:37:54+08:00][sql] CONNECT:[ UseTime:0.012914s ] mysql:host=127.0.0.1;port=3306;dbname=auction;charset=utf8mb4
[2026-08-20T09:37:54+08:00][sql] SHOW FULL COLUMNS FROM `goods` [ RunTime:0.002402s ]
[2026-08-20T09:37:54+08:00][sql] SELECT `id` FROM `goods` WHERE  `status` = 1  AND `end_time` <= 1787189874 [ RunTime:0.001207s ]
[2026-08-20T09:37:54+08:00][sql] SHOW FULL COLUMNS FROM `user` [ RunTime:0.002203s ]
[2026-08-20T09:37:54+08:00][sql] SELECT * FROM `user` WHERE  `id` = 29 LIMIT 1 [ RunTime:0.001187s ]
[2026-08-20T09:37:54+08:00][sql] SHOW FULL COLUMNS FROM `setting` [ RunTime:0.001684s ]
[2026-08-20T09:37:54+08:00][sql] SELECT * FROM `setting` [ RunTime:0.000967s ]
[2026-08-20T09:37:54+08:00][sql] SHOW FULL COLUMNS FROM `category` [ RunTime:0.001895s ]
[2026-08-20T09:37:54+08:00][sql] SELECT * FROM `category` WHERE  `id` = 2  AND `status` = 1 LIMIT 1 [ RunTime:0.001185s ]
[2026-08-20T09:37:54+08:00][sql] SELECT COUNT(*) AS think_count FROM `goods` `g` LEFT JOIN `user` `u` ON `g`.`seller_id`=`u`.`id` WHERE  `g`.`status` = '1'  AND `g`.`category_id` = '2' [ RunTime:0.001150s ]
[2026-08-20T09:37:54+08:00][sql] SELECT `g`.*,u.nickname as seller_name FROM `goods` `g` LEFT JOIN `user` `u` ON `g`.`seller_id`=`u`.`id` WHERE  `g`.`status` = '1'  AND `g`.`category_id` = '2' ORDER BY `g`.`id` DESC LIMIT 0,10 [ RunTime:0.001236s ]
[2026-08-20T09:38:02+08:00][sql] CONNECT:[ UseTime:0.020313s ] mysql:host=127.0.0.1;port=3306;dbname=auction;charset=utf8mb4
[2026-08-20T09:38:02+08:00][sql] SHOW FULL COLUMNS FROM `goods` [ RunTime:0.001706s ]
[2026-08-20T09:38:02+08:00][sql] SELECT `id` FROM `goods` WHERE  `status` = 1  AND `end_time` <= 1787189882 [ RunTime:0.000784s ]
[2026-08-20T09:38:02+08:00][sql] SHOW FULL COLUMNS FROM `user` [ RunTime:0.001272s ]
[2026-08-20T09:38:02+08:00][sql] SELECT * FROM `user` WHERE  `id` = 29 LIMIT 1 [ RunTime:0.000727s ]
[2026-08-20T09:38:02+08:00][sql] SHOW FULL COLUMNS FROM `setting` [ RunTime:0.001049s ]
[2026-08-20T09:38:02+08:00][sql] SELECT * FROM `setting` [ RunTime:0.000672s ]
[2026-08-20T09:38:02+08:00][sql] SELECT COUNT(*) AS think_count FROM `goods` `g` LEFT JOIN `user` `u` ON `g`.`seller_id`=`u`.`id` WHERE  `g`.`status` = '1'  AND `g`.`start_time` <= '1787189882'  AND `g`.`end_time` > '1787189882' [ RunTime:0.000861s ]
[2026-08-20T09:38:02+08:00][sql] SELECT `g`.*,u.nickname as seller_name FROM `goods` `g` LEFT JOIN `user` `u` ON `g`.`seller_id`=`u`.`id` WHERE  `g`.`status` = '1'  AND `g`.`start_time` <= '1787189882'  AND `g`.`end_time` > '1787189882' ORDER BY `g`.`end_time` ASC,`g`.`id` DESC LIMIT 0,10 [ RunTime:0.000943s ]
[2026-08-20T09:38:02+08:00][sql] SHOW FULL COLUMNS FROM `bid_record` [ RunTime:0.001142s ]
[2026-08-20T09:38:02+08:00][sql] SELECT MAX(`price`) AS think_max FROM `bid_record` WHERE  `goods_id` = 36  AND `status` = 0 [ RunTime:0.000670s ]
[2026-08-20T09:38:02+08:00][sql] SHOW FULL COLUMNS FROM `category` [ RunTime:0.001082s ]
[2026-08-20T09:38:02+08:00][sql] SELECT * FROM `category` WHERE  `status` = 1 ORDER BY `sort` ASC [ RunTime:0.000561s ]
[2026-08-20T09:38:02+08:00][sql] SELECT `b`.`price`,`b`.`create_time`,`g`.`title`,`u`.`nickname` FROM `bid_record` `b` LEFT JOIN `goods` `g` ON `b`.`goods_id`=`g`.`id` LEFT JOIN `user` `u` ON `b`.`user_id`=`u`.`id` WHERE  `b`.`status` = '1' ORDER BY `b`.`id` DESC LIMIT 5 [ RunTime:0.000753s ]
[2026-08-20T09:38:02+08:00][sql] SHOW FULL COLUMNS FROM `news` [ RunTime:0.001241s ]
[2026-08-20T09:38:02+08:00][sql] SELECT `id`,`title`,`create_time` FROM `news` WHERE  `status` = 1 ORDER BY `id` DESC LIMIT 3 [ RunTime:0.000724s ]
[2026-08-20T09:38:02+08:00][sql] SHOW FULL COLUMNS FROM `banner` [ RunTime:0.001300s ]
[2026-08-20T09:38:02+08:00][sql] SELECT * FROM `banner` WHERE  `status` = 1 ORDER BY `sort` ASC,`id` ASC [ RunTime:0.000781s ]
[2026-08-20T09:38:09+08:00][sql] CONNECT:[ UseTime:0.024013s ] mysql:host=127.0.0.1;port=3306;dbname=auction;charset=utf8mb4
[2026-08-20T09:38:09+08:00][sql] SHOW FULL COLUMNS FROM `goods` [ RunTime:0.002578s ]
[2026-08-20T09:38:09+08:00][sql] SELECT `id` FROM `goods` WHERE  `status` = 1  AND `end_time` <= 1787189889 [ RunTime:0.001064s ]
[2026-08-20T09:38:09+08:00][sql] SHOW FULL COLUMNS FROM `user` [ RunTime:0.001910s ]
[2026-08-20T09:38:09+08:00][sql] SELECT * FROM `user` WHERE  `id` = 29 LIMIT 1 [ RunTime:0.001035s ]
[2026-08-20T09:38:09+08:00][sql] SHOW FULL COLUMNS FROM `setting` [ RunTime:0.001481s ]
[2026-08-20T09:38:09+08:00][sql] SELECT * FROM `setting` [ RunTime:0.000841s ]
[2026-08-20T09:38:09+08:00][sql] SHOW FULL COLUMNS FROM `bid_record` [ RunTime:0.001707s ]
[2026-08-20T09:38:09+08:00][sql] SELECT COUNT(*) AS think_count FROM `bid_record` WHERE  `user_id` = 29 [ RunTime:0.000902s ]
[2026-08-20T09:38:09+08:00][sql] SHOW FULL COLUMNS FROM `order` [ RunTime:0.001969s ]
[2026-08-20T09:38:09+08:00][sql] SELECT COUNT(*) AS think_count FROM `order` WHERE  `buyer_id` = 29  AND `pay_status` = 1 [ RunTime:0.001072s ]
[2026-08-20T09:38:09+08:00][sql] SELECT COUNT(*) AS think_count FROM `goods` WHERE  `seller_id` = 29  AND `status` = 2 [ RunTime:0.000946s ]
[2026-08-20T09:38:09+08:00][sql] SELECT COUNT(*) AS think_count FROM `goods` WHERE  `seller_id` = 29 [ RunTime:0.000906s ]
[2026-08-20T09:38:09+08:00][sql] SELECT COUNT(*) AS think_count FROM `order` WHERE  `buyer_id` = 29  AND `pay_status` = 0  AND `order_status` = 0 [ RunTime:0.000935s ]
[2026-08-20T09:38:09+08:00][sql] SELECT COUNT(*) AS think_count FROM `order` WHERE  `seller_id` = 29  AND `order_status` = 1 [ RunTime:0.000851s ]
[2026-08-20T09:38:09+08:00][sql] SELECT COUNT(*) AS think_count FROM `order` WHERE  `buyer_id` = 29  AND `order_status` = 0  AND `pay_status` = 0 [ RunTime:0.000859s ]
[2026-08-20T09:38:09+08:00][sql] SELECT COUNT(*) AS think_count FROM `order` WHERE  `buyer_id` = 29  AND `order_status` = 1 [ RunTime:0.000853s ]
[2026-08-20T09:38:09+08:00][sql] SELECT COUNT(*) AS think_count FROM `order` WHERE  `buyer_id` = 29  AND `order_status` = 2 [ RunTime:0.000840s ]
[2026-08-20T09:38:09+08:00][sql] SELECT COUNT(*) AS think_count FROM `order` WHERE  `buyer_id` = 29  AND `order_status` = 3 [ RunTime:0.000808s ]
[2026-08-20T09:38:09+08:00][sql] SELECT COUNT(*) AS think_count FROM `order` WHERE  `seller_id` = 29  AND `order_status` = 1 [ RunTime:0.000790s ]
[2026-08-20T09:38:09+08:00][sql] SHOW FULL COLUMNS FROM `goods_favorite` [ RunTime:0.001747s ]
[2026-08-20T09:38:09+08:00][sql] SELECT COUNT(*) AS think_count FROM `goods_favorite` WHERE  `user_id` = 29 [ RunTime:0.000934s ]
[2026-08-20T09:38:09+08:00][sql] SHOW FULL COLUMNS FROM `seller_follow` [ RunTime:0.001577s ]
[2026-08-20T09:38:09+08:00][sql] SELECT COUNT(*) AS think_count FROM `seller_follow` WHERE  `user_id` = 29 [ RunTime:0.000913s ]
[2026-08-20T09:38:09+08:00][sql] SHOW FULL COLUMNS FROM `browse_history` [ RunTime:0.001499s ]
[2026-08-20T09:38:09+08:00][sql] SELECT COUNT(*) AS think_count FROM `browse_history` WHERE  `user_id` = 29 [ RunTime:0.000929s ]
[2026-08-20T09:38:09+08:00][sql] SHOW FULL COLUMNS FROM `sys_message` [ RunTime:0.001772s ]
[2026-08-20T09:38:09+08:00][sql] SELECT COUNT(*) AS think_count FROM `sys_message` WHERE  `user_id` = 29  AND `is_read` = 0 [ RunTime:0.001054s ]
[2026-08-20T09:38:09+08:00][sql] SHOW FULL COLUMNS FROM `balance_log` [ RunTime:0.001520s ]
[2026-08-20T09:38:09+08:00][sql] SELECT * FROM `balance_log` WHERE  `user_id` = 29 ORDER BY `id` DESC LIMIT 5 [ RunTime:0.000956s ]
[2026-08-20T09:38:09+08:00][sql] SELECT `b`.*,`g`.`title`,`g`.`cover`,g.status as goods_status,`g`.`end_time` FROM `bid_record` `b` LEFT JOIN `goods` `g` ON `b`.`goods_id`=`g`.`id` WHERE  `b`.`user_id` = '29' ORDER BY `b`.`id` DESC LIMIT 5 [ RunTime:0.001244s ]
[2026-08-20T09:38:09+08:00][sql] SELECT `id`,`nickname`,`mobile`,`reg_time` FROM `user` WHERE  `pid` = 29 ORDER BY `id` DESC LIMIT 10 [ RunTime:0.000937s ]
[2026-08-20T09:38:09+08:00][sql] SELECT `value` FROM `setting` WHERE  `name` = 'service_link' LIMIT 1 [ RunTime:0.000728s ]
[2026-08-20T09:38:09+08:00][sql] SELECT `is_virtual` FROM `user` WHERE  `id` = 29 LIMIT 1 [ RunTime:0.000723s ]
[2026-08-20T11:53:25+08:00][sql] CONNECT:[ UseTime:0.007439s ] mysql:host=127.0.0.1;port=3306;dbname=auction;charset=utf8mb4
[2026-08-20T11:53:25+08:00][sql] SHOW FULL COLUMNS FROM `goods` [ RunTime:0.005796s ]
[2026-08-20T11:53:25+08:00][sql] SELECT `id` FROM `goods` WHERE  `status` = 1  AND `end_time` <= 1787198005 [ RunTime:0.001678s ]
[2026-08-20T11:53:25+08:00][sql] SHOW FULL COLUMNS FROM `setting` [ RunTime:0.002082s ]
[2026-08-20T11:53:25+08:00][sql] SELECT * FROM `setting` [ RunTime:0.001198s ]
[2026-08-20T11:53:25+08:00][sql] SHOW FULL COLUMNS FROM `category` [ RunTime:0.001937s ]
[2026-08-20T11:53:25+08:00][sql] SELECT * FROM `category` WHERE  `status` = 1 ORDER BY `sort` ASC [ RunTime:0.001380s ]
[2026-08-20T11:53:25+08:00][sql] SELECT COUNT(*),`category_id` FROM `goods` WHERE  `status` = 1  AND `category_id` IN (1,2,3,4) GROUP BY `category_id` [ RunTime:0.002191s ]
[2026-08-20T11:53:41+08:00][sql] CONNECT:[ UseTime:0.013621s ] mysql:host=127.0.0.1;port=3306;dbname=auction;charset=utf8mb4
[2026-08-20T11:53:41+08:00][sql] SHOW FULL COLUMNS FROM `goods` [ RunTime:0.003365s ]
[2026-08-20T11:53:41+08:00][sql] SELECT `id` FROM `goods` WHERE  `status` = 1  AND `end_time` <= 1787198021 [ RunTime:0.001512s ]
[2026-08-20T11:53:41+08:00][sql] SHOW FULL COLUMNS FROM `setting` [ RunTime:0.001974s ]
[2026-08-20T11:53:41+08:00][sql] SELECT * FROM `setting` [ RunTime:0.001090s ]
[2026-08-20T11:53:41+08:00][sql] SELECT `g`.*,u.nickname as seller_name,u.shop_name as seller_shop,u.avatar as seller_avatar,`u`.`seller_intro`,u.deposit as seller_deposit,`u`.`shop_score`,`u`.`fans_count`,c.name as category_name FROM `goods` `g` LEFT JOIN `user` `u` ON `g`.`seller_id`=`u`.`id` LEFT JOIN `category` `c` ON `g`.`category_id`=`c`.`id` WHERE  `g`.`id` = '33' LIMIT 1 [ RunTime:0.002744s ]
[2026-08-20T11:53:41+08:00][sql] SHOW FULL COLUMNS FROM `bid_record` [ RunTime:0.002080s ]
[2026-08-20T11:53:41+08:00][sql] SELECT `b`.*,`u`.`nickname`,`u`.`mobile` FROM `bid_record` `b` LEFT JOIN `user` `u` ON `b`.`user_id`=`u`.`id` WHERE  `b`.`goods_id` = '33'  AND `b`.`status` = '0' ORDER BY `b`.`price` DESC,`b`.`id` ASC LIMIT 1 [ RunTime:0.001589s ]
[2026-08-20T11:53:41+08:00][sql] SELECT `b`.*,`u`.`nickname`,`u`.`mobile` FROM `bid_record` `b` LEFT JOIN `user` `u` ON `b`.`user_id`=`u`.`id` WHERE  `b`.`goods_id` = '33' ORDER BY `b`.`price` DESC,`b`.`id` ASC LIMIT 50 [ RunTime:0.001309s ]
[2026-08-20T11:53:41+08:00][sql] SHOW FULL COLUMNS FROM `order` [ RunTime:0.002341s ]
[2026-08-20T11:53:41+08:00][sql] SELECT * FROM `order` WHERE  `goods_id` = 33 LIMIT 1 [ RunTime:0.001311s ]
[2026-08-20T11:53:46+08:00][sql] CONNECT:[ UseTime:0.024192s ] mysql:host=127.0.0.1;port=3306;dbname=auction;charset=utf8mb4
[2026-08-20T11:53:46+08:00][sql] SHOW FULL COLUMNS FROM `goods` [ RunTime:0.002663s ]
[2026-08-20T11:53:46+08:00][sql] SELECT `id` FROM `goods` WHERE  `status` = 1  AND `end_time` <= 1787198026 [ RunTime:0.001301s ]
[2026-08-20T11:53:46+08:00][sql] SHOW FULL COLUMNS FROM `setting` [ RunTime:0.001721s ]
[2026-08-20T11:53:46+08:00][sql] SELECT * FROM `setting` [ RunTime:0.001045s ]
[2026-08-20T11:53:54+08:00][sql] CONNECT:[ UseTime:0.008298s ] mysql:host=127.0.0.1;port=3306;dbname=auction;charset=utf8mb4
[2026-08-20T11:53:54+08:00][sql] SHOW FULL COLUMNS FROM `goods` [ RunTime:0.001901s ]
[2026-08-20T11:53:54+08:00][sql] SELECT `id` FROM `goods` WHERE  `status` = 1  AND `end_time` <= 1787198034 [ RunTime:0.001067s ]
[2026-08-20T11:53:54+08:00][sql] SHOW FULL COLUMNS FROM `setting` [ RunTime:0.001291s ]
[2026-08-20T11:53:54+08:00][sql] SELECT * FROM `setting` [ RunTime:0.000736s ]
[2026-08-20T11:53:54+08:00][sql] SELECT COUNT(*) AS think_count FROM `goods` `g` LEFT JOIN `user` `u` ON `g`.`seller_id`=`u`.`id` WHERE  `g`.`status` = '1'  AND `g`.`start_time` <= '1787198034'  AND `g`.`end_time` > '1787198034' [ RunTime:0.001061s ]
[2026-08-20T11:53:54+08:00][sql] SELECT `g`.*,u.nickname as seller_name FROM `goods` `g` LEFT JOIN `user` `u` ON `g`.`seller_id`=`u`.`id` WHERE  `g`.`status` = '1'  AND `g`.`start_time` <= '1787198034'  AND `g`.`end_time` > '1787198034' ORDER BY `g`.`end_time` ASC,`g`.`id` DESC LIMIT 0,10 [ RunTime:0.000977s ]
[2026-08-20T11:53:54+08:00][sql] SHOW FULL COLUMNS FROM `bid_record` [ RunTime:0.001198s ]
[2026-08-20T11:53:54+08:00][sql] SELECT MAX(`price`) AS think_max FROM `bid_record` WHERE  `goods_id` = 36  AND `status` = 0 [ RunTime:0.000708s ]
[2026-08-20T11:53:54+08:00][sql] SHOW FULL COLUMNS FROM `category` [ RunTime:0.001262s ]
[2026-08-20T11:53:54+08:00][sql] SELECT * FROM `category` WHERE  `status` = 1 ORDER BY `sort` ASC [ RunTime:0.000696s ]
[2026-08-20T11:53:54+08:00][sql] SELECT `b`.`price`,`b`.`create_time`,`g`.`title`,`u`.`nickname` FROM `bid_record` `b` LEFT JOIN `goods` `g` ON `b`.`goods_id`=`g`.`id` LEFT JOIN `user` `u` ON `b`.`user_id`=`u`.`id` WHERE  `b`.`status` = '1' ORDER BY `b`.`id` DESC LIMIT 5 [ RunTime:0.000643s ]
[2026-08-20T11:53:54+08:00][sql] SHOW FULL COLUMNS FROM `news` [ RunTime:0.000806s ]
[2026-08-20T11:53:54+08:00][sql] SELECT `id`,`title`,`create_time` FROM `news` WHERE  `status` = 1 ORDER BY `id` DESC LIMIT 3 [ RunTime:0.000480s ]
[2026-08-20T11:53:54+08:00][sql] SHOW FULL COLUMNS FROM `banner` [ RunTime:0.001060s ]
[2026-08-20T11:53:54+08:00][sql] SELECT * FROM `banner` WHERE  `status` = 1 ORDER BY `sort` ASC,`id` ASC [ RunTime:0.000750s ]
[2026-08-20T11:53:59+08:00][sql] CONNECT:[ UseTime:0.002746s ] mysql:host=127.0.0.1;port=3306;dbname=auction;charset=utf8mb4
[2026-08-20T11:53:59+08:00][sql] SHOW FULL COLUMNS FROM `goods` [ RunTime:0.002741s ]
[2026-08-20T11:53:59+08:00][sql] SELECT `id` FROM `goods` WHERE  `status` = 1  AND `end_time` <= 1787198039 [ RunTime:0.001377s ]
[2026-08-20T11:53:59+08:00][sql] SHOW FULL COLUMNS FROM `setting` [ RunTime:0.001852s ]
[2026-08-20T11:53:59+08:00][sql] SELECT * FROM `setting` [ RunTime:0.000933s ]
[2026-08-20T11:53:59+08:00][sql] SELECT COUNT(*) AS think_count FROM `goods` `g` LEFT JOIN `user` `u` ON `g`.`seller_id`=`u`.`id` WHERE  `g`.`status` = '1'  AND `g`.`start_time` <= '1787198039'  AND `g`.`end_time` > '1787198039' [ RunTime:0.000960s ]
[2026-08-20T11:53:59+08:00][sql] SELECT `g`.*,u.nickname as seller_name FROM `goods` `g` LEFT JOIN `user` `u` ON `g`.`seller_id`=`u`.`id` WHERE  `g`.`status` = '1'  AND `g`.`start_time` <= '1787198039'  AND `g`.`end_time` > '1787198039' ORDER BY `g`.`end_time` ASC,`g`.`id` DESC LIMIT 0,10 [ RunTime:0.000978s ]
[2026-08-20T11:53:59+08:00][sql] SHOW FULL COLUMNS FROM `bid_record` [ RunTime:0.001891s ]
[2026-08-20T11:53:59+08:00][sql] SELECT MAX(`price`) AS think_max FROM `bid_record` WHERE  `goods_id` = 36  AND `status` = 0 [ RunTime:0.001025s ]
[2026-08-20T11:53:59+08:00][sql] SHOW FULL COLUMNS FROM `category` [ RunTime:0.001632s ]
[2026-08-20T11:53:59+08:00][sql] SELECT * FROM `category` WHERE  `status` = 1 ORDER BY `sort` ASC [ RunTime:0.001010s ]
[2026-08-20T11:53:59+08:00][sql] SELECT `b`.`price`,`b`.`create_time`,`g`.`title`,`u`.`nickname` FROM `bid_record` `b` LEFT JOIN `goods` `g` ON `b`.`goods_id`=`g`.`id` LEFT JOIN `user` `u` ON `b`.`user_id`=`u`.`id` WHERE  `b`.`status` = '1' ORDER BY `b`.`id` DESC LIMIT 5 [ RunTime:0.001075s ]
[2026-08-20T11:53:59+08:00][sql] SHOW FULL COLUMNS FROM `news` [ RunTime:0.001600s ]
[2026-08-20T11:53:59+08:00][sql] SELECT `id`,`title`,`create_time` FROM `news` WHERE  `status` = 1 ORDER BY `id` DESC LIMIT 3 [ RunTime:0.000908s ]
[2026-08-20T11:53:59+08:00][sql] SHOW FULL COLUMNS FROM `banner` [ RunTime:0.001484s ]
[2026-08-20T11:53:59+08:00][sql] SELECT * FROM `banner` WHERE  `status` = 1 ORDER BY `sort` ASC,`id` ASC [ RunTime:0.001313s ]
[2026-08-20T11:54:05+08:00][sql] CONNECT:[ UseTime:0.012224s ] mysql:host=127.0.0.1;port=3306;dbname=auction;charset=utf8mb4
[2026-08-20T11:54:05+08:00][sql] SHOW FULL COLUMNS FROM `goods` [ RunTime:0.001664s ]
[2026-08-20T11:54:05+08:00][sql] SELECT `id` FROM `goods` WHERE  `status` = 1  AND `end_time` <= 1787198045 [ RunTime:0.000923s ]
[2026-08-20T11:54:05+08:00][sql] SHOW FULL COLUMNS FROM `setting` [ RunTime:0.001384s ]
[2026-08-20T11:54:05+08:00][sql] SELECT * FROM `setting` [ RunTime:0.000829s ]
[2026-08-20T11:54:05+08:00][sql] SELECT `g`.*,u.nickname as seller_name,u.shop_name as seller_shop,u.avatar as seller_avatar,`u`.`seller_intro`,u.deposit as seller_deposit,`u`.`shop_score`,`u`.`fans_count`,c.name as category_name FROM `goods` `g` LEFT JOIN `user` `u` ON `g`.`seller_id`=`u`.`id` LEFT JOIN `category` `c` ON `g`.`category_id`=`c`.`id` WHERE  `g`.`id` = '36' LIMIT 1 [ RunTime:0.001656s ]
[2026-08-20T11:54:05+08:00][sql] UPDATE `goods`  SET `view_count` = `view_count` + 1  WHERE  `id` = 36 [ RunTime:0.002485s ]
[2026-08-20T11:54:05+08:00][sql] SHOW FULL COLUMNS FROM `bid_record` [ RunTime:0.001673s ]
[2026-08-20T11:54:05+08:00][sql] SELECT `b`.*,`u`.`nickname`,`u`.`mobile` FROM `bid_record` `b` LEFT JOIN `user` `u` ON `b`.`user_id`=`u`.`id` WHERE  `b`.`goods_id` = '36'  AND `b`.`status` = '0' ORDER BY `b`.`price` DESC,`b`.`id` ASC LIMIT 1 [ RunTime:0.001108s ]
[2026-08-20T11:54:05+08:00][sql] SELECT `b`.*,`u`.`nickname`,`u`.`mobile` FROM `bid_record` `b` LEFT JOIN `user` `u` ON `b`.`user_id`=`u`.`id` WHERE  `b`.`goods_id` = '36' ORDER BY `b`.`price` DESC,`b`.`id` ASC LIMIT 50 [ RunTime:0.000972s ]
[2026-08-20T11:54:09+08:00][sql] CONNECT:[ UseTime:0.003405s ] mysql:host=127.0.0.1;port=3306;dbname=auction;charset=utf8mb4
[2026-08-20T11:54:09+08:00][sql] SHOW FULL COLUMNS FROM `goods` [ RunTime:0.001853s ]
[2026-08-20T11:54:09+08:00][sql] SELECT `id` FROM `goods` WHERE  `status` = 1  AND `end_time` <= 1787198049 [ RunTime:0.000930s ]
[2026-08-20T11:54:09+08:00][sql] SHOW FULL COLUMNS FROM `setting` [ RunTime:0.001370s ]
[2026-08-20T11:54:09+08:00][sql] SELECT * FROM `setting` [ RunTime:0.000624s ]
[2026-08-20T11:54:14+08:00][sql] CONNECT:[ UseTime:0.011604s ] mysql:host=127.0.0.1;port=3306;dbname=auction;charset=utf8mb4
[2026-08-20T11:54:14+08:00][sql] SHOW FULL COLUMNS FROM `goods` [ RunTime:0.001543s ]
[2026-08-20T11:54:14+08:00][sql] SELECT `id` FROM `goods` WHERE  `status` = 1  AND `end_time` <= 1787198054 [ RunTime:0.000887s ]
[2026-08-20T11:54:14+08:00][sql] SHOW FULL COLUMNS FROM `setting` [ RunTime:0.001301s ]
[2026-08-20T11:54:14+08:00][sql] SELECT * FROM `setting` [ RunTime:0.000802s ]
[2026-08-20T11:54:15+08:00][sql] CONNECT:[ UseTime:0.012639s ] mysql:host=127.0.0.1;port=3306;dbname=auction;charset=utf8mb4
[2026-08-20T11:54:15+08:00][sql] SHOW FULL COLUMNS FROM `goods` [ RunTime:0.001376s ]
[2026-08-20T11:54:15+08:00][sql] SELECT `id` FROM `goods` WHERE  `status` = 1  AND `end_time` <= 1787198055 [ RunTime:0.000893s ]
[2026-08-20T11:54:15+08:00][sql] SHOW FULL COLUMNS FROM `setting` [ RunTime:0.001321s ]
[2026-08-20T11:54:15+08:00][sql] SELECT * FROM `setting` [ RunTime:0.000728s ]
[2026-08-20T11:54:19+08:00][sql] CONNECT:[ UseTime:0.015435s ] mysql:host=127.0.0.1;port=3306;dbname=auction;charset=utf8mb4
[2026-08-20T11:54:19+08:00][sql] SHOW FULL COLUMNS FROM `goods` [ RunTime:0.002763s ]
[2026-08-20T11:54:19+08:00][sql] SELECT `id` FROM `goods` WHERE  `status` = 1  AND `end_time` <= 1787198059 [ RunTime:0.001307s ]
[2026-08-20T11:54:19+08:00][sql] SHOW FULL COLUMNS FROM `setting` [ RunTime:0.001683s ]
[2026-08-20T11:54:19+08:00][sql] SELECT * FROM `setting` [ RunTime:0.001069s ]
[2026-08-20T11:54:19+08:00][sql] SHOW FULL COLUMNS FROM `user` [ RunTime:0.002235s ]
[2026-08-20T11:54:19+08:00][sql] SELECT * FROM `user` WHERE  `mobile` = '18888888888' LIMIT 1 [ RunTime:0.001407s ]
[2026-08-20T11:54:19+08:00][sql] UPDATE `user`  SET `last_login_time` = 1787198059 , `update_time` = 1787198059  WHERE  `id` = 20 [ RunTime:0.005836s ]
[2026-08-20T11:54:20+08:00][sql] CONNECT:[ UseTime:0.003043s ] mysql:host=127.0.0.1;port=3306;dbname=auction;charset=utf8mb4
[2026-08-20T11:54:20+08:00][sql] SHOW FULL COLUMNS FROM `goods` [ RunTime:0.002514s ]
[2026-08-20T11:54:20+08:00][sql] SELECT `id` FROM `goods` WHERE  `status` = 1  AND `end_time` <= 1787198060 [ RunTime:0.001172s ]
[2026-08-20T11:54:20+08:00][sql] SHOW FULL COLUMNS FROM `user` [ RunTime:0.002248s ]
[2026-08-20T11:54:20+08:00][sql] SELECT * FROM `user` WHERE  `id` = 20 LIMIT 1 [ RunTime:0.001178s ]
[2026-08-20T11:54:20+08:00][sql] SHOW FULL COLUMNS FROM `setting` [ RunTime:0.001559s ]
[2026-08-20T11:54:20+08:00][sql] SELECT * FROM `setting` [ RunTime:0.001315s ]
[2026-08-20T11:54:20+08:00][sql] SHOW FULL COLUMNS FROM `bid_record` [ RunTime:0.002406s ]
[2026-08-20T11:54:20+08:00][sql] SELECT COUNT(*) AS think_count FROM `bid_record` WHERE  `user_id` = 20 [ RunTime:0.001302s ]
[2026-08-20T11:54:20+08:00][sql] SHOW FULL COLUMNS FROM `order` [ RunTime:0.002474s ]
[2026-08-20T11:54:20+08:00][sql] SELECT COUNT(*) AS think_count FROM `order` WHERE  `buyer_id` = 20  AND `pay_status` = 1 [ RunTime:0.001318s ]
[2026-08-20T11:54:20+08:00][sql] SELECT COUNT(*) AS think_count FROM `goods` WHERE  `seller_id` = 20  AND `status` = 2 [ RunTime:0.004466s ]
[2026-08-20T11:54:20+08:00][sql] SELECT COUNT(*) AS think_count FROM `goods` WHERE  `seller_id` = 20 [ RunTime:0.001539s ]
[2026-08-20T11:54:20+08:00][sql] SELECT COUNT(*) AS think_count FROM `order` WHERE  `buyer_id` = 20  AND `pay_status` = 0  AND `order_status` = 0 [ RunTime:0.001294s ]
[2026-08-20T11:54:20+08:00][sql] SELECT COUNT(*) AS think_count FROM `order` WHERE  `seller_id` = 20  AND `order_status` = 1 [ RunTime:0.000824s ]
[2026-08-20T11:54:20+08:00][sql] SELECT COUNT(*) AS think_count FROM `order` WHERE  `buyer_id` = 20  AND `order_status` = 0  AND `pay_status` = 0 [ RunTime:0.001005s ]
[2026-08-20T11:54:20+08:00][sql] SELECT COUNT(*) AS think_count FROM `order` WHERE  `buyer_id` = 20  AND `order_status` = 1 [ RunTime:0.001159s ]
[2026-08-20T11:54:20+08:00][sql] SELECT COUNT(*) AS think_count FROM `order` WHERE  `buyer_id` = 20  AND `order_status` = 2 [ RunTime:0.001204s ]
[2026-08-20T11:54:20+08:00][sql] SELECT COUNT(*) AS think_count FROM `order` WHERE  `buyer_id` = 20  AND `order_status` = 3 [ RunTime:0.001066s ]
[2026-08-20T11:54:20+08:00][sql] SELECT COUNT(*) AS think_count FROM `order` WHERE  `seller_id` = 20  AND `order_status` = 1 [ RunTime:0.001038s ]
[2026-08-20T11:54:20+08:00][sql] SHOW FULL COLUMNS FROM `goods_favorite` [ RunTime:0.002097s ]
[2026-08-20T11:54:20+08:00][sql] SELECT COUNT(*) AS think_count FROM `goods_favorite` WHERE  `user_id` = 20 [ RunTime:0.001304s ]
[2026-08-20T11:54:20+08:00][sql] SHOW FULL COLUMNS FROM `seller_follow` [ RunTime:0.002262s ]
[2026-08-20T11:54:20+08:00][sql] SELECT COUNT(*) AS think_count FROM `seller_follow` WHERE  `user_id` = 20 [ RunTime:0.001413s ]
[2026-08-20T11:54:20+08:00][sql] SHOW FULL COLUMNS FROM `browse_history` [ RunTime:0.002187s ]
[2026-08-20T11:54:20+08:00][sql] SELECT COUNT(*) AS think_count FROM `browse_history` WHERE  `user_id` = 20 [ RunTime:0.001473s ]
[2026-08-20T11:54:20+08:00][sql] SHOW FULL COLUMNS FROM `sys_message` [ RunTime:0.002265s ]
[2026-08-20T11:54:20+08:00][sql] SELECT COUNT(*) AS think_count FROM `sys_message` WHERE  `user_id` = 20  AND `is_read` = 0 [ RunTime:0.001436s ]
[2026-08-20T11:54:20+08:00][sql] SHOW FULL COLUMNS FROM `balance_log` [ RunTime:0.002128s ]
[2026-08-20T11:54:20+08:00][sql] SELECT * FROM `balance_log` WHERE  `user_id` = 20 ORDER BY `id` DESC LIMIT 5 [ RunTime:0.001348s ]
[2026-08-20T11:54:20+08:00][sql] SELECT `b`.*,`g`.`title`,`g`.`cover`,g.status as goods_status,`g`.`end_time` FROM `bid_record` `b` LEFT JOIN `goods` `g` ON `b`.`goods_id`=`g`.`id` WHERE  `b`.`user_id` = '20' ORDER BY `b`.`id` DESC LIMIT 5 [ RunTime:0.001391s ]
[2026-08-20T11:54:20+08:00][sql] SELECT `id`,`nickname`,`mobile`,`reg_time` FROM `user` WHERE  `pid` = 20 ORDER BY `id` DESC LIMIT 10 [ RunTime:0.000716s ]
[2026-08-20T11:54:20+08:00][sql] SELECT `value` FROM `setting` WHERE  `name` = 'service_link' LIMIT 1 [ RunTime:0.000465s ]
[2026-08-20T11:54:20+08:00][sql] SELECT `is_virtual` FROM `user` WHERE  `id` = 20 LIMIT 1 [ RunTime:0.000856s ]
[2026-08-20T11:54:22+08:00][sql] CONNECT:[ UseTime:0.002501s ] mysql:host=127.0.0.1;port=3306;dbname=auction;charset=utf8mb4
[2026-08-20T11:54:22+08:00][sql] SHOW FULL COLUMNS FROM `goods` [ RunTime:0.002063s ]
[2026-08-20T11:54:22+08:00][sql] SELECT `id` FROM `goods` WHERE  `status` = 1  AND `end_time` <= 1787198061 [ RunTime:0.001078s ]
[2026-08-20T11:54:22+08:00][sql] SHOW FULL COLUMNS FROM `user` [ RunTime:0.002083s ]
[2026-08-20T11:54:22+08:00][sql] SELECT * FROM `user` WHERE  `id` = 20 LIMIT 1 [ RunTime:0.001054s ]
[2026-08-20T11:54:22+08:00][sql] SHOW FULL COLUMNS FROM `setting` [ RunTime:0.001170s ]
[2026-08-20T11:54:22+08:00][sql] SELECT * FROM `setting` [ RunTime:0.000629s ]
[2026-08-20T11:54:22+08:00][sql] SELECT COUNT(*) AS think_count FROM `goods` `g` LEFT JOIN `user` `u` ON `g`.`seller_id`=`u`.`id` WHERE  `g`.`status` = '1'  AND `g`.`start_time` <= '1787198062'  AND `g`.`end_time` > '1787198062' [ RunTime:0.001090s ]
[2026-08-20T11:54:22+08:00][sql] SELECT `g`.*,u.nickname as seller_name FROM `goods` `g` LEFT JOIN `user` `u` ON `g`.`seller_id`=`u`.`id` WHERE  `g`.`status` = '1'  AND `g`.`start_time` <= '1787198062'  AND `g`.`end_time` > '1787198062' ORDER BY `g`.`end_time` ASC,`g`.`id` DESC LIMIT 0,10 [ RunTime:0.001306s ]
[2026-08-20T11:54:22+08:00][sql] SHOW FULL COLUMNS FROM `bid_record` [ RunTime:0.001589s ]
[2026-08-20T11:54:22+08:00][sql] SELECT MAX(`price`) AS think_max FROM `bid_record` WHERE  `goods_id` = 36  AND `status` = 0 [ RunTime:0.000978s ]
[2026-08-20T11:54:22+08:00][sql] SHOW FULL COLUMNS FROM `category` [ RunTime:0.001665s ]
[2026-08-20T11:54:22+08:00][sql] SELECT * FROM `category` WHERE  `status` = 1 ORDER BY `sort` ASC [ RunTime:0.000870s ]
[2026-08-20T11:54:22+08:00][sql] SELECT `b`.`price`,`b`.`create_time`,`g`.`title`,`u`.`nickname` FROM `bid_record` `b` LEFT JOIN `goods` `g` ON `b`.`goods_id`=`g`.`id` LEFT JOIN `user` `u` ON `b`.`user_id`=`u`.`id` WHERE  `b`.`status` = '1' ORDER BY `b`.`id` DESC LIMIT 5 [ RunTime:0.001005s ]
[2026-08-20T11:54:22+08:00][sql] SHOW FULL COLUMNS FROM `news` [ RunTime:0.001532s ]
[2026-08-20T11:54:22+08:00][sql] SELECT `id`,`title`,`create_time` FROM `news` WHERE  `status` = 1 ORDER BY `id` DESC LIMIT 3 [ RunTime:0.001108s ]
[2026-08-20T11:54:22+08:00][sql] SHOW FULL COLUMNS FROM `banner` [ RunTime:0.001857s ]
[2026-08-20T11:54:22+08:00][sql] SELECT * FROM `banner` WHERE  `status` = 1 ORDER BY `sort` ASC,`id` ASC [ RunTime:0.001259s ]
[2026-08-20T11:54:24+08:00][sql] CONNECT:[ UseTime:0.026685s ] mysql:host=127.0.0.1;port=3306;dbname=auction;charset=utf8mb4
[2026-08-20T11:54:24+08:00][sql] SHOW FULL COLUMNS FROM `goods` [ RunTime:0.002935s ]
[2026-08-20T11:54:24+08:00][sql] SELECT `id` FROM `goods` WHERE  `status` = 1  AND `end_time` <= 1787198064 [ RunTime:0.001421s ]
[2026-08-20T11:54:24+08:00][sql] SHOW FULL COLUMNS FROM `user` [ RunTime:0.002554s ]
[2026-08-20T11:54:24+08:00][sql] SELECT * FROM `user` WHERE  `id` = 20 LIMIT 1 [ RunTime:0.001515s ]
[2026-08-20T11:54:24+08:00][sql] SHOW FULL COLUMNS FROM `setting` [ RunTime:0.001590s ]
[2026-08-20T11:54:24+08:00][sql] SELECT * FROM `setting` [ RunTime:0.001239s ]
[2026-08-20T11:54:24+08:00][sql] SELECT `g`.*,u.nickname as seller_name,u.shop_name as seller_shop,u.avatar as seller_avatar,`u`.`seller_intro`,u.deposit as seller_deposit,`u`.`shop_score`,`u`.`fans_count`,c.name as category_name FROM `goods` `g` LEFT JOIN `user` `u` ON `g`.`seller_id`=`u`.`id` LEFT JOIN `category` `c` ON `g`.`category_id`=`c`.`id` WHERE  `g`.`id` = '36' LIMIT 1 [ RunTime:0.001467s ]
[2026-08-20T11:54:24+08:00][sql] UPDATE `goods`  SET `view_count` = `view_count` + 1  WHERE  `id` = 36 [ RunTime:0.002379s ]
[2026-08-20T11:54:24+08:00][sql] SHOW FULL COLUMNS FROM `bid_record` [ RunTime:0.001895s ]
[2026-08-20T11:54:24+08:00][sql] SELECT `b`.*,`u`.`nickname`,`u`.`mobile` FROM `bid_record` `b` LEFT JOIN `user` `u` ON `b`.`user_id`=`u`.`id` WHERE  `b`.`goods_id` = '36'  AND `b`.`status` = '0' ORDER BY `b`.`price` DESC,`b`.`id` ASC LIMIT 1 [ RunTime:0.001261s ]
[2026-08-20T11:54:24+08:00][sql] SELECT `b`.*,`u`.`nickname`,`u`.`mobile` FROM `bid_record` `b` LEFT JOIN `user` `u` ON `b`.`user_id`=`u`.`id` WHERE  `b`.`goods_id` = '36' ORDER BY `b`.`price` DESC,`b`.`id` ASC LIMIT 50 [ RunTime:0.001115s ]
[2026-08-20T11:54:24+08:00][sql] SELECT MAX(`price`) AS think_max FROM `bid_record` WHERE  `goods_id` = 36  AND `user_id` = 20  AND `status` = 0 [ RunTime:0.000945s ]
[2026-08-20T11:54:24+08:00][sql] SELECT MAX(`deposit`) AS think_max FROM `bid_record` WHERE  `goods_id` = 36  AND `user_id` = 20  AND `deposit` > '0' [ RunTime:0.001248s ]
[2026-08-20T11:54:24+08:00][sql] SHOW FULL COLUMNS FROM `browse_history` [ RunTime:0.001966s ]
[2026-08-20T11:54:24+08:00][sql] REPLACE INTO `browse_history` SET `user_id` = 20 , `goods_id` = 36 , `create_time` = 1787198064 [ RunTime:0.002560s ]
[2026-08-20T11:54:24+08:00][sql] SHOW FULL COLUMNS FROM `goods_favorite` [ RunTime:0.002052s ]
[2026-08-20T11:54:24+08:00][sql] SELECT COUNT(*) AS think_count FROM `goods_favorite` WHERE  `user_id` = 20  AND `goods_id` = 36 [ RunTime:0.001264s ]
[2026-08-20T11:54:24+08:00][sql] SHOW FULL COLUMNS FROM `seller_follow` [ RunTime:0.001911s ]
[2026-08-20T11:54:24+08:00][sql] SELECT COUNT(*) AS think_count FROM `seller_follow` WHERE  `user_id` = 20  AND `seller_id` = 29 [ RunTime:0.001193s ]
[2026-08-20T11:54:26+08:00][sql] CONNECT:[ UseTime:0.020364s ] mysql:host=127.0.0.1;port=3306;dbname=auction;charset=utf8mb4
[2026-08-20T11:54:26+08:00][sql] SHOW FULL COLUMNS FROM `goods` [ RunTime:0.002368s ]
[2026-08-20T11:54:26+08:00][sql] SELECT `id` FROM `goods` WHERE  `status` = 1  AND `end_time` <= 1787198066 [ RunTime:0.001088s ]
[2026-08-20T11:54:26+08:00][sql] SHOW FULL COLUMNS FROM `user` [ RunTime:0.001909s ]
[2026-08-20T11:54:26+08:00][sql] SELECT * FROM `user` WHERE  `id` = 20 LIMIT 1 [ RunTime:0.001148s ]
[2026-08-20T11:54:26+08:00][sql] SHOW FULL COLUMNS FROM `setting` [ RunTime:0.001442s ]
[2026-08-20T11:54:26+08:00][sql] SELECT * FROM `setting` [ RunTime:0.000880s ]
[2026-08-20T11:54:26+08:00][sql] SELECT * FROM `goods` WHERE  `id` = 36 LIMIT 1 [ RunTime:0.001024s ]
[2026-08-20T11:54:26+08:00][sql] SHOW FULL COLUMNS FROM `goods_favorite` [ RunTime:0.001673s ]
[2026-08-20T11:54:26+08:00][sql] SELECT * FROM `goods_favorite` WHERE  `user_id` = 20  AND `goods_id` = 36 LIMIT 1 [ RunTime:0.001173s ]
[2026-08-20T11:54:26+08:00][sql] INSERT INTO `goods_favorite` SET `user_id` = 20 , `goods_id` = 36 , `create_time` = 1787198066 [ RunTime:0.005489s ]
[2026-08-20T11:54:28+08:00][sql] CONNECT:[ UseTime:0.002633s ] mysql:host=127.0.0.1;port=3306;dbname=auction;charset=utf8mb4
[2026-08-20T11:54:28+08:00][sql] SHOW FULL COLUMNS FROM `goods` [ RunTime:0.001906s ]
[2026-08-20T11:54:28+08:00][sql] SELECT `id` FROM `goods` WHERE  `status` = 1  AND `end_time` <= 1787198068 [ RunTime:0.000953s ]
[2026-08-20T11:54:28+08:00][sql] SHOW FULL COLUMNS FROM `user` [ RunTime:0.001697s ]
[2026-08-20T11:54:28+08:00][sql] SELECT * FROM `user` WHERE  `id` = 20 LIMIT 1 [ RunTime:0.001034s ]
[2026-08-20T11:54:28+08:00][sql] SHOW FULL COLUMNS FROM `setting` [ RunTime:0.001200s ]
[2026-08-20T11:54:28+08:00][sql] SELECT * FROM `setting` [ RunTime:0.000673s ]
[2026-08-20T11:54:28+08:00][sql] SELECT `g`.*,u.nickname as seller_name,u.shop_name as seller_shop,u.avatar as seller_avatar,`u`.`seller_intro`,u.deposit as seller_deposit,`u`.`shop_score`,`u`.`fans_count`,c.name as category_name FROM `goods` `g` LEFT JOIN `user` `u` ON `g`.`seller_id`=`u`.`id` LEFT JOIN `category` `c` ON `g`.`category_id`=`c`.`id` WHERE  `g`.`id` = '36' LIMIT 1 [ RunTime:0.001002s ]
[2026-08-20T11:54:28+08:00][sql] UPDATE `goods`  SET `view_count` = `view_count` + 1  WHERE  `id` = 36 [ RunTime:0.001976s ]
[2026-08-20T11:54:28+08:00][sql] SHOW FULL COLUMNS FROM `bid_record` [ RunTime:0.001209s ]
[2026-08-20T11:54:28+08:00][sql] SELECT `b`.*,`u`.`nickname`,`u`.`mobile` FROM `bid_record` `b` LEFT JOIN `user` `u` ON `b`.`user_id`=`u`.`id` WHERE  `b`.`goods_id` = '36'  AND `b`.`status` = '0' ORDER BY `b`.`price` DESC,`b`.`id` ASC LIMIT 1 [ RunTime:0.000902s ]
[2026-08-20T11:54:28+08:00][sql] SELECT `b`.*,`u`.`nickname`,`u`.`mobile` FROM `bid_record` `b` LEFT JOIN `user` `u` ON `b`.`user_id`=`u`.`id` WHERE  `b`.`goods_id` = '36' ORDER BY `b`.`price` DESC,`b`.`id` ASC LIMIT 50 [ RunTime:0.000768s ]
[2026-08-20T11:54:28+08:00][sql] SELECT MAX(`price`) AS think_max FROM `bid_record` WHERE  `goods_id` = 36  AND `user_id` = 20  AND `status` = 0 [ RunTime:0.000694s ]
[2026-08-20T11:54:28+08:00][sql] SELECT MAX(`deposit`) AS think_max FROM `bid_record` WHERE  `goods_id` = 36  AND `user_id` = 20  AND `deposit` > '0' [ RunTime:0.000677s ]
[2026-08-20T11:54:28+08:00][sql] SHOW FULL COLUMNS FROM `browse_history` [ RunTime:0.001231s ]
[2026-08-20T11:54:28+08:00][sql] REPLACE INTO `browse_history` SET `user_id` = 20 , `goods_id` = 36 , `create_time` = 1787198068 [ RunTime:0.002042s ]
[2026-08-20T11:54:28+08:00][sql] SHOW FULL COLUMNS FROM `goods_favorite` [ RunTime:0.003079s ]
[2026-08-20T11:54:28+08:00][sql] SELECT COUNT(*) AS think_count FROM `goods_favorite` WHERE  `user_id` = 20  AND `goods_id` = 36 [ RunTime:0.000872s ]
[2026-08-20T11:54:28+08:00][sql] SHOW FULL COLUMNS FROM `seller_follow` [ RunTime:0.001600s ]
[2026-08-20T11:54:28+08:00][sql] SELECT COUNT(*) AS think_count FROM `seller_follow` WHERE  `user_id` = 20  AND `seller_id` = 29 [ RunTime:0.000827s ]
[2026-08-20T11:54:45+08:00][sql] CONNECT:[ UseTime:0.022802s ] mysql:host=127.0.0.1;port=3306;dbname=auction;charset=utf8mb4
[2026-08-20T11:54:45+08:00][sql] SHOW FULL COLUMNS FROM `goods` [ RunTime:0.002960s ]
[2026-08-20T11:54:45+08:00][sql] SELECT `id` FROM `goods` WHERE  `status` = 1  AND `end_time` <= 1787198085 [ RunTime:0.001420s ]
[2026-08-20T11:54:45+08:00][sql] SHOW FULL COLUMNS FROM `user` [ RunTime:0.002265s ]
[2026-08-20T11:54:45+08:00][sql] SELECT * FROM `user` WHERE  `id` = 20 LIMIT 1 [ RunTime:0.001355s ]
[2026-08-20T11:54:45+08:00][sql] SHOW FULL COLUMNS FROM `setting` [ RunTime:0.001609s ]
[2026-08-20T11:54:45+08:00][sql] SELECT * FROM `setting` [ RunTime:0.000949s ]
[2026-08-20T11:54:45+08:00][sql] SHOW FULL COLUMNS FROM `seller_follow` [ RunTime:0.001633s ]
[2026-08-20T11:54:45+08:00][sql] SELECT * FROM `seller_follow` WHERE  `user_id` = 20  AND `seller_id` = 29 LIMIT 1 [ RunTime:0.000944s ]
[2026-08-20T11:54:45+08:00][sql] INSERT INTO `seller_follow` SET `user_id` = 20 , `seller_id` = 29 , `create_time` = 1787198085 [ RunTime:0.002121s ]
[2026-08-20T11:54:55+08:00][sql] CONNECT:[ UseTime:0.004544s ] mysql:host=127.0.0.1;port=3306;dbname=auction;charset=utf8mb4
[2026-08-20T11:54:55+08:00][sql] SHOW FULL COLUMNS FROM `goods` [ RunTime:0.001990s ]
[2026-08-20T11:54:55+08:00][sql] SELECT `id` FROM `goods` WHERE  `status` = 1  AND `end_time` <= 1787198095 [ RunTime:0.000963s ]
[2026-08-20T11:54:55+08:00][sql] SHOW FULL COLUMNS FROM `user` [ RunTime:0.002039s ]
[2026-08-20T11:54:55+08:00][sql] SELECT * FROM `user` WHERE  `id` = 20 LIMIT 1 [ RunTime:0.001073s ]
[2026-08-20T11:54:55+08:00][sql] SHOW FULL COLUMNS FROM `setting` [ RunTime:0.001401s ]
[2026-08-20T11:54:55+08:00][sql] SELECT * FROM `setting` [ RunTime:0.000786s ]
[2026-08-20T11:54:55+08:00][sql] SELECT * FROM `goods` WHERE  `id` = 36 LIMIT 1   FOR UPDATE [ RunTime:0.001110s ]
[2026-08-20T11:54:55+08:00][sql] SHOW FULL COLUMNS FROM `bid_record` [ RunTime:0.002112s ]
[2026-08-20T11:54:55+08:00][sql] SELECT MAX(`price`) AS think_max FROM `bid_record` WHERE  `goods_id` = 36  AND `status` = 0 [ RunTime:0.001292s ]
[2026-08-20T11:54:55+08:00][sql] SELECT * FROM `user` WHERE  `id` = 20 LIMIT 1   FOR UPDATE [ RunTime:0.001312s ]
[2026-08-20T11:54:55+08:00][sql] SELECT MAX(`deposit`) AS think_max FROM `bid_record` WHERE  `goods_id` = 36  AND `user_id` = 20  AND `deposit` > '0' [ RunTime:0.001212s ]
[2026-08-20T11:54:55+08:00][sql] SELECT * FROM `bid_record` WHERE  `goods_id` = 36  AND `status` = 0 ORDER BY `price` DESC,`id` ASC LIMIT 1 [ RunTime:0.001251s ]
[2026-08-20T11:54:55+08:00][sql] UPDATE `user`  SET `balance` = '4290' , `freeze_balance` = '10' , `update_time` = 1787198095  WHERE  `id` = 20 [ RunTime:0.001162s ]
[2026-08-20T11:54:55+08:00][sql] SELECT `id`,`is_virtual` FROM `user` WHERE  `id` = 20 LIMIT 1 [ RunTime:0.000845s ]
[2026-08-20T11:54:55+08:00][sql] SHOW FULL COLUMNS FROM `balance_log` [ RunTime:0.001789s ]
[2026-08-20T11:54:55+08:00][sql] INSERT INTO `balance_log` SET `user_id` = 20 , `type` = 'deposit' , `amount` = '-10' , `balance` = '4290' , `remark` = '拍卖保证金（111）' , `create_time` = 1787198095 [ RunTime:0.001011s ]
[2026-08-20T11:54:55+08:00][sql] INSERT INTO `bid_record` SET `goods_id` = 36 , `user_id` = 20 , `price` = '1211' , `deposit` = '10' , `status` = 0 , `is_winner` = 0 , `create_time` = 1787198095 [ RunTime:0.001180s ]
[2026-08-20T11:54:55+08:00][sql] UPDATE `goods`  SET `bid_count` = bid_count+1 , `update_time` = 1787198095  WHERE  `id` = 36 [ RunTime:0.001249s ]
[2026-08-20T11:54:56+08:00][sql] CONNECT:[ UseTime:0.001860s ] mysql:host=127.0.0.1;port=3306;dbname=auction;charset=utf8mb4
[2026-08-20T11:54:56+08:00][sql] SHOW FULL COLUMNS FROM `goods` [ RunTime:0.001593s ]
[2026-08-20T11:54:56+08:00][sql] SELECT `id` FROM `goods` WHERE  `status` = 1  AND `end_time` <= 1787198096 [ RunTime:0.000856s ]
[2026-08-20T11:54:56+08:00][sql] SHOW FULL COLUMNS FROM `user` [ RunTime:0.001347s ]
[2026-08-20T11:54:56+08:00][sql] SELECT * FROM `user` WHERE  `id` = 20 LIMIT 1 [ RunTime:0.000733s ]
[2026-08-20T11:54:56+08:00][sql] SHOW FULL COLUMNS FROM `setting` [ RunTime:0.001113s ]
[2026-08-20T11:54:56+08:00][sql] SELECT * FROM `setting` [ RunTime:0.000717s ]
[2026-08-20T11:54:56+08:00][sql] SELECT `g`.*,u.nickname as seller_name,u.shop_name as seller_shop,u.avatar as seller_avatar,`u`.`seller_intro`,u.deposit as seller_deposit,`u`.`shop_score`,`u`.`fans_count`,c.name as category_name FROM `goods` `g` LEFT JOIN `user` `u` ON `g`.`seller_id`=`u`.`id` LEFT JOIN `category` `c` ON `g`.`category_id`=`c`.`id` WHERE  `g`.`id` = '36' LIMIT 1 [ RunTime:0.001231s ]
[2026-08-20T11:54:56+08:00][sql] UPDATE `goods`  SET `view_count` = `view_count` + 1  WHERE  `id` = 36 [ RunTime:0.005235s ]
[2026-08-20T11:54:56+08:00][sql] SHOW FULL COLUMNS FROM `bid_record` [ RunTime:0.001819s ]
[2026-08-20T11:54:56+08:00][sql] SELECT `b`.*,`u`.`nickname`,`u`.`mobile` FROM `bid_record` `b` LEFT JOIN `user` `u` ON `b`.`user_id`=`u`.`id` WHERE  `b`.`goods_id` = '36'  AND `b`.`status` = '0' ORDER BY `b`.`price` DESC,`b`.`id` ASC LIMIT 1 [ RunTime:0.001199s ]
[2026-08-20T11:54:56+08:00][sql] SELECT `b`.*,`u`.`nickname`,`u`.`mobile` FROM `bid_record` `b` LEFT JOIN `user` `u` ON `b`.`user_id`=`u`.`id` WHERE  `b`.`goods_id` = '36' ORDER BY `b`.`price` DESC,`b`.`id` ASC LIMIT 50 [ RunTime:0.001081s ]
[2026-08-20T11:54:56+08:00][sql] SELECT MAX(`price`) AS think_max FROM `bid_record` WHERE  `goods_id` = 36  AND `user_id` = 20  AND `status` = 0 [ RunTime:0.001054s ]
[2026-08-20T11:54:56+08:00][sql] SELECT MAX(`deposit`) AS think_max FROM `bid_record` WHERE  `goods_id` = 36  AND `user_id` = 20  AND `deposit` > '0' [ RunTime:0.001034s ]
[2026-08-20T11:54:56+08:00][sql] SHOW FULL COLUMNS FROM `browse_history` [ RunTime:0.001684s ]
[2026-08-20T11:54:56+08:00][sql] REPLACE INTO `browse_history` SET `user_id` = 20 , `goods_id` = 36 , `create_time` = 1787198096 [ RunTime:0.002131s ]
[2026-08-20T11:54:56+08:00][sql] SHOW FULL COLUMNS FROM `goods_favorite` [ RunTime:0.001610s ]
[2026-08-20T11:54:56+08:00][sql] SELECT COUNT(*) AS think_count FROM `goods_favorite` WHERE  `user_id` = 20  AND `goods_id` = 36 [ RunTime:0.000886s ]
[2026-08-20T11:54:56+08:00][sql] SHOW FULL COLUMNS FROM `seller_follow` [ RunTime:0.001265s ]
[2026-08-20T11:54:56+08:00][sql] SELECT COUNT(*) AS think_count FROM `seller_follow` WHERE  `user_id` = 20  AND `seller_id` = 29 [ RunTime:0.000784s ]
[2026-08-20T11:54:57+08:00][sql] CONNECT:[ UseTime:0.013945s ] mysql:host=127.0.0.1;port=3306;dbname=auction;charset=utf8mb4
[2026-08-20T11:54:57+08:00][sql] SHOW FULL COLUMNS FROM `goods` [ RunTime:0.002386s ]
[2026-08-20T11:54:57+08:00][sql] SELECT `id` FROM `goods` WHERE  `status` = 1  AND `end_time` <= 1787198097 [ RunTime:0.001318s ]
[2026-08-20T11:54:57+08:00][sql] SHOW FULL COLUMNS FROM `user` [ RunTime:0.002504s ]
[2026-08-20T11:54:57+08:00][sql] SELECT * FROM `user` WHERE  `id` = 20 LIMIT 1 [ RunTime:0.001480s ]
[2026-08-20T11:54:57+08:00][sql] SHOW FULL COLUMNS FROM `setting` [ RunTime:0.001864s ]
[2026-08-20T11:54:57+08:00][sql] SELECT * FROM `setting` [ RunTime:0.000953s ]
[2026-08-20T11:54:57+08:00][sql] SELECT * FROM `goods` WHERE  `id` = 36 LIMIT 1   FOR UPDATE [ RunTime:0.001165s ]
[2026-08-20T11:54:57+08:00][sql] SHOW FULL COLUMNS FROM `bid_record` [ RunTime:0.001578s ]
[2026-08-20T11:54:57+08:00][sql] SELECT MAX(`price`) AS think_max FROM `bid_record` WHERE  `goods_id` = 36  AND `status` = 0 [ RunTime:0.001313s ]
[2026-08-20T11:54:57+08:00][sql] SELECT * FROM `user` WHERE  `id` = 20 LIMIT 1   FOR UPDATE [ RunTime:0.001051s ]
[2026-08-20T11:54:57+08:00][sql] SELECT MAX(`deposit`) AS think_max FROM `bid_record` WHERE  `goods_id` = 36  AND `user_id` = 20  AND `deposit` > '0' [ RunTime:0.000936s ]
[2026-08-20T11:54:57+08:00][sql] SELECT * FROM `bid_record` WHERE  `goods_id` = 36  AND `status` = 0 ORDER BY `price` DESC,`id` ASC LIMIT 1 [ RunTime:0.000857s ]
[2026-08-20T11:54:57+08:00][sql] INSERT INTO `bid_record` SET `goods_id` = 36 , `user_id` = 20 , `price` = '1311' , `deposit` = '0' , `status` = 0 , `is_winner` = 0 , `create_time` = 1787198097 [ RunTime:0.000706s ]
[2026-08-20T11:54:57+08:00][sql] UPDATE `goods`  SET `bid_count` = bid_count+1 , `update_time` = 1787198097  WHERE  `id` = 36 [ RunTime:0.000599s ]
[2026-08-20T11:54:58+08:00][sql] CONNECT:[ UseTime:0.002649s ] mysql:host=127.0.0.1;port=3306;dbname=auction;charset=utf8mb4
[2026-08-20T11:54:58+08:00][sql] SHOW FULL COLUMNS FROM `goods` [ RunTime:0.002490s ]
[2026-08-20T11:54:58+08:00][sql] SELECT `id` FROM `goods` WHERE  `status` = 1  AND `end_time` <= 1787198098 [ RunTime:0.001179s ]
[2026-08-20T11:54:58+08:00][sql] SHOW FULL COLUMNS FROM `user` [ RunTime:0.002158s ]
[2026-08-20T11:54:58+08:00][sql] SELECT * FROM `user` WHERE  `id` = 20 LIMIT 1 [ RunTime:0.001323s ]
[2026-08-20T11:54:58+08:00][sql] SHOW FULL COLUMNS FROM `setting` [ RunTime:0.001582s ]
[2026-08-20T11:54:58+08:00][sql] SELECT * FROM `setting` [ RunTime:0.000902s ]
[2026-08-20T11:54:58+08:00][sql] SELECT `g`.*,u.nickname as seller_name,u.shop_name as seller_shop,u.avatar as seller_avatar,`u`.`seller_intro`,u.deposit as seller_deposit,`u`.`shop_score`,`u`.`fans_count`,c.name as category_name FROM `goods` `g` LEFT JOIN `user` `u` ON `g`.`seller_id`=`u`.`id` LEFT JOIN `category` `c` ON `g`.`category_id`=`c`.`id` WHERE  `g`.`id` = '36' LIMIT 1 [ RunTime:0.001287s ]
[2026-08-20T11:54:58+08:00][sql] UPDATE `goods`  SET `view_count` = `view_count` + 1  WHERE  `id` = 36 [ RunTime:0.002791s ]
[2026-08-20T11:54:58+08:00][sql] SHOW FULL COLUMNS FROM `bid_record` [ RunTime:0.001825s ]
[2026-08-20T11:54:58+08:00][sql] SELECT `b`.*,`u`.`nickname`,`u`.`mobile` FROM `bid_record` `b` LEFT JOIN `user` `u` ON `b`.`user_id`=`u`.`id` WHERE  `b`.`goods_id` = '36'  AND `b`.`status` = '0' ORDER BY `b`.`price` DESC,`b`.`id` ASC LIMIT 1 [ RunTime:0.001212s ]
[2026-08-20T11:54:58+08:00][sql] SELECT `b`.*,`u`.`nickname`,`u`.`mobile` FROM `bid_record` `b` LEFT JOIN `user` `u` ON `b`.`user_id`=`u`.`id` WHERE  `b`.`goods_id` = '36' ORDER BY `b`.`price` DESC,`b`.`id` ASC LIMIT 50 [ RunTime:0.001154s ]
[2026-08-20T11:54:58+08:00][sql] SELECT MAX(`price`) AS think_max FROM `bid_record` WHERE  `goods_id` = 36  AND `user_id` = 20  AND `status` = 0 [ RunTime:0.005132s ]
[2026-08-20T11:54:58+08:00][sql] SELECT MAX(`deposit`) AS think_max FROM `bid_record` WHERE  `goods_id` = 36  AND `user_id` = 20  AND `deposit` > '0' [ RunTime:0.005887s ]
[2026-08-20T11:54:58+08:00][sql] SHOW FULL COLUMNS FROM `browse_history` [ RunTime:0.002137s ]
[2026-08-20T11:54:58+08:00][sql] REPLACE INTO `browse_history` SET `user_id` = 20 , `goods_id` = 36 , `create_time` = 1787198098 [ RunTime:0.002718s ]
[2026-08-20T11:54:58+08:00][sql] SHOW FULL COLUMNS FROM `goods_favorite` [ RunTime:0.001995s ]
[2026-08-20T11:54:58+08:00][sql] SELECT COUNT(*) AS think_count FROM `goods_favorite` WHERE  `user_id` = 20  AND `goods_id` = 36 [ RunTime:0.001093s ]
[2026-08-20T11:54:58+08:00][sql] SHOW FULL COLUMNS FROM `seller_follow` [ RunTime:0.001842s ]
[2026-08-20T11:54:58+08:00][sql] SELECT COUNT(*) AS think_count FROM `seller_follow` WHERE  `user_id` = 20  AND `seller_id` = 29 [ RunTime:0.000957s ]
[2026-08-20T11:55:00+08:00][sql] CONNECT:[ UseTime:0.012808s ] mysql:host=127.0.0.1;port=3306;dbname=auction;charset=utf8mb4
[2026-08-20T11:55:00+08:00][sql] SHOW FULL COLUMNS FROM `goods` [ RunTime:0.002139s ]
[2026-08-20T11:55:00+08:00][sql] SELECT `id` FROM `goods` WHERE  `status` = 1  AND `end_time` <= 1787198100 [ RunTime:0.001085s ]
[2026-08-20T11:55:00+08:00][sql] SHOW FULL COLUMNS FROM `user` [ RunTime:0.001912s ]
[2026-08-20T11:55:00+08:00][sql] SELECT * FROM `user` WHERE  `id` = 20 LIMIT 1 [ RunTime:0.001111s ]
[2026-08-20T11:55:00+08:00][sql] SHOW FULL COLUMNS FROM `setting` [ RunTime:0.001424s ]
[2026-08-20T11:55:00+08:00][sql] SELECT * FROM `setting` [ RunTime:0.000855s ]
[2026-08-20T11:55:00+08:00][sql] SELECT * FROM `goods` WHERE  `id` = 36 LIMIT 1   FOR UPDATE [ RunTime:0.001016s ]
[2026-08-20T11:55:00+08:00][sql] SHOW FULL COLUMNS FROM `bid_record` [ RunTime:0.001707s ]
[2026-08-20T11:55:00+08:00][sql] SELECT MAX(`price`) AS think_max FROM `bid_record` WHERE  `goods_id` = 36  AND `status` = 0 [ RunTime:0.000687s ]
[2026-08-20T11:55:00+08:00][sql] SELECT * FROM `user` WHERE  `id` = 20 LIMIT 1   FOR UPDATE [ RunTime:0.000637s ]
[2026-08-20T11:55:00+08:00][sql] SELECT MAX(`deposit`) AS think_max FROM `bid_record` WHERE  `goods_id` = 36  AND `user_id` = 20  AND `deposit` > '0' [ RunTime:0.004349s ]
[2026-08-20T11:55:00+08:00][sql] SELECT * FROM `bid_record` WHERE  `goods_id` = 36  AND `status` = 0 ORDER BY `price` DESC,`id` ASC LIMIT 1 [ RunTime:0.001058s ]
[2026-08-20T11:55:00+08:00][sql] INSERT INTO `bid_record` SET `goods_id` = 36 , `user_id` = 20 , `price` = '1411' , `deposit` = '0' , `status` = 0 , `is_winner` = 0 , `create_time` = 1787198100 [ RunTime:0.001074s ]
[2026-08-20T11:55:00+08:00][sql] UPDATE `goods`  SET `bid_count` = bid_count+1 , `update_time` = 1787198100  WHERE  `id` = 36 [ RunTime:0.001303s ]
[2026-08-20T11:55:01+08:00][sql] CONNECT:[ UseTime:0.016627s ] mysql:host=127.0.0.1;port=3306;dbname=auction;charset=utf8mb4
[2026-08-20T11:55:01+08:00][sql] SHOW FULL COLUMNS FROM `goods` [ RunTime:0.002441s ]
[2026-08-20T11:55:01+08:00][sql] SELECT `id` FROM `goods` WHERE  `status` = 1  AND `end_time` <= 1787198101 [ RunTime:0.001247s ]
[2026-08-20T11:55:01+08:00][sql] SHOW FULL COLUMNS FROM `user` [ RunTime:0.002272s ]
[2026-08-20T11:55:01+08:00][sql] SELECT * FROM `user` WHERE  `id` = 20 LIMIT 1 [ RunTime:0.001319s ]
[2026-08-20T11:55:01+08:00][sql] SHOW FULL COLUMNS FROM `setting` [ RunTime:0.001593s ]
[2026-08-20T11:55:01+08:00][sql] SELECT * FROM `setting` [ RunTime:0.000885s ]
[2026-08-20T11:55:01+08:00][sql] SELECT `g`.*,u.nickname as seller_name,u.shop_name as seller_shop,u.avatar as seller_avatar,`u`.`seller_intro`,u.deposit as seller_deposit,`u`.`shop_score`,`u`.`fans_count`,c.name as category_name FROM `goods` `g` LEFT JOIN `user` `u` ON `g`.`seller_id`=`u`.`id` LEFT JOIN `category` `c` ON `g`.`category_id`=`c`.`id` WHERE  `g`.`id` = '36' LIMIT 1 [ RunTime:0.001207s ]
[2026-08-20T11:55:01+08:00][sql] UPDATE `goods`  SET `view_count` = `view_count` + 1  WHERE  `id` = 36 [ RunTime:0.005777s ]
[2026-08-20T11:55:01+08:00][sql] SHOW FULL COLUMNS FROM `bid_record` [ RunTime:0.001642s ]
[2026-08-20T11:55:01+08:00][sql] SELECT `b`.*,`u`.`nickname`,`u`.`mobile` FROM `bid_record` `b` LEFT JOIN `user` `u` ON `b`.`user_id`=`u`.`id` WHERE  `b`.`goods_id` = '36'  AND `b`.`status` = '0' ORDER BY `b`.`price` DESC,`b`.`id` ASC LIMIT 1 [ RunTime:0.001237s ]
[2026-08-20T11:55:01+08:00][sql] SELECT `b`.*,`u`.`nickname`,`u`.`mobile` FROM `bid_record` `b` LEFT JOIN `user` `u` ON `b`.`user_id`=`u`.`id` WHERE  `b`.`goods_id` = '36' ORDER BY `b`.`price` DESC,`b`.`id` ASC LIMIT 50 [ RunTime:0.001090s ]
[2026-08-20T11:55:01+08:00][sql] SELECT MAX(`price`) AS think_max FROM `bid_record` WHERE  `goods_id` = 36  AND `user_id` = 20  AND `status` = 0 [ RunTime:0.005573s ]
[2026-08-20T11:55:01+08:00][sql] SELECT MAX(`deposit`) AS think_max FROM `bid_record` WHERE  `goods_id` = 36  AND `user_id` = 20  AND `deposit` > '0' [ RunTime:0.004879s ]
[2026-08-20T11:55:01+08:00][sql] SHOW FULL COLUMNS FROM `browse_history` [ RunTime:0.002137s ]
[2026-08-20T11:55:01+08:00][sql] REPLACE INTO `browse_history` SET `user_id` = 20 , `goods_id` = 36 , `create_time` = 1787198101 [ RunTime:0.002720s ]
[2026-08-20T11:55:01+08:00][sql] SHOW FULL COLUMNS FROM `goods_favorite` [ RunTime:0.003806s ]
[2026-08-20T11:55:01+08:00][sql] SELECT COUNT(*) AS think_count FROM `goods_favorite` WHERE  `user_id` = 20  AND `goods_id` = 36 [ RunTime:0.001156s ]
[2026-08-20T11:55:01+08:00][sql] SHOW FULL COLUMNS FROM `seller_follow` [ RunTime:0.002007s ]
[2026-08-20T11:55:01+08:00][sql] SELECT COUNT(*) AS think_count FROM `seller_follow` WHERE  `user_id` = 20  AND `seller_id` = 29 [ RunTime:0.000939s ]
[2026-08-20T11:55:02+08:00][sql] CONNECT:[ UseTime:0.004261s ] mysql:host=127.0.0.1;port=3306;dbname=auction;charset=utf8mb4
[2026-08-20T11:55:02+08:00][sql] SHOW FULL COLUMNS FROM `goods` [ RunTime:0.002416s ]
[2026-08-20T11:55:02+08:00][sql] SELECT `id` FROM `goods` WHERE  `status` = 1  AND `end_time` <= 1787198102 [ RunTime:0.001210s ]
[2026-08-20T11:55:02+08:00][sql] SHOW FULL COLUMNS FROM `user` [ RunTime:0.002512s ]
[2026-08-20T11:55:02+08:00][sql] SELECT * FROM `user` WHERE  `id` = 20 LIMIT 1 [ RunTime:0.001307s ]
[2026-08-20T11:55:02+08:00][sql] SHOW FULL COLUMNS FROM `setting` [ RunTime:0.001576s ]
[2026-08-20T11:55:02+08:00][sql] SELECT * FROM `setting` [ RunTime:0.001062s ]
[2026-08-20T11:55:02+08:00][sql] SELECT * FROM `goods` WHERE  `id` = 36 LIMIT 1   FOR UPDATE [ RunTime:0.001339s ]
[2026-08-20T11:55:02+08:00][sql] SHOW FULL COLUMNS FROM `bid_record` [ RunTime:0.001963s ]
[2026-08-20T11:55:02+08:00][sql] SELECT MAX(`price`) AS think_max FROM `bid_record` WHERE  `goods_id` = 36  AND `status` = 0 [ RunTime:0.001138s ]
[2026-08-20T11:55:02+08:00][sql] SELECT * FROM `user` WHERE  `id` = 20 LIMIT 1   FOR UPDATE [ RunTime:0.001059s ]
[2026-08-20T11:55:02+08:00][sql] SELECT MAX(`deposit`) AS think_max FROM `bid_record` WHERE  `goods_id` = 36  AND `user_id` = 20  AND `deposit` > '0' [ RunTime:0.004721s ]
[2026-08-20T11:55:02+08:00][sql] SELECT * FROM `bid_record` WHERE  `goods_id` = 36  AND `status` = 0 ORDER BY `price` DESC,`id` ASC LIMIT 1 [ RunTime:0.000954s ]
[2026-08-20T11:55:02+08:00][sql] INSERT INTO `bid_record` SET `goods_id` = 36 , `user_id` = 20 , `price` = '1511' , `deposit` = '0' , `status` = 0 , `is_winner` = 0 , `create_time` = 1787198102 [ RunTime:0.001055s ]
[2026-08-20T11:55:02+08:00][sql] UPDATE `goods`  SET `bid_count` = bid_count+1 , `update_time` = 1787198102  WHERE  `id` = 36 [ RunTime:0.001279s ]
[2026-08-20T11:55:03+08:00][sql] CONNECT:[ UseTime:0.002285s ] mysql:host=127.0.0.1;port=3306;dbname=auction;charset=utf8mb4
[2026-08-20T11:55:03+08:00][sql] SHOW FULL COLUMNS FROM `goods` [ RunTime:0.001958s ]
[2026-08-20T11:55:03+08:00][sql] SELECT `id` FROM `goods` WHERE  `status` = 1  AND `end_time` <= 1787198103 [ RunTime:0.001274s ]
[2026-08-20T11:55:03+08:00][sql] SHOW FULL COLUMNS FROM `user` [ RunTime:0.002251s ]
[2026-08-20T11:55:03+08:00][sql] SELECT * FROM `user` WHERE  `id` = 20 LIMIT 1 [ RunTime:0.001275s ]
[2026-08-20T11:55:03+08:00][sql] SHOW FULL COLUMNS FROM `setting` [ RunTime:0.001874s ]
[2026-08-20T11:55:03+08:00][sql] SELECT * FROM `setting` [ RunTime:0.001174s ]
[2026-08-20T11:55:03+08:00][sql] SELECT `g`.*,u.nickname as seller_name,u.shop_name as seller_shop,u.avatar as seller_avatar,`u`.`seller_intro`,u.deposit as seller_deposit,`u`.`shop_score`,`u`.`fans_count`,c.name as category_name FROM `goods` `g` LEFT JOIN `user` `u` ON `g`.`seller_id`=`u`.`id` LEFT JOIN `category` `c` ON `g`.`category_id`=`c`.`id` WHERE  `g`.`id` = '36' LIMIT 1 [ RunTime:0.001558s ]
[2026-08-20T11:55:03+08:00][sql] UPDATE `goods`  SET `view_count` = `view_count` + 1  WHERE  `id` = 36 [ RunTime:0.002395s ]
[2026-08-20T11:55:03+08:00][sql] SHOW FULL COLUMNS FROM `bid_record` [ RunTime:0.001910s ]
[2026-08-20T11:55:03+08:00][sql] SELECT `b`.*,`u`.`nickname`,`u`.`mobile` FROM `bid_record` `b` LEFT JOIN `user` `u` ON `b`.`user_id`=`u`.`id` WHERE  `b`.`goods_id` = '36'  AND `b`.`status` = '0' ORDER BY `b`.`price` DESC,`b`.`id` ASC LIMIT 1 [ RunTime:0.001260s ]
[2026-08-20T11:55:03+08:00][sql] SELECT `b`.*,`u`.`nickname`,`u`.`mobile` FROM `bid_record` `b` LEFT JOIN `user` `u` ON `b`.`user_id`=`u`.`id` WHERE  `b`.`goods_id` = '36' ORDER BY `b`.`price` DESC,`b`.`id` ASC LIMIT 50 [ RunTime:0.001113s ]
[2026-08-20T11:55:03+08:00][sql] SELECT MAX(`price`) AS think_max FROM `bid_record` WHERE  `goods_id` = 36  AND `user_id` = 20  AND `status` = 0 [ RunTime:0.005223s ]
[2026-08-20T11:55:03+08:00][sql] SELECT MAX(`deposit`) AS think_max FROM `bid_record` WHERE  `goods_id` = 36  AND `user_id` = 20  AND `deposit` > '0' [ RunTime:0.005767s ]
[2026-08-20T11:55:03+08:00][sql] SHOW FULL COLUMNS FROM `browse_history` [ RunTime:0.001961s ]
[2026-08-20T11:55:03+08:00][sql] REPLACE INTO `browse_history` SET `user_id` = 20 , `goods_id` = 36 , `create_time` = 1787198103 [ RunTime:0.002475s ]
[2026-08-20T11:55:03+08:00][sql] SHOW FULL COLUMNS FROM `goods_favorite` [ RunTime:0.001767s ]
[2026-08-20T11:55:03+08:00][sql] SELECT COUNT(*) AS think_count FROM `goods_favorite` WHERE  `user_id` = 20  AND `goods_id` = 36 [ RunTime:0.001261s ]
[2026-08-20T11:55:03+08:00][sql] SHOW FULL COLUMNS FROM `seller_follow` [ RunTime:0.001819s ]
[2026-08-20T11:55:03+08:00][sql] SELECT COUNT(*) AS think_count FROM `seller_follow` WHERE  `user_id` = 20  AND `seller_id` = 29 [ RunTime:0.001011s ]
[2026-08-20T11:55:04+08:00][sql] CONNECT:[ UseTime:0.011055s ] mysql:host=127.0.0.1;port=3306;dbname=auction;charset=utf8mb4
[2026-08-20T11:55:04+08:00][sql] SHOW FULL COLUMNS FROM `goods` [ RunTime:0.002275s ]
[2026-08-20T11:55:04+08:00][sql] SELECT `id` FROM `goods` WHERE  `status` = 1  AND `end_time` <= 1787198104 [ RunTime:0.001064s ]
[2026-08-20T11:55:04+08:00][sql] SHOW FULL COLUMNS FROM `user` [ RunTime:0.002073s ]
[2026-08-20T11:55:04+08:00][sql] SELECT * FROM `user` WHERE  `id` = 20 LIMIT 1 [ RunTime:0.001072s ]
[2026-08-20T11:55:04+08:00][sql] SHOW FULL COLUMNS FROM `setting` [ RunTime:0.001201s ]
[2026-08-20T11:55:04+08:00][sql] SELECT * FROM `setting` [ RunTime:0.000657s ]
[2026-08-20T11:55:04+08:00][sql] SELECT * FROM `goods` WHERE  `id` = 36 LIMIT 1   FOR UPDATE [ RunTime:0.000837s ]
[2026-08-20T11:55:04+08:00][sql] SHOW FULL COLUMNS FROM `bid_record` [ RunTime:0.001756s ]
[2026-08-20T11:55:04+08:00][sql] SELECT MAX(`price`) AS think_max FROM `bid_record` WHERE  `goods_id` = 36  AND `status` = 0 [ RunTime:0.001067s ]
[2026-08-20T11:55:04+08:00][sql] SELECT * FROM `user` WHERE  `id` = 20 LIMIT 1   FOR UPDATE [ RunTime:0.000578s ]
[2026-08-20T11:55:04+08:00][sql] SELECT MAX(`deposit`) AS think_max FROM `bid_record` WHERE  `goods_id` = 36  AND `user_id` = 20  AND `deposit` > '0' [ RunTime:0.003485s ]
[2026-08-20T11:55:04+08:00][sql] SELECT * FROM `bid_record` WHERE  `goods_id` = 36  AND `status` = 0 ORDER BY `price` DESC,`id` ASC LIMIT 1 [ RunTime:0.000796s ]
[2026-08-20T11:55:04+08:00][sql] INSERT INTO `bid_record` SET `goods_id` = 36 , `user_id` = 20 , `price` = '1611' , `deposit` = '0' , `status` = 0 , `is_winner` = 0 , `create_time` = 1787198104 [ RunTime:0.000724s ]
[2026-08-20T11:55:04+08:00][sql] UPDATE `goods`  SET `bid_count` = bid_count+1 , `update_time` = 1787198104  WHERE  `id` = 36 [ RunTime:0.000747s ]
[2026-08-20T11:55:05+08:00][sql] CONNECT:[ UseTime:0.011635s ] mysql:host=127.0.0.1;port=3306;dbname=auction;charset=utf8mb4
[2026-08-20T11:55:05+08:00][sql] SHOW FULL COLUMNS FROM `goods` [ RunTime:0.001842s ]
[2026-08-20T11:55:05+08:00][sql] SELECT `id` FROM `goods` WHERE  `status` = 1  AND `end_time` <= 1787198105 [ RunTime:0.000825s ]
[2026-08-20T11:55:05+08:00][sql] SHOW FULL COLUMNS FROM `user` [ RunTime:0.001613s ]
[2026-08-20T11:55:05+08:00][sql] SELECT * FROM `user` WHERE  `id` = 20 LIMIT 1 [ RunTime:0.000873s ]
[2026-08-20T11:55:05+08:00][sql] SHOW FULL COLUMNS FROM `setting` [ RunTime:0.001287s ]
[2026-08-20T11:55:05+08:00][sql] SELECT * FROM `setting` [ RunTime:0.000684s ]
[2026-08-20T11:55:05+08:00][sql] SELECT `g`.*,u.nickname as seller_name,u.shop_name as seller_shop,u.avatar as seller_avatar,`u`.`seller_intro`,u.deposit as seller_deposit,`u`.`shop_score`,`u`.`fans_count`,c.name as category_name FROM `goods` `g` LEFT JOIN `user` `u` ON `g`.`seller_id`=`u`.`id` LEFT JOIN `category` `c` ON `g`.`category_id`=`c`.`id` WHERE  `g`.`id` = '36' LIMIT 1 [ RunTime:0.001174s ]
[2026-08-20T11:55:05+08:00][sql] UPDATE `goods`  SET `view_count` = `view_count` + 1  WHERE  `id` = 36 [ RunTime:0.001757s ]
[2026-08-20T11:55:05+08:00][sql] SHOW FULL COLUMNS FROM `bid_record` [ RunTime:0.001721s ]
[2026-08-20T11:55:05+08:00][sql] SELECT `b`.*,`u`.`nickname`,`u`.`mobile` FROM `bid_record` `b` LEFT JOIN `user` `u` ON `b`.`user_id`=`u`.`id` WHERE  `b`.`goods_id` = '36'  AND `b`.`status` = '0' ORDER BY `b`.`price` DESC,`b`.`id` ASC LIMIT 1 [ RunTime:0.000851s ]
[2026-08-20T11:55:05+08:00][sql] SELECT `b`.*,`u`.`nickname`,`u`.`mobile` FROM `bid_record` `b` LEFT JOIN `user` `u` ON `b`.`user_id`=`u`.`id` WHERE  `b`.`goods_id` = '36' ORDER BY `b`.`price` DESC,`b`.`id` ASC LIMIT 50 [ RunTime:0.000821s ]
[2026-08-20T11:55:05+08:00][sql] SELECT MAX(`price`) AS think_max FROM `bid_record` WHERE  `goods_id` = 36  AND `user_id` = 20  AND `status` = 0 [ RunTime:0.003678s ]
[2026-08-20T11:55:05+08:00][sql] SELECT MAX(`deposit`) AS think_max FROM `bid_record` WHERE  `goods_id` = 36  AND `user_id` = 20  AND `deposit` > '0' [ RunTime:0.003397s ]
[2026-08-20T11:55:05+08:00][sql] SHOW FULL COLUMNS FROM `browse_history` [ RunTime:0.001255s ]
[2026-08-20T11:55:05+08:00][sql] REPLACE INTO `browse_history` SET `user_id` = 20 , `goods_id` = 36 , `create_time` = 1787198105 [ RunTime:0.001756s ]
[2026-08-20T11:55:05+08:00][sql] SHOW FULL COLUMNS FROM `goods_favorite` [ RunTime:0.001564s ]
[2026-08-20T11:55:05+08:00][sql] SELECT COUNT(*) AS think_count FROM `goods_favorite` WHERE  `user_id` = 20  AND `goods_id` = 36 [ RunTime:0.000631s ]
[2026-08-20T11:55:05+08:00][sql] SHOW FULL COLUMNS FROM `seller_follow` [ RunTime:0.001214s ]
[2026-08-20T11:55:05+08:00][sql] SELECT COUNT(*) AS think_count FROM `seller_follow` WHERE  `user_id` = 20  AND `seller_id` = 29 [ RunTime:0.000614s ]
[2026-08-20T11:55:09+08:00][sql] CONNECT:[ UseTime:0.013473s ] mysql:host=127.0.0.1;port=3306;dbname=auction;charset=utf8mb4
[2026-08-20T11:55:09+08:00][sql] SHOW FULL COLUMNS FROM `goods` [ RunTime:0.002179s ]
[2026-08-20T11:55:09+08:00][sql] SELECT `id` FROM `goods` WHERE  `status` = 1  AND `end_time` <= 1787198109 [ RunTime:0.001047s ]
[2026-08-20T11:55:09+08:00][sql] SHOW FULL COLUMNS FROM `user` [ RunTime:0.002212s ]
[2026-08-20T11:55:09+08:00][sql] SELECT * FROM `user` WHERE  `id` = 20 LIMIT 1 [ RunTime:0.001454s ]
[2026-08-20T11:55:09+08:00][sql] SHOW FULL COLUMNS FROM `setting` [ RunTime:0.001946s ]
[2026-08-20T11:55:09+08:00][sql] SELECT * FROM `setting` [ RunTime:0.001126s ]
[2026-08-20T11:55:09+08:00][sql] SELECT * FROM `goods` WHERE  `id` = 36 LIMIT 1   FOR UPDATE [ RunTime:0.001357s ]
[2026-08-20T11:55:09+08:00][sql] SHOW FULL COLUMNS FROM `bid_record` [ RunTime:0.001813s ]
[2026-08-20T11:55:09+08:00][sql] SELECT MAX(`price`) AS think_max FROM `bid_record` WHERE  `goods_id` = 36  AND `status` = 0 [ RunTime:0.001101s ]
[2026-08-20T11:55:09+08:00][sql] SELECT * FROM `user` WHERE  `id` = 20 LIMIT 1   FOR UPDATE [ RunTime:0.001068s ]
[2026-08-20T11:55:09+08:00][sql] SELECT MAX(`deposit`) AS think_max FROM `bid_record` WHERE  `goods_id` = 36  AND `user_id` = 20  AND `deposit` > '0' [ RunTime:0.005377s ]
[2026-08-20T11:55:09+08:00][sql] SELECT * FROM `bid_record` WHERE  `goods_id` = 36  AND `status` = 0 ORDER BY `price` DESC,`id` ASC LIMIT 1 [ RunTime:0.001080s ]
[2026-08-20T11:55:09+08:00][sql] INSERT INTO `bid_record` SET `goods_id` = 36 , `user_id` = 20 , `price` = '1711' , `deposit` = '0' , `status` = 0 , `is_winner` = 0 , `create_time` = 1787198109 [ RunTime:0.001107s ]
[2026-08-20T11:55:09+08:00][sql] UPDATE `goods`  SET `bid_count` = bid_count+1 , `update_time` = 1787198109  WHERE  `id` = 36 [ RunTime:0.001042s ]
[2026-08-20T11:55:10+08:00][sql] CONNECT:[ UseTime:0.001555s ] mysql:host=127.0.0.1;port=3306;dbname=auction;charset=utf8mb4
[2026-08-20T11:55:10+08:00][sql] SHOW FULL COLUMNS FROM `goods` [ RunTime:0.001343s ]
[2026-08-20T11:55:10+08:00][sql] SELECT `id` FROM `goods` WHERE  `status` = 1  AND `end_time` <= 1787198110 [ RunTime:0.000859s ]
[2026-08-20T11:55:10+08:00][sql] SHOW FULL COLUMNS FROM `user` [ RunTime:0.001677s ]
[2026-08-20T11:55:10+08:00][sql] SELECT * FROM `user` WHERE  `id` = 20 LIMIT 1 [ RunTime:0.001048s ]
[2026-08-20T11:55:10+08:00][sql] SHOW FULL COLUMNS FROM `setting` [ RunTime:0.001315s ]
[2026-08-20T11:55:10+08:00][sql] SELECT * FROM `setting` [ RunTime:0.000777s ]
[2026-08-20T11:55:10+08:00][sql] SELECT `g`.*,u.nickname as seller_name,u.shop_name as seller_shop,u.avatar as seller_avatar,`u`.`seller_intro`,u.deposit as seller_deposit,`u`.`shop_score`,`u`.`fans_count`,c.name as category_name FROM `goods` `g` LEFT JOIN `user` `u` ON `g`.`seller_id`=`u`.`id` LEFT JOIN `category` `c` ON `g`.`category_id`=`c`.`id` WHERE  `g`.`id` = '36' LIMIT 1 [ RunTime:0.001196s ]
[2026-08-20T11:55:10+08:00][sql] UPDATE `goods`  SET `view_count` = `view_count` + 1  WHERE  `id` = 36 [ RunTime:0.005481s ]
[2026-08-20T11:55:10+08:00][sql] SHOW FULL COLUMNS FROM `bid_record` [ RunTime:0.002027s ]
[2026-08-20T11:55:10+08:00][sql] SELECT `b`.*,`u`.`nickname`,`u`.`mobile` FROM `bid_record` `b` LEFT JOIN `user` `u` ON `b`.`user_id`=`u`.`id` WHERE  `b`.`goods_id` = '36'  AND `b`.`status` = '0' ORDER BY `b`.`price` DESC,`b`.`id` ASC LIMIT 1 [ RunTime:0.001109s ]
[2026-08-20T11:55:10+08:00][sql] SELECT `b`.*,`u`.`nickname`,`u`.`mobile` FROM `bid_record` `b` LEFT JOIN `user` `u` ON `b`.`user_id`=`u`.`id` WHERE  `b`.`goods_id` = '36' ORDER BY `b`.`price` DESC,`b`.`id` ASC LIMIT 50 [ RunTime:0.000956s ]
[2026-08-20T11:55:10+08:00][sql] SELECT MAX(`price`) AS think_max FROM `bid_record` WHERE  `goods_id` = 36  AND `user_id` = 20  AND `status` = 0 [ RunTime:0.004277s ]
[2026-08-20T11:55:10+08:00][sql] SELECT MAX(`deposit`) AS think_max FROM `bid_record` WHERE  `goods_id` = 36  AND `user_id` = 20  AND `deposit` > '0' [ RunTime:0.004432s ]
[2026-08-20T11:55:10+08:00][sql] SHOW FULL COLUMNS FROM `browse_history` [ RunTime:0.001592s ]
[2026-08-20T11:55:10+08:00][sql] REPLACE INTO `browse_history` SET `user_id` = 20 , `goods_id` = 36 , `create_time` = 1787198110 [ RunTime:0.002000s ]
[2026-08-20T11:55:10+08:00][sql] SHOW FULL COLUMNS FROM `goods_favorite` [ RunTime:0.001425s ]
[2026-08-20T11:55:10+08:00][sql] SELECT COUNT(*) AS think_count FROM `goods_favorite` WHERE  `user_id` = 20  AND `goods_id` = 36 [ RunTime:0.000907s ]
[2026-08-20T11:55:10+08:00][sql] SHOW FULL COLUMNS FROM `seller_follow` [ RunTime:0.001506s ]
[2026-08-20T11:55:10+08:00][sql] SELECT COUNT(*) AS think_count FROM `seller_follow` WHERE  `user_id` = 20  AND `seller_id` = 29 [ RunTime:0.001009s ]
[2026-08-20T11:55:12+08:00][sql] CONNECT:[ UseTime:0.003238s ] mysql:host=127.0.0.1;port=3306;dbname=auction;charset=utf8mb4
[2026-08-20T11:55:12+08:00][sql] SHOW FULL COLUMNS FROM `goods` [ RunTime:0.001224s ]
[2026-08-20T11:55:12+08:00][sql] SELECT `id` FROM `goods` WHERE  `status` = 1  AND `end_time` <= 1787198112 [ RunTime:0.000995s ]
[2026-08-20T11:55:12+08:00][sql] SHOW FULL COLUMNS FROM `user` [ RunTime:0.001528s ]
[2026-08-20T11:55:12+08:00][sql] SELECT * FROM `user` WHERE  `id` = 20 LIMIT 1 [ RunTime:0.000748s ]
[2026-08-20T11:55:12+08:00][sql] SHOW FULL COLUMNS FROM `setting` [ RunTime:0.001154s ]
[2026-08-20T11:55:12+08:00][sql] SELECT * FROM `setting` [ RunTime:0.000532s ]
[2026-08-20T11:55:12+08:00][sql] SELECT * FROM `goods` WHERE  `id` = 36 LIMIT 1   FOR UPDATE [ RunTime:0.000748s ]
[2026-08-20T11:55:12+08:00][sql] SHOW FULL COLUMNS FROM `bid_record` [ RunTime:0.001024s ]
[2026-08-20T11:55:12+08:00][sql] SELECT MAX(`price`) AS think_max FROM `bid_record` WHERE  `goods_id` = 36  AND `status` = 0 [ RunTime:0.000665s ]
[2026-08-20T11:55:12+08:00][sql] SELECT * FROM `user` WHERE  `id` = 20 LIMIT 1   FOR UPDATE [ RunTime:0.000749s ]
[2026-08-20T11:55:12+08:00][sql] SELECT MAX(`deposit`) AS think_max FROM `bid_record` WHERE  `goods_id` = 36  AND `user_id` = 20  AND `deposit` > '0' [ RunTime:0.003905s ]
[2026-08-20T11:55:12+08:00][sql] SELECT * FROM `bid_record` WHERE  `goods_id` = 36  AND `status` = 0 ORDER BY `price` DESC,`id` ASC LIMIT 1 [ RunTime:0.000770s ]
[2026-08-20T11:55:12+08:00][sql] INSERT INTO `bid_record` SET `goods_id` = 36 , `user_id` = 20 , `price` = '1811' , `deposit` = '0' , `status` = 0 , `is_winner` = 0 , `create_time` = 1787198112 [ RunTime:0.000549s ]
[2026-08-20T11:55:12+08:00][sql] UPDATE `goods`  SET `bid_count` = bid_count+1 , `update_time` = 1787198112  WHERE  `id` = 36 [ RunTime:0.000569s ]
[2026-08-20T11:55:13+08:00][sql] CONNECT:[ UseTime:0.014504s ] mysql:host=127.0.0.1;port=3306;dbname=auction;charset=utf8mb4
[2026-08-20T11:55:13+08:00][sql] SHOW FULL COLUMNS FROM `goods` [ RunTime:0.001141s ]
[2026-08-20T11:55:13+08:00][sql] SELECT `id` FROM `goods` WHERE  `status` = 1  AND `end_time` <= 1787198113 [ RunTime:0.000703s ]
[2026-08-20T11:55:13+08:00][sql] SHOW FULL COLUMNS FROM `user` [ RunTime:0.001295s ]
[2026-08-20T11:55:13+08:00][sql] SELECT * FROM `user` WHERE  `id` = 20 LIMIT 1 [ RunTime:0.000720s ]
[2026-08-20T11:55:13+08:00][sql] SHOW FULL COLUMNS FROM `setting` [ RunTime:0.000987s ]
[2026-08-20T11:55:13+08:00][sql] SELECT * FROM `setting` [ RunTime:0.000612s ]
[2026-08-20T11:55:13+08:00][sql] SELECT `g`.*,u.nickname as seller_name,u.shop_name as seller_shop,u.avatar as seller_avatar,`u`.`seller_intro`,u.deposit as seller_deposit,`u`.`shop_score`,`u`.`fans_count`,c.name as category_name FROM `goods` `g` LEFT JOIN `user` `u` ON `g`.`seller_id`=`u`.`id` LEFT JOIN `category` `c` ON `g`.`category_id`=`c`.`id` WHERE  `g`.`id` = '36' LIMIT 1 [ RunTime:0.001133s ]
[2026-08-20T11:55:13+08:00][sql] UPDATE `goods`  SET `view_count` = `view_count` + 1  WHERE  `id` = 36 [ RunTime:0.001742s ]
[2026-08-20T11:55:13+08:00][sql] SHOW FULL COLUMNS FROM `bid_record` [ RunTime:0.001249s ]
[2026-08-20T11:55:13+08:00][sql] SELECT `b`.*,`u`.`nickname`,`u`.`mobile` FROM `bid_record` `b` LEFT JOIN `user` `u` ON `b`.`user_id`=`u`.`id` WHERE  `b`.`goods_id` = '36'  AND `b`.`status` = '0' ORDER BY `b`.`price` DESC,`b`.`id` ASC LIMIT 1 [ RunTime:0.001002s ]
[2026-08-20T11:55:13+08:00][sql] SELECT `b`.*,`u`.`nickname`,`u`.`mobile` FROM `bid_record` `b` LEFT JOIN `user` `u` ON `b`.`user_id`=`u`.`id` WHERE  `b`.`goods_id` = '36' ORDER BY `b`.`price` DESC,`b`.`id` ASC LIMIT 50 [ RunTime:0.001097s ]
[2026-08-20T11:55:13+08:00][sql] SELECT MAX(`price`) AS think_max FROM `bid_record` WHERE  `goods_id` = 36  AND `user_id` = 20  AND `status` = 0 [ RunTime:0.003165s ]
[2026-08-20T11:55:13+08:00][sql] SELECT MAX(`deposit`) AS think_max FROM `bid_record` WHERE  `goods_id` = 36  AND `user_id` = 20  AND `deposit` > '0' [ RunTime:0.003398s ]
[2026-08-20T11:55:13+08:00][sql] SHOW FULL COLUMNS FROM `browse_history` [ RunTime:0.001313s ]
[2026-08-20T11:55:13+08:00][sql] REPLACE INTO `browse_history` SET `user_id` = 20 , `goods_id` = 36 , `create_time` = 1787198113 [ RunTime:0.001502s ]
[2026-08-20T11:55:13+08:00][sql] SHOW FULL COLUMNS FROM `goods_favorite` [ RunTime:0.001090s ]
[2026-08-20T11:55:13+08:00][sql] SELECT COUNT(*) AS think_count FROM `goods_favorite` WHERE  `user_id` = 20  AND `goods_id` = 36 [ RunTime:0.000512s ]
[2026-08-20T11:55:13+08:00][sql] SHOW FULL COLUMNS FROM `seller_follow` [ RunTime:0.000894s ]
[2026-08-20T11:55:13+08:00][sql] SELECT COUNT(*) AS think_count FROM `seller_follow` WHERE  `user_id` = 20  AND `seller_id` = 29 [ RunTime:0.000457s ]
[2026-08-20T11:55:24+08:00][sql] CONNECT:[ UseTime:0.020290s ] mysql:host=127.0.0.1;port=3306;dbname=auction;charset=utf8mb4
[2026-08-20T11:55:24+08:00][sql] SHOW FULL COLUMNS FROM `goods` [ RunTime:0.002517s ]
[2026-08-20T11:55:24+08:00][sql] SELECT `id` FROM `goods` WHERE  `status` = 1  AND `end_time` <= 1787198124 [ RunTime:0.001058s ]
[2026-08-20T11:55:24+08:00][sql] SHOW FULL COLUMNS FROM `user` [ RunTime:0.002030s ]
[2026-08-20T11:55:24+08:00][sql] SELECT * FROM `user` WHERE  `id` = 20 LIMIT 1 [ RunTime:0.001166s ]
[2026-08-20T11:55:24+08:00][sql] SHOW FULL COLUMNS FROM `setting` [ RunTime:0.001535s ]
[2026-08-20T11:55:24+08:00][sql] SELECT * FROM `setting` [ RunTime:0.000940s ]
[2026-08-20T11:55:24+08:00][sql] SHOW FULL COLUMNS FROM `bid_record` [ RunTime:0.002006s ]
[2026-08-20T11:55:24+08:00][sql] SELECT COUNT(*) AS think_count FROM `bid_record` WHERE  `user_id` = 20 [ RunTime:0.001076s ]
[2026-08-20T11:55:24+08:00][sql] SHOW FULL COLUMNS FROM `order` [ RunTime:0.002641s ]
[2026-08-20T11:55:24+08:00][sql] SELECT COUNT(*) AS think_count FROM `order` WHERE  `buyer_id` = 20  AND `pay_status` = 1 [ RunTime:0.001314s ]
[2026-08-20T11:55:24+08:00][sql] SELECT COUNT(*) AS think_count FROM `goods` WHERE  `seller_id` = 20  AND `status` = 2 [ RunTime:0.003828s ]
[2026-08-20T11:55:24+08:00][sql] SELECT COUNT(*) AS think_count FROM `goods` WHERE  `seller_id` = 20 [ RunTime:0.000956s ]
[2026-08-20T11:55:24+08:00][sql] SELECT COUNT(*) AS think_count FROM `order` WHERE  `buyer_id` = 20  AND `pay_status` = 0  AND `order_status` = 0 [ RunTime:0.000905s ]
[2026-08-20T11:55:24+08:00][sql] SELECT COUNT(*) AS think_count FROM `order` WHERE  `seller_id` = 20  AND `order_status` = 1 [ RunTime:0.001022s ]
[2026-08-20T11:55:24+08:00][sql] SELECT COUNT(*) AS think_count FROM `order` WHERE  `buyer_id` = 20  AND `order_status` = 0  AND `pay_status` = 0 [ RunTime:0.001054s ]
[2026-08-20T11:55:24+08:00][sql] SELECT COUNT(*) AS think_count FROM `order` WHERE  `buyer_id` = 20  AND `order_status` = 1 [ RunTime:0.001315s ]
[2026-08-20T11:55:24+08:00][sql] SELECT COUNT(*) AS think_count FROM `order` WHERE  `buyer_id` = 20  AND `order_status` = 2 [ RunTime:0.000781s ]
[2026-08-20T11:55:24+08:00][sql] SELECT COUNT(*) AS think_count FROM `order` WHERE  `buyer_id` = 20  AND `order_status` = 3 [ RunTime:0.000514s ]
[2026-08-20T11:55:24+08:00][sql] SELECT COUNT(*) AS think_count FROM `order` WHERE  `seller_id` = 20  AND `order_status` = 1 [ RunTime:0.000548s ]
[2026-08-20T11:55:24+08:00][sql] SHOW FULL COLUMNS FROM `goods_favorite` [ RunTime:0.000884s ]
[2026-08-20T11:55:24+08:00][sql] SELECT COUNT(*) AS think_count FROM `goods_favorite` WHERE  `user_id` = 20 [ RunTime:0.000510s ]
[2026-08-20T11:55:24+08:00][sql] SHOW FULL COLUMNS FROM `seller_follow` [ RunTime:0.000779s ]
[2026-08-20T11:55:24+08:00][sql] SELECT COUNT(*) AS think_count FROM `seller_follow` WHERE  `user_id` = 20 [ RunTime:0.000568s ]
[2026-08-20T11:55:24+08:00][sql] SHOW FULL COLUMNS FROM `browse_history` [ RunTime:0.000797s ]
[2026-08-20T11:55:24+08:00][sql] SELECT COUNT(*) AS think_count FROM `browse_history` WHERE  `user_id` = 20 [ RunTime:0.000460s ]
[2026-08-20T11:55:24+08:00][sql] SHOW FULL COLUMNS FROM `sys_message` [ RunTime:0.000927s ]
[2026-08-20T11:55:24+08:00][sql] SELECT COUNT(*) AS think_count FROM `sys_message` WHERE  `user_id` = 20  AND `is_read` = 0 [ RunTime:0.000872s ]
[2026-08-20T11:55:24+08:00][sql] SHOW FULL COLUMNS FROM `balance_log` [ RunTime:0.001540s ]
[2026-08-20T11:55:24+08:00][sql] SELECT * FROM `balance_log` WHERE  `user_id` = 20 ORDER BY `id` DESC LIMIT 5 [ RunTime:0.001043s ]
[2026-08-20T11:55:24+08:00][sql] SELECT `b`.*,`g`.`title`,`g`.`cover`,g.status as goods_status,`g`.`end_time` FROM `bid_record` `b` LEFT JOIN `goods` `g` ON `b`.`goods_id`=`g`.`id` WHERE  `b`.`user_id` = '20' ORDER BY `b`.`id` DESC LIMIT 5 [ RunTime:0.001114s ]
[2026-08-20T11:55:24+08:00][sql] SELECT `id`,`nickname`,`mobile`,`reg_time` FROM `user` WHERE  `pid` = 20 ORDER BY `id` DESC LIMIT 10 [ RunTime:0.001155s ]
[2026-08-20T11:55:24+08:00][sql] SELECT `value` FROM `setting` WHERE  `name` = 'service_link' LIMIT 1 [ RunTime:0.000734s ]
[2026-08-20T11:55:24+08:00][sql] SELECT `is_virtual` FROM `user` WHERE  `id` = 20 LIMIT 1 [ RunTime:0.000533s ]
[2026-08-20T11:55:27+08:00][sql] CONNECT:[ UseTime:0.014749s ] mysql:host=127.0.0.1;port=3306;dbname=auction;charset=utf8mb4
[2026-08-20T11:55:27+08:00][sql] SHOW FULL COLUMNS FROM `goods` [ RunTime:0.002459s ]
[2026-08-20T11:55:27+08:00][sql] SELECT `id` FROM `goods` WHERE  `status` = 1  AND `end_time` <= 1787198127 [ RunTime:0.001230s ]
[2026-08-20T11:55:27+08:00][sql] SHOW FULL COLUMNS FROM `user` [ RunTime:0.002323s ]
[2026-08-20T11:55:27+08:00][sql] SELECT * FROM `user` WHERE  `id` = 20 LIMIT 1 [ RunTime:0.001299s ]
[2026-08-20T11:55:27+08:00][sql] SHOW FULL COLUMNS FROM `setting` [ RunTime:0.001968s ]
[2026-08-20T11:55:27+08:00][sql] SELECT * FROM `setting` [ RunTime:0.004969s ]
[2026-08-20T11:55:27+08:00][sql] SHOW FULL COLUMNS FROM `sys_message` [ RunTime:0.002399s ]
[2026-08-20T11:55:27+08:00][sql] SELECT COUNT(*) AS think_count FROM `sys_message` WHERE  `user_id` = 20 [ RunTime:0.001262s ]
[2026-08-20T11:55:27+08:00][sql] SELECT * FROM `sys_message` WHERE  `user_id` = 20 ORDER BY `id` DESC LIMIT 0,15 [ RunTime:0.001065s ]
[2026-08-20T11:55:56+08:00][sql] CONNECT:[ UseTime:0.011957s ] mysql:host=127.0.0.1;port=3306;dbname=auction;charset=utf8mb4
[2026-08-20T11:55:56+08:00][sql] SHOW FULL COLUMNS FROM `goods` [ RunTime:0.002545s ]
[2026-08-20T11:55:56+08:00][sql] SELECT `id` FROM `goods` WHERE  `status` = 1  AND `end_time` <= 1787198156 [ RunTime:0.001219s ]
[2026-08-20T11:55:56+08:00][sql] SHOW FULL COLUMNS FROM `user` [ RunTime:0.002255s ]
[2026-08-20T11:55:56+08:00][sql] SELECT * FROM `user` WHERE  `id` = 20 LIMIT 1 [ RunTime:0.001400s ]
[2026-08-20T11:55:56+08:00][sql] SHOW FULL COLUMNS FROM `setting` [ RunTime:0.001741s ]
[2026-08-20T11:55:56+08:00][sql] SELECT * FROM `setting` [ RunTime:0.000896s ]
[2026-08-20T11:55:56+08:00][sql] SHOW FULL COLUMNS FROM `bid_record` [ RunTime:0.001856s ]
[2026-08-20T11:55:56+08:00][sql] SELECT COUNT(*) AS think_count FROM `bid_record` `b` LEFT JOIN `goods` `g` ON `b`.`goods_id`=`g`.`id` WHERE  `b`.`user_id` = '20' [ RunTime:0.001117s ]
[2026-08-20T11:55:56+08:00][sql] SELECT `b`.*,`g`.`title`,`g`.`cover`,g.status as goods_status,`g`.`end_time`,`g`.`final_price`,`g`.`winner_id` FROM `bid_record` `b` LEFT JOIN `goods` `g` ON `b`.`goods_id`=`g`.`id` WHERE  `b`.`user_id` = '20' ORDER BY `b`.`id` DESC LIMIT 0,15 [ RunTime:0.001271s ]
[2026-08-20T11:55:56+08:00][sql] SELECT `goods_id`,`id` FROM `bid_record` WHERE  `goods_id` = 36 ORDER BY `price` DESC,`id` ASC [ RunTime:0.001063s ]
[2026-08-20T11:56:03+08:00][sql] CONNECT:[ UseTime:0.014663s ] mysql:host=127.0.0.1;port=3306;dbname=auction;charset=utf8mb4
[2026-08-20T11:56:03+08:00][sql] SHOW FULL COLUMNS FROM `goods` [ RunTime:0.002169s ]
[2026-08-20T11:56:03+08:00][sql] SELECT `id` FROM `goods` WHERE  `status` = 1  AND `end_time` <= 1787198162 [ RunTime:0.001123s ]
[2026-08-20T11:56:03+08:00][sql] SHOW FULL COLUMNS FROM `user` [ RunTime:0.001947s ]
[2026-08-20T11:56:03+08:00][sql] SELECT * FROM `user` WHERE  `id` = 20 LIMIT 1 [ RunTime:0.001056s ]
[2026-08-20T11:56:03+08:00][sql] SHOW FULL COLUMNS FROM `setting` [ RunTime:0.001413s ]
[2026-08-20T11:56:03+08:00][sql] SELECT * FROM `setting` [ RunTime:0.000907s ]
[2026-08-20T11:56:03+08:00][sql] SHOW FULL COLUMNS FROM `bid_record` [ RunTime:0.001609s ]
[2026-08-20T11:56:03+08:00][sql] SELECT COUNT(*) AS think_count FROM `bid_record` WHERE  `user_id` = 20 [ RunTime:0.001114s ]
[2026-08-20T11:56:03+08:00][sql] SHOW FULL COLUMNS FROM `order` [ RunTime:0.002177s ]
[2026-08-20T11:56:03+08:00][sql] SELECT COUNT(*) AS think_count FROM `order` WHERE  `buyer_id` = 20  AND `pay_status` = 1 [ RunTime:0.001192s ]
[2026-08-20T11:56:03+08:00][sql] SELECT COUNT(*) AS think_count FROM `goods` WHERE  `seller_id` = 20  AND `status` = 2 [ RunTime:0.003729s ]
[2026-08-20T11:56:03+08:00][sql] SELECT COUNT(*) AS think_count FROM `goods` WHERE  `seller_id` = 20 [ RunTime:0.001139s ]
[2026-08-20T11:56:03+08:00][sql] SELECT COUNT(*) AS think_count FROM `order` WHERE  `buyer_id` = 20  AND `pay_status` = 0  AND `order_status` = 0 [ RunTime:0.001052s ]
[2026-08-20T11:56:03+08:00][sql] SELECT COUNT(*) AS think_count FROM `order` WHERE  `seller_id` = 20  AND `order_status` = 1 [ RunTime:0.001020s ]
[2026-08-20T11:56:03+08:00][sql] SELECT COUNT(*) AS think_count FROM `order` WHERE  `buyer_id` = 20  AND `order_status` = 0  AND `pay_status` = 0 [ RunTime:0.000906s ]
[2026-08-20T11:56:03+08:00][sql] SELECT COUNT(*) AS think_count FROM `order` WHERE  `buyer_id` = 20  AND `order_status` = 1 [ RunTime:0.001080s ]
[2026-08-20T11:56:03+08:00][sql] SELECT COUNT(*) AS think_count FROM `order` WHERE  `buyer_id` = 20  AND `order_status` = 2 [ RunTime:0.001053s ]
[2026-08-20T11:56:03+08:00][sql] SELECT COUNT(*) AS think_count FROM `order` WHERE  `buyer_id` = 20  AND `order_status` = 3 [ RunTime:0.001049s ]
[2026-08-20T11:56:03+08:00][sql] SELECT COUNT(*) AS think_count FROM `order` WHERE  `seller_id` = 20  AND `order_status` = 1 [ RunTime:0.000974s ]
[2026-08-20T11:56:03+08:00][sql] SHOW FULL COLUMNS FROM `goods_favorite` [ RunTime:0.001721s ]
[2026-08-20T11:56:03+08:00][sql] SELECT COUNT(*) AS think_count FROM `goods_favorite` WHERE  `user_id` = 20 [ RunTime:0.000951s ]
[2026-08-20T11:56:03+08:00][sql] SHOW FULL COLUMNS FROM `seller_follow` [ RunTime:0.001480s ]
[2026-08-20T11:56:03+08:00][sql] SELECT COUNT(*) AS think_count FROM `seller_follow` WHERE  `user_id` = 20 [ RunTime:0.000959s ]
[2026-08-20T11:56:03+08:00][sql] SHOW FULL COLUMNS FROM `browse_history` [ RunTime:0.001474s ]
[2026-08-20T11:56:03+08:00][sql] SELECT COUNT(*) AS think_count FROM `browse_history` WHERE  `user_id` = 20 [ RunTime:0.000969s ]
[2026-08-20T11:56:03+08:00][sql] SHOW FULL COLUMNS FROM `sys_message` [ RunTime:0.004648s ]
[2026-08-20T11:56:03+08:00][sql] SELECT COUNT(*) AS think_count FROM `sys_message` WHERE  `user_id` = 20  AND `is_read` = 0 [ RunTime:0.001041s ]
[2026-08-20T11:56:03+08:00][sql] SHOW FULL COLUMNS FROM `balance_log` [ RunTime:0.004498s ]
[2026-08-20T11:56:03+08:00][sql] SELECT * FROM `balance_log` WHERE  `user_id` = 20 ORDER BY `id` DESC LIMIT 5 [ RunTime:0.001011s ]
[2026-08-20T11:56:03+08:00][sql] SELECT `b`.*,`g`.`title`,`g`.`cover`,g.status as goods_status,`g`.`end_time` FROM `bid_record` `b` LEFT JOIN `goods` `g` ON `b`.`goods_id`=`g`.`id` WHERE  `b`.`user_id` = '20' ORDER BY `b`.`id` DESC LIMIT 5 [ RunTime:0.001283s ]
[2026-08-20T11:56:03+08:00][sql] SELECT `id`,`nickname`,`mobile`,`reg_time` FROM `user` WHERE  `pid` = 20 ORDER BY `id` DESC LIMIT 10 [ RunTime:0.000975s ]
[2026-08-20T11:56:03+08:00][sql] SELECT `value` FROM `setting` WHERE  `name` = 'service_link' LIMIT 1 [ RunTime:0.000878s ]
[2026-08-20T11:56:03+08:00][sql] SELECT `is_virtual` FROM `user` WHERE  `id` = 20 LIMIT 1 [ RunTime:0.000852s ]
[2026-08-20T11:56:04+08:00][sql] CONNECT:[ UseTime:0.001910s ] mysql:host=127.0.0.1;port=3306;dbname=auction;charset=utf8mb4
[2026-08-20T11:56:04+08:00][sql] SHOW FULL COLUMNS FROM `goods` [ RunTime:0.001565s ]
[2026-08-20T11:56:04+08:00][sql] SELECT `id` FROM `goods` WHERE  `status` = 1  AND `end_time` <= 1787198164 [ RunTime:0.000792s ]
[2026-08-20T11:56:04+08:00][sql] SHOW FULL COLUMNS FROM `user` [ RunTime:0.001466s ]
[2026-08-20T11:56:04+08:00][sql] SELECT * FROM `user` WHERE  `id` = 20 LIMIT 1 [ RunTime:0.000843s ]
[2026-08-20T11:56:04+08:00][sql] SHOW FULL COLUMNS FROM `setting` [ RunTime:0.001173s ]
[2026-08-20T11:56:04+08:00][sql] SELECT * FROM `setting` [ RunTime:0.000681s ]
[2026-08-20T11:56:04+08:00][sql] SELECT * FROM `user` WHERE  `id` = 20 LIMIT 1 [ RunTime:0.000824s ]
[2026-08-20T11:56:04+08:00][sql] SHOW FULL COLUMNS FROM `order` [ RunTime:0.001380s ]
[2026-08-20T11:56:04+08:00][sql] SELECT COUNT(*) AS think_count FROM `order` WHERE  `buyer_id` = 20  AND `order_status` = 0  AND `pay_status` = 0 [ RunTime:0.000771s ]
[2026-08-20T11:56:04+08:00][sql] SELECT COUNT(*) AS think_count FROM `order` WHERE  `buyer_id` = 20  AND `order_status` = 3 [ RunTime:0.000658s ]
[2026-08-20T11:56:04+08:00][sql] SHOW FULL COLUMNS FROM `balance_log` [ RunTime:0.001162s ]
[2026-08-20T11:56:04+08:00][sql] SELECT * FROM `balance_log` WHERE  `user_id` = 20 ORDER BY `id` DESC LIMIT 8 [ RunTime:0.000809s ]
[2026-08-20T11:56:05+08:00][sql] CONNECT:[ UseTime:0.008671s ] mysql:host=127.0.0.1;port=3306;dbname=auction;charset=utf8mb4
[2026-08-20T11:56:05+08:00][sql] SHOW FULL COLUMNS FROM `goods` [ RunTime:0.002310s ]
[2026-08-20T11:56:05+08:00][sql] SELECT `id` FROM `goods` WHERE  `status` = 1  AND `end_time` <= 1787198165 [ RunTime:0.001020s ]
[2026-08-20T11:56:05+08:00][sql] SHOW FULL COLUMNS FROM `user` [ RunTime:0.001937s ]
[2026-08-20T11:56:05+08:00][sql] SELECT * FROM `user` WHERE  `id` = 20 LIMIT 1 [ RunTime:0.001030s ]
[2026-08-20T11:56:05+08:00][sql] SHOW FULL COLUMNS FROM `setting` [ RunTime:0.001492s ]
[2026-08-20T11:56:05+08:00][sql] SELECT * FROM `setting` [ RunTime:0.000841s ]
[2026-08-20T11:56:05+08:00][sql] SELECT `is_virtual` FROM `user` WHERE  `id` = 20 LIMIT 1 [ RunTime:0.000822s ]
[2026-08-20T11:56:05+08:00][sql] SHOW FULL COLUMNS FROM `withdraw` [ RunTime:0.002196s ]
[2026-08-20T11:56:05+08:00][sql] SELECT * FROM `withdraw` WHERE  `user_id` = 20 ORDER BY `id` DESC LIMIT 20 [ RunTime:0.001384s ]
[2026-08-20T11:56:05+08:00][sql] SHOW FULL COLUMNS FROM `pay_account` [ RunTime:0.004894s ]
[2026-08-20T11:56:05+08:00][sql] SELECT * FROM `pay_account` WHERE  `user_id` = 20 [ RunTime:0.001402s ]
[2026-08-20T11:56:05+08:00][sql] SELECT * FROM `withdraw` WHERE  `user_id` = 20  AND `status` = 0 LIMIT 1 [ RunTime:0.001189s ]
[2026-08-20T11:56:08+08:00][sql] CONNECT:[ UseTime:0.006204s ] mysql:host=127.0.0.1;port=3306;dbname=auction;charset=utf8mb4
[2026-08-20T11:56:08+08:00][sql] SHOW FULL COLUMNS FROM `goods` [ RunTime:0.002938s ]
[2026-08-20T11:56:08+08:00][sql] SELECT `id` FROM `goods` WHERE  `status` = 1  AND `end_time` <= 1787198168 [ RunTime:0.001239s ]
[2026-08-20T11:56:08+08:00][sql] SHOW FULL COLUMNS FROM `user` [ RunTime:0.002197s ]
[2026-08-20T11:56:08+08:00][sql] SELECT * FROM `user` WHERE  `id` = 20 LIMIT 1 [ RunTime:0.001072s ]
[2026-08-20T11:56:08+08:00][sql] SHOW FULL COLUMNS FROM `setting` [ RunTime:0.001517s ]
[2026-08-20T11:56:08+08:00][sql] SELECT * FROM `setting` [ RunTime:0.000940s ]
[2026-08-20T11:56:08+08:00][sql] SHOW FULL COLUMNS FROM `pay_account` [ RunTime:0.001648s ]
[2026-08-20T11:56:08+08:00][sql] SELECT * FROM `pay_account` WHERE  `user_id` = 20 [ RunTime:0.001220s ]
[2026-08-20T11:56:16+08:00][sql] CONNECT:[ UseTime:0.019045s ] mysql:host=127.0.0.1;port=3306;dbname=auction;charset=utf8mb4
[2026-08-20T11:56:16+08:00][sql] SHOW FULL COLUMNS FROM `goods` [ RunTime:0.002416s ]
[2026-08-20T11:56:16+08:00][sql] SELECT `id` FROM `goods` WHERE  `status` = 1  AND `end_time` <= 1787198176 [ RunTime:0.001100s ]
[2026-08-20T11:56:16+08:00][sql] SHOW FULL COLUMNS FROM `user` [ RunTime:0.002193s ]
[2026-08-20T11:56:16+08:00][sql] SELECT * FROM `user` WHERE  `id` = 20 LIMIT 1 [ RunTime:0.001287s ]
[2026-08-20T11:56:16+08:00][sql] SHOW FULL COLUMNS FROM `setting` [ RunTime:0.001788s ]
[2026-08-20T11:56:16+08:00][sql] SELECT * FROM `setting` [ RunTime:0.000967s ]
[2026-08-20T11:56:16+08:00][sql] SELECT `is_virtual` FROM `user` WHERE  `id` = 20 LIMIT 1 [ RunTime:0.001477s ]
[2026-08-20T11:56:16+08:00][sql] SHOW FULL COLUMNS FROM `pay_account` [ RunTime:0.002817s ]
[2026-08-20T11:56:16+08:00][sql] SELECT * FROM `pay_account` WHERE  `user_id` = 20  AND `type` = 4 LIMIT 1 [ RunTime:0.001407s ]
[2026-08-20T11:56:16+08:00][sql] INSERT INTO `pay_account` SET `real_name` = '' , `account` = '111111111111' , `bank_name` = 'trc20' , `qr_code` = '' , `update_time` = 1787198176 , `user_id` = 20 , `type` = 4 , `create_time` = 1787198176 [ RunTime:0.005001s ]
[2026-08-20T11:56:17+08:00][sql] CONNECT:[ UseTime:0.001989s ] mysql:host=127.0.0.1;port=3306;dbname=auction;charset=utf8mb4
[2026-08-20T11:56:17+08:00][sql] SHOW FULL COLUMNS FROM `goods` [ RunTime:0.001545s ]
[2026-08-20T11:56:17+08:00][sql] SELECT `id` FROM `goods` WHERE  `status` = 1  AND `end_time` <= 1787198177 [ RunTime:0.000697s ]
[2026-08-20T11:56:17+08:00][sql] SHOW FULL COLUMNS FROM `user` [ RunTime:0.001135s ]
[2026-08-20T11:56:17+08:00][sql] SELECT * FROM `user` WHERE  `id` = 20 LIMIT 1 [ RunTime:0.002241s ]
[2026-08-20T11:56:17+08:00][sql] SHOW FULL COLUMNS FROM `setting` [ RunTime:0.001161s ]
[2026-08-20T11:56:17+08:00][sql] SELECT * FROM `setting` [ RunTime:0.000523s ]
[2026-08-20T11:56:17+08:00][sql] SHOW FULL COLUMNS FROM `pay_account` [ RunTime:0.001402s ]
[2026-08-20T11:56:17+08:00][sql] SELECT * FROM `pay_account` WHERE  `user_id` = 20 [ RunTime:0.000656s ]
[2026-08-20T11:56:30+08:00][sql] CONNECT:[ UseTime:0.002373s ] mysql:host=127.0.0.1;port=3306;dbname=auction;charset=utf8mb4
[2026-08-20T11:56:30+08:00][sql] SHOW FULL COLUMNS FROM `goods` [ RunTime:0.002412s ]
[2026-08-20T11:56:30+08:00][sql] SELECT `id` FROM `goods` WHERE  `status` = 1  AND `end_time` <= 1787198190 [ RunTime:0.001134s ]
[2026-08-20T11:56:30+08:00][sql] SHOW FULL COLUMNS FROM `user` [ RunTime:0.002073s ]
[2026-08-20T11:56:30+08:00][sql] SELECT * FROM `user` WHERE  `id` = 20 LIMIT 1 [ RunTime:0.001101s ]
[2026-08-20T11:56:30+08:00][sql] SHOW FULL COLUMNS FROM `setting` [ RunTime:0.001525s ]
[2026-08-20T11:56:30+08:00][sql] SELECT * FROM `setting` [ RunTime:0.000899s ]
[2026-08-20T11:56:30+08:00][sql] SELECT `is_virtual` FROM `user` WHERE  `id` = 20 LIMIT 1 [ RunTime:0.001068s ]
[2026-08-20T11:56:30+08:00][sql] SHOW FULL COLUMNS FROM `withdraw` [ RunTime:0.004247s ]
[2026-08-20T11:56:30+08:00][sql] SELECT * FROM `withdraw` WHERE  `user_id` = 20 ORDER BY `id` DESC LIMIT 20 [ RunTime:0.001139s ]
[2026-08-20T11:56:30+08:00][sql] SHOW FULL COLUMNS FROM `pay_account` [ RunTime:0.001627s ]
[2026-08-20T11:56:30+08:00][sql] SELECT * FROM `pay_account` WHERE  `user_id` = 20 [ RunTime:0.001028s ]
[2026-08-20T11:56:30+08:00][sql] SELECT * FROM `withdraw` WHERE  `user_id` = 20  AND `status` = 0 LIMIT 1 [ RunTime:0.000998s ]
[2026-08-20T11:57:30+08:00][sql] CONNECT:[ UseTime:0.003107s ] mysql:host=127.0.0.1;port=3306;dbname=auction;charset=utf8mb4
[2026-08-20T11:57:30+08:00][sql] SHOW FULL COLUMNS FROM `goods` [ RunTime:0.002327s ]
[2026-08-20T11:57:30+08:00][sql] SELECT `id` FROM `goods` WHERE  `status` = 1  AND `end_time` <= 1787198250 [ RunTime:0.001292s ]
[2026-08-20T11:57:30+08:00][sql] SHOW FULL COLUMNS FROM `user` [ RunTime:0.002191s ]
[2026-08-20T11:57:30+08:00][sql] SELECT * FROM `user` WHERE  `id` = 20 LIMIT 1 [ RunTime:0.001111s ]
[2026-08-20T11:57:30+08:00][sql] SHOW FULL COLUMNS FROM `setting` [ RunTime:0.001568s ]
[2026-08-20T11:57:30+08:00][sql] SELECT * FROM `setting` [ RunTime:0.000899s ]
[2026-08-20T11:57:30+08:00][sql] SELECT `is_virtual` FROM `user` WHERE  `id` = 20 LIMIT 1 [ RunTime:0.001216s ]
[2026-08-20T11:57:30+08:00][sql] SHOW FULL COLUMNS FROM `withdraw` [ RunTime:0.001856s ]
[2026-08-20T11:57:30+08:00][sql] SELECT * FROM `withdraw` WHERE  `user_id` = 20 ORDER BY `id` DESC LIMIT 20 [ RunTime:0.001415s ]
[2026-08-20T11:57:30+08:00][sql] SHOW FULL COLUMNS FROM `pay_account` [ RunTime:0.001888s ]
[2026-08-20T11:57:30+08:00][sql] SELECT * FROM `pay_account` WHERE  `user_id` = 20 [ RunTime:0.001027s ]
[2026-08-20T11:57:30+08:00][sql] SELECT * FROM `withdraw` WHERE  `user_id` = 20  AND `status` = 0 LIMIT 1 [ RunTime:0.000913s ]
[2026-08-20T11:57:37+08:00][sql] CONNECT:[ UseTime:0.002317s ] mysql:host=127.0.0.1;port=3306;dbname=auction;charset=utf8mb4
[2026-08-20T11:57:37+08:00][sql] SHOW FULL COLUMNS FROM `goods` [ RunTime:0.001709s ]
[2026-08-20T11:57:37+08:00][sql] SELECT `id` FROM `goods` WHERE  `status` = 1  AND `end_time` <= 1787198257 [ RunTime:0.001100s ]
[2026-08-20T11:57:37+08:00][sql] SHOW FULL COLUMNS FROM `user` [ RunTime:0.002155s ]
[2026-08-20T11:57:37+08:00][sql] SELECT * FROM `user` WHERE  `id` = 20 LIMIT 1 [ RunTime:0.000804s ]
[2026-08-20T11:57:37+08:00][sql] SHOW FULL COLUMNS FROM `setting` [ RunTime:0.001568s ]
[2026-08-20T11:57:37+08:00][sql] SELECT * FROM `setting` [ RunTime:0.001062s ]
[2026-08-20T11:57:37+08:00][sql] SHOW FULL COLUMNS FROM `pay_account` [ RunTime:0.001852s ]
[2026-08-20T11:57:37+08:00][sql] SELECT * FROM `pay_account` WHERE  `user_id` = 20 [ RunTime:0.000869s ]
[2026-08-20T11:57:41+08:00][sql] CONNECT:[ UseTime:0.022375s ] mysql:host=127.0.0.1;port=3306;dbname=auction;charset=utf8mb4
[2026-08-20T11:57:41+08:00][sql] SHOW FULL COLUMNS FROM `goods` [ RunTime:0.002654s ]
[2026-08-20T11:57:41+08:00][sql] SELECT `id` FROM `goods` WHERE  `status` = 1  AND `end_time` <= 1787198260 [ RunTime:0.001324s ]
[2026-08-20T11:57:41+08:00][sql] SHOW FULL COLUMNS FROM `user` [ RunTime:0.002371s ]
[2026-08-20T11:57:41+08:00][sql] SELECT * FROM `user` WHERE  `id` = 20 LIMIT 1 [ RunTime:0.004503s ]
[2026-08-20T11:57:41+08:00][sql] SHOW FULL COLUMNS FROM `setting` [ RunTime:0.002179s ]
[2026-08-20T11:57:41+08:00][sql] SELECT * FROM `setting` [ RunTime:0.001046s ]
[2026-08-20T11:57:41+08:00][sql] SELECT `is_virtual` FROM `user` WHERE  `id` = 20 LIMIT 1 [ RunTime:0.001255s ]
[2026-08-20T11:57:51+08:00][sql] CONNECT:[ UseTime:0.019250s ] mysql:host=127.0.0.1;port=3306;dbname=auction;charset=utf8mb4
[2026-08-20T11:57:51+08:00][sql] SHOW FULL COLUMNS FROM `goods` [ RunTime:0.002676s ]
[2026-08-20T11:57:51+08:00][sql] SELECT `id` FROM `goods` WHERE  `status` = 1  AND `end_time` <= 1787198271 [ RunTime:0.001274s ]
[2026-08-20T11:57:51+08:00][sql] SHOW FULL COLUMNS FROM `user` [ RunTime:0.002136s ]
[2026-08-20T11:57:51+08:00][sql] SELECT * FROM `user` WHERE  `id` = 20 LIMIT 1 [ RunTime:0.001102s ]
[2026-08-20T11:57:51+08:00][sql] SHOW FULL COLUMNS FROM `setting` [ RunTime:0.001503s ]
[2026-08-20T11:57:51+08:00][sql] SELECT * FROM `setting` [ RunTime:0.001142s ]
[2026-08-20T11:57:51+08:00][sql] SELECT `is_virtual` FROM `user` WHERE  `id` = 20 LIMIT 1 [ RunTime:0.001010s ]
[2026-08-20T11:57:51+08:00][sql] SHOW FULL COLUMNS FROM `pay_account` [ RunTime:0.004138s ]
[2026-08-20T11:57:51+08:00][sql] SELECT * FROM `pay_account` WHERE  `user_id` = 20  AND `type` = 4 LIMIT 1 [ RunTime:0.000987s ]
[2026-08-20T11:57:51+08:00][sql] SELECT * FROM `user` WHERE  `id` = 20 LIMIT 1   FOR UPDATE [ RunTime:0.000950s ]
[2026-08-20T11:57:51+08:00][sql] SHOW FULL COLUMNS FROM `withdraw` [ RunTime:0.003624s ]
[2026-08-20T11:57:51+08:00][sql] SELECT * FROM `withdraw` WHERE  `user_id` = 20  AND `status` = 0 LIMIT 1 [ RunTime:0.001132s ]
[2026-08-20T11:57:51+08:00][sql] UPDATE `user`  SET `balance` = '4290' , `update_time` = 1787198271  WHERE  `id` = 20 [ RunTime:0.001133s ]
[2026-08-20T11:57:51+08:00][sql] INSERT INTO `withdraw` SET `user_id` = 20 , `amount` = '1000' , `fee` = '10' , `account_type` = 4 , `account` = '111111111111' , `account_name` = '' , `bank_name` = 'trc20' , `qr_code` = '' , `status` = 0 , `create_time` = 1787198271 , `update_time` = 1787198271 [ RunTime:0.001206s ]
[2026-08-20T11:57:51+08:00][sql] SELECT `id`,`is_virtual` FROM `user` WHERE  `id` = 20 LIMIT 1 [ RunTime:0.001048s ]
[2026-08-20T11:57:51+08:00][sql] SHOW FULL COLUMNS FROM `balance_log` [ RunTime:0.002170s ]
[2026-08-20T11:57:51+08:00][sql] INSERT INTO `balance_log` SET `user_id` = 20 , `type` = 'withdraw' , `amount` = '-1000' , `balance` = '4290' , `remark` = '提现申请冻结：1000元' , `create_time` = 1787198271 [ RunTime:0.001082s ]
[2026-08-20T11:57:52+08:00][sql] CONNECT:[ UseTime:0.005438s ] mysql:host=127.0.0.1;port=3306;dbname=auction;charset=utf8mb4
[2026-08-20T11:57:52+08:00][sql] SHOW FULL COLUMNS FROM `goods` [ RunTime:0.002444s ]
[2026-08-20T11:57:52+08:00][sql] SELECT `id` FROM `goods` WHERE  `status` = 1  AND `end_time` <= 1787198272 [ RunTime:0.001273s ]
[2026-08-20T11:57:52+08:00][sql] SHOW FULL COLUMNS FROM `user` [ RunTime:0.002179s ]
[2026-08-20T11:57:52+08:00][sql] SELECT * FROM `user` WHERE  `id` = 20 LIMIT 1 [ RunTime:0.001213s ]
[2026-08-20T11:57:52+08:00][sql] SHOW FULL COLUMNS FROM `setting` [ RunTime:0.001552s ]
[2026-08-20T11:57:52+08:00][sql] SELECT * FROM `setting` [ RunTime:0.000885s ]
[2026-08-20T11:57:52+08:00][sql] SELECT `is_virtual` FROM `user` WHERE  `id` = 20 LIMIT 1 [ RunTime:0.001068s ]
[2026-08-20T11:57:52+08:00][sql] SHOW FULL COLUMNS FROM `withdraw` [ RunTime:0.003806s ]
[2026-08-20T11:57:52+08:00][sql] SELECT * FROM `withdraw` WHERE  `user_id` = 20 ORDER BY `id` DESC LIMIT 20 [ RunTime:0.001308s ]
[2026-08-20T11:57:52+08:00][sql] SHOW FULL COLUMNS FROM `pay_account` [ RunTime:0.001770s ]
[2026-08-20T11:57:52+08:00][sql] SELECT * FROM `pay_account` WHERE  `user_id` = 20 [ RunTime:0.000927s ]
[2026-08-20T11:57:52+08:00][sql] SELECT * FROM `withdraw` WHERE  `user_id` = 20  AND `status` = 0 LIMIT 1 [ RunTime:0.001005s ]
[2026-08-20T11:58:26+08:00][sql] CONNECT:[ UseTime:0.007500s ] mysql:host=127.0.0.1;port=3306;dbname=auction;charset=utf8mb4
[2026-08-20T11:58:26+08:00][sql] SHOW FULL COLUMNS FROM `goods` [ RunTime:0.002251s ]
[2026-08-20T11:58:26+08:00][sql] SELECT `id` FROM `goods` WHERE  `status` = 1  AND `end_time` <= 1787198306 [ RunTime:0.001047s ]
[2026-08-20T11:58:26+08:00][sql] SHOW FULL COLUMNS FROM `user` [ RunTime:0.002048s ]
[2026-08-20T11:58:26+08:00][sql] SELECT * FROM `user` WHERE  `id` = 20 LIMIT 1 [ RunTime:0.001031s ]
[2026-08-20T11:58:26+08:00][sql] SHOW FULL COLUMNS FROM `setting` [ RunTime:0.001548s ]
[2026-08-20T11:58:26+08:00][sql] SELECT * FROM `setting` [ RunTime:0.000845s ]
[2026-08-20T11:58:26+08:00][sql] SHOW FULL COLUMNS FROM `category` [ RunTime:0.002000s ]
[2026-08-20T11:58:26+08:00][sql] SELECT * FROM `category` WHERE  `status` = 1 ORDER BY `sort` ASC [ RunTime:0.001110s ]
[2026-08-20T11:58:26+08:00][sql] SELECT `value` FROM `setting` WHERE  `name` = 'publish_protocol' LIMIT 1 [ RunTime:0.001038s ]
[2026-08-20T12:00:20+08:00][sql] CONNECT:[ UseTime:0.012116s ] mysql:host=127.0.0.1;port=3306;dbname=auction;charset=utf8mb4
[2026-08-20T12:00:20+08:00][sql] SHOW FULL COLUMNS FROM `goods` [ RunTime:0.001862s ]
[2026-08-20T12:00:20+08:00][sql] SELECT `id` FROM `goods` WHERE  `status` = 1  AND `end_time` <= 1787198419 [ RunTime:0.000895s ]
[2026-08-20T12:00:20+08:00][sql] SHOW FULL COLUMNS FROM `user` [ RunTime:0.001584s ]
[2026-08-20T12:00:20+08:00][sql] SELECT * FROM `user` WHERE  `id` = 20 LIMIT 1 [ RunTime:0.000973s ]
[2026-08-20T12:00:20+08:00][sql] SHOW FULL COLUMNS FROM `setting` [ RunTime:0.001347s ]
[2026-08-20T12:00:20+08:00][sql] SELECT * FROM `setting` [ RunTime:0.000849s ]
[2026-08-20T12:00:20+08:00][sql] SHOW FULL COLUMNS FROM `bid_record` [ RunTime:0.001886s ]
[2026-08-20T12:00:20+08:00][sql] SELECT COUNT(*) AS think_count FROM `bid_record` WHERE  `user_id` = 20 [ RunTime:0.001496s ]
[2026-08-20T12:00:20+08:00][sql] SHOW FULL COLUMNS FROM `order` [ RunTime:0.002300s ]
[2026-08-20T12:00:20+08:00][sql] SELECT COUNT(*) AS think_count FROM `order` WHERE  `buyer_id` = 20  AND `pay_status` = 1 [ RunTime:0.000990s ]
[2026-08-20T12:00:20+08:00][sql] SELECT COUNT(*) AS think_count FROM `goods` WHERE  `seller_id` = 20  AND `status` = 2 [ RunTime:0.003799s ]
[2026-08-20T12:00:20+08:00][sql] SELECT COUNT(*) AS think_count FROM `goods` WHERE  `seller_id` = 20 [ RunTime:0.001080s ]
[2026-08-20T12:00:20+08:00][sql] SELECT COUNT(*) AS think_count FROM `order` WHERE  `buyer_id` = 20  AND `pay_status` = 0  AND `order_status` = 0 [ RunTime:0.001043s ]
[2026-08-20T12:00:20+08:00][sql] SELECT COUNT(*) AS think_count FROM `order` WHERE  `seller_id` = 20  AND `order_status` = 1 [ RunTime:0.001127s ]
[2026-08-20T12:00:20+08:00][sql] SELECT COUNT(*) AS think_count FROM `order` WHERE  `buyer_id` = 20  AND `order_status` = 0  AND `pay_status` = 0 [ RunTime:0.001543s ]
[2026-08-20T12:00:20+08:00][sql] SELECT COUNT(*) AS think_count FROM `order` WHERE  `buyer_id` = 20  AND `order_status` = 1 [ RunTime:0.001666s ]
[2026-08-20T12:00:20+08:00][sql] SELECT COUNT(*) AS think_count FROM `order` WHERE  `buyer_id` = 20  AND `order_status` = 2 [ RunTime:0.001321s ]
[2026-08-20T12:00:20+08:00][sql] SELECT COUNT(*) AS think_count FROM `order` WHERE  `buyer_id` = 20  AND `order_status` = 3 [ RunTime:0.001150s ]
[2026-08-20T12:00:20+08:00][sql] SELECT COUNT(*) AS think_count FROM `order` WHERE  `seller_id` = 20  AND `order_status` = 1 [ RunTime:0.001245s ]
[2026-08-20T12:00:20+08:00][sql] SHOW FULL COLUMNS FROM `goods_favorite` [ RunTime:0.001869s ]
[2026-08-20T12:00:20+08:00][sql] SELECT COUNT(*) AS think_count FROM `goods_favorite` WHERE  `user_id` = 20 [ RunTime:0.001043s ]
[2026-08-20T12:00:20+08:00][sql] SHOW FULL COLUMNS FROM `seller_follow` [ RunTime:0.001635s ]
[2026-08-20T12:00:20+08:00][sql] SELECT COUNT(*) AS think_count FROM `seller_follow` WHERE  `user_id` = 20 [ RunTime:0.001023s ]
[2026-08-20T12:00:20+08:00][sql] SHOW FULL COLUMNS FROM `browse_history` [ RunTime:0.002023s ]
[2026-08-20T12:00:20+08:00][sql] SELECT COUNT(*) AS think_count FROM `browse_history` WHERE  `user_id` = 20 [ RunTime:0.003223s ]
[2026-08-20T12:00:20+08:00][sql] SHOW FULL COLUMNS FROM `sys_message` [ RunTime:0.002127s ]
[2026-08-20T12:00:20+08:00][sql] SELECT COUNT(*) AS think_count FROM `sys_message` WHERE  `user_id` = 20  AND `is_read` = 0 [ RunTime:0.001296s ]
[2026-08-20T12:00:20+08:00][sql] SHOW FULL COLUMNS FROM `balance_log` [ RunTime:0.001778s ]
[2026-08-20T12:00:20+08:00][sql] SELECT * FROM `balance_log` WHERE  `user_id` = 20 ORDER BY `id` DESC LIMIT 5 [ RunTime:0.001320s ]
[2026-08-20T12:00:20+08:00][sql] SELECT `b`.*,`g`.`title`,`g`.`cover`,g.status as goods_status,`g`.`end_time` FROM `bid_record` `b` LEFT JOIN `goods` `g` ON `b`.`goods_id`=`g`.`id` WHERE  `b`.`user_id` = '20' ORDER BY `b`.`id` DESC LIMIT 5 [ RunTime:0.001239s ]
[2026-08-20T12:00:20+08:00][sql] SELECT `id`,`nickname`,`mobile`,`reg_time` FROM `user` WHERE  `pid` = 20 ORDER BY `id` DESC LIMIT 10 [ RunTime:0.001012s ]
[2026-08-20T12:00:20+08:00][sql] SELECT `value` FROM `setting` WHERE  `name` = 'service_link' LIMIT 1 [ RunTime:0.000870s ]
[2026-08-20T12:00:20+08:00][sql] SELECT `is_virtual` FROM `user` WHERE  `id` = 20 LIMIT 1 [ RunTime:0.000545s ]
[2026-08-20T12:00:22+08:00][sql] CONNECT:[ UseTime:0.013543s ] mysql:host=127.0.0.1;port=3306;dbname=auction;charset=utf8mb4
[2026-08-20T12:00:22+08:00][sql] SHOW FULL COLUMNS FROM `goods` [ RunTime:0.002266s ]
[2026-08-20T12:00:22+08:00][sql] SELECT `id` FROM `goods` WHERE  `status` = 1  AND `end_time` <= 1787198422 [ RunTime:0.000676s ]
[2026-08-20T12:00:22+08:00][sql] SHOW FULL COLUMNS FROM `user` [ RunTime:0.001171s ]
[2026-08-20T12:00:22+08:00][sql] SELECT * FROM `user` WHERE  `id` = 20 LIMIT 1 [ RunTime:0.000817s ]
[2026-08-20T12:00:22+08:00][sql] SHOW FULL COLUMNS FROM `setting` [ RunTime:0.001425s ]
[2026-08-20T12:00:22+08:00][sql] SELECT * FROM `setting` [ RunTime:0.000928s ]
[2026-08-20T12:00:22+08:00][sql] SHOW FULL COLUMNS FROM `category` [ RunTime:0.002268s ]
[2026-08-20T12:00:22+08:00][sql] SELECT * FROM `category` WHERE  `status` = 1 ORDER BY `sort` ASC [ RunTime:0.001415s ]
[2026-08-20T12:00:22+08:00][sql] SELECT `value` FROM `setting` WHERE  `name` = 'publish_protocol' LIMIT 1 [ RunTime:0.001118s ]
[2026-08-20T12:01:10+08:00][sql] CONNECT:[ UseTime:0.002096s ] mysql:host=127.0.0.1;port=3306;dbname=auction;charset=utf8mb4
[2026-08-20T12:01:10+08:00][sql] SHOW FULL COLUMNS FROM `goods` [ RunTime:0.001508s ]
[2026-08-20T12:01:10+08:00][sql] SELECT `id` FROM `goods` WHERE  `status` = 1  AND `end_time` <= 1787198470 [ RunTime:0.000746s ]
[2026-08-20T12:01:10+08:00][sql] SHOW FULL COLUMNS FROM `user` [ RunTime:0.001381s ]
[2026-08-20T12:01:10+08:00][sql] SELECT * FROM `user` WHERE  `id` = 20 LIMIT 1 [ RunTime:0.000810s ]
[2026-08-20T12:01:10+08:00][sql] SHOW FULL COLUMNS FROM `setting` [ RunTime:0.001079s ]
[2026-08-20T12:01:10+08:00][sql] SELECT * FROM `setting` [ RunTime:0.000657s ]
[2026-08-20T12:01:19+08:00][sql] CONNECT:[ UseTime:0.014108s ] mysql:host=127.0.0.1;port=3306;dbname=auction;charset=utf8mb4
[2026-08-20T12:01:19+08:00][sql] SHOW FULL COLUMNS FROM `goods` [ RunTime:0.001910s ]
[2026-08-20T12:01:19+08:00][sql] SELECT `id` FROM `goods` WHERE  `status` = 1  AND `end_time` <= 1787198479 [ RunTime:0.000756s ]
[2026-08-20T12:01:19+08:00][sql] SHOW FULL COLUMNS FROM `user` [ RunTime:0.001449s ]
[2026-08-20T12:01:19+08:00][sql] SELECT * FROM `user` WHERE  `id` = 20 LIMIT 1 [ RunTime:0.000828s ]
[2026-08-20T12:01:19+08:00][sql] SHOW FULL COLUMNS FROM `setting` [ RunTime:0.001150s ]
[2026-08-20T12:01:19+08:00][sql] SELECT * FROM `setting` [ RunTime:0.000642s ]
[2026-08-20T12:01:23+08:00][sql] CONNECT:[ UseTime:0.002315s ] mysql:host=127.0.0.1;port=3306;dbname=auction;charset=utf8mb4
[2026-08-20T12:01:23+08:00][sql] SHOW FULL COLUMNS FROM `goods` [ RunTime:0.001480s ]
[2026-08-20T12:01:23+08:00][sql] SELECT `id` FROM `goods` WHERE  `status` = 1  AND `end_time` <= 1787198483 [ RunTime:0.000773s ]
[2026-08-20T12:01:23+08:00][sql] SHOW FULL COLUMNS FROM `user` [ RunTime:0.001417s ]
[2026-08-20T12:01:23+08:00][sql] SELECT * FROM `user` WHERE  `id` = 20 LIMIT 1 [ RunTime:0.000799s ]
[2026-08-20T12:01:23+08:00][sql] SHOW FULL COLUMNS FROM `setting` [ RunTime:0.001111s ]
[2026-08-20T12:01:23+08:00][sql] SELECT * FROM `setting` [ RunTime:0.000639s ]
[2026-08-20T12:01:27+08:00][sql] CONNECT:[ UseTime:0.001959s ] mysql:host=127.0.0.1;port=3306;dbname=auction;charset=utf8mb4
[2026-08-20T12:01:27+08:00][sql] SHOW FULL COLUMNS FROM `goods` [ RunTime:0.001195s ]
[2026-08-20T12:01:27+08:00][sql] SELECT `id` FROM `goods` WHERE  `status` = 1  AND `end_time` <= 1787198487 [ RunTime:0.000808s ]
[2026-08-20T12:01:27+08:00][sql] SHOW FULL COLUMNS FROM `user` [ RunTime:0.001431s ]
[2026-08-20T12:01:27+08:00][sql] SELECT * FROM `user` WHERE  `id` = 20 LIMIT 1 [ RunTime:0.000829s ]
[2026-08-20T12:01:27+08:00][sql] SHOW FULL COLUMNS FROM `setting` [ RunTime:0.001090s ]
[2026-08-20T12:01:27+08:00][sql] SELECT * FROM `setting` [ RunTime:0.000548s ]
[2026-08-20T12:01:35+08:00][sql] CONNECT:[ UseTime:0.016096s ] mysql:host=127.0.0.1;port=3306;dbname=auction;charset=utf8mb4
[2026-08-20T12:01:35+08:00][sql] SHOW FULL COLUMNS FROM `goods` [ RunTime:0.002422s ]
[2026-08-20T12:01:35+08:00][sql] SELECT `id` FROM `goods` WHERE  `status` = 1  AND `end_time` <= 1787198495 [ RunTime:0.001231s ]
[2026-08-20T12:01:35+08:00][sql] SHOW FULL COLUMNS FROM `user` [ RunTime:0.002277s ]
[2026-08-20T12:01:35+08:00][sql] SELECT * FROM `user` WHERE  `id` = 20 LIMIT 1 [ RunTime:0.001282s ]
[2026-08-20T12:01:35+08:00][sql] SHOW FULL COLUMNS FROM `setting` [ RunTime:0.001641s ]
[2026-08-20T12:01:35+08:00][sql] SELECT * FROM `setting` [ RunTime:0.000878s ]
[2026-08-20T12:01:35+08:00][sql] INSERT INTO `goods` SET `seller_id` = 20 , `category_id` = 1 , `title` = '测试测试' , `cover` = '/uploads/20260820/120110_5618.png' , `images` = '[\"\\/uploads\\/20260820\\/120110_5618.png\",\"\\/uploads\\/20260820\\/120119_1330.png\",\"\\/uploads\\/20260820\\/120123_8667.jpeg\",\"\\/uploads\\/20260820\\/120127_9605.png\"]' , `content` = '1111' , `start_price` = '100' , `raise_price` = '100' , `reserve_price` = '0' , `deposit` = '100' , `commission_rate` = '0' , `start_time` = 1787198495 , `end_time` = 1787198580 , `delay_seconds` = 0 , `is_free_shipping` = 0 , `is_featured` = 0 , `status` = 0 , `create_time` = 1787198495 , `update_time` = 1787198495 [ RunTime:0.005320s ]
[2026-08-20T12:01:36+08:00][sql] CONNECT:[ UseTime:0.012218s ] mysql:host=127.0.0.1;port=3306;dbname=auction;charset=utf8mb4
[2026-08-20T12:01:36+08:00][sql] SHOW FULL COLUMNS FROM `goods` [ RunTime:0.001843s ]
[2026-08-20T12:01:36+08:00][sql] SELECT `id` FROM `goods` WHERE  `status` = 1  AND `end_time` <= 1787198495 [ RunTime:0.000963s ]
[2026-08-20T12:01:36+08:00][sql] SHOW FULL COLUMNS FROM `user` [ RunTime:0.001527s ]
[2026-08-20T12:01:36+08:00][sql] SELECT * FROM `user` WHERE  `id` = 20 LIMIT 1 [ RunTime:0.000871s ]
[2026-08-20T12:01:36+08:00][sql] SHOW FULL COLUMNS FROM `setting` [ RunTime:0.001211s ]
[2026-08-20T12:01:36+08:00][sql] SELECT * FROM `setting` [ RunTime:0.000625s ]
[2026-08-20T12:01:36+08:00][sql] SELECT COUNT(*) AS think_count FROM `goods` WHERE  `seller_id` = 20 [ RunTime:0.000880s ]
[2026-08-20T12:01:36+08:00][sql] SELECT * FROM `goods` WHERE  `seller_id` = 20 ORDER BY `id` DESC LIMIT 0,10 [ RunTime:0.001052s ]
[2026-08-20T12:01:36+08:00][sql] SHOW FULL COLUMNS FROM `bid_record` [ RunTime:0.001723s ]
[2026-08-20T12:01:36+08:00][sql] SELECT MAX(`price`) AS think_max FROM `bid_record` WHERE  `goods_id` = 37  AND `status` = 0 [ RunTime:0.000820s ]
[2026-08-20T12:01:36+08:00][sql] SELECT MAX(`price`) AS think_max FROM `bid_record` WHERE  `goods_id` = 35  AND `status` = 0 [ RunTime:0.000602s ]
[2026-08-20T12:01:36+08:00][sql] SELECT MAX(`price`) AS think_max FROM `bid_record` WHERE  `goods_id` = 34  AND `status` = 0 [ RunTime:0.000585s ]
[2026-08-20T12:01:36+08:00][sql] SELECT MAX(`price`) AS think_max FROM `bid_record` WHERE  `goods_id` = 28  AND `status` = 0 [ RunTime:0.000810s ]
[2026-08-20T12:01:36+08:00][sql] SELECT MAX(`price`) AS think_max FROM `bid_record` WHERE  `goods_id` = 26  AND `status` = 0 [ RunTime:0.000821s ]
[2026-08-20T12:01:49+08:00][sql] CONNECT:[ UseTime:0.025749s ] mysql:host=127.0.0.1;port=3306;dbname=auction;charset=utf8mb4
[2026-08-20T12:01:49+08:00][sql] SHOW FULL COLUMNS FROM `goods` [ RunTime:0.002372s ]
[2026-08-20T12:01:49+08:00][sql] SELECT `id` FROM `goods` WHERE  `status` = 1  AND `end_time` <= 1787198508 [ RunTime:0.000724s ]
[2026-08-20T12:01:49+08:00][sql] SHOW FULL COLUMNS FROM `user` [ RunTime:0.001944s ]
[2026-08-20T12:01:49+08:00][sql] SELECT * FROM `user` WHERE  `id` = 20 LIMIT 1 [ RunTime:0.001086s ]
[2026-08-20T12:01:49+08:00][sql] SHOW FULL COLUMNS FROM `setting` [ RunTime:0.001078s ]
[2026-08-20T12:01:49+08:00][sql] SELECT * FROM `setting` [ RunTime:0.000921s ]
[2026-08-20T12:01:49+08:00][sql] SELECT COUNT(*) AS think_count FROM `goods` `g` LEFT JOIN `user` `u` ON `g`.`seller_id`=`u`.`id` WHERE  `g`.`status` = '1'  AND `g`.`start_time` <= '1787198508'  AND `g`.`end_time` > '1787198508' [ RunTime:0.001459s ]
[2026-08-20T12:01:49+08:00][sql] SELECT `g`.*,u.nickname as seller_name FROM `goods` `g` LEFT JOIN `user` `u` ON `g`.`seller_id`=`u`.`id` WHERE  `g`.`status` = '1'  AND `g`.`start_time` <= '1787198508'  AND `g`.`end_time` > '1787198508' ORDER BY `g`.`end_time` ASC,`g`.`id` DESC LIMIT 0,10 [ RunTime:0.001509s ]
[2026-08-20T12:01:49+08:00][sql] SHOW FULL COLUMNS FROM `bid_record` [ RunTime:0.002069s ]
[2026-08-20T12:01:49+08:00][sql] SELECT MAX(`price`) AS think_max FROM `bid_record` WHERE  `goods_id` = 37  AND `status` = 0 [ RunTime:0.001223s ]
[2026-08-20T12:01:49+08:00][sql] SELECT MAX(`price`) AS think_max FROM `bid_record` WHERE  `goods_id` = 36  AND `status` = 0 [ RunTime:0.001231s ]
[2026-08-20T12:01:49+08:00][sql] SHOW FULL COLUMNS FROM `category` [ RunTime:0.002175s ]
[2026-08-20T12:01:49+08:00][sql] SELECT * FROM `category` WHERE  `status` = 1 ORDER BY `sort` ASC [ RunTime:0.001365s ]
[2026-08-20T12:01:49+08:00][sql] SELECT `b`.`price`,`b`.`create_time`,`g`.`title`,`u`.`nickname` FROM `bid_record` `b` LEFT JOIN `goods` `g` ON `b`.`goods_id`=`g`.`id` LEFT JOIN `user` `u` ON `b`.`user_id`=`u`.`id` WHERE  `b`.`status` = '1' ORDER BY `b`.`id` DESC LIMIT 5 [ RunTime:0.001456s ]
[2026-08-20T12:01:49+08:00][sql] SHOW FULL COLUMNS FROM `news` [ RunTime:0.002066s ]
[2026-08-20T12:01:49+08:00][sql] SELECT `id`,`title`,`create_time` FROM `news` WHERE  `status` = 1 ORDER BY `id` DESC LIMIT 3 [ RunTime:0.001218s ]
[2026-08-20T12:01:49+08:00][sql] SHOW FULL COLUMNS FROM `banner` [ RunTime:0.004094s ]
[2026-08-20T12:01:49+08:00][sql] SELECT * FROM `banner` WHERE  `status` = 1 ORDER BY `sort` ASC,`id` ASC [ RunTime:0.002413s ]
[2026-08-20T12:01:51+08:00][sql] CONNECT:[ UseTime:0.002002s ] mysql:host=127.0.0.1;port=3306;dbname=auction;charset=utf8mb4
[2026-08-20T12:01:51+08:00][sql] SHOW FULL COLUMNS FROM `goods` [ RunTime:0.001595s ]
[2026-08-20T12:01:51+08:00][sql] SELECT `id` FROM `goods` WHERE  `status` = 1  AND `end_time` <= 1787198511 [ RunTime:0.000877s ]
[2026-08-20T12:01:51+08:00][sql] SHOW FULL COLUMNS FROM `user` [ RunTime:0.001829s ]
[2026-08-20T12:01:51+08:00][sql] SELECT * FROM `user` WHERE  `id` = 20 LIMIT 1 [ RunTime:0.001016s ]
[2026-08-20T12:01:51+08:00][sql] SHOW FULL COLUMNS FROM `setting` [ RunTime:0.001398s ]
[2026-08-20T12:01:51+08:00][sql] SELECT * FROM `setting` [ RunTime:0.000868s ]
[2026-08-20T12:01:51+08:00][sql] SELECT `g`.*,u.nickname as seller_name,u.shop_name as seller_shop,u.avatar as seller_avatar,`u`.`seller_intro`,u.deposit as seller_deposit,`u`.`shop_score`,`u`.`fans_count`,c.name as category_name FROM `goods` `g` LEFT JOIN `user` `u` ON `g`.`seller_id`=`u`.`id` LEFT JOIN `category` `c` ON `g`.`category_id`=`c`.`id` WHERE  `g`.`id` = '37' LIMIT 1 [ RunTime:0.001393s ]
[2026-08-20T12:01:51+08:00][sql] UPDATE `goods`  SET `view_count` = `view_count` + 1  WHERE  `id` = 37 [ RunTime:0.005450s ]
[2026-08-20T12:01:51+08:00][sql] SHOW FULL COLUMNS FROM `bid_record` [ RunTime:0.001839s ]
[2026-08-20T12:01:51+08:00][sql] SELECT `b`.*,`u`.`nickname`,`u`.`mobile` FROM `bid_record` `b` LEFT JOIN `user` `u` ON `b`.`user_id`=`u`.`id` WHERE  `b`.`goods_id` = '37'  AND `b`.`status` = '0' ORDER BY `b`.`price` DESC,`b`.`id` ASC LIMIT 1 [ RunTime:0.001138s ]
[2026-08-20T12:01:51+08:00][sql] SELECT `b`.*,`u`.`nickname`,`u`.`mobile` FROM `bid_record` `b` LEFT JOIN `user` `u` ON `b`.`user_id`=`u`.`id` WHERE  `b`.`goods_id` = '37' ORDER BY `b`.`price` DESC,`b`.`id` ASC LIMIT 50 [ RunTime:0.001064s ]
[2026-08-20T12:01:51+08:00][sql] SELECT MAX(`price`) AS think_max FROM `bid_record` WHERE  `goods_id` = 37  AND `user_id` = 20  AND `status` = 0 [ RunTime:0.000933s ]
[2026-08-20T12:01:51+08:00][sql] SELECT MAX(`deposit`) AS think_max FROM `bid_record` WHERE  `goods_id` = 37  AND `user_id` = 20  AND `deposit` > '0' [ RunTime:0.001142s ]
[2026-08-20T12:01:51+08:00][sql] SHOW FULL COLUMNS FROM `browse_history` [ RunTime:0.001916s ]
[2026-08-20T12:01:51+08:00][sql] REPLACE INTO `browse_history` SET `user_id` = 20 , `goods_id` = 37 , `create_time` = 1787198511 [ RunTime:0.001930s ]
[2026-08-20T12:01:51+08:00][sql] SHOW FULL COLUMNS FROM `goods_favorite` [ RunTime:0.002009s ]
[2026-08-20T12:01:51+08:00][sql] SELECT COUNT(*) AS think_count FROM `goods_favorite` WHERE  `user_id` = 20  AND `goods_id` = 37 [ RunTime:0.001152s ]
[2026-08-20T12:01:51+08:00][sql] SHOW FULL COLUMNS FROM `seller_follow` [ RunTime:0.001963s ]
[2026-08-20T12:01:51+08:00][sql] SELECT COUNT(*) AS think_count FROM `seller_follow` WHERE  `user_id` = 20  AND `seller_id` = 20 [ RunTime:0.001104s ]
[2026-08-20T12:02:37+08:00][sql] CONNECT:[ UseTime:0.007966s ] mysql:host=127.0.0.1;port=3306;dbname=auction;charset=utf8mb4
[2026-08-20T12:02:37+08:00][sql] SHOW FULL COLUMNS FROM `goods` [ RunTime:0.001618s ]
[2026-08-20T12:02:37+08:00][sql] SELECT `id` FROM `goods` WHERE  `status` = 1  AND `end_time` <= 1787198557 [ RunTime:0.000886s ]
[2026-08-20T12:02:37+08:00][sql] SHOW FULL COLUMNS FROM `user` [ RunTime:0.001483s ]
[2026-08-20T12:02:37+08:00][sql] SELECT * FROM `user` WHERE  `id` = 20 LIMIT 1 [ RunTime:0.000798s ]
[2026-08-20T12:02:37+08:00][sql] SHOW FULL COLUMNS FROM `setting` [ RunTime:0.001062s ]
[2026-08-20T12:02:37+08:00][sql] SELECT * FROM `setting` [ RunTime:0.000614s ]
[2026-08-20T12:02:37+08:00][sql] SELECT `g`.*,u.nickname as seller_name,u.shop_name as seller_shop,u.avatar as seller_avatar,`u`.`seller_intro`,u.deposit as seller_deposit,`u`.`shop_score`,`u`.`fans_count`,c.name as category_name FROM `goods` `g` LEFT JOIN `user` `u` ON `g`.`seller_id`=`u`.`id` LEFT JOIN `category` `c` ON `g`.`category_id`=`c`.`id` WHERE  `g`.`id` = '37' LIMIT 1 [ RunTime:0.000822s ]
[2026-08-20T12:02:37+08:00][sql] UPDATE `goods`  SET `view_count` = `view_count` + 1  WHERE  `id` = 37 [ RunTime:0.001348s ]
[2026-08-20T12:02:37+08:00][sql] SHOW FULL COLUMNS FROM `bid_record` [ RunTime:0.000924s ]
[2026-08-20T12:02:37+08:00][sql] SELECT `b`.*,`u`.`nickname`,`u`.`mobile` FROM `bid_record` `b` LEFT JOIN `user` `u` ON `b`.`user_id`=`u`.`id` WHERE  `b`.`goods_id` = '37'  AND `b`.`status` = '0' ORDER BY `b`.`price` DESC,`b`.`id` ASC LIMIT 1 [ RunTime:0.000826s ]
[2026-08-20T12:02:37+08:00][sql] SELECT `b`.*,`u`.`nickname`,`u`.`mobile` FROM `bid_record` `b` LEFT JOIN `user` `u` ON `b`.`user_id`=`u`.`id` WHERE  `b`.`goods_id` = '37' ORDER BY `b`.`price` DESC,`b`.`id` ASC LIMIT 50 [ RunTime:0.000626s ]
[2026-08-20T12:02:37+08:00][sql] SELECT MAX(`price`) AS think_max FROM `bid_record` WHERE  `goods_id` = 37  AND `user_id` = 20  AND `status` = 0 [ RunTime:0.003575s ]
[2026-08-20T12:02:37+08:00][sql] SELECT MAX(`deposit`) AS think_max FROM `bid_record` WHERE  `goods_id` = 37  AND `user_id` = 20  AND `deposit` > '0' [ RunTime:0.003633s ]
[2026-08-20T12:02:37+08:00][sql] SHOW FULL COLUMNS FROM `browse_history` [ RunTime:0.001182s ]
[2026-08-20T12:02:37+08:00][sql] REPLACE INTO `browse_history` SET `user_id` = 20 , `goods_id` = 37 , `create_time` = 1787198557 [ RunTime:0.001587s ]
[2026-08-20T12:02:37+08:00][sql] SHOW FULL COLUMNS FROM `goods_favorite` [ RunTime:0.001170s ]
[2026-08-20T12:02:37+08:00][sql] SELECT COUNT(*) AS think_count FROM `goods_favorite` WHERE  `user_id` = 20  AND `goods_id` = 37 [ RunTime:0.000717s ]
[2026-08-20T12:02:37+08:00][sql] SHOW FULL COLUMNS FROM `seller_follow` [ RunTime:0.001083s ]
[2026-08-20T12:02:37+08:00][sql] SELECT COUNT(*) AS think_count FROM `seller_follow` WHERE  `user_id` = 20  AND `seller_id` = 20 [ RunTime:0.000798s ]
[2026-08-20T12:02:44+08:00][sql] CONNECT:[ UseTime:0.018847s ] mysql:host=127.0.0.1;port=3306;dbname=auction;charset=utf8mb4
[2026-08-20T12:02:44+08:00][sql] SHOW FULL COLUMNS FROM `goods` [ RunTime:0.002455s ]
[2026-08-20T12:02:44+08:00][sql] SELECT `id` FROM `goods` WHERE  `status` = 1  AND `end_time` <= 1787198564 [ RunTime:0.000847s ]
[2026-08-20T12:02:44+08:00][sql] SHOW FULL COLUMNS FROM `setting` [ RunTime:0.001503s ]
[2026-08-20T12:02:44+08:00][sql] SELECT * FROM `setting` [ RunTime:0.001052s ]
[2026-08-20T12:02:45+08:00][sql] CONNECT:[ UseTime:0.011817s ] mysql:host=127.0.0.1;port=3306;dbname=auction;charset=utf8mb4
[2026-08-20T12:02:45+08:00][sql] SHOW FULL COLUMNS FROM `goods` [ RunTime:0.001625s ]
[2026-08-20T12:02:45+08:00][sql] SELECT `id` FROM `goods` WHERE  `status` = 1  AND `end_time` <= 1787198564 [ RunTime:0.000854s ]
[2026-08-20T12:02:45+08:00][sql] SHOW FULL COLUMNS FROM `setting` [ RunTime:0.001179s ]
[2026-08-20T12:02:45+08:00][sql] SELECT * FROM `setting` [ RunTime:0.000668s ]
[2026-08-20T12:02:58+08:00][sql] CONNECT:[ UseTime:0.013090s ] mysql:host=127.0.0.1;port=3306;dbname=auction;charset=utf8mb4
[2026-08-20T12:02:58+08:00][sql] SHOW FULL COLUMNS FROM `goods` [ RunTime:0.002517s ]
[2026-08-20T12:02:58+08:00][sql] SELECT `id` FROM `goods` WHERE  `status` = 1  AND `end_time` <= 1787198578 [ RunTime:0.001239s ]
[2026-08-20T12:02:58+08:00][sql] SHOW FULL COLUMNS FROM `setting` [ RunTime:0.001740s ]
[2026-08-20T12:02:58+08:00][sql] SELECT * FROM `setting` [ RunTime:0.000954s ]
[2026-08-20T12:02:58+08:00][sql] SHOW FULL COLUMNS FROM `user` [ RunTime:0.001946s ]
[2026-08-20T12:02:58+08:00][sql] SELECT * FROM `user` WHERE  `mobile` = '13558888888' LIMIT 1 [ RunTime:0.001237s ]
[2026-08-20T12:02:58+08:00][sql] UPDATE `user`  SET `last_login_time` = 1787198578 , `update_time` = 1787198578  WHERE  `id` = 28 [ RunTime:0.002358s ]
[2026-08-20T12:02:58+08:00][sql] CONNECT:[ UseTime:0.010003s ] mysql:host=127.0.0.1;port=3306;dbname=auction;charset=utf8mb4
[2026-08-20T12:02:58+08:00][sql] SHOW FULL COLUMNS FROM `goods` [ RunTime:0.002551s ]
[2026-08-20T12:02:58+08:00][sql] SELECT `id` FROM `goods` WHERE  `status` = 1  AND `end_time` <= 1787198578 [ RunTime:0.001223s ]
[2026-08-20T12:02:58+08:00][sql] SHOW FULL COLUMNS FROM `user` [ RunTime:0.001988s ]
[2026-08-20T12:02:58+08:00][sql] SELECT * FROM `user` WHERE  `id` = 28 LIMIT 1 [ RunTime:0.001193s ]
[2026-08-20T12:02:58+08:00][sql] SHOW FULL COLUMNS FROM `setting` [ RunTime:0.001670s ]
[2026-08-20T12:02:58+08:00][sql] SELECT * FROM `setting` [ RunTime:0.000906s ]
[2026-08-20T12:02:58+08:00][sql] SHOW FULL COLUMNS FROM `bid_record` [ RunTime:0.002642s ]
[2026-08-20T12:02:58+08:00][sql] SELECT COUNT(*) AS think_count FROM `bid_record` WHERE  `user_id` = 28 [ RunTime:0.001598s ]
[2026-08-20T12:02:58+08:00][sql] SHOW FULL COLUMNS FROM `order` [ RunTime:0.002529s ]
[2026-08-20T12:02:58+08:00][sql] SELECT COUNT(*) AS think_count FROM `order` WHERE  `buyer_id` = 28  AND `pay_status` = 1 [ RunTime:0.001259s ]
[2026-08-20T12:02:58+08:00][sql] SELECT COUNT(*) AS think_count FROM `goods` WHERE  `seller_id` = 28  AND `status` = 2 [ RunTime:0.001063s ]
[2026-08-20T12:02:58+08:00][sql] SELECT COUNT(*) AS think_count FROM `goods` WHERE  `seller_id` = 28 [ RunTime:0.001021s ]
[2026-08-20T12:02:58+08:00][sql] SELECT COUNT(*) AS think_count FROM `order` WHERE  `buyer_id` = 28  AND `pay_status` = 0  AND `order_status` = 0 [ RunTime:0.000850s ]
[2026-08-20T12:02:58+08:00][sql] SELECT COUNT(*) AS think_count FROM `order` WHERE  `seller_id` = 28  AND `order_status` = 1 [ RunTime:0.000868s ]
[2026-08-20T12:02:58+08:00][sql] SELECT COUNT(*) AS think_count FROM `order` WHERE  `buyer_id` = 28  AND `order_status` = 0  AND `pay_status` = 0 [ RunTime:0.001543s ]
[2026-08-20T12:02:58+08:00][sql] SELECT COUNT(*) AS think_count FROM `order` WHERE  `buyer_id` = 28  AND `order_status` = 1 [ RunTime:0.000846s ]
[2026-08-20T12:02:58+08:00][sql] SELECT COUNT(*) AS think_count FROM `order` WHERE  `buyer_id` = 28  AND `order_status` = 2 [ RunTime:0.000755s ]
[2026-08-20T12:02:58+08:00][sql] SELECT COUNT(*) AS think_count FROM `order` WHERE  `buyer_id` = 28  AND `order_status` = 3 [ RunTime:0.000703s ]
[2026-08-20T12:02:58+08:00][sql] SELECT COUNT(*) AS think_count FROM `order` WHERE  `seller_id` = 28  AND `order_status` = 1 [ RunTime:0.000914s ]
[2026-08-20T12:02:58+08:00][sql] SHOW FULL COLUMNS FROM `goods_favorite` [ RunTime:0.001787s ]
[2026-08-20T12:02:58+08:00][sql] SELECT COUNT(*) AS think_count FROM `goods_favorite` WHERE  `user_id` = 28 [ RunTime:0.001027s ]
[2026-08-20T12:02:58+08:00][sql] SHOW FULL COLUMNS FROM `seller_follow` [ RunTime:0.001738s ]
[2026-08-20T12:02:58+08:00][sql] SELECT COUNT(*) AS think_count FROM `seller_follow` WHERE  `user_id` = 28 [ RunTime:0.001080s ]
[2026-08-20T12:02:58+08:00][sql] SHOW FULL COLUMNS FROM `browse_history` [ RunTime:0.001615s ]
[2026-08-20T12:02:58+08:00][sql] SELECT COUNT(*) AS think_count FROM `browse_history` WHERE  `user_id` = 28 [ RunTime:0.001059s ]
[2026-08-20T12:02:58+08:00][sql] SHOW FULL COLUMNS FROM `sys_message` [ RunTime:0.005111s ]
[2026-08-20T12:02:58+08:00][sql] SELECT COUNT(*) AS think_count FROM `sys_message` WHERE  `user_id` = 28  AND `is_read` = 0 [ RunTime:0.001437s ]
[2026-08-20T12:02:58+08:00][sql] SHOW FULL COLUMNS FROM `balance_log` [ RunTime:0.002004s ]
[2026-08-20T12:02:58+08:00][sql] SELECT * FROM `balance_log` WHERE  `user_id` = 28 ORDER BY `id` DESC LIMIT 5 [ RunTime:0.001183s ]
[2026-08-20T12:02:58+08:00][sql] SELECT `b`.*,`g`.`title`,`g`.`cover`,g.status as goods_status,`g`.`end_time` FROM `bid_record` `b` LEFT JOIN `goods` `g` ON `b`.`goods_id`=`g`.`id` WHERE  `b`.`user_id` = '28' ORDER BY `b`.`id` DESC LIMIT 5 [ RunTime:0.001306s ]
[2026-08-20T12:02:58+08:00][sql] SELECT `id`,`nickname`,`mobile`,`reg_time` FROM `user` WHERE  `pid` = 28 ORDER BY `id` DESC LIMIT 10 [ RunTime:0.001190s ]
[2026-08-20T12:02:58+08:00][sql] SELECT `value` FROM `setting` WHERE  `name` = 'service_link' LIMIT 1 [ RunTime:0.001169s ]
[2026-08-20T12:02:58+08:00][sql] SELECT `is_virtual` FROM `user` WHERE  `id` = 28 LIMIT 1 [ RunTime:0.000856s ]
[2026-08-20T12:03:01+08:00][sql] CONNECT:[ UseTime:0.023989s ] mysql:host=127.0.0.1;port=3306;dbname=auction;charset=utf8mb4
[2026-08-20T12:03:01+08:00][sql] SHOW FULL COLUMNS FROM `goods` [ RunTime:0.001580s ]
[2026-08-20T12:03:01+08:00][sql] SELECT `id` FROM `goods` WHERE  `status` = 1  AND `end_time` <= 1787198580 [ RunTime:0.000906s ]
[2026-08-20T12:03:01+08:00][sql] SELECT * FROM `goods` WHERE  `id` = 37 LIMIT 1   FOR UPDATE [ RunTime:0.000865s ]
[2026-08-20T12:03:01+08:00][sql] SHOW FULL COLUMNS FROM `bid_record` [ RunTime:0.001395s ]
[2026-08-20T12:03:01+08:00][sql] SELECT * FROM `bid_record` WHERE  `goods_id` = 37  AND `status` = 0 ORDER BY `price` DESC,`id` ASC [ RunTime:0.000948s ]
[2026-08-20T12:03:01+08:00][sql] SHOW FULL COLUMNS FROM `setting` [ RunTime:0.001273s ]
[2026-08-20T12:03:01+08:00][sql] SELECT * FROM `setting` [ RunTime:0.000751s ]
[2026-08-20T12:03:01+08:00][sql] UPDATE `bid_record`  SET `status` = 2  WHERE  `goods_id` = 37  AND `status` = 0 [ RunTime:0.000877s ]
[2026-08-20T12:03:01+08:00][sql] UPDATE `bid_record`  SET `status` = 1 , `is_winner` = 1  WHERE  `id` = 43 [ RunTime:0.000789s ]
[2026-08-20T12:03:01+08:00][sql] SELECT MAX(`deposit`) AS think_max FROM `bid_record` WHERE  `goods_id` = 37  AND `user_id` = 28  AND `deposit` > '0' [ RunTime:0.003927s ]
[2026-08-20T12:03:01+08:00][sql] SHOW FULL COLUMNS FROM `order` [ RunTime:0.001643s ]
[2026-08-20T12:03:01+08:00][sql] INSERT INTO `order` SET `order_no` = 'AU20260820120301760758' , `goods_id` = 37 , `goods_title` = '测试测试' , `goods_cover` = '/uploads/20260820/120110_5618.png' , `seller_id` = 20 , `buyer_id` = 28 , `price` = '300.00' , `commission_rate` = '10' , `commission` = '30' , `seller_income` = '270' , `deposit` = '0' , `pay_status` = 0 , `order_status` = 0 , `create_time` = 1787198581 , `update_time` = 1787198581 [ RunTime:0.001210s ]
[2026-08-20T12:03:01+08:00][sql] UPDATE `goods`  SET `status` = 2 , `final_price` = '300.00' , `winner_id` = 28 , `order_id` = 11 , `update_time` = 1787198581  WHERE  `id` = 37 [ RunTime:0.001016s ]
[2026-08-20T12:03:01+08:00][sql] SHOW FULL COLUMNS FROM `user` [ RunTime:0.001804s ]
[2026-08-20T12:03:01+08:00][sql] SELECT * FROM `user` WHERE  `id` = 28 LIMIT 1 [ RunTime:0.000967s ]
[2026-08-20T12:03:01+08:00][sql] SHOW FULL COLUMNS FROM `sys_message` [ RunTime:0.001514s ]
[2026-08-20T12:03:01+08:00][sql] SELECT COUNT(*) AS think_count FROM `sys_message` WHERE  `user_id` = 28 [ RunTime:0.000806s ]
[2026-08-20T12:03:01+08:00][sql] SELECT * FROM `sys_message` WHERE  `user_id` = 28 ORDER BY `id` DESC LIMIT 0,15 [ RunTime:0.000743s ]
[2026-08-20T12:03:04+08:00][sql] CONNECT:[ UseTime:0.024795s ] mysql:host=127.0.0.1;port=3306;dbname=auction;charset=utf8mb4
[2026-08-20T12:03:04+08:00][sql] SHOW FULL COLUMNS FROM `goods` [ RunTime:0.002032s ]
[2026-08-20T12:03:04+08:00][sql] SELECT `id` FROM `goods` WHERE  `status` = 1  AND `end_time` <= 1787198584 [ RunTime:0.000957s ]
[2026-08-20T12:03:04+08:00][sql] SHOW FULL COLUMNS FROM `user` [ RunTime:0.001727s ]
[2026-08-20T12:03:04+08:00][sql] SELECT * FROM `user` WHERE  `id` = 28 LIMIT 1 [ RunTime:0.001188s ]
[2026-08-20T12:03:04+08:00][sql] SHOW FULL COLUMNS FROM `setting` [ RunTime:0.001369s ]
[2026-08-20T12:03:04+08:00][sql] SELECT * FROM `setting` [ RunTime:0.000915s ]
[2026-08-20T12:03:04+08:00][sql] SHOW FULL COLUMNS FROM `bid_record` [ RunTime:0.002693s ]
[2026-08-20T12:03:04+08:00][sql] SELECT COUNT(*) AS think_count FROM `bid_record` `b` LEFT JOIN `goods` `g` ON `b`.`goods_id`=`g`.`id` WHERE  `b`.`user_id` = '28' [ RunTime:0.001825s ]
[2026-08-20T12:03:04+08:00][sql] SELECT `b`.*,`g`.`title`,`g`.`cover`,g.status as goods_status,`g`.`end_time`,`g`.`final_price`,`g`.`winner_id` FROM `bid_record` `b` LEFT JOIN `goods` `g` ON `b`.`goods_id`=`g`.`id` WHERE  `b`.`user_id` = '28' ORDER BY `b`.`id` DESC LIMIT 0,15 [ RunTime:0.001509s ]
[2026-08-20T12:03:04+08:00][sql] SELECT `goods_id`,`id` FROM `bid_record` WHERE  `goods_id` IN (37,33) ORDER BY `price` DESC,`id` ASC [ RunTime:0.000864s ]
[2026-08-20T12:03:07+08:00][sql] CONNECT:[ UseTime:0.017748s ] mysql:host=127.0.0.1;port=3306;dbname=auction;charset=utf8mb4
[2026-08-20T12:03:07+08:00][sql] SHOW FULL COLUMNS FROM `goods` [ RunTime:0.002000s ]
[2026-08-20T12:03:07+08:00][sql] SELECT `id` FROM `goods` WHERE  `status` = 1  AND `end_time` <= 1787198587 [ RunTime:0.001020s ]
[2026-08-20T12:03:07+08:00][sql] SHOW FULL COLUMNS FROM `user` [ RunTime:0.001974s ]
[2026-08-20T12:03:07+08:00][sql] SELECT * FROM `user` WHERE  `id` = 28 LIMIT 1 [ RunTime:0.001002s ]
[2026-08-20T12:03:07+08:00][sql] SHOW FULL COLUMNS FROM `setting` [ RunTime:0.001425s ]
[2026-08-20T12:03:07+08:00][sql] SELECT * FROM `setting` [ RunTime:0.000814s ]
[2026-08-20T12:03:07+08:00][sql] SELECT COUNT(*) AS think_count FROM `goods` `g` LEFT JOIN `user` `u` ON `g`.`seller_id`=`u`.`id` WHERE  `g`.`status` = '1'  AND `g`.`start_time` <= '1787198587'  AND `g`.`end_time` > '1787198587' [ RunTime:0.000981s ]
[2026-08-20T12:03:07+08:00][sql] SELECT `g`.*,u.nickname as seller_name FROM `goods` `g` LEFT JOIN `user` `u` ON `g`.`seller_id`=`u`.`id` WHERE  `g`.`status` = '1'  AND `g`.`start_time` <= '1787198587'  AND `g`.`end_time` > '1787198587' ORDER BY `g`.`end_time` ASC,`g`.`id` DESC LIMIT 0,10 [ RunTime:0.001368s ]
[2026-08-20T12:03:07+08:00][sql] SHOW FULL COLUMNS FROM `bid_record` [ RunTime:0.001800s ]
[2026-08-20T12:03:07+08:00][sql] SELECT MAX(`price`) AS think_max FROM `bid_record` WHERE  `goods_id` = 36  AND `status` = 0 [ RunTime:0.001065s ]
[2026-08-20T12:03:07+08:00][sql] SHOW FULL COLUMNS FROM `category` [ RunTime:0.000993s ]
[2026-08-20T12:03:07+08:00][sql] SELECT * FROM `category` WHERE  `status` = 1 ORDER BY `sort` ASC [ RunTime:0.000842s ]
[2026-08-20T12:03:07+08:00][sql] SELECT `b`.`price`,`b`.`create_time`,`g`.`title`,`u`.`nickname` FROM `bid_record` `b` LEFT JOIN `goods` `g` ON `b`.`goods_id`=`g`.`id` LEFT JOIN `user` `u` ON `b`.`user_id`=`u`.`id` WHERE  `b`.`status` = '1' ORDER BY `b`.`id` DESC LIMIT 5 [ RunTime:0.001331s ]
[2026-08-20T12:03:07+08:00][sql] SHOW FULL COLUMNS FROM `news` [ RunTime:0.001843s ]
[2026-08-20T12:03:07+08:00][sql] SELECT `id`,`title`,`create_time` FROM `news` WHERE  `status` = 1 ORDER BY `id` DESC LIMIT 3 [ RunTime:0.001058s ]
[2026-08-20T12:03:07+08:00][sql] SHOW FULL COLUMNS FROM `banner` [ RunTime:0.001629s ]
[2026-08-20T12:03:07+08:00][sql] SELECT * FROM `banner` WHERE  `status` = 1 ORDER BY `sort` ASC,`id` ASC [ RunTime:0.001004s ]
[2026-08-20T12:03:09+08:00][sql] CONNECT:[ UseTime:0.013421s ] mysql:host=127.0.0.1;port=3306;dbname=auction;charset=utf8mb4
[2026-08-20T12:03:09+08:00][sql] SHOW FULL COLUMNS FROM `goods` [ RunTime:0.002907s ]
[2026-08-20T12:03:09+08:00][sql] SELECT `id` FROM `goods` WHERE  `status` = 1  AND `end_time` <= 1787198588 [ RunTime:0.001328s ]
[2026-08-20T12:03:09+08:00][sql] SHOW FULL COLUMNS FROM `user` [ RunTime:0.002517s ]
[2026-08-20T12:03:09+08:00][sql] SELECT * FROM `user` WHERE  `id` = 28 LIMIT 1 [ RunTime:0.001214s ]
[2026-08-20T12:03:09+08:00][sql] SHOW FULL COLUMNS FROM `setting` [ RunTime:0.001644s ]
[2026-08-20T12:03:09+08:00][sql] SELECT * FROM `setting` [ RunTime:0.001152s ]
[2026-08-20T12:03:09+08:00][sql] SELECT `g`.*,u.nickname as seller_name,u.shop_name as seller_shop,u.avatar as seller_avatar,`u`.`seller_intro`,u.deposit as seller_deposit,`u`.`shop_score`,`u`.`fans_count`,c.name as category_name FROM `goods` `g` LEFT JOIN `user` `u` ON `g`.`seller_id`=`u`.`id` LEFT JOIN `category` `c` ON `g`.`category_id`=`c`.`id` WHERE  `g`.`id` = '36' LIMIT 1 [ RunTime:0.001523s ]
[2026-08-20T12:03:09+08:00][sql] UPDATE `goods`  SET `view_count` = `view_count` + 1  WHERE  `id` = 36 [ RunTime:0.002200s ]
[2026-08-20T12:03:09+08:00][sql] SHOW FULL COLUMNS FROM `bid_record` [ RunTime:0.001837s ]
[2026-08-20T12:03:09+08:00][sql] SELECT `b`.*,`u`.`nickname`,`u`.`mobile` FROM `bid_record` `b` LEFT JOIN `user` `u` ON `b`.`user_id`=`u`.`id` WHERE  `b`.`goods_id` = '36'  AND `b`.`status` = '0' ORDER BY `b`.`price` DESC,`b`.`id` ASC LIMIT 1 [ RunTime:0.001175s ]
[2026-08-20T12:03:09+08:00][sql] SELECT `b`.*,`u`.`nickname`,`u`.`mobile` FROM `bid_record` `b` LEFT JOIN `user` `u` ON `b`.`user_id`=`u`.`id` WHERE  `b`.`goods_id` = '36' ORDER BY `b`.`price` DESC,`b`.`id` ASC LIMIT 50 [ RunTime:0.001231s ]
[2026-08-20T12:03:09+08:00][sql] SELECT MAX(`price`) AS think_max FROM `bid_record` WHERE  `goods_id` = 36  AND `user_id` = 28  AND `status` = 0 [ RunTime:0.007226s ]
[2026-08-20T12:03:09+08:00][sql] SELECT MAX(`deposit`) AS think_max FROM `bid_record` WHERE  `goods_id` = 36  AND `user_id` = 28  AND `deposit` > '0' [ RunTime:0.006043s ]
[2026-08-20T12:03:09+08:00][sql] SHOW FULL COLUMNS FROM `browse_history` [ RunTime:0.002369s ]
[2026-08-20T12:03:09+08:00][sql] REPLACE INTO `browse_history` SET `user_id` = 28 , `goods_id` = 36 , `create_time` = 1787198588 [ RunTime:0.002193s ]
[2026-08-20T12:03:09+08:00][sql] SHOW FULL COLUMNS FROM `goods_favorite` [ RunTime:0.002063s ]
[2026-08-20T12:03:09+08:00][sql] SELECT COUNT(*) AS think_count FROM `goods_favorite` WHERE  `user_id` = 28  AND `goods_id` = 36 [ RunTime:0.000958s ]
[2026-08-20T12:03:09+08:00][sql] SHOW FULL COLUMNS FROM `seller_follow` [ RunTime:0.001722s ]
[2026-08-20T12:03:09+08:00][sql] SELECT COUNT(*) AS think_count FROM `seller_follow` WHERE  `user_id` = 28  AND `seller_id` = 29 [ RunTime:0.000886s ]
[2026-08-20T12:03:13+08:00][sql] CONNECT:[ UseTime:0.001798s ] mysql:host=127.0.0.1;port=3306;dbname=auction;charset=utf8mb4
[2026-08-20T12:03:13+08:00][sql] SHOW FULL COLUMNS FROM `goods` [ RunTime:0.002101s ]
[2026-08-20T12:03:13+08:00][sql] SELECT `id` FROM `goods` WHERE  `status` = 1  AND `end_time` <= 1787198593 [ RunTime:0.000888s ]
[2026-08-20T12:03:13+08:00][sql] SHOW FULL COLUMNS FROM `user` [ RunTime:0.001653s ]
[2026-08-20T12:03:13+08:00][sql] SELECT * FROM `user` WHERE  `id` = 28 LIMIT 1 [ RunTime:0.000849s ]
[2026-08-20T12:03:13+08:00][sql] SHOW FULL COLUMNS FROM `setting` [ RunTime:0.001217s ]
[2026-08-20T12:03:13+08:00][sql] SELECT * FROM `setting` [ RunTime:0.000669s ]
[2026-08-20T12:03:13+08:00][sql] SELECT COUNT(*) AS think_count FROM `goods` `g` LEFT JOIN `user` `u` ON `g`.`seller_id`=`u`.`id` WHERE  `g`.`status` = '1'  AND `g`.`start_time` <= '1787198593'  AND `g`.`end_time` > '1787198593' [ RunTime:0.000908s ]
[2026-08-20T12:03:13+08:00][sql] SELECT `g`.*,u.nickname as seller_name FROM `goods` `g` LEFT JOIN `user` `u` ON `g`.`seller_id`=`u`.`id` WHERE  `g`.`status` = '1'  AND `g`.`start_time` <= '1787198593'  AND `g`.`end_time` > '1787198593' ORDER BY `g`.`end_time` ASC,`g`.`id` DESC LIMIT 0,10 [ RunTime:0.000861s ]
[2026-08-20T12:03:13+08:00][sql] SHOW FULL COLUMNS FROM `bid_record` [ RunTime:0.001135s ]
[2026-08-20T12:03:13+08:00][sql] SELECT MAX(`price`) AS think_max FROM `bid_record` WHERE  `goods_id` = 36  AND `status` = 0 [ RunTime:0.000684s ]
[2026-08-20T12:03:13+08:00][sql] SHOW FULL COLUMNS FROM `category` [ RunTime:0.001094s ]
[2026-08-20T12:03:13+08:00][sql] SELECT * FROM `category` WHERE  `status` = 1 ORDER BY `sort` ASC [ RunTime:0.000741s ]
[2026-08-20T12:03:13+08:00][sql] SELECT `b`.`price`,`b`.`create_time`,`g`.`title`,`u`.`nickname` FROM `bid_record` `b` LEFT JOIN `goods` `g` ON `b`.`goods_id`=`g`.`id` LEFT JOIN `user` `u` ON `b`.`user_id`=`u`.`id` WHERE  `b`.`status` = '1' ORDER BY `b`.`id` DESC LIMIT 5 [ RunTime:0.000672s ]
[2026-08-20T12:03:13+08:00][sql] SHOW FULL COLUMNS FROM `news` [ RunTime:0.003264s ]
[2026-08-20T12:03:13+08:00][sql] SELECT `id`,`title`,`create_time` FROM `news` WHERE  `status` = 1 ORDER BY `id` DESC LIMIT 3 [ RunTime:0.000731s ]
[2026-08-20T12:03:13+08:00][sql] SHOW FULL COLUMNS FROM `banner` [ RunTime:0.002880s ]
[2026-08-20T12:03:13+08:00][sql] SELECT * FROM `banner` WHERE  `status` = 1 ORDER BY `sort` ASC,`id` ASC [ RunTime:0.000674s ]
[2026-08-20T12:03:19+08:00][sql] CONNECT:[ UseTime:0.002824s ] mysql:host=127.0.0.1;port=3306;dbname=auction;charset=utf8mb4
[2026-08-20T12:03:19+08:00][sql] SHOW FULL COLUMNS FROM `goods` [ RunTime:0.002178s ]
[2026-08-20T12:03:19+08:00][sql] SELECT `id` FROM `goods` WHERE  `status` = 1  AND `end_time` <= 1787198599 [ RunTime:0.001035s ]
[2026-08-20T12:03:19+08:00][sql] SHOW FULL COLUMNS FROM `user` [ RunTime:0.001911s ]
[2026-08-20T12:03:19+08:00][sql] SELECT * FROM `user` WHERE  `id` = 20 LIMIT 1 [ RunTime:0.001031s ]
[2026-08-20T12:03:19+08:00][sql] SHOW FULL COLUMNS FROM `setting` [ RunTime:0.001461s ]
[2026-08-20T12:03:19+08:00][sql] SELECT * FROM `setting` [ RunTime:0.000795s ]
[2026-08-20T12:03:19+08:00][sql] SELECT `g`.*,u.nickname as seller_name,u.shop_name as seller_shop,u.avatar as seller_avatar,`u`.`seller_intro`,u.deposit as seller_deposit,`u`.`shop_score`,`u`.`fans_count`,c.name as category_name FROM `goods` `g` LEFT JOIN `user` `u` ON `g`.`seller_id`=`u`.`id` LEFT JOIN `category` `c` ON `g`.`category_id`=`c`.`id` WHERE  `g`.`id` = '37' LIMIT 1 [ RunTime:0.001117s ]
[2026-08-20T12:03:19+08:00][sql] SHOW FULL COLUMNS FROM `bid_record` [ RunTime:0.001871s ]
[2026-08-20T12:03:19+08:00][sql] SELECT `b`.*,`u`.`nickname`,`u`.`mobile` FROM `bid_record` `b` LEFT JOIN `user` `u` ON `b`.`user_id`=`u`.`id` WHERE  `b`.`goods_id` = '37'  AND `b`.`status` = '0' ORDER BY `b`.`price` DESC,`b`.`id` ASC LIMIT 1 [ RunTime:0.001317s ]
[2026-08-20T12:03:19+08:00][sql] SELECT `b`.*,`u`.`nickname`,`u`.`mobile` FROM `bid_record` `b` LEFT JOIN `user` `u` ON `b`.`user_id`=`u`.`id` WHERE  `b`.`goods_id` = '37' ORDER BY `b`.`price` DESC,`b`.`id` ASC LIMIT 50 [ RunTime:0.001217s ]
[2026-08-20T12:03:19+08:00][sql] SELECT MAX(`price`) AS think_max FROM `bid_record` WHERE  `goods_id` = 37  AND `user_id` = 20  AND `status` = 0 [ RunTime:0.005355s ]
[2026-08-20T12:03:19+08:00][sql] SELECT MAX(`deposit`) AS think_max FROM `bid_record` WHERE  `goods_id` = 37  AND `user_id` = 20  AND `deposit` > '0' [ RunTime:0.005974s ]
[2026-08-20T12:03:19+08:00][sql] SHOW FULL COLUMNS FROM `order` [ RunTime:0.002190s ]
[2026-08-20T12:03:19+08:00][sql] SELECT * FROM `order` WHERE  `goods_id` = 37 LIMIT 1 [ RunTime:0.001205s ]
[2026-08-20T12:03:19+08:00][sql] SHOW FULL COLUMNS FROM `browse_history` [ RunTime:0.001706s ]
[2026-08-20T12:03:19+08:00][sql] REPLACE INTO `browse_history` SET `user_id` = 20 , `goods_id` = 37 , `create_time` = 1787198599 [ RunTime:0.002187s ]
[2026-08-20T12:03:19+08:00][sql] SHOW FULL COLUMNS FROM `goods_favorite` [ RunTime:0.003256s ]
[2026-08-20T12:03:19+08:00][sql] SELECT COUNT(*) AS think_count FROM `goods_favorite` WHERE  `user_id` = 20  AND `goods_id` = 37 [ RunTime:0.000914s ]
[2026-08-20T12:03:19+08:00][sql] SHOW FULL COLUMNS FROM `seller_follow` [ RunTime:0.001832s ]
[2026-08-20T12:03:19+08:00][sql] SELECT COUNT(*) AS think_count FROM `seller_follow` WHERE  `user_id` = 20  AND `seller_id` = 20 [ RunTime:0.001083s ]
[2026-08-20T12:03:28+08:00][sql] CONNECT:[ UseTime:0.015667s ] mysql:host=127.0.0.1;port=3306;dbname=auction;charset=utf8mb4
[2026-08-20T12:03:28+08:00][sql] SHOW FULL COLUMNS FROM `goods` [ RunTime:0.001298s ]
[2026-08-20T12:03:28+08:00][sql] SELECT `id` FROM `goods` WHERE  `status` = 1  AND `end_time` <= 1787198607 [ RunTime:0.000658s ]
[2026-08-20T12:03:28+08:00][sql] SHOW FULL COLUMNS FROM `user` [ RunTime:0.002028s ]
[2026-08-20T12:03:28+08:00][sql] SELECT * FROM `user` WHERE  `id` = 28 LIMIT 1 [ RunTime:0.001020s ]
[2026-08-20T12:03:28+08:00][sql] SHOW FULL COLUMNS FROM `setting` [ RunTime:0.001508s ]
[2026-08-20T12:03:28+08:00][sql] SELECT * FROM `setting` [ RunTime:0.000871s ]
[2026-08-20T12:03:28+08:00][sql] SHOW FULL COLUMNS FROM `bid_record` [ RunTime:0.001668s ]
[2026-08-20T12:03:28+08:00][sql] SELECT COUNT(*) AS think_count FROM `bid_record` WHERE  `user_id` = 28 [ RunTime:0.001152s ]
[2026-08-20T12:03:28+08:00][sql] SHOW FULL COLUMNS FROM `order` [ RunTime:0.001739s ]
[2026-08-20T12:03:28+08:00][sql] SELECT COUNT(*) AS think_count FROM `order` WHERE  `buyer_id` = 28  AND `pay_status` = 1 [ RunTime:0.000933s ]
[2026-08-20T12:03:28+08:00][sql] SELECT COUNT(*) AS think_count FROM `goods` WHERE  `seller_id` = 28  AND `status` = 2 [ RunTime:0.001157s ]
[2026-08-20T12:03:28+08:00][sql] SELECT COUNT(*) AS think_count FROM `goods` WHERE  `seller_id` = 28 [ RunTime:0.001097s ]
[2026-08-20T12:03:28+08:00][sql] SELECT COUNT(*) AS think_count FROM `order` WHERE  `buyer_id` = 28  AND `pay_status` = 0  AND `order_status` = 0 [ RunTime:0.001161s ]
[2026-08-20T12:03:28+08:00][sql] SELECT COUNT(*) AS think_count FROM `order` WHERE  `seller_id` = 28  AND `order_status` = 1 [ RunTime:0.001125s ]
[2026-08-20T12:03:28+08:00][sql] SELECT COUNT(*) AS think_count FROM `order` WHERE  `buyer_id` = 28  AND `order_status` = 0  AND `pay_status` = 0 [ RunTime:0.001120s ]
[2026-08-20T12:03:28+08:00][sql] SELECT COUNT(*) AS think_count FROM `order` WHERE  `buyer_id` = 28  AND `order_status` = 1 [ RunTime:0.001054s ]
[2026-08-20T12:03:28+08:00][sql] SELECT COUNT(*) AS think_count FROM `order` WHERE  `buyer_id` = 28  AND `order_status` = 2 [ RunTime:0.001137s ]
[2026-08-20T12:03:28+08:00][sql] SELECT COUNT(*) AS think_count FROM `order` WHERE  `buyer_id` = 28  AND `order_status` = 3 [ RunTime:0.000982s ]
[2026-08-20T12:03:28+08:00][sql] SELECT COUNT(*) AS think_count FROM `order` WHERE  `seller_id` = 28  AND `order_status` = 1 [ RunTime:0.001038s ]
[2026-08-20T12:03:28+08:00][sql] SHOW FULL COLUMNS FROM `goods_favorite` [ RunTime:0.001918s ]
[2026-08-20T12:03:28+08:00][sql] SELECT COUNT(*) AS think_count FROM `goods_favorite` WHERE  `user_id` = 28 [ RunTime:0.000961s ]
[2026-08-20T12:03:28+08:00][sql] SHOW FULL COLUMNS FROM `seller_follow` [ RunTime:0.001592s ]
[2026-08-20T12:03:28+08:00][sql] SELECT COUNT(*) AS think_count FROM `seller_follow` WHERE  `user_id` = 28 [ RunTime:0.000946s ]
[2026-08-20T12:03:28+08:00][sql] SHOW FULL COLUMNS FROM `browse_history` [ RunTime:0.001554s ]
[2026-08-20T12:03:28+08:00][sql] SELECT COUNT(*) AS think_count FROM `browse_history` WHERE  `user_id` = 28 [ RunTime:0.000888s ]
[2026-08-20T12:03:28+08:00][sql] SHOW FULL COLUMNS FROM `sys_message` [ RunTime:0.003916s ]
[2026-08-20T12:03:28+08:00][sql] SELECT COUNT(*) AS think_count FROM `sys_message` WHERE  `user_id` = 28  AND `is_read` = 0 [ RunTime:0.000944s ]
[2026-08-20T12:03:28+08:00][sql] SHOW FULL COLUMNS FROM `balance_log` [ RunTime:0.001768s ]
[2026-08-20T12:03:28+08:00][sql] SELECT * FROM `balance_log` WHERE  `user_id` = 28 ORDER BY `id` DESC LIMIT 5 [ RunTime:0.001201s ]
[2026-08-20T12:03:28+08:00][sql] SELECT `b`.*,`g`.`title`,`g`.`cover`,g.status as goods_status,`g`.`end_time` FROM `bid_record` `b` LEFT JOIN `goods` `g` ON `b`.`goods_id`=`g`.`id` WHERE  `b`.`user_id` = '28' ORDER BY `b`.`id` DESC LIMIT 5 [ RunTime:0.001190s ]
[2026-08-20T12:03:28+08:00][sql] SELECT `id`,`nickname`,`mobile`,`reg_time` FROM `user` WHERE  `pid` = 28 ORDER BY `id` DESC LIMIT 10 [ RunTime:0.001169s ]
[2026-08-20T12:03:28+08:00][sql] SELECT `value` FROM `setting` WHERE  `name` = 'service_link' LIMIT 1 [ RunTime:0.001113s ]
[2026-08-20T12:03:28+08:00][sql] SELECT `is_virtual` FROM `user` WHERE  `id` = 28 LIMIT 1 [ RunTime:0.000993s ]
[2026-08-20T12:03:30+08:00][sql] CONNECT:[ UseTime:0.026383s ] mysql:host=127.0.0.1;port=3306;dbname=auction;charset=utf8mb4
[2026-08-20T12:03:30+08:00][sql] SHOW FULL COLUMNS FROM `goods` [ RunTime:0.001472s ]
[2026-08-20T12:03:30+08:00][sql] SELECT `id` FROM `goods` WHERE  `status` = 1  AND `end_time` <= 1787198610 [ RunTime:0.000604s ]
[2026-08-20T12:03:30+08:00][sql] SHOW FULL COLUMNS FROM `user` [ RunTime:0.001067s ]
[2026-08-20T12:03:30+08:00][sql] SELECT * FROM `user` WHERE  `id` = 28 LIMIT 1 [ RunTime:0.001105s ]
[2026-08-20T12:03:30+08:00][sql] SHOW FULL COLUMNS FROM `setting` [ RunTime:0.001579s ]
[2026-08-20T12:03:30+08:00][sql] SELECT * FROM `setting` [ RunTime:0.000882s ]
[2026-08-20T12:03:30+08:00][sql] SHOW FULL COLUMNS FROM `order` [ RunTime:0.001704s ]
[2026-08-20T12:03:30+08:00][sql] SELECT COUNT(*) AS think_count FROM `order` `o` LEFT JOIN `goods` `g` ON `o`.`goods_id`=`g`.`id` LEFT JOIN `after_sale` `a` ON `a`.`order_id`=`o`.`id` WHERE  `o`.`buyer_id` = '28'  AND `o`.`order_status` = '0' [ RunTime:0.004399s ]
[2026-08-20T12:03:30+08:00][sql] SELECT o.*, g.cover as goods_cover2, IF(a.id IS NULL, 0, 1) as has_after_sale FROM `order` `o` LEFT JOIN `goods` `g` ON `o`.`goods_id`=`g`.`id` LEFT JOIN `after_sale` `a` ON `a`.`order_id`=`o`.`id` WHERE  `o`.`buyer_id` = '28'  AND `o`.`order_status` = '0' ORDER BY `o`.`id` DESC LIMIT 0,10 [ RunTime:0.001498s ]
[2026-08-20T12:03:32+08:00][sql] CONNECT:[ UseTime:0.009648s ] mysql:host=127.0.0.1;port=3306;dbname=auction;charset=utf8mb4
[2026-08-20T12:03:32+08:00][sql] SHOW FULL COLUMNS FROM `goods` [ RunTime:0.002720s ]
[2026-08-20T12:03:32+08:00][sql] SELECT `id` FROM `goods` WHERE  `status` = 1  AND `end_time` <= 1787198612 [ RunTime:0.001242s ]
[2026-08-20T12:03:32+08:00][sql] SHOW FULL COLUMNS FROM `user` [ RunTime:0.002372s ]
[2026-08-20T12:03:32+08:00][sql] SELECT * FROM `user` WHERE  `id` = 28 LIMIT 1 [ RunTime:0.001303s ]
[2026-08-20T12:03:32+08:00][sql] SHOW FULL COLUMNS FROM `setting` [ RunTime:0.001983s ]
[2026-08-20T12:03:32+08:00][sql] SELECT * FROM `setting` [ RunTime:0.001340s ]
[2026-08-20T12:03:32+08:00][sql] SHOW FULL COLUMNS FROM `order` [ RunTime:0.002491s ]
[2026-08-20T12:03:32+08:00][sql] SELECT `o`.*,g.cover as goods_cover2,`g`.`images` FROM `order` `o` LEFT JOIN `goods` `g` ON `o`.`goods_id`=`g`.`id` WHERE  `o`.`id` = '11'  AND `o`.`buyer_id` = '28' LIMIT 1 [ RunTime:0.001478s ]
[2026-08-20T12:03:32+08:00][sql] SHOW FULL COLUMNS FROM `user_address` [ RunTime:0.005423s ]
[2026-08-20T12:03:32+08:00][sql] SELECT * FROM `user_address` WHERE  `user_id` = 28 ORDER BY `is_default` DESC,`id` DESC [ RunTime:0.001248s ]
[2026-08-20T12:03:36+08:00][sql] CONNECT:[ UseTime:0.004361s ] mysql:host=127.0.0.1;port=3306;dbname=auction;charset=utf8mb4
[2026-08-20T12:03:36+08:00][sql] SHOW FULL COLUMNS FROM `goods` [ RunTime:0.001361s ]
[2026-08-20T12:03:36+08:00][sql] SELECT `id` FROM `goods` WHERE  `status` = 1  AND `end_time` <= 1787198616 [ RunTime:0.000865s ]
[2026-08-20T12:03:36+08:00][sql] SHOW FULL COLUMNS FROM `user` [ RunTime:0.001480s ]
[2026-08-20T12:03:36+08:00][sql] SELECT * FROM `user` WHERE  `id` = 28 LIMIT 1 [ RunTime:0.000776s ]
[2026-08-20T12:03:36+08:00][sql] SHOW FULL COLUMNS FROM `setting` [ RunTime:0.001154s ]
[2026-08-20T12:03:36+08:00][sql] SELECT * FROM `setting` [ RunTime:0.000641s ]
[2026-08-20T12:03:47+08:00][sql] CONNECT:[ UseTime:0.022364s ] mysql:host=127.0.0.1;port=3306;dbname=auction;charset=utf8mb4
[2026-08-20T12:03:47+08:00][sql] SHOW FULL COLUMNS FROM `goods` [ RunTime:0.002474s ]
[2026-08-20T12:03:47+08:00][sql] SELECT `id` FROM `goods` WHERE  `status` = 1  AND `end_time` <= 1787198627 [ RunTime:0.001220s ]
[2026-08-20T12:03:47+08:00][sql] SHOW FULL COLUMNS FROM `user` [ RunTime:0.002254s ]
[2026-08-20T12:03:47+08:00][sql] SELECT * FROM `user` WHERE  `id` = 28 LIMIT 1 [ RunTime:0.001283s ]
[2026-08-20T12:03:47+08:00][sql] SHOW FULL COLUMNS FROM `setting` [ RunTime:0.002096s ]
[2026-08-20T12:03:47+08:00][sql] SELECT * FROM `setting` [ RunTime:0.000965s ]
[2026-08-20T12:03:47+08:00][sql] SHOW FULL COLUMNS FROM `user_address` [ RunTime:0.003994s ]
[2026-08-20T12:03:47+08:00][sql] INSERT INTO `user_address` SET `user_id` = 28 , `name` = '11' , `mobile` = '13666666666' , `province` = '1' , `city` = '' , `district` = '' , `address` = '1' , `is_default` = 1 , `create_time` = 1787198627 , `update_time` = 1787198627 [ RunTime:0.002520s ]
[2026-08-20T12:03:47+08:00][sql] UPDATE `user_address`  SET `is_default` = 0  WHERE  `user_id` = 28 [ RunTime:0.002202s ]
[2026-08-20T12:03:47+08:00][sql] UPDATE `user_address`  SET `is_default` = 1  WHERE  `id` = 10 [ RunTime:0.002122s ]
[2026-08-20T12:03:48+08:00][sql] CONNECT:[ UseTime:0.002461s ] mysql:host=127.0.0.1;port=3306;dbname=auction;charset=utf8mb4
[2026-08-20T12:03:48+08:00][sql] SHOW FULL COLUMNS FROM `goods` [ RunTime:0.002482s ]
[2026-08-20T12:03:48+08:00][sql] SELECT `id` FROM `goods` WHERE  `status` = 1  AND `end_time` <= 1787198628 [ RunTime:0.001233s ]
[2026-08-20T12:03:48+08:00][sql] SHOW FULL COLUMNS FROM `user` [ RunTime:0.002130s ]
[2026-08-20T12:03:48+08:00][sql] SELECT * FROM `user` WHERE  `id` = 28 LIMIT 1 [ RunTime:0.001272s ]
[2026-08-20T12:03:48+08:00][sql] SHOW FULL COLUMNS FROM `setting` [ RunTime:0.001740s ]
[2026-08-20T12:03:48+08:00][sql] SELECT * FROM `setting` [ RunTime:0.001010s ]
[2026-08-20T12:03:48+08:00][sql] SHOW FULL COLUMNS FROM `user_address` [ RunTime:0.004948s ]
[2026-08-20T12:03:48+08:00][sql] SELECT * FROM `user_address` WHERE  `user_id` = 28 ORDER BY `is_default` DESC,`id` DESC [ RunTime:0.001163s ]
[2026-08-20T12:03:52+08:00][sql] CONNECT:[ UseTime:0.023623s ] mysql:host=127.0.0.1;port=3306;dbname=auction;charset=utf8mb4
[2026-08-20T12:03:52+08:00][sql] SHOW FULL COLUMNS FROM `goods` [ RunTime:0.002290s ]
[2026-08-20T12:03:52+08:00][sql] SELECT `id` FROM `goods` WHERE  `status` = 1  AND `end_time` <= 1787198632 [ RunTime:0.001078s ]
[2026-08-20T12:03:52+08:00][sql] SHOW FULL COLUMNS FROM `user` [ RunTime:0.001968s ]
[2026-08-20T12:03:52+08:00][sql] SELECT * FROM `user` WHERE  `id` = 28 LIMIT 1 [ RunTime:0.001031s ]
[2026-08-20T12:03:52+08:00][sql] SHOW FULL COLUMNS FROM `setting` [ RunTime:0.001516s ]
[2026-08-20T12:03:52+08:00][sql] SELECT * FROM `setting` [ RunTime:0.000842s ]
[2026-08-20T12:03:52+08:00][sql] SHOW FULL COLUMNS FROM `order` [ RunTime:0.001854s ]
[2026-08-20T12:03:52+08:00][sql] SELECT `o`.*,g.cover as goods_cover2,`g`.`images` FROM `order` `o` LEFT JOIN `goods` `g` ON `o`.`goods_id`=`g`.`id` WHERE  `o`.`id` = '11'  AND `o`.`buyer_id` = '28' LIMIT 1 [ RunTime:0.001296s ]
[2026-08-20T12:03:52+08:00][sql] SHOW FULL COLUMNS FROM `user_address` [ RunTime:0.004401s ]
[2026-08-20T12:03:52+08:00][sql] SELECT * FROM `user_address` WHERE  `user_id` = 28 ORDER BY `is_default` DESC,`id` DESC [ RunTime:0.001219s ]
[2026-08-20T12:03:54+08:00][sql] CONNECT:[ UseTime:0.017955s ] mysql:host=127.0.0.1;port=3306;dbname=auction;charset=utf8mb4
[2026-08-20T12:03:54+08:00][sql] SHOW FULL COLUMNS FROM `goods` [ RunTime:0.002481s ]
[2026-08-20T12:03:54+08:00][sql] SELECT `id` FROM `goods` WHERE  `status` = 1  AND `end_time` <= 1787198633 [ RunTime:0.000951s ]
[2026-08-20T12:03:54+08:00][sql] SHOW FULL COLUMNS FROM `user` [ RunTime:0.001806s ]
[2026-08-20T12:03:54+08:00][sql] SELECT * FROM `user` WHERE  `id` = 28 LIMIT 1 [ RunTime:0.000935s ]
[2026-08-20T12:03:54+08:00][sql] SHOW FULL COLUMNS FROM `setting` [ RunTime:0.001449s ]
[2026-08-20T12:03:54+08:00][sql] SELECT * FROM `setting` [ RunTime:0.000729s ]
[2026-08-20T12:03:54+08:00][sql] SHOW FULL COLUMNS FROM `order` [ RunTime:0.001788s ]
[2026-08-20T12:03:54+08:00][sql] SELECT * FROM `order` WHERE  `id` = 11  AND `buyer_id` = 28 LIMIT 1   FOR UPDATE [ RunTime:0.001061s ]
[2026-08-20T12:03:54+08:00][sql] SHOW FULL COLUMNS FROM `user_address` [ RunTime:0.004497s ]
[2026-08-20T12:03:54+08:00][sql] SELECT * FROM `user_address` WHERE  `id` = 10  AND `user_id` = 28 LIMIT 1 [ RunTime:0.001116s ]
[2026-08-20T12:03:54+08:00][sql] SELECT * FROM `user` WHERE  `id` = 28 LIMIT 1   FOR UPDATE [ RunTime:0.001195s ]
[2026-08-20T12:03:58+08:00][sql] CONNECT:[ UseTime:0.012807s ] mysql:host=127.0.0.1;port=3306;dbname=auction;charset=utf8mb4
[2026-08-20T12:03:58+08:00][sql] SHOW FULL COLUMNS FROM `goods` [ RunTime:0.001776s ]
[2026-08-20T12:03:58+08:00][sql] SELECT `id` FROM `goods` WHERE  `status` = 1  AND `end_time` <= 1787198638 [ RunTime:0.000881s ]
[2026-08-20T12:03:58+08:00][sql] SHOW FULL COLUMNS FROM `user` [ RunTime:0.002083s ]
[2026-08-20T12:03:58+08:00][sql] SELECT * FROM `user` WHERE  `id` = 28 LIMIT 1 [ RunTime:0.001105s ]
[2026-08-20T12:03:58+08:00][sql] SHOW FULL COLUMNS FROM `setting` [ RunTime:0.001759s ]
[2026-08-20T12:03:58+08:00][sql] SELECT * FROM `setting` [ RunTime:0.000929s ]
[2026-08-20T12:03:58+08:00][sql] SHOW FULL COLUMNS FROM `order` [ RunTime:0.001562s ]
[2026-08-20T12:03:58+08:00][sql] SELECT * FROM `order` WHERE  `id` = 11  AND `buyer_id` = 28 LIMIT 1   FOR UPDATE [ RunTime:0.000581s ]
[2026-08-20T12:03:58+08:00][sql] SHOW FULL COLUMNS FROM `user_address` [ RunTime:0.004185s ]
[2026-08-20T12:03:58+08:00][sql] SELECT * FROM `user_address` WHERE  `id` = 10  AND `user_id` = 28 LIMIT 1 [ RunTime:0.000899s ]
[2026-08-20T12:03:58+08:00][sql] SELECT * FROM `user` WHERE  `id` = 28 LIMIT 1   FOR UPDATE [ RunTime:0.001009s ]
[2026-08-20T12:04:58+08:00][sql] CONNECT:[ UseTime:0.009757s ] mysql:host=127.0.0.1;port=3306;dbname=auction;charset=utf8mb4
[2026-08-20T12:04:58+08:00][sql] SHOW FULL COLUMNS FROM `goods` [ RunTime:0.002258s ]
[2026-08-20T12:04:58+08:00][sql] SELECT `id` FROM `goods` WHERE  `status` = 1  AND `end_time` <= 1787198698 [ RunTime:0.001186s ]
[2026-08-20T12:04:58+08:00][sql] SHOW FULL COLUMNS FROM `user` [ RunTime:0.002086s ]
[2026-08-20T12:04:58+08:00][sql] SELECT * FROM `user` WHERE  `id` = 28 LIMIT 1 [ RunTime:0.001085s ]
[2026-08-20T12:04:58+08:00][sql] SHOW FULL COLUMNS FROM `setting` [ RunTime:0.001537s ]
[2026-08-20T12:04:58+08:00][sql] SELECT * FROM `setting` [ RunTime:0.000898s ]
[2026-08-20T12:04:58+08:00][sql] SHOW FULL COLUMNS FROM `order` [ RunTime:0.001877s ]
[2026-08-20T12:04:58+08:00][sql] SELECT * FROM `order` WHERE  `id` = 11  AND `buyer_id` = 28 LIMIT 1   FOR UPDATE [ RunTime:0.001016s ]
[2026-08-20T12:04:58+08:00][sql] SHOW FULL COLUMNS FROM `user_address` [ RunTime:0.003747s ]
[2026-08-20T12:04:58+08:00][sql] SELECT * FROM `user_address` WHERE  `id` = 10  AND `user_id` = 28 LIMIT 1 [ RunTime:0.000856s ]
[2026-08-20T12:04:58+08:00][sql] SELECT * FROM `user` WHERE  `id` = 28 LIMIT 1   FOR UPDATE [ RunTime:0.000902s ]
[2026-08-20T12:05:00+08:00][sql] CONNECT:[ UseTime:0.019156s ] mysql:host=127.0.0.1;port=3306;dbname=auction;charset=utf8mb4
[2026-08-20T12:05:00+08:00][sql] SHOW FULL COLUMNS FROM `goods` [ RunTime:0.002193s ]
[2026-08-20T12:05:00+08:00][sql] SELECT `id` FROM `goods` WHERE  `status` = 1  AND `end_time` <= 1787198700 [ RunTime:0.000986s ]
[2026-08-20T12:05:00+08:00][sql] SHOW FULL COLUMNS FROM `user` [ RunTime:0.001905s ]
[2026-08-20T12:05:00+08:00][sql] SELECT * FROM `user` WHERE  `id` = 28 LIMIT 1 [ RunTime:0.001136s ]
[2026-08-20T12:05:00+08:00][sql] SHOW FULL COLUMNS FROM `setting` [ RunTime:0.001480s ]
[2026-08-20T12:05:00+08:00][sql] SELECT * FROM `setting` [ RunTime:0.000827s ]
[2026-08-20T12:05:00+08:00][sql] SHOW FULL COLUMNS FROM `bid_record` [ RunTime:0.001406s ]
[2026-08-20T12:05:00+08:00][sql] SELECT COUNT(*) AS think_count FROM `bid_record` WHERE  `user_id` = 28 [ RunTime:0.000818s ]
[2026-08-20T12:05:00+08:00][sql] SHOW FULL COLUMNS FROM `order` [ RunTime:0.001892s ]
[2026-08-20T12:05:00+08:00][sql] SELECT COUNT(*) AS think_count FROM `order` WHERE  `buyer_id` = 28  AND `pay_status` = 1 [ RunTime:0.001094s ]
[2026-08-20T12:05:00+08:00][sql] SELECT COUNT(*) AS think_count FROM `goods` WHERE  `seller_id` = 28  AND `status` = 2 [ RunTime:0.001058s ]
[2026-08-20T12:05:00+08:00][sql] SELECT COUNT(*) AS think_count FROM `goods` WHERE  `seller_id` = 28 [ RunTime:0.001030s ]
[2026-08-20T12:05:00+08:00][sql] SELECT COUNT(*) AS think_count FROM `order` WHERE  `buyer_id` = 28  AND `pay_status` = 0  AND `order_status` = 0 [ RunTime:0.001076s ]
[2026-08-20T12:05:00+08:00][sql] SELECT COUNT(*) AS think_count FROM `order` WHERE  `seller_id` = 28  AND `order_status` = 1 [ RunTime:0.001048s ]
[2026-08-20T12:05:00+08:00][sql] SELECT COUNT(*) AS think_count FROM `order` WHERE  `buyer_id` = 28  AND `order_status` = 0  AND `pay_status` = 0 [ RunTime:0.001059s ]
[2026-08-20T12:05:00+08:00][sql] SELECT COUNT(*) AS think_count FROM `order` WHERE  `buyer_id` = 28  AND `order_status` = 1 [ RunTime:0.001054s ]
[2026-08-20T12:05:00+08:00][sql] SELECT COUNT(*) AS think_count FROM `order` WHERE  `buyer_id` = 28  AND `order_status` = 2 [ RunTime:0.001221s ]
[2026-08-20T12:05:00+08:00][sql] SELECT COUNT(*) AS think_count FROM `order` WHERE  `buyer_id` = 28  AND `order_status` = 3 [ RunTime:0.001050s ]
[2026-08-20T12:05:00+08:00][sql] SELECT COUNT(*) AS think_count FROM `order` WHERE  `seller_id` = 28  AND `order_status` = 1 [ RunTime:0.001081s ]
[2026-08-20T12:05:00+08:00][sql] SHOW FULL COLUMNS FROM `goods_favorite` [ RunTime:0.002206s ]
[2026-08-20T12:05:00+08:00][sql] SELECT COUNT(*) AS think_count FROM `goods_favorite` WHERE  `user_id` = 28 [ RunTime:0.001040s ]
[2026-08-20T12:05:00+08:00][sql] SHOW FULL COLUMNS FROM `seller_follow` [ RunTime:0.001570s ]
[2026-08-20T12:05:00+08:00][sql] SELECT COUNT(*) AS think_count FROM `seller_follow` WHERE  `user_id` = 28 [ RunTime:0.000989s ]
[2026-08-20T12:05:00+08:00][sql] SHOW FULL COLUMNS FROM `browse_history` [ RunTime:0.001371s ]
[2026-08-20T12:05:00+08:00][sql] SELECT COUNT(*) AS think_count FROM `browse_history` WHERE  `user_id` = 28 [ RunTime:0.000595s ]
[2026-08-20T12:05:00+08:00][sql] SHOW FULL COLUMNS FROM `sys_message` [ RunTime:0.001601s ]
[2026-08-20T12:05:00+08:00][sql] SELECT COUNT(*) AS think_count FROM `sys_message` WHERE  `user_id` = 28  AND `is_read` = 0 [ RunTime:0.000987s ]
[2026-08-20T12:05:00+08:00][sql] SHOW FULL COLUMNS FROM `balance_log` [ RunTime:0.001546s ]
[2026-08-20T12:05:00+08:00][sql] SELECT * FROM `balance_log` WHERE  `user_id` = 28 ORDER BY `id` DESC LIMIT 5 [ RunTime:0.000861s ]
[2026-08-20T12:05:00+08:00][sql] SELECT `b`.*,`g`.`title`,`g`.`cover`,g.status as goods_status,`g`.`end_time` FROM `bid_record` `b` LEFT JOIN `goods` `g` ON `b`.`goods_id`=`g`.`id` WHERE  `b`.`user_id` = '28' ORDER BY `b`.`id` DESC LIMIT 5 [ RunTime:0.000946s ]
[2026-08-20T12:05:00+08:00][sql] SELECT `id`,`nickname`,`mobile`,`reg_time` FROM `user` WHERE  `pid` = 28 ORDER BY `id` DESC LIMIT 10 [ RunTime:0.001021s ]
[2026-08-20T12:05:00+08:00][sql] SELECT `value` FROM `setting` WHERE  `name` = 'service_link' LIMIT 1 [ RunTime:0.001157s ]
[2026-08-20T12:05:00+08:00][sql] SELECT `is_virtual` FROM `user` WHERE  `id` = 28 LIMIT 1 [ RunTime:0.001273s ]
[2026-08-20T12:05:01+08:00][sql] CONNECT:[ UseTime:0.019716s ] mysql:host=127.0.0.1;port=3306;dbname=auction;charset=utf8mb4
[2026-08-20T12:05:01+08:00][sql] SHOW FULL COLUMNS FROM `goods` [ RunTime:0.002231s ]
[2026-08-20T12:05:01+08:00][sql] SELECT `id` FROM `goods` WHERE  `status` = 1  AND `end_time` <= 1787198701 [ RunTime:0.001046s ]
[2026-08-20T12:05:01+08:00][sql] SHOW FULL COLUMNS FROM `user` [ RunTime:0.001883s ]
[2026-08-20T12:05:01+08:00][sql] SELECT * FROM `user` WHERE  `id` = 28 LIMIT 1 [ RunTime:0.001029s ]
[2026-08-20T12:05:01+08:00][sql] SHOW FULL COLUMNS FROM `setting` [ RunTime:0.001533s ]
[2026-08-20T12:05:01+08:00][sql] SELECT * FROM `setting` [ RunTime:0.000876s ]
[2026-08-20T12:05:01+08:00][sql] SELECT * FROM `user` WHERE  `id` = 28 LIMIT 1 [ RunTime:0.000984s ]
[2026-08-20T12:05:01+08:00][sql] SHOW FULL COLUMNS FROM `order` [ RunTime:0.001740s ]
[2026-08-20T12:05:01+08:00][sql] SELECT COUNT(*) AS think_count FROM `order` WHERE  `buyer_id` = 28  AND `order_status` = 0  AND `pay_status` = 0 [ RunTime:0.001071s ]
[2026-08-20T12:05:01+08:00][sql] SELECT COUNT(*) AS think_count FROM `order` WHERE  `buyer_id` = 28  AND `order_status` = 3 [ RunTime:0.001058s ]
[2026-08-20T12:05:01+08:00][sql] SHOW FULL COLUMNS FROM `balance_log` [ RunTime:0.001752s ]
[2026-08-20T12:05:01+08:00][sql] SELECT * FROM `balance_log` WHERE  `user_id` = 28 ORDER BY `id` DESC LIMIT 8 [ RunTime:0.001049s ]
[2026-08-20T12:05:09+08:00][sql] CONNECT:[ UseTime:0.001985s ] mysql:host=127.0.0.1;port=3306;dbname=auction;charset=utf8mb4
[2026-08-20T12:05:09+08:00][sql] SHOW FULL COLUMNS FROM `goods` [ RunTime:0.001249s ]
[2026-08-20T12:05:09+08:00][sql] SELECT `id` FROM `goods` WHERE  `status` = 1  AND `end_time` <= 1787198709 [ RunTime:0.000824s ]
[2026-08-20T12:05:09+08:00][sql] SHOW FULL COLUMNS FROM `user` [ RunTime:0.001614s ]
[2026-08-20T12:05:09+08:00][sql] SELECT * FROM `user` WHERE  `id` = 28 LIMIT 1 [ RunTime:0.000962s ]
[2026-08-20T12:05:09+08:00][sql] SHOW FULL COLUMNS FROM `setting` [ RunTime:0.001328s ]
[2026-08-20T12:05:09+08:00][sql] SELECT * FROM `setting` [ RunTime:0.000671s ]
[2026-08-20T12:05:09+08:00][sql] SELECT COUNT(*) AS think_count FROM `goods` `g` LEFT JOIN `user` `u` ON `g`.`seller_id`=`u`.`id` WHERE  `g`.`status` = '1'  AND `g`.`start_time` <= '1787198709'  AND `g`.`end_time` > '1787198709' [ RunTime:0.000837s ]
[2026-08-20T12:05:09+08:00][sql] SELECT `g`.*,u.nickname as seller_name FROM `goods` `g` LEFT JOIN `user` `u` ON `g`.`seller_id`=`u`.`id` WHERE  `g`.`status` = '1'  AND `g`.`start_time` <= '1787198709'  AND `g`.`end_time` > '1787198709' ORDER BY `g`.`end_time` ASC,`g`.`id` DESC LIMIT 0,10 [ RunTime:0.001053s ]
[2026-08-20T12:05:09+08:00][sql] SHOW FULL COLUMNS FROM `bid_record` [ RunTime:0.001208s ]
[2026-08-20T12:05:09+08:00][sql] SELECT MAX(`price`) AS think_max FROM `bid_record` WHERE  `goods_id` = 36  AND `status` = 0 [ RunTime:0.000819s ]
[2026-08-20T12:05:09+08:00][sql] SHOW FULL COLUMNS FROM `category` [ RunTime:0.001285s ]
[2026-08-20T12:05:09+08:00][sql] SELECT * FROM `category` WHERE  `status` = 1 ORDER BY `sort` ASC [ RunTime:0.000513s ]
[2026-08-20T12:05:09+08:00][sql] SELECT `b`.`price`,`b`.`create_time`,`g`.`title`,`u`.`nickname` FROM `bid_record` `b` LEFT JOIN `goods` `g` ON `b`.`goods_id`=`g`.`id` LEFT JOIN `user` `u` ON `b`.`user_id`=`u`.`id` WHERE  `b`.`status` = '1' ORDER BY `b`.`id` DESC LIMIT 5 [ RunTime:0.000606s ]
[2026-08-20T12:05:09+08:00][sql] SHOW FULL COLUMNS FROM `news` [ RunTime:0.001157s ]
[2026-08-20T12:05:09+08:00][sql] SELECT `id`,`title`,`create_time` FROM `news` WHERE  `status` = 1 ORDER BY `id` DESC LIMIT 3 [ RunTime:0.000696s ]
[2026-08-20T12:05:09+08:00][sql] SHOW FULL COLUMNS FROM `banner` [ RunTime:0.001091s ]
[2026-08-20T12:05:09+08:00][sql] SELECT * FROM `banner` WHERE  `status` = 1 ORDER BY `sort` ASC,`id` ASC [ RunTime:0.000734s ]
[2026-08-20T12:05:11+08:00][sql] CONNECT:[ UseTime:0.008958s ] mysql:host=127.0.0.1;port=3306;dbname=auction;charset=utf8mb4
[2026-08-20T12:05:11+08:00][sql] SHOW FULL COLUMNS FROM `goods` [ RunTime:0.002112s ]
[2026-08-20T12:05:11+08:00][sql] SELECT `id` FROM `goods` WHERE  `status` = 1  AND `end_time` <= 1787198711 [ RunTime:0.000996s ]
[2026-08-20T12:05:11+08:00][sql] SHOW FULL COLUMNS FROM `user` [ RunTime:0.001903s ]
[2026-08-20T12:05:11+08:00][sql] SELECT * FROM `user` WHERE  `id` = 28 LIMIT 1 [ RunTime:0.001023s ]
[2026-08-20T12:05:11+08:00][sql] SHOW FULL COLUMNS FROM `setting` [ RunTime:0.001477s ]
[2026-08-20T12:05:11+08:00][sql] SELECT * FROM `setting` [ RunTime:0.000842s ]
[2026-08-20T12:05:11+08:00][sql] SELECT `g`.*,u.nickname as seller_name,u.shop_name as seller_shop,u.avatar as seller_avatar,`u`.`seller_intro`,u.deposit as seller_deposit,`u`.`shop_score`,`u`.`fans_count`,c.name as category_name FROM `goods` `g` LEFT JOIN `user` `u` ON `g`.`seller_id`=`u`.`id` LEFT JOIN `category` `c` ON `g`.`category_id`=`c`.`id` WHERE  `g`.`id` = '36' LIMIT 1 [ RunTime:0.001374s ]
[2026-08-20T12:05:11+08:00][sql] UPDATE `goods`  SET `view_count` = `view_count` + 1  WHERE  `id` = 36 [ RunTime:0.002331s ]
[2026-08-20T12:05:11+08:00][sql] SHOW FULL COLUMNS FROM `bid_record` [ RunTime:0.001998s ]
[2026-08-20T12:05:11+08:00][sql] SELECT `b`.*,`u`.`nickname`,`u`.`mobile` FROM `bid_record` `b` LEFT JOIN `user` `u` ON `b`.`user_id`=`u`.`id` WHERE  `b`.`goods_id` = '36'  AND `b`.`status` = '0' ORDER BY `b`.`price` DESC,`b`.`id` ASC LIMIT 1 [ RunTime:0.001408s ]
[2026-08-20T12:05:11+08:00][sql] SELECT `b`.*,`u`.`nickname`,`u`.`mobile` FROM `bid_record` `b` LEFT JOIN `user` `u` ON `b`.`user_id`=`u`.`id` WHERE  `b`.`goods_id` = '36' ORDER BY `b`.`price` DESC,`b`.`id` ASC LIMIT 50 [ RunTime:0.001390s ]
[2026-08-20T12:05:11+08:00][sql] SELECT MAX(`price`) AS think_max FROM `bid_record` WHERE  `goods_id` = 36  AND `user_id` = 28  AND `status` = 0 [ RunTime:0.005660s ]
[2026-08-20T12:05:11+08:00][sql] SELECT MAX(`deposit`) AS think_max FROM `bid_record` WHERE  `goods_id` = 36  AND `user_id` = 28  AND `deposit` > '0' [ RunTime:0.004575s ]
[2026-08-20T12:05:11+08:00][sql] SHOW FULL COLUMNS FROM `browse_history` [ RunTime:0.001640s ]
[2026-08-20T12:05:11+08:00][sql] REPLACE INTO `browse_history` SET `user_id` = 28 , `goods_id` = 36 , `create_time` = 1787198711 [ RunTime:0.001953s ]
[2026-08-20T12:05:11+08:00][sql] SHOW FULL COLUMNS FROM `goods_favorite` [ RunTime:0.001441s ]
[2026-08-20T12:05:11+08:00][sql] SELECT COUNT(*) AS think_count FROM `goods_favorite` WHERE  `user_id` = 28  AND `goods_id` = 36 [ RunTime:0.000801s ]
[2026-08-20T12:05:11+08:00][sql] SHOW FULL COLUMNS FROM `seller_follow` [ RunTime:0.001457s ]
[2026-08-20T12:05:11+08:00][sql] SELECT COUNT(*) AS think_count FROM `seller_follow` WHERE  `user_id` = 28  AND `seller_id` = 29 [ RunTime:0.000774s ]
[2026-08-20T12:05:13+08:00][sql] CONNECT:[ UseTime:0.002422s ] mysql:host=127.0.0.1;port=3306;dbname=auction;charset=utf8mb4
[2026-08-20T12:05:13+08:00][sql] SHOW FULL COLUMNS FROM `goods` [ RunTime:0.001621s ]
[2026-08-20T12:05:13+08:00][sql] SELECT `id` FROM `goods` WHERE  `status` = 1  AND `end_time` <= 1787198713 [ RunTime:0.000867s ]
[2026-08-20T12:05:13+08:00][sql] SHOW FULL COLUMNS FROM `user` [ RunTime:0.001517s ]
[2026-08-20T12:05:13+08:00][sql] SELECT * FROM `user` WHERE  `id` = 28 LIMIT 1 [ RunTime:0.000903s ]
[2026-08-20T12:05:13+08:00][sql] SHOW FULL COLUMNS FROM `setting` [ RunTime:0.001110s ]
[2026-08-20T12:05:13+08:00][sql] SELECT * FROM `setting` [ RunTime:0.000625s ]
[2026-08-20T12:05:13+08:00][sql] SELECT * FROM `goods` WHERE  `id` = 36 LIMIT 1   FOR UPDATE [ RunTime:0.000803s ]
[2026-08-20T12:05:13+08:00][sql] SHOW FULL COLUMNS FROM `bid_record` [ RunTime:0.001110s ]
[2026-08-20T12:05:13+08:00][sql] SELECT MAX(`price`) AS think_max FROM `bid_record` WHERE  `goods_id` = 36  AND `status` = 0 [ RunTime:0.000786s ]
[2026-08-20T12:05:13+08:00][sql] SELECT * FROM `user` WHERE  `id` = 28 LIMIT 1   FOR UPDATE [ RunTime:0.000798s ]
[2026-08-20T12:05:13+08:00][sql] SELECT MAX(`deposit`) AS think_max FROM `bid_record` WHERE  `goods_id` = 36  AND `user_id` = 28  AND `deposit` > '0' [ RunTime:0.003807s ]
[2026-08-20T12:05:13+08:00][sql] SELECT * FROM `bid_record` WHERE  `goods_id` = 36  AND `status` = 0 ORDER BY `price` DESC,`id` ASC LIMIT 1 [ RunTime:0.000782s ]
[2026-08-20T12:05:13+08:00][sql] INSERT INTO `bid_record` SET `goods_id` = 36 , `user_id` = 28 , `price` = '1911' , `deposit` = '0' , `status` = 0 , `is_winner` = 0 , `create_time` = 1787198713 [ RunTime:0.000727s ]
[2026-08-20T12:05:13+08:00][sql] UPDATE `goods`  SET `bid_count` = bid_count+1 , `update_time` = 1787198713  WHERE  `id` = 36 [ RunTime:0.000816s ]
[2026-08-20T12:05:13+08:00][sql] SHOW FULL COLUMNS FROM `sys_message` [ RunTime:0.001469s ]
[2026-08-20T12:05:13+08:00][sql] INSERT INTO `sys_message` SET `user_id` = 20 , `admin_id` = 0 , `title` = '竞拍出局通知' , `content` = '您出价竞拍的「111」已出局：您的出价 ¥1,811.00 于 2026-08-20 12:05:13 被 ¥1,911.00 超过，当前最高价 ¥1,911.00。如需继续竞拍，请再次出价。' , `is_read` = 0 , `create_time` = 1787198713 [ RunTime:0.000786s ]
[2026-08-20T12:05:14+08:00][sql] CONNECT:[ UseTime:0.001826s ] mysql:host=127.0.0.1;port=3306;dbname=auction;charset=utf8mb4
[2026-08-20T12:05:14+08:00][sql] SHOW FULL COLUMNS FROM `goods` [ RunTime:0.001795s ]
[2026-08-20T12:05:14+08:00][sql] SELECT `id` FROM `goods` WHERE  `status` = 1  AND `end_time` <= 1787198714 [ RunTime:0.001498s ]
[2026-08-20T12:05:14+08:00][sql] SHOW FULL COLUMNS FROM `user` [ RunTime:0.002411s ]
[2026-08-20T12:05:14+08:00][sql] SELECT * FROM `user` WHERE  `id` = 28 LIMIT 1 [ RunTime:0.000905s ]
[2026-08-20T12:05:14+08:00][sql] SHOW FULL COLUMNS FROM `setting` [ RunTime:0.002103s ]
[2026-08-20T12:05:14+08:00][sql] SELECT * FROM `setting` [ RunTime:0.000771s ]
[2026-08-20T12:05:14+08:00][sql] SELECT `g`.*,u.nickname as seller_name,u.shop_name as seller_shop,u.avatar as seller_avatar,`u`.`seller_intro`,u.deposit as seller_deposit,`u`.`shop_score`,`u`.`fans_count`,c.name as category_name FROM `goods` `g` LEFT JOIN `user` `u` ON `g`.`seller_id`=`u`.`id` LEFT JOIN `category` `c` ON `g`.`category_id`=`c`.`id` WHERE  `g`.`id` = '36' LIMIT 1 [ RunTime:0.001047s ]
[2026-08-20T12:05:14+08:00][sql] UPDATE `goods`  SET `view_count` = `view_count` + 1  WHERE  `id` = 36 [ RunTime:0.005298s ]
[2026-08-20T12:05:14+08:00][sql] SHOW FULL COLUMNS FROM `bid_record` [ RunTime:0.001089s ]
[2026-08-20T12:05:14+08:00][sql] SELECT `b`.*,`u`.`nickname`,`u`.`mobile` FROM `bid_record` `b` LEFT JOIN `user` `u` ON `b`.`user_id`=`u`.`id` WHERE  `b`.`goods_id` = '36'  AND `b`.`status` = '0' ORDER BY `b`.`price` DESC,`b`.`id` ASC LIMIT 1 [ RunTime:0.000869s ]
[2026-08-20T12:05:14+08:00][sql] SELECT `b`.*,`u`.`nickname`,`u`.`mobile` FROM `bid_record` `b` LEFT JOIN `user` `u` ON `b`.`user_id`=`u`.`id` WHERE  `b`.`goods_id` = '36' ORDER BY `b`.`price` DESC,`b`.`id` ASC LIMIT 50 [ RunTime:0.000814s ]
[2026-08-20T12:05:14+08:00][sql] SELECT MAX(`price`) AS think_max FROM `bid_record` WHERE  `goods_id` = 36  AND `user_id` = 28  AND `status` = 0 [ RunTime:0.004125s ]
[2026-08-20T12:05:14+08:00][sql] SELECT MAX(`deposit`) AS think_max FROM `bid_record` WHERE  `goods_id` = 36  AND `user_id` = 28  AND `deposit` > '0' [ RunTime:0.003604s ]
[2026-08-20T12:05:14+08:00][sql] SHOW FULL COLUMNS FROM `browse_history` [ RunTime:0.001103s ]
[2026-08-20T12:05:14+08:00][sql] REPLACE INTO `browse_history` SET `user_id` = 28 , `goods_id` = 36 , `create_time` = 1787198714 [ RunTime:0.001856s ]
[2026-08-20T12:05:14+08:00][sql] SHOW FULL COLUMNS FROM `goods_favorite` [ RunTime:0.001079s ]
[2026-08-20T12:05:14+08:00][sql] SELECT COUNT(*) AS think_count FROM `goods_favorite` WHERE  `user_id` = 28  AND `goods_id` = 36 [ RunTime:0.000519s ]
[2026-08-20T12:05:14+08:00][sql] SHOW FULL COLUMNS FROM `seller_follow` [ RunTime:0.000878s ]
[2026-08-20T12:05:14+08:00][sql] SELECT COUNT(*) AS think_count FROM `seller_follow` WHERE  `user_id` = 28  AND `seller_id` = 29 [ RunTime:0.000592s ]
[2026-08-20T12:05:23+08:00][sql] CONNECT:[ UseTime:0.002461s ] mysql:host=127.0.0.1;port=3306;dbname=auction;charset=utf8mb4
[2026-08-20T12:05:23+08:00][sql] SHOW FULL COLUMNS FROM `goods` [ RunTime:0.001632s ]
[2026-08-20T12:05:23+08:00][sql] SELECT `id` FROM `goods` WHERE  `status` = 1  AND `end_time` <= 1787198723 [ RunTime:0.000884s ]
[2026-08-20T12:05:23+08:00][sql] SHOW FULL COLUMNS FROM `user` [ RunTime:0.001566s ]
[2026-08-20T12:05:23+08:00][sql] SELECT * FROM `user` WHERE  `id` = 28 LIMIT 1 [ RunTime:0.000910s ]
[2026-08-20T12:05:23+08:00][sql] SHOW FULL COLUMNS FROM `setting` [ RunTime:0.001228s ]
[2026-08-20T12:05:23+08:00][sql] SELECT * FROM `setting` [ RunTime:0.000707s ]
[2026-08-20T12:05:23+08:00][sql] SELECT * FROM `goods` WHERE  `id` = 36 LIMIT 1   FOR UPDATE [ RunTime:0.000868s ]
[2026-08-20T12:05:23+08:00][sql] SHOW FULL COLUMNS FROM `bid_record` [ RunTime:0.001334s ]
[2026-08-20T12:05:23+08:00][sql] SELECT MAX(`price`) AS think_max FROM `bid_record` WHERE  `goods_id` = 36  AND `status` = 0 [ RunTime:0.000826s ]
[2026-08-20T12:05:23+08:00][sql] SELECT * FROM `user` WHERE  `id` = 28 LIMIT 1   FOR UPDATE [ RunTime:0.000622s ]
[2026-08-20T12:05:23+08:00][sql] SELECT MAX(`deposit`) AS think_max FROM `bid_record` WHERE  `goods_id` = 36  AND `user_id` = 28  AND `deposit` > '0' [ RunTime:0.003947s ]
[2026-08-20T12:05:23+08:00][sql] SELECT * FROM `bid_record` WHERE  `goods_id` = 36  AND `status` = 0 ORDER BY `price` DESC,`id` ASC LIMIT 1 [ RunTime:0.000902s ]
[2026-08-20T12:05:23+08:00][sql] INSERT INTO `bid_record` SET `goods_id` = 36 , `user_id` = 28 , `price` = '2011' , `deposit` = '0' , `status` = 0 , `is_winner` = 0 , `create_time` = 1787198723 [ RunTime:0.000774s ]
[2026-08-20T12:05:23+08:00][sql] UPDATE `goods`  SET `bid_count` = bid_count+1 , `update_time` = 1787198723  WHERE  `id` = 36 [ RunTime:0.000792s ]
[2026-08-20T12:05:24+08:00][sql] CONNECT:[ UseTime:0.002388s ] mysql:host=127.0.0.1;port=3306;dbname=auction;charset=utf8mb4
[2026-08-20T12:05:24+08:00][sql] SHOW FULL COLUMNS FROM `goods` [ RunTime:0.002261s ]
[2026-08-20T12:05:24+08:00][sql] SELECT `id` FROM `goods` WHERE  `status` = 1  AND `end_time` <= 1787198724 [ RunTime:0.001087s ]
[2026-08-20T12:05:24+08:00][sql] SHOW FULL COLUMNS FROM `user` [ RunTime:0.002020s ]
[2026-08-20T12:05:24+08:00][sql] SELECT * FROM `user` WHERE  `id` = 28 LIMIT 1 [ RunTime:0.001192s ]
[2026-08-20T12:05:24+08:00][sql] SHOW FULL COLUMNS FROM `setting` [ RunTime:0.001651s ]
[2026-08-20T12:05:24+08:00][sql] SELECT * FROM `setting` [ RunTime:0.000941s ]
[2026-08-20T12:05:24+08:00][sql] SELECT `g`.*,u.nickname as seller_name,u.shop_name as seller_shop,u.avatar as seller_avatar,`u`.`seller_intro`,u.deposit as seller_deposit,`u`.`shop_score`,`u`.`fans_count`,c.name as category_name FROM `goods` `g` LEFT JOIN `user` `u` ON `g`.`seller_id`=`u`.`id` LEFT JOIN `category` `c` ON `g`.`category_id`=`c`.`id` WHERE  `g`.`id` = '36' LIMIT 1 [ RunTime:0.001401s ]
[2026-08-20T12:05:24+08:00][sql] UPDATE `goods`  SET `view_count` = `view_count` + 1  WHERE  `id` = 36 [ RunTime:0.004995s ]
[2026-08-20T12:05:24+08:00][sql] SHOW FULL COLUMNS FROM `bid_record` [ RunTime:0.001904s ]
[2026-08-20T12:05:24+08:00][sql] SELECT `b`.*,`u`.`nickname`,`u`.`mobile` FROM `bid_record` `b` LEFT JOIN `user` `u` ON `b`.`user_id`=`u`.`id` WHERE  `b`.`goods_id` = '36'  AND `b`.`status` = '0' ORDER BY `b`.`price` DESC,`b`.`id` ASC LIMIT 1 [ RunTime:0.001228s ]
[2026-08-20T12:05:24+08:00][sql] SELECT `b`.*,`u`.`nickname`,`u`.`mobile` FROM `bid_record` `b` LEFT JOIN `user` `u` ON `b`.`user_id`=`u`.`id` WHERE  `b`.`goods_id` = '36' ORDER BY `b`.`price` DESC,`b`.`id` ASC LIMIT 50 [ RunTime:0.001289s ]
[2026-08-20T12:05:24+08:00][sql] SELECT MAX(`price`) AS think_max FROM `bid_record` WHERE  `goods_id` = 36  AND `user_id` = 28  AND `status` = 0 [ RunTime:0.006531s ]
[2026-08-20T12:05:24+08:00][sql] SELECT MAX(`deposit`) AS think_max FROM `bid_record` WHERE  `goods_id` = 36  AND `user_id` = 28  AND `deposit` > '0' [ RunTime:0.005394s ]
[2026-08-20T12:05:24+08:00][sql] SHOW FULL COLUMNS FROM `browse_history` [ RunTime:0.001650s ]
[2026-08-20T12:05:24+08:00][sql] REPLACE INTO `browse_history` SET `user_id` = 28 , `goods_id` = 36 , `create_time` = 1787198724 [ RunTime:0.002440s ]
[2026-08-20T12:05:24+08:00][sql] SHOW FULL COLUMNS FROM `goods_favorite` [ RunTime:0.002061s ]
[2026-08-20T12:05:24+08:00][sql] SELECT COUNT(*) AS think_count FROM `goods_favorite` WHERE  `user_id` = 28  AND `goods_id` = 36 [ RunTime:0.001107s ]
[2026-08-20T12:05:24+08:00][sql] SHOW FULL COLUMNS FROM `seller_follow` [ RunTime:0.001923s ]
[2026-08-20T12:05:24+08:00][sql] SELECT COUNT(*) AS think_count FROM `seller_follow` WHERE  `user_id` = 28  AND `seller_id` = 29 [ RunTime:0.001128s ]
[2026-08-20T12:05:26+08:00][sql] CONNECT:[ UseTime:0.018278s ] mysql:host=127.0.0.1;port=3306;dbname=auction;charset=utf8mb4
[2026-08-20T12:05:26+08:00][sql] SHOW FULL COLUMNS FROM `goods` [ RunTime:0.005770s ]
[2026-08-20T12:05:26+08:00][sql] SELECT `id` FROM `goods` WHERE  `status` = 1  AND `end_time` <= 1787198726 [ RunTime:0.001188s ]
[2026-08-20T12:05:26+08:00][sql] SHOW FULL COLUMNS FROM `user` [ RunTime:0.002046s ]
[2026-08-20T12:05:26+08:00][sql] SELECT * FROM `user` WHERE  `id` = 28 LIMIT 1 [ RunTime:0.001044s ]
[2026-08-20T12:05:26+08:00][sql] SHOW FULL COLUMNS FROM `setting` [ RunTime:0.001507s ]
[2026-08-20T12:05:26+08:00][sql] SELECT * FROM `setting` [ RunTime:0.001340s ]
[2026-08-20T12:05:26+08:00][sql] SHOW FULL COLUMNS FROM `bid_record` [ RunTime:0.002122s ]
[2026-08-20T12:05:26+08:00][sql] SELECT COUNT(*) AS think_count FROM `bid_record` WHERE  `user_id` = 28 [ RunTime:0.001180s ]
[2026-08-20T12:05:26+08:00][sql] SHOW FULL COLUMNS FROM `order` [ RunTime:0.002241s ]
[2026-08-20T12:05:26+08:00][sql] SELECT COUNT(*) AS think_count FROM `order` WHERE  `buyer_id` = 28  AND `pay_status` = 1 [ RunTime:0.001291s ]
[2026-08-20T12:05:26+08:00][sql] SELECT COUNT(*) AS think_count FROM `goods` WHERE  `seller_id` = 28  AND `status` = 2 [ RunTime:0.001039s ]
[2026-08-20T12:05:26+08:00][sql] SELECT COUNT(*) AS think_count FROM `goods` WHERE  `seller_id` = 28 [ RunTime:0.000935s ]
[2026-08-20T12:05:26+08:00][sql] SELECT COUNT(*) AS think_count FROM `order` WHERE  `buyer_id` = 28  AND `pay_status` = 0  AND `order_status` = 0 [ RunTime:0.000912s ]
[2026-08-20T12:05:26+08:00][sql] SELECT COUNT(*) AS think_count FROM `order` WHERE  `seller_id` = 28  AND `order_status` = 1 [ RunTime:0.001162s ]
[2026-08-20T12:05:26+08:00][sql] SELECT COUNT(*) AS think_count FROM `order` WHERE  `buyer_id` = 28  AND `order_status` = 0  AND `pay_status` = 0 [ RunTime:0.001034s ]
[2026-08-20T12:05:26+08:00][sql] SELECT COUNT(*) AS think_count FROM `order` WHERE  `buyer_id` = 28  AND `order_status` = 1 [ RunTime:0.000694s ]
[2026-08-20T12:05:26+08:00][sql] SELECT COUNT(*) AS think_count FROM `order` WHERE  `buyer_id` = 28  AND `order_status` = 2 [ RunTime:0.000978s ]
[2026-08-20T12:05:26+08:00][sql] SELECT COUNT(*) AS think_count FROM `order` WHERE  `buyer_id` = 28  AND `order_status` = 3 [ RunTime:0.000923s ]
[2026-08-20T12:05:26+08:00][sql] SELECT COUNT(*) AS think_count FROM `order` WHERE  `seller_id` = 28  AND `order_status` = 1 [ RunTime:0.000909s ]
[2026-08-20T12:05:26+08:00][sql] SHOW FULL COLUMNS FROM `goods_favorite` [ RunTime:0.001563s ]
[2026-08-20T12:05:26+08:00][sql] SELECT COUNT(*) AS think_count FROM `goods_favorite` WHERE  `user_id` = 28 [ RunTime:0.000835s ]
[2026-08-20T12:05:26+08:00][sql] SHOW FULL COLUMNS FROM `seller_follow` [ RunTime:0.001502s ]
[2026-08-20T12:05:26+08:00][sql] SELECT COUNT(*) AS think_count FROM `seller_follow` WHERE  `user_id` = 28 [ RunTime:0.000888s ]
[2026-08-20T12:05:26+08:00][sql] SHOW FULL COLUMNS FROM `browse_history` [ RunTime:0.001474s ]
[2026-08-20T12:05:26+08:00][sql] SELECT COUNT(*) AS think_count FROM `browse_history` WHERE  `user_id` = 28 [ RunTime:0.000835s ]
[2026-08-20T12:05:26+08:00][sql] SHOW FULL COLUMNS FROM `sys_message` [ RunTime:0.001592s ]
[2026-08-20T12:05:26+08:00][sql] SELECT COUNT(*) AS think_count FROM `sys_message` WHERE  `user_id` = 28  AND `is_read` = 0 [ RunTime:0.001328s ]
[2026-08-20T12:05:26+08:00][sql] SHOW FULL COLUMNS FROM `balance_log` [ RunTime:0.001669s ]
[2026-08-20T12:05:26+08:00][sql] SELECT * FROM `balance_log` WHERE  `user_id` = 28 ORDER BY `id` DESC LIMIT 5 [ RunTime:0.001232s ]
[2026-08-20T12:05:26+08:00][sql] SELECT `b`.*,`g`.`title`,`g`.`cover`,g.status as goods_status,`g`.`end_time` FROM `bid_record` `b` LEFT JOIN `goods` `g` ON `b`.`goods_id`=`g`.`id` WHERE  `b`.`user_id` = '28' ORDER BY `b`.`id` DESC LIMIT 5 [ RunTime:0.001398s ]
[2026-08-20T12:05:26+08:00][sql] SELECT `id`,`nickname`,`mobile`,`reg_time` FROM `user` WHERE  `pid` = 28 ORDER BY `id` DESC LIMIT 10 [ RunTime:0.001074s ]
[2026-08-20T12:05:26+08:00][sql] SELECT `value` FROM `setting` WHERE  `name` = 'service_link' LIMIT 1 [ RunTime:0.000993s ]
[2026-08-20T12:05:26+08:00][sql] SELECT `is_virtual` FROM `user` WHERE  `id` = 28 LIMIT 1 [ RunTime:0.000974s ]
[2026-08-20T12:05:42+08:00][sql] CONNECT:[ UseTime:0.015846s ] mysql:host=127.0.0.1;port=3306;dbname=auction;charset=utf8mb4
[2026-08-20T12:05:42+08:00][sql] SHOW FULL COLUMNS FROM `goods` [ RunTime:0.002108s ]
[2026-08-20T12:05:42+08:00][sql] SELECT `id` FROM `goods` WHERE  `status` = 1  AND `end_time` <= 1787198742 [ RunTime:0.000994s ]
[2026-08-20T12:05:42+08:00][sql] SHOW FULL COLUMNS FROM `user` [ RunTime:0.001901s ]
[2026-08-20T12:05:42+08:00][sql] SELECT * FROM `user` WHERE  `id` = 28 LIMIT 1 [ RunTime:0.001024s ]
[2026-08-20T12:05:42+08:00][sql] SHOW FULL COLUMNS FROM `setting` [ RunTime:0.001498s ]
[2026-08-20T12:05:42+08:00][sql] SELECT * FROM `setting` [ RunTime:0.000818s ]
[2026-08-20T12:05:42+08:00][sql] SHOW FULL COLUMNS FROM `order` [ RunTime:0.002081s ]
[2026-08-20T12:05:42+08:00][sql] SELECT COUNT(*) AS think_count FROM `order` `o` LEFT JOIN `goods` `g` ON `o`.`goods_id`=`g`.`id` LEFT JOIN `after_sale` `a` ON `a`.`order_id`=`o`.`id` WHERE  `o`.`buyer_id` = '28'  AND `o`.`order_status` = '0' [ RunTime:0.004098s ]
[2026-08-20T12:05:42+08:00][sql] SELECT o.*, g.cover as goods_cover2, IF(a.id IS NULL, 0, 1) as has_after_sale FROM `order` `o` LEFT JOIN `goods` `g` ON `o`.`goods_id`=`g`.`id` LEFT JOIN `after_sale` `a` ON `a`.`order_id`=`o`.`id` WHERE  `o`.`buyer_id` = '28'  AND `o`.`order_status` = '0' ORDER BY `o`.`id` DESC LIMIT 0,10 [ RunTime:0.001467s ]
[2026-08-20T12:09:07+08:00][sql] CONNECT:[ UseTime:0.027071s ] mysql:host=127.0.0.1;port=3306;dbname=auction;charset=utf8mb4
[2026-08-20T12:09:07+08:00][sql] SHOW FULL COLUMNS FROM `goods` [ RunTime:0.001657s ]
[2026-08-20T12:09:07+08:00][sql] SELECT `id` FROM `goods` WHERE  `status` = 1  AND `end_time` <= 1787198947 [ RunTime:0.000743s ]
[2026-08-20T12:09:07+08:00][sql] SHOW FULL COLUMNS FROM `user` [ RunTime:0.001313s ]
[2026-08-20T12:09:07+08:00][sql] SELECT * FROM `user` WHERE  `id` = 28 LIMIT 1 [ RunTime:0.000803s ]
[2026-08-20T12:09:07+08:00][sql] SHOW FULL COLUMNS FROM `setting` [ RunTime:0.001140s ]
[2026-08-20T12:09:07+08:00][sql] SELECT * FROM `setting` [ RunTime:0.000656s ]
[2026-08-20T12:09:07+08:00][sql] SHOW FULL COLUMNS FROM `order` [ RunTime:0.001372s ]
[2026-08-20T12:09:07+08:00][sql] SELECT `o`.*,g.cover as goods_cover2,`g`.`images` FROM `order` `o` LEFT JOIN `goods` `g` ON `o`.`goods_id`=`g`.`id` WHERE  `o`.`id` = '11'  AND `o`.`buyer_id` = '28' LIMIT 1 [ RunTime:0.000794s ]
[2026-08-20T12:09:07+08:00][sql] SHOW FULL COLUMNS FROM `user_address` [ RunTime:0.000992s ]
[2026-08-20T12:09:07+08:00][sql] SELECT * FROM `user_address` WHERE  `user_id` = 28 ORDER BY `is_default` DESC,`id` DESC [ RunTime:0.000716s ]
[2026-08-20T12:09:09+08:00][sql] CONNECT:[ UseTime:0.026786s ] mysql:host=127.0.0.1;port=3306;dbname=auction;charset=utf8mb4
[2026-08-20T12:09:09+08:00][sql] SHOW FULL COLUMNS FROM `goods` [ RunTime:0.001565s ]
[2026-08-20T12:09:09+08:00][sql] SELECT `id` FROM `goods` WHERE  `status` = 1  AND `end_time` <= 1787198949 [ RunTime:0.001056s ]
[2026-08-20T12:09:09+08:00][sql] SHOW FULL COLUMNS FROM `user` [ RunTime:0.001905s ]
[2026-08-20T12:09:09+08:00][sql] SELECT * FROM `user` WHERE  `id` = 28 LIMIT 1 [ RunTime:0.000998s ]
[2026-08-20T12:09:09+08:00][sql] SHOW FULL COLUMNS FROM `setting` [ RunTime:0.001488s ]
[2026-08-20T12:09:09+08:00][sql] SELECT * FROM `setting` [ RunTime:0.000837s ]
[2026-08-20T12:09:09+08:00][sql] SHOW FULL COLUMNS FROM `order` [ RunTime:0.001727s ]
[2026-08-20T12:09:09+08:00][sql] SELECT * FROM `order` WHERE  `id` = 11  AND `buyer_id` = 28 LIMIT 1   FOR UPDATE [ RunTime:0.001145s ]
[2026-08-20T12:09:09+08:00][sql] SHOW FULL COLUMNS FROM `user_address` [ RunTime:0.001869s ]
[2026-08-20T12:09:09+08:00][sql] SELECT * FROM `user_address` WHERE  `id` = 10  AND `user_id` = 28 LIMIT 1 [ RunTime:0.001151s ]
[2026-08-20T12:09:09+08:00][sql] SELECT * FROM `user` WHERE  `id` = 28 LIMIT 1   FOR UPDATE [ RunTime:0.001306s ]
[2026-08-20T12:09:09+08:00][sql] UPDATE `order`  SET `pay_status` = 1 , `pay_time` = 1787198949 , `order_status` = 1 , `ship_name` = '11' , `ship_mobile` = '13666666666' , `ship_address` = '1   1' , `update_time` = 1787198949  WHERE  `id` = 11 [ RunTime:0.001283s ]
[2026-08-20T12:09:09+08:00][sql] UPDATE `user`  SET `total_buy` = total_buy+1  WHERE  `id` = 28 [ RunTime:0.001232s ]
[2026-08-20T12:09:09+08:00][sql] SELECT * FROM `user` WHERE  `id` = 20 LIMIT 1   FOR UPDATE [ RunTime:0.001280s ]
[2026-08-20T12:09:09+08:00][sql] UPDATE `user`  SET `balance` = '4560' , `total_sell` = total_sell+1 , `update_time` = 1787198949  WHERE  `id` = 20 [ RunTime:0.001165s ]
[2026-08-20T12:09:09+08:00][sql] SELECT `id`,`is_virtual` FROM `user` WHERE  `id` = 20 LIMIT 1 [ RunTime:0.001067s ]
[2026-08-20T12:09:09+08:00][sql] SHOW FULL COLUMNS FROM `balance_log` [ RunTime:0.002033s ]
[2026-08-20T12:09:09+08:00][sql] INSERT INTO `balance_log` SET `user_id` = 20 , `type` = 'income' , `amount` = '270.00' , `balance` = '4560' , `remark` = '拍卖成交收入：AU20260820120301760758（平台佣金 ¥30.00）' , `create_time` = 1787198949 [ RunTime:0.001284s ]
[2026-08-20T12:09:10+08:00][sql] CONNECT:[ UseTime:0.014769s ] mysql:host=127.0.0.1;port=3306;dbname=auction;charset=utf8mb4
[2026-08-20T12:09:10+08:00][sql] SHOW FULL COLUMNS FROM `goods` [ RunTime:0.002506s ]
[2026-08-20T12:09:10+08:00][sql] SELECT `id` FROM `goods` WHERE  `status` = 1  AND `end_time` <= 1787198950 [ RunTime:0.001271s ]
[2026-08-20T12:09:10+08:00][sql] SHOW FULL COLUMNS FROM `user` [ RunTime:0.002291s ]
[2026-08-20T12:09:10+08:00][sql] SELECT * FROM `user` WHERE  `id` = 28 LIMIT 1 [ RunTime:0.001336s ]
[2026-08-20T12:09:10+08:00][sql] SHOW FULL COLUMNS FROM `setting` [ RunTime:0.001855s ]
[2026-08-20T12:09:10+08:00][sql] SELECT * FROM `setting` [ RunTime:0.001191s ]
[2026-08-20T12:09:10+08:00][sql] SHOW FULL COLUMNS FROM `order` [ RunTime:0.002049s ]
[2026-08-20T12:09:10+08:00][sql] SELECT COUNT(*) AS think_count FROM `order` `o` LEFT JOIN `goods` `g` ON `o`.`goods_id`=`g`.`id` LEFT JOIN `after_sale` `a` ON `a`.`order_id`=`o`.`id` WHERE  `o`.`buyer_id` = '28' [ RunTime:0.003500s ]
[2026-08-20T12:09:10+08:00][sql] SELECT o.*, g.cover as goods_cover2, IF(a.id IS NULL, 0, 1) as has_after_sale FROM `order` `o` LEFT JOIN `goods` `g` ON `o`.`goods_id`=`g`.`id` LEFT JOIN `after_sale` `a` ON `a`.`order_id`=`o`.`id` WHERE  `o`.`buyer_id` = '28' ORDER BY `o`.`id` DESC LIMIT 0,10 [ RunTime:0.001242s ]
[2026-08-20T12:09:12+08:00][sql] CONNECT:[ UseTime:0.007156s ] mysql:host=127.0.0.1;port=3306;dbname=auction;charset=utf8mb4
[2026-08-20T12:09:12+08:00][sql] SHOW FULL COLUMNS FROM `goods` [ RunTime:0.001617s ]
[2026-08-20T12:09:12+08:00][sql] SELECT `id` FROM `goods` WHERE  `status` = 1  AND `end_time` <= 1787198952 [ RunTime:0.000801s ]
[2026-08-20T12:09:12+08:00][sql] SHOW FULL COLUMNS FROM `user` [ RunTime:0.001632s ]
[2026-08-20T12:09:12+08:00][sql] SELECT * FROM `user` WHERE  `id` = 28 LIMIT 1 [ RunTime:0.000853s ]
[2026-08-20T12:09:12+08:00][sql] SHOW FULL COLUMNS FROM `setting` [ RunTime:0.001223s ]
[2026-08-20T12:09:12+08:00][sql] SELECT * FROM `setting` [ RunTime:0.000751s ]
[2026-08-20T12:09:12+08:00][sql] SHOW FULL COLUMNS FROM `bid_record` [ RunTime:0.001271s ]
[2026-08-20T12:09:12+08:00][sql] SELECT COUNT(*) AS think_count FROM `bid_record` WHERE  `user_id` = 28 [ RunTime:0.000728s ]
[2026-08-20T12:09:12+08:00][sql] SHOW FULL COLUMNS FROM `order` [ RunTime:0.001846s ]
[2026-08-20T12:09:12+08:00][sql] SELECT COUNT(*) AS think_count FROM `order` WHERE  `buyer_id` = 28  AND `pay_status` = 1 [ RunTime:0.000807s ]
[2026-08-20T12:09:12+08:00][sql] SELECT COUNT(*) AS think_count FROM `goods` WHERE  `seller_id` = 28  AND `status` = 2 [ RunTime:0.000768s ]
[2026-08-20T12:09:12+08:00][sql] SELECT COUNT(*) AS think_count FROM `goods` WHERE  `seller_id` = 28 [ RunTime:0.000709s ]
[2026-08-20T12:09:12+08:00][sql] SELECT COUNT(*) AS think_count FROM `order` WHERE  `buyer_id` = 28  AND `pay_status` = 0  AND `order_status` = 0 [ RunTime:0.000738s ]
[2026-08-20T12:09:12+08:00][sql] SELECT COUNT(*) AS think_count FROM `order` WHERE  `seller_id` = 28  AND `order_status` = 1 [ RunTime:0.000706s ]
[2026-08-20T12:09:12+08:00][sql] SELECT COUNT(*) AS think_count FROM `order` WHERE  `buyer_id` = 28  AND `order_status` = 0  AND `pay_status` = 0 [ RunTime:0.000715s ]
[2026-08-20T12:09:12+08:00][sql] SELECT COUNT(*) AS think_count FROM `order` WHERE  `buyer_id` = 28  AND `order_status` = 1 [ RunTime:0.000665s ]
[2026-08-20T12:09:12+08:00][sql] SELECT COUNT(*) AS think_count FROM `order` WHERE  `buyer_id` = 28  AND `order_status` = 2 [ RunTime:0.000703s ]
[2026-08-20T12:09:12+08:00][sql] SELECT COUNT(*) AS think_count FROM `order` WHERE  `buyer_id` = 28  AND `order_status` = 3 [ RunTime:0.000773s ]
[2026-08-20T12:09:12+08:00][sql] SELECT COUNT(*) AS think_count FROM `order` WHERE  `seller_id` = 28  AND `order_status` = 1 [ RunTime:0.000813s ]
[2026-08-20T12:09:12+08:00][sql] SHOW FULL COLUMNS FROM `goods_favorite` [ RunTime:0.001518s ]
[2026-08-20T12:09:12+08:00][sql] SELECT COUNT(*) AS think_count FROM `goods_favorite` WHERE  `user_id` = 28 [ RunTime:0.000906s ]
[2026-08-20T12:09:12+08:00][sql] SHOW FULL COLUMNS FROM `seller_follow` [ RunTime:0.001318s ]
[2026-08-20T12:09:12+08:00][sql] SELECT COUNT(*) AS think_count FROM `seller_follow` WHERE  `user_id` = 28 [ RunTime:0.000829s ]
[2026-08-20T12:09:12+08:00][sql] SHOW FULL COLUMNS FROM `browse_history` [ RunTime:0.001734s ]
[2026-08-20T12:09:12+08:00][sql] SELECT COUNT(*) AS think_count FROM `browse_history` WHERE  `user_id` = 28 [ RunTime:0.000701s ]
[2026-08-20T12:09:12+08:00][sql] SHOW FULL COLUMNS FROM `sys_message` [ RunTime:0.001463s ]
[2026-08-20T12:09:12+08:00][sql] SELECT COUNT(*) AS think_count FROM `sys_message` WHERE  `user_id` = 28  AND `is_read` = 0 [ RunTime:0.000974s ]
[2026-08-20T12:09:12+08:00][sql] SHOW FULL COLUMNS FROM `balance_log` [ RunTime:0.001523s ]
[2026-08-20T12:09:12+08:00][sql] SELECT * FROM `balance_log` WHERE  `user_id` = 28 ORDER BY `id` DESC LIMIT 5 [ RunTime:0.000878s ]
[2026-08-20T12:09:12+08:00][sql] SELECT `b`.*,`g`.`title`,`g`.`cover`,g.status as goods_status,`g`.`end_time` FROM `bid_record` `b` LEFT JOIN `goods` `g` ON `b`.`goods_id`=`g`.`id` WHERE  `b`.`user_id` = '28' ORDER BY `b`.`id` DESC LIMIT 5 [ RunTime:0.001040s ]
[2026-08-20T12:09:12+08:00][sql] SELECT `id`,`nickname`,`mobile`,`reg_time` FROM `user` WHERE  `pid` = 28 ORDER BY `id` DESC LIMIT 10 [ RunTime:0.000855s ]
[2026-08-20T12:09:12+08:00][sql] SELECT `value` FROM `setting` WHERE  `name` = 'service_link' LIMIT 1 [ RunTime:0.000751s ]
[2026-08-20T12:09:12+08:00][sql] SELECT `is_virtual` FROM `user` WHERE  `id` = 28 LIMIT 1 [ RunTime:0.000716s ]
[2026-08-20T12:09:14+08:00][sql] CONNECT:[ UseTime:0.011580s ] mysql:host=127.0.0.1;port=3306;dbname=auction;charset=utf8mb4
[2026-08-20T12:09:14+08:00][sql] SHOW FULL COLUMNS FROM `goods` [ RunTime:0.001984s ]
[2026-08-20T12:09:14+08:00][sql] SELECT `id` FROM `goods` WHERE  `status` = 1  AND `end_time` <= 1787198954 [ RunTime:0.001236s ]
[2026-08-20T12:09:14+08:00][sql] SHOW FULL COLUMNS FROM `user` [ RunTime:0.002016s ]
[2026-08-20T12:09:14+08:00][sql] SELECT * FROM `user` WHERE  `id` = 28 LIMIT 1 [ RunTime:0.001006s ]
[2026-08-20T12:09:14+08:00][sql] SHOW FULL COLUMNS FROM `setting` [ RunTime:0.001500s ]
[2026-08-20T12:09:14+08:00][sql] SELECT * FROM `setting` [ RunTime:0.000864s ]
[2026-08-20T12:09:14+08:00][sql] SELECT COUNT(*) AS think_count FROM `goods` `g` LEFT JOIN `user` `u` ON `g`.`seller_id`=`u`.`id` WHERE  `g`.`status` = '1'  AND `g`.`start_time` <= '1787198954'  AND `g`.`end_time` > '1787198954' [ RunTime:0.000994s ]
[2026-08-20T12:09:14+08:00][sql] SELECT `g`.*,u.nickname as seller_name FROM `goods` `g` LEFT JOIN `user` `u` ON `g`.`seller_id`=`u`.`id` WHERE  `g`.`status` = '1'  AND `g`.`start_time` <= '1787198954'  AND `g`.`end_time` > '1787198954' ORDER BY `g`.`end_time` ASC,`g`.`id` DESC LIMIT 0,10 [ RunTime:0.001712s ]
[2026-08-20T12:09:14+08:00][sql] SHOW FULL COLUMNS FROM `bid_record` [ RunTime:0.002132s ]
[2026-08-20T12:09:14+08:00][sql] SELECT MAX(`price`) AS think_max FROM `bid_record` WHERE  `goods_id` = 36  AND `status` = 0 [ RunTime:0.001414s ]
[2026-08-20T12:09:14+08:00][sql] SHOW FULL COLUMNS FROM `category` [ RunTime:0.001924s ]
[2026-08-20T12:09:14+08:00][sql] SELECT * FROM `category` WHERE  `status` = 1 ORDER BY `sort` ASC [ RunTime:0.001232s ]
[2026-08-20T12:09:14+08:00][sql] SELECT `b`.`price`,`b`.`create_time`,`g`.`title`,`u`.`nickname` FROM `bid_record` `b` LEFT JOIN `goods` `g` ON `b`.`goods_id`=`g`.`id` LEFT JOIN `user` `u` ON `b`.`user_id`=`u`.`id` WHERE  `b`.`status` = '1' ORDER BY `b`.`id` DESC LIMIT 5 [ RunTime:0.001419s ]
[2026-08-20T12:09:14+08:00][sql] SHOW FULL COLUMNS FROM `news` [ RunTime:0.002019s ]
[2026-08-20T12:09:14+08:00][sql] SELECT `id`,`title`,`create_time` FROM `news` WHERE  `status` = 1 ORDER BY `id` DESC LIMIT 3 [ RunTime:0.001193s ]
[2026-08-20T12:09:14+08:00][sql] SHOW FULL COLUMNS FROM `banner` [ RunTime:0.001956s ]
[2026-08-20T12:09:14+08:00][sql] SELECT * FROM `banner` WHERE  `status` = 1 ORDER BY `sort` ASC,`id` ASC [ RunTime:0.001204s ]
[2026-08-20T12:09:20+08:00][sql] CONNECT:[ UseTime:0.012705s ] mysql:host=127.0.0.1;port=3306;dbname=auction;charset=utf8mb4
[2026-08-20T12:09:20+08:00][sql] SHOW FULL COLUMNS FROM `goods` [ RunTime:0.001871s ]
[2026-08-20T12:09:20+08:00][sql] SELECT `id` FROM `goods` WHERE  `status` = 1  AND `end_time` <= 1787198960 [ RunTime:0.000915s ]
[2026-08-20T12:09:20+08:00][sql] SHOW FULL COLUMNS FROM `user` [ RunTime:0.001552s ]
[2026-08-20T12:09:20+08:00][sql] SELECT * FROM `user` WHERE  `id` = 28 LIMIT 1 [ RunTime:0.000748s ]
[2026-08-20T12:09:20+08:00][sql] SHOW FULL COLUMNS FROM `setting` [ RunTime:0.001241s ]
[2026-08-20T12:09:20+08:00][sql] SELECT * FROM `setting` [ RunTime:0.000637s ]
[2026-08-20T12:09:20+08:00][sql] SHOW FULL COLUMNS FROM `bid_record` [ RunTime:0.001328s ]
[2026-08-20T12:09:20+08:00][sql] SELECT COUNT(*) AS think_count FROM `bid_record` WHERE  `user_id` = 28 [ RunTime:0.000681s ]
[2026-08-20T12:09:20+08:00][sql] SHOW FULL COLUMNS FROM `order` [ RunTime:0.001553s ]
[2026-08-20T12:09:20+08:00][sql] SELECT COUNT(*) AS think_count FROM `order` WHERE  `buyer_id` = 28  AND `pay_status` = 1 [ RunTime:0.000942s ]
[2026-08-20T12:09:20+08:00][sql] SELECT COUNT(*) AS think_count FROM `goods` WHERE  `seller_id` = 28  AND `status` = 2 [ RunTime:0.000842s ]
[2026-08-20T12:09:20+08:00][sql] SELECT COUNT(*) AS think_count FROM `goods` WHERE  `seller_id` = 28 [ RunTime:0.000726s ]
[2026-08-20T12:09:20+08:00][sql] SELECT COUNT(*) AS think_count FROM `order` WHERE  `buyer_id` = 28  AND `pay_status` = 0  AND `order_status` = 0 [ RunTime:0.000712s ]
[2026-08-20T12:09:20+08:00][sql] SELECT COUNT(*) AS think_count FROM `order` WHERE  `seller_id` = 28  AND `order_status` = 1 [ RunTime:0.000659s ]
[2026-08-20T12:09:20+08:00][sql] SELECT COUNT(*) AS think_count FROM `order` WHERE  `buyer_id` = 28  AND `order_status` = 0  AND `pay_status` = 0 [ RunTime:0.000670s ]
[2026-08-20T12:09:20+08:00][sql] SELECT COUNT(*) AS think_count FROM `order` WHERE  `buyer_id` = 28  AND `order_status` = 1 [ RunTime:0.000582s ]
[2026-08-20T12:09:20+08:00][sql] SELECT COUNT(*) AS think_count FROM `order` WHERE  `buyer_id` = 28  AND `order_status` = 2 [ RunTime:0.000580s ]
[2026-08-20T12:09:20+08:00][sql] SELECT COUNT(*) AS think_count FROM `order` WHERE  `buyer_id` = 28  AND `order_status` = 3 [ RunTime:0.000604s ]
[2026-08-20T12:09:20+08:00][sql] SELECT COUNT(*) AS think_count FROM `order` WHERE  `seller_id` = 28  AND `order_status` = 1 [ RunTime:0.000649s ]
[2026-08-20T12:09:20+08:00][sql] SHOW FULL COLUMNS FROM `goods_favorite` [ RunTime:0.001098s ]
[2026-08-20T12:09:20+08:00][sql] SELECT COUNT(*) AS think_count FROM `goods_favorite` WHERE  `user_id` = 28 [ RunTime:0.000679s ]
[2026-08-20T12:09:20+08:00][sql] SHOW FULL COLUMNS FROM `seller_follow` [ RunTime:0.001087s ]
[2026-08-20T12:09:20+08:00][sql] SELECT COUNT(*) AS think_count FROM `seller_follow` WHERE  `user_id` = 28 [ RunTime:0.000674s ]
[2026-08-20T12:09:20+08:00][sql] SHOW FULL COLUMNS FROM `browse_history` [ RunTime:0.000979s ]
[2026-08-20T12:09:20+08:00][sql] SELECT COUNT(*) AS think_count FROM `browse_history` WHERE  `user_id` = 28 [ RunTime:0.000581s ]
[2026-08-20T12:09:20+08:00][sql] SHOW FULL COLUMNS FROM `sys_message` [ RunTime:0.001175s ]
[2026-08-20T12:09:20+08:00][sql] SELECT COUNT(*) AS think_count FROM `sys_message` WHERE  `user_id` = 28  AND `is_read` = 0 [ RunTime:0.000551s ]
[2026-08-20T12:09:20+08:00][sql] SHOW FULL COLUMNS FROM `balance_log` [ RunTime:0.001182s ]
[2026-08-20T12:09:20+08:00][sql] SELECT * FROM `balance_log` WHERE  `user_id` = 28 ORDER BY `id` DESC LIMIT 5 [ RunTime:0.000717s ]
[2026-08-20T12:09:20+08:00][sql] SELECT `b`.*,`g`.`title`,`g`.`cover`,g.status as goods_status,`g`.`end_time` FROM `bid_record` `b` LEFT JOIN `goods` `g` ON `b`.`goods_id`=`g`.`id` WHERE  `b`.`user_id` = '28' ORDER BY `b`.`id` DESC LIMIT 5 [ RunTime:0.003093s ]
[2026-08-20T12:09:20+08:00][sql] SELECT `id`,`nickname`,`mobile`,`reg_time` FROM `user` WHERE  `pid` = 28 ORDER BY `id` DESC LIMIT 10 [ RunTime:0.000787s ]
[2026-08-20T12:09:20+08:00][sql] SELECT `value` FROM `setting` WHERE  `name` = 'service_link' LIMIT 1 [ RunTime:0.000795s ]
[2026-08-20T12:09:20+08:00][sql] SELECT `is_virtual` FROM `user` WHERE  `id` = 28 LIMIT 1 [ RunTime:0.000656s ]
[2026-08-20T12:09:29+08:00][sql] CONNECT:[ UseTime:0.027313s ] mysql:host=127.0.0.1;port=3306;dbname=auction;charset=utf8mb4
[2026-08-20T12:09:29+08:00][sql] SHOW FULL COLUMNS FROM `goods` [ RunTime:0.002281s ]
[2026-08-20T12:09:29+08:00][sql] SELECT `id` FROM `goods` WHERE  `status` = 1  AND `end_time` <= 1787198969 [ RunTime:0.001199s ]
[2026-08-20T12:09:29+08:00][sql] SHOW FULL COLUMNS FROM `user` [ RunTime:0.002209s ]
[2026-08-20T12:09:29+08:00][sql] SELECT * FROM `user` WHERE  `id` = 28 LIMIT 1 [ RunTime:0.001251s ]
[2026-08-20T12:09:29+08:00][sql] SHOW FULL COLUMNS FROM `setting` [ RunTime:0.001715s ]
[2026-08-20T12:09:29+08:00][sql] SELECT * FROM `setting` [ RunTime:0.000953s ]
[2026-08-20T12:09:29+08:00][sql] SELECT COUNT(*) AS think_count FROM `goods` `g` LEFT JOIN `user` `u` ON `g`.`seller_id`=`u`.`id` WHERE  `g`.`status` = '1'  AND `g`.`start_time` <= '1787198969'  AND `g`.`end_time` > '1787198969' [ RunTime:0.001460s ]
[2026-08-20T12:09:29+08:00][sql] SELECT `g`.*,u.nickname as seller_name FROM `goods` `g` LEFT JOIN `user` `u` ON `g`.`seller_id`=`u`.`id` WHERE  `g`.`status` = '1'  AND `g`.`start_time` <= '1787198969'  AND `g`.`end_time` > '1787198969' ORDER BY `g`.`end_time` ASC,`g`.`id` DESC LIMIT 0,10 [ RunTime:0.001144s ]
[2026-08-20T12:09:29+08:00][sql] SHOW FULL COLUMNS FROM `bid_record` [ RunTime:0.001432s ]
[2026-08-20T12:09:29+08:00][sql] SELECT MAX(`price`) AS think_max FROM `bid_record` WHERE  `goods_id` = 36  AND `status` = 0 [ RunTime:0.000870s ]
[2026-08-20T12:09:29+08:00][sql] SHOW FULL COLUMNS FROM `category` [ RunTime:0.001307s ]
[2026-08-20T12:09:29+08:00][sql] SELECT * FROM `category` WHERE  `status` = 1 ORDER BY `sort` ASC [ RunTime:0.000803s ]
[2026-08-20T12:09:29+08:00][sql] SELECT `b`.`price`,`b`.`create_time`,`g`.`title`,`u`.`nickname` FROM `bid_record` `b` LEFT JOIN `goods` `g` ON `b`.`goods_id`=`g`.`id` LEFT JOIN `user` `u` ON `b`.`user_id`=`u`.`id` WHERE  `b`.`status` = '1' ORDER BY `b`.`id` DESC LIMIT 5 [ RunTime:0.000910s ]
[2026-08-20T12:09:29+08:00][sql] SHOW FULL COLUMNS FROM `news` [ RunTime:0.001234s ]
[2026-08-20T12:09:29+08:00][sql] SELECT `id`,`title`,`create_time` FROM `news` WHERE  `status` = 1 ORDER BY `id` DESC LIMIT 3 [ RunTime:0.000681s ]
[2026-08-20T12:09:29+08:00][sql] SHOW FULL COLUMNS FROM `banner` [ RunTime:0.001143s ]
[2026-08-20T12:09:29+08:00][sql] SELECT * FROM `banner` WHERE  `status` = 1 ORDER BY `sort` ASC,`id` ASC [ RunTime:0.000621s ]
[2026-08-20T12:09:31+08:00][sql] CONNECT:[ UseTime:0.002254s ] mysql:host=127.0.0.1;port=3306;dbname=auction;charset=utf8mb4
[2026-08-20T12:09:31+08:00][sql] SHOW FULL COLUMNS FROM `goods` [ RunTime:0.001638s ]
[2026-08-20T12:09:31+08:00][sql] SELECT `id` FROM `goods` WHERE  `status` = 1  AND `end_time` <= 1787198971 [ RunTime:0.000841s ]
[2026-08-20T12:09:31+08:00][sql] SHOW FULL COLUMNS FROM `user` [ RunTime:0.001515s ]
[2026-08-20T12:09:31+08:00][sql] SELECT * FROM `user` WHERE  `id` = 28 LIMIT 1 [ RunTime:0.000798s ]
[2026-08-20T12:09:31+08:00][sql] SHOW FULL COLUMNS FROM `setting` [ RunTime:0.000816s ]
[2026-08-20T12:09:31+08:00][sql] SELECT * FROM `setting` [ RunTime:0.000421s ]
[2026-08-20T12:09:31+08:00][sql] SELECT `g`.*,u.nickname as seller_name,u.shop_name as seller_shop,u.avatar as seller_avatar,`u`.`seller_intro`,u.deposit as seller_deposit,`u`.`shop_score`,`u`.`fans_count`,c.name as category_name FROM `goods` `g` LEFT JOIN `user` `u` ON `g`.`seller_id`=`u`.`id` LEFT JOIN `category` `c` ON `g`.`category_id`=`c`.`id` WHERE  `g`.`id` = '36' LIMIT 1 [ RunTime:0.000953s ]
[2026-08-20T12:09:31+08:00][sql] UPDATE `goods`  SET `view_count` = `view_count` + 1  WHERE  `id` = 36 [ RunTime:0.001833s ]
[2026-08-20T12:09:31+08:00][sql] SHOW FULL COLUMNS FROM `bid_record` [ RunTime:0.001244s ]
[2026-08-20T12:09:31+08:00][sql] SELECT `b`.*,`u`.`nickname`,`u`.`mobile` FROM `bid_record` `b` LEFT JOIN `user` `u` ON `b`.`user_id`=`u`.`id` WHERE  `b`.`goods_id` = '36'  AND `b`.`status` = '0' ORDER BY `b`.`price` DESC,`b`.`id` ASC LIMIT 1 [ RunTime:0.000890s ]
[2026-08-20T12:09:31+08:00][sql] SELECT `b`.*,`u`.`nickname`,`u`.`mobile` FROM `bid_record` `b` LEFT JOIN `user` `u` ON `b`.`user_id`=`u`.`id` WHERE  `b`.`goods_id` = '36' ORDER BY `b`.`price` DESC,`b`.`id` ASC LIMIT 50 [ RunTime:0.000814s ]
[2026-08-20T12:09:31+08:00][sql] SELECT MAX(`price`) AS think_max FROM `bid_record` WHERE  `goods_id` = 36  AND `user_id` = 28  AND `status` = 0 [ RunTime:0.003829s ]
[2026-08-20T12:09:31+08:00][sql] SELECT MAX(`deposit`) AS think_max FROM `bid_record` WHERE  `goods_id` = 36  AND `user_id` = 28  AND `deposit` > '0' [ RunTime:0.004291s ]
[2026-08-20T12:09:31+08:00][sql] SHOW FULL COLUMNS FROM `browse_history` [ RunTime:0.001410s ]
[2026-08-20T12:09:31+08:00][sql] REPLACE INTO `browse_history` SET `user_id` = 28 , `goods_id` = 36 , `create_time` = 1787198971 [ RunTime:0.002007s ]
[2026-08-20T12:09:31+08:00][sql] SHOW FULL COLUMNS FROM `goods_favorite` [ RunTime:0.002681s ]
[2026-08-20T12:09:31+08:00][sql] SELECT COUNT(*) AS think_count FROM `goods_favorite` WHERE  `user_id` = 28  AND `goods_id` = 36 [ RunTime:0.000754s ]
[2026-08-20T12:09:31+08:00][sql] SHOW FULL COLUMNS FROM `seller_follow` [ RunTime:0.001329s ]
[2026-08-20T12:09:31+08:00][sql] SELECT COUNT(*) AS think_count FROM `seller_follow` WHERE  `user_id` = 28  AND `seller_id` = 29 [ RunTime:0.000781s ]
[2026-08-20T12:09:33+08:00][sql] CONNECT:[ UseTime:0.025071s ] mysql:host=127.0.0.1;port=3306;dbname=auction;charset=utf8mb4
[2026-08-20T12:09:33+08:00][sql] SHOW FULL COLUMNS FROM `goods` [ RunTime:0.002013s ]
[2026-08-20T12:09:33+08:00][sql] SELECT `id` FROM `goods` WHERE  `status` = 1  AND `end_time` <= 1787198973 [ RunTime:0.001031s ]
[2026-08-20T12:09:33+08:00][sql] SHOW FULL COLUMNS FROM `user` [ RunTime:0.001988s ]
[2026-08-20T12:09:33+08:00][sql] SELECT * FROM `user` WHERE  `id` = 28 LIMIT 1 [ RunTime:0.001128s ]
[2026-08-20T12:09:33+08:00][sql] SHOW FULL COLUMNS FROM `setting` [ RunTime:0.001482s ]
[2026-08-20T12:09:33+08:00][sql] SELECT * FROM `setting` [ RunTime:0.000796s ]
[2026-08-20T12:09:33+08:00][sql] SHOW FULL COLUMNS FROM `seller_follow` [ RunTime:0.001630s ]
[2026-08-20T12:09:33+08:00][sql] SELECT * FROM `seller_follow` WHERE  `user_id` = 28  AND `seller_id` = 29 LIMIT 1 [ RunTime:0.001014s ]
[2026-08-20T12:09:33+08:00][sql] INSERT INTO `seller_follow` SET `user_id` = 28 , `seller_id` = 29 , `create_time` = 1787198973 [ RunTime:0.002218s ]
[2026-08-20T12:09:38+08:00][sql] CONNECT:[ UseTime:0.012727s ] mysql:host=127.0.0.1;port=3306;dbname=auction;charset=utf8mb4
[2026-08-20T12:09:38+08:00][sql] SHOW FULL COLUMNS FROM `goods` [ RunTime:0.002431s ]
[2026-08-20T12:09:38+08:00][sql] SELECT `id` FROM `goods` WHERE  `status` = 1  AND `end_time` <= 1787198978 [ RunTime:0.001256s ]
[2026-08-20T12:09:38+08:00][sql] SHOW FULL COLUMNS FROM `user` [ RunTime:0.002229s ]
[2026-08-20T12:09:38+08:00][sql] SELECT * FROM `user` WHERE  `id` = 28 LIMIT 1 [ RunTime:0.001295s ]
[2026-08-20T12:09:38+08:00][sql] SHOW FULL COLUMNS FROM `setting` [ RunTime:0.001752s ]
[2026-08-20T12:09:38+08:00][sql] SELECT * FROM `setting` [ RunTime:0.001106s ]
[2026-08-20T12:09:38+08:00][sql] SHOW FULL COLUMNS FROM `bid_record` [ RunTime:0.001509s ]
[2026-08-20T12:09:38+08:00][sql] SELECT COUNT(*) AS think_count FROM `bid_record` WHERE  `user_id` = 28 [ RunTime:0.000733s ]
[2026-08-20T12:09:38+08:00][sql] SHOW FULL COLUMNS FROM `order` [ RunTime:0.001834s ]
[2026-08-20T12:09:38+08:00][sql] SELECT COUNT(*) AS think_count FROM `order` WHERE  `buyer_id` = 28  AND `pay_status` = 1 [ RunTime:0.000969s ]
[2026-08-20T12:09:38+08:00][sql] SELECT COUNT(*) AS think_count FROM `goods` WHERE  `seller_id` = 28  AND `status` = 2 [ RunTime:0.000894s ]
[2026-08-20T12:09:38+08:00][sql] SELECT COUNT(*) AS think_count FROM `goods` WHERE  `seller_id` = 28 [ RunTime:0.000871s ]
[2026-08-20T12:09:38+08:00][sql] SELECT COUNT(*) AS think_count FROM `order` WHERE  `buyer_id` = 28  AND `pay_status` = 0  AND `order_status` = 0 [ RunTime:0.000889s ]
[2026-08-20T12:09:38+08:00][sql] SELECT COUNT(*) AS think_count FROM `order` WHERE  `seller_id` = 28  AND `order_status` = 1 [ RunTime:0.000868s ]
[2026-08-20T12:09:38+08:00][sql] SELECT COUNT(*) AS think_count FROM `order` WHERE  `buyer_id` = 28  AND `order_status` = 0  AND `pay_status` = 0 [ RunTime:0.000891s ]
[2026-08-20T12:09:38+08:00][sql] SELECT COUNT(*) AS think_count FROM `order` WHERE  `buyer_id` = 28  AND `order_status` = 1 [ RunTime:0.000889s ]
[2026-08-20T12:09:38+08:00][sql] SELECT COUNT(*) AS think_count FROM `order` WHERE  `buyer_id` = 28  AND `order_status` = 2 [ RunTime:0.001034s ]
[2026-08-20T12:09:38+08:00][sql] SELECT COUNT(*) AS think_count FROM `order` WHERE  `buyer_id` = 28  AND `order_status` = 3 [ RunTime:0.001156s ]
[2026-08-20T12:09:38+08:00][sql] SELECT COUNT(*) AS think_count FROM `order` WHERE  `seller_id` = 28  AND `order_status` = 1 [ RunTime:0.000677s ]
[2026-08-20T12:09:38+08:00][sql] SHOW FULL COLUMNS FROM `goods_favorite` [ RunTime:0.001475s ]
[2026-08-20T12:09:38+08:00][sql] SELECT COUNT(*) AS think_count FROM `goods_favorite` WHERE  `user_id` = 28 [ RunTime:0.001029s ]
[2026-08-20T12:09:38+08:00][sql] SHOW FULL COLUMNS FROM `seller_follow` [ RunTime:0.001605s ]
[2026-08-20T12:09:38+08:00][sql] SELECT COUNT(*) AS think_count FROM `seller_follow` WHERE  `user_id` = 28 [ RunTime:0.000873s ]
[2026-08-20T12:09:38+08:00][sql] SHOW FULL COLUMNS FROM `browse_history` [ RunTime:0.001680s ]
[2026-08-20T12:09:38+08:00][sql] SELECT COUNT(*) AS think_count FROM `browse_history` WHERE  `user_id` = 28 [ RunTime:0.001105s ]
[2026-08-20T12:09:38+08:00][sql] SHOW FULL COLUMNS FROM `sys_message` [ RunTime:0.001760s ]
[2026-08-20T12:09:38+08:00][sql] SELECT COUNT(*) AS think_count FROM `sys_message` WHERE  `user_id` = 28  AND `is_read` = 0 [ RunTime:0.000945s ]
[2026-08-20T12:09:38+08:00][sql] SHOW FULL COLUMNS FROM `balance_log` [ RunTime:0.001530s ]
[2026-08-20T12:09:38+08:00][sql] SELECT * FROM `balance_log` WHERE  `user_id` = 28 ORDER BY `id` DESC LIMIT 5 [ RunTime:0.001177s ]
[2026-08-20T12:09:38+08:00][sql] SELECT `b`.*,`g`.`title`,`g`.`cover`,g.status as goods_status,`g`.`end_time` FROM `bid_record` `b` LEFT JOIN `goods` `g` ON `b`.`goods_id`=`g`.`id` WHERE  `b`.`user_id` = '28' ORDER BY `b`.`id` DESC LIMIT 5 [ RunTime:0.000952s ]
[2026-08-20T12:09:38+08:00][sql] SELECT `id`,`nickname`,`mobile`,`reg_time` FROM `user` WHERE  `pid` = 28 ORDER BY `id` DESC LIMIT 10 [ RunTime:0.000955s ]
[2026-08-20T12:09:38+08:00][sql] SELECT `value` FROM `setting` WHERE  `name` = 'service_link' LIMIT 1 [ RunTime:0.000884s ]
[2026-08-20T12:09:38+08:00][sql] SELECT `is_virtual` FROM `user` WHERE  `id` = 28 LIMIT 1 [ RunTime:0.000803s ]
[2026-08-20T12:09:40+08:00][sql] CONNECT:[ UseTime:0.027410s ] mysql:host=127.0.0.1;port=3306;dbname=auction;charset=utf8mb4
[2026-08-20T12:09:40+08:00][sql] SHOW FULL COLUMNS FROM `goods` [ RunTime:0.002544s ]
[2026-08-20T12:09:40+08:00][sql] SELECT `id` FROM `goods` WHERE  `status` = 1  AND `end_time` <= 1787198980 [ RunTime:0.001243s ]
[2026-08-20T12:09:40+08:00][sql] SHOW FULL COLUMNS FROM `user` [ RunTime:0.002260s ]
[2026-08-20T12:09:40+08:00][sql] SELECT * FROM `user` WHERE  `id` = 28 LIMIT 1 [ RunTime:0.001232s ]
[2026-08-20T12:09:40+08:00][sql] SHOW FULL COLUMNS FROM `setting` [ RunTime:0.001738s ]
[2026-08-20T12:09:40+08:00][sql] SELECT * FROM `setting` [ RunTime:0.001073s ]
[2026-08-20T12:09:40+08:00][sql] SHOW FULL COLUMNS FROM `bid_record` [ RunTime:0.001728s ]
[2026-08-20T12:09:40+08:00][sql] SELECT COUNT(*) AS think_count FROM `bid_record` WHERE  `user_id` = 28 [ RunTime:0.000951s ]
[2026-08-20T12:09:40+08:00][sql] SHOW FULL COLUMNS FROM `order` [ RunTime:0.001706s ]
[2026-08-20T12:09:40+08:00][sql] SELECT COUNT(*) AS think_count FROM `order` WHERE  `buyer_id` = 28  AND `pay_status` = 1 [ RunTime:0.000892s ]
[2026-08-20T12:09:40+08:00][sql] SELECT COUNT(*) AS think_count FROM `goods` WHERE  `seller_id` = 28  AND `status` = 2 [ RunTime:0.000829s ]
[2026-08-20T12:09:40+08:00][sql] SELECT COUNT(*) AS think_count FROM `goods` WHERE  `seller_id` = 28 [ RunTime:0.000858s ]
[2026-08-20T12:09:40+08:00][sql] SELECT COUNT(*) AS think_count FROM `order` WHERE  `buyer_id` = 28  AND `pay_status` = 0  AND `order_status` = 0 [ RunTime:0.000913s ]
[2026-08-20T12:09:40+08:00][sql] SELECT COUNT(*) AS think_count FROM `order` WHERE  `seller_id` = 28  AND `order_status` = 1 [ RunTime:0.000839s ]
[2026-08-20T12:09:40+08:00][sql] SELECT COUNT(*) AS think_count FROM `order` WHERE  `buyer_id` = 28  AND `order_status` = 0  AND `pay_status` = 0 [ RunTime:0.000856s ]
[2026-08-20T12:09:40+08:00][sql] SELECT COUNT(*) AS think_count FROM `order` WHERE  `buyer_id` = 28  AND `order_status` = 1 [ RunTime:0.000880s ]
[2026-08-20T12:09:40+08:00][sql] SELECT COUNT(*) AS think_count FROM `order` WHERE  `buyer_id` = 28  AND `order_status` = 2 [ RunTime:0.001082s ]
[2026-08-20T12:09:40+08:00][sql] SELECT COUNT(*) AS think_count FROM `order` WHERE  `buyer_id` = 28  AND `order_status` = 3 [ RunTime:0.001275s ]
[2026-08-20T12:09:40+08:00][sql] SELECT COUNT(*) AS think_count FROM `order` WHERE  `seller_id` = 28  AND `order_status` = 1 [ RunTime:0.000919s ]
[2026-08-20T12:09:40+08:00][sql] SHOW FULL COLUMNS FROM `goods_favorite` [ RunTime:0.001815s ]
[2026-08-20T12:09:40+08:00][sql] SELECT COUNT(*) AS think_count FROM `goods_favorite` WHERE  `user_id` = 28 [ RunTime:0.001137s ]
[2026-08-20T12:09:40+08:00][sql] SHOW FULL COLUMNS FROM `seller_follow` [ RunTime:0.002013s ]
[2026-08-20T12:09:40+08:00][sql] SELECT COUNT(*) AS think_count FROM `seller_follow` WHERE  `user_id` = 28 [ RunTime:0.001092s ]
[2026-08-20T12:09:40+08:00][sql] SHOW FULL COLUMNS FROM `browse_history` [ RunTime:0.001751s ]
[2026-08-20T12:09:40+08:00][sql] SELECT COUNT(*) AS think_count FROM `browse_history` WHERE  `user_id` = 28 [ RunTime:0.001164s ]
[2026-08-20T12:09:40+08:00][sql] SHOW FULL COLUMNS FROM `sys_message` [ RunTime:0.001714s ]
[2026-08-20T12:09:40+08:00][sql] SELECT COUNT(*) AS think_count FROM `sys_message` WHERE  `user_id` = 28  AND `is_read` = 0 [ RunTime:0.001236s ]
[2026-08-20T12:09:40+08:00][sql] SHOW FULL COLUMNS FROM `balance_log` [ RunTime:0.001833s ]
[2026-08-20T12:09:40+08:00][sql] SELECT * FROM `balance_log` WHERE  `user_id` = 28 ORDER BY `id` DESC LIMIT 5 [ RunTime:0.001116s ]
[2026-08-20T12:09:40+08:00][sql] SELECT `b`.*,`g`.`title`,`g`.`cover`,g.status as goods_status,`g`.`end_time` FROM `bid_record` `b` LEFT JOIN `goods` `g` ON `b`.`goods_id`=`g`.`id` WHERE  `b`.`user_id` = '28' ORDER BY `b`.`id` DESC LIMIT 5 [ RunTime:0.001303s ]
[2026-08-20T12:09:40+08:00][sql] SELECT `id`,`nickname`,`mobile`,`reg_time` FROM `user` WHERE  `pid` = 28 ORDER BY `id` DESC LIMIT 10 [ RunTime:0.000956s ]
[2026-08-20T12:09:40+08:00][sql] SELECT `value` FROM `setting` WHERE  `name` = 'service_link' LIMIT 1 [ RunTime:0.000878s ]
[2026-08-20T12:09:40+08:00][sql] SELECT `is_virtual` FROM `user` WHERE  `id` = 28 LIMIT 1 [ RunTime:0.000902s ]
[2026-08-20T12:09:42+08:00][sql] CONNECT:[ UseTime:0.011813s ] mysql:host=127.0.0.1;port=3306;dbname=auction;charset=utf8mb4
[2026-08-20T12:09:42+08:00][sql] SHOW FULL COLUMNS FROM `goods` [ RunTime:0.002206s ]
[2026-08-20T12:09:42+08:00][sql] SELECT `id` FROM `goods` WHERE  `status` = 1  AND `end_time` <= 1787198982 [ RunTime:0.001032s ]
[2026-08-20T12:09:42+08:00][sql] SHOW FULL COLUMNS FROM `user` [ RunTime:0.001969s ]
[2026-08-20T12:09:42+08:00][sql] SELECT * FROM `user` WHERE  `id` = 28 LIMIT 1 [ RunTime:0.001037s ]
[2026-08-20T12:09:42+08:00][sql] SHOW FULL COLUMNS FROM `setting` [ RunTime:0.001489s ]
[2026-08-20T12:09:42+08:00][sql] SELECT * FROM `setting` [ RunTime:0.000820s ]
[2026-08-20T12:09:42+08:00][sql] SHOW FULL COLUMNS FROM `bid_record` [ RunTime:0.001757s ]
[2026-08-20T12:09:42+08:00][sql] SELECT COUNT(*) AS think_count FROM `bid_record` WHERE  `user_id` = 28 [ RunTime:0.000784s ]
[2026-08-20T12:09:42+08:00][sql] SHOW FULL COLUMNS FROM `order` [ RunTime:0.001811s ]
[2026-08-20T12:09:42+08:00][sql] SELECT COUNT(*) AS think_count FROM `order` WHERE  `buyer_id` = 28  AND `pay_status` = 1 [ RunTime:0.000904s ]
[2026-08-20T12:09:42+08:00][sql] SELECT COUNT(*) AS think_count FROM `goods` WHERE  `seller_id` = 28  AND `status` = 2 [ RunTime:0.001215s ]
[2026-08-20T12:09:42+08:00][sql] SELECT COUNT(*) AS think_count FROM `goods` WHERE  `seller_id` = 28 [ RunTime:0.001136s ]
[2026-08-20T12:09:42+08:00][sql] SELECT COUNT(*) AS think_count FROM `order` WHERE  `buyer_id` = 28  AND `pay_status` = 0  AND `order_status` = 0 [ RunTime:0.001271s ]
[2026-08-20T12:09:42+08:00][sql] SELECT COUNT(*) AS think_count FROM `order` WHERE  `seller_id` = 28  AND `order_status` = 1 [ RunTime:0.001151s ]
[2026-08-20T12:09:42+08:00][sql] SELECT COUNT(*) AS think_count FROM `order` WHERE  `buyer_id` = 28  AND `order_status` = 0  AND `pay_status` = 0 [ RunTime:0.001169s ]
[2026-08-20T12:09:42+08:00][sql] SELECT COUNT(*) AS think_count FROM `order` WHERE  `buyer_id` = 28  AND `order_status` = 1 [ RunTime:0.001201s ]
[2026-08-20T12:09:42+08:00][sql] SELECT COUNT(*) AS think_count FROM `order` WHERE  `buyer_id` = 28  AND `order_status` = 2 [ RunTime:0.001091s ]
[2026-08-20T12:09:42+08:00][sql] SELECT COUNT(*) AS think_count FROM `order` WHERE  `buyer_id` = 28  AND `order_status` = 3 [ RunTime:0.000988s ]
[2026-08-20T12:09:42+08:00][sql] SELECT COUNT(*) AS think_count FROM `order` WHERE  `seller_id` = 28  AND `order_status` = 1 [ RunTime:0.000785s ]
[2026-08-20T12:09:42+08:00][sql] SHOW FULL COLUMNS FROM `goods_favorite` [ RunTime:0.001056s ]
[2026-08-20T12:09:42+08:00][sql] SELECT COUNT(*) AS think_count FROM `goods_favorite` WHERE  `user_id` = 28 [ RunTime:0.000657s ]
[2026-08-20T12:09:42+08:00][sql] SHOW FULL COLUMNS FROM `seller_follow` [ RunTime:0.001568s ]
[2026-08-20T12:09:42+08:00][sql] SELECT COUNT(*) AS think_count FROM `seller_follow` WHERE  `user_id` = 28 [ RunTime:0.000878s ]
[2026-08-20T12:09:42+08:00][sql] SHOW FULL COLUMNS FROM `browse_history` [ RunTime:0.001545s ]
[2026-08-20T12:09:42+08:00][sql] SELECT COUNT(*) AS think_count FROM `browse_history` WHERE  `user_id` = 28 [ RunTime:0.000911s ]
[2026-08-20T12:09:42+08:00][sql] SHOW FULL COLUMNS FROM `sys_message` [ RunTime:0.001507s ]
[2026-08-20T12:09:42+08:00][sql] SELECT COUNT(*) AS think_count FROM `sys_message` WHERE  `user_id` = 28  AND `is_read` = 0 [ RunTime:0.000922s ]
[2026-08-20T12:09:42+08:00][sql] SHOW FULL COLUMNS FROM `balance_log` [ RunTime:0.001537s ]
[2026-08-20T12:09:42+08:00][sql] SELECT * FROM `balance_log` WHERE  `user_id` = 28 ORDER BY `id` DESC LIMIT 5 [ RunTime:0.000938s ]
[2026-08-20T12:09:42+08:00][sql] SELECT `b`.*,`g`.`title`,`g`.`cover`,g.status as goods_status,`g`.`end_time` FROM `bid_record` `b` LEFT JOIN `goods` `g` ON `b`.`goods_id`=`g`.`id` WHERE  `b`.`user_id` = '28' ORDER BY `b`.`id` DESC LIMIT 5 [ RunTime:0.001074s ]
[2026-08-20T12:09:42+08:00][sql] SELECT `id`,`nickname`,`mobile`,`reg_time` FROM `user` WHERE  `pid` = 28 ORDER BY `id` DESC LIMIT 10 [ RunTime:0.001395s ]
[2026-08-20T12:09:42+08:00][sql] SELECT `value` FROM `setting` WHERE  `name` = 'service_link' LIMIT 1 [ RunTime:0.001134s ]
[2026-08-20T12:09:42+08:00][sql] SELECT `is_virtual` FROM `user` WHERE  `id` = 28 LIMIT 1 [ RunTime:0.000710s ]
[2026-08-20T12:09:43+08:00][sql] CONNECT:[ UseTime:0.024491s ] mysql:host=127.0.0.1;port=3306;dbname=auction;charset=utf8mb4
[2026-08-20T12:09:43+08:00][sql] SHOW FULL COLUMNS FROM `goods` [ RunTime:0.001951s ]
[2026-08-20T12:09:43+08:00][sql] SELECT `id` FROM `goods` WHERE  `status` = 1  AND `end_time` <= 1787198983 [ RunTime:0.000973s ]
[2026-08-20T12:09:43+08:00][sql] SHOW FULL COLUMNS FROM `user` [ RunTime:0.001854s ]
[2026-08-20T12:09:43+08:00][sql] SELECT * FROM `user` WHERE  `id` = 28 LIMIT 1 [ RunTime:0.001063s ]
[2026-08-20T12:09:43+08:00][sql] SHOW FULL COLUMNS FROM `setting` [ RunTime:0.001462s ]
[2026-08-20T12:09:43+08:00][sql] SELECT * FROM `setting` [ RunTime:0.000800s ]
[2026-08-20T12:09:43+08:00][sql] SELECT COUNT(*) AS think_count FROM `goods` `g` LEFT JOIN `user` `u` ON `g`.`seller_id`=`u`.`id` WHERE  `g`.`status` = '1'  AND `g`.`start_time` <= '1787198983'  AND `g`.`end_time` > '1787198983' [ RunTime:0.001110s ]
[2026-08-20T12:09:43+08:00][sql] SELECT `g`.*,u.nickname as seller_name FROM `goods` `g` LEFT JOIN `user` `u` ON `g`.`seller_id`=`u`.`id` WHERE  `g`.`status` = '1'  AND `g`.`start_time` <= '1787198983'  AND `g`.`end_time` > '1787198983' ORDER BY `g`.`end_time` ASC,`g`.`id` DESC LIMIT 0,10 [ RunTime:0.001772s ]
[2026-08-20T12:09:43+08:00][sql] SHOW FULL COLUMNS FROM `bid_record` [ RunTime:0.001335s ]
[2026-08-20T12:09:43+08:00][sql] SELECT MAX(`price`) AS think_max FROM `bid_record` WHERE  `goods_id` = 36  AND `status` = 0 [ RunTime:0.001185s ]
[2026-08-20T12:09:43+08:00][sql] SHOW FULL COLUMNS FROM `category` [ RunTime:0.002004s ]
[2026-08-20T12:09:43+08:00][sql] SELECT * FROM `category` WHERE  `status` = 1 ORDER BY `sort` ASC [ RunTime:0.000812s ]
[2026-08-20T12:09:43+08:00][sql] SELECT `b`.`price`,`b`.`create_time`,`g`.`title`,`u`.`nickname` FROM `bid_record` `b` LEFT JOIN `goods` `g` ON `b`.`goods_id`=`g`.`id` LEFT JOIN `user` `u` ON `b`.`user_id`=`u`.`id` WHERE  `b`.`status` = '1' ORDER BY `b`.`id` DESC LIMIT 5 [ RunTime:0.001296s ]
[2026-08-20T12:09:43+08:00][sql] SHOW FULL COLUMNS FROM `news` [ RunTime:0.004634s ]
[2026-08-20T12:09:43+08:00][sql] SELECT `id`,`title`,`create_time` FROM `news` WHERE  `status` = 1 ORDER BY `id` DESC LIMIT 3 [ RunTime:0.001019s ]
[2026-08-20T12:09:43+08:00][sql] SHOW FULL COLUMNS FROM `banner` [ RunTime:0.004132s ]
[2026-08-20T12:09:43+08:00][sql] SELECT * FROM `banner` WHERE  `status` = 1 ORDER BY `sort` ASC,`id` ASC [ RunTime:0.000517s ]
[2026-08-20T12:09:44+08:00][sql] CONNECT:[ UseTime:0.010956s ] mysql:host=127.0.0.1;port=3306;dbname=auction;charset=utf8mb4
[2026-08-20T12:09:44+08:00][sql] SHOW FULL COLUMNS FROM `goods` [ RunTime:0.001494s ]
[2026-08-20T12:09:44+08:00][sql] SELECT `id` FROM `goods` WHERE  `status` = 1  AND `end_time` <= 1787198984 [ RunTime:0.001260s ]
[2026-08-20T12:09:44+08:00][sql] SHOW FULL COLUMNS FROM `user` [ RunTime:0.002292s ]
[2026-08-20T12:09:44+08:00][sql] SELECT * FROM `user` WHERE  `id` = 28 LIMIT 1 [ RunTime:0.001324s ]
[2026-08-20T12:09:44+08:00][sql] SHOW FULL COLUMNS FROM `setting` [ RunTime:0.001724s ]
[2026-08-20T12:09:44+08:00][sql] SELECT * FROM `setting` [ RunTime:0.001003s ]
[2026-08-20T12:09:44+08:00][sql] SELECT `g`.*,u.nickname as seller_name,u.shop_name as seller_shop,u.avatar as seller_avatar,`u`.`seller_intro`,u.deposit as seller_deposit,`u`.`shop_score`,`u`.`fans_count`,c.name as category_name FROM `goods` `g` LEFT JOIN `user` `u` ON `g`.`seller_id`=`u`.`id` LEFT JOIN `category` `c` ON `g`.`category_id`=`c`.`id` WHERE  `g`.`id` = '36' LIMIT 1 [ RunTime:0.001471s ]
[2026-08-20T12:09:44+08:00][sql] UPDATE `goods`  SET `view_count` = `view_count` + 1  WHERE  `id` = 36 [ RunTime:0.002426s ]
[2026-08-20T12:09:44+08:00][sql] SHOW FULL COLUMNS FROM `bid_record` [ RunTime:0.001750s ]
[2026-08-20T12:09:44+08:00][sql] SELECT `b`.*,`u`.`nickname`,`u`.`mobile` FROM `bid_record` `b` LEFT JOIN `user` `u` ON `b`.`user_id`=`u`.`id` WHERE  `b`.`goods_id` = '36'  AND `b`.`status` = '0' ORDER BY `b`.`price` DESC,`b`.`id` ASC LIMIT 1 [ RunTime:0.001214s ]
[2026-08-20T12:09:44+08:00][sql] SELECT `b`.*,`u`.`nickname`,`u`.`mobile` FROM `bid_record` `b` LEFT JOIN `user` `u` ON `b`.`user_id`=`u`.`id` WHERE  `b`.`goods_id` = '36' ORDER BY `b`.`price` DESC,`b`.`id` ASC LIMIT 50 [ RunTime:0.001124s ]
[2026-08-20T12:09:44+08:00][sql] SELECT MAX(`price`) AS think_max FROM `bid_record` WHERE  `goods_id` = 36  AND `user_id` = 28  AND `status` = 0 [ RunTime:0.005443s ]
[2026-08-20T12:09:44+08:00][sql] SELECT MAX(`deposit`) AS think_max FROM `bid_record` WHERE  `goods_id` = 36  AND `user_id` = 28  AND `deposit` > '0' [ RunTime:0.005565s ]
[2026-08-20T12:09:44+08:00][sql] SHOW FULL COLUMNS FROM `browse_history` [ RunTime:0.001987s ]
[2026-08-20T12:09:44+08:00][sql] REPLACE INTO `browse_history` SET `user_id` = 28 , `goods_id` = 36 , `create_time` = 1787198984 [ RunTime:0.002348s ]
[2026-08-20T12:09:44+08:00][sql] SHOW FULL COLUMNS FROM `goods_favorite` [ RunTime:0.001881s ]
[2026-08-20T12:09:44+08:00][sql] SELECT COUNT(*) AS think_count FROM `goods_favorite` WHERE  `user_id` = 28  AND `goods_id` = 36 [ RunTime:0.001113s ]
[2026-08-20T12:09:44+08:00][sql] SHOW FULL COLUMNS FROM `seller_follow` [ RunTime:0.001616s ]
[2026-08-20T12:09:44+08:00][sql] SELECT COUNT(*) AS think_count FROM `seller_follow` WHERE  `user_id` = 28  AND `seller_id` = 29 [ RunTime:0.001107s ]
[2026-08-20T12:09:46+08:00][sql] CONNECT:[ UseTime:0.009428s ] mysql:host=127.0.0.1;port=3306;dbname=auction;charset=utf8mb4
[2026-08-20T12:09:46+08:00][sql] SHOW FULL COLUMNS FROM `goods` [ RunTime:0.001706s ]
[2026-08-20T12:09:46+08:00][sql] SELECT `id` FROM `goods` WHERE  `status` = 1  AND `end_time` <= 1787198986 [ RunTime:0.000858s ]
[2026-08-20T12:09:46+08:00][sql] SHOW FULL COLUMNS FROM `user` [ RunTime:0.002072s ]
[2026-08-20T12:09:46+08:00][sql] SELECT * FROM `user` WHERE  `id` = 28 LIMIT 1 [ RunTime:0.001082s ]
[2026-08-20T12:09:46+08:00][sql] SHOW FULL COLUMNS FROM `setting` [ RunTime:0.001510s ]
[2026-08-20T12:09:46+08:00][sql] SELECT * FROM `setting` [ RunTime:0.000834s ]
[2026-08-20T12:09:46+08:00][sql] SELECT * FROM `goods` WHERE  `id` = 36 LIMIT 1 [ RunTime:0.000962s ]
[2026-08-20T12:09:46+08:00][sql] SHOW FULL COLUMNS FROM `goods_favorite` [ RunTime:0.001346s ]
[2026-08-20T12:09:46+08:00][sql] SELECT * FROM `goods_favorite` WHERE  `user_id` = 28  AND `goods_id` = 36 LIMIT 1 [ RunTime:0.000755s ]
[2026-08-20T12:09:46+08:00][sql] INSERT INTO `goods_favorite` SET `user_id` = 28 , `goods_id` = 36 , `create_time` = 1787198986 [ RunTime:0.001700s ]
[2026-08-20T12:09:49+08:00][sql] CONNECT:[ UseTime:0.002881s ] mysql:host=127.0.0.1;port=3306;dbname=auction;charset=utf8mb4
[2026-08-20T12:09:49+08:00][sql] SHOW FULL COLUMNS FROM `goods` [ RunTime:0.002209s ]
[2026-08-20T12:09:49+08:00][sql] SELECT `id` FROM `goods` WHERE  `status` = 1  AND `end_time` <= 1787198989 [ RunTime:0.000960s ]
[2026-08-20T12:09:49+08:00][sql] SHOW FULL COLUMNS FROM `user` [ RunTime:0.001854s ]
[2026-08-20T12:09:49+08:00][sql] SELECT * FROM `user` WHERE  `id` = 28 LIMIT 1 [ RunTime:0.001012s ]
[2026-08-20T12:09:49+08:00][sql] SHOW FULL COLUMNS FROM `setting` [ RunTime:0.001499s ]
[2026-08-20T12:09:49+08:00][sql] SELECT * FROM `setting` [ RunTime:0.000856s ]
[2026-08-20T12:09:49+08:00][sql] SHOW FULL COLUMNS FROM `bid_record` [ RunTime:0.002015s ]
[2026-08-20T12:09:49+08:00][sql] SELECT COUNT(*) AS think_count FROM `bid_record` WHERE  `user_id` = 28 [ RunTime:0.001266s ]
[2026-08-20T12:09:49+08:00][sql] SHOW FULL COLUMNS FROM `order` [ RunTime:0.002139s ]
[2026-08-20T12:09:49+08:00][sql] SELECT COUNT(*) AS think_count FROM `order` WHERE  `buyer_id` = 28  AND `pay_status` = 1 [ RunTime:0.001220s ]
[2026-08-20T12:09:49+08:00][sql] SELECT COUNT(*) AS think_count FROM `goods` WHERE  `seller_id` = 28  AND `status` = 2 [ RunTime:0.001140s ]
[2026-08-20T12:09:49+08:00][sql] SELECT COUNT(*) AS think_count FROM `goods` WHERE  `seller_id` = 28 [ RunTime:0.001063s ]
[2026-08-20T12:09:49+08:00][sql] SELECT COUNT(*) AS think_count FROM `order` WHERE  `buyer_id` = 28  AND `pay_status` = 0  AND `order_status` = 0 [ RunTime:0.001110s ]
[2026-08-20T12:09:49+08:00][sql] SELECT COUNT(*) AS think_count FROM `order` WHERE  `seller_id` = 28  AND `order_status` = 1 [ RunTime:0.001070s ]
[2026-08-20T12:09:49+08:00][sql] SELECT COUNT(*) AS think_count FROM `order` WHERE  `buyer_id` = 28  AND `order_status` = 0  AND `pay_status` = 0 [ RunTime:0.001009s ]
[2026-08-20T12:09:49+08:00][sql] SELECT COUNT(*) AS think_count FROM `order` WHERE  `buyer_id` = 28  AND `order_status` = 1 [ RunTime:0.000953s ]
[2026-08-20T12:09:49+08:00][sql] SELECT COUNT(*) AS think_count FROM `order` WHERE  `buyer_id` = 28  AND `order_status` = 2 [ RunTime:0.000977s ]
[2026-08-20T12:09:49+08:00][sql] SELECT COUNT(*) AS think_count FROM `order` WHERE  `buyer_id` = 28  AND `order_status` = 3 [ RunTime:0.000994s ]
[2026-08-20T12:09:49+08:00][sql] SELECT COUNT(*) AS think_count FROM `order` WHERE  `seller_id` = 28  AND `order_status` = 1 [ RunTime:0.000576s ]
[2026-08-20T12:09:49+08:00][sql] SHOW FULL COLUMNS FROM `goods_favorite` [ RunTime:0.001220s ]
[2026-08-20T12:09:49+08:00][sql] SELECT COUNT(*) AS think_count FROM `goods_favorite` WHERE  `user_id` = 28 [ RunTime:0.000938s ]
[2026-08-20T12:09:49+08:00][sql] SHOW FULL COLUMNS FROM `seller_follow` [ RunTime:0.001579s ]
[2026-08-20T12:09:49+08:00][sql] SELECT COUNT(*) AS think_count FROM `seller_follow` WHERE  `user_id` = 28 [ RunTime:0.000863s ]
[2026-08-20T12:09:49+08:00][sql] SHOW FULL COLUMNS FROM `browse_history` [ RunTime:0.001481s ]
[2026-08-20T12:09:49+08:00][sql] SELECT COUNT(*) AS think_count FROM `browse_history` WHERE  `user_id` = 28 [ RunTime:0.000781s ]
[2026-08-20T12:09:49+08:00][sql] SHOW FULL COLUMNS FROM `sys_message` [ RunTime:0.001368s ]
[2026-08-20T12:09:49+08:00][sql] SELECT COUNT(*) AS think_count FROM `sys_message` WHERE  `user_id` = 28  AND `is_read` = 0 [ RunTime:0.000991s ]
[2026-08-20T12:09:49+08:00][sql] SHOW FULL COLUMNS FROM `balance_log` [ RunTime:0.001544s ]
[2026-08-20T12:09:49+08:00][sql] SELECT * FROM `balance_log` WHERE  `user_id` = 28 ORDER BY `id` DESC LIMIT 5 [ RunTime:0.000970s ]
[2026-08-20T12:09:49+08:00][sql] SELECT `b`.*,`g`.`title`,`g`.`cover`,g.status as goods_status,`g`.`end_time` FROM `bid_record` `b` LEFT JOIN `goods` `g` ON `b`.`goods_id`=`g`.`id` WHERE  `b`.`user_id` = '28' ORDER BY `b`.`id` DESC LIMIT 5 [ RunTime:0.001371s ]
[2026-08-20T12:09:49+08:00][sql] SELECT `id`,`nickname`,`mobile`,`reg_time` FROM `user` WHERE  `pid` = 28 ORDER BY `id` DESC LIMIT 10 [ RunTime:0.001288s ]
[2026-08-20T12:09:49+08:00][sql] SELECT `value` FROM `setting` WHERE  `name` = 'service_link' LIMIT 1 [ RunTime:0.001123s ]
[2026-08-20T12:09:49+08:00][sql] SELECT `is_virtual` FROM `user` WHERE  `id` = 28 LIMIT 1 [ RunTime:0.001094s ]
[2026-08-20T12:09:58+08:00][sql] CONNECT:[ UseTime:0.011311s ] mysql:host=127.0.0.1;port=3306;dbname=auction;charset=utf8mb4
[2026-08-20T12:09:58+08:00][sql] SHOW FULL COLUMNS FROM `goods` [ RunTime:0.001780s ]
[2026-08-20T12:09:58+08:00][sql] SELECT `id` FROM `goods` WHERE  `status` = 1  AND `end_time` <= 1787198998 [ RunTime:0.000893s ]
[2026-08-20T12:09:58+08:00][sql] SHOW FULL COLUMNS FROM `user` [ RunTime:0.001618s ]
[2026-08-20T12:09:58+08:00][sql] SELECT * FROM `user` WHERE  `id` = 20 LIMIT 1 [ RunTime:0.000929s ]
[2026-08-20T12:09:58+08:00][sql] SHOW FULL COLUMNS FROM `setting` [ RunTime:0.001317s ]
[2026-08-20T12:09:58+08:00][sql] SELECT * FROM `setting` [ RunTime:0.000846s ]
[2026-08-20T12:09:58+08:00][sql] SHOW FULL COLUMNS FROM `bid_record` [ RunTime:0.001256s ]
[2026-08-20T12:09:58+08:00][sql] SELECT COUNT(*) AS think_count FROM `bid_record` WHERE  `user_id` = 20 [ RunTime:0.000742s ]
[2026-08-20T12:09:58+08:00][sql] SHOW FULL COLUMNS FROM `order` [ RunTime:0.002147s ]
[2026-08-20T12:09:58+08:00][sql] SELECT COUNT(*) AS think_count FROM `order` WHERE  `buyer_id` = 20  AND `pay_status` = 1 [ RunTime:0.000978s ]
[2026-08-20T12:09:58+08:00][sql] SELECT COUNT(*) AS think_count FROM `goods` WHERE  `seller_id` = 20  AND `status` = 2 [ RunTime:0.002368s ]
[2026-08-20T12:09:58+08:00][sql] SELECT COUNT(*) AS think_count FROM `goods` WHERE  `seller_id` = 20 [ RunTime:0.000736s ]
[2026-08-20T12:09:58+08:00][sql] SELECT COUNT(*) AS think_count FROM `order` WHERE  `buyer_id` = 20  AND `pay_status` = 0  AND `order_status` = 0 [ RunTime:0.000725s ]
[2026-08-20T12:09:58+08:00][sql] SELECT COUNT(*) AS think_count FROM `order` WHERE  `seller_id` = 20  AND `order_status` = 1 [ RunTime:0.000821s ]
[2026-08-20T12:09:58+08:00][sql] SELECT COUNT(*) AS think_count FROM `order` WHERE  `buyer_id` = 20  AND `order_status` = 0  AND `pay_status` = 0 [ RunTime:0.000703s ]
[2026-08-20T12:09:58+08:00][sql] SELECT COUNT(*) AS think_count FROM `order` WHERE  `buyer_id` = 20  AND `order_status` = 1 [ RunTime:0.000693s ]
[2026-08-20T12:09:58+08:00][sql] SELECT COUNT(*) AS think_count FROM `order` WHERE  `buyer_id` = 20  AND `order_status` = 2 [ RunTime:0.000679s ]
[2026-08-20T12:09:58+08:00][sql] SELECT COUNT(*) AS think_count FROM `order` WHERE  `buyer_id` = 20  AND `order_status` = 3 [ RunTime:0.000666s ]
[2026-08-20T12:09:58+08:00][sql] SELECT COUNT(*) AS think_count FROM `order` WHERE  `seller_id` = 20  AND `order_status` = 1 [ RunTime:0.000680s ]
[2026-08-20T12:09:58+08:00][sql] SHOW FULL COLUMNS FROM `goods_favorite` [ RunTime:0.001214s ]
[2026-08-20T12:09:58+08:00][sql] SELECT COUNT(*) AS think_count FROM `goods_favorite` WHERE  `user_id` = 20 [ RunTime:0.000734s ]
[2026-08-20T12:09:58+08:00][sql] SHOW FULL COLUMNS FROM `seller_follow` [ RunTime:0.001608s ]
[2026-08-20T12:09:58+08:00][sql] SELECT COUNT(*) AS think_count FROM `seller_follow` WHERE  `user_id` = 20 [ RunTime:0.001369s ]
[2026-08-20T12:09:58+08:00][sql] SHOW FULL COLUMNS FROM `browse_history` [ RunTime:0.001186s ]
[2026-08-20T12:09:58+08:00][sql] SELECT COUNT(*) AS think_count FROM `browse_history` WHERE  `user_id` = 20 [ RunTime:0.000793s ]
[2026-08-20T12:09:58+08:00][sql] SHOW FULL COLUMNS FROM `sys_message` [ RunTime:0.001441s ]
[2026-08-20T12:09:58+08:00][sql] SELECT COUNT(*) AS think_count FROM `sys_message` WHERE  `user_id` = 20  AND `is_read` = 0 [ RunTime:0.000905s ]
[2026-08-20T12:09:58+08:00][sql] SHOW FULL COLUMNS FROM `balance_log` [ RunTime:0.001504s ]
[2026-08-20T12:09:58+08:00][sql] SELECT * FROM `balance_log` WHERE  `user_id` = 20 ORDER BY `id` DESC LIMIT 5 [ RunTime:0.000979s ]
[2026-08-20T12:09:58+08:00][sql] SELECT `b`.*,`g`.`title`,`g`.`cover`,g.status as goods_status,`g`.`end_time` FROM `bid_record` `b` LEFT JOIN `goods` `g` ON `b`.`goods_id`=`g`.`id` WHERE  `b`.`user_id` = '20' ORDER BY `b`.`id` DESC LIMIT 5 [ RunTime:0.001009s ]
[2026-08-20T12:09:58+08:00][sql] SELECT `id`,`nickname`,`mobile`,`reg_time` FROM `user` WHERE  `pid` = 20 ORDER BY `id` DESC LIMIT 10 [ RunTime:0.000757s ]
[2026-08-20T12:09:58+08:00][sql] SELECT `value` FROM `setting` WHERE  `name` = 'service_link' LIMIT 1 [ RunTime:0.000702s ]
[2026-08-20T12:09:58+08:00][sql] SELECT `is_virtual` FROM `user` WHERE  `id` = 20 LIMIT 1 [ RunTime:0.000601s ]
[2026-08-20T12:10:03+08:00][sql] CONNECT:[ UseTime:0.001984s ] mysql:host=127.0.0.1;port=3306;dbname=auction;charset=utf8mb4
[2026-08-20T12:10:03+08:00][sql] SHOW FULL COLUMNS FROM `goods` [ RunTime:0.001689s ]
[2026-08-20T12:10:03+08:00][sql] SELECT `id` FROM `goods` WHERE  `status` = 1  AND `end_time` <= 1787199003 [ RunTime:0.000846s ]
[2026-08-20T12:10:03+08:00][sql] SHOW FULL COLUMNS FROM `user` [ RunTime:0.001523s ]
[2026-08-20T12:10:03+08:00][sql] SELECT * FROM `user` WHERE  `id` = 20 LIMIT 1 [ RunTime:0.000785s ]
[2026-08-20T12:10:03+08:00][sql] SHOW FULL COLUMNS FROM `setting` [ RunTime:0.000889s ]
[2026-08-20T12:10:03+08:00][sql] SELECT * FROM `setting` [ RunTime:0.000488s ]
[2026-08-20T12:10:03+08:00][sql] SHOW FULL COLUMNS FROM `sys_message` [ RunTime:0.001017s ]
[2026-08-20T12:10:03+08:00][sql] SELECT COUNT(*) AS think_count FROM `sys_message` WHERE  `user_id` = 20 [ RunTime:0.000752s ]
[2026-08-20T12:10:03+08:00][sql] SELECT * FROM `sys_message` WHERE  `user_id` = 20 ORDER BY `id` DESC LIMIT 0,15 [ RunTime:0.000725s ]
[2026-08-20T12:10:05+08:00][sql] CONNECT:[ UseTime:0.012208s ] mysql:host=127.0.0.1;port=3306;dbname=auction;charset=utf8mb4
[2026-08-20T12:10:05+08:00][sql] SHOW FULL COLUMNS FROM `goods` [ RunTime:0.001652s ]
[2026-08-20T12:10:05+08:00][sql] SELECT `id` FROM `goods` WHERE  `status` = 1  AND `end_time` <= 1787199005 [ RunTime:0.000794s ]
[2026-08-20T12:10:05+08:00][sql] SHOW FULL COLUMNS FROM `user` [ RunTime:0.001451s ]
[2026-08-20T12:10:05+08:00][sql] SELECT * FROM `user` WHERE  `id` = 20 LIMIT 1 [ RunTime:0.000866s ]
[2026-08-20T12:10:05+08:00][sql] SHOW FULL COLUMNS FROM `setting` [ RunTime:0.001211s ]
[2026-08-20T12:10:05+08:00][sql] SELECT * FROM `setting` [ RunTime:0.000717s ]
[2026-08-20T12:10:05+08:00][sql] SHOW FULL COLUMNS FROM `sys_message` [ RunTime:0.001121s ]
[2026-08-20T12:10:05+08:00][sql] SELECT * FROM `sys_message` WHERE  `id` = 8  AND `user_id` = 20 LIMIT 1 [ RunTime:0.000710s ]
[2026-08-20T12:10:05+08:00][sql] UPDATE `sys_message`  SET `is_read` = 1  WHERE  `id` = 8 [ RunTime:0.001966s ]
[2026-08-20T12:10:34+08:00][sql] CONNECT:[ UseTime:0.020077s ] mysql:host=127.0.0.1;port=3306;dbname=auction;charset=utf8mb4
[2026-08-20T12:10:34+08:00][sql] SHOW FULL COLUMNS FROM `goods` [ RunTime:0.002523s ]
[2026-08-20T12:10:34+08:00][sql] SELECT `id` FROM `goods` WHERE  `status` = 1  AND `end_time` <= 1787199034 [ RunTime:0.001200s ]
[2026-08-20T12:10:34+08:00][sql] SHOW FULL COLUMNS FROM `user` [ RunTime:0.002259s ]
[2026-08-20T12:10:34+08:00][sql] SELECT * FROM `user` WHERE  `id` = 20 LIMIT 1 [ RunTime:0.001296s ]
[2026-08-20T12:10:34+08:00][sql] SHOW FULL COLUMNS FROM `setting` [ RunTime:0.001861s ]
[2026-08-20T12:10:34+08:00][sql] SELECT * FROM `setting` [ RunTime:0.001162s ]
[2026-08-20T12:10:34+08:00][sql] SELECT COUNT(*) AS think_count FROM `goods` `g` LEFT JOIN `user` `u` ON `g`.`seller_id`=`u`.`id` WHERE  `g`.`status` = '1'  AND `g`.`start_time` <= '1787199034'  AND `g`.`end_time` > '1787199034' [ RunTime:0.001513s ]
[2026-08-20T12:10:34+08:00][sql] SELECT `g`.*,u.nickname as seller_name FROM `goods` `g` LEFT JOIN `user` `u` ON `g`.`seller_id`=`u`.`id` WHERE  `g`.`status` = '1'  AND `g`.`start_time` <= '1787199034'  AND `g`.`end_time` > '1787199034' ORDER BY `g`.`end_time` ASC,`g`.`id` DESC LIMIT 0,10 [ RunTime:0.001615s ]
[2026-08-20T12:10:34+08:00][sql] SHOW FULL COLUMNS FROM `bid_record` [ RunTime:0.001993s ]
[2026-08-20T12:10:34+08:00][sql] SELECT MAX(`price`) AS think_max FROM `bid_record` WHERE  `goods_id` = 36  AND `status` = 0 [ RunTime:0.001289s ]
[2026-08-20T12:10:34+08:00][sql] SHOW FULL COLUMNS FROM `category` [ RunTime:0.001942s ]
[2026-08-20T12:10:34+08:00][sql] SELECT * FROM `category` WHERE  `status` = 1 ORDER BY `sort` ASC [ RunTime:0.001062s ]
[2026-08-20T12:10:34+08:00][sql] SELECT `b`.`price`,`b`.`create_time`,`g`.`title`,`u`.`nickname` FROM `bid_record` `b` LEFT JOIN `goods` `g` ON `b`.`goods_id`=`g`.`id` LEFT JOIN `user` `u` ON `b`.`user_id`=`u`.`id` WHERE  `b`.`status` = '1' ORDER BY `b`.`id` DESC LIMIT 5 [ RunTime:0.001316s ]
[2026-08-20T12:10:34+08:00][sql] SHOW FULL COLUMNS FROM `news` [ RunTime:0.002191s ]
[2026-08-20T12:10:34+08:00][sql] SELECT `id`,`title`,`create_time` FROM `news` WHERE  `status` = 1 ORDER BY `id` DESC LIMIT 3 [ RunTime:0.001239s ]
[2026-08-20T12:10:34+08:00][sql] SHOW FULL COLUMNS FROM `banner` [ RunTime:0.002071s ]
[2026-08-20T12:10:34+08:00][sql] SELECT * FROM `banner` WHERE  `status` = 1 ORDER BY `sort` ASC,`id` ASC [ RunTime:0.001399s ]
[2026-08-20T12:10:35+08:00][sql] CONNECT:[ UseTime:0.022834s ] mysql:host=127.0.0.1;port=3306;dbname=auction;charset=utf8mb4
[2026-08-20T12:10:35+08:00][sql] SHOW FULL COLUMNS FROM `goods` [ RunTime:0.001835s ]
[2026-08-20T12:10:35+08:00][sql] SELECT `id` FROM `goods` WHERE  `status` = 1  AND `end_time` <= 1787199035 [ RunTime:0.001007s ]
[2026-08-20T12:10:35+08:00][sql] SHOW FULL COLUMNS FROM `user` [ RunTime:0.001523s ]
[2026-08-20T12:10:35+08:00][sql] SELECT * FROM `user` WHERE  `id` = 20 LIMIT 1 [ RunTime:0.001155s ]
[2026-08-20T12:10:35+08:00][sql] SHOW FULL COLUMNS FROM `setting` [ RunTime:0.001885s ]
[2026-08-20T12:10:35+08:00][sql] SELECT * FROM `setting` [ RunTime:0.001113s ]
[2026-08-20T12:10:35+08:00][sql] SHOW FULL COLUMNS FROM `category` [ RunTime:0.001990s ]
[2026-08-20T12:10:35+08:00][sql] SELECT * FROM `category` WHERE  `status` = 1 ORDER BY `sort` ASC [ RunTime:0.001070s ]
[2026-08-20T12:10:35+08:00][sql] SELECT COUNT(*),`category_id` FROM `goods` WHERE  `status` = 1  AND `category_id` IN (1,2,3,4) GROUP BY `category_id` [ RunTime:0.001247s ]
[2026-08-20T12:10:37+08:00][sql] CONNECT:[ UseTime:0.008440s ] mysql:host=127.0.0.1;port=3306;dbname=auction;charset=utf8mb4
[2026-08-20T12:10:37+08:00][sql] SHOW FULL COLUMNS FROM `goods` [ RunTime:0.002429s ]
[2026-08-20T12:10:37+08:00][sql] SELECT `id` FROM `goods` WHERE  `status` = 1  AND `end_time` <= 1787199037 [ RunTime:0.001147s ]
[2026-08-20T12:10:37+08:00][sql] SHOW FULL COLUMNS FROM `user` [ RunTime:0.002039s ]
[2026-08-20T12:10:37+08:00][sql] SELECT * FROM `user` WHERE  `id` = 20 LIMIT 1 [ RunTime:0.001201s ]
[2026-08-20T12:10:37+08:00][sql] SHOW FULL COLUMNS FROM `setting` [ RunTime:0.001799s ]
[2026-08-20T12:10:37+08:00][sql] SELECT * FROM `setting` [ RunTime:0.001042s ]
[2026-08-20T12:10:37+08:00][sql] SELECT COUNT(*) AS think_count FROM `goods` `g` LEFT JOIN `user` `u` ON `g`.`seller_id`=`u`.`id` WHERE  `g`.`status` = '1'  AND `g`.`start_time` <= '1787199037'  AND `g`.`end_time` > '1787199037' [ RunTime:0.001295s ]
[2026-08-20T12:10:37+08:00][sql] SELECT `g`.*,u.nickname as seller_name FROM `goods` `g` LEFT JOIN `user` `u` ON `g`.`seller_id`=`u`.`id` WHERE  `g`.`status` = '1'  AND `g`.`start_time` <= '1787199037'  AND `g`.`end_time` > '1787199037' ORDER BY `g`.`end_time` ASC,`g`.`id` DESC LIMIT 0,10 [ RunTime:0.001208s ]
[2026-08-20T12:10:37+08:00][sql] SHOW FULL COLUMNS FROM `bid_record` [ RunTime:0.001483s ]
[2026-08-20T12:10:37+08:00][sql] SELECT MAX(`price`) AS think_max FROM `bid_record` WHERE  `goods_id` = 36  AND `status` = 0 [ RunTime:0.000851s ]
[2026-08-20T12:10:37+08:00][sql] SHOW FULL COLUMNS FROM `category` [ RunTime:0.001499s ]
[2026-08-20T12:10:37+08:00][sql] SELECT * FROM `category` WHERE  `status` = 1 ORDER BY `sort` ASC [ RunTime:0.000985s ]
[2026-08-20T12:10:37+08:00][sql] SELECT `b`.`price`,`b`.`create_time`,`g`.`title`,`u`.`nickname` FROM `bid_record` `b` LEFT JOIN `goods` `g` ON `b`.`goods_id`=`g`.`id` LEFT JOIN `user` `u` ON `b`.`user_id`=`u`.`id` WHERE  `b`.`status` = '1' ORDER BY `b`.`id` DESC LIMIT 5 [ RunTime:0.001428s ]
[2026-08-20T12:10:37+08:00][sql] SHOW FULL COLUMNS FROM `news` [ RunTime:0.001151s ]
[2026-08-20T12:10:37+08:00][sql] SELECT `id`,`title`,`create_time` FROM `news` WHERE  `status` = 1 ORDER BY `id` DESC LIMIT 3 [ RunTime:0.001239s ]
[2026-08-20T12:10:37+08:00][sql] SHOW FULL COLUMNS FROM `banner` [ RunTime:0.001962s ]
[2026-08-20T12:10:37+08:00][sql] SELECT * FROM `banner` WHERE  `status` = 1 ORDER BY `sort` ASC,`id` ASC [ RunTime:0.001226s ]
[2026-08-20T12:10:47+08:00][sql] CONNECT:[ UseTime:0.002399s ] mysql:host=127.0.0.1;port=3306;dbname=auction;charset=utf8mb4
[2026-08-20T12:10:47+08:00][sql] SHOW FULL COLUMNS FROM `goods` [ RunTime:0.001602s ]
[2026-08-20T12:10:47+08:00][sql] SELECT `id` FROM `goods` WHERE  `status` = 1  AND `end_time` <= 1787199047 [ RunTime:0.000834s ]
[2026-08-20T12:10:47+08:00][sql] SHOW FULL COLUMNS FROM `user` [ RunTime:0.001535s ]
[2026-08-20T12:10:47+08:00][sql] SELECT * FROM `user` WHERE  `id` = 20 LIMIT 1 [ RunTime:0.000897s ]
[2026-08-20T12:10:47+08:00][sql] SHOW FULL COLUMNS FROM `setting` [ RunTime:0.001276s ]
[2026-08-20T12:10:47+08:00][sql] SELECT * FROM `setting` [ RunTime:0.000782s ]
[2026-08-20T12:10:47+08:00][sql] SHOW FULL COLUMNS FROM `order` [ RunTime:0.001462s ]
[2026-08-20T12:10:47+08:00][sql] SELECT COUNT(*) AS think_count FROM `order` `o` LEFT JOIN `goods` `g` ON `o`.`goods_id`=`g`.`id` LEFT JOIN `user` `s` ON `o`.`seller_id`=`s`.`id` LEFT JOIN `user` `b` ON `o`.`buyer_id`=`b`.`id` WHERE  `o`.`pay_status` = '1'  AND `o`.`order_status` <> '4' [ RunTime:0.003809s ]
[2026-08-20T12:10:47+08:00][sql] SELECT `o`.`id`,`o`.`order_no`,`o`.`goods_id`,`o`.`goods_title`,`o`.`goods_cover`,`o`.`price`,`o`.`pay_time`,`o`.`create_time`,s.shop_name as seller_shop,s.nickname as seller_nick,b.nickname as buyer_nick FROM `order` `o` LEFT JOIN `goods` `g` ON `o`.`goods_id`=`g`.`id` LEFT JOIN `user` `s` ON `o`.`seller_id`=`s`.`id` LEFT JOIN `user` `b` ON `o`.`buyer_id`=`b`.`id` WHERE  `o`.`pay_status` = '1'  AND `o`.`order_status` <> '4' ORDER BY `o`.`id` DESC LIMIT 0,15 [ RunTime:0.000972s ]
[2026-08-20T12:10:59+08:00][sql] CONNECT:[ UseTime:0.002127s ] mysql:host=127.0.0.1;port=3306;dbname=auction;charset=utf8mb4
[2026-08-20T12:10:59+08:00][sql] SHOW FULL COLUMNS FROM `goods` [ RunTime:0.001544s ]
[2026-08-20T12:10:59+08:00][sql] SELECT `id` FROM `goods` WHERE  `status` = 1  AND `end_time` <= 1787199059 [ RunTime:0.000697s ]
[2026-08-20T12:10:59+08:00][sql] SHOW FULL COLUMNS FROM `user` [ RunTime:0.001362s ]
[2026-08-20T12:10:59+08:00][sql] SELECT * FROM `user` WHERE  `id` = 20 LIMIT 1 [ RunTime:0.000730s ]
[2026-08-20T12:10:59+08:00][sql] SHOW FULL COLUMNS FROM `setting` [ RunTime:0.001283s ]
[2026-08-20T12:10:59+08:00][sql] SELECT * FROM `setting` [ RunTime:0.000512s ]
[2026-08-20T12:10:59+08:00][sql] SHOW FULL COLUMNS FROM `category` [ RunTime:0.001020s ]
[2026-08-20T12:10:59+08:00][sql] SELECT * FROM `category` WHERE  `status` = 1 ORDER BY `sort` ASC [ RunTime:0.000568s ]
[2026-08-20T12:10:59+08:00][sql] SELECT COUNT(*),`category_id` FROM `goods` WHERE  `status` = 1  AND `category_id` IN (1,2,3,4) GROUP BY `category_id` [ RunTime:0.000655s ]
[2026-08-20T12:11:02+08:00][sql] CONNECT:[ UseTime:0.023123s ] mysql:host=127.0.0.1;port=3306;dbname=auction;charset=utf8mb4
[2026-08-20T12:11:02+08:00][sql] SHOW FULL COLUMNS FROM `goods` [ RunTime:0.002502s ]
[2026-08-20T12:11:02+08:00][sql] SELECT `id` FROM `goods` WHERE  `status` = 1  AND `end_time` <= 1787199062 [ RunTime:0.001206s ]
[2026-08-20T12:11:02+08:00][sql] SHOW FULL COLUMNS FROM `user` [ RunTime:0.002273s ]
[2026-08-20T12:11:02+08:00][sql] SELECT * FROM `user` WHERE  `id` = 20 LIMIT 1 [ RunTime:0.001309s ]
[2026-08-20T12:11:02+08:00][sql] SHOW FULL COLUMNS FROM `setting` [ RunTime:0.001842s ]
[2026-08-20T12:11:02+08:00][sql] SELECT * FROM `setting` [ RunTime:0.001326s ]
[2026-08-20T12:11:05+08:00][sql] CONNECT:[ UseTime:0.022573s ] mysql:host=127.0.0.1;port=3306;dbname=auction;charset=utf8mb4
[2026-08-20T12:11:05+08:00][sql] SHOW FULL COLUMNS FROM `goods` [ RunTime:0.002623s ]
[2026-08-20T12:11:05+08:00][sql] SELECT `id` FROM `goods` WHERE  `status` = 1  AND `end_time` <= 1787199065 [ RunTime:0.001242s ]
[2026-08-20T12:11:05+08:00][sql] SHOW FULL COLUMNS FROM `user` [ RunTime:0.002225s ]
[2026-08-20T12:11:05+08:00][sql] SELECT * FROM `user` WHERE  `id` = 20 LIMIT 1 [ RunTime:0.001285s ]
[2026-08-20T12:11:05+08:00][sql] SHOW FULL COLUMNS FROM `setting` [ RunTime:0.001900s ]
[2026-08-20T12:11:05+08:00][sql] SELECT * FROM `setting` [ RunTime:0.001174s ]
[2026-08-20T12:11:05+08:00][sql] SELECT COUNT(*) AS think_count FROM `goods` `g` LEFT JOIN `user` `u` ON `g`.`seller_id`=`u`.`id` WHERE  `g`.`status` = '1'  AND `g`.`start_time` <= '1787199065'  AND `g`.`end_time` > '1787199065' [ RunTime:0.001518s ]
[2026-08-20T12:11:05+08:00][sql] SELECT `g`.*,u.nickname as seller_name FROM `goods` `g` LEFT JOIN `user` `u` ON `g`.`seller_id`=`u`.`id` WHERE  `g`.`status` = '1'  AND `g`.`start_time` <= '1787199065'  AND `g`.`end_time` > '1787199065' ORDER BY `g`.`end_time` ASC,`g`.`id` DESC LIMIT 0,10 [ RunTime:0.001638s ]
[2026-08-20T12:11:05+08:00][sql] SHOW FULL COLUMNS FROM `bid_record` [ RunTime:0.001815s ]
[2026-08-20T12:11:05+08:00][sql] SELECT MAX(`price`) AS think_max FROM `bid_record` WHERE  `goods_id` = 36  AND `status` = 0 [ RunTime:0.001041s ]
[2026-08-20T12:11:05+08:00][sql] SHOW FULL COLUMNS FROM `category` [ RunTime:0.001658s ]
[2026-08-20T12:11:05+08:00][sql] SELECT * FROM `category` WHERE  `status` = 1 ORDER BY `sort` ASC [ RunTime:0.001004s ]
[2026-08-20T12:11:05+08:00][sql] SELECT `b`.`price`,`b`.`create_time`,`g`.`title`,`u`.`nickname` FROM `bid_record` `b` LEFT JOIN `goods` `g` ON `b`.`goods_id`=`g`.`id` LEFT JOIN `user` `u` ON `b`.`user_id`=`u`.`id` WHERE  `b`.`status` = '1' ORDER BY `b`.`id` DESC LIMIT 5 [ RunTime:0.001131s ]
[2026-08-20T12:11:05+08:00][sql] SHOW FULL COLUMNS FROM `news` [ RunTime:0.001846s ]
[2026-08-20T12:11:05+08:00][sql] SELECT `id`,`title`,`create_time` FROM `news` WHERE  `status` = 1 ORDER BY `id` DESC LIMIT 3 [ RunTime:0.000683s ]
[2026-08-20T12:11:05+08:00][sql] SHOW FULL COLUMNS FROM `banner` [ RunTime:0.001719s ]
[2026-08-20T12:11:05+08:00][sql] SELECT * FROM `banner` WHERE  `status` = 1 ORDER BY `sort` ASC,`id` ASC [ RunTime:0.001170s ]
[2026-08-20T12:11:10+08:00][sql] CONNECT:[ UseTime:0.010165s ] mysql:host=127.0.0.1;port=3306;dbname=auction;charset=utf8mb4
[2026-08-20T12:11:10+08:00][sql] SHOW FULL COLUMNS FROM `goods` [ RunTime:0.001872s ]
[2026-08-20T12:11:10+08:00][sql] SELECT `id` FROM `goods` WHERE  `status` = 1  AND `end_time` <= 1787199069 [ RunTime:0.001300s ]
[2026-08-20T12:11:10+08:00][sql] SHOW FULL COLUMNS FROM `user` [ RunTime:0.002272s ]
[2026-08-20T12:11:10+08:00][sql] SELECT * FROM `user` WHERE  `id` = 20 LIMIT 1 [ RunTime:0.001226s ]
[2026-08-20T12:11:10+08:00][sql] SHOW FULL COLUMNS FROM `setting` [ RunTime:0.001963s ]
[2026-08-20T12:11:10+08:00][sql] SELECT * FROM `setting` [ RunTime:0.000958s ]
[2026-08-20T12:11:13+08:00][sql] CONNECT:[ UseTime:0.025580s ] mysql:host=127.0.0.1;port=3306;dbname=auction;charset=utf8mb4
[2026-08-20T12:11:13+08:00][sql] SHOW FULL COLUMNS FROM `goods` [ RunTime:0.002594s ]
[2026-08-20T12:11:13+08:00][sql] SELECT `id` FROM `goods` WHERE  `status` = 1  AND `end_time` <= 1787199073 [ RunTime:0.001269s ]
[2026-08-20T12:11:13+08:00][sql] SHOW FULL COLUMNS FROM `user` [ RunTime:0.002230s ]
[2026-08-20T12:11:13+08:00][sql] SELECT * FROM `user` WHERE  `id` = 20 LIMIT 1 [ RunTime:0.001359s ]
[2026-08-20T12:11:13+08:00][sql] SHOW FULL COLUMNS FROM `setting` [ RunTime:0.001857s ]
[2026-08-20T12:11:13+08:00][sql] SELECT * FROM `setting` [ RunTime:0.001372s ]
[2026-08-20T12:11:13+08:00][sql] SELECT COUNT(*) AS think_count FROM `goods` `g` LEFT JOIN `user` `u` ON `g`.`seller_id`=`u`.`id` WHERE  `g`.`status` = '1'  AND `g`.`start_time` <= '1787199073'  AND `g`.`end_time` > '1787199073'  AND `g`.`title` LIKE '%111%' [ RunTime:0.001351s ]
[2026-08-20T12:11:13+08:00][sql] SELECT `g`.*,u.nickname as seller_name FROM `goods` `g` LEFT JOIN `user` `u` ON `g`.`seller_id`=`u`.`id` WHERE  `g`.`status` = '1'  AND `g`.`start_time` <= '1787199073'  AND `g`.`end_time` > '1787199073'  AND `g`.`title` LIKE '%111%' ORDER BY `g`.`id` DESC LIMIT 0,10 [ RunTime:0.001312s ]
[2026-08-20T12:11:13+08:00][sql] SHOW FULL COLUMNS FROM `bid_record` [ RunTime:0.001737s ]
[2026-08-20T12:11:13+08:00][sql] SELECT MAX(`price`) AS think_max FROM `bid_record` WHERE  `goods_id` = 36  AND `status` = 0 [ RunTime:0.001023s ]
[2026-08-20T12:23:00+08:00][sql] CONNECT:[ UseTime:0.001835s ] mysql:host=127.0.0.1;port=3306;dbname=auction;charset=utf8mb4
[2026-08-20T12:23:00+08:00][sql] SHOW FULL COLUMNS FROM `goods` [ RunTime:0.002623s ]
[2026-08-20T12:23:00+08:00][sql] SELECT `id` FROM `goods` WHERE  `status` = 1  AND `end_time` <= 1787199780 [ RunTime:0.001266s ]
[2026-08-20T12:23:00+08:00][sql] SHOW FULL COLUMNS FROM `setting` [ RunTime:0.001528s ]
[2026-08-20T12:23:00+08:00][sql] SELECT * FROM `setting` [ RunTime:0.001280s ]
[2026-08-20T12:23:39+08:00][sql] CONNECT:[ UseTime:0.001308s ] mysql:host=127.0.0.1;port=3306;dbname=auction;charset=utf8mb4
[2026-08-20T12:23:39+08:00][sql] SHOW FULL COLUMNS FROM `goods` [ RunTime:0.002105s ]
[2026-08-20T12:23:39+08:00][sql] SELECT `id` FROM `goods` WHERE  `status` = 1  AND `end_time` <= 1787199819 [ RunTime:0.001275s ]
[2026-08-20T12:23:39+08:00][sql] SHOW FULL COLUMNS FROM `setting` [ RunTime:0.001402s ]
[2026-08-20T12:23:39+08:00][sql] SELECT * FROM `setting` [ RunTime:0.000823s ]
[2026-08-20T12:23:39+08:00][sql] SHOW FULL COLUMNS FROM `user` [ RunTime:0.001780s ]
[2026-08-20T12:23:39+08:00][sql] SELECT * FROM `user` WHERE  `mobile` = '18888888867' LIMIT 1 [ RunTime:0.001341s ]
[2026-08-20T12:23:39+08:00][sql] UPDATE `user`  SET `last_login_time` = 1787199819 , `update_time` = 1787199819  WHERE  `id` = 29 [ RunTime:0.007045s ]
[2026-08-20T12:23:40+08:00][sql] CONNECT:[ UseTime:0.001695s ] mysql:host=127.0.0.1;port=3306;dbname=auction;charset=utf8mb4
[2026-08-20T12:23:40+08:00][sql] SHOW FULL COLUMNS FROM `goods` [ RunTime:0.001934s ]
[2026-08-20T12:23:40+08:00][sql] SELECT `id` FROM `goods` WHERE  `status` = 1  AND `end_time` <= 1787199820 [ RunTime:0.001145s ]
[2026-08-20T12:23:40+08:00][sql] SHOW FULL COLUMNS FROM `user` [ RunTime:0.001809s ]
[2026-08-20T12:23:40+08:00][sql] SELECT * FROM `user` WHERE  `id` = 29 LIMIT 1 [ RunTime:0.001297s ]
[2026-08-20T12:23:40+08:00][sql] SHOW FULL COLUMNS FROM `setting` [ RunTime:0.003345s ]
[2026-08-20T12:23:40+08:00][sql] SELECT * FROM `setting` [ RunTime:0.000812s ]
[2026-08-20T12:23:40+08:00][sql] SHOW FULL COLUMNS FROM `bid_record` [ RunTime:0.001525s ]
[2026-08-20T12:23:40+08:00][sql] SELECT COUNT(*) AS think_count FROM `bid_record` WHERE  `user_id` = 29 [ RunTime:0.000940s ]
[2026-08-20T12:23:40+08:00][sql] SHOW FULL COLUMNS FROM `order` [ RunTime:0.001722s ]
[2026-08-20T12:23:40+08:00][sql] SELECT COUNT(*) AS think_count FROM `order` WHERE  `buyer_id` = 29  AND `pay_status` = 1 [ RunTime:0.000935s ]
[2026-08-20T12:23:40+08:00][sql] SELECT COUNT(*) AS think_count FROM `goods` WHERE  `seller_id` = 29  AND `status` = 2 [ RunTime:0.000814s ]
[2026-08-20T12:23:40+08:00][sql] SELECT COUNT(*) AS think_count FROM `goods` WHERE  `seller_id` = 29 [ RunTime:0.000773s ]
[2026-08-20T12:23:40+08:00][sql] SELECT COUNT(*) AS think_count FROM `order` WHERE  `buyer_id` = 29  AND `pay_status` = 0  AND `order_status` = 0 [ RunTime:0.000881s ]
[2026-08-20T12:23:40+08:00][sql] SELECT COUNT(*) AS think_count FROM `order` WHERE  `seller_id` = 29  AND `order_status` = 1 [ RunTime:0.000871s ]
[2026-08-20T12:23:40+08:00][sql] SELECT COUNT(*) AS think_count FROM `order` WHERE  `buyer_id` = 29  AND `order_status` = 0  AND `pay_status` = 0 [ RunTime:0.000927s ]
[2026-08-20T12:23:40+08:00][sql] SELECT COUNT(*) AS think_count FROM `order` WHERE  `buyer_id` = 29  AND `order_status` = 1 [ RunTime:0.000975s ]
[2026-08-20T12:23:40+08:00][sql] SELECT COUNT(*) AS think_count FROM `order` WHERE  `buyer_id` = 29  AND `order_status` = 2 [ RunTime:0.000981s ]
[2026-08-20T12:23:40+08:00][sql] SELECT COUNT(*) AS think_count FROM `order` WHERE  `buyer_id` = 29  AND `order_status` = 3 [ RunTime:0.000861s ]
[2026-08-20T12:23:40+08:00][sql] SELECT COUNT(*) AS think_count FROM `order` WHERE  `seller_id` = 29  AND `order_status` = 1 [ RunTime:0.000862s ]
[2026-08-20T12:23:40+08:00][sql] SHOW FULL COLUMNS FROM `goods_favorite` [ RunTime:0.001239s ]
[2026-08-20T12:23:40+08:00][sql] SELECT COUNT(*) AS think_count FROM `goods_favorite` WHERE  `user_id` = 29 [ RunTime:0.000868s ]
[2026-08-20T12:23:40+08:00][sql] SHOW FULL COLUMNS FROM `seller_follow` [ RunTime:0.001240s ]
[2026-08-20T12:23:40+08:00][sql] SELECT COUNT(*) AS think_count FROM `seller_follow` WHERE  `user_id` = 29 [ RunTime:0.000859s ]
[2026-08-20T12:23:40+08:00][sql] SHOW FULL COLUMNS FROM `browse_history` [ RunTime:0.001377s ]
[2026-08-20T12:23:40+08:00][sql] SELECT COUNT(*) AS think_count FROM `browse_history` WHERE  `user_id` = 29 [ RunTime:0.000912s ]
[2026-08-20T12:23:40+08:00][sql] SHOW FULL COLUMNS FROM `sys_message` [ RunTime:0.001412s ]
[2026-08-20T12:23:40+08:00][sql] SELECT COUNT(*) AS think_count FROM `sys_message` WHERE  `user_id` = 29  AND `is_read` = 0 [ RunTime:0.000943s ]
[2026-08-20T12:23:40+08:00][sql] SHOW FULL COLUMNS FROM `balance_log` [ RunTime:0.001572s ]
[2026-08-20T12:23:40+08:00][sql] SELECT * FROM `balance_log` WHERE  `user_id` = 29 ORDER BY `id` DESC LIMIT 5 [ RunTime:0.000975s ]
[2026-08-20T12:23:40+08:00][sql] SELECT `b`.*,`g`.`title`,`g`.`cover`,g.status as goods_status,`g`.`end_time` FROM `bid_record` `b` LEFT JOIN `goods` `g` ON `b`.`goods_id`=`g`.`id` WHERE  `b`.`user_id` = '29' ORDER BY `b`.`id` DESC LIMIT 5 [ RunTime:0.001169s ]
[2026-08-20T12:23:40+08:00][sql] SELECT `id`,`nickname`,`mobile`,`reg_time` FROM `user` WHERE  `pid` = 29 ORDER BY `id` DESC LIMIT 10 [ RunTime:0.000794s ]
[2026-08-20T12:23:40+08:00][sql] SELECT `value` FROM `setting` WHERE  `name` = 'service_link' LIMIT 1 [ RunTime:0.000958s ]
[2026-08-20T12:23:40+08:00][sql] SELECT `is_virtual` FROM `user` WHERE  `id` = 29 LIMIT 1 [ RunTime:0.000796s ]
[2026-08-20T12:23:42+08:00][sql] CONNECT:[ UseTime:0.001437s ] mysql:host=127.0.0.1;port=3306;dbname=auction;charset=utf8mb4
[2026-08-20T12:23:42+08:00][sql] SHOW FULL COLUMNS FROM `goods` [ RunTime:0.002015s ]
[2026-08-20T12:23:42+08:00][sql] SELECT `id` FROM `goods` WHERE  `status` = 1  AND `end_time` <= 1787199822 [ RunTime:0.001193s ]
[2026-08-20T12:23:42+08:00][sql] SHOW FULL COLUMNS FROM `user` [ RunTime:0.001785s ]
[2026-08-20T12:23:42+08:00][sql] SELECT * FROM `user` WHERE  `id` = 29 LIMIT 1 [ RunTime:0.001299s ]
[2026-08-20T12:23:42+08:00][sql] SHOW FULL COLUMNS FROM `setting` [ RunTime:0.001660s ]
[2026-08-20T12:23:42+08:00][sql] SELECT * FROM `setting` [ RunTime:0.000989s ]
[2026-08-20T12:23:42+08:00][sql] SELECT COUNT(*) AS think_count FROM `goods` `g` LEFT JOIN `user` `u` ON `g`.`seller_id`=`u`.`id` WHERE  `g`.`status` = '1'  AND `g`.`start_time` <= '1787199822'  AND `g`.`end_time` > '1787199822' [ RunTime:0.001142s ]
[2026-08-20T12:23:42+08:00][sql] SELECT `g`.*,u.nickname as seller_name FROM `goods` `g` LEFT JOIN `user` `u` ON `g`.`seller_id`=`u`.`id` WHERE  `g`.`status` = '1'  AND `g`.`start_time` <= '1787199822'  AND `g`.`end_time` > '1787199822' ORDER BY `g`.`end_time` ASC,`g`.`id` DESC LIMIT 0,10 [ RunTime:0.001439s ]
[2026-08-20T12:23:42+08:00][sql] SHOW FULL COLUMNS FROM `bid_record` [ RunTime:0.001564s ]
[2026-08-20T12:23:42+08:00][sql] SELECT MAX(`price`) AS think_max FROM `bid_record` WHERE  `goods_id` = 36  AND `status` = 0 [ RunTime:0.001010s ]
[2026-08-20T12:23:42+08:00][sql] SHOW FULL COLUMNS FROM `category` [ RunTime:0.001502s ]
[2026-08-20T12:23:42+08:00][sql] SELECT * FROM `category` WHERE  `status` = 1 ORDER BY `sort` ASC [ RunTime:0.001011s ]
[2026-08-20T12:23:42+08:00][sql] SELECT `b`.`price`,`b`.`create_time`,`g`.`title`,`u`.`nickname` FROM `bid_record` `b` LEFT JOIN `goods` `g` ON `b`.`goods_id`=`g`.`id` LEFT JOIN `user` `u` ON `b`.`user_id`=`u`.`id` WHERE  `b`.`status` = '1' ORDER BY `b`.`id` DESC LIMIT 5 [ RunTime:0.001242s ]
[2026-08-20T12:23:42+08:00][sql] SHOW FULL COLUMNS FROM `news` [ RunTime:0.001771s ]
[2026-08-20T12:23:42+08:00][sql] SELECT `id`,`title`,`create_time` FROM `news` WHERE  `status` = 1 ORDER BY `id` DESC LIMIT 3 [ RunTime:0.001176s ]
[2026-08-20T12:23:42+08:00][sql] SHOW FULL COLUMNS FROM `banner` [ RunTime:0.001555s ]
[2026-08-20T12:23:42+08:00][sql] SELECT * FROM `banner` WHERE  `status` = 1 ORDER BY `sort` ASC,`id` ASC [ RunTime:0.001079s ]
[2026-08-20T17:26:57+08:00][sql] CONNECT:[ UseTime:0.002178s ] mysql:host=127.0.0.1;port=3306;dbname=auction;charset=utf8mb4
[2026-08-20T17:26:57+08:00][sql] SHOW FULL COLUMNS FROM `goods` [ RunTime:0.003723s ]
[2026-08-20T17:26:57+08:00][sql] SELECT `id` FROM `goods` WHERE  `status` = 1  AND `end_time` <= 1787218017 [ RunTime:0.001656s ]
[2026-08-20T17:26:57+08:00][sql] SHOW FULL COLUMNS FROM `setting` [ RunTime:0.002069s ]
[2026-08-20T17:26:57+08:00][sql] SELECT * FROM `setting` [ RunTime:0.001203s ]
[2026-08-20T17:26:58+08:00][sql] CONNECT:[ UseTime:0.001399s ] mysql:host=127.0.0.1;port=3306;dbname=auction;charset=utf8mb4
[2026-08-20T17:26:58+08:00][sql] SHOW FULL COLUMNS FROM `goods` [ RunTime:0.001995s ]
[2026-08-20T17:26:58+08:00][sql] SELECT `id` FROM `goods` WHERE  `status` = 1  AND `end_time` <= 1787218018 [ RunTime:0.001071s ]
[2026-08-20T17:26:58+08:00][sql] SHOW FULL COLUMNS FROM `setting` [ RunTime:0.001290s ]
[2026-08-20T17:26:58+08:00][sql] SELECT * FROM `setting` [ RunTime:0.000821s ]
[2026-08-20T17:27:10+08:00][sql] CONNECT:[ UseTime:0.001406s ] mysql:host=127.0.0.1;port=3306;dbname=auction;charset=utf8mb4
[2026-08-20T17:27:10+08:00][sql] SHOW FULL COLUMNS FROM `goods` [ RunTime:0.002088s ]
[2026-08-20T17:27:10+08:00][sql] SELECT `id` FROM `goods` WHERE  `status` = 1  AND `end_time` <= 1787218030 [ RunTime:0.001269s ]
[2026-08-20T17:27:10+08:00][sql] SHOW FULL COLUMNS FROM `setting` [ RunTime:0.001460s ]
[2026-08-20T17:27:10+08:00][sql] SELECT * FROM `setting` [ RunTime:0.001024s ]
[2026-08-20T17:27:10+08:00][sql] SHOW FULL COLUMNS FROM `user` [ RunTime:0.001951s ]
[2026-08-20T17:27:10+08:00][sql] SELECT * FROM `user` WHERE  `mobile` = '18555555555' LIMIT 1 [ RunTime:0.001326s ]
[2026-08-20T17:27:17+08:00][sql] CONNECT:[ UseTime:0.001704s ] mysql:host=127.0.0.1;port=3306;dbname=auction;charset=utf8mb4
[2026-08-20T17:27:17+08:00][sql] SHOW FULL COLUMNS FROM `goods` [ RunTime:0.003195s ]
[2026-08-20T17:27:17+08:00][sql] SELECT `id` FROM `goods` WHERE  `status` = 1  AND `end_time` <= 1787218037 [ RunTime:0.001516s ]
[2026-08-20T17:27:17+08:00][sql] SHOW FULL COLUMNS FROM `setting` [ RunTime:0.001829s ]
[2026-08-20T17:27:17+08:00][sql] SELECT * FROM `setting` [ RunTime:0.001033s ]
[2026-08-20T17:27:24+08:00][sql] CONNECT:[ UseTime:0.001565s ] mysql:host=127.0.0.1;port=3306;dbname=auction;charset=utf8mb4
[2026-08-20T17:27:24+08:00][sql] SHOW FULL COLUMNS FROM `goods` [ RunTime:0.002439s ]
[2026-08-20T17:27:24+08:00][sql] SELECT `id` FROM `goods` WHERE  `status` = 1  AND `end_time` <= 1787218044 [ RunTime:0.001232s ]
[2026-08-20T17:27:24+08:00][sql] SHOW FULL COLUMNS FROM `setting` [ RunTime:0.001593s ]
[2026-08-20T17:27:24+08:00][sql] SELECT * FROM `setting` [ RunTime:0.000791s ]
[2026-08-20T17:27:24+08:00][sql] SHOW FULL COLUMNS FROM `user` [ RunTime:0.001846s ]
[2026-08-20T17:27:24+08:00][sql] SELECT * FROM `user` WHERE  `mobile` = '18555555555' LIMIT 1 [ RunTime:0.001061s ]
[2026-08-20T17:27:24+08:00][sql] SELECT * FROM `user` WHERE  `invite_code` = '84A77C6A' LIMIT 1 [ RunTime:0.001000s ]
[2026-08-20T17:27:24+08:00][sql] INSERT INTO `user` SET `mobile` = '18555555555' , `password` = '63ee451939ed580ef3c4b6f0109d1fd0' , `nickname` = '用户5555' , `invite_code` = '84A77C6A' , `pid` = 0 , `status` = 1 , `reg_ip` = '23.248.176.114' , `reg_time` = 1787218044 , `create_time` = 1787218044 , `update_time` = 1787218044 [ RunTime:0.007984s ]
[2026-08-20T17:27:24+08:00][sql] SELECT * FROM `user` WHERE  `id` = 30 LIMIT 1 [ RunTime:0.001195s ]
[2026-08-20T17:27:25+08:00][sql] CONNECT:[ UseTime:0.001375s ] mysql:host=127.0.0.1;port=3306;dbname=auction;charset=utf8mb4
[2026-08-20T17:27:25+08:00][sql] SHOW FULL COLUMNS FROM `goods` [ RunTime:0.002347s ]
[2026-08-20T17:27:25+08:00][sql] SELECT `id` FROM `goods` WHERE  `status` = 1  AND `end_time` <= 1787218045 [ RunTime:0.001143s ]
[2026-08-20T17:27:25+08:00][sql] SHOW FULL COLUMNS FROM `user` [ RunTime:0.001784s ]
[2026-08-20T17:27:25+08:00][sql] SELECT * FROM `user` WHERE  `id` = 30 LIMIT 1 [ RunTime:0.001207s ]
[2026-08-20T17:27:25+08:00][sql] SHOW FULL COLUMNS FROM `setting` [ RunTime:0.001479s ]
[2026-08-20T17:27:25+08:00][sql] SELECT * FROM `setting` [ RunTime:0.000799s ]
[2026-08-20T17:27:25+08:00][sql] SHOW FULL COLUMNS FROM `bid_record` [ RunTime:0.001636s ]
[2026-08-20T17:27:25+08:00][sql] SELECT COUNT(*) AS think_count FROM `bid_record` WHERE  `user_id` = 30 [ RunTime:0.001034s ]
[2026-08-20T17:27:25+08:00][sql] SHOW FULL COLUMNS FROM `order` [ RunTime:0.001782s ]
[2026-08-20T17:27:25+08:00][sql] SELECT COUNT(*) AS think_count FROM `order` WHERE  `buyer_id` = 30  AND `pay_status` = 1 [ RunTime:0.001022s ]
[2026-08-20T17:27:25+08:00][sql] SELECT COUNT(*) AS think_count FROM `goods` WHERE  `seller_id` = 30  AND `status` = 2 [ RunTime:0.001034s ]
[2026-08-20T17:27:25+08:00][sql] SELECT COUNT(*) AS think_count FROM `goods` WHERE  `seller_id` = 30 [ RunTime:0.000856s ]
[2026-08-20T17:27:25+08:00][sql] SELECT COUNT(*) AS think_count FROM `order` WHERE  `buyer_id` = 30  AND `pay_status` = 0  AND `order_status` = 0 [ RunTime:0.000959s ]
[2026-08-20T17:27:25+08:00][sql] SELECT COUNT(*) AS think_count FROM `order` WHERE  `seller_id` = 30  AND `order_status` = 1 [ RunTime:0.000906s ]
[2026-08-20T17:27:25+08:00][sql] SELECT COUNT(*) AS think_count FROM `order` WHERE  `buyer_id` = 30  AND `order_status` = 0  AND `pay_status` = 0 [ RunTime:0.000787s ]
[2026-08-20T17:27:25+08:00][sql] SELECT COUNT(*) AS think_count FROM `order` WHERE  `buyer_id` = 30  AND `order_status` = 1 [ RunTime:0.001043s ]
[2026-08-20T17:27:25+08:00][sql] SELECT COUNT(*) AS think_count FROM `order` WHERE  `buyer_id` = 30  AND `order_status` = 2 [ RunTime:0.000927s ]
[2026-08-20T17:27:25+08:00][sql] SELECT COUNT(*) AS think_count FROM `order` WHERE  `buyer_id` = 30  AND `order_status` = 3 [ RunTime:0.000875s ]
[2026-08-20T17:27:25+08:00][sql] SELECT COUNT(*) AS think_count FROM `order` WHERE  `seller_id` = 30  AND `order_status` = 1 [ RunTime:0.000850s ]
[2026-08-20T17:27:25+08:00][sql] SHOW FULL COLUMNS FROM `goods_favorite` [ RunTime:0.001642s ]
[2026-08-20T17:27:25+08:00][sql] SELECT COUNT(*) AS think_count FROM `goods_favorite` WHERE  `user_id` = 30 [ RunTime:0.000821s ]
[2026-08-20T17:27:25+08:00][sql] SHOW FULL COLUMNS FROM `seller_follow` [ RunTime:0.001580s ]
[2026-08-20T17:27:25+08:00][sql] SELECT COUNT(*) AS think_count FROM `seller_follow` WHERE  `user_id` = 30 [ RunTime:0.000946s ]
[2026-08-20T17:27:25+08:00][sql] SHOW FULL COLUMNS FROM `browse_history` [ RunTime:0.001357s ]
[2026-08-20T17:27:25+08:00][sql] SELECT COUNT(*) AS think_count FROM `browse_history` WHERE  `user_id` = 30 [ RunTime:0.000920s ]
[2026-08-20T17:27:25+08:00][sql] SHOW FULL COLUMNS FROM `sys_message` [ RunTime:0.001471s ]
[2026-08-20T17:27:25+08:00][sql] SELECT COUNT(*) AS think_count FROM `sys_message` WHERE  `user_id` = 30  AND `is_read` = 0 [ RunTime:0.001021s ]
[2026-08-20T17:27:25+08:00][sql] SHOW FULL COLUMNS FROM `balance_log` [ RunTime:0.001588s ]
[2026-08-20T17:27:25+08:00][sql] SELECT * FROM `balance_log` WHERE  `user_id` = 30 ORDER BY `id` DESC LIMIT 5 [ RunTime:0.000924s ]
[2026-08-20T17:27:25+08:00][sql] SELECT `b`.*,`g`.`title`,`g`.`cover`,g.status as goods_status,`g`.`end_time` FROM `bid_record` `b` LEFT JOIN `goods` `g` ON `b`.`goods_id`=`g`.`id` WHERE  `b`.`user_id` = '30' ORDER BY `b`.`id` DESC LIMIT 5 [ RunTime:0.000996s ]
[2026-08-20T17:27:25+08:00][sql] SELECT `id`,`nickname`,`mobile`,`reg_time` FROM `user` WHERE  `pid` = 30 ORDER BY `id` DESC LIMIT 10 [ RunTime:0.001134s ]
[2026-08-20T17:27:25+08:00][sql] SELECT `value` FROM `setting` WHERE  `name` = 'service_link' LIMIT 1 [ RunTime:0.000997s ]
[2026-08-20T17:27:25+08:00][sql] SELECT `is_virtual` FROM `user` WHERE  `id` = 30 LIMIT 1 [ RunTime:0.000593s ]
[2026-08-20T17:27:27+08:00][sql] CONNECT:[ UseTime:0.001906s ] mysql:host=127.0.0.1;port=3306;dbname=auction;charset=utf8mb4
[2026-08-20T17:27:27+08:00][sql] SHOW FULL COLUMNS FROM `goods` [ RunTime:0.003381s ]
[2026-08-20T17:27:27+08:00][sql] SELECT `id` FROM `goods` WHERE  `status` = 1  AND `end_time` <= 1787218047 [ RunTime:0.001480s ]
[2026-08-20T17:27:27+08:00][sql] SHOW FULL COLUMNS FROM `user` [ RunTime:0.002615s ]
[2026-08-20T17:27:27+08:00][sql] SELECT * FROM `user` WHERE  `id` = 30 LIMIT 1 [ RunTime:0.001609s ]
[2026-08-20T17:27:27+08:00][sql] SHOW FULL COLUMNS FROM `setting` [ RunTime:0.001968s ]
[2026-08-20T17:27:27+08:00][sql] SELECT * FROM `setting` [ RunTime:0.001065s ]
[2026-08-20T17:27:27+08:00][sql] SELECT COUNT(*) AS think_count FROM `goods` `g` LEFT JOIN `user` `u` ON `g`.`seller_id`=`u`.`id` WHERE  `g`.`status` = '1'  AND `g`.`start_time` <= '1787218047'  AND `g`.`end_time` > '1787218047' [ RunTime:0.001444s ]
[2026-08-20T17:27:27+08:00][sql] SELECT `g`.*,u.nickname as seller_name FROM `goods` `g` LEFT JOIN `user` `u` ON `g`.`seller_id`=`u`.`id` WHERE  `g`.`status` = '1'  AND `g`.`start_time` <= '1787218047'  AND `g`.`end_time` > '1787218047' ORDER BY `g`.`end_time` ASC,`g`.`id` DESC LIMIT 0,10 [ RunTime:0.002088s ]
[2026-08-20T17:27:27+08:00][sql] SHOW FULL COLUMNS FROM `bid_record` [ RunTime:0.001960s ]
[2026-08-20T17:27:27+08:00][sql] SELECT MAX(`price`) AS think_max FROM `bid_record` WHERE  `goods_id` = 36  AND `status` = 0 [ RunTime:0.001406s ]
[2026-08-20T17:27:27+08:00][sql] SHOW FULL COLUMNS FROM `category` [ RunTime:0.001984s ]
[2026-08-20T17:27:27+08:00][sql] SELECT * FROM `category` WHERE  `status` = 1 ORDER BY `sort` ASC [ RunTime:0.001303s ]
[2026-08-20T17:27:27+08:00][sql] SELECT `b`.`price`,`b`.`create_time`,`g`.`title`,`u`.`nickname` FROM `bid_record` `b` LEFT JOIN `goods` `g` ON `b`.`goods_id`=`g`.`id` LEFT JOIN `user` `u` ON `b`.`user_id`=`u`.`id` WHERE  `b`.`status` = '1' ORDER BY `b`.`id` DESC LIMIT 5 [ RunTime:0.001512s ]
[2026-08-20T17:27:27+08:00][sql] SHOW FULL COLUMNS FROM `news` [ RunTime:0.002094s ]
[2026-08-20T17:27:27+08:00][sql] SELECT `id`,`title`,`create_time` FROM `news` WHERE  `status` = 1 ORDER BY `id` DESC LIMIT 3 [ RunTime:0.001152s ]
[2026-08-20T17:27:27+08:00][sql] SHOW FULL COLUMNS FROM `banner` [ RunTime:0.001998s ]
[2026-08-20T17:27:27+08:00][sql] SELECT * FROM `banner` WHERE  `status` = 1 ORDER BY `sort` ASC,`id` ASC [ RunTime:0.001228s ]
[2026-08-20T17:27:30+08:00][sql] CONNECT:[ UseTime:0.001317s ] mysql:host=127.0.0.1;port=3306;dbname=auction;charset=utf8mb4
[2026-08-20T17:27:30+08:00][sql] SHOW FULL COLUMNS FROM `goods` [ RunTime:0.002080s ]
[2026-08-20T17:27:30+08:00][sql] SELECT `id` FROM `goods` WHERE  `status` = 1  AND `end_time` <= 1787218050 [ RunTime:0.001097s ]
[2026-08-20T17:27:30+08:00][sql] SHOW FULL COLUMNS FROM `user` [ RunTime:0.001989s ]
[2026-08-20T17:27:30+08:00][sql] SELECT * FROM `user` WHERE  `id` = 30 LIMIT 1 [ RunTime:0.001300s ]
[2026-08-20T17:27:30+08:00][sql] SHOW FULL COLUMNS FROM `setting` [ RunTime:0.001573s ]
[2026-08-20T17:27:30+08:00][sql] SELECT * FROM `setting` [ RunTime:0.000851s ]
[2026-08-20T17:27:30+08:00][sql] SELECT `g`.*,u.nickname as seller_name,u.shop_name as seller_shop,u.avatar as seller_avatar,`u`.`seller_intro`,u.deposit as seller_deposit,`u`.`shop_score`,`u`.`fans_count`,c.name as category_name FROM `goods` `g` LEFT JOIN `user` `u` ON `g`.`seller_id`=`u`.`id` LEFT JOIN `category` `c` ON `g`.`category_id`=`c`.`id` WHERE  `g`.`id` = '36' LIMIT 1 [ RunTime:0.002256s ]
[2026-08-20T17:27:30+08:00][sql] UPDATE `goods`  SET `view_count` = `view_count` + 1  WHERE  `id` = 36 [ RunTime:0.006036s ]
[2026-08-20T17:27:30+08:00][sql] SHOW FULL COLUMNS FROM `bid_record` [ RunTime:0.001491s ]
[2026-08-20T17:27:30+08:00][sql] SELECT `b`.*,`u`.`nickname`,`u`.`mobile` FROM `bid_record` `b` LEFT JOIN `user` `u` ON `b`.`user_id`=`u`.`id` WHERE  `b`.`goods_id` = '36'  AND `b`.`status` = '0' ORDER BY `b`.`price` DESC,`b`.`id` ASC LIMIT 1 [ RunTime:0.001328s ]
[2026-08-20T17:27:30+08:00][sql] SELECT `b`.*,`u`.`nickname`,`u`.`mobile` FROM `bid_record` `b` LEFT JOIN `user` `u` ON `b`.`user_id`=`u`.`id` WHERE  `b`.`goods_id` = '36' ORDER BY `b`.`price` DESC,`b`.`id` ASC LIMIT 50 [ RunTime:0.001156s ]
[2026-08-20T17:27:30+08:00][sql] SELECT MAX(`price`) AS think_max FROM `bid_record` WHERE  `goods_id` = 36  AND `user_id` = 30  AND `status` = 0 [ RunTime:0.001244s ]
[2026-08-20T17:27:30+08:00][sql] SELECT MAX(`deposit`) AS think_max FROM `bid_record` WHERE  `goods_id` = 36  AND `user_id` = 30  AND `deposit` > '0' [ RunTime:0.000841s ]
[2026-08-20T17:27:30+08:00][sql] SHOW FULL COLUMNS FROM `browse_history` [ RunTime:0.001553s ]
[2026-08-20T17:27:30+08:00][sql] REPLACE INTO `browse_history` SET `user_id` = 30 , `goods_id` = 36 , `create_time` = 1787218050 [ RunTime:0.006388s ]
[2026-08-20T17:27:30+08:00][sql] SHOW FULL COLUMNS FROM `goods_favorite` [ RunTime:0.001469s ]
[2026-08-20T17:27:30+08:00][sql] SELECT COUNT(*) AS think_count FROM `goods_favorite` WHERE  `user_id` = 30  AND `goods_id` = 36 [ RunTime:0.000869s ]
[2026-08-20T17:27:30+08:00][sql] SHOW FULL COLUMNS FROM `seller_follow` [ RunTime:0.001393s ]
[2026-08-20T17:27:30+08:00][sql] SELECT COUNT(*) AS think_count FROM `seller_follow` WHERE  `user_id` = 30  AND `seller_id` = 29 [ RunTime:0.001065s ]
[2026-08-20T17:27:44+08:00][sql] CONNECT:[ UseTime:0.001295s ] mysql:host=127.0.0.1;port=3306;dbname=auction;charset=utf8mb4
[2026-08-20T17:27:44+08:00][sql] SHOW FULL COLUMNS FROM `goods` [ RunTime:0.002461s ]
[2026-08-20T17:27:44+08:00][sql] SELECT `id` FROM `goods` WHERE  `status` = 1  AND `end_time` <= 1787218064 [ RunTime:0.001258s ]
[2026-08-20T17:27:44+08:00][sql] SHOW FULL COLUMNS FROM `user` [ RunTime:0.001926s ]
[2026-08-20T17:27:44+08:00][sql] SELECT * FROM `user` WHERE  `id` = 30 LIMIT 1 [ RunTime:0.001215s ]
[2026-08-20T17:27:44+08:00][sql] SHOW FULL COLUMNS FROM `setting` [ RunTime:0.001500s ]
[2026-08-20T17:27:44+08:00][sql] SELECT * FROM `setting` [ RunTime:0.000862s ]
[2026-08-20T17:27:44+08:00][sql] SELECT * FROM `goods` WHERE  `id` = 36 LIMIT 1 [ RunTime:0.001235s ]
[2026-08-20T17:27:44+08:00][sql] SHOW FULL COLUMNS FROM `goods_favorite` [ RunTime:0.001217s ]
[2026-08-20T17:27:44+08:00][sql] SELECT * FROM `goods_favorite` WHERE  `user_id` = 30  AND `goods_id` = 36 LIMIT 1 [ RunTime:0.000865s ]
[2026-08-20T17:27:44+08:00][sql] INSERT INTO `goods_favorite` SET `user_id` = 30 , `goods_id` = 36 , `create_time` = 1787218064 [ RunTime:0.006202s ]
[2026-08-20T17:27:48+08:00][sql] CONNECT:[ UseTime:0.001521s ] mysql:host=127.0.0.1;port=3306;dbname=auction;charset=utf8mb4
[2026-08-20T17:27:48+08:00][sql] SHOW FULL COLUMNS FROM `goods` [ RunTime:0.002187s ]
[2026-08-20T17:27:48+08:00][sql] SELECT `id` FROM `goods` WHERE  `status` = 1  AND `end_time` <= 1787218068 [ RunTime:0.001210s ]
[2026-08-20T17:27:48+08:00][sql] SHOW FULL COLUMNS FROM `user` [ RunTime:0.001795s ]
[2026-08-20T17:27:48+08:00][sql] SELECT * FROM `user` WHERE  `id` = 30 LIMIT 1 [ RunTime:0.001253s ]
[2026-08-20T17:27:48+08:00][sql] SHOW FULL COLUMNS FROM `setting` [ RunTime:0.001450s ]
[2026-08-20T17:27:48+08:00][sql] SELECT * FROM `setting` [ RunTime:0.000791s ]
[2026-08-20T17:27:48+08:00][sql] SHOW FULL COLUMNS FROM `bid_record` [ RunTime:0.001478s ]
[2026-08-20T17:27:48+08:00][sql] SELECT COUNT(*) AS think_count FROM `bid_record` WHERE  `user_id` = 30 [ RunTime:0.000945s ]
[2026-08-20T17:27:48+08:00][sql] SHOW FULL COLUMNS FROM `order` [ RunTime:0.001808s ]
[2026-08-20T17:27:48+08:00][sql] SELECT COUNT(*) AS think_count FROM `order` WHERE  `buyer_id` = 30  AND `pay_status` = 1 [ RunTime:0.000977s ]
[2026-08-20T17:27:48+08:00][sql] SELECT COUNT(*) AS think_count FROM `goods` WHERE  `seller_id` = 30  AND `status` = 2 [ RunTime:0.001057s ]
[2026-08-20T17:27:48+08:00][sql] SELECT COUNT(*) AS think_count FROM `goods` WHERE  `seller_id` = 30 [ RunTime:0.000955s ]
[2026-08-20T17:27:48+08:00][sql] SELECT COUNT(*) AS think_count FROM `order` WHERE  `buyer_id` = 30  AND `pay_status` = 0  AND `order_status` = 0 [ RunTime:0.000779s ]
[2026-08-20T17:27:48+08:00][sql] SELECT COUNT(*) AS think_count FROM `order` WHERE  `seller_id` = 30  AND `order_status` = 1 [ RunTime:0.000860s ]
[2026-08-20T17:27:48+08:00][sql] SELECT COUNT(*) AS think_count FROM `order` WHERE  `buyer_id` = 30  AND `order_status` = 0  AND `pay_status` = 0 [ RunTime:0.000820s ]
[2026-08-20T17:27:48+08:00][sql] SELECT COUNT(*) AS think_count FROM `order` WHERE  `buyer_id` = 30  AND `order_status` = 1 [ RunTime:0.000874s ]
[2026-08-20T17:27:48+08:00][sql] SELECT COUNT(*) AS think_count FROM `order` WHERE  `buyer_id` = 30  AND `order_status` = 2 [ RunTime:0.000826s ]
[2026-08-20T17:27:48+08:00][sql] SELECT COUNT(*) AS think_count FROM `order` WHERE  `buyer_id` = 30  AND `order_status` = 3 [ RunTime:0.001111s ]
[2026-08-20T17:27:48+08:00][sql] SELECT COUNT(*) AS think_count FROM `order` WHERE  `seller_id` = 30  AND `order_status` = 1 [ RunTime:0.000857s ]
[2026-08-20T17:27:48+08:00][sql] SHOW FULL COLUMNS FROM `goods_favorite` [ RunTime:0.001506s ]
[2026-08-20T17:27:48+08:00][sql] SELECT COUNT(*) AS think_count FROM `goods_favorite` WHERE  `user_id` = 30 [ RunTime:0.000886s ]
[2026-08-20T17:27:48+08:00][sql] SHOW FULL COLUMNS FROM `seller_follow` [ RunTime:0.001450s ]
[2026-08-20T17:27:48+08:00][sql] SELECT COUNT(*) AS think_count FROM `seller_follow` WHERE  `user_id` = 30 [ RunTime:0.000823s ]
[2026-08-20T17:27:48+08:00][sql] SHOW FULL COLUMNS FROM `browse_history` [ RunTime:0.001345s ]
[2026-08-20T17:27:48+08:00][sql] SELECT COUNT(*) AS think_count FROM `browse_history` WHERE  `user_id` = 30 [ RunTime:0.001101s ]
[2026-08-20T17:27:48+08:00][sql] SHOW FULL COLUMNS FROM `sys_message` [ RunTime:0.001550s ]
[2026-08-20T17:27:48+08:00][sql] SELECT COUNT(*) AS think_count FROM `sys_message` WHERE  `user_id` = 30  AND `is_read` = 0 [ RunTime:0.000964s ]
[2026-08-20T17:27:48+08:00][sql] SHOW FULL COLUMNS FROM `balance_log` [ RunTime:0.001471s ]
[2026-08-20T17:27:48+08:00][sql] SELECT * FROM `balance_log` WHERE  `user_id` = 30 ORDER BY `id` DESC LIMIT 5 [ RunTime:0.000955s ]
[2026-08-20T17:27:48+08:00][sql] SELECT `b`.*,`g`.`title`,`g`.`cover`,g.status as goods_status,`g`.`end_time` FROM `bid_record` `b` LEFT JOIN `goods` `g` ON `b`.`goods_id`=`g`.`id` WHERE  `b`.`user_id` = '30' ORDER BY `b`.`id` DESC LIMIT 5 [ RunTime:0.001050s ]
[2026-08-20T17:27:48+08:00][sql] SELECT `id`,`nickname`,`mobile`,`reg_time` FROM `user` WHERE  `pid` = 30 ORDER BY `id` DESC LIMIT 10 [ RunTime:0.000899s ]
[2026-08-20T17:27:48+08:00][sql] SELECT `value` FROM `setting` WHERE  `name` = 'service_link' LIMIT 1 [ RunTime:0.000787s ]
[2026-08-20T17:27:48+08:00][sql] SELECT `is_virtual` FROM `user` WHERE  `id` = 30 LIMIT 1 [ RunTime:0.000766s ]
[2026-08-20T17:27:49+08:00][sql] CONNECT:[ UseTime:0.001310s ] mysql:host=127.0.0.1;port=3306;dbname=auction;charset=utf8mb4
[2026-08-20T17:27:49+08:00][sql] SHOW FULL COLUMNS FROM `goods` [ RunTime:0.003042s ]
[2026-08-20T17:27:49+08:00][sql] SELECT `id` FROM `goods` WHERE  `status` = 1  AND `end_time` <= 1787218069 [ RunTime:0.001795s ]
[2026-08-20T17:27:49+08:00][sql] SHOW FULL COLUMNS FROM `user` [ RunTime:0.002185s ]
[2026-08-20T17:27:49+08:00][sql] SELECT * FROM `user` WHERE  `id` = 30 LIMIT 1 [ RunTime:0.001445s ]
[2026-08-20T17:27:49+08:00][sql] SHOW FULL COLUMNS FROM `setting` [ RunTime:0.001757s ]
[2026-08-20T17:27:49+08:00][sql] SELECT * FROM `setting` [ RunTime:0.001076s ]
[2026-08-20T17:27:49+08:00][sql] SHOW FULL COLUMNS FROM `goods_favorite` [ RunTime:0.001505s ]
[2026-08-20T17:27:49+08:00][sql] SELECT `f`.*,`g`.`title`,`g`.`cover`,`g`.`start_price`,g.status as goods_status,`g`.`end_time`,`g`.`seller_id` FROM `goods_favorite` `f` LEFT JOIN `goods` `g` ON `f`.`goods_id`=`g`.`id` WHERE  `f`.`user_id` = '30' ORDER BY `f`.`id` DESC [ RunTime:0.001175s ]
[2026-08-20T17:27:49+08:00][sql] SHOW FULL COLUMNS FROM `bid_record` [ RunTime:0.001428s ]
[2026-08-20T17:27:49+08:00][sql] SELECT MAX(`price`) AS think_max FROM `bid_record` WHERE  `goods_id` = 36  AND `status` = 0 [ RunTime:0.001119s ]
[2026-08-20T17:27:52+08:00][sql] CONNECT:[ UseTime:0.001673s ] mysql:host=127.0.0.1;port=3306;dbname=auction;charset=utf8mb4
[2026-08-20T17:27:52+08:00][sql] SHOW FULL COLUMNS FROM `goods` [ RunTime:0.002290s ]
[2026-08-20T17:27:52+08:00][sql] SELECT `id` FROM `goods` WHERE  `status` = 1  AND `end_time` <= 1787218072 [ RunTime:0.001418s ]
[2026-08-20T17:27:52+08:00][sql] SHOW FULL COLUMNS FROM `user` [ RunTime:0.001947s ]
[2026-08-20T17:27:52+08:00][sql] SELECT * FROM `user` WHERE  `id` = 30 LIMIT 1 [ RunTime:0.001420s ]
[2026-08-20T17:27:52+08:00][sql] SHOW FULL COLUMNS FROM `setting` [ RunTime:0.001558s ]
[2026-08-20T17:27:52+08:00][sql] SELECT * FROM `setting` [ RunTime:0.000904s ]
[2026-08-20T17:27:52+08:00][sql] SELECT COUNT(*) AS think_count FROM `goods` `g` LEFT JOIN `user` `u` ON `g`.`seller_id`=`u`.`id` WHERE  `g`.`status` = '1'  AND `g`.`start_time` <= '1787218072'  AND `g`.`end_time` > '1787218072' [ RunTime:0.001260s ]
[2026-08-20T17:27:52+08:00][sql] SELECT `g`.*,u.nickname as seller_name FROM `goods` `g` LEFT JOIN `user` `u` ON `g`.`seller_id`=`u`.`id` WHERE  `g`.`status` = '1'  AND `g`.`start_time` <= '1787218072'  AND `g`.`end_time` > '1787218072' ORDER BY `g`.`end_time` ASC,`g`.`id` DESC LIMIT 0,10 [ RunTime:0.001662s ]
[2026-08-20T17:27:52+08:00][sql] SHOW FULL COLUMNS FROM `bid_record` [ RunTime:0.001539s ]
[2026-08-20T17:27:52+08:00][sql] SELECT MAX(`price`) AS think_max FROM `bid_record` WHERE  `goods_id` = 36  AND `status` = 0 [ RunTime:0.001343s ]
[2026-08-20T17:27:52+08:00][sql] SHOW FULL COLUMNS FROM `category` [ RunTime:0.001819s ]
[2026-08-20T17:27:52+08:00][sql] SELECT * FROM `category` WHERE  `status` = 1 ORDER BY `sort` ASC [ RunTime:0.001144s ]
[2026-08-20T17:27:52+08:00][sql] SELECT `b`.`price`,`b`.`create_time`,`g`.`title`,`u`.`nickname` FROM `bid_record` `b` LEFT JOIN `goods` `g` ON `b`.`goods_id`=`g`.`id` LEFT JOIN `user` `u` ON `b`.`user_id`=`u`.`id` WHERE  `b`.`status` = '1' ORDER BY `b`.`id` DESC LIMIT 5 [ RunTime:0.001316s ]
[2026-08-20T17:27:52+08:00][sql] SHOW FULL COLUMNS FROM `news` [ RunTime:0.001659s ]
[2026-08-20T17:27:52+08:00][sql] SELECT `id`,`title`,`create_time` FROM `news` WHERE  `status` = 1 ORDER BY `id` DESC LIMIT 3 [ RunTime:0.000958s ]
[2026-08-20T17:27:52+08:00][sql] SHOW FULL COLUMNS FROM `banner` [ RunTime:0.001546s ]
[2026-08-20T17:27:52+08:00][sql] SELECT * FROM `banner` WHERE  `status` = 1 ORDER BY `sort` ASC,`id` ASC [ RunTime:0.001159s ]
[2026-08-20T17:27:55+08:00][sql] CONNECT:[ UseTime:0.001395s ] mysql:host=127.0.0.1;port=3306;dbname=auction;charset=utf8mb4
[2026-08-20T17:27:55+08:00][sql] SHOW FULL COLUMNS FROM `goods` [ RunTime:0.001936s ]
[2026-08-20T17:27:55+08:00][sql] SELECT `id` FROM `goods` WHERE  `status` = 1  AND `end_time` <= 1787218075 [ RunTime:0.001290s ]
[2026-08-20T17:27:55+08:00][sql] SHOW FULL COLUMNS FROM `user` [ RunTime:0.001689s ]
[2026-08-20T17:27:55+08:00][sql] SELECT * FROM `user` WHERE  `id` = 30 LIMIT 1 [ RunTime:0.001325s ]
[2026-08-20T17:27:55+08:00][sql] SHOW FULL COLUMNS FROM `setting` [ RunTime:0.001297s ]
[2026-08-20T17:27:55+08:00][sql] SELECT * FROM `setting` [ RunTime:0.000873s ]
[2026-08-20T17:27:55+08:00][sql] SELECT `g`.*,u.nickname as seller_name,u.shop_name as seller_shop,u.avatar as seller_avatar,`u`.`seller_intro`,u.deposit as seller_deposit,`u`.`shop_score`,`u`.`fans_count`,c.name as category_name FROM `goods` `g` LEFT JOIN `user` `u` ON `g`.`seller_id`=`u`.`id` LEFT JOIN `category` `c` ON `g`.`category_id`=`c`.`id` WHERE  `g`.`id` = '36' LIMIT 1 [ RunTime:0.002007s ]
[2026-08-20T17:27:55+08:00][sql] UPDATE `goods`  SET `view_count` = `view_count` + 1  WHERE  `id` = 36 [ RunTime:0.006588s ]
[2026-08-20T17:27:55+08:00][sql] SHOW FULL COLUMNS FROM `bid_record` [ RunTime:0.001740s ]
[2026-08-20T17:27:55+08:00][sql] SELECT `b`.*,`u`.`nickname`,`u`.`mobile` FROM `bid_record` `b` LEFT JOIN `user` `u` ON `b`.`user_id`=`u`.`id` WHERE  `b`.`goods_id` = '36'  AND `b`.`status` = '0' ORDER BY `b`.`price` DESC,`b`.`id` ASC LIMIT 1 [ RunTime:0.001281s ]
[2026-08-20T17:27:55+08:00][sql] SELECT `b`.*,`u`.`nickname`,`u`.`mobile` FROM `bid_record` `b` LEFT JOIN `user` `u` ON `b`.`user_id`=`u`.`id` WHERE  `b`.`goods_id` = '36' ORDER BY `b`.`price` DESC,`b`.`id` ASC LIMIT 50 [ RunTime:0.001134s ]
[2026-08-20T17:27:55+08:00][sql] SELECT MAX(`price`) AS think_max FROM `bid_record` WHERE  `goods_id` = 36  AND `user_id` = 30  AND `status` = 0 [ RunTime:0.000892s ]
[2026-08-20T17:27:55+08:00][sql] SELECT MAX(`deposit`) AS think_max FROM `bid_record` WHERE  `goods_id` = 36  AND `user_id` = 30  AND `deposit` > '0' [ RunTime:0.000891s ]
[2026-08-20T17:27:55+08:00][sql] SHOW FULL COLUMNS FROM `browse_history` [ RunTime:0.001289s ]
[2026-08-20T17:27:55+08:00][sql] REPLACE INTO `browse_history` SET `user_id` = 30 , `goods_id` = 36 , `create_time` = 1787218075 [ RunTime:0.005561s ]
[2026-08-20T17:27:55+08:00][sql] SHOW FULL COLUMNS FROM `goods_favorite` [ RunTime:0.001527s ]
[2026-08-20T17:27:55+08:00][sql] SELECT COUNT(*) AS think_count FROM `goods_favorite` WHERE  `user_id` = 30  AND `goods_id` = 36 [ RunTime:0.000854s ]
[2026-08-20T17:27:55+08:00][sql] SHOW FULL COLUMNS FROM `seller_follow` [ RunTime:0.001249s ]
[2026-08-20T17:27:55+08:00][sql] SELECT COUNT(*) AS think_count FROM `seller_follow` WHERE  `user_id` = 30  AND `seller_id` = 29 [ RunTime:0.000999s ]
[2026-08-20T17:27:56+08:00][sql] CONNECT:[ UseTime:0.001507s ] mysql:host=127.0.0.1;port=3306;dbname=auction;charset=utf8mb4
[2026-08-20T17:27:56+08:00][sql] SHOW FULL COLUMNS FROM `goods` [ RunTime:0.002006s ]
[2026-08-20T17:27:56+08:00][sql] SELECT `id` FROM `goods` WHERE  `status` = 1  AND `end_time` <= 1787218076 [ RunTime:0.001155s ]
[2026-08-20T17:27:56+08:00][sql] SHOW FULL COLUMNS FROM `user` [ RunTime:0.001699s ]
[2026-08-20T17:27:56+08:00][sql] SELECT * FROM `user` WHERE  `id` = 30 LIMIT 1 [ RunTime:0.001198s ]
[2026-08-20T17:27:56+08:00][sql] SHOW FULL COLUMNS FROM `setting` [ RunTime:0.001526s ]
[2026-08-20T17:27:56+08:00][sql] SELECT * FROM `setting` [ RunTime:0.000885s ]
[2026-08-20T17:27:56+08:00][sql] SHOW FULL COLUMNS FROM `seller_follow` [ RunTime:0.001452s ]
[2026-08-20T17:27:56+08:00][sql] SELECT * FROM `seller_follow` WHERE  `user_id` = 30  AND `seller_id` = 29 LIMIT 1 [ RunTime:0.001036s ]
[2026-08-20T17:27:56+08:00][sql] INSERT INTO `seller_follow` SET `user_id` = 30 , `seller_id` = 29 , `create_time` = 1787218076 [ RunTime:0.006467s ]
[2026-08-20T17:27:58+08:00][sql] CONNECT:[ UseTime:0.001393s ] mysql:host=127.0.0.1;port=3306;dbname=auction;charset=utf8mb4
[2026-08-20T17:27:58+08:00][sql] SHOW FULL COLUMNS FROM `goods` [ RunTime:0.001727s ]
[2026-08-20T17:27:58+08:00][sql] SELECT `id` FROM `goods` WHERE  `status` = 1  AND `end_time` <= 1787218078 [ RunTime:0.001007s ]
[2026-08-20T17:27:58+08:00][sql] SHOW FULL COLUMNS FROM `user` [ RunTime:0.001494s ]
[2026-08-20T17:27:58+08:00][sql] SELECT * FROM `user` WHERE  `id` = 30 LIMIT 1 [ RunTime:0.001088s ]
[2026-08-20T17:27:58+08:00][sql] SHOW FULL COLUMNS FROM `setting` [ RunTime:0.001126s ]
[2026-08-20T17:27:58+08:00][sql] SELECT * FROM `setting` [ RunTime:0.001176s ]
[2026-08-20T17:27:58+08:00][sql] SHOW FULL COLUMNS FROM `bid_record` [ RunTime:0.001909s ]
[2026-08-20T17:27:58+08:00][sql] SELECT COUNT(*) AS think_count FROM `bid_record` WHERE  `user_id` = 30 [ RunTime:0.001041s ]
[2026-08-20T17:27:58+08:00][sql] SHOW FULL COLUMNS FROM `order` [ RunTime:0.002084s ]
[2026-08-20T17:27:58+08:00][sql] SELECT COUNT(*) AS think_count FROM `order` WHERE  `buyer_id` = 30  AND `pay_status` = 1 [ RunTime:0.001130s ]
[2026-08-20T17:27:58+08:00][sql] SELECT COUNT(*) AS think_count FROM `goods` WHERE  `seller_id` = 30  AND `status` = 2 [ RunTime:0.001119s ]
[2026-08-20T17:27:58+08:00][sql] SELECT COUNT(*) AS think_count FROM `goods` WHERE  `seller_id` = 30 [ RunTime:0.000917s ]
[2026-08-20T17:27:58+08:00][sql] SELECT COUNT(*) AS think_count FROM `order` WHERE  `buyer_id` = 30  AND `pay_status` = 0  AND `order_status` = 0 [ RunTime:0.001054s ]
[2026-08-20T17:27:58+08:00][sql] SELECT COUNT(*) AS think_count FROM `order` WHERE  `seller_id` = 30  AND `order_status` = 1 [ RunTime:0.000958s ]
[2026-08-20T17:27:58+08:00][sql] SELECT COUNT(*) AS think_count FROM `order` WHERE  `buyer_id` = 30  AND `order_status` = 0  AND `pay_status` = 0 [ RunTime:0.000991s ]
[2026-08-20T17:27:58+08:00][sql] SELECT COUNT(*) AS think_count FROM `order` WHERE  `buyer_id` = 30  AND `order_status` = 1 [ RunTime:0.000968s ]
[2026-08-20T17:27:58+08:00][sql] SELECT COUNT(*) AS think_count FROM `order` WHERE  `buyer_id` = 30  AND `order_status` = 2 [ RunTime:0.001019s ]
[2026-08-20T17:27:58+08:00][sql] SELECT COUNT(*) AS think_count FROM `order` WHERE  `buyer_id` = 30  AND `order_status` = 3 [ RunTime:0.001007s ]
[2026-08-20T17:27:58+08:00][sql] SELECT COUNT(*) AS think_count FROM `order` WHERE  `seller_id` = 30  AND `order_status` = 1 [ RunTime:0.000982s ]
[2026-08-20T17:27:58+08:00][sql] SHOW FULL COLUMNS FROM `goods_favorite` [ RunTime:0.001692s ]
[2026-08-20T17:27:58+08:00][sql] SELECT COUNT(*) AS think_count FROM `goods_favorite` WHERE  `user_id` = 30 [ RunTime:0.000751s ]
[2026-08-20T17:27:58+08:00][sql] SHOW FULL COLUMNS FROM `seller_follow` [ RunTime:0.001121s ]
[2026-08-20T17:27:58+08:00][sql] SELECT COUNT(*) AS think_count FROM `seller_follow` WHERE  `user_id` = 30 [ RunTime:0.000694s ]
[2026-08-20T17:27:58+08:00][sql] SHOW FULL COLUMNS FROM `browse_history` [ RunTime:0.001215s ]
[2026-08-20T17:27:58+08:00][sql] SELECT COUNT(*) AS think_count FROM `browse_history` WHERE  `user_id` = 30 [ RunTime:0.000984s ]
[2026-08-20T17:27:58+08:00][sql] SHOW FULL COLUMNS FROM `sys_message` [ RunTime:0.001701s ]
[2026-08-20T17:27:58+08:00][sql] SELECT COUNT(*) AS think_count FROM `sys_message` WHERE  `user_id` = 30  AND `is_read` = 0 [ RunTime:0.001045s ]
[2026-08-20T17:27:58+08:00][sql] SHOW FULL COLUMNS FROM `balance_log` [ RunTime:0.001818s ]
[2026-08-20T17:27:58+08:00][sql] SELECT * FROM `balance_log` WHERE  `user_id` = 30 ORDER BY `id` DESC LIMIT 5 [ RunTime:0.001099s ]
[2026-08-20T17:27:58+08:00][sql] SELECT `b`.*,`g`.`title`,`g`.`cover`,g.status as goods_status,`g`.`end_time` FROM `bid_record` `b` LEFT JOIN `goods` `g` ON `b`.`goods_id`=`g`.`id` WHERE  `b`.`user_id` = '30' ORDER BY `b`.`id` DESC LIMIT 5 [ RunTime:0.001286s ]
[2026-08-20T17:27:58+08:00][sql] SELECT `id`,`nickname`,`mobile`,`reg_time` FROM `user` WHERE  `pid` = 30 ORDER BY `id` DESC LIMIT 10 [ RunTime:0.001081s ]
[2026-08-20T17:27:58+08:00][sql] SELECT `value` FROM `setting` WHERE  `name` = 'service_link' LIMIT 1 [ RunTime:0.000862s ]
[2026-08-20T17:27:58+08:00][sql] SELECT `is_virtual` FROM `user` WHERE  `id` = 30 LIMIT 1 [ RunTime:0.000869s ]
[2026-08-20T17:28:00+08:00][sql] CONNECT:[ UseTime:0.001329s ] mysql:host=127.0.0.1;port=3306;dbname=auction;charset=utf8mb4
[2026-08-20T17:28:00+08:00][sql] SHOW FULL COLUMNS FROM `goods` [ RunTime:0.001928s ]
[2026-08-20T17:28:00+08:00][sql] SELECT `id` FROM `goods` WHERE  `status` = 1  AND `end_time` <= 1787218080 [ RunTime:0.001080s ]
[2026-08-20T17:28:00+08:00][sql] SHOW FULL COLUMNS FROM `user` [ RunTime:0.001539s ]
[2026-08-20T17:28:00+08:00][sql] SELECT * FROM `user` WHERE  `id` = 30 LIMIT 1 [ RunTime:0.001134s ]
[2026-08-20T17:28:00+08:00][sql] SHOW FULL COLUMNS FROM `setting` [ RunTime:0.001254s ]
[2026-08-20T17:28:00+08:00][sql] SELECT * FROM `setting` [ RunTime:0.000875s ]
[2026-08-20T17:28:00+08:00][sql] SHOW FULL COLUMNS FROM `seller_follow` [ RunTime:0.001462s ]
[2026-08-20T17:28:00+08:00][sql] SELECT `f`.*,`u`.`nickname`,`u`.`shop_name`,`u`.`avatar` FROM `seller_follow` `f` LEFT JOIN `user` `u` ON `f`.`seller_id`=`u`.`id` WHERE  `f`.`user_id` = '30' ORDER BY `f`.`id` DESC [ RunTime:0.001320s ]
[2026-08-20T17:28:00+08:00][sql] SELECT COUNT(*) AS think_count FROM `goods` WHERE  `seller_id` = 29 [ RunTime:0.001047s ]
[2026-08-20T17:28:00+08:00][sql] SELECT COUNT(*) AS think_count FROM `goods` WHERE  `seller_id` = 29  AND `status` = 1 [ RunTime:0.001012s ]
[2026-08-20T17:28:02+08:00][sql] CONNECT:[ UseTime:0.002318s ] mysql:host=127.0.0.1;port=3306;dbname=auction;charset=utf8mb4
[2026-08-20T17:28:02+08:00][sql] SHOW FULL COLUMNS FROM `goods` [ RunTime:0.002951s ]
[2026-08-20T17:28:02+08:00][sql] SELECT `id` FROM `goods` WHERE  `status` = 1  AND `end_time` <= 1787218082 [ RunTime:0.001326s ]
[2026-08-20T17:28:02+08:00][sql] SHOW FULL COLUMNS FROM `user` [ RunTime:0.002512s ]
[2026-08-20T17:28:02+08:00][sql] SELECT * FROM `user` WHERE  `id` = 30 LIMIT 1 [ RunTime:0.001203s ]
[2026-08-20T17:28:02+08:00][sql] SHOW FULL COLUMNS FROM `setting` [ RunTime:0.001362s ]
[2026-08-20T17:28:02+08:00][sql] SELECT * FROM `setting` [ RunTime:0.000770s ]
[2026-08-20T17:28:02+08:00][sql] SELECT COUNT(*) AS think_count FROM `user` WHERE  `is_seller` = 1  AND `seller_check` = 1  AND (  `shop_name` LIKE '%111%' OR `nickname` LIKE '%111%' ) [ RunTime:0.001102s ]
[2026-08-20T17:28:02+08:00][sql] SELECT `id`,`nickname`,`shop_name`,`avatar`,`seller_intro`,`total_sell`,`total_buy` FROM `user` WHERE  `is_seller` = 1  AND `seller_check` = 1  AND (  `shop_name` LIKE '%111%' OR `nickname` LIKE '%111%' ) ORDER BY `id` DESC LIMIT 0,10 [ RunTime:0.001082s ]
[2026-08-20T17:28:04+08:00][sql] CONNECT:[ UseTime:0.001516s ] mysql:host=127.0.0.1;port=3306;dbname=auction;charset=utf8mb4
[2026-08-20T17:28:04+08:00][sql] SHOW FULL COLUMNS FROM `goods` [ RunTime:0.002145s ]
[2026-08-20T17:28:04+08:00][sql] SELECT `id` FROM `goods` WHERE  `status` = 1  AND `end_time` <= 1787218084 [ RunTime:0.001315s ]
[2026-08-20T17:28:04+08:00][sql] SHOW FULL COLUMNS FROM `user` [ RunTime:0.001902s ]
[2026-08-20T17:28:04+08:00][sql] SELECT * FROM `user` WHERE  `id` = 30 LIMIT 1 [ RunTime:0.001177s ]
[2026-08-20T17:28:04+08:00][sql] SHOW FULL COLUMNS FROM `setting` [ RunTime:0.001451s ]
[2026-08-20T17:28:04+08:00][sql] SELECT * FROM `setting` [ RunTime:0.001270s ]
[2026-08-20T17:28:04+08:00][sql] SELECT * FROM `user` WHERE  `id` = 29  AND `is_seller` = 1  AND `seller_check` = 1  AND `status` = 1 LIMIT 1 [ RunTime:0.001309s ]
[2026-08-20T17:28:04+08:00][sql] SHOW FULL COLUMNS FROM `seller_follow` [ RunTime:0.001486s ]
[2026-08-20T17:28:04+08:00][sql] SELECT COUNT(*) AS think_count FROM `seller_follow` WHERE  `seller_id` = 29 [ RunTime:0.000878s ]
[2026-08-20T17:28:04+08:00][sql] SELECT COUNT(*) AS think_count FROM `seller_follow` WHERE  `user_id` = 30  AND `seller_id` = 29 [ RunTime:0.000711s ]
[2026-08-20T17:28:04+08:00][sql] SELECT `g`.* FROM `goods` `g` WHERE  `g`.`seller_id` = '29'  AND `g`.`status` = '1'  AND `g`.`start_time` <= '1787218084'  AND `g`.`end_time` > '1787218084' ORDER BY `g`.`id` DESC LIMIT 20 [ RunTime:0.001070s ]
[2026-08-20T17:28:04+08:00][sql] SHOW FULL COLUMNS FROM `bid_record` [ RunTime:0.001429s ]
[2026-08-20T17:28:04+08:00][sql] SELECT MAX(`price`) AS think_max FROM `bid_record` WHERE  `goods_id` = 36  AND `status` = 0 [ RunTime:0.000774s ]
[2026-08-20T17:28:08+08:00][sql] CONNECT:[ UseTime:0.001716s ] mysql:host=127.0.0.1;port=3306;dbname=auction;charset=utf8mb4
[2026-08-20T17:28:08+08:00][sql] SHOW FULL COLUMNS FROM `goods` [ RunTime:0.002510s ]
[2026-08-20T17:28:08+08:00][sql] SELECT `id` FROM `goods` WHERE  `status` = 1  AND `end_time` <= 1787218088 [ RunTime:0.001334s ]
[2026-08-20T17:28:08+08:00][sql] SHOW FULL COLUMNS FROM `user` [ RunTime:0.002240s ]
[2026-08-20T17:28:08+08:00][sql] SELECT * FROM `user` WHERE  `id` = 30 LIMIT 1 [ RunTime:0.001374s ]
[2026-08-20T17:28:08+08:00][sql] SHOW FULL COLUMNS FROM `setting` [ RunTime:0.001544s ]
[2026-08-20T17:28:08+08:00][sql] SELECT * FROM `setting` [ RunTime:0.000892s ]
[2026-08-20T17:28:08+08:00][sql] SHOW FULL COLUMNS FROM `bid_record` [ RunTime:0.001685s ]
[2026-08-20T17:28:08+08:00][sql] SELECT COUNT(*) AS think_count FROM `bid_record` WHERE  `user_id` = 30 [ RunTime:0.001067s ]
[2026-08-20T17:28:08+08:00][sql] SHOW FULL COLUMNS FROM `order` [ RunTime:0.001797s ]
[2026-08-20T17:28:08+08:00][sql] SELECT COUNT(*) AS think_count FROM `order` WHERE  `buyer_id` = 30  AND `pay_status` = 1 [ RunTime:0.001052s ]
[2026-08-20T17:28:08+08:00][sql] SELECT COUNT(*) AS think_count FROM `goods` WHERE  `seller_id` = 30  AND `status` = 2 [ RunTime:0.001017s ]
[2026-08-20T17:28:08+08:00][sql] SELECT COUNT(*) AS think_count FROM `goods` WHERE  `seller_id` = 30 [ RunTime:0.000906s ]
[2026-08-20T17:28:08+08:00][sql] SELECT COUNT(*) AS think_count FROM `order` WHERE  `buyer_id` = 30  AND `pay_status` = 0  AND `order_status` = 0 [ RunTime:0.000845s ]
[2026-08-20T17:28:08+08:00][sql] SELECT COUNT(*) AS think_count FROM `order` WHERE  `seller_id` = 30  AND `order_status` = 1 [ RunTime:0.000810s ]
[2026-08-20T17:28:08+08:00][sql] SELECT COUNT(*) AS think_count FROM `order` WHERE  `buyer_id` = 30  AND `order_status` = 0  AND `pay_status` = 0 [ RunTime:0.000801s ]
[2026-08-20T17:28:08+08:00][sql] SELECT COUNT(*) AS think_count FROM `order` WHERE  `buyer_id` = 30  AND `order_status` = 1 [ RunTime:0.000771s ]
[2026-08-20T17:28:08+08:00][sql] SELECT COUNT(*) AS think_count FROM `order` WHERE  `buyer_id` = 30  AND `order_status` = 2 [ RunTime:0.000807s ]
[2026-08-20T17:28:08+08:00][sql] SELECT COUNT(*) AS think_count FROM `order` WHERE  `buyer_id` = 30  AND `order_status` = 3 [ RunTime:0.000864s ]
[2026-08-20T17:28:08+08:00][sql] SELECT COUNT(*) AS think_count FROM `order` WHERE  `seller_id` = 30  AND `order_status` = 1 [ RunTime:0.000806s ]
[2026-08-20T17:28:08+08:00][sql] SHOW FULL COLUMNS FROM `goods_favorite` [ RunTime:0.001238s ]
[2026-08-20T17:28:08+08:00][sql] SELECT COUNT(*) AS think_count FROM `goods_favorite` WHERE  `user_id` = 30 [ RunTime:0.000943s ]
[2026-08-20T17:28:08+08:00][sql] SHOW FULL COLUMNS FROM `seller_follow` [ RunTime:0.001390s ]
[2026-08-20T17:28:08+08:00][sql] SELECT COUNT(*) AS think_count FROM `seller_follow` WHERE  `user_id` = 30 [ RunTime:0.000770s ]
[2026-08-20T17:28:08+08:00][sql] SHOW FULL COLUMNS FROM `browse_history` [ RunTime:0.001376s ]
[2026-08-20T17:28:08+08:00][sql] SELECT COUNT(*) AS think_count FROM `browse_history` WHERE  `user_id` = 30 [ RunTime:0.001007s ]
[2026-08-20T17:28:08+08:00][sql] SHOW FULL COLUMNS FROM `sys_message` [ RunTime:0.001508s ]
[2026-08-20T17:28:08+08:00][sql] SELECT COUNT(*) AS think_count FROM `sys_message` WHERE  `user_id` = 30  AND `is_read` = 0 [ RunTime:0.000923s ]
[2026-08-20T17:28:08+08:00][sql] SHOW FULL COLUMNS FROM `balance_log` [ RunTime:0.001530s ]
[2026-08-20T17:28:08+08:00][sql] SELECT * FROM `balance_log` WHERE  `user_id` = 30 ORDER BY `id` DESC LIMIT 5 [ RunTime:0.000889s ]
[2026-08-20T17:28:08+08:00][sql] SELECT `b`.*,`g`.`title`,`g`.`cover`,g.status as goods_status,`g`.`end_time` FROM `bid_record` `b` LEFT JOIN `goods` `g` ON `b`.`goods_id`=`g`.`id` WHERE  `b`.`user_id` = '30' ORDER BY `b`.`id` DESC LIMIT 5 [ RunTime:0.001007s ]
[2026-08-20T17:28:08+08:00][sql] SELECT `id`,`nickname`,`mobile`,`reg_time` FROM `user` WHERE  `pid` = 30 ORDER BY `id` DESC LIMIT 10 [ RunTime:0.000818s ]
[2026-08-20T17:28:08+08:00][sql] SELECT `value` FROM `setting` WHERE  `name` = 'service_link' LIMIT 1 [ RunTime:0.000842s ]
[2026-08-20T17:28:08+08:00][sql] SELECT `is_virtual` FROM `user` WHERE  `id` = 30 LIMIT 1 [ RunTime:0.000752s ]
[2026-08-20T17:28:33+08:00][sql] CONNECT:[ UseTime:0.001372s ] mysql:host=127.0.0.1;port=3306;dbname=auction;charset=utf8mb4
[2026-08-20T17:28:33+08:00][sql] SHOW FULL COLUMNS FROM `goods` [ RunTime:0.002068s ]
[2026-08-20T17:28:33+08:00][sql] SELECT `id` FROM `goods` WHERE  `status` = 1  AND `end_time` <= 1787218113 [ RunTime:0.001174s ]
[2026-08-20T17:28:33+08:00][sql] SHOW FULL COLUMNS FROM `user` [ RunTime:0.001740s ]
[2026-08-20T17:28:33+08:00][sql] SELECT * FROM `user` WHERE  `id` = 30 LIMIT 1 [ RunTime:0.001154s ]
[2026-08-20T17:28:33+08:00][sql] SHOW FULL COLUMNS FROM `setting` [ RunTime:0.001234s ]
[2026-08-20T17:28:33+08:00][sql] SELECT * FROM `setting` [ RunTime:0.000904s ]
[2026-08-20T17:28:33+08:00][sql] SHOW FULL COLUMNS FROM `sys_message` [ RunTime:0.001555s ]
[2026-08-20T17:28:33+08:00][sql] SELECT COUNT(*) AS think_count FROM `sys_message` WHERE  `user_id` = 30 [ RunTime:0.001065s ]
[2026-08-20T17:28:33+08:00][sql] SELECT * FROM `sys_message` WHERE  `user_id` = 30 ORDER BY `id` DESC LIMIT 0,15 [ RunTime:0.000892s ]
[2026-08-20T17:29:09+08:00][sql] CONNECT:[ UseTime:0.001372s ] mysql:host=127.0.0.1;port=3306;dbname=auction;charset=utf8mb4
[2026-08-20T17:29:09+08:00][sql] SHOW FULL COLUMNS FROM `goods` [ RunTime:0.002322s ]
[2026-08-20T17:29:09+08:00][sql] SELECT `id` FROM `goods` WHERE  `status` = 1  AND `end_time` <= 1787218149 [ RunTime:0.001170s ]
[2026-08-20T17:29:09+08:00][sql] SHOW FULL COLUMNS FROM `user` [ RunTime:0.002025s ]
[2026-08-20T17:29:09+08:00][sql] SELECT * FROM `user` WHERE  `id` = 30 LIMIT 1 [ RunTime:0.001379s ]
[2026-08-20T17:29:09+08:00][sql] SHOW FULL COLUMNS FROM `setting` [ RunTime:0.001485s ]
[2026-08-20T17:29:09+08:00][sql] SELECT * FROM `setting` [ RunTime:0.001020s ]
[2026-08-20T17:29:09+08:00][sql] SHOW FULL COLUMNS FROM `sys_message` [ RunTime:0.001722s ]
[2026-08-20T17:29:09+08:00][sql] SELECT COUNT(*) AS think_count FROM `sys_message` WHERE  `user_id` = 30 [ RunTime:0.001103s ]
[2026-08-20T17:29:09+08:00][sql] SELECT * FROM `sys_message` WHERE  `user_id` = 30 ORDER BY `id` DESC LIMIT 0,15 [ RunTime:0.001018s ]
[2026-08-20T17:29:11+08:00][sql] CONNECT:[ UseTime:0.001558s ] mysql:host=127.0.0.1;port=3306;dbname=auction;charset=utf8mb4
[2026-08-20T17:29:11+08:00][sql] SHOW FULL COLUMNS FROM `goods` [ RunTime:0.002529s ]
[2026-08-20T17:29:11+08:00][sql] SELECT `id` FROM `goods` WHERE  `status` = 1  AND `end_time` <= 1787218151 [ RunTime:0.001098s ]
[2026-08-20T17:29:11+08:00][sql] SHOW FULL COLUMNS FROM `user` [ RunTime:0.001837s ]
[2026-08-20T17:29:11+08:00][sql] SELECT * FROM `user` WHERE  `id` = 30 LIMIT 1 [ RunTime:0.001285s ]
[2026-08-20T17:29:11+08:00][sql] SHOW FULL COLUMNS FROM `setting` [ RunTime:0.001452s ]
[2026-08-20T17:29:11+08:00][sql] SELECT * FROM `setting` [ RunTime:0.000781s ]
[2026-08-20T17:29:11+08:00][sql] SHOW FULL COLUMNS FROM `sys_message` [ RunTime:0.001634s ]
[2026-08-20T17:29:11+08:00][sql] SELECT * FROM `sys_message` WHERE  `id` = 9  AND `user_id` = 30 LIMIT 1 [ RunTime:0.001058s ]
[2026-08-20T17:29:11+08:00][sql] UPDATE `sys_message`  SET `is_read` = 1  WHERE  `id` = 9 [ RunTime:0.006704s ]
[2026-08-20T17:30:24+08:00][sql] CONNECT:[ UseTime:0.001420s ] mysql:host=127.0.0.1;port=3306;dbname=auction;charset=utf8mb4
[2026-08-20T17:30:24+08:00][sql] SHOW FULL COLUMNS FROM `goods` [ RunTime:0.001904s ]
[2026-08-20T17:30:24+08:00][sql] SELECT `id` FROM `goods` WHERE  `status` = 1  AND `end_time` <= 1787218224 [ RunTime:0.001218s ]
[2026-08-20T17:30:24+08:00][sql] SHOW FULL COLUMNS FROM `user` [ RunTime:0.002246s ]
[2026-08-20T17:30:24+08:00][sql] SELECT * FROM `user` WHERE  `id` = 30 LIMIT 1 [ RunTime:0.001368s ]
[2026-08-20T17:30:24+08:00][sql] SHOW FULL COLUMNS FROM `setting` [ RunTime:0.001267s ]
[2026-08-20T17:30:24+08:00][sql] SELECT * FROM `setting` [ RunTime:0.000834s ]
[2026-08-20T17:30:24+08:00][sql] SELECT COUNT(*) AS think_count FROM `goods` `g` LEFT JOIN `user` `u` ON `g`.`seller_id`=`u`.`id` WHERE  `g`.`status` = '1'  AND `g`.`start_time` <= '1787218224'  AND `g`.`end_time` > '1787218224' [ RunTime:0.001167s ]
[2026-08-20T17:30:24+08:00][sql] SELECT `g`.*,u.nickname as seller_name FROM `goods` `g` LEFT JOIN `user` `u` ON `g`.`seller_id`=`u`.`id` WHERE  `g`.`status` = '1'  AND `g`.`start_time` <= '1787218224'  AND `g`.`end_time` > '1787218224' ORDER BY `g`.`end_time` ASC,`g`.`id` DESC LIMIT 0,10 [ RunTime:0.001508s ]
[2026-08-20T17:30:24+08:00][sql] SHOW FULL COLUMNS FROM `bid_record` [ RunTime:0.001536s ]
[2026-08-20T17:30:24+08:00][sql] SELECT MAX(`price`) AS think_max FROM `bid_record` WHERE  `goods_id` = 36  AND `status` = 0 [ RunTime:0.001349s ]
[2026-08-20T17:30:24+08:00][sql] SHOW FULL COLUMNS FROM `category` [ RunTime:0.001774s ]
[2026-08-20T17:30:24+08:00][sql] SELECT * FROM `category` WHERE  `status` = 1 ORDER BY `sort` ASC [ RunTime:0.000862s ]
[2026-08-20T17:30:24+08:00][sql] SELECT `b`.`price`,`b`.`create_time`,`g`.`title`,`u`.`nickname` FROM `bid_record` `b` LEFT JOIN `goods` `g` ON `b`.`goods_id`=`g`.`id` LEFT JOIN `user` `u` ON `b`.`user_id`=`u`.`id` WHERE  `b`.`status` = '1' ORDER BY `b`.`id` DESC LIMIT 5 [ RunTime:0.001144s ]
[2026-08-20T17:30:24+08:00][sql] SHOW FULL COLUMNS FROM `news` [ RunTime:0.001485s ]
[2026-08-20T17:30:24+08:00][sql] SELECT `id`,`title`,`create_time` FROM `news` WHERE  `status` = 1 ORDER BY `id` DESC LIMIT 3 [ RunTime:0.000953s ]
[2026-08-20T17:30:24+08:00][sql] SHOW FULL COLUMNS FROM `banner` [ RunTime:0.001521s ]
[2026-08-20T17:30:24+08:00][sql] SELECT * FROM `banner` WHERE  `status` = 1 ORDER BY `sort` ASC,`id` ASC [ RunTime:0.000996s ]
[2026-08-20T17:30:26+08:00][sql] CONNECT:[ UseTime:0.001303s ] mysql:host=127.0.0.1;port=3306;dbname=auction;charset=utf8mb4
[2026-08-20T17:30:26+08:00][sql] SHOW FULL COLUMNS FROM `goods` [ RunTime:0.001898s ]
[2026-08-20T17:30:26+08:00][sql] SELECT `id` FROM `goods` WHERE  `status` = 1  AND `end_time` <= 1787218226 [ RunTime:0.001170s ]
[2026-08-20T17:30:26+08:00][sql] SHOW FULL COLUMNS FROM `user` [ RunTime:0.001611s ]
[2026-08-20T17:30:26+08:00][sql] SELECT * FROM `user` WHERE  `id` = 30 LIMIT 1 [ RunTime:0.001165s ]
[2026-08-20T17:30:26+08:00][sql] SHOW FULL COLUMNS FROM `setting` [ RunTime:0.001283s ]
[2026-08-20T17:30:26+08:00][sql] SELECT * FROM `setting` [ RunTime:0.000808s ]
[2026-08-20T17:30:26+08:00][sql] SELECT `g`.*,u.nickname as seller_name,u.shop_name as seller_shop,u.avatar as seller_avatar,`u`.`seller_intro`,u.deposit as seller_deposit,`u`.`shop_score`,`u`.`fans_count`,c.name as category_name FROM `goods` `g` LEFT JOIN `user` `u` ON `g`.`seller_id`=`u`.`id` LEFT JOIN `category` `c` ON `g`.`category_id`=`c`.`id` WHERE  `g`.`id` = '36' LIMIT 1 [ RunTime:0.001642s ]
[2026-08-20T17:30:26+08:00][sql] UPDATE `goods`  SET `view_count` = `view_count` + 1  WHERE  `id` = 36 [ RunTime:0.006329s ]
[2026-08-20T17:30:26+08:00][sql] SHOW FULL COLUMNS FROM `bid_record` [ RunTime:0.001432s ]
[2026-08-20T17:30:26+08:00][sql] SELECT `b`.*,`u`.`nickname`,`u`.`mobile` FROM `bid_record` `b` LEFT JOIN `user` `u` ON `b`.`user_id`=`u`.`id` WHERE  `b`.`goods_id` = '36'  AND `b`.`status` = '0' ORDER BY `b`.`price` DESC,`b`.`id` ASC LIMIT 1 [ RunTime:0.001245s ]
[2026-08-20T17:30:26+08:00][sql] SELECT `b`.*,`u`.`nickname`,`u`.`mobile` FROM `bid_record` `b` LEFT JOIN `user` `u` ON `b`.`user_id`=`u`.`id` WHERE  `b`.`goods_id` = '36' ORDER BY `b`.`price` DESC,`b`.`id` ASC LIMIT 50 [ RunTime:0.001122s ]
[2026-08-20T17:30:26+08:00][sql] SELECT MAX(`price`) AS think_max FROM `bid_record` WHERE  `goods_id` = 36  AND `user_id` = 30  AND `status` = 0 [ RunTime:0.000952s ]
[2026-08-20T17:30:26+08:00][sql] SELECT MAX(`deposit`) AS think_max FROM `bid_record` WHERE  `goods_id` = 36  AND `user_id` = 30  AND `deposit` > '0' [ RunTime:0.000971s ]
[2026-08-20T17:30:26+08:00][sql] SHOW FULL COLUMNS FROM `browse_history` [ RunTime:0.001327s ]
[2026-08-20T17:30:26+08:00][sql] REPLACE INTO `browse_history` SET `user_id` = 30 , `goods_id` = 36 , `create_time` = 1787218226 [ RunTime:0.006463s ]
[2026-08-20T17:30:26+08:00][sql] SHOW FULL COLUMNS FROM `goods_favorite` [ RunTime:0.001471s ]
[2026-08-20T17:30:26+08:00][sql] SELECT COUNT(*) AS think_count FROM `goods_favorite` WHERE  `user_id` = 30  AND `goods_id` = 36 [ RunTime:0.001167s ]
[2026-08-20T17:30:26+08:00][sql] SHOW FULL COLUMNS FROM `seller_follow` [ RunTime:0.001421s ]
[2026-08-20T17:30:26+08:00][sql] SELECT COUNT(*) AS think_count FROM `seller_follow` WHERE  `user_id` = 30  AND `seller_id` = 29 [ RunTime:0.000989s ]
[2026-08-20T17:30:28+08:00][sql] CONNECT:[ UseTime:0.001256s ] mysql:host=127.0.0.1;port=3306;dbname=auction;charset=utf8mb4
[2026-08-20T17:30:28+08:00][sql] SHOW FULL COLUMNS FROM `goods` [ RunTime:0.001854s ]
[2026-08-20T17:30:28+08:00][sql] SELECT `id` FROM `goods` WHERE  `status` = 1  AND `end_time` <= 1787218228 [ RunTime:0.001133s ]
[2026-08-20T17:30:28+08:00][sql] SHOW FULL COLUMNS FROM `user` [ RunTime:0.001754s ]
[2026-08-20T17:30:28+08:00][sql] SELECT * FROM `user` WHERE  `id` = 30 LIMIT 1 [ RunTime:0.001112s ]
[2026-08-20T17:30:28+08:00][sql] SHOW FULL COLUMNS FROM `setting` [ RunTime:0.001557s ]
[2026-08-20T17:30:28+08:00][sql] SELECT * FROM `setting` [ RunTime:0.000719s ]
[2026-08-20T17:30:28+08:00][sql] SELECT * FROM `goods` WHERE  `id` = 36  AND `status` = 1 LIMIT 1 [ RunTime:0.001105s ]
[2026-08-20T17:30:28+08:00][sql] SELECT * FROM `user` WHERE  `id` = 29 LIMIT 1 [ RunTime:0.001145s ]
[2026-08-20T17:30:28+08:00][sql] SHOW FULL COLUMNS FROM `message` [ RunTime:0.001255s ]
[2026-08-20T17:30:28+08:00][sql] SELECT * FROM `message` WHERE  `goods_id` = 36  AND (  (  `from_uid` = 30  AND `to_uid` = 29 ) OR (  `from_uid` = 29  AND `to_uid` = 30 ) ) ORDER BY `id` ASC [ RunTime:0.001263s ]
[2026-08-20T17:30:28+08:00][sql] UPDATE `message`  SET `is_read` = 1  WHERE  `goods_id` = 36  AND `from_uid` = 29  AND `to_uid` = 30  AND `is_read` = 0 [ RunTime:0.004225s ]
[2026-08-20T17:30:30+08:00][sql] CONNECT:[ UseTime:0.001301s ] mysql:host=127.0.0.1;port=3306;dbname=auction;charset=utf8mb4
[2026-08-20T17:30:30+08:00][sql] SHOW FULL COLUMNS FROM `goods` [ RunTime:0.001927s ]
[2026-08-20T17:30:30+08:00][sql] SELECT `id` FROM `goods` WHERE  `status` = 1  AND `end_time` <= 1787218230 [ RunTime:0.001282s ]
[2026-08-20T17:30:30+08:00][sql] SHOW FULL COLUMNS FROM `user` [ RunTime:0.001649s ]
[2026-08-20T17:30:30+08:00][sql] SELECT * FROM `user` WHERE  `id` = 30 LIMIT 1 [ RunTime:0.001170s ]
[2026-08-20T17:30:30+08:00][sql] SHOW FULL COLUMNS FROM `setting` [ RunTime:0.001313s ]
[2026-08-20T17:30:30+08:00][sql] SELECT * FROM `setting` [ RunTime:0.000855s ]
[2026-08-20T17:30:30+08:00][sql] SELECT `g`.*,u.nickname as seller_name,u.shop_name as seller_shop,u.avatar as seller_avatar,`u`.`seller_intro`,u.deposit as seller_deposit,`u`.`shop_score`,`u`.`fans_count`,c.name as category_name FROM `goods` `g` LEFT JOIN `user` `u` ON `g`.`seller_id`=`u`.`id` LEFT JOIN `category` `c` ON `g`.`category_id`=`c`.`id` WHERE  `g`.`id` = '36' LIMIT 1 [ RunTime:0.001839s ]
[2026-08-20T17:30:30+08:00][sql] UPDATE `goods`  SET `view_count` = `view_count` + 1  WHERE  `id` = 36 [ RunTime:0.005429s ]
[2026-08-20T17:30:30+08:00][sql] SHOW FULL COLUMNS FROM `bid_record` [ RunTime:0.001655s ]
[2026-08-20T17:30:30+08:00][sql] SELECT `b`.*,`u`.`nickname`,`u`.`mobile` FROM `bid_record` `b` LEFT JOIN `user` `u` ON `b`.`user_id`=`u`.`id` WHERE  `b`.`goods_id` = '36'  AND `b`.`status` = '0' ORDER BY `b`.`price` DESC,`b`.`id` ASC LIMIT 1 [ RunTime:0.001854s ]
[2026-08-20T17:30:30+08:00][sql] SELECT `b`.*,`u`.`nickname`,`u`.`mobile` FROM `bid_record` `b` LEFT JOIN `user` `u` ON `b`.`user_id`=`u`.`id` WHERE  `b`.`goods_id` = '36' ORDER BY `b`.`price` DESC,`b`.`id` ASC LIMIT 50 [ RunTime:0.001205s ]
[2026-08-20T17:30:30+08:00][sql] SELECT MAX(`price`) AS think_max FROM `bid_record` WHERE  `goods_id` = 36  AND `user_id` = 30  AND `status` = 0 [ RunTime:0.000898s ]
[2026-08-20T17:30:30+08:00][sql] SELECT MAX(`deposit`) AS think_max FROM `bid_record` WHERE  `goods_id` = 36  AND `user_id` = 30  AND `deposit` > '0' [ RunTime:0.000898s ]
[2026-08-20T17:30:30+08:00][sql] SHOW FULL COLUMNS FROM `browse_history` [ RunTime:0.001213s ]
[2026-08-20T17:30:30+08:00][sql] REPLACE INTO `browse_history` SET `user_id` = 30 , `goods_id` = 36 , `create_time` = 1787218230 [ RunTime:0.005103s ]
[2026-08-20T17:30:30+08:00][sql] SHOW FULL COLUMNS FROM `goods_favorite` [ RunTime:0.002917s ]
[2026-08-20T17:30:30+08:00][sql] SELECT COUNT(*) AS think_count FROM `goods_favorite` WHERE  `user_id` = 30  AND `goods_id` = 36 [ RunTime:0.001077s ]
[2026-08-20T17:30:30+08:00][sql] SHOW FULL COLUMNS FROM `seller_follow` [ RunTime:0.001742s ]
[2026-08-20T17:30:30+08:00][sql] SELECT COUNT(*) AS think_count FROM `seller_follow` WHERE  `user_id` = 30  AND `seller_id` = 29 [ RunTime:0.001229s ]
[2026-08-20T17:30:32+08:00][sql] CONNECT:[ UseTime:0.001539s ] mysql:host=127.0.0.1;port=3306;dbname=auction;charset=utf8mb4
[2026-08-20T17:30:32+08:00][sql] SHOW FULL COLUMNS FROM `goods` [ RunTime:0.002422s ]
[2026-08-20T17:30:32+08:00][sql] SELECT `id` FROM `goods` WHERE  `status` = 1  AND `end_time` <= 1787218231 [ RunTime:0.001374s ]
[2026-08-20T17:30:32+08:00][sql] SHOW FULL COLUMNS FROM `user` [ RunTime:0.002467s ]
[2026-08-20T17:30:32+08:00][sql] SELECT * FROM `user` WHERE  `id` = 30 LIMIT 1 [ RunTime:0.001394s ]
[2026-08-20T17:30:32+08:00][sql] SHOW FULL COLUMNS FROM `setting` [ RunTime:0.001556s ]
[2026-08-20T17:30:32+08:00][sql] SELECT * FROM `setting` [ RunTime:0.000969s ]
[2026-08-20T17:30:32+08:00][sql] SELECT * FROM `goods` WHERE  `id` = 36  AND `status` = 1 LIMIT 1 [ RunTime:0.002787s ]
[2026-08-20T17:30:32+08:00][sql] SELECT * FROM `user` WHERE  `id` = 29 LIMIT 1 [ RunTime:0.001036s ]
[2026-08-20T17:30:32+08:00][sql] SHOW FULL COLUMNS FROM `message` [ RunTime:0.001541s ]
[2026-08-20T17:30:32+08:00][sql] SELECT * FROM `message` WHERE  `goods_id` = 36  AND (  (  `from_uid` = 30  AND `to_uid` = 29 ) OR (  `from_uid` = 29  AND `to_uid` = 30 ) ) ORDER BY `id` ASC [ RunTime:0.001050s ]
[2026-08-20T17:30:32+08:00][sql] UPDATE `message`  SET `is_read` = 1  WHERE  `goods_id` = 36  AND `from_uid` = 29  AND `to_uid` = 30  AND `is_read` = 0 [ RunTime:0.003769s ]
[2026-08-20T17:30:34+08:00][sql] CONNECT:[ UseTime:0.001277s ] mysql:host=127.0.0.1;port=3306;dbname=auction;charset=utf8mb4
[2026-08-20T17:30:34+08:00][sql] SHOW FULL COLUMNS FROM `goods` [ RunTime:0.001957s ]
[2026-08-20T17:30:34+08:00][sql] SELECT `id` FROM `goods` WHERE  `status` = 1  AND `end_time` <= 1787218234 [ RunTime:0.001163s ]
[2026-08-20T17:30:34+08:00][sql] SHOW FULL COLUMNS FROM `user` [ RunTime:0.001886s ]
[2026-08-20T17:30:34+08:00][sql] SELECT * FROM `user` WHERE  `id` = 30 LIMIT 1 [ RunTime:0.001207s ]
[2026-08-20T17:30:34+08:00][sql] SHOW FULL COLUMNS FROM `setting` [ RunTime:0.001304s ]
[2026-08-20T17:30:34+08:00][sql] SELECT * FROM `setting` [ RunTime:0.000826s ]
[2026-08-20T17:30:34+08:00][sql] SHOW FULL COLUMNS FROM `message` [ RunTime:0.001552s ]
[2026-08-20T17:30:34+08:00][sql] INSERT INTO `message` SET `from_uid` = 30 , `to_uid` = 29 , `goods_id` = 36 , `content` = '223123' , `is_read` = 0 , `create_time` = 1787218234 [ RunTime:0.005332s ]
[2026-08-20T17:30:35+08:00][sql] CONNECT:[ UseTime:0.001203s ] mysql:host=127.0.0.1;port=3306;dbname=auction;charset=utf8mb4
[2026-08-20T17:30:35+08:00][sql] SHOW FULL COLUMNS FROM `goods` [ RunTime:0.001994s ]
[2026-08-20T17:30:35+08:00][sql] SELECT `id` FROM `goods` WHERE  `status` = 1  AND `end_time` <= 1787218235 [ RunTime:0.001104s ]
[2026-08-20T17:30:35+08:00][sql] SHOW FULL COLUMNS FROM `user` [ RunTime:0.001879s ]
[2026-08-20T17:30:35+08:00][sql] SELECT * FROM `user` WHERE  `id` = 30 LIMIT 1 [ RunTime:0.001091s ]
[2026-08-20T17:30:35+08:00][sql] SHOW FULL COLUMNS FROM `setting` [ RunTime:0.001517s ]
[2026-08-20T17:30:35+08:00][sql] SELECT * FROM `setting` [ RunTime:0.000931s ]
[2026-08-20T17:30:35+08:00][sql] SHOW FULL COLUMNS FROM `message` [ RunTime:0.001519s ]
[2026-08-20T17:30:35+08:00][sql] SELECT * FROM `message` WHERE  `goods_id` = 36  AND `id` > 13  AND (  (  `from_uid` = 30  AND `to_uid` = 29 ) OR (  `from_uid` = 29  AND `to_uid` = 30 ) ) ORDER BY `id` ASC [ RunTime:0.001140s ]
[2026-08-20T17:30:39+08:00][sql] CONNECT:[ UseTime:0.001249s ] mysql:host=127.0.0.1;port=3306;dbname=auction;charset=utf8mb4
[2026-08-20T17:30:39+08:00][sql] SHOW FULL COLUMNS FROM `goods` [ RunTime:0.001971s ]
[2026-08-20T17:30:39+08:00][sql] SELECT `id` FROM `goods` WHERE  `status` = 1  AND `end_time` <= 1787218239 [ RunTime:0.001170s ]
[2026-08-20T17:30:39+08:00][sql] SHOW FULL COLUMNS FROM `user` [ RunTime:0.001741s ]
[2026-08-20T17:30:39+08:00][sql] SELECT * FROM `user` WHERE  `id` = 30 LIMIT 1 [ RunTime:0.001109s ]
[2026-08-20T17:30:39+08:00][sql] SHOW FULL COLUMNS FROM `setting` [ RunTime:0.001475s ]
[2026-08-20T17:30:39+08:00][sql] SELECT * FROM `setting` [ RunTime:0.001092s ]
[2026-08-20T17:30:39+08:00][sql] SHOW FULL COLUMNS FROM `message` [ RunTime:0.001495s ]
[2026-08-20T17:30:39+08:00][sql] SELECT * FROM `message` WHERE  `goods_id` = 36  AND `id` > 13  AND (  (  `from_uid` = 30  AND `to_uid` = 29 ) OR (  `from_uid` = 29  AND `to_uid` = 30 ) ) ORDER BY `id` ASC [ RunTime:0.001271s ]
[2026-08-20T17:30:42+08:00][sql] CONNECT:[ UseTime:0.001309s ] mysql:host=127.0.0.1;port=3306;dbname=auction;charset=utf8mb4
[2026-08-20T17:30:42+08:00][sql] SHOW FULL COLUMNS FROM `goods` [ RunTime:0.001764s ]
[2026-08-20T17:30:42+08:00][sql] SELECT `id` FROM `goods` WHERE  `status` = 1  AND `end_time` <= 1787218242 [ RunTime:0.001098s ]
[2026-08-20T17:30:42+08:00][sql] SHOW FULL COLUMNS FROM `user` [ RunTime:0.001713s ]
[2026-08-20T17:30:42+08:00][sql] SELECT * FROM `user` WHERE  `id` = 30 LIMIT 1 [ RunTime:0.001067s ]
[2026-08-20T17:30:42+08:00][sql] SHOW FULL COLUMNS FROM `setting` [ RunTime:0.001186s ]
[2026-08-20T17:30:42+08:00][sql] SELECT * FROM `setting` [ RunTime:0.000846s ]
[2026-08-20T17:30:42+08:00][sql] SHOW FULL COLUMNS FROM `message` [ RunTime:0.001220s ]
[2026-08-20T17:30:42+08:00][sql] SELECT * FROM `message` WHERE  `goods_id` = 36  AND `id` > 13  AND (  (  `from_uid` = 30  AND `to_uid` = 29 ) OR (  `from_uid` = 29  AND `to_uid` = 30 ) ) ORDER BY `id` ASC [ RunTime:0.000793s ]
[2026-08-20T17:30:45+08:00][sql] CONNECT:[ UseTime:0.001364s ] mysql:host=127.0.0.1;port=3306;dbname=auction;charset=utf8mb4
[2026-08-20T17:30:45+08:00][sql] SHOW FULL COLUMNS FROM `goods` [ RunTime:0.001967s ]
[2026-08-20T17:30:45+08:00][sql] SELECT `id` FROM `goods` WHERE  `status` = 1  AND `end_time` <= 1787218245 [ RunTime:0.001066s ]
[2026-08-20T17:30:45+08:00][sql] SHOW FULL COLUMNS FROM `user` [ RunTime:0.002071s ]
[2026-08-20T17:30:45+08:00][sql] SELECT * FROM `user` WHERE  `id` = 30 LIMIT 1 [ RunTime:0.001020s ]
[2026-08-20T17:30:45+08:00][sql] SHOW FULL COLUMNS FROM `setting` [ RunTime:0.001404s ]
[2026-08-20T17:30:45+08:00][sql] SELECT * FROM `setting` [ RunTime:0.000784s ]
[2026-08-20T17:30:45+08:00][sql] SHOW FULL COLUMNS FROM `message` [ RunTime:0.001954s ]
[2026-08-20T17:30:45+08:00][sql] SELECT * FROM `message` WHERE  `goods_id` = 36  AND `id` > 13  AND (  (  `from_uid` = 30  AND `to_uid` = 29 ) OR (  `from_uid` = 29  AND `to_uid` = 30 ) ) ORDER BY `id` ASC [ RunTime:0.001224s ]
[2026-08-20T17:30:48+08:00][sql] CONNECT:[ UseTime:0.001339s ] mysql:host=127.0.0.1;port=3306;dbname=auction;charset=utf8mb4
[2026-08-20T17:30:48+08:00][sql] SHOW FULL COLUMNS FROM `goods` [ RunTime:0.002183s ]
[2026-08-20T17:30:48+08:00][sql] SELECT `id` FROM `goods` WHERE  `status` = 1  AND `end_time` <= 1787218248 [ RunTime:0.001306s ]
[2026-08-20T17:30:48+08:00][sql] SHOW FULL COLUMNS FROM `user` [ RunTime:0.001832s ]
[2026-08-20T17:30:48+08:00][sql] SELECT * FROM `user` WHERE  `id` = 30 LIMIT 1 [ RunTime:0.001368s ]
[2026-08-20T17:30:48+08:00][sql] SHOW FULL COLUMNS FROM `setting` [ RunTime:0.001440s ]
[2026-08-20T17:30:48+08:00][sql] SELECT * FROM `setting` [ RunTime:0.001050s ]
[2026-08-20T17:30:48+08:00][sql] SHOW FULL COLUMNS FROM `message` [ RunTime:0.001690s ]
[2026-08-20T17:30:48+08:00][sql] SELECT * FROM `message` WHERE  `goods_id` = 36  AND `id` > 13  AND (  (  `from_uid` = 30  AND `to_uid` = 29 ) OR (  `from_uid` = 29  AND `to_uid` = 30 ) ) ORDER BY `id` ASC [ RunTime:0.001168s ]
[2026-08-20T17:30:50+08:00][sql] CONNECT:[ UseTime:0.001275s ] mysql:host=127.0.0.1;port=3306;dbname=auction;charset=utf8mb4
[2026-08-20T17:30:50+08:00][sql] SHOW FULL COLUMNS FROM `goods` [ RunTime:0.001793s ]
[2026-08-20T17:30:50+08:00][sql] SELECT `id` FROM `goods` WHERE  `status` = 1  AND `end_time` <= 1787218250 [ RunTime:0.001039s ]
[2026-08-20T17:30:50+08:00][sql] SHOW FULL COLUMNS FROM `user` [ RunTime:0.001567s ]
[2026-08-20T17:30:50+08:00][sql] SELECT * FROM `user` WHERE  `id` = 30 LIMIT 1 [ RunTime:0.001354s ]
[2026-08-20T17:30:50+08:00][sql] SHOW FULL COLUMNS FROM `setting` [ RunTime:0.001333s ]
[2026-08-20T17:30:50+08:00][sql] SELECT * FROM `setting` [ RunTime:0.000640s ]
[2026-08-20T17:30:50+08:00][sql] SHOW FULL COLUMNS FROM `message` [ RunTime:0.001474s ]
[2026-08-20T17:30:50+08:00][sql] SELECT * FROM `message` WHERE  `goods_id` = 36  AND `id` > 13  AND (  (  `from_uid` = 30  AND `to_uid` = 29 ) OR (  `from_uid` = 29  AND `to_uid` = 30 ) ) ORDER BY `id` ASC [ RunTime:0.001091s ]
[2026-08-20T17:30:52+08:00][sql] CONNECT:[ UseTime:0.001322s ] mysql:host=127.0.0.1;port=3306;dbname=auction;charset=utf8mb4
[2026-08-20T17:30:52+08:00][sql] SHOW FULL COLUMNS FROM `goods` [ RunTime:0.001880s ]
[2026-08-20T17:30:52+08:00][sql] SELECT `id` FROM `goods` WHERE  `status` = 1  AND `end_time` <= 1787218252 [ RunTime:0.001393s ]
[2026-08-20T17:30:52+08:00][sql] SHOW FULL COLUMNS FROM `user` [ RunTime:0.001622s ]
[2026-08-20T17:30:52+08:00][sql] SELECT * FROM `user` WHERE  `id` = 30 LIMIT 1 [ RunTime:0.001100s ]
[2026-08-20T17:30:52+08:00][sql] SHOW FULL COLUMNS FROM `setting` [ RunTime:0.001337s ]
[2026-08-20T17:30:52+08:00][sql] SELECT * FROM `setting` [ RunTime:0.000666s ]
[2026-08-20T17:30:52+08:00][sql] SHOW FULL COLUMNS FROM `message` [ RunTime:0.001532s ]
[2026-08-20T17:30:52+08:00][sql] INSERT INTO `message` SET `from_uid` = 30 , `to_uid` = 29 , `goods_id` = 36 , `content` = '1234143' , `is_read` = 0 , `create_time` = 1787218252 [ RunTime:0.006768s ]
[2026-08-20T17:30:53+08:00][sql] CONNECT:[ UseTime:0.001629s ] mysql:host=127.0.0.1;port=3306;dbname=auction;charset=utf8mb4
[2026-08-20T17:30:53+08:00][sql] SHOW FULL COLUMNS FROM `goods` [ RunTime:0.002057s ]
[2026-08-20T17:30:53+08:00][sql] SELECT `id` FROM `goods` WHERE  `status` = 1  AND `end_time` <= 1787218253 [ RunTime:0.001348s ]
[2026-08-20T17:30:53+08:00][sql] SHOW FULL COLUMNS FROM `user` [ RunTime:0.001953s ]
[2026-08-20T17:30:53+08:00][sql] SELECT * FROM `user` WHERE  `id` = 30 LIMIT 1 [ RunTime:0.001302s ]
[2026-08-20T17:30:53+08:00][sql] SHOW FULL COLUMNS FROM `setting` [ RunTime:0.001279s ]
[2026-08-20T17:30:53+08:00][sql] SELECT * FROM `setting` [ RunTime:0.001062s ]
[2026-08-20T17:30:53+08:00][sql] SHOW FULL COLUMNS FROM `message` [ RunTime:0.001735s ]
[2026-08-20T17:30:53+08:00][sql] SELECT * FROM `message` WHERE  `goods_id` = 36  AND `id` > 14  AND (  (  `from_uid` = 30  AND `to_uid` = 29 ) OR (  `from_uid` = 29  AND `to_uid` = 30 ) ) ORDER BY `id` ASC [ RunTime:0.001273s ]
[2026-08-20T17:30:57+08:00][sql] CONNECT:[ UseTime:0.001663s ] mysql:host=127.0.0.1;port=3306;dbname=auction;charset=utf8mb4
[2026-08-20T17:30:57+08:00][sql] SHOW FULL COLUMNS FROM `goods` [ RunTime:0.001738s ]
[2026-08-20T17:30:57+08:00][sql] SELECT `id` FROM `goods` WHERE  `status` = 1  AND `end_time` <= 1787218257 [ RunTime:0.001046s ]
[2026-08-20T17:30:57+08:00][sql] SHOW FULL COLUMNS FROM `user` [ RunTime:0.001732s ]
[2026-08-20T17:30:57+08:00][sql] SELECT * FROM `user` WHERE  `id` = 30 LIMIT 1 [ RunTime:0.001135s ]
[2026-08-20T17:30:57+08:00][sql] SHOW FULL COLUMNS FROM `setting` [ RunTime:0.001145s ]
[2026-08-20T17:30:57+08:00][sql] SELECT * FROM `setting` [ RunTime:0.000837s ]
[2026-08-20T17:30:57+08:00][sql] SHOW FULL COLUMNS FROM `message` [ RunTime:0.001536s ]
[2026-08-20T17:30:57+08:00][sql] SELECT * FROM `message` WHERE  `goods_id` = 36  AND `id` > 14  AND (  (  `from_uid` = 30  AND `to_uid` = 29 ) OR (  `from_uid` = 29  AND `to_uid` = 30 ) ) ORDER BY `id` ASC [ RunTime:0.001085s ]
[2026-08-20T17:31:00+08:00][sql] CONNECT:[ UseTime:0.001640s ] mysql:host=127.0.0.1;port=3306;dbname=auction;charset=utf8mb4
[2026-08-20T17:31:00+08:00][sql] SHOW FULL COLUMNS FROM `goods` [ RunTime:0.002052s ]
[2026-08-20T17:31:00+08:00][sql] SELECT `id` FROM `goods` WHERE  `status` = 1  AND `end_time` <= 1787218260 [ RunTime:0.001203s ]
[2026-08-20T17:31:00+08:00][sql] SHOW FULL COLUMNS FROM `user` [ RunTime:0.001708s ]
[2026-08-20T17:31:00+08:00][sql] SELECT * FROM `user` WHERE  `id` = 30 LIMIT 1 [ RunTime:0.001295s ]
[2026-08-20T17:31:00+08:00][sql] SHOW FULL COLUMNS FROM `setting` [ RunTime:0.001657s ]
[2026-08-20T17:31:00+08:00][sql] SELECT * FROM `setting` [ RunTime:0.000863s ]
[2026-08-20T17:31:00+08:00][sql] SHOW FULL COLUMNS FROM `message` [ RunTime:0.001486s ]
[2026-08-20T17:31:00+08:00][sql] SELECT * FROM `message` WHERE  `goods_id` = 36  AND `id` > 14  AND (  (  `from_uid` = 30  AND `to_uid` = 29 ) OR (  `from_uid` = 29  AND `to_uid` = 30 ) ) ORDER BY `id` ASC [ RunTime:0.001118s ]
[2026-08-20T17:31:03+08:00][sql] CONNECT:[ UseTime:0.001109s ] mysql:host=127.0.0.1;port=3306;dbname=auction;charset=utf8mb4
[2026-08-20T17:31:03+08:00][sql] SHOW FULL COLUMNS FROM `goods` [ RunTime:0.002229s ]
[2026-08-20T17:31:03+08:00][sql] SELECT `id` FROM `goods` WHERE  `status` = 1  AND `end_time` <= 1787218263 [ RunTime:0.001201s ]
[2026-08-20T17:31:03+08:00][sql] SHOW FULL COLUMNS FROM `user` [ RunTime:0.002023s ]
[2026-08-20T17:31:03+08:00][sql] SELECT * FROM `user` WHERE  `id` = 30 LIMIT 1 [ RunTime:0.001151s ]
[2026-08-20T17:31:03+08:00][sql] SHOW FULL COLUMNS FROM `setting` [ RunTime:0.001496s ]
[2026-08-20T17:31:03+08:00][sql] SELECT * FROM `setting` [ RunTime:0.000870s ]
[2026-08-20T17:31:03+08:00][sql] SHOW FULL COLUMNS FROM `message` [ RunTime:0.001527s ]
[2026-08-20T17:31:03+08:00][sql] SELECT * FROM `message` WHERE  `goods_id` = 36  AND `id` > 14  AND (  (  `from_uid` = 30  AND `to_uid` = 29 ) OR (  `from_uid` = 29  AND `to_uid` = 30 ) ) ORDER BY `id` ASC [ RunTime:0.001017s ]
[2026-08-20T17:31:06+08:00][sql] CONNECT:[ UseTime:0.001138s ] mysql:host=127.0.0.1;port=3306;dbname=auction;charset=utf8mb4
[2026-08-20T17:31:06+08:00][sql] SHOW FULL COLUMNS FROM `goods` [ RunTime:0.001727s ]
[2026-08-20T17:31:06+08:00][sql] SELECT `id` FROM `goods` WHERE  `status` = 1  AND `end_time` <= 1787218266 [ RunTime:0.001028s ]
[2026-08-20T17:31:06+08:00][sql] SHOW FULL COLUMNS FROM `user` [ RunTime:0.001716s ]
[2026-08-20T17:31:06+08:00][sql] SELECT * FROM `user` WHERE  `id` = 30 LIMIT 1 [ RunTime:0.001015s ]
[2026-08-20T17:31:06+08:00][sql] SHOW FULL COLUMNS FROM `setting` [ RunTime:0.001190s ]
[2026-08-20T17:31:06+08:00][sql] SELECT * FROM `setting` [ RunTime:0.000636s ]
[2026-08-20T17:31:06+08:00][sql] SHOW FULL COLUMNS FROM `message` [ RunTime:0.001391s ]
[2026-08-20T17:31:06+08:00][sql] SELECT * FROM `message` WHERE  `goods_id` = 36  AND `id` > 14  AND (  (  `from_uid` = 30  AND `to_uid` = 29 ) OR (  `from_uid` = 29  AND `to_uid` = 30 ) ) ORDER BY `id` ASC [ RunTime:0.001192s ]
[2026-08-20T17:31:09+08:00][sql] CONNECT:[ UseTime:0.001417s ] mysql:host=127.0.0.1;port=3306;dbname=auction;charset=utf8mb4
[2026-08-20T17:31:09+08:00][sql] SHOW FULL COLUMNS FROM `goods` [ RunTime:0.001908s ]
[2026-08-20T17:31:09+08:00][sql] SELECT `id` FROM `goods` WHERE  `status` = 1  AND `end_time` <= 1787218269 [ RunTime:0.001207s ]
[2026-08-20T17:31:09+08:00][sql] SHOW FULL COLUMNS FROM `user` [ RunTime:0.001663s ]
[2026-08-20T17:31:09+08:00][sql] SELECT * FROM `user` WHERE  `id` = 30 LIMIT 1 [ RunTime:0.001205s ]
[2026-08-20T17:31:09+08:00][sql] SHOW FULL COLUMNS FROM `setting` [ RunTime:0.001456s ]
[2026-08-20T17:31:09+08:00][sql] SELECT * FROM `setting` [ RunTime:0.000881s ]
[2026-08-20T17:31:09+08:00][sql] SHOW FULL COLUMNS FROM `message` [ RunTime:0.001409s ]
[2026-08-20T17:31:09+08:00][sql] SELECT * FROM `message` WHERE  `goods_id` = 36  AND `id` > 14  AND (  (  `from_uid` = 30  AND `to_uid` = 29 ) OR (  `from_uid` = 29  AND `to_uid` = 30 ) ) ORDER BY `id` ASC [ RunTime:0.001090s ]
[2026-08-20T17:31:12+08:00][sql] CONNECT:[ UseTime:0.001580s ] mysql:host=127.0.0.1;port=3306;dbname=auction;charset=utf8mb4
[2026-08-20T17:31:12+08:00][sql] SHOW FULL COLUMNS FROM `goods` [ RunTime:0.002322s ]
[2026-08-20T17:31:12+08:00][sql] SELECT `id` FROM `goods` WHERE  `status` = 1  AND `end_time` <= 1787218272 [ RunTime:0.001283s ]
[2026-08-20T17:31:12+08:00][sql] SHOW FULL COLUMNS FROM `user` [ RunTime:0.001720s ]
[2026-08-20T17:31:12+08:00][sql] SELECT * FROM `user` WHERE  `id` = 30 LIMIT 1 [ RunTime:0.001121s ]
[2026-08-20T17:31:12+08:00][sql] SHOW FULL COLUMNS FROM `setting` [ RunTime:0.001443s ]
[2026-08-20T17:31:12+08:00][sql] SELECT * FROM `setting` [ RunTime:0.000797s ]
[2026-08-20T17:31:12+08:00][sql] SHOW FULL COLUMNS FROM `message` [ RunTime:0.001490s ]
[2026-08-20T17:31:12+08:00][sql] SELECT * FROM `message` WHERE  `goods_id` = 36  AND `id` > 14  AND (  (  `from_uid` = 30  AND `to_uid` = 29 ) OR (  `from_uid` = 29  AND `to_uid` = 30 ) ) ORDER BY `id` ASC [ RunTime:0.001324s ]
[2026-08-20T17:31:15+08:00][sql] CONNECT:[ UseTime:0.001468s ] mysql:host=127.0.0.1;port=3306;dbname=auction;charset=utf8mb4
[2026-08-20T17:31:15+08:00][sql] SHOW FULL COLUMNS FROM `goods` [ RunTime:0.001878s ]
[2026-08-20T17:31:15+08:00][sql] SELECT `id` FROM `goods` WHERE  `status` = 1  AND `end_time` <= 1787218275 [ RunTime:0.001061s ]
[2026-08-20T17:31:15+08:00][sql] SHOW FULL COLUMNS FROM `user` [ RunTime:0.001635s ]
[2026-08-20T17:31:15+08:00][sql] SELECT * FROM `user` WHERE  `id` = 30 LIMIT 1 [ RunTime:0.001098s ]
[2026-08-20T17:31:15+08:00][sql] SHOW FULL COLUMNS FROM `setting` [ RunTime:0.001206s ]
[2026-08-20T17:31:15+08:00][sql] SELECT * FROM `setting` [ RunTime:0.000774s ]
[2026-08-20T17:31:15+08:00][sql] SHOW FULL COLUMNS FROM `message` [ RunTime:0.001237s ]
[2026-08-20T17:31:15+08:00][sql] SELECT * FROM `message` WHERE  `goods_id` = 36  AND `id` > 14  AND (  (  `from_uid` = 30  AND `to_uid` = 29 ) OR (  `from_uid` = 29  AND `to_uid` = 30 ) ) ORDER BY `id` ASC [ RunTime:0.001228s ]
[2026-08-20T17:31:18+08:00][sql] CONNECT:[ UseTime:0.001086s ] mysql:host=127.0.0.1;port=3306;dbname=auction;charset=utf8mb4
[2026-08-20T17:31:18+08:00][sql] SHOW FULL COLUMNS FROM `goods` [ RunTime:0.001652s ]
[2026-08-20T17:31:18+08:00][sql] SELECT `id` FROM `goods` WHERE  `status` = 1  AND `end_time` <= 1787218278 [ RunTime:0.001042s ]
[2026-08-20T17:31:18+08:00][sql] SHOW FULL COLUMNS FROM `user` [ RunTime:0.001442s ]
[2026-08-20T17:31:18+08:00][sql] SELECT * FROM `user` WHERE  `id` = 30 LIMIT 1 [ RunTime:0.000978s ]
[2026-08-20T17:31:18+08:00][sql] SHOW FULL COLUMNS FROM `setting` [ RunTime:0.001463s ]
[2026-08-20T17:31:18+08:00][sql] SELECT * FROM `setting` [ RunTime:0.000783s ]
[2026-08-20T17:31:18+08:00][sql] SHOW FULL COLUMNS FROM `message` [ RunTime:0.001435s ]
[2026-08-20T17:31:18+08:00][sql] SELECT * FROM `message` WHERE  `goods_id` = 36  AND `id` > 14  AND (  (  `from_uid` = 30  AND `to_uid` = 29 ) OR (  `from_uid` = 29  AND `to_uid` = 30 ) ) ORDER BY `id` ASC [ RunTime:0.001185s ]
[2026-08-20T17:31:21+08:00][sql] CONNECT:[ UseTime:0.001429s ] mysql:host=127.0.0.1;port=3306;dbname=auction;charset=utf8mb4
[2026-08-20T17:31:21+08:00][sql] SHOW FULL COLUMNS FROM `goods` [ RunTime:0.002245s ]
[2026-08-20T17:31:21+08:00][sql] SELECT `id` FROM `goods` WHERE  `status` = 1  AND `end_time` <= 1787218281 [ RunTime:0.001284s ]
[2026-08-20T17:31:21+08:00][sql] SHOW FULL COLUMNS FROM `user` [ RunTime:0.001644s ]
[2026-08-20T17:31:21+08:00][sql] SELECT * FROM `user` WHERE  `id` = 30 LIMIT 1 [ RunTime:0.001168s ]
[2026-08-20T17:31:21+08:00][sql] SHOW FULL COLUMNS FROM `setting` [ RunTime:0.001369s ]
[2026-08-20T17:31:21+08:00][sql] SELECT * FROM `setting` [ RunTime:0.000799s ]
[2026-08-20T17:31:21+08:00][sql] SHOW FULL COLUMNS FROM `message` [ RunTime:0.001282s ]
[2026-08-20T17:31:21+08:00][sql] SELECT * FROM `message` WHERE  `goods_id` = 36  AND `id` > 14  AND (  (  `from_uid` = 30  AND `to_uid` = 29 ) OR (  `from_uid` = 29  AND `to_uid` = 30 ) ) ORDER BY `id` ASC [ RunTime:0.001107s ]
[2026-08-20T17:31:24+08:00][sql] CONNECT:[ UseTime:0.001417s ] mysql:host=127.0.0.1;port=3306;dbname=auction;charset=utf8mb4
[2026-08-20T17:31:24+08:00][sql] SHOW FULL COLUMNS FROM `goods` [ RunTime:0.001995s ]
[2026-08-20T17:31:24+08:00][sql] SELECT `id` FROM `goods` WHERE  `status` = 1  AND `end_time` <= 1787218284 [ RunTime:0.001163s ]
[2026-08-20T17:31:24+08:00][sql] SHOW FULL COLUMNS FROM `user` [ RunTime:0.001646s ]
[2026-08-20T17:31:24+08:00][sql] SELECT * FROM `user` WHERE  `id` = 30 LIMIT 1 [ RunTime:0.001120s ]
[2026-08-20T17:31:24+08:00][sql] SHOW FULL COLUMNS FROM `setting` [ RunTime:0.001349s ]
[2026-08-20T17:31:24+08:00][sql] SELECT * FROM `setting` [ RunTime:0.000734s ]
[2026-08-20T17:31:24+08:00][sql] SHOW FULL COLUMNS FROM `message` [ RunTime:0.001286s ]
[2026-08-20T17:31:24+08:00][sql] SELECT * FROM `message` WHERE  `goods_id` = 36  AND `id` > 14  AND (  (  `from_uid` = 30  AND `to_uid` = 29 ) OR (  `from_uid` = 29  AND `to_uid` = 30 ) ) ORDER BY `id` ASC [ RunTime:0.001015s ]
[2026-08-20T17:31:27+08:00][sql] CONNECT:[ UseTime:0.001316s ] mysql:host=127.0.0.1;port=3306;dbname=auction;charset=utf8mb4
[2026-08-20T17:31:27+08:00][sql] SHOW FULL COLUMNS FROM `goods` [ RunTime:0.001719s ]
[2026-08-20T17:31:27+08:00][sql] SELECT `id` FROM `goods` WHERE  `status` = 1  AND `end_time` <= 1787218287 [ RunTime:0.001081s ]
[2026-08-20T17:31:27+08:00][sql] SHOW FULL COLUMNS FROM `user` [ RunTime:0.001930s ]
[2026-08-20T17:31:27+08:00][sql] SELECT * FROM `user` WHERE  `id` = 30 LIMIT 1 [ RunTime:0.001179s ]
[2026-08-20T17:31:27+08:00][sql] SHOW FULL COLUMNS FROM `setting` [ RunTime:0.001469s ]
[2026-08-20T17:31:27+08:00][sql] SELECT * FROM `setting` [ RunTime:0.000686s ]
[2026-08-20T17:31:27+08:00][sql] SHOW FULL COLUMNS FROM `message` [ RunTime:0.001192s ]
[2026-08-20T17:31:27+08:00][sql] SELECT * FROM `message` WHERE  `goods_id` = 36  AND `id` > 14  AND (  (  `from_uid` = 30  AND `to_uid` = 29 ) OR (  `from_uid` = 29  AND `to_uid` = 30 ) ) ORDER BY `id` ASC [ RunTime:0.000993s ]
[2026-08-20T17:31:30+08:00][sql] CONNECT:[ UseTime:0.001333s ] mysql:host=127.0.0.1;port=3306;dbname=auction;charset=utf8mb4
[2026-08-20T17:31:30+08:00][sql] SHOW FULL COLUMNS FROM `goods` [ RunTime:0.002527s ]
[2026-08-20T17:31:30+08:00][sql] SELECT `id` FROM `goods` WHERE  `status` = 1  AND `end_time` <= 1787218290 [ RunTime:0.001186s ]
[2026-08-20T17:31:30+08:00][sql] SHOW FULL COLUMNS FROM `user` [ RunTime:0.001619s ]
[2026-08-20T17:31:30+08:00][sql] SELECT * FROM `user` WHERE  `id` = 30 LIMIT 1 [ RunTime:0.001132s ]
[2026-08-20T17:31:30+08:00][sql] SHOW FULL COLUMNS FROM `setting` [ RunTime:0.001223s ]
[2026-08-20T17:31:30+08:00][sql] SELECT * FROM `setting` [ RunTime:0.000701s ]
[2026-08-20T17:31:30+08:00][sql] SHOW FULL COLUMNS FROM `message` [ RunTime:0.001526s ]
[2026-08-20T17:31:30+08:00][sql] SELECT * FROM `message` WHERE  `goods_id` = 36  AND `id` > 14  AND (  (  `from_uid` = 30  AND `to_uid` = 29 ) OR (  `from_uid` = 29  AND `to_uid` = 30 ) ) ORDER BY `id` ASC [ RunTime:0.001183s ]
[2026-08-20T17:31:33+08:00][sql] CONNECT:[ UseTime:0.001263s ] mysql:host=127.0.0.1;port=3306;dbname=auction;charset=utf8mb4
[2026-08-20T17:31:33+08:00][sql] SHOW FULL COLUMNS FROM `goods` [ RunTime:0.001801s ]
[2026-08-20T17:31:33+08:00][sql] SELECT `id` FROM `goods` WHERE  `status` = 1  AND `end_time` <= 1787218293 [ RunTime:0.000964s ]
[2026-08-20T17:31:33+08:00][sql] SHOW FULL COLUMNS FROM `user` [ RunTime:0.001500s ]
[2026-08-20T17:31:33+08:00][sql] SELECT * FROM `user` WHERE  `id` = 30 LIMIT 1 [ RunTime:0.001007s ]
[2026-08-20T17:31:33+08:00][sql] SHOW FULL COLUMNS FROM `setting` [ RunTime:0.001245s ]
[2026-08-20T17:31:33+08:00][sql] SELECT * FROM `setting` [ RunTime:0.000749s ]
[2026-08-20T17:31:33+08:00][sql] SHOW FULL COLUMNS FROM `message` [ RunTime:0.001379s ]
[2026-08-20T17:31:33+08:00][sql] SELECT * FROM `message` WHERE  `goods_id` = 36  AND `id` > 14  AND (  (  `from_uid` = 30  AND `to_uid` = 29 ) OR (  `from_uid` = 29  AND `to_uid` = 30 ) ) ORDER BY `id` ASC [ RunTime:0.001041s ]
[2026-08-20T17:32:11+08:00][sql] CONNECT:[ UseTime:0.001290s ] mysql:host=127.0.0.1;port=3306;dbname=auction;charset=utf8mb4
[2026-08-20T17:32:11+08:00][sql] SHOW FULL COLUMNS FROM `goods` [ RunTime:0.002036s ]
[2026-08-20T17:32:11+08:00][sql] SELECT `id` FROM `goods` WHERE  `status` = 1  AND `end_time` <= 1787218331 [ RunTime:0.001282s ]
[2026-08-20T17:32:11+08:00][sql] SHOW FULL COLUMNS FROM `user` [ RunTime:0.001745s ]
[2026-08-20T17:32:11+08:00][sql] SELECT * FROM `user` WHERE  `id` = 30 LIMIT 1 [ RunTime:0.001291s ]
[2026-08-20T17:32:11+08:00][sql] SHOW FULL COLUMNS FROM `setting` [ RunTime:0.001250s ]
[2026-08-20T17:32:11+08:00][sql] SELECT * FROM `setting` [ RunTime:0.000888s ]
[2026-08-20T17:32:11+08:00][sql] SHOW FULL COLUMNS FROM `message` [ RunTime:0.001554s ]
[2026-08-20T17:32:11+08:00][sql] SELECT * FROM `message` WHERE  `goods_id` = 36  AND `id` > 0  AND (  (  `from_uid` = 30  AND `to_uid` = 29 ) OR (  `from_uid` = 29  AND `to_uid` = 30 ) ) ORDER BY `id` ASC [ RunTime:0.001373s ]
[2026-08-20T17:32:16+08:00][sql] CONNECT:[ UseTime:0.001516s ] mysql:host=127.0.0.1;port=3306;dbname=auction;charset=utf8mb4
[2026-08-20T17:32:16+08:00][sql] SHOW FULL COLUMNS FROM `goods` [ RunTime:0.002034s ]
[2026-08-20T17:32:16+08:00][sql] SELECT `id` FROM `goods` WHERE  `status` = 1  AND `end_time` <= 1787218336 [ RunTime:0.001345s ]
[2026-08-20T17:32:16+08:00][sql] SHOW FULL COLUMNS FROM `user` [ RunTime:0.001764s ]
[2026-08-20T17:32:16+08:00][sql] SELECT * FROM `user` WHERE  `id` = 30 LIMIT 1 [ RunTime:0.001397s ]
[2026-08-20T17:32:16+08:00][sql] SHOW FULL COLUMNS FROM `setting` [ RunTime:0.001388s ]
[2026-08-20T17:32:16+08:00][sql] SELECT * FROM `setting` [ RunTime:0.000844s ]
[2026-08-20T17:32:16+08:00][sql] SHOW FULL COLUMNS FROM `category` [ RunTime:0.001655s ]
[2026-08-20T17:32:16+08:00][sql] SELECT * FROM `category` WHERE  `status` = 1 ORDER BY `sort` ASC [ RunTime:0.001167s ]
[2026-08-20T17:32:16+08:00][sql] SELECT COUNT(*),`category_id` FROM `goods` WHERE  `status` = 1  AND `category_id` IN (1,2,3,4) GROUP BY `category_id` [ RunTime:0.001466s ]
[2026-08-20T17:32:27+08:00][sql] CONNECT:[ UseTime:0.001450s ] mysql:host=127.0.0.1;port=3306;dbname=auction;charset=utf8mb4
[2026-08-20T17:32:27+08:00][sql] SHOW FULL COLUMNS FROM `goods` [ RunTime:0.001971s ]
[2026-08-20T17:32:27+08:00][sql] SELECT `id` FROM `goods` WHERE  `status` = 1  AND `end_time` <= 1787218347 [ RunTime:0.001255s ]
[2026-08-20T17:32:27+08:00][sql] SHOW FULL COLUMNS FROM `user` [ RunTime:0.001724s ]
[2026-08-20T17:32:27+08:00][sql] SELECT * FROM `user` WHERE  `id` = 30 LIMIT 1 [ RunTime:0.001087s ]
[2026-08-20T17:32:27+08:00][sql] SHOW FULL COLUMNS FROM `setting` [ RunTime:0.001362s ]
[2026-08-20T17:32:27+08:00][sql] SELECT * FROM `setting` [ RunTime:0.000897s ]
[2026-08-20T17:32:27+08:00][sql] SHOW FULL COLUMNS FROM `category` [ RunTime:0.001427s ]
[2026-08-20T17:32:27+08:00][sql] SELECT * FROM `category` WHERE  `id` = 2  AND `status` = 1 LIMIT 1 [ RunTime:0.001000s ]
[2026-08-20T17:32:27+08:00][sql] SELECT COUNT(*) AS think_count FROM `goods` `g` LEFT JOIN `user` `u` ON `g`.`seller_id`=`u`.`id` WHERE  `g`.`status` = '1'  AND `g`.`category_id` = '2' [ RunTime:0.001113s ]
[2026-08-20T17:32:27+08:00][sql] SELECT `g`.*,u.nickname as seller_name FROM `goods` `g` LEFT JOIN `user` `u` ON `g`.`seller_id`=`u`.`id` WHERE  `g`.`status` = '1'  AND `g`.`category_id` = '2' ORDER BY `g`.`id` DESC LIMIT 0,10 [ RunTime:0.001308s ]
[2026-08-20T17:32:29+08:00][sql] CONNECT:[ UseTime:0.001240s ] mysql:host=127.0.0.1;port=3306;dbname=auction;charset=utf8mb4
[2026-08-20T17:32:29+08:00][sql] SHOW FULL COLUMNS FROM `goods` [ RunTime:0.002011s ]
[2026-08-20T17:32:29+08:00][sql] SELECT `id` FROM `goods` WHERE  `status` = 1  AND `end_time` <= 1787218349 [ RunTime:0.001191s ]
[2026-08-20T17:32:29+08:00][sql] SHOW FULL COLUMNS FROM `user` [ RunTime:0.001767s ]
[2026-08-20T17:32:29+08:00][sql] SELECT * FROM `user` WHERE  `id` = 30 LIMIT 1 [ RunTime:0.001207s ]
[2026-08-20T17:32:29+08:00][sql] SHOW FULL COLUMNS FROM `setting` [ RunTime:0.001341s ]
[2026-08-20T17:32:29+08:00][sql] SELECT * FROM `setting` [ RunTime:0.000797s ]
[2026-08-20T17:32:29+08:00][sql] SHOW FULL COLUMNS FROM `category` [ RunTime:0.001464s ]
[2026-08-20T17:32:29+08:00][sql] SELECT * FROM `category` WHERE  `id` = 1  AND `status` = 1 LIMIT 1 [ RunTime:0.000892s ]
[2026-08-20T17:32:29+08:00][sql] SELECT COUNT(*) AS think_count FROM `goods` `g` LEFT JOIN `user` `u` ON `g`.`seller_id`=`u`.`id` WHERE  `g`.`status` = '1'  AND `g`.`category_id` = '1' [ RunTime:0.001148s ]
[2026-08-20T17:32:29+08:00][sql] SELECT `g`.*,u.nickname as seller_name FROM `goods` `g` LEFT JOIN `user` `u` ON `g`.`seller_id`=`u`.`id` WHERE  `g`.`status` = '1'  AND `g`.`category_id` = '1' ORDER BY `g`.`id` DESC LIMIT 0,10 [ RunTime:0.001297s ]
[2026-08-20T17:32:29+08:00][sql] SHOW FULL COLUMNS FROM `bid_record` [ RunTime:0.001523s ]
[2026-08-20T17:32:29+08:00][sql] SELECT MAX(`price`) AS think_max FROM `bid_record` WHERE  `goods_id` = 36  AND `status` = 0 [ RunTime:0.001015s ]
[2026-08-20T17:32:58+08:00][sql] CONNECT:[ UseTime:0.001513s ] mysql:host=127.0.0.1;port=3306;dbname=auction;charset=utf8mb4
[2026-08-20T17:32:58+08:00][sql] SHOW FULL COLUMNS FROM `goods` [ RunTime:0.002542s ]
[2026-08-20T17:32:58+08:00][sql] SELECT `id` FROM `goods` WHERE  `status` = 1  AND `end_time` <= 1787218378 [ RunTime:0.001354s ]
[2026-08-20T17:32:58+08:00][sql] SHOW FULL COLUMNS FROM `user` [ RunTime:0.002355s ]
[2026-08-20T17:32:58+08:00][sql] SELECT * FROM `user` WHERE  `id` = 30 LIMIT 1 [ RunTime:0.001469s ]
[2026-08-20T17:32:58+08:00][sql] SHOW FULL COLUMNS FROM `setting` [ RunTime:0.001605s ]
[2026-08-20T17:32:58+08:00][sql] SELECT * FROM `setting` [ RunTime:0.001115s ]
[2026-08-20T17:32:58+08:00][sql] SHOW FULL COLUMNS FROM `category` [ RunTime:0.001876s ]
[2026-08-20T17:32:58+08:00][sql] SELECT * FROM `category` WHERE  `status` = 1 ORDER BY `sort` ASC [ RunTime:0.001202s ]
[2026-08-20T17:32:58+08:00][sql] SELECT COUNT(*),`category_id` FROM `goods` WHERE  `status` = 1  AND `category_id` IN (1,2,3,4) GROUP BY `category_id` [ RunTime:0.001541s ]
[2026-08-20T17:33:18+08:00][sql] CONNECT:[ UseTime:0.001566s ] mysql:host=127.0.0.1;port=3306;dbname=auction;charset=utf8mb4
[2026-08-20T17:33:18+08:00][sql] SHOW FULL COLUMNS FROM `goods` [ RunTime:0.001915s ]
[2026-08-20T17:33:18+08:00][sql] SELECT `id` FROM `goods` WHERE  `status` = 1  AND `end_time` <= 1787218398 [ RunTime:0.001394s ]
[2026-08-20T17:33:18+08:00][sql] SHOW FULL COLUMNS FROM `user` [ RunTime:0.001760s ]
[2026-08-20T17:33:18+08:00][sql] SELECT * FROM `user` WHERE  `id` = 30 LIMIT 1 [ RunTime:0.001230s ]
[2026-08-20T17:33:18+08:00][sql] SHOW FULL COLUMNS FROM `setting` [ RunTime:0.001308s ]
[2026-08-20T17:33:18+08:00][sql] SELECT * FROM `setting` [ RunTime:0.000793s ]
[2026-08-20T17:33:18+08:00][sql] SHOW FULL COLUMNS FROM `bid_record` [ RunTime:0.001515s ]
[2026-08-20T17:33:18+08:00][sql] SELECT COUNT(*) AS think_count FROM `bid_record` WHERE  `user_id` = 30 [ RunTime:0.000934s ]
[2026-08-20T17:33:18+08:00][sql] SHOW FULL COLUMNS FROM `order` [ RunTime:0.001696s ]
[2026-08-20T17:33:18+08:00][sql] SELECT COUNT(*) AS think_count FROM `order` WHERE  `buyer_id` = 30  AND `pay_status` = 1 [ RunTime:0.001060s ]
[2026-08-20T17:33:18+08:00][sql] SELECT COUNT(*) AS think_count FROM `goods` WHERE  `seller_id` = 30  AND `status` = 2 [ RunTime:0.000878s ]
[2026-08-20T17:33:18+08:00][sql] SELECT COUNT(*) AS think_count FROM `goods` WHERE  `seller_id` = 30 [ RunTime:0.000932s ]
[2026-08-20T17:33:18+08:00][sql] SELECT COUNT(*) AS think_count FROM `order` WHERE  `buyer_id` = 30  AND `pay_status` = 0  AND `order_status` = 0 [ RunTime:0.001048s ]
[2026-08-20T17:33:18+08:00][sql] SELECT COUNT(*) AS think_count FROM `order` WHERE  `seller_id` = 30  AND `order_status` = 1 [ RunTime:0.001154s ]
[2026-08-20T17:33:18+08:00][sql] SELECT COUNT(*) AS think_count FROM `order` WHERE  `buyer_id` = 30  AND `order_status` = 0  AND `pay_status` = 0 [ RunTime:0.000881s ]
[2026-08-20T17:33:18+08:00][sql] SELECT COUNT(*) AS think_count FROM `order` WHERE  `buyer_id` = 30  AND `order_status` = 1 [ RunTime:0.000983s ]
[2026-08-20T17:33:18+08:00][sql] SELECT COUNT(*) AS think_count FROM `order` WHERE  `buyer_id` = 30  AND `order_status` = 2 [ RunTime:0.000814s ]
[2026-08-20T17:33:18+08:00][sql] SELECT COUNT(*) AS think_count FROM `order` WHERE  `buyer_id` = 30  AND `order_status` = 3 [ RunTime:0.000899s ]
[2026-08-20T17:33:18+08:00][sql] SELECT COUNT(*) AS think_count FROM `order` WHERE  `seller_id` = 30  AND `order_status` = 1 [ RunTime:0.001132s ]
[2026-08-20T17:33:18+08:00][sql] SHOW FULL COLUMNS FROM `goods_favorite` [ RunTime:0.001967s ]
[2026-08-20T17:33:18+08:00][sql] SELECT COUNT(*) AS think_count FROM `goods_favorite` WHERE  `user_id` = 30 [ RunTime:0.000984s ]
[2026-08-20T17:33:18+08:00][sql] SHOW FULL COLUMNS FROM `seller_follow` [ RunTime:0.001368s ]
[2026-08-20T17:33:18+08:00][sql] SELECT COUNT(*) AS think_count FROM `seller_follow` WHERE  `user_id` = 30 [ RunTime:0.001057s ]
[2026-08-20T17:33:18+08:00][sql] SHOW FULL COLUMNS FROM `browse_history` [ RunTime:0.001486s ]
[2026-08-20T17:33:18+08:00][sql] SELECT COUNT(*) AS think_count FROM `browse_history` WHERE  `user_id` = 30 [ RunTime:0.000819s ]
[2026-08-20T17:33:18+08:00][sql] SHOW FULL COLUMNS FROM `sys_message` [ RunTime:0.001346s ]
[2026-08-20T17:33:18+08:00][sql] SELECT COUNT(*) AS think_count FROM `sys_message` WHERE  `user_id` = 30  AND `is_read` = 0 [ RunTime:0.000969s ]
[2026-08-20T17:33:18+08:00][sql] SHOW FULL COLUMNS FROM `balance_log` [ RunTime:0.001532s ]
[2026-08-20T17:33:18+08:00][sql] SELECT * FROM `balance_log` WHERE  `user_id` = 30 ORDER BY `id` DESC LIMIT 5 [ RunTime:0.001040s ]
[2026-08-20T17:33:18+08:00][sql] SELECT `b`.*,`g`.`title`,`g`.`cover`,g.status as goods_status,`g`.`end_time` FROM `bid_record` `b` LEFT JOIN `goods` `g` ON `b`.`goods_id`=`g`.`id` WHERE  `b`.`user_id` = '30' ORDER BY `b`.`id` DESC LIMIT 5 [ RunTime:0.001013s ]
[2026-08-20T17:33:18+08:00][sql] SELECT `id`,`nickname`,`mobile`,`reg_time` FROM `user` WHERE  `pid` = 30 ORDER BY `id` DESC LIMIT 10 [ RunTime:0.001035s ]
[2026-08-20T17:33:18+08:00][sql] SELECT `value` FROM `setting` WHERE  `name` = 'service_link' LIMIT 1 [ RunTime:0.000772s ]
[2026-08-20T17:33:18+08:00][sql] SELECT `is_virtual` FROM `user` WHERE  `id` = 30 LIMIT 1 [ RunTime:0.000930s ]
[2026-08-20T17:33:22+08:00][sql] CONNECT:[ UseTime:0.001484s ] mysql:host=127.0.0.1;port=3306;dbname=auction;charset=utf8mb4
[2026-08-20T17:33:22+08:00][sql] SHOW FULL COLUMNS FROM `goods` [ RunTime:0.001964s ]
[2026-08-20T17:33:22+08:00][sql] SELECT `id` FROM `goods` WHERE  `status` = 1  AND `end_time` <= 1787218402 [ RunTime:0.001351s ]
[2026-08-20T17:33:22+08:00][sql] SHOW FULL COLUMNS FROM `user` [ RunTime:0.001816s ]
[2026-08-20T17:33:22+08:00][sql] SELECT * FROM `user` WHERE  `id` = 30 LIMIT 1 [ RunTime:0.001336s ]
[2026-08-20T17:33:22+08:00][sql] SHOW FULL COLUMNS FROM `setting` [ RunTime:0.001405s ]
[2026-08-20T17:33:22+08:00][sql] SELECT * FROM `setting` [ RunTime:0.000929s ]
[2026-08-20T17:33:22+08:00][sql] SHOW FULL COLUMNS FROM `bid_record` [ RunTime:0.001425s ]
[2026-08-20T17:33:22+08:00][sql] SELECT COUNT(*) AS think_count FROM `bid_record` `b` LEFT JOIN `goods` `g` ON `b`.`goods_id`=`g`.`id` WHERE  `b`.`user_id` = '30' [ RunTime:0.000980s ]
[2026-08-20T17:33:22+08:00][sql] SELECT `b`.*,`g`.`title`,`g`.`cover`,g.status as goods_status,`g`.`end_time`,`g`.`final_price`,`g`.`winner_id` FROM `bid_record` `b` LEFT JOIN `goods` `g` ON `b`.`goods_id`=`g`.`id` WHERE  `b`.`user_id` = '30' ORDER BY `b`.`id` DESC LIMIT 0,15 [ RunTime:0.001003s ]
[2026-08-20T17:33:25+08:00][sql] CONNECT:[ UseTime:0.001960s ] mysql:host=127.0.0.1;port=3306;dbname=auction;charset=utf8mb4
[2026-08-20T17:33:25+08:00][sql] SHOW FULL COLUMNS FROM `goods` [ RunTime:0.002082s ]
[2026-08-20T17:33:25+08:00][sql] SELECT `id` FROM `goods` WHERE  `status` = 1  AND `end_time` <= 1787218404 [ RunTime:0.003245s ]
[2026-08-20T17:33:25+08:00][sql] SHOW FULL COLUMNS FROM `user` [ RunTime:0.001648s ]
[2026-08-20T17:33:25+08:00][sql] SELECT * FROM `user` WHERE  `id` = 30 LIMIT 1 [ RunTime:0.001086s ]
[2026-08-20T17:33:25+08:00][sql] SHOW FULL COLUMNS FROM `setting` [ RunTime:0.001415s ]
[2026-08-20T17:33:25+08:00][sql] SELECT * FROM `setting` [ RunTime:0.000994s ]
[2026-08-20T17:33:25+08:00][sql] SELECT COUNT(*) AS think_count FROM `goods` `g` LEFT JOIN `user` `u` ON `g`.`seller_id`=`u`.`id` WHERE  `g`.`status` = '1'  AND `g`.`start_time` <= '1787218405'  AND `g`.`end_time` > '1787218405' [ RunTime:0.001188s ]
[2026-08-20T17:33:25+08:00][sql] SELECT `g`.*,u.nickname as seller_name FROM `goods` `g` LEFT JOIN `user` `u` ON `g`.`seller_id`=`u`.`id` WHERE  `g`.`status` = '1'  AND `g`.`start_time` <= '1787218405'  AND `g`.`end_time` > '1787218405' ORDER BY `g`.`end_time` ASC,`g`.`id` DESC LIMIT 0,10 [ RunTime:0.001444s ]
[2026-08-20T17:33:25+08:00][sql] SHOW FULL COLUMNS FROM `bid_record` [ RunTime:0.001499s ]
[2026-08-20T17:33:25+08:00][sql] SELECT MAX(`price`) AS think_max FROM `bid_record` WHERE  `goods_id` = 36  AND `status` = 0 [ RunTime:0.001070s ]
[2026-08-20T17:33:25+08:00][sql] SHOW FULL COLUMNS FROM `category` [ RunTime:0.001321s ]
[2026-08-20T17:33:25+08:00][sql] SELECT * FROM `category` WHERE  `status` = 1 ORDER BY `sort` ASC [ RunTime:0.000955s ]
[2026-08-20T17:33:25+08:00][sql] SELECT `b`.`price`,`b`.`create_time`,`g`.`title`,`u`.`nickname` FROM `bid_record` `b` LEFT JOIN `goods` `g` ON `b`.`goods_id`=`g`.`id` LEFT JOIN `user` `u` ON `b`.`user_id`=`u`.`id` WHERE  `b`.`status` = '1' ORDER BY `b`.`id` DESC LIMIT 5 [ RunTime:0.001130s ]
[2026-08-20T17:33:25+08:00][sql] SHOW FULL COLUMNS FROM `news` [ RunTime:0.001347s ]
[2026-08-20T17:33:25+08:00][sql] SELECT `id`,`title`,`create_time` FROM `news` WHERE  `status` = 1 ORDER BY `id` DESC LIMIT 3 [ RunTime:0.000859s ]
[2026-08-20T17:33:25+08:00][sql] SHOW FULL COLUMNS FROM `banner` [ RunTime:0.001436s ]
[2026-08-20T17:33:25+08:00][sql] SELECT * FROM `banner` WHERE  `status` = 1 ORDER BY `sort` ASC,`id` ASC [ RunTime:0.000944s ]
[2026-08-20T17:33:26+08:00][sql] CONNECT:[ UseTime:0.001552s ] mysql:host=127.0.0.1;port=3306;dbname=auction;charset=utf8mb4
[2026-08-20T17:33:26+08:00][sql] SHOW FULL COLUMNS FROM `goods` [ RunTime:0.002020s ]
[2026-08-20T17:33:26+08:00][sql] SELECT `id` FROM `goods` WHERE  `status` = 1  AND `end_time` <= 1787218406 [ RunTime:0.001008s ]
[2026-08-20T17:33:26+08:00][sql] SHOW FULL COLUMNS FROM `user` [ RunTime:0.001633s ]
[2026-08-20T17:33:26+08:00][sql] SELECT * FROM `user` WHERE  `id` = 30 LIMIT 1 [ RunTime:0.001035s ]
[2026-08-20T17:33:26+08:00][sql] SHOW FULL COLUMNS FROM `setting` [ RunTime:0.001181s ]
[2026-08-20T17:33:26+08:00][sql] SELECT * FROM `setting` [ RunTime:0.000944s ]
[2026-08-20T17:33:26+08:00][sql] SELECT `g`.*,u.nickname as seller_name,u.shop_name as seller_shop,u.avatar as seller_avatar,`u`.`seller_intro`,u.deposit as seller_deposit,`u`.`shop_score`,`u`.`fans_count`,c.name as category_name FROM `goods` `g` LEFT JOIN `user` `u` ON `g`.`seller_id`=`u`.`id` LEFT JOIN `category` `c` ON `g`.`category_id`=`c`.`id` WHERE  `g`.`id` = '36' LIMIT 1 [ RunTime:0.001399s ]
[2026-08-20T17:33:26+08:00][sql] UPDATE `goods`  SET `view_count` = `view_count` + 1  WHERE  `id` = 36 [ RunTime:0.006796s ]
[2026-08-20T17:33:26+08:00][sql] SHOW FULL COLUMNS FROM `bid_record` [ RunTime:0.001255s ]
[2026-08-20T17:33:26+08:00][sql] SELECT `b`.*,`u`.`nickname`,`u`.`mobile` FROM `bid_record` `b` LEFT JOIN `user` `u` ON `b`.`user_id`=`u`.`id` WHERE  `b`.`goods_id` = '36'  AND `b`.`status` = '0' ORDER BY `b`.`price` DESC,`b`.`id` ASC LIMIT 1 [ RunTime:0.001292s ]
[2026-08-20T17:33:26+08:00][sql] SELECT `b`.*,`u`.`nickname`,`u`.`mobile` FROM `bid_record` `b` LEFT JOIN `user` `u` ON `b`.`user_id`=`u`.`id` WHERE  `b`.`goods_id` = '36' ORDER BY `b`.`price` DESC,`b`.`id` ASC LIMIT 50 [ RunTime:0.001365s ]
[2026-08-20T17:33:26+08:00][sql] SELECT MAX(`price`) AS think_max FROM `bid_record` WHERE  `goods_id` = 36  AND `user_id` = 30  AND `status` = 0 [ RunTime:0.000907s ]
[2026-08-20T17:33:26+08:00][sql] SELECT MAX(`deposit`) AS think_max FROM `bid_record` WHERE  `goods_id` = 36  AND `user_id` = 30  AND `deposit` > '0' [ RunTime:0.000898s ]
[2026-08-20T17:33:26+08:00][sql] SHOW FULL COLUMNS FROM `browse_history` [ RunTime:0.001280s ]
[2026-08-20T17:33:26+08:00][sql] REPLACE INTO `browse_history` SET `user_id` = 30 , `goods_id` = 36 , `create_time` = 1787218406 [ RunTime:0.005639s ]
[2026-08-20T17:33:26+08:00][sql] SHOW FULL COLUMNS FROM `goods_favorite` [ RunTime:0.001357s ]
[2026-08-20T17:33:26+08:00][sql] SELECT COUNT(*) AS think_count FROM `goods_favorite` WHERE  `user_id` = 30  AND `goods_id` = 36 [ RunTime:0.000734s ]
[2026-08-20T17:33:26+08:00][sql] SHOW FULL COLUMNS FROM `seller_follow` [ RunTime:0.001190s ]
[2026-08-20T17:33:26+08:00][sql] SELECT COUNT(*) AS think_count FROM `seller_follow` WHERE  `user_id` = 30  AND `seller_id` = 29 [ RunTime:0.000985s ]
[2026-08-20T17:33:29+08:00][sql] CONNECT:[ UseTime:0.001500s ] mysql:host=127.0.0.1;port=3306;dbname=auction;charset=utf8mb4
[2026-08-20T17:33:29+08:00][sql] SHOW FULL COLUMNS FROM `goods` [ RunTime:0.001929s ]
[2026-08-20T17:33:29+08:00][sql] SELECT `id` FROM `goods` WHERE  `status` = 1  AND `end_time` <= 1787218409 [ RunTime:0.001289s ]
[2026-08-20T17:33:29+08:00][sql] SHOW FULL COLUMNS FROM `user` [ RunTime:0.001796s ]
[2026-08-20T17:33:29+08:00][sql] SELECT * FROM `user` WHERE  `id` = 30 LIMIT 1 [ RunTime:0.001307s ]
[2026-08-20T17:33:29+08:00][sql] SHOW FULL COLUMNS FROM `setting` [ RunTime:0.001465s ]
[2026-08-20T17:33:29+08:00][sql] SELECT * FROM `setting` [ RunTime:0.000826s ]
[2026-08-20T17:33:29+08:00][sql] SELECT * FROM `goods` WHERE  `id` = 36 LIMIT 1   FOR UPDATE [ RunTime:0.001226s ]
[2026-08-20T17:33:29+08:00][sql] SHOW FULL COLUMNS FROM `bid_record` [ RunTime:0.001489s ]
[2026-08-20T17:33:29+08:00][sql] SELECT MAX(`price`) AS think_max FROM `bid_record` WHERE  `goods_id` = 36  AND `status` = 0 [ RunTime:0.001530s ]
[2026-08-20T17:33:29+08:00][sql] SELECT * FROM `user` WHERE  `id` = 30 LIMIT 1   FOR UPDATE [ RunTime:0.001182s ]
[2026-08-20T17:33:29+08:00][sql] SELECT MAX(`deposit`) AS think_max FROM `bid_record` WHERE  `goods_id` = 36  AND `user_id` = 30  AND `deposit` > '0' [ RunTime:0.001007s ]
[2026-08-20T17:33:29+08:00][sql] SELECT * FROM `bid_record` WHERE  `goods_id` = 36  AND `status` = 0 ORDER BY `price` DESC,`id` ASC LIMIT 1 [ RunTime:0.001220s ]
[2026-08-20T17:33:42+08:00][sql] CONNECT:[ UseTime:0.001183s ] mysql:host=127.0.0.1;port=3306;dbname=auction;charset=utf8mb4
[2026-08-20T17:33:42+08:00][sql] SHOW FULL COLUMNS FROM `goods` [ RunTime:0.001920s ]
[2026-08-20T17:33:42+08:00][sql] SELECT `id` FROM `goods` WHERE  `status` = 1  AND `end_time` <= 1787218422 [ RunTime:0.001040s ]
[2026-08-20T17:33:42+08:00][sql] SHOW FULL COLUMNS FROM `user` [ RunTime:0.001702s ]
[2026-08-20T17:33:42+08:00][sql] SELECT * FROM `user` WHERE  `id` = 30 LIMIT 1 [ RunTime:0.001186s ]
[2026-08-20T17:33:42+08:00][sql] SHOW FULL COLUMNS FROM `setting` [ RunTime:0.001360s ]
[2026-08-20T17:33:42+08:00][sql] SELECT * FROM `setting` [ RunTime:0.000855s ]
[2026-08-20T17:33:42+08:00][sql] SELECT * FROM `goods` WHERE  `id` = 36 LIMIT 1   FOR UPDATE [ RunTime:0.001038s ]
[2026-08-20T17:33:42+08:00][sql] SHOW FULL COLUMNS FROM `bid_record` [ RunTime:0.001179s ]
[2026-08-20T17:33:42+08:00][sql] SELECT MAX(`price`) AS think_max FROM `bid_record` WHERE  `goods_id` = 36  AND `status` = 0 [ RunTime:0.001021s ]
[2026-08-20T17:33:42+08:00][sql] SELECT * FROM `user` WHERE  `id` = 30 LIMIT 1   FOR UPDATE [ RunTime:0.001017s ]
[2026-08-20T17:33:42+08:00][sql] SELECT MAX(`deposit`) AS think_max FROM `bid_record` WHERE  `goods_id` = 36  AND `user_id` = 30  AND `deposit` > '0' [ RunTime:0.000883s ]
[2026-08-20T17:33:42+08:00][sql] SELECT * FROM `bid_record` WHERE  `goods_id` = 36  AND `status` = 0 ORDER BY `price` DESC,`id` ASC LIMIT 1 [ RunTime:0.001112s ]
[2026-08-20T17:33:42+08:00][sql] UPDATE `user`  SET `balance` = '990' , `freeze_balance` = '10' , `update_time` = 1787218422  WHERE  `id` = 30 [ RunTime:0.000973s ]
[2026-08-20T17:33:42+08:00][sql] SELECT `id`,`is_virtual` FROM `user` WHERE  `id` = 30 LIMIT 1 [ RunTime:0.000686s ]
[2026-08-20T17:33:42+08:00][sql] SHOW FULL COLUMNS FROM `balance_log` [ RunTime:0.001297s ]
[2026-08-20T17:33:42+08:00][sql] INSERT INTO `balance_log` SET `user_id` = 30 , `type` = 'deposit' , `amount` = '-10' , `balance` = '990' , `remark` = '拍卖保证金（111）' , `create_time` = 1787218422 [ RunTime:0.000770s ]
[2026-08-20T17:33:42+08:00][sql] INSERT INTO `bid_record` SET `goods_id` = 36 , `user_id` = 30 , `price` = '2111' , `deposit` = '10' , `status` = 0 , `is_winner` = 0 , `create_time` = 1787218422 [ RunTime:0.000787s ]
[2026-08-20T17:33:42+08:00][sql] UPDATE `goods`  SET `bid_count` = bid_count+1 , `update_time` = 1787218422  WHERE  `id` = 36 [ RunTime:0.000948s ]
[2026-08-20T17:33:42+08:00][sql] SHOW FULL COLUMNS FROM `sys_message` [ RunTime:0.001273s ]
[2026-08-20T17:33:42+08:00][sql] INSERT INTO `sys_message` SET `user_id` = 28 , `admin_id` = 0 , `title` = '竞拍出局通知' , `content` = '您出价竞拍的「111」已出局：您的出价 ¥2,011.00 于 2026-08-20 17:33:42 被 ¥2,111.00 超过，当前最高价 ¥2,111.00。如需继续竞拍，请再次出价。' , `is_read` = 0 , `create_time` = 1787218422 [ RunTime:0.000820s ]
[2026-08-20T17:33:43+08:00][sql] CONNECT:[ UseTime:0.001373s ] mysql:host=127.0.0.1;port=3306;dbname=auction;charset=utf8mb4
[2026-08-20T17:33:43+08:00][sql] SHOW FULL COLUMNS FROM `goods` [ RunTime:0.001922s ]
[2026-08-20T17:33:43+08:00][sql] SELECT `id` FROM `goods` WHERE  `status` = 1  AND `end_time` <= 1787218423 [ RunTime:0.001085s ]
[2026-08-20T17:33:43+08:00][sql] SHOW FULL COLUMNS FROM `user` [ RunTime:0.001683s ]
[2026-08-20T17:33:43+08:00][sql] SELECT * FROM `user` WHERE  `id` = 30 LIMIT 1 [ RunTime:0.001149s ]
[2026-08-20T17:33:43+08:00][sql] SHOW FULL COLUMNS FROM `setting` [ RunTime:0.001425s ]
[2026-08-20T17:33:43+08:00][sql] SELECT * FROM `setting` [ RunTime:0.000963s ]
[2026-08-20T17:33:43+08:00][sql] SELECT `g`.*,u.nickname as seller_name,u.shop_name as seller_shop,u.avatar as seller_avatar,`u`.`seller_intro`,u.deposit as seller_deposit,`u`.`shop_score`,`u`.`fans_count`,c.name as category_name FROM `goods` `g` LEFT JOIN `user` `u` ON `g`.`seller_id`=`u`.`id` LEFT JOIN `category` `c` ON `g`.`category_id`=`c`.`id` WHERE  `g`.`id` = '36' LIMIT 1 [ RunTime:0.001428s ]
[2026-08-20T17:33:43+08:00][sql] UPDATE `goods`  SET `view_count` = `view_count` + 1  WHERE  `id` = 36 [ RunTime:0.005788s ]
[2026-08-20T17:33:43+08:00][sql] SHOW FULL COLUMNS FROM `bid_record` [ RunTime:0.001535s ]
[2026-08-20T17:33:43+08:00][sql] SELECT `b`.*,`u`.`nickname`,`u`.`mobile` FROM `bid_record` `b` LEFT JOIN `user` `u` ON `b`.`user_id`=`u`.`id` WHERE  `b`.`goods_id` = '36'  AND `b`.`status` = '0' ORDER BY `b`.`price` DESC,`b`.`id` ASC LIMIT 1 [ RunTime:0.001217s ]
[2026-08-20T17:33:43+08:00][sql] SELECT `b`.*,`u`.`nickname`,`u`.`mobile` FROM `bid_record` `b` LEFT JOIN `user` `u` ON `b`.`user_id`=`u`.`id` WHERE  `b`.`goods_id` = '36' ORDER BY `b`.`price` DESC,`b`.`id` ASC LIMIT 50 [ RunTime:0.001313s ]
[2026-08-20T17:33:43+08:00][sql] SELECT MAX(`price`) AS think_max FROM `bid_record` WHERE  `goods_id` = 36  AND `user_id` = 30  AND `status` = 0 [ RunTime:0.000984s ]
[2026-08-20T17:33:43+08:00][sql] SELECT MAX(`deposit`) AS think_max FROM `bid_record` WHERE  `goods_id` = 36  AND `user_id` = 30  AND `deposit` > '0' [ RunTime:0.000988s ]
[2026-08-20T17:33:43+08:00][sql] SHOW FULL COLUMNS FROM `browse_history` [ RunTime:0.001427s ]
[2026-08-20T17:33:43+08:00][sql] REPLACE INTO `browse_history` SET `user_id` = 30 , `goods_id` = 36 , `create_time` = 1787218423 [ RunTime:0.005076s ]
[2026-08-20T17:33:43+08:00][sql] SHOW FULL COLUMNS FROM `goods_favorite` [ RunTime:0.001347s ]
[2026-08-20T17:33:43+08:00][sql] SELECT COUNT(*) AS think_count FROM `goods_favorite` WHERE  `user_id` = 30  AND `goods_id` = 36 [ RunTime:0.001058s ]
[2026-08-20T17:33:43+08:00][sql] SHOW FULL COLUMNS FROM `seller_follow` [ RunTime:0.001337s ]
[2026-08-20T17:33:43+08:00][sql] SELECT COUNT(*) AS think_count FROM `seller_follow` WHERE  `user_id` = 30  AND `seller_id` = 29 [ RunTime:0.000816s ]
[2026-08-20T17:33:47+08:00][sql] CONNECT:[ UseTime:0.001416s ] mysql:host=127.0.0.1;port=3306;dbname=auction;charset=utf8mb4
[2026-08-20T17:33:47+08:00][sql] SHOW FULL COLUMNS FROM `goods` [ RunTime:0.001841s ]
[2026-08-20T17:33:47+08:00][sql] SELECT `id` FROM `goods` WHERE  `status` = 1  AND `end_time` <= 1787218426 [ RunTime:0.001157s ]
[2026-08-20T17:33:47+08:00][sql] SHOW FULL COLUMNS FROM `user` [ RunTime:0.001636s ]
[2026-08-20T17:33:47+08:00][sql] SELECT * FROM `user` WHERE  `id` = 30 LIMIT 1 [ RunTime:0.001195s ]
[2026-08-20T17:33:47+08:00][sql] SHOW FULL COLUMNS FROM `setting` [ RunTime:0.001646s ]
[2026-08-20T17:33:47+08:00][sql] SELECT * FROM `setting` [ RunTime:0.000932s ]
[2026-08-20T17:33:47+08:00][sql] SHOW FULL COLUMNS FROM `bid_record` [ RunTime:0.001507s ]
[2026-08-20T17:33:47+08:00][sql] SELECT COUNT(*) AS think_count FROM `bid_record` WHERE  `user_id` = 30 [ RunTime:0.000977s ]
[2026-08-20T17:33:47+08:00][sql] SHOW FULL COLUMNS FROM `order` [ RunTime:0.001660s ]
[2026-08-20T17:33:47+08:00][sql] SELECT COUNT(*) AS think_count FROM `order` WHERE  `buyer_id` = 30  AND `pay_status` = 1 [ RunTime:0.001032s ]
[2026-08-20T17:33:47+08:00][sql] SELECT COUNT(*) AS think_count FROM `goods` WHERE  `seller_id` = 30  AND `status` = 2 [ RunTime:0.000800s ]
[2026-08-20T17:33:47+08:00][sql] SELECT COUNT(*) AS think_count FROM `goods` WHERE  `seller_id` = 30 [ RunTime:0.000711s ]
[2026-08-20T17:33:47+08:00][sql] SELECT COUNT(*) AS think_count FROM `order` WHERE  `buyer_id` = 30  AND `pay_status` = 0  AND `order_status` = 0 [ RunTime:0.000975s ]
[2026-08-20T17:33:47+08:00][sql] SELECT COUNT(*) AS think_count FROM `order` WHERE  `seller_id` = 30  AND `order_status` = 1 [ RunTime:0.000967s ]
[2026-08-20T17:33:47+08:00][sql] SELECT COUNT(*) AS think_count FROM `order` WHERE  `buyer_id` = 30  AND `order_status` = 0  AND `pay_status` = 0 [ RunTime:0.000826s ]
[2026-08-20T17:33:47+08:00][sql] SELECT COUNT(*) AS think_count FROM `order` WHERE  `buyer_id` = 30  AND `order_status` = 1 [ RunTime:0.000842s ]
[2026-08-20T17:33:47+08:00][sql] SELECT COUNT(*) AS think_count FROM `order` WHERE  `buyer_id` = 30  AND `order_status` = 2 [ RunTime:0.000956s ]
[2026-08-20T17:33:47+08:00][sql] SELECT COUNT(*) AS think_count FROM `order` WHERE  `buyer_id` = 30  AND `order_status` = 3 [ RunTime:0.000775s ]
[2026-08-20T17:33:47+08:00][sql] SELECT COUNT(*) AS think_count FROM `order` WHERE  `seller_id` = 30  AND `order_status` = 1 [ RunTime:0.000845s ]
[2026-08-20T17:33:47+08:00][sql] SHOW FULL COLUMNS FROM `goods_favorite` [ RunTime:0.001425s ]
[2026-08-20T17:33:47+08:00][sql] SELECT COUNT(*) AS think_count FROM `goods_favorite` WHERE  `user_id` = 30 [ RunTime:0.001013s ]
[2026-08-20T17:33:47+08:00][sql] SHOW FULL COLUMNS FROM `seller_follow` [ RunTime:0.001427s ]
[2026-08-20T17:33:47+08:00][sql] SELECT COUNT(*) AS think_count FROM `seller_follow` WHERE  `user_id` = 30 [ RunTime:0.000939s ]
[2026-08-20T17:33:47+08:00][sql] SHOW FULL COLUMNS FROM `browse_history` [ RunTime:0.001469s ]
[2026-08-20T17:33:47+08:00][sql] SELECT COUNT(*) AS think_count FROM `browse_history` WHERE  `user_id` = 30 [ RunTime:0.000989s ]
[2026-08-20T17:33:47+08:00][sql] SHOW FULL COLUMNS FROM `sys_message` [ RunTime:0.003422s ]
[2026-08-20T17:33:47+08:00][sql] SELECT COUNT(*) AS think_count FROM `sys_message` WHERE  `user_id` = 30  AND `is_read` = 0 [ RunTime:0.000941s ]
[2026-08-20T17:33:47+08:00][sql] SHOW FULL COLUMNS FROM `balance_log` [ RunTime:0.001822s ]
[2026-08-20T17:33:47+08:00][sql] SELECT * FROM `balance_log` WHERE  `user_id` = 30 ORDER BY `id` DESC LIMIT 5 [ RunTime:0.001012s ]
[2026-08-20T17:33:47+08:00][sql] SELECT `b`.*,`g`.`title`,`g`.`cover`,g.status as goods_status,`g`.`end_time` FROM `bid_record` `b` LEFT JOIN `goods` `g` ON `b`.`goods_id`=`g`.`id` WHERE  `b`.`user_id` = '30' ORDER BY `b`.`id` DESC LIMIT 5 [ RunTime:0.001137s ]
[2026-08-20T17:33:47+08:00][sql] SELECT `id`,`nickname`,`mobile`,`reg_time` FROM `user` WHERE  `pid` = 30 ORDER BY `id` DESC LIMIT 10 [ RunTime:0.000927s ]
[2026-08-20T17:33:47+08:00][sql] SELECT `value` FROM `setting` WHERE  `name` = 'service_link' LIMIT 1 [ RunTime:0.000748s ]
[2026-08-20T17:33:47+08:00][sql] SELECT `is_virtual` FROM `user` WHERE  `id` = 30 LIMIT 1 [ RunTime:0.000797s ]
[2026-08-20T17:33:49+08:00][sql] CONNECT:[ UseTime:0.001365s ] mysql:host=127.0.0.1;port=3306;dbname=auction;charset=utf8mb4
[2026-08-20T17:33:49+08:00][sql] SHOW FULL COLUMNS FROM `goods` [ RunTime:0.001947s ]
[2026-08-20T17:33:49+08:00][sql] SELECT `id` FROM `goods` WHERE  `status` = 1  AND `end_time` <= 1787218429 [ RunTime:0.001222s ]
[2026-08-20T17:33:49+08:00][sql] SHOW FULL COLUMNS FROM `user` [ RunTime:0.001736s ]
[2026-08-20T17:33:49+08:00][sql] SELECT * FROM `user` WHERE  `id` = 30 LIMIT 1 [ RunTime:0.001115s ]
[2026-08-20T17:33:49+08:00][sql] SHOW FULL COLUMNS FROM `setting` [ RunTime:0.001413s ]
[2026-08-20T17:33:49+08:00][sql] SELECT * FROM `setting` [ RunTime:0.000941s ]
[2026-08-20T17:33:49+08:00][sql] SHOW FULL COLUMNS FROM `bid_record` [ RunTime:0.001398s ]
[2026-08-20T17:33:49+08:00][sql] SELECT COUNT(*) AS think_count FROM `bid_record` `b` LEFT JOIN `goods` `g` ON `b`.`goods_id`=`g`.`id` WHERE  `b`.`user_id` = '30' [ RunTime:0.001199s ]
[2026-08-20T17:33:49+08:00][sql] SELECT `b`.*,`g`.`title`,`g`.`cover`,g.status as goods_status,`g`.`end_time`,`g`.`final_price`,`g`.`winner_id` FROM `bid_record` `b` LEFT JOIN `goods` `g` ON `b`.`goods_id`=`g`.`id` WHERE  `b`.`user_id` = '30' ORDER BY `b`.`id` DESC LIMIT 0,15 [ RunTime:0.001166s ]
[2026-08-20T17:33:49+08:00][sql] SELECT `goods_id`,`id` FROM `bid_record` WHERE  `goods_id` = 36 ORDER BY `price` DESC,`id` ASC [ RunTime:0.001146s ]
[2026-08-20T17:34:40+08:00][sql] CONNECT:[ UseTime:0.001813s ] mysql:host=127.0.0.1;port=3306;dbname=auction;charset=utf8mb4
[2026-08-20T17:34:40+08:00][sql] SHOW FULL COLUMNS FROM `goods` [ RunTime:0.002591s ]
[2026-08-20T17:34:40+08:00][sql] SELECT `id` FROM `goods` WHERE  `status` = 1  AND `end_time` <= 1787218480 [ RunTime:0.001328s ]
[2026-08-20T17:34:40+08:00][sql] SHOW FULL COLUMNS FROM `user` [ RunTime:0.001897s ]
[2026-08-20T17:34:40+08:00][sql] SELECT * FROM `user` WHERE  `id` = 30 LIMIT 1 [ RunTime:0.001401s ]
[2026-08-20T17:34:40+08:00][sql] SHOW FULL COLUMNS FROM `setting` [ RunTime:0.001509s ]
[2026-08-20T17:34:40+08:00][sql] SELECT * FROM `setting` [ RunTime:0.001005s ]
[2026-08-20T17:34:40+08:00][sql] SELECT `g`.*,u.nickname as seller_name,u.shop_name as seller_shop,u.avatar as seller_avatar,`u`.`seller_intro`,u.deposit as seller_deposit,`u`.`shop_score`,`u`.`fans_count`,c.name as category_name FROM `goods` `g` LEFT JOIN `user` `u` ON `g`.`seller_id`=`u`.`id` LEFT JOIN `category` `c` ON `g`.`category_id`=`c`.`id` WHERE  `g`.`id` = '36' LIMIT 1 [ RunTime:0.001627s ]
[2026-08-20T17:34:40+08:00][sql] UPDATE `goods`  SET `view_count` = `view_count` + 1  WHERE  `id` = 36 [ RunTime:0.007208s ]
[2026-08-20T17:34:40+08:00][sql] SHOW FULL COLUMNS FROM `bid_record` [ RunTime:0.001641s ]
[2026-08-20T17:34:40+08:00][sql] SELECT `b`.*,`u`.`nickname`,`u`.`mobile` FROM `bid_record` `b` LEFT JOIN `user` `u` ON `b`.`user_id`=`u`.`id` WHERE  `b`.`goods_id` = '36'  AND `b`.`status` = '0' ORDER BY `b`.`price` DESC,`b`.`id` ASC LIMIT 1 [ RunTime:0.001401s ]
[2026-08-20T17:34:40+08:00][sql] SELECT `b`.*,`u`.`nickname`,`u`.`mobile` FROM `bid_record` `b` LEFT JOIN `user` `u` ON `b`.`user_id`=`u`.`id` WHERE  `b`.`goods_id` = '36' ORDER BY `b`.`price` DESC,`b`.`id` ASC LIMIT 50 [ RunTime:0.001298s ]
[2026-08-20T17:34:40+08:00][sql] SELECT MAX(`price`) AS think_max FROM `bid_record` WHERE  `goods_id` = 36  AND `user_id` = 30  AND `status` = 0 [ RunTime:0.001210s ]
[2026-08-20T17:34:40+08:00][sql] SELECT MAX(`deposit`) AS think_max FROM `bid_record` WHERE  `goods_id` = 36  AND `user_id` = 30  AND `deposit` > '0' [ RunTime:0.001060s ]
[2026-08-20T17:34:40+08:00][sql] SHOW FULL COLUMNS FROM `browse_history` [ RunTime:0.001448s ]
[2026-08-20T17:34:40+08:00][sql] REPLACE INTO `browse_history` SET `user_id` = 30 , `goods_id` = 36 , `create_time` = 1787218480 [ RunTime:0.006449s ]
[2026-08-20T17:34:40+08:00][sql] SHOW FULL COLUMNS FROM `goods_favorite` [ RunTime:0.001542s ]
[2026-08-20T17:34:40+08:00][sql] SELECT COUNT(*) AS think_count FROM `goods_favorite` WHERE  `user_id` = 30  AND `goods_id` = 36 [ RunTime:0.001087s ]
[2026-08-20T17:34:40+08:00][sql] SHOW FULL COLUMNS FROM `seller_follow` [ RunTime:0.001609s ]
[2026-08-20T17:34:40+08:00][sql] SELECT COUNT(*) AS think_count FROM `seller_follow` WHERE  `user_id` = 30  AND `seller_id` = 29 [ RunTime:0.001090s ]
[2026-08-20T17:34:56+08:00][sql] CONNECT:[ UseTime:0.001136s ] mysql:host=127.0.0.1;port=3306;dbname=auction;charset=utf8mb4
[2026-08-20T17:34:56+08:00][sql] SHOW FULL COLUMNS FROM `goods` [ RunTime:0.002113s ]
[2026-08-20T17:34:56+08:00][sql] SELECT `id` FROM `goods` WHERE  `status` = 1  AND `end_time` <= 1787218496 [ RunTime:0.001159s ]
[2026-08-20T17:34:56+08:00][sql] SHOW FULL COLUMNS FROM `user` [ RunTime:0.001970s ]
[2026-08-20T17:34:56+08:00][sql] SELECT * FROM `user` WHERE  `id` = 30 LIMIT 1 [ RunTime:0.001192s ]
[2026-08-20T17:34:56+08:00][sql] SHOW FULL COLUMNS FROM `setting` [ RunTime:0.001508s ]
[2026-08-20T17:34:56+08:00][sql] SELECT * FROM `setting` [ RunTime:0.000915s ]
[2026-08-20T17:34:56+08:00][sql] SHOW FULL COLUMNS FROM `bid_record` [ RunTime:0.001509s ]
[2026-08-20T17:34:56+08:00][sql] SELECT COUNT(*) AS think_count FROM `bid_record` `b` LEFT JOIN `goods` `g` ON `b`.`goods_id`=`g`.`id` WHERE  `b`.`user_id` = '30' [ RunTime:0.001069s ]
[2026-08-20T17:34:56+08:00][sql] SELECT `b`.*,`g`.`title`,`g`.`cover`,g.status as goods_status,`g`.`end_time`,`g`.`final_price`,`g`.`winner_id` FROM `bid_record` `b` LEFT JOIN `goods` `g` ON `b`.`goods_id`=`g`.`id` WHERE  `b`.`user_id` = '30' ORDER BY `b`.`id` DESC LIMIT 0,15 [ RunTime:0.001154s ]
[2026-08-20T17:34:56+08:00][sql] SELECT `goods_id`,`id` FROM `bid_record` WHERE  `goods_id` = 36 ORDER BY `price` DESC,`id` ASC [ RunTime:0.001047s ]
[2026-08-20T17:34:58+08:00][sql] CONNECT:[ UseTime:0.001584s ] mysql:host=127.0.0.1;port=3306;dbname=auction;charset=utf8mb4
[2026-08-20T17:34:58+08:00][sql] SHOW FULL COLUMNS FROM `goods` [ RunTime:0.002346s ]
[2026-08-20T17:34:58+08:00][sql] SELECT `id` FROM `goods` WHERE  `status` = 1  AND `end_time` <= 1787218497 [ RunTime:0.001218s ]
[2026-08-20T17:34:58+08:00][sql] SHOW FULL COLUMNS FROM `user` [ RunTime:0.001994s ]
[2026-08-20T17:34:58+08:00][sql] SELECT * FROM `user` WHERE  `id` = 30 LIMIT 1 [ RunTime:0.001256s ]
[2026-08-20T17:34:58+08:00][sql] SHOW FULL COLUMNS FROM `setting` [ RunTime:0.001425s ]
[2026-08-20T17:34:58+08:00][sql] SELECT * FROM `setting` [ RunTime:0.000910s ]
[2026-08-20T17:34:58+08:00][sql] SHOW FULL COLUMNS FROM `bid_record` [ RunTime:0.001455s ]
[2026-08-20T17:34:58+08:00][sql] SELECT COUNT(*) AS think_count FROM `bid_record` WHERE  `user_id` = 30 [ RunTime:0.000938s ]
[2026-08-20T17:34:58+08:00][sql] SHOW FULL COLUMNS FROM `order` [ RunTime:0.001728s ]
[2026-08-20T17:34:58+08:00][sql] SELECT COUNT(*) AS think_count FROM `order` WHERE  `buyer_id` = 30  AND `pay_status` = 1 [ RunTime:0.000986s ]
[2026-08-20T17:34:58+08:00][sql] SELECT COUNT(*) AS think_count FROM `goods` WHERE  `seller_id` = 30  AND `status` = 2 [ RunTime:0.000948s ]
[2026-08-20T17:34:58+08:00][sql] SELECT COUNT(*) AS think_count FROM `goods` WHERE  `seller_id` = 30 [ RunTime:0.000838s ]
[2026-08-20T17:34:58+08:00][sql] SELECT COUNT(*) AS think_count FROM `order` WHERE  `buyer_id` = 30  AND `pay_status` = 0  AND `order_status` = 0 [ RunTime:0.000892s ]
[2026-08-20T17:34:58+08:00][sql] SELECT COUNT(*) AS think_count FROM `order` WHERE  `seller_id` = 30  AND `order_status` = 1 [ RunTime:0.000947s ]
[2026-08-20T17:34:58+08:00][sql] SELECT COUNT(*) AS think_count FROM `order` WHERE  `buyer_id` = 30  AND `order_status` = 0  AND `pay_status` = 0 [ RunTime:0.000943s ]
[2026-08-20T17:34:58+08:00][sql] SELECT COUNT(*) AS think_count FROM `order` WHERE  `buyer_id` = 30  AND `order_status` = 1 [ RunTime:0.000862s ]
[2026-08-20T17:34:58+08:00][sql] SELECT COUNT(*) AS think_count FROM `order` WHERE  `buyer_id` = 30  AND `order_status` = 2 [ RunTime:0.000847s ]
[2026-08-20T17:34:58+08:00][sql] SELECT COUNT(*) AS think_count FROM `order` WHERE  `buyer_id` = 30  AND `order_status` = 3 [ RunTime:0.000886s ]
[2026-08-20T17:34:58+08:00][sql] SELECT COUNT(*) AS think_count FROM `order` WHERE  `seller_id` = 30  AND `order_status` = 1 [ RunTime:0.000731s ]
[2026-08-20T17:34:58+08:00][sql] SHOW FULL COLUMNS FROM `goods_favorite` [ RunTime:0.001421s ]
[2026-08-20T17:34:58+08:00][sql] SELECT COUNT(*) AS think_count FROM `goods_favorite` WHERE  `user_id` = 30 [ RunTime:0.000906s ]
[2026-08-20T17:34:58+08:00][sql] SHOW FULL COLUMNS FROM `seller_follow` [ RunTime:0.001368s ]
[2026-08-20T17:34:58+08:00][sql] SELECT COUNT(*) AS think_count FROM `seller_follow` WHERE  `user_id` = 30 [ RunTime:0.000890s ]
[2026-08-20T17:34:58+08:00][sql] SHOW FULL COLUMNS FROM `browse_history` [ RunTime:0.001423s ]
[2026-08-20T17:34:58+08:00][sql] SELECT COUNT(*) AS think_count FROM `browse_history` WHERE  `user_id` = 30 [ RunTime:0.000884s ]
[2026-08-20T17:34:58+08:00][sql] SHOW FULL COLUMNS FROM `sys_message` [ RunTime:0.001454s ]
[2026-08-20T17:34:58+08:00][sql] SELECT COUNT(*) AS think_count FROM `sys_message` WHERE  `user_id` = 30  AND `is_read` = 0 [ RunTime:0.001015s ]
[2026-08-20T17:34:58+08:00][sql] SHOW FULL COLUMNS FROM `balance_log` [ RunTime:0.001416s ]
[2026-08-20T17:34:58+08:00][sql] SELECT * FROM `balance_log` WHERE  `user_id` = 30 ORDER BY `id` DESC LIMIT 5 [ RunTime:0.001066s ]
[2026-08-20T17:34:58+08:00][sql] SELECT `b`.*,`g`.`title`,`g`.`cover`,g.status as goods_status,`g`.`end_time` FROM `bid_record` `b` LEFT JOIN `goods` `g` ON `b`.`goods_id`=`g`.`id` WHERE  `b`.`user_id` = '30' ORDER BY `b`.`id` DESC LIMIT 5 [ RunTime:0.001321s ]
[2026-08-20T17:34:58+08:00][sql] SELECT `id`,`nickname`,`mobile`,`reg_time` FROM `user` WHERE  `pid` = 30 ORDER BY `id` DESC LIMIT 10 [ RunTime:0.000990s ]
[2026-08-20T17:34:58+08:00][sql] SELECT `value` FROM `setting` WHERE  `name` = 'service_link' LIMIT 1 [ RunTime:0.000920s ]
[2026-08-20T17:34:58+08:00][sql] SELECT `is_virtual` FROM `user` WHERE  `id` = 30 LIMIT 1 [ RunTime:0.000913s ]
[2026-08-20T17:34:59+08:00][sql] CONNECT:[ UseTime:0.001604s ] mysql:host=127.0.0.1;port=3306;dbname=auction;charset=utf8mb4
[2026-08-20T17:34:59+08:00][sql] SHOW FULL COLUMNS FROM `goods` [ RunTime:0.002030s ]
[2026-08-20T17:34:59+08:00][sql] SELECT `id` FROM `goods` WHERE  `status` = 1  AND `end_time` <= 1787218499 [ RunTime:0.001267s ]
[2026-08-20T17:34:59+08:00][sql] SHOW FULL COLUMNS FROM `user` [ RunTime:0.001683s ]
[2026-08-20T17:34:59+08:00][sql] SELECT * FROM `user` WHERE  `id` = 30 LIMIT 1 [ RunTime:0.001175s ]
[2026-08-20T17:34:59+08:00][sql] SHOW FULL COLUMNS FROM `setting` [ RunTime:0.001417s ]
[2026-08-20T17:34:59+08:00][sql] SELECT * FROM `setting` [ RunTime:0.000859s ]
[2026-08-20T17:34:59+08:00][sql] SHOW FULL COLUMNS FROM `category` [ RunTime:0.001704s ]
[2026-08-20T17:34:59+08:00][sql] SELECT * FROM `category` WHERE  `status` = 1 ORDER BY `sort` ASC [ RunTime:0.001076s ]
[2026-08-20T17:34:59+08:00][sql] SELECT COUNT(*),`category_id` FROM `goods` WHERE  `status` = 1  AND `category_id` IN (1,2,3,4) GROUP BY `category_id` [ RunTime:0.001317s ]
[2026-08-20T17:34:59+08:00][sql] CONNECT:[ UseTime:0.001559s ] mysql:host=127.0.0.1;port=3306;dbname=auction;charset=utf8mb4
[2026-08-20T17:34:59+08:00][sql] SHOW FULL COLUMNS FROM `goods` [ RunTime:0.002072s ]
[2026-08-20T17:34:59+08:00][sql] SELECT `id` FROM `goods` WHERE  `status` = 1  AND `end_time` <= 1787218499 [ RunTime:0.001152s ]
[2026-08-20T17:34:59+08:00][sql] SHOW FULL COLUMNS FROM `user` [ RunTime:0.001860s ]
[2026-08-20T17:34:59+08:00][sql] SELECT * FROM `user` WHERE  `id` = 30 LIMIT 1 [ RunTime:0.001313s ]
[2026-08-20T17:34:59+08:00][sql] SHOW FULL COLUMNS FROM `setting` [ RunTime:0.001465s ]
[2026-08-20T17:34:59+08:00][sql] SELECT * FROM `setting` [ RunTime:0.001025s ]
[2026-08-20T17:34:59+08:00][sql] SELECT COUNT(*) AS think_count FROM `goods` `g` LEFT JOIN `user` `u` ON `g`.`seller_id`=`u`.`id` WHERE  `g`.`status` = '1'  AND `g`.`start_time` <= '1787218499'  AND `g`.`end_time` > '1787218499' [ RunTime:0.001326s ]
[2026-08-20T17:34:59+08:00][sql] SELECT `g`.*,u.nickname as seller_name FROM `goods` `g` LEFT JOIN `user` `u` ON `g`.`seller_id`=`u`.`id` WHERE  `g`.`status` = '1'  AND `g`.`start_time` <= '1787218499'  AND `g`.`end_time` > '1787218499' ORDER BY `g`.`end_time` ASC,`g`.`id` DESC LIMIT 0,10 [ RunTime:0.001444s ]
[2026-08-20T17:34:59+08:00][sql] SHOW FULL COLUMNS FROM `bid_record` [ RunTime:0.001548s ]
[2026-08-20T17:34:59+08:00][sql] SELECT MAX(`price`) AS think_max FROM `bid_record` WHERE  `goods_id` = 36  AND `status` = 0 [ RunTime:0.001125s ]
[2026-08-20T17:34:59+08:00][sql] SHOW FULL COLUMNS FROM `category` [ RunTime:0.001453s ]
[2026-08-20T17:34:59+08:00][sql] SELECT * FROM `category` WHERE  `status` = 1 ORDER BY `sort` ASC [ RunTime:0.000978s ]
[2026-08-20T17:34:59+08:00][sql] SELECT `b`.`price`,`b`.`create_time`,`g`.`title`,`u`.`nickname` FROM `bid_record` `b` LEFT JOIN `goods` `g` ON `b`.`goods_id`=`g`.`id` LEFT JOIN `user` `u` ON `b`.`user_id`=`u`.`id` WHERE  `b`.`status` = '1' ORDER BY `b`.`id` DESC LIMIT 5 [ RunTime:0.001202s ]
[2026-08-20T17:34:59+08:00][sql] SHOW FULL COLUMNS FROM `news` [ RunTime:0.001491s ]
[2026-08-20T17:34:59+08:00][sql] SELECT `id`,`title`,`create_time` FROM `news` WHERE  `status` = 1 ORDER BY `id` DESC LIMIT 3 [ RunTime:0.000947s ]
[2026-08-20T17:34:59+08:00][sql] SHOW FULL COLUMNS FROM `banner` [ RunTime:0.001523s ]
[2026-08-20T17:34:59+08:00][sql] SELECT * FROM `banner` WHERE  `status` = 1 ORDER BY `sort` ASC,`id` ASC [ RunTime:0.000989s ]
[2026-08-20T17:35:00+08:00][sql] CONNECT:[ UseTime:0.001525s ] mysql:host=127.0.0.1;port=3306;dbname=auction;charset=utf8mb4
[2026-08-20T17:35:00+08:00][sql] SHOW FULL COLUMNS FROM `goods` [ RunTime:0.001914s ]
[2026-08-20T17:35:00+08:00][sql] SELECT `id` FROM `goods` WHERE  `status` = 1  AND `end_time` <= 1787218500 [ RunTime:0.001389s ]
[2026-08-20T17:35:00+08:00][sql] SHOW FULL COLUMNS FROM `user` [ RunTime:0.001775s ]
[2026-08-20T17:35:00+08:00][sql] SELECT * FROM `user` WHERE  `id` = 30 LIMIT 1 [ RunTime:0.001288s ]
[2026-08-20T17:35:00+08:00][sql] SHOW FULL COLUMNS FROM `setting` [ RunTime:0.001530s ]
[2026-08-20T17:35:00+08:00][sql] SELECT * FROM `setting` [ RunTime:0.000727s ]
[2026-08-20T17:35:00+08:00][sql] SHOW FULL COLUMNS FROM `bid_record` [ RunTime:0.001479s ]
[2026-08-20T17:35:00+08:00][sql] SELECT COUNT(*) AS think_count FROM `bid_record` WHERE  `user_id` = 30 [ RunTime:0.001016s ]
[2026-08-20T17:35:00+08:00][sql] SHOW FULL COLUMNS FROM `order` [ RunTime:0.001546s ]
[2026-08-20T17:35:00+08:00][sql] SELECT COUNT(*) AS think_count FROM `order` WHERE  `buyer_id` = 30  AND `pay_status` = 1 [ RunTime:0.001051s ]
[2026-08-20T17:35:00+08:00][sql] SELECT COUNT(*) AS think_count FROM `goods` WHERE  `seller_id` = 30  AND `status` = 2 [ RunTime:0.001154s ]
[2026-08-20T17:35:00+08:00][sql] SELECT COUNT(*) AS think_count FROM `goods` WHERE  `seller_id` = 30 [ RunTime:0.000988s ]
[2026-08-20T17:35:00+08:00][sql] SELECT COUNT(*) AS think_count FROM `order` WHERE  `buyer_id` = 30  AND `pay_status` = 0  AND `order_status` = 0 [ RunTime:0.000998s ]
[2026-08-20T17:35:00+08:00][sql] SELECT COUNT(*) AS think_count FROM `order` WHERE  `seller_id` = 30  AND `order_status` = 1 [ RunTime:0.000944s ]
[2026-08-20T17:35:00+08:00][sql] SELECT COUNT(*) AS think_count FROM `order` WHERE  `buyer_id` = 30  AND `order_status` = 0  AND `pay_status` = 0 [ RunTime:0.000788s ]
[2026-08-20T17:35:00+08:00][sql] SELECT COUNT(*) AS think_count FROM `order` WHERE  `buyer_id` = 30  AND `order_status` = 1 [ RunTime:0.000898s ]
[2026-08-20T17:35:00+08:00][sql] SELECT COUNT(*) AS think_count FROM `order` WHERE  `buyer_id` = 30  AND `order_status` = 2 [ RunTime:0.000915s ]
[2026-08-20T17:35:00+08:00][sql] SELECT COUNT(*) AS think_count FROM `order` WHERE  `buyer_id` = 30  AND `order_status` = 3 [ RunTime:0.000769s ]
[2026-08-20T17:35:00+08:00][sql] SELECT COUNT(*) AS think_count FROM `order` WHERE  `seller_id` = 30  AND `order_status` = 1 [ RunTime:0.000742s ]
[2026-08-20T17:35:00+08:00][sql] SHOW FULL COLUMNS FROM `goods_favorite` [ RunTime:0.001386s ]
[2026-08-20T17:35:00+08:00][sql] SELECT COUNT(*) AS think_count FROM `goods_favorite` WHERE  `user_id` = 30 [ RunTime:0.000863s ]
[2026-08-20T17:35:00+08:00][sql] SHOW FULL COLUMNS FROM `seller_follow` [ RunTime:0.001434s ]
[2026-08-20T17:35:00+08:00][sql] SELECT COUNT(*) AS think_count FROM `seller_follow` WHERE  `user_id` = 30 [ RunTime:0.001027s ]
[2026-08-20T17:35:00+08:00][sql] SHOW FULL COLUMNS FROM `browse_history` [ RunTime:0.001454s ]
[2026-08-20T17:35:00+08:00][sql] SELECT COUNT(*) AS think_count FROM `browse_history` WHERE  `user_id` = 30 [ RunTime:0.000906s ]
[2026-08-20T17:35:00+08:00][sql] SHOW FULL COLUMNS FROM `sys_message` [ RunTime:0.001383s ]
[2026-08-20T17:35:00+08:00][sql] SELECT COUNT(*) AS think_count FROM `sys_message` WHERE  `user_id` = 30  AND `is_read` = 0 [ RunTime:0.000938s ]
[2026-08-20T17:35:00+08:00][sql] SHOW FULL COLUMNS FROM `balance_log` [ RunTime:0.001381s ]
[2026-08-20T17:35:00+08:00][sql] SELECT * FROM `balance_log` WHERE  `user_id` = 30 ORDER BY `id` DESC LIMIT 5 [ RunTime:0.001250s ]
[2026-08-20T17:35:00+08:00][sql] SELECT `b`.*,`g`.`title`,`g`.`cover`,g.status as goods_status,`g`.`end_time` FROM `bid_record` `b` LEFT JOIN `goods` `g` ON `b`.`goods_id`=`g`.`id` WHERE  `b`.`user_id` = '30' ORDER BY `b`.`id` DESC LIMIT 5 [ RunTime:0.001148s ]
[2026-08-20T17:35:00+08:00][sql] SELECT `id`,`nickname`,`mobile`,`reg_time` FROM `user` WHERE  `pid` = 30 ORDER BY `id` DESC LIMIT 10 [ RunTime:0.000847s ]
[2026-08-20T17:35:00+08:00][sql] SELECT `value` FROM `setting` WHERE  `name` = 'service_link' LIMIT 1 [ RunTime:0.000918s ]
[2026-08-20T17:35:00+08:00][sql] SELECT `is_virtual` FROM `user` WHERE  `id` = 30 LIMIT 1 [ RunTime:0.000744s ]
[2026-08-20T17:35:02+08:00][sql] CONNECT:[ UseTime:0.001880s ] mysql:host=127.0.0.1;port=3306;dbname=auction;charset=utf8mb4
[2026-08-20T17:35:02+08:00][sql] SHOW FULL COLUMNS FROM `goods` [ RunTime:0.002702s ]
[2026-08-20T17:35:02+08:00][sql] SELECT `id` FROM `goods` WHERE  `status` = 1  AND `end_time` <= 1787218502 [ RunTime:0.001402s ]
[2026-08-20T17:35:02+08:00][sql] SHOW FULL COLUMNS FROM `user` [ RunTime:0.002448s ]
[2026-08-20T17:35:02+08:00][sql] SELECT * FROM `user` WHERE  `id` = 30 LIMIT 1 [ RunTime:0.001553s ]
[2026-08-20T17:35:02+08:00][sql] SHOW FULL COLUMNS FROM `setting` [ RunTime:0.001504s ]
[2026-08-20T17:35:02+08:00][sql] SELECT * FROM `setting` [ RunTime:0.000904s ]
[2026-08-20T17:35:02+08:00][sql] CONNECT:[ UseTime:0.001731s ] mysql:host=127.0.0.1;port=3306;dbname=auction;charset=utf8mb4
[2026-08-20T17:35:02+08:00][sql] SHOW FULL COLUMNS FROM `goods` [ RunTime:0.002032s ]
[2026-08-20T17:35:02+08:00][sql] SELECT `id` FROM `goods` WHERE  `status` = 1  AND `end_time` <= 1787218502 [ RunTime:0.001211s ]
[2026-08-20T17:35:02+08:00][sql] SHOW FULL COLUMNS FROM `setting` [ RunTime:0.001428s ]
[2026-08-20T17:35:02+08:00][sql] SELECT * FROM `setting` [ RunTime:0.000906s ]
[2026-08-20T17:35:02+08:00][sql] SELECT COUNT(*) AS think_count FROM `goods` `g` LEFT JOIN `user` `u` ON `g`.`seller_id`=`u`.`id` WHERE  `g`.`status` = '1'  AND `g`.`start_time` <= '1787218502'  AND `g`.`end_time` > '1787218502' [ RunTime:0.001179s ]
[2026-08-20T17:35:02+08:00][sql] SELECT `g`.*,u.nickname as seller_name FROM `goods` `g` LEFT JOIN `user` `u` ON `g`.`seller_id`=`u`.`id` WHERE  `g`.`status` = '1'  AND `g`.`start_time` <= '1787218502'  AND `g`.`end_time` > '1787218502' ORDER BY `g`.`end_time` ASC,`g`.`id` DESC LIMIT 0,10 [ RunTime:0.001338s ]
[2026-08-20T17:35:02+08:00][sql] SHOW FULL COLUMNS FROM `bid_record` [ RunTime:0.001412s ]
[2026-08-20T17:35:02+08:00][sql] SELECT MAX(`price`) AS think_max FROM `bid_record` WHERE  `goods_id` = 36  AND `status` = 0 [ RunTime:0.001166s ]
[2026-08-20T17:35:02+08:00][sql] SHOW FULL COLUMNS FROM `category` [ RunTime:0.001516s ]
[2026-08-20T17:35:02+08:00][sql] SELECT * FROM `category` WHERE  `status` = 1 ORDER BY `sort` ASC [ RunTime:0.000965s ]
[2026-08-20T17:35:02+08:00][sql] SELECT `b`.`price`,`b`.`create_time`,`g`.`title`,`u`.`nickname` FROM `bid_record` `b` LEFT JOIN `goods` `g` ON `b`.`goods_id`=`g`.`id` LEFT JOIN `user` `u` ON `b`.`user_id`=`u`.`id` WHERE  `b`.`status` = '1' ORDER BY `b`.`id` DESC LIMIT 5 [ RunTime:0.001220s ]
[2026-08-20T17:35:02+08:00][sql] SHOW FULL COLUMNS FROM `news` [ RunTime:0.001574s ]
[2026-08-20T17:35:02+08:00][sql] SELECT `id`,`title`,`create_time` FROM `news` WHERE  `status` = 1 ORDER BY `id` DESC LIMIT 3 [ RunTime:0.000915s ]
[2026-08-20T17:35:02+08:00][sql] SHOW FULL COLUMNS FROM `banner` [ RunTime:0.001434s ]
[2026-08-20T17:35:02+08:00][sql] SELECT * FROM `banner` WHERE  `status` = 1 ORDER BY `sort` ASC,`id` ASC [ RunTime:0.000995s ]
[2026-08-20T17:35:04+08:00][sql] CONNECT:[ UseTime:0.001609s ] mysql:host=127.0.0.1;port=3306;dbname=auction;charset=utf8mb4
[2026-08-20T17:35:04+08:00][sql] SHOW FULL COLUMNS FROM `goods` [ RunTime:0.002148s ]
[2026-08-20T17:35:04+08:00][sql] SELECT `id` FROM `goods` WHERE  `status` = 1  AND `end_time` <= 1787218504 [ RunTime:0.001171s ]
[2026-08-20T17:35:04+08:00][sql] SHOW FULL COLUMNS FROM `setting` [ RunTime:0.001598s ]
[2026-08-20T17:35:04+08:00][sql] SELECT * FROM `setting` [ RunTime:0.000882s ]
[2026-08-20T17:35:05+08:00][sql] CONNECT:[ UseTime:0.001763s ] mysql:host=127.0.0.1;port=3306;dbname=auction;charset=utf8mb4
[2026-08-20T17:35:05+08:00][sql] SHOW FULL COLUMNS FROM `goods` [ RunTime:0.002785s ]
[2026-08-20T17:35:05+08:00][sql] SELECT `id` FROM `goods` WHERE  `status` = 1  AND `end_time` <= 1787218505 [ RunTime:0.001360s ]
[2026-08-20T17:35:05+08:00][sql] SHOW FULL COLUMNS FROM `setting` [ RunTime:0.001688s ]
[2026-08-20T17:35:05+08:00][sql] SELECT * FROM `setting` [ RunTime:0.001061s ]
[2026-08-20T17:35:05+08:00][sql] CONNECT:[ UseTime:0.001522s ] mysql:host=127.0.0.1;port=3306;dbname=auction;charset=utf8mb4
[2026-08-20T17:35:05+08:00][sql] SHOW FULL COLUMNS FROM `goods` [ RunTime:0.001915s ]
[2026-08-20T17:35:05+08:00][sql] SELECT `id` FROM `goods` WHERE  `status` = 1  AND `end_time` <= 1787218505 [ RunTime:0.001296s ]
[2026-08-20T17:35:05+08:00][sql] SHOW FULL COLUMNS FROM `setting` [ RunTime:0.001390s ]
[2026-08-20T17:35:05+08:00][sql] SELECT * FROM `setting` [ RunTime:0.000720s ]
[2026-08-20T17:35:06+08:00][sql] CONNECT:[ UseTime:0.002289s ] mysql:host=127.0.0.1;port=3306;dbname=auction;charset=utf8mb4
[2026-08-20T17:35:06+08:00][sql] SHOW FULL COLUMNS FROM `goods` [ RunTime:0.002757s ]
[2026-08-20T17:35:06+08:00][sql] SELECT `id` FROM `goods` WHERE  `status` = 1  AND `end_time` <= 1787218506 [ RunTime:0.001601s ]
[2026-08-20T17:35:06+08:00][sql] SHOW FULL COLUMNS FROM `setting` [ RunTime:0.002004s ]
[2026-08-20T17:35:06+08:00][sql] SELECT * FROM `setting` [ RunTime:0.001155s ]
[2026-08-20T17:35:09+08:00][sql] CONNECT:[ UseTime:0.001701s ] mysql:host=127.0.0.1;port=3306;dbname=auction;charset=utf8mb4
[2026-08-20T17:35:09+08:00][sql] SHOW FULL COLUMNS FROM `goods` [ RunTime:0.001983s ]
[2026-08-20T17:35:09+08:00][sql] SELECT `id` FROM `goods` WHERE  `status` = 1  AND `end_time` <= 1787218509 [ RunTime:0.001533s ]
[2026-08-20T17:35:09+08:00][sql] SHOW FULL COLUMNS FROM `setting` [ RunTime:0.001574s ]
[2026-08-20T17:35:09+08:00][sql] SELECT * FROM `setting` [ RunTime:0.000996s ]
[2026-08-20T17:35:19+08:00][sql] CONNECT:[ UseTime:0.001406s ] mysql:host=127.0.0.1;port=3306;dbname=auction;charset=utf8mb4
[2026-08-20T17:35:19+08:00][sql] SHOW FULL COLUMNS FROM `goods` [ RunTime:0.001869s ]
[2026-08-20T17:35:19+08:00][sql] SELECT `id` FROM `goods` WHERE  `status` = 1  AND `end_time` <= 1787218519 [ RunTime:0.001181s ]
[2026-08-20T17:35:19+08:00][sql] SHOW FULL COLUMNS FROM `setting` [ RunTime:0.001442s ]
[2026-08-20T17:35:19+08:00][sql] SELECT * FROM `setting` [ RunTime:0.000879s ]
[2026-08-20T17:35:19+08:00][sql] SHOW FULL COLUMNS FROM `user` [ RunTime:0.001670s ]
[2026-08-20T17:35:19+08:00][sql] SELECT * FROM `user` WHERE  `mobile` = '18888888888' LIMIT 1 [ RunTime:0.001224s ]
[2026-08-20T17:35:23+08:00][sql] CONNECT:[ UseTime:0.001401s ] mysql:host=127.0.0.1;port=3306;dbname=auction;charset=utf8mb4
[2026-08-20T17:35:23+08:00][sql] SHOW FULL COLUMNS FROM `goods` [ RunTime:0.002025s ]
[2026-08-20T17:35:23+08:00][sql] SELECT `id` FROM `goods` WHERE  `status` = 1  AND `end_time` <= 1787218523 [ RunTime:0.001162s ]
[2026-08-20T17:35:23+08:00][sql] SHOW FULL COLUMNS FROM `setting` [ RunTime:0.001346s ]
[2026-08-20T17:35:23+08:00][sql] SELECT * FROM `setting` [ RunTime:0.001040s ]
[2026-08-20T17:35:23+08:00][sql] SHOW FULL COLUMNS FROM `user` [ RunTime:0.001855s ]
[2026-08-20T17:35:23+08:00][sql] SELECT * FROM `user` WHERE  `mobile` = '18888888887' LIMIT 1 [ RunTime:0.001198s ]
[2026-08-20T17:35:23+08:00][sql] SELECT * FROM `user` WHERE  `invite_code` = '36206AD8' LIMIT 1 [ RunTime:0.001094s ]
[2026-08-20T17:35:23+08:00][sql] INSERT INTO `user` SET `mobile` = '18888888887' , `password` = '63ee451939ed580ef3c4b6f0109d1fd0' , `nickname` = '用户8887' , `invite_code` = '36206AD8' , `pid` = 0 , `status` = 1 , `reg_ip` = '23.248.176.114' , `reg_time` = 1787218523 , `create_time` = 1787218523 , `update_time` = 1787218523 [ RunTime:0.007651s ]
[2026-08-20T17:35:23+08:00][sql] SELECT * FROM `user` WHERE  `id` = 31 LIMIT 1 [ RunTime:0.001140s ]
[2026-08-20T17:35:24+08:00][sql] CONNECT:[ UseTime:0.001599s ] mysql:host=127.0.0.1;port=3306;dbname=auction;charset=utf8mb4
[2026-08-20T17:35:24+08:00][sql] SHOW FULL COLUMNS FROM `goods` [ RunTime:0.002078s ]
[2026-08-20T17:35:24+08:00][sql] SELECT `id` FROM `goods` WHERE  `status` = 1  AND `end_time` <= 1787218524 [ RunTime:0.001222s ]
[2026-08-20T17:35:24+08:00][sql] SHOW FULL COLUMNS FROM `user` [ RunTime:0.001679s ]
[2026-08-20T17:35:24+08:00][sql] SELECT * FROM `user` WHERE  `id` = 31 LIMIT 1 [ RunTime:0.001248s ]
[2026-08-20T17:35:24+08:00][sql] SHOW FULL COLUMNS FROM `setting` [ RunTime:0.001398s ]
[2026-08-20T17:35:24+08:00][sql] SELECT * FROM `setting` [ RunTime:0.000854s ]
[2026-08-20T17:35:24+08:00][sql] SHOW FULL COLUMNS FROM `bid_record` [ RunTime:0.001351s ]
[2026-08-20T17:35:24+08:00][sql] SELECT COUNT(*) AS think_count FROM `bid_record` WHERE  `user_id` = 31 [ RunTime:0.000961s ]
[2026-08-20T17:35:24+08:00][sql] SHOW FULL COLUMNS FROM `order` [ RunTime:0.001529s ]
[2026-08-20T17:35:24+08:00][sql] SELECT COUNT(*) AS think_count FROM `order` WHERE  `buyer_id` = 31  AND `pay_status` = 1 [ RunTime:0.001061s ]
[2026-08-20T17:35:24+08:00][sql] SELECT COUNT(*) AS think_count FROM `goods` WHERE  `seller_id` = 31  AND `status` = 2 [ RunTime:0.001005s ]
[2026-08-20T17:35:24+08:00][sql] SELECT COUNT(*) AS think_count FROM `goods` WHERE  `seller_id` = 31 [ RunTime:0.001002s ]
[2026-08-20T17:35:24+08:00][sql] SELECT COUNT(*) AS think_count FROM `order` WHERE  `buyer_id` = 31  AND `pay_status` = 0  AND `order_status` = 0 [ RunTime:0.000816s ]
[2026-08-20T17:35:24+08:00][sql] SELECT COUNT(*) AS think_count FROM `order` WHERE  `seller_id` = 31  AND `order_status` = 1 [ RunTime:0.000884s ]
[2026-08-20T17:35:24+08:00][sql] SELECT COUNT(*) AS think_count FROM `order` WHERE  `buyer_id` = 31  AND `order_status` = 0  AND `pay_status` = 0 [ RunTime:0.001048s ]
[2026-08-20T17:35:24+08:00][sql] SELECT COUNT(*) AS think_count FROM `order` WHERE  `buyer_id` = 31  AND `order_status` = 1 [ RunTime:0.000963s ]
[2026-08-20T17:35:24+08:00][sql] SELECT COUNT(*) AS think_count FROM `order` WHERE  `buyer_id` = 31  AND `order_status` = 2 [ RunTime:0.000963s ]
[2026-08-20T17:35:24+08:00][sql] SELECT COUNT(*) AS think_count FROM `order` WHERE  `buyer_id` = 31  AND `order_status` = 3 [ RunTime:0.001012s ]
[2026-08-20T17:35:24+08:00][sql] SELECT COUNT(*) AS think_count FROM `order` WHERE  `seller_id` = 31  AND `order_status` = 1 [ RunTime:0.000985s ]
[2026-08-20T17:35:24+08:00][sql] SHOW FULL COLUMNS FROM `goods_favorite` [ RunTime:0.001680s ]
[2026-08-20T17:35:24+08:00][sql] SELECT COUNT(*) AS think_count FROM `goods_favorite` WHERE  `user_id` = 31 [ RunTime:0.000859s ]
[2026-08-20T17:35:24+08:00][sql] SHOW FULL COLUMNS FROM `seller_follow` [ RunTime:0.001242s ]
[2026-08-20T17:35:24+08:00][sql] SELECT COUNT(*) AS think_count FROM `seller_follow` WHERE  `user_id` = 31 [ RunTime:0.000926s ]
[2026-08-20T17:35:24+08:00][sql] SHOW FULL COLUMNS FROM `browse_history` [ RunTime:0.001301s ]
[2026-08-20T17:35:24+08:00][sql] SELECT COUNT(*) AS think_count FROM `browse_history` WHERE  `user_id` = 31 [ RunTime:0.000841s ]
[2026-08-20T17:35:24+08:00][sql] SHOW FULL COLUMNS FROM `sys_message` [ RunTime:0.001286s ]
[2026-08-20T17:35:24+08:00][sql] SELECT COUNT(*) AS think_count FROM `sys_message` WHERE  `user_id` = 31  AND `is_read` = 0 [ RunTime:0.001030s ]
[2026-08-20T17:35:24+08:00][sql] SHOW FULL COLUMNS FROM `balance_log` [ RunTime:0.001467s ]
[2026-08-20T17:35:24+08:00][sql] SELECT * FROM `balance_log` WHERE  `user_id` = 31 ORDER BY `id` DESC LIMIT 5 [ RunTime:0.001027s ]
[2026-08-20T17:35:24+08:00][sql] SELECT `b`.*,`g`.`title`,`g`.`cover`,g.status as goods_status,`g`.`end_time` FROM `bid_record` `b` LEFT JOIN `goods` `g` ON `b`.`goods_id`=`g`.`id` WHERE  `b`.`user_id` = '31' ORDER BY `b`.`id` DESC LIMIT 5 [ RunTime:0.001044s ]
[2026-08-20T17:35:24+08:00][sql] SELECT `id`,`nickname`,`mobile`,`reg_time` FROM `user` WHERE  `pid` = 31 ORDER BY `id` DESC LIMIT 10 [ RunTime:0.000967s ]
[2026-08-20T17:35:24+08:00][sql] SELECT `value` FROM `setting` WHERE  `name` = 'service_link' LIMIT 1 [ RunTime:0.000786s ]
[2026-08-20T17:35:24+08:00][sql] SELECT `is_virtual` FROM `user` WHERE  `id` = 31 LIMIT 1 [ RunTime:0.000662s ]
[2026-08-20T17:35:28+08:00][sql] CONNECT:[ UseTime:0.001285s ] mysql:host=127.0.0.1;port=3306;dbname=auction;charset=utf8mb4
[2026-08-20T17:35:28+08:00][sql] SHOW FULL COLUMNS FROM `goods` [ RunTime:0.001979s ]
[2026-08-20T17:35:28+08:00][sql] SELECT `id` FROM `goods` WHERE  `status` = 1  AND `end_time` <= 1787218528 [ RunTime:0.001304s ]
[2026-08-20T17:35:28+08:00][sql] SHOW FULL COLUMNS FROM `user` [ RunTime:0.001790s ]
[2026-08-20T17:35:28+08:00][sql] SELECT * FROM `user` WHERE  `id` = 31 LIMIT 1 [ RunTime:0.001216s ]
[2026-08-20T17:35:28+08:00][sql] SHOW FULL COLUMNS FROM `setting` [ RunTime:0.001401s ]
[2026-08-20T17:35:28+08:00][sql] SELECT * FROM `setting` [ RunTime:0.000757s ]
[2026-08-20T17:35:28+08:00][sql] SELECT COUNT(*) AS think_count FROM `goods` `g` LEFT JOIN `user` `u` ON `g`.`seller_id`=`u`.`id` WHERE  `g`.`status` = '1'  AND `g`.`start_time` <= '1787218528'  AND `g`.`end_time` > '1787218528' [ RunTime:0.001256s ]
[2026-08-20T17:35:28+08:00][sql] SELECT `g`.*,u.nickname as seller_name FROM `goods` `g` LEFT JOIN `user` `u` ON `g`.`seller_id`=`u`.`id` WHERE  `g`.`status` = '1'  AND `g`.`start_time` <= '1787218528'  AND `g`.`end_time` > '1787218528' ORDER BY `g`.`end_time` ASC,`g`.`id` DESC LIMIT 0,10 [ RunTime:0.001449s ]
[2026-08-20T17:35:28+08:00][sql] SHOW FULL COLUMNS FROM `bid_record` [ RunTime:0.001522s ]
[2026-08-20T17:35:28+08:00][sql] SELECT MAX(`price`) AS think_max FROM `bid_record` WHERE  `goods_id` = 36  AND `status` = 0 [ RunTime:0.001063s ]
[2026-08-20T17:35:28+08:00][sql] SHOW FULL COLUMNS FROM `category` [ RunTime:0.001665s ]
[2026-08-20T17:35:28+08:00][sql] SELECT * FROM `category` WHERE  `status` = 1 ORDER BY `sort` ASC [ RunTime:0.001036s ]
[2026-08-20T17:35:28+08:00][sql] SELECT `b`.`price`,`b`.`create_time`,`g`.`title`,`u`.`nickname` FROM `bid_record` `b` LEFT JOIN `goods` `g` ON `b`.`goods_id`=`g`.`id` LEFT JOIN `user` `u` ON `b`.`user_id`=`u`.`id` WHERE  `b`.`status` = '1' ORDER BY `b`.`id` DESC LIMIT 5 [ RunTime:0.001126s ]
[2026-08-20T17:35:28+08:00][sql] SHOW FULL COLUMNS FROM `news` [ RunTime:0.001531s ]
[2026-08-20T17:35:28+08:00][sql] SELECT `id`,`title`,`create_time` FROM `news` WHERE  `status` = 1 ORDER BY `id` DESC LIMIT 3 [ RunTime:0.000929s ]
[2026-08-20T17:35:28+08:00][sql] SHOW FULL COLUMNS FROM `banner` [ RunTime:0.001429s ]
[2026-08-20T17:35:28+08:00][sql] SELECT * FROM `banner` WHERE  `status` = 1 ORDER BY `sort` ASC,`id` ASC [ RunTime:0.000852s ]
[2026-08-20T17:35:37+08:00][sql] CONNECT:[ UseTime:0.001431s ] mysql:host=127.0.0.1;port=3306;dbname=auction;charset=utf8mb4
[2026-08-20T17:35:37+08:00][sql] SHOW FULL COLUMNS FROM `goods` [ RunTime:0.002346s ]
[2026-08-20T17:35:37+08:00][sql] SELECT `id` FROM `goods` WHERE  `status` = 1  AND `end_time` <= 1787218537 [ RunTime:0.001201s ]
[2026-08-20T17:35:37+08:00][sql] SHOW FULL COLUMNS FROM `user` [ RunTime:0.001782s ]
[2026-08-20T17:35:37+08:00][sql] SELECT * FROM `user` WHERE  `id` = 31 LIMIT 1 [ RunTime:0.001213s ]
[2026-08-20T17:35:37+08:00][sql] SHOW FULL COLUMNS FROM `setting` [ RunTime:0.001406s ]
[2026-08-20T17:35:37+08:00][sql] SELECT * FROM `setting` [ RunTime:0.000891s ]
[2026-08-20T17:35:37+08:00][sql] SHOW FULL COLUMNS FROM `order` [ RunTime:0.001709s ]
[2026-08-20T17:35:37+08:00][sql] SELECT COUNT(*) AS think_count FROM `order` `o` LEFT JOIN `goods` `g` ON `o`.`goods_id`=`g`.`id` LEFT JOIN `user` `s` ON `o`.`seller_id`=`s`.`id` LEFT JOIN `user` `b` ON `o`.`buyer_id`=`b`.`id` WHERE  `o`.`pay_status` = '1'  AND `o`.`order_status` <> '4' [ RunTime:0.001480s ]
[2026-08-20T17:35:37+08:00][sql] SELECT `o`.`id`,`o`.`order_no`,`o`.`goods_id`,`o`.`goods_title`,`o`.`goods_cover`,`o`.`price`,`o`.`pay_time`,`o`.`create_time`,s.shop_name as seller_shop,s.nickname as seller_nick,b.nickname as buyer_nick FROM `order` `o` LEFT JOIN `goods` `g` ON `o`.`goods_id`=`g`.`id` LEFT JOIN `user` `s` ON `o`.`seller_id`=`s`.`id` LEFT JOIN `user` `b` ON `o`.`buyer_id`=`b`.`id` WHERE  `o`.`pay_status` = '1'  AND `o`.`order_status` <> '4' ORDER BY `o`.`id` DESC LIMIT 0,15 [ RunTime:0.001334s ]
[2026-08-20T17:35:41+08:00][sql] CONNECT:[ UseTime:0.001564s ] mysql:host=127.0.0.1;port=3306;dbname=auction;charset=utf8mb4
[2026-08-20T17:35:41+08:00][sql] SHOW FULL COLUMNS FROM `goods` [ RunTime:0.001814s ]
[2026-08-20T17:35:41+08:00][sql] SELECT `id` FROM `goods` WHERE  `status` = 1  AND `end_time` <= 1787218541 [ RunTime:0.001451s ]
[2026-08-20T17:35:41+08:00][sql] SHOW FULL COLUMNS FROM `user` [ RunTime:0.001842s ]
[2026-08-20T17:35:41+08:00][sql] SELECT * FROM `user` WHERE  `id` = 31 LIMIT 1 [ RunTime:0.001448s ]
[2026-08-20T17:35:41+08:00][sql] SHOW FULL COLUMNS FROM `setting` [ RunTime:0.001509s ]
[2026-08-20T17:35:41+08:00][sql] SELECT * FROM `setting` [ RunTime:0.001002s ]
[2026-08-20T17:35:41+08:00][sql] SELECT `g`.*,u.nickname as seller_name,u.shop_name as seller_shop,u.avatar as seller_avatar,`u`.`seller_intro`,u.deposit as seller_deposit,`u`.`shop_score`,`u`.`fans_count`,c.name as category_name FROM `goods` `g` LEFT JOIN `user` `u` ON `g`.`seller_id`=`u`.`id` LEFT JOIN `category` `c` ON `g`.`category_id`=`c`.`id` WHERE  `g`.`id` = '27' LIMIT 1 [ RunTime:0.002036s ]
[2026-08-20T17:35:41+08:00][sql] SHOW FULL COLUMNS FROM `bid_record` [ RunTime:0.001702s ]
[2026-08-20T17:35:41+08:00][sql] SELECT `b`.*,`u`.`nickname`,`u`.`mobile` FROM `bid_record` `b` LEFT JOIN `user` `u` ON `b`.`user_id`=`u`.`id` WHERE  `b`.`goods_id` = '27'  AND `b`.`status` = '0' ORDER BY `b`.`price` DESC,`b`.`id` ASC LIMIT 1 [ RunTime:0.001399s ]
[2026-08-20T17:35:41+08:00][sql] SELECT `b`.*,`u`.`nickname`,`u`.`mobile` FROM `bid_record` `b` LEFT JOIN `user` `u` ON `b`.`user_id`=`u`.`id` WHERE  `b`.`goods_id` = '27' ORDER BY `b`.`price` DESC,`b`.`id` ASC LIMIT 50 [ RunTime:0.001331s ]
[2026-08-20T17:35:41+08:00][sql] SELECT MAX(`price`) AS think_max FROM `bid_record` WHERE  `goods_id` = 27  AND `user_id` = 31  AND `status` = 0 [ RunTime:0.001063s ]
[2026-08-20T17:35:41+08:00][sql] SELECT MAX(`deposit`) AS think_max FROM `bid_record` WHERE  `goods_id` = 27  AND `user_id` = 31  AND `deposit` > '0' [ RunTime:0.000967s ]
[2026-08-20T17:35:41+08:00][sql] SHOW FULL COLUMNS FROM `order` [ RunTime:0.001701s ]
[2026-08-20T17:35:41+08:00][sql] SELECT * FROM `order` WHERE  `goods_id` = 27 LIMIT 1 [ RunTime:0.001189s ]
[2026-08-20T17:35:41+08:00][sql] SHOW FULL COLUMNS FROM `browse_history` [ RunTime:0.001561s ]
[2026-08-20T17:35:41+08:00][sql] REPLACE INTO `browse_history` SET `user_id` = 31 , `goods_id` = 27 , `create_time` = 1787218541 [ RunTime:0.006385s ]
[2026-08-20T17:35:41+08:00][sql] SHOW FULL COLUMNS FROM `goods_favorite` [ RunTime:0.002394s ]
[2026-08-20T17:35:41+08:00][sql] SELECT COUNT(*) AS think_count FROM `goods_favorite` WHERE  `user_id` = 31  AND `goods_id` = 27 [ RunTime:0.001012s ]
[2026-08-20T17:35:41+08:00][sql] SHOW FULL COLUMNS FROM `seller_follow` [ RunTime:0.001571s ]
[2026-08-20T17:35:41+08:00][sql] SELECT COUNT(*) AS think_count FROM `seller_follow` WHERE  `user_id` = 31  AND `seller_id` = 25 [ RunTime:0.000972s ]
[2026-08-20T17:35:51+08:00][sql] CONNECT:[ UseTime:0.001333s ] mysql:host=127.0.0.1;port=3306;dbname=auction;charset=utf8mb4
[2026-08-20T17:35:51+08:00][sql] SHOW FULL COLUMNS FROM `goods` [ RunTime:0.002243s ]
[2026-08-20T17:35:51+08:00][sql] SELECT `id` FROM `goods` WHERE  `status` = 1  AND `end_time` <= 1787218551 [ RunTime:0.001101s ]
[2026-08-20T17:35:51+08:00][sql] SHOW FULL COLUMNS FROM `user` [ RunTime:0.001582s ]
[2026-08-20T17:35:51+08:00][sql] SELECT * FROM `user` WHERE  `id` = 31 LIMIT 1 [ RunTime:0.001094s ]
[2026-08-20T17:35:51+08:00][sql] SHOW FULL COLUMNS FROM `setting` [ RunTime:0.001361s ]
[2026-08-20T17:35:51+08:00][sql] SELECT * FROM `setting` [ RunTime:0.000840s ]
[2026-08-20T17:35:51+08:00][sql] SELECT `g`.*,u.nickname as seller_name,u.shop_name as seller_shop,u.avatar as seller_avatar,`u`.`seller_intro`,u.deposit as seller_deposit,`u`.`shop_score`,`u`.`fans_count`,c.name as category_name FROM `goods` `g` LEFT JOIN `user` `u` ON `g`.`seller_id`=`u`.`id` LEFT JOIN `category` `c` ON `g`.`category_id`=`c`.`id` WHERE  `g`.`id` = '27' LIMIT 1 [ RunTime:0.001408s ]
[2026-08-20T17:35:51+08:00][sql] SHOW FULL COLUMNS FROM `bid_record` [ RunTime:0.001255s ]
[2026-08-20T17:35:51+08:00][sql] SELECT `b`.*,`u`.`nickname`,`u`.`mobile` FROM `bid_record` `b` LEFT JOIN `user` `u` ON `b`.`user_id`=`u`.`id` WHERE  `b`.`goods_id` = '27'  AND `b`.`status` = '0' ORDER BY `b`.`price` DESC,`b`.`id` ASC LIMIT 1 [ RunTime:0.001246s ]
[2026-08-20T17:35:51+08:00][sql] SELECT `b`.*,`u`.`nickname`,`u`.`mobile` FROM `bid_record` `b` LEFT JOIN `user` `u` ON `b`.`user_id`=`u`.`id` WHERE  `b`.`goods_id` = '27' ORDER BY `b`.`price` DESC,`b`.`id` ASC LIMIT 50 [ RunTime:0.001110s ]
[2026-08-20T17:35:51+08:00][sql] SELECT MAX(`price`) AS think_max FROM `bid_record` WHERE  `goods_id` = 27  AND `user_id` = 31  AND `status` = 0 [ RunTime:0.000923s ]
[2026-08-20T17:35:51+08:00][sql] SELECT MAX(`deposit`) AS think_max FROM `bid_record` WHERE  `goods_id` = 27  AND `user_id` = 31  AND `deposit` > '0' [ RunTime:0.001066s ]
[2026-08-20T17:35:51+08:00][sql] SHOW FULL COLUMNS FROM `order` [ RunTime:0.001978s ]
[2026-08-20T17:35:51+08:00][sql] SELECT * FROM `order` WHERE  `goods_id` = 27 LIMIT 1 [ RunTime:0.001241s ]
[2026-08-20T17:35:51+08:00][sql] SHOW FULL COLUMNS FROM `browse_history` [ RunTime:0.001519s ]
[2026-08-20T17:35:51+08:00][sql] REPLACE INTO `browse_history` SET `user_id` = 31 , `goods_id` = 27 , `create_time` = 1787218551 [ RunTime:0.006882s ]
[2026-08-20T17:35:51+08:00][sql] SHOW FULL COLUMNS FROM `goods_favorite` [ RunTime:0.001586s ]
[2026-08-20T17:35:51+08:00][sql] SELECT COUNT(*) AS think_count FROM `goods_favorite` WHERE  `user_id` = 31  AND `goods_id` = 27 [ RunTime:0.001050s ]
[2026-08-20T17:35:51+08:00][sql] SHOW FULL COLUMNS FROM `seller_follow` [ RunTime:0.001433s ]
[2026-08-20T17:35:51+08:00][sql] SELECT COUNT(*) AS think_count FROM `seller_follow` WHERE  `user_id` = 31  AND `seller_id` = 25 [ RunTime:0.000917s ]
[2026-08-20T17:35:57+08:00][sql] CONNECT:[ UseTime:0.001267s ] mysql:host=127.0.0.1;port=3306;dbname=auction;charset=utf8mb4
[2026-08-20T17:35:57+08:00][sql] SHOW FULL COLUMNS FROM `goods` [ RunTime:0.001761s ]
[2026-08-20T17:35:57+08:00][sql] SELECT `id` FROM `goods` WHERE  `status` = 1  AND `end_time` <= 1787218557 [ RunTime:0.000982s ]
[2026-08-20T17:35:57+08:00][sql] SHOW FULL COLUMNS FROM `user` [ RunTime:0.001487s ]
[2026-08-20T17:35:57+08:00][sql] SELECT * FROM `user` WHERE  `id` = 31 LIMIT 1 [ RunTime:0.001074s ]
[2026-08-20T17:35:57+08:00][sql] SHOW FULL COLUMNS FROM `setting` [ RunTime:0.001278s ]
[2026-08-20T17:35:57+08:00][sql] SELECT * FROM `setting` [ RunTime:0.000830s ]
[2026-08-20T17:35:57+08:00][sql] SHOW FULL COLUMNS FROM `bid_record` [ RunTime:0.001411s ]
[2026-08-20T17:35:57+08:00][sql] SELECT COUNT(*) AS think_count FROM `bid_record` WHERE  `user_id` = 31 [ RunTime:0.000935s ]
[2026-08-20T17:35:57+08:00][sql] SHOW FULL COLUMNS FROM `order` [ RunTime:0.001665s ]
[2026-08-20T17:35:57+08:00][sql] SELECT COUNT(*) AS think_count FROM `order` WHERE  `buyer_id` = 31  AND `pay_status` = 1 [ RunTime:0.000928s ]
[2026-08-20T17:35:57+08:00][sql] SELECT COUNT(*) AS think_count FROM `goods` WHERE  `seller_id` = 31  AND `status` = 2 [ RunTime:0.000834s ]
[2026-08-20T17:35:57+08:00][sql] SELECT COUNT(*) AS think_count FROM `goods` WHERE  `seller_id` = 31 [ RunTime:0.000937s ]
[2026-08-20T17:35:57+08:00][sql] SELECT COUNT(*) AS think_count FROM `order` WHERE  `buyer_id` = 31  AND `pay_status` = 0  AND `order_status` = 0 [ RunTime:0.000976s ]
[2026-08-20T17:35:57+08:00][sql] SELECT COUNT(*) AS think_count FROM `order` WHERE  `seller_id` = 31  AND `order_status` = 1 [ RunTime:0.000718s ]
[2026-08-20T17:35:57+08:00][sql] SELECT COUNT(*) AS think_count FROM `order` WHERE  `buyer_id` = 31  AND `order_status` = 0  AND `pay_status` = 0 [ RunTime:0.000781s ]
[2026-08-20T17:35:57+08:00][sql] SELECT COUNT(*) AS think_count FROM `order` WHERE  `buyer_id` = 31  AND `order_status` = 1 [ RunTime:0.000789s ]
[2026-08-20T17:35:57+08:00][sql] SELECT COUNT(*) AS think_count FROM `order` WHERE  `buyer_id` = 31  AND `order_status` = 2 [ RunTime:0.000927s ]
[2026-08-20T17:35:57+08:00][sql] SELECT COUNT(*) AS think_count FROM `order` WHERE  `buyer_id` = 31  AND `order_status` = 3 [ RunTime:0.000839s ]
[2026-08-20T17:35:57+08:00][sql] SELECT COUNT(*) AS think_count FROM `order` WHERE  `seller_id` = 31  AND `order_status` = 1 [ RunTime:0.001084s ]
[2026-08-20T17:35:57+08:00][sql] SHOW FULL COLUMNS FROM `goods_favorite` [ RunTime:0.001431s ]
[2026-08-20T17:35:57+08:00][sql] SELECT COUNT(*) AS think_count FROM `goods_favorite` WHERE  `user_id` = 31 [ RunTime:0.000840s ]
[2026-08-20T17:35:57+08:00][sql] SHOW FULL COLUMNS FROM `seller_follow` [ RunTime:0.001338s ]
[2026-08-20T17:35:57+08:00][sql] SELECT COUNT(*) AS think_count FROM `seller_follow` WHERE  `user_id` = 31 [ RunTime:0.000815s ]
[2026-08-20T17:35:57+08:00][sql] SHOW FULL COLUMNS FROM `browse_history` [ RunTime:0.001218s ]
[2026-08-20T17:35:57+08:00][sql] SELECT COUNT(*) AS think_count FROM `browse_history` WHERE  `user_id` = 31 [ RunTime:0.000913s ]
[2026-08-20T17:35:57+08:00][sql] SHOW FULL COLUMNS FROM `sys_message` [ RunTime:0.001288s ]
[2026-08-20T17:35:57+08:00][sql] SELECT COUNT(*) AS think_count FROM `sys_message` WHERE  `user_id` = 31  AND `is_read` = 0 [ RunTime:0.001015s ]
[2026-08-20T17:35:57+08:00][sql] SHOW FULL COLUMNS FROM `balance_log` [ RunTime:0.001426s ]
[2026-08-20T17:35:57+08:00][sql] SELECT * FROM `balance_log` WHERE  `user_id` = 31 ORDER BY `id` DESC LIMIT 5 [ RunTime:0.000856s ]
[2026-08-20T17:35:57+08:00][sql] SELECT `b`.*,`g`.`title`,`g`.`cover`,g.status as goods_status,`g`.`end_time` FROM `bid_record` `b` LEFT JOIN `goods` `g` ON `b`.`goods_id`=`g`.`id` WHERE  `b`.`user_id` = '31' ORDER BY `b`.`id` DESC LIMIT 5 [ RunTime:0.001079s ]
[2026-08-20T17:35:57+08:00][sql] SELECT `id`,`nickname`,`mobile`,`reg_time` FROM `user` WHERE  `pid` = 31 ORDER BY `id` DESC LIMIT 10 [ RunTime:0.001027s ]
[2026-08-20T17:35:57+08:00][sql] SELECT `value` FROM `setting` WHERE  `name` = 'service_link' LIMIT 1 [ RunTime:0.000735s ]
[2026-08-20T17:35:57+08:00][sql] SELECT `is_virtual` FROM `user` WHERE  `id` = 31 LIMIT 1 [ RunTime:0.000678s ]
[2026-08-20T17:36:31+08:00][sql] CONNECT:[ UseTime:0.001491s ] mysql:host=127.0.0.1;port=3306;dbname=auction;charset=utf8mb4
[2026-08-20T17:36:31+08:00][sql] SHOW FULL COLUMNS FROM `goods` [ RunTime:0.002635s ]
[2026-08-20T17:36:31+08:00][sql] SELECT `id` FROM `goods` WHERE  `status` = 1  AND `end_time` <= 1787218590 [ RunTime:0.001337s ]
[2026-08-20T17:36:31+08:00][sql] SHOW FULL COLUMNS FROM `user` [ RunTime:0.002447s ]
[2026-08-20T17:36:31+08:00][sql] SELECT * FROM `user` WHERE  `id` = 31 LIMIT 1 [ RunTime:0.001257s ]
[2026-08-20T17:36:31+08:00][sql] SHOW FULL COLUMNS FROM `setting` [ RunTime:0.001531s ]
[2026-08-20T17:36:31+08:00][sql] SELECT * FROM `setting` [ RunTime:0.001019s ]
[2026-08-20T17:36:31+08:00][sql] SELECT COUNT(*) AS think_count FROM `goods` `g` LEFT JOIN `user` `u` ON `g`.`seller_id`=`u`.`id` WHERE  `g`.`status` = '1'  AND `g`.`start_time` <= '1787218591'  AND `g`.`end_time` > '1787218591' [ RunTime:0.001348s ]
[2026-08-20T17:36:31+08:00][sql] SELECT `g`.*,u.nickname as seller_name FROM `goods` `g` LEFT JOIN `user` `u` ON `g`.`seller_id`=`u`.`id` WHERE  `g`.`status` = '1'  AND `g`.`start_time` <= '1787218591'  AND `g`.`end_time` > '1787218591' ORDER BY `g`.`end_time` ASC,`g`.`id` DESC LIMIT 0,10 [ RunTime:0.001750s ]
[2026-08-20T17:36:31+08:00][sql] SHOW FULL COLUMNS FROM `bid_record` [ RunTime:0.001788s ]
[2026-08-20T17:36:31+08:00][sql] SELECT MAX(`price`) AS think_max FROM `bid_record` WHERE  `goods_id` = 36  AND `status` = 0 [ RunTime:0.001273s ]
[2026-08-20T17:36:31+08:00][sql] SHOW FULL COLUMNS FROM `category` [ RunTime:0.001743s ]
[2026-08-20T17:36:31+08:00][sql] SELECT * FROM `category` WHERE  `status` = 1 ORDER BY `sort` ASC [ RunTime:0.001070s ]
[2026-08-20T17:36:31+08:00][sql] SELECT `b`.`price`,`b`.`create_time`,`g`.`title`,`u`.`nickname` FROM `bid_record` `b` LEFT JOIN `goods` `g` ON `b`.`goods_id`=`g`.`id` LEFT JOIN `user` `u` ON `b`.`user_id`=`u`.`id` WHERE  `b`.`status` = '1' ORDER BY `b`.`id` DESC LIMIT 5 [ RunTime:0.001348s ]
[2026-08-20T17:36:31+08:00][sql] SHOW FULL COLUMNS FROM `news` [ RunTime:0.001698s ]
[2026-08-20T17:36:31+08:00][sql] SELECT `id`,`title`,`create_time` FROM `news` WHERE  `status` = 1 ORDER BY `id` DESC LIMIT 3 [ RunTime:0.001132s ]
[2026-08-20T17:36:31+08:00][sql] SHOW FULL COLUMNS FROM `banner` [ RunTime:0.001762s ]
[2026-08-20T17:36:31+08:00][sql] SELECT * FROM `banner` WHERE  `status` = 1 ORDER BY `sort` ASC,`id` ASC [ RunTime:0.000995s ]
[2026-08-20T17:36:33+08:00][sql] CONNECT:[ UseTime:0.001293s ] mysql:host=127.0.0.1;port=3306;dbname=auction;charset=utf8mb4
[2026-08-20T17:36:33+08:00][sql] SHOW FULL COLUMNS FROM `goods` [ RunTime:0.001903s ]
[2026-08-20T17:36:33+08:00][sql] SELECT `id` FROM `goods` WHERE  `status` = 1  AND `end_time` <= 1787218593 [ RunTime:0.001275s ]
[2026-08-20T17:36:33+08:00][sql] SHOW FULL COLUMNS FROM `user` [ RunTime:0.001695s ]
[2026-08-20T17:36:33+08:00][sql] SELECT * FROM `user` WHERE  `id` = 31 LIMIT 1 [ RunTime:0.001034s ]
[2026-08-20T17:36:33+08:00][sql] SHOW FULL COLUMNS FROM `setting` [ RunTime:0.001390s ]
[2026-08-20T17:36:33+08:00][sql] SELECT * FROM `setting` [ RunTime:0.002683s ]
[2026-08-20T17:36:33+08:00][sql] SHOW FULL COLUMNS FROM `order` [ RunTime:0.001661s ]
[2026-08-20T17:36:33+08:00][sql] SELECT COUNT(*) AS think_count FROM `order` `o` LEFT JOIN `goods` `g` ON `o`.`goods_id`=`g`.`id` LEFT JOIN `user` `s` ON `o`.`seller_id`=`s`.`id` LEFT JOIN `user` `b` ON `o`.`buyer_id`=`b`.`id` WHERE  `o`.`pay_status` = '1'  AND `o`.`order_status` <> '4' [ RunTime:0.001441s ]
[2026-08-20T17:36:33+08:00][sql] SELECT `o`.`id`,`o`.`order_no`,`o`.`goods_id`,`o`.`goods_title`,`o`.`goods_cover`,`o`.`price`,`o`.`pay_time`,`o`.`create_time`,s.shop_name as seller_shop,s.nickname as seller_nick,b.nickname as buyer_nick FROM `order` `o` LEFT JOIN `goods` `g` ON `o`.`goods_id`=`g`.`id` LEFT JOIN `user` `s` ON `o`.`seller_id`=`s`.`id` LEFT JOIN `user` `b` ON `o`.`buyer_id`=`b`.`id` WHERE  `o`.`pay_status` = '1'  AND `o`.`order_status` <> '4' ORDER BY `o`.`id` DESC LIMIT 0,15 [ RunTime:0.001173s ]
[2026-08-20T17:36:35+08:00][sql] CONNECT:[ UseTime:0.001601s ] mysql:host=127.0.0.1;port=3306;dbname=auction;charset=utf8mb4
[2026-08-20T17:36:35+08:00][sql] SHOW FULL COLUMNS FROM `goods` [ RunTime:0.002738s ]
[2026-08-20T17:36:35+08:00][sql] SELECT `id` FROM `goods` WHERE  `status` = 1  AND `end_time` <= 1787218595 [ RunTime:0.001402s ]
[2026-08-20T17:36:35+08:00][sql] SHOW FULL COLUMNS FROM `user` [ RunTime:0.002543s ]
[2026-08-20T17:36:35+08:00][sql] SELECT * FROM `user` WHERE  `id` = 31 LIMIT 1 [ RunTime:0.001510s ]
[2026-08-20T17:36:35+08:00][sql] SHOW FULL COLUMNS FROM `setting` [ RunTime:0.002075s ]
[2026-08-20T17:36:35+08:00][sql] SELECT * FROM `setting` [ RunTime:0.001021s ]
[2026-08-20T17:36:35+08:00][sql] SELECT `g`.*,u.nickname as seller_name,u.shop_name as seller_shop,u.avatar as seller_avatar,`u`.`seller_intro`,u.deposit as seller_deposit,`u`.`shop_score`,`u`.`fans_count`,c.name as category_name FROM `goods` `g` LEFT JOIN `user` `u` ON `g`.`seller_id`=`u`.`id` LEFT JOIN `category` `c` ON `g`.`category_id`=`c`.`id` WHERE  `g`.`id` = '36' LIMIT 1 [ RunTime:0.002261s ]
[2026-08-20T17:36:35+08:00][sql] UPDATE `goods`  SET `view_count` = `view_count` + 1  WHERE  `id` = 36 [ RunTime:0.006382s ]
[2026-08-20T17:36:35+08:00][sql] SHOW FULL COLUMNS FROM `bid_record` [ RunTime:0.001617s ]
[2026-08-20T17:36:35+08:00][sql] SELECT `b`.*,`u`.`nickname`,`u`.`mobile` FROM `bid_record` `b` LEFT JOIN `user` `u` ON `b`.`user_id`=`u`.`id` WHERE  `b`.`goods_id` = '36'  AND `b`.`status` = '0' ORDER BY `b`.`price` DESC,`b`.`id` ASC LIMIT 1 [ RunTime:0.001449s ]
[2026-08-20T17:36:35+08:00][sql] SELECT `b`.*,`u`.`nickname`,`u`.`mobile` FROM `bid_record` `b` LEFT JOIN `user` `u` ON `b`.`user_id`=`u`.`id` WHERE  `b`.`goods_id` = '36' ORDER BY `b`.`price` DESC,`b`.`id` ASC LIMIT 50 [ RunTime:0.001281s ]
[2026-08-20T17:36:35+08:00][sql] SELECT MAX(`price`) AS think_max FROM `bid_record` WHERE  `goods_id` = 36  AND `user_id` = 31  AND `status` = 0 [ RunTime:0.001119s ]
[2026-08-20T17:36:35+08:00][sql] SELECT MAX(`deposit`) AS think_max FROM `bid_record` WHERE  `goods_id` = 36  AND `user_id` = 31  AND `deposit` > '0' [ RunTime:0.001161s ]
[2026-08-20T17:36:35+08:00][sql] SHOW FULL COLUMNS FROM `browse_history` [ RunTime:0.001503s ]
[2026-08-20T17:36:35+08:00][sql] REPLACE INTO `browse_history` SET `user_id` = 31 , `goods_id` = 36 , `create_time` = 1787218595 [ RunTime:0.005537s ]
[2026-08-20T17:36:35+08:00][sql] SHOW FULL COLUMNS FROM `goods_favorite` [ RunTime:0.001484s ]
[2026-08-20T17:36:35+08:00][sql] SELECT COUNT(*) AS think_count FROM `goods_favorite` WHERE  `user_id` = 31  AND `goods_id` = 36 [ RunTime:0.001022s ]
[2026-08-20T17:36:35+08:00][sql] SHOW FULL COLUMNS FROM `seller_follow` [ RunTime:0.001341s ]
[2026-08-20T17:36:35+08:00][sql] SELECT COUNT(*) AS think_count FROM `seller_follow` WHERE  `user_id` = 31  AND `seller_id` = 29 [ RunTime:0.000667s ]
[2026-08-20T17:36:38+08:00][sql] CONNECT:[ UseTime:0.001711s ] mysql:host=127.0.0.1;port=3306;dbname=auction;charset=utf8mb4
[2026-08-20T17:36:38+08:00][sql] SHOW FULL COLUMNS FROM `goods` [ RunTime:0.002728s ]
[2026-08-20T17:36:38+08:00][sql] SELECT `id` FROM `goods` WHERE  `status` = 1  AND `end_time` <= 1787218598 [ RunTime:0.001387s ]
[2026-08-20T17:36:38+08:00][sql] SHOW FULL COLUMNS FROM `user` [ RunTime:0.002514s ]
[2026-08-20T17:36:38+08:00][sql] SELECT * FROM `user` WHERE  `id` = 31 LIMIT 1 [ RunTime:0.001396s ]
[2026-08-20T17:36:38+08:00][sql] SHOW FULL COLUMNS FROM `setting` [ RunTime:0.001675s ]
[2026-08-20T17:36:38+08:00][sql] SELECT * FROM `setting` [ RunTime:0.001042s ]
[2026-08-20T17:36:38+08:00][sql] SELECT * FROM `goods` WHERE  `id` = 36 LIMIT 1   FOR UPDATE [ RunTime:0.000976s ]
[2026-08-20T17:36:38+08:00][sql] SHOW FULL COLUMNS FROM `bid_record` [ RunTime:0.001441s ]
[2026-08-20T17:36:38+08:00][sql] SELECT MAX(`price`) AS think_max FROM `bid_record` WHERE  `goods_id` = 36  AND `status` = 0 [ RunTime:0.001265s ]
[2026-08-20T17:36:38+08:00][sql] SELECT * FROM `user` WHERE  `id` = 31 LIMIT 1   FOR UPDATE [ RunTime:0.001130s ]
[2026-08-20T17:36:38+08:00][sql] SELECT MAX(`deposit`) AS think_max FROM `bid_record` WHERE  `goods_id` = 36  AND `user_id` = 31  AND `deposit` > '0' [ RunTime:0.000975s ]
[2026-08-20T17:36:38+08:00][sql] SELECT * FROM `bid_record` WHERE  `goods_id` = 36  AND `status` = 0 ORDER BY `price` DESC,`id` ASC LIMIT 1 [ RunTime:0.001140s ]
[2026-08-20T17:36:38+08:00][sql] UPDATE `user`  SET `balance` = '1190' , `freeze_balance` = '10' , `update_time` = 1787218598  WHERE  `id` = 31 [ RunTime:0.001087s ]
[2026-08-20T17:36:38+08:00][sql] SELECT `id`,`is_virtual` FROM `user` WHERE  `id` = 31 LIMIT 1 [ RunTime:0.000795s ]
[2026-08-20T17:36:38+08:00][sql] SHOW FULL COLUMNS FROM `balance_log` [ RunTime:0.001527s ]
[2026-08-20T17:36:38+08:00][sql] INSERT INTO `balance_log` SET `user_id` = 31 , `type` = 'deposit' , `amount` = '-10' , `balance` = '1190' , `remark` = '拍卖保证金（111）' , `create_time` = 1787218598 [ RunTime:0.000844s ]
[2026-08-20T17:36:38+08:00][sql] INSERT INTO `bid_record` SET `goods_id` = 36 , `user_id` = 31 , `price` = '2211' , `deposit` = '10' , `status` = 0 , `is_winner` = 0 , `create_time` = 1787218598 [ RunTime:0.000724s ]
[2026-08-20T17:36:38+08:00][sql] UPDATE `goods`  SET `bid_count` = bid_count+1 , `update_time` = 1787218598  WHERE  `id` = 36 [ RunTime:0.000988s ]
[2026-08-20T17:36:38+08:00][sql] SHOW FULL COLUMNS FROM `sys_message` [ RunTime:0.001613s ]
[2026-08-20T17:36:38+08:00][sql] INSERT INTO `sys_message` SET `user_id` = 30 , `admin_id` = 0 , `title` = '竞拍出局通知' , `content` = '您出价竞拍的「111」已出局：您的出价 ¥2,111.00 于 2026-08-20 17:36:38 被 ¥2,211.00 超过，当前最高价 ¥2,211.00。如需继续竞拍，请再次出价。' , `is_read` = 0 , `create_time` = 1787218598 [ RunTime:0.000772s ]
[2026-08-20T17:36:39+08:00][sql] CONNECT:[ UseTime:0.001483s ] mysql:host=127.0.0.1;port=3306;dbname=auction;charset=utf8mb4
[2026-08-20T17:36:39+08:00][sql] SHOW FULL COLUMNS FROM `goods` [ RunTime:0.002271s ]
[2026-08-20T17:36:39+08:00][sql] SELECT `id` FROM `goods` WHERE  `status` = 1  AND `end_time` <= 1787218599 [ RunTime:0.001123s ]
[2026-08-20T17:36:39+08:00][sql] SHOW FULL COLUMNS FROM `user` [ RunTime:0.001956s ]
[2026-08-20T17:36:39+08:00][sql] SELECT * FROM `user` WHERE  `id` = 31 LIMIT 1 [ RunTime:0.001216s ]
[2026-08-20T17:36:39+08:00][sql] SHOW FULL COLUMNS FROM `setting` [ RunTime:0.001485s ]
[2026-08-20T17:36:39+08:00][sql] SELECT * FROM `setting` [ RunTime:0.000924s ]
[2026-08-20T17:36:39+08:00][sql] SELECT `g`.*,u.nickname as seller_name,u.shop_name as seller_shop,u.avatar as seller_avatar,`u`.`seller_intro`,u.deposit as seller_deposit,`u`.`shop_score`,`u`.`fans_count`,c.name as category_name FROM `goods` `g` LEFT JOIN `user` `u` ON `g`.`seller_id`=`u`.`id` LEFT JOIN `category` `c` ON `g`.`category_id`=`c`.`id` WHERE  `g`.`id` = '36' LIMIT 1 [ RunTime:0.001509s ]
[2026-08-20T17:36:39+08:00][sql] UPDATE `goods`  SET `view_count` = `view_count` + 1  WHERE  `id` = 36 [ RunTime:0.006716s ]
[2026-08-20T17:36:39+08:00][sql] SHOW FULL COLUMNS FROM `bid_record` [ RunTime:0.001489s ]
[2026-08-20T17:36:39+08:00][sql] SELECT `b`.*,`u`.`nickname`,`u`.`mobile` FROM `bid_record` `b` LEFT JOIN `user` `u` ON `b`.`user_id`=`u`.`id` WHERE  `b`.`goods_id` = '36'  AND `b`.`status` = '0' ORDER BY `b`.`price` DESC,`b`.`id` ASC LIMIT 1 [ RunTime:0.001301s ]
[2026-08-20T17:36:39+08:00][sql] SELECT `b`.*,`u`.`nickname`,`u`.`mobile` FROM `bid_record` `b` LEFT JOIN `user` `u` ON `b`.`user_id`=`u`.`id` WHERE  `b`.`goods_id` = '36' ORDER BY `b`.`price` DESC,`b`.`id` ASC LIMIT 50 [ RunTime:0.001184s ]
[2026-08-20T17:36:39+08:00][sql] SELECT MAX(`price`) AS think_max FROM `bid_record` WHERE  `goods_id` = 36  AND `user_id` = 31  AND `status` = 0 [ RunTime:0.001070s ]
[2026-08-20T17:36:39+08:00][sql] SELECT MAX(`deposit`) AS think_max FROM `bid_record` WHERE  `goods_id` = 36  AND `user_id` = 31  AND `deposit` > '0' [ RunTime:0.000961s ]
[2026-08-20T17:36:39+08:00][sql] SHOW FULL COLUMNS FROM `browse_history` [ RunTime:0.001437s ]
[2026-08-20T17:36:39+08:00][sql] REPLACE INTO `browse_history` SET `user_id` = 31 , `goods_id` = 36 , `create_time` = 1787218599 [ RunTime:0.005847s ]
[2026-08-20T17:36:39+08:00][sql] SHOW FULL COLUMNS FROM `goods_favorite` [ RunTime:0.001537s ]
[2026-08-20T17:36:39+08:00][sql] SELECT COUNT(*) AS think_count FROM `goods_favorite` WHERE  `user_id` = 31  AND `goods_id` = 36 [ RunTime:0.000842s ]
[2026-08-20T17:36:39+08:00][sql] SHOW FULL COLUMNS FROM `seller_follow` [ RunTime:0.001396s ]
[2026-08-20T17:36:39+08:00][sql] SELECT COUNT(*) AS think_count FROM `seller_follow` WHERE  `user_id` = 31  AND `seller_id` = 29 [ RunTime:0.000731s ]
[2026-08-20T17:37:05+08:00][sql] CONNECT:[ UseTime:0.001272s ] mysql:host=127.0.0.1;port=3306;dbname=auction;charset=utf8mb4
[2026-08-20T17:37:05+08:00][sql] SHOW FULL COLUMNS FROM `goods` [ RunTime:0.001911s ]
[2026-08-20T17:37:05+08:00][sql] SELECT `id` FROM `goods` WHERE  `status` = 1  AND `end_time` <= 1787218625 [ RunTime:0.001475s ]
[2026-08-20T17:37:05+08:00][sql] SHOW FULL COLUMNS FROM `setting` [ RunTime:0.001324s ]
[2026-08-20T17:37:05+08:00][sql] SELECT * FROM `setting` [ RunTime:0.000819s ]
[2026-08-20T17:37:05+08:00][sql] SELECT `g`.*,u.nickname as seller_name,u.shop_name as seller_shop,u.avatar as seller_avatar,`u`.`seller_intro`,u.deposit as seller_deposit,`u`.`shop_score`,`u`.`fans_count`,c.name as category_name FROM `goods` `g` LEFT JOIN `user` `u` ON `g`.`seller_id`=`u`.`id` LEFT JOIN `category` `c` ON `g`.`category_id`=`c`.`id` WHERE  `g`.`id` = '36' LIMIT 1 [ RunTime:0.001254s ]
[2026-08-20T17:37:05+08:00][sql] UPDATE `goods`  SET `view_count` = `view_count` + 1  WHERE  `id` = 36 [ RunTime:0.007350s ]
[2026-08-20T17:37:05+08:00][sql] SHOW FULL COLUMNS FROM `bid_record` [ RunTime:0.001405s ]
[2026-08-20T17:37:05+08:00][sql] SELECT `b`.*,`u`.`nickname`,`u`.`mobile` FROM `bid_record` `b` LEFT JOIN `user` `u` ON `b`.`user_id`=`u`.`id` WHERE  `b`.`goods_id` = '36'  AND `b`.`status` = '0' ORDER BY `b`.`price` DESC,`b`.`id` ASC LIMIT 1 [ RunTime:0.001582s ]
[2026-08-20T17:37:05+08:00][sql] SELECT `b`.*,`u`.`nickname`,`u`.`mobile` FROM `bid_record` `b` LEFT JOIN `user` `u` ON `b`.`user_id`=`u`.`id` WHERE  `b`.`goods_id` = '36' ORDER BY `b`.`price` DESC,`b`.`id` ASC LIMIT 50 [ RunTime:0.001251s ]
[2026-08-20T17:37:21+08:00][sql] CONNECT:[ UseTime:0.001756s ] mysql:host=127.0.0.1;port=3306;dbname=auction;charset=utf8mb4
[2026-08-20T17:37:21+08:00][sql] SHOW FULL COLUMNS FROM `goods` [ RunTime:0.002325s ]
[2026-08-20T17:37:21+08:00][sql] SELECT `id` FROM `goods` WHERE  `status` = 1  AND `end_time` <= 1787218641 [ RunTime:0.001348s ]
[2026-08-20T17:37:21+08:00][sql] SHOW FULL COLUMNS FROM `setting` [ RunTime:0.001614s ]
[2026-08-20T17:37:21+08:00][sql] SELECT * FROM `setting` [ RunTime:0.000911s ]
[2026-08-20T17:37:21+08:00][sql] CONNECT:[ UseTime:0.001635s ] mysql:host=127.0.0.1;port=3306;dbname=auction;charset=utf8mb4
[2026-08-20T17:37:21+08:00][sql] SHOW FULL COLUMNS FROM `goods` [ RunTime:0.002102s ]
[2026-08-20T17:37:21+08:00][sql] SELECT `id` FROM `goods` WHERE  `status` = 1  AND `end_time` <= 1787218641 [ RunTime:0.001290s ]
[2026-08-20T17:37:21+08:00][sql] SHOW FULL COLUMNS FROM `setting` [ RunTime:0.001369s ]
[2026-08-20T17:37:21+08:00][sql] SELECT * FROM `setting` [ RunTime:0.000963s ]
[2026-08-20T17:37:34+08:00][sql] CONNECT:[ UseTime:0.001454s ] mysql:host=127.0.0.1;port=3306;dbname=auction;charset=utf8mb4
[2026-08-20T17:37:34+08:00][sql] SHOW FULL COLUMNS FROM `goods` [ RunTime:0.002417s ]
[2026-08-20T17:37:34+08:00][sql] SELECT `id` FROM `goods` WHERE  `status` = 1  AND `end_time` <= 1787218654 [ RunTime:0.001187s ]
[2026-08-20T17:37:34+08:00][sql] SHOW FULL COLUMNS FROM `setting` [ RunTime:0.001430s ]
[2026-08-20T17:37:34+08:00][sql] SELECT * FROM `setting` [ RunTime:0.000850s ]
[2026-08-20T17:37:34+08:00][sql] SHOW FULL COLUMNS FROM `user` [ RunTime:0.001681s ]
[2026-08-20T17:37:34+08:00][sql] SELECT * FROM `user` WHERE  `mobile` = '18555555555' LIMIT 1 [ RunTime:0.001346s ]
[2026-08-20T17:37:34+08:00][sql] UPDATE `user`  SET `last_login_time` = 1787218654 , `update_time` = 1787218654  WHERE  `id` = 30 [ RunTime:0.006214s ]
[2026-08-20T17:37:35+08:00][sql] CONNECT:[ UseTime:0.001426s ] mysql:host=127.0.0.1;port=3306;dbname=auction;charset=utf8mb4
[2026-08-20T17:37:35+08:00][sql] SHOW FULL COLUMNS FROM `goods` [ RunTime:0.002231s ]
[2026-08-20T17:37:35+08:00][sql] SELECT `id` FROM `goods` WHERE  `status` = 1  AND `end_time` <= 1787218655 [ RunTime:0.001389s ]
[2026-08-20T17:37:35+08:00][sql] SHOW FULL COLUMNS FROM `user` [ RunTime:0.001854s ]
[2026-08-20T17:37:35+08:00][sql] SELECT * FROM `user` WHERE  `id` = 30 LIMIT 1 [ RunTime:0.001197s ]
[2026-08-20T17:37:35+08:00][sql] SHOW FULL COLUMNS FROM `setting` [ RunTime:0.001430s ]
[2026-08-20T17:37:35+08:00][sql] SELECT * FROM `setting` [ RunTime:0.001137s ]
[2026-08-20T17:37:35+08:00][sql] SHOW FULL COLUMNS FROM `bid_record` [ RunTime:0.001409s ]
[2026-08-20T17:37:35+08:00][sql] SELECT COUNT(*) AS think_count FROM `bid_record` WHERE  `user_id` = 30 [ RunTime:0.001087s ]
[2026-08-20T17:37:35+08:00][sql] SHOW FULL COLUMNS FROM `order` [ RunTime:0.002031s ]
[2026-08-20T17:37:35+08:00][sql] SELECT COUNT(*) AS think_count FROM `order` WHERE  `buyer_id` = 30  AND `pay_status` = 1 [ RunTime:0.001195s ]
[2026-08-20T17:37:35+08:00][sql] SELECT COUNT(*) AS think_count FROM `goods` WHERE  `seller_id` = 30  AND `status` = 2 [ RunTime:0.001072s ]
[2026-08-20T17:37:35+08:00][sql] SELECT COUNT(*) AS think_count FROM `goods` WHERE  `seller_id` = 30 [ RunTime:0.000750s ]
[2026-08-20T17:37:35+08:00][sql] SELECT COUNT(*) AS think_count FROM `order` WHERE  `buyer_id` = 30  AND `pay_status` = 0  AND `order_status` = 0 [ RunTime:0.000826s ]
[2026-08-20T17:37:35+08:00][sql] SELECT COUNT(*) AS think_count FROM `order` WHERE  `seller_id` = 30  AND `order_status` = 1 [ RunTime:0.000888s ]
[2026-08-20T17:37:35+08:00][sql] SELECT COUNT(*) AS think_count FROM `order` WHERE  `buyer_id` = 30  AND `order_status` = 0  AND `pay_status` = 0 [ RunTime:0.000901s ]
[2026-08-20T17:37:35+08:00][sql] SELECT COUNT(*) AS think_count FROM `order` WHERE  `buyer_id` = 30  AND `order_status` = 1 [ RunTime:0.000787s ]
[2026-08-20T17:37:35+08:00][sql] SELECT COUNT(*) AS think_count FROM `order` WHERE  `buyer_id` = 30  AND `order_status` = 2 [ RunTime:0.000793s ]
[2026-08-20T17:37:35+08:00][sql] SELECT COUNT(*) AS think_count FROM `order` WHERE  `buyer_id` = 30  AND `order_status` = 3 [ RunTime:0.000822s ]
[2026-08-20T17:37:35+08:00][sql] SELECT COUNT(*) AS think_count FROM `order` WHERE  `seller_id` = 30  AND `order_status` = 1 [ RunTime:0.000757s ]
[2026-08-20T17:37:35+08:00][sql] SHOW FULL COLUMNS FROM `goods_favorite` [ RunTime:0.001348s ]
[2026-08-20T17:37:35+08:00][sql] SELECT COUNT(*) AS think_count FROM `goods_favorite` WHERE  `user_id` = 30 [ RunTime:0.000888s ]
[2026-08-20T17:37:35+08:00][sql] SHOW FULL COLUMNS FROM `seller_follow` [ RunTime:0.001629s ]
[2026-08-20T17:37:35+08:00][sql] SELECT COUNT(*) AS think_count FROM `seller_follow` WHERE  `user_id` = 30 [ RunTime:0.000994s ]
[2026-08-20T17:37:35+08:00][sql] SHOW FULL COLUMNS FROM `browse_history` [ RunTime:0.001282s ]
[2026-08-20T17:37:35+08:00][sql] SELECT COUNT(*) AS think_count FROM `browse_history` WHERE  `user_id` = 30 [ RunTime:0.000960s ]
[2026-08-20T17:37:35+08:00][sql] SHOW FULL COLUMNS FROM `sys_message` [ RunTime:0.001290s ]
[2026-08-20T17:37:35+08:00][sql] SELECT COUNT(*) AS think_count FROM `sys_message` WHERE  `user_id` = 30  AND `is_read` = 0 [ RunTime:0.000918s ]
[2026-08-20T17:37:35+08:00][sql] SHOW FULL COLUMNS FROM `balance_log` [ RunTime:0.001265s ]
[2026-08-20T17:37:35+08:00][sql] SELECT * FROM `balance_log` WHERE  `user_id` = 30 ORDER BY `id` DESC LIMIT 5 [ RunTime:0.001052s ]
[2026-08-20T17:37:35+08:00][sql] SELECT `b`.*,`g`.`title`,`g`.`cover`,g.status as goods_status,`g`.`end_time` FROM `bid_record` `b` LEFT JOIN `goods` `g` ON `b`.`goods_id`=`g`.`id` WHERE  `b`.`user_id` = '30' ORDER BY `b`.`id` DESC LIMIT 5 [ RunTime:0.000919s ]
[2026-08-20T17:37:35+08:00][sql] SELECT `id`,`nickname`,`mobile`,`reg_time` FROM `user` WHERE  `pid` = 30 ORDER BY `id` DESC LIMIT 10 [ RunTime:0.001014s ]
[2026-08-20T17:37:35+08:00][sql] SELECT `value` FROM `setting` WHERE  `name` = 'service_link' LIMIT 1 [ RunTime:0.000761s ]
[2026-08-20T17:37:35+08:00][sql] SELECT `is_virtual` FROM `user` WHERE  `id` = 30 LIMIT 1 [ RunTime:0.000863s ]
[2026-08-20T17:37:38+08:00][sql] CONNECT:[ UseTime:0.001242s ] mysql:host=127.0.0.1;port=3306;dbname=auction;charset=utf8mb4
[2026-08-20T17:37:38+08:00][sql] SHOW FULL COLUMNS FROM `goods` [ RunTime:0.001983s ]
[2026-08-20T17:37:38+08:00][sql] SELECT `id` FROM `goods` WHERE  `status` = 1  AND `end_time` <= 1787218658 [ RunTime:0.001100s ]
[2026-08-20T17:37:38+08:00][sql] SHOW FULL COLUMNS FROM `user` [ RunTime:0.001895s ]
[2026-08-20T17:37:38+08:00][sql] SELECT * FROM `user` WHERE  `id` = 30 LIMIT 1 [ RunTime:0.001326s ]
[2026-08-20T17:37:38+08:00][sql] SHOW FULL COLUMNS FROM `setting` [ RunTime:0.001315s ]
[2026-08-20T17:37:38+08:00][sql] SELECT * FROM `setting` [ RunTime:0.000781s ]
[2026-08-20T17:37:38+08:00][sql] SHOW FULL COLUMNS FROM `sys_message` [ RunTime:0.001387s ]
[2026-08-20T17:37:38+08:00][sql] SELECT COUNT(*) AS think_count FROM `sys_message` WHERE  `user_id` = 30 [ RunTime:0.000957s ]
[2026-08-20T17:37:38+08:00][sql] SELECT * FROM `sys_message` WHERE  `user_id` = 30 ORDER BY `id` DESC LIMIT 0,15 [ RunTime:0.000968s ]
[2026-08-20T17:37:40+08:00][sql] CONNECT:[ UseTime:0.001392s ] mysql:host=127.0.0.1;port=3306;dbname=auction;charset=utf8mb4
[2026-08-20T17:37:40+08:00][sql] SHOW FULL COLUMNS FROM `goods` [ RunTime:0.001975s ]
[2026-08-20T17:37:40+08:00][sql] SELECT `id` FROM `goods` WHERE  `status` = 1  AND `end_time` <= 1787218660 [ RunTime:0.001189s ]
[2026-08-20T17:37:40+08:00][sql] SHOW FULL COLUMNS FROM `user` [ RunTime:0.001821s ]
[2026-08-20T17:37:40+08:00][sql] SELECT * FROM `user` WHERE  `id` = 30 LIMIT 1 [ RunTime:0.001184s ]
[2026-08-20T17:37:40+08:00][sql] SHOW FULL COLUMNS FROM `setting` [ RunTime:0.001465s ]
[2026-08-20T17:37:40+08:00][sql] SELECT * FROM `setting` [ RunTime:0.000750s ]
[2026-08-20T17:37:40+08:00][sql] SHOW FULL COLUMNS FROM `sys_message` [ RunTime:0.001487s ]
[2026-08-20T17:37:40+08:00][sql] SELECT * FROM `sys_message` WHERE  `id` = 11  AND `user_id` = 30 LIMIT 1 [ RunTime:0.001028s ]
[2026-08-20T17:37:40+08:00][sql] UPDATE `sys_message`  SET `is_read` = 1  WHERE  `id` = 11 [ RunTime:0.006581s ]
[2026-08-20T17:37:47+08:00][sql] CONNECT:[ UseTime:0.001205s ] mysql:host=127.0.0.1;port=3306;dbname=auction;charset=utf8mb4
[2026-08-20T17:37:47+08:00][sql] SHOW FULL COLUMNS FROM `goods` [ RunTime:0.001916s ]
[2026-08-20T17:37:47+08:00][sql] SELECT `id` FROM `goods` WHERE  `status` = 1  AND `end_time` <= 1787218667 [ RunTime:0.001262s ]
[2026-08-20T17:37:47+08:00][sql] SHOW FULL COLUMNS FROM `user` [ RunTime:0.001839s ]
[2026-08-20T17:37:47+08:00][sql] SELECT * FROM `user` WHERE  `id` = 30 LIMIT 1 [ RunTime:0.001160s ]
[2026-08-20T17:37:47+08:00][sql] SHOW FULL COLUMNS FROM `setting` [ RunTime:0.001471s ]
[2026-08-20T17:37:47+08:00][sql] SELECT * FROM `setting` [ RunTime:0.000992s ]
[2026-08-20T17:37:47+08:00][sql] SHOW FULL COLUMNS FROM `bid_record` [ RunTime:0.001622s ]
[2026-08-20T17:37:47+08:00][sql] SELECT COUNT(*) AS think_count FROM `bid_record` WHERE  `user_id` = 30 [ RunTime:0.000967s ]
[2026-08-20T17:37:47+08:00][sql] SHOW FULL COLUMNS FROM `order` [ RunTime:0.001734s ]
[2026-08-20T17:37:47+08:00][sql] SELECT COUNT(*) AS think_count FROM `order` WHERE  `buyer_id` = 30  AND `pay_status` = 1 [ RunTime:0.001104s ]
[2026-08-20T17:37:47+08:00][sql] SELECT COUNT(*) AS think_count FROM `goods` WHERE  `seller_id` = 30  AND `status` = 2 [ RunTime:0.000951s ]
[2026-08-20T17:37:47+08:00][sql] SELECT COUNT(*) AS think_count FROM `goods` WHERE  `seller_id` = 30 [ RunTime:0.000920s ]
[2026-08-20T17:37:47+08:00][sql] SELECT COUNT(*) AS think_count FROM `order` WHERE  `buyer_id` = 30  AND `pay_status` = 0  AND `order_status` = 0 [ RunTime:0.000976s ]
[2026-08-20T17:37:47+08:00][sql] SELECT COUNT(*) AS think_count FROM `order` WHERE  `seller_id` = 30  AND `order_status` = 1 [ RunTime:0.000967s ]
[2026-08-20T17:37:47+08:00][sql] SELECT COUNT(*) AS think_count FROM `order` WHERE  `buyer_id` = 30  AND `order_status` = 0  AND `pay_status` = 0 [ RunTime:0.000866s ]
[2026-08-20T17:37:47+08:00][sql] SELECT COUNT(*) AS think_count FROM `order` WHERE  `buyer_id` = 30  AND `order_status` = 1 [ RunTime:0.001001s ]
[2026-08-20T17:37:47+08:00][sql] SELECT COUNT(*) AS think_count FROM `order` WHERE  `buyer_id` = 30  AND `order_status` = 2 [ RunTime:0.000974s ]
[2026-08-20T17:37:47+08:00][sql] SELECT COUNT(*) AS think_count FROM `order` WHERE  `buyer_id` = 30  AND `order_status` = 3 [ RunTime:0.000950s ]
[2026-08-20T17:37:47+08:00][sql] SELECT COUNT(*) AS think_count FROM `order` WHERE  `seller_id` = 30  AND `order_status` = 1 [ RunTime:0.000796s ]
[2026-08-20T17:37:47+08:00][sql] SHOW FULL COLUMNS FROM `goods_favorite` [ RunTime:0.001401s ]
[2026-08-20T17:37:47+08:00][sql] SELECT COUNT(*) AS think_count FROM `goods_favorite` WHERE  `user_id` = 30 [ RunTime:0.000931s ]
[2026-08-20T17:37:47+08:00][sql] SHOW FULL COLUMNS FROM `seller_follow` [ RunTime:0.001521s ]
[2026-08-20T17:37:47+08:00][sql] SELECT COUNT(*) AS think_count FROM `seller_follow` WHERE  `user_id` = 30 [ RunTime:0.000981s ]
[2026-08-20T17:37:47+08:00][sql] SHOW FULL COLUMNS FROM `browse_history` [ RunTime:0.001423s ]
[2026-08-20T17:37:47+08:00][sql] SELECT COUNT(*) AS think_count FROM `browse_history` WHERE  `user_id` = 30 [ RunTime:0.001071s ]
[2026-08-20T17:37:47+08:00][sql] SHOW FULL COLUMNS FROM `sys_message` [ RunTime:0.001478s ]
[2026-08-20T17:37:47+08:00][sql] SELECT COUNT(*) AS think_count FROM `sys_message` WHERE  `user_id` = 30  AND `is_read` = 0 [ RunTime:0.000925s ]
[2026-08-20T17:37:47+08:00][sql] SHOW FULL COLUMNS FROM `balance_log` [ RunTime:0.001352s ]
[2026-08-20T17:37:47+08:00][sql] SELECT * FROM `balance_log` WHERE  `user_id` = 30 ORDER BY `id` DESC LIMIT 5 [ RunTime:0.000910s ]
[2026-08-20T17:37:47+08:00][sql] SELECT `b`.*,`g`.`title`,`g`.`cover`,g.status as goods_status,`g`.`end_time` FROM `bid_record` `b` LEFT JOIN `goods` `g` ON `b`.`goods_id`=`g`.`id` WHERE  `b`.`user_id` = '30' ORDER BY `b`.`id` DESC LIMIT 5 [ RunTime:0.001130s ]
[2026-08-20T17:37:47+08:00][sql] SELECT `id`,`nickname`,`mobile`,`reg_time` FROM `user` WHERE  `pid` = 30 ORDER BY `id` DESC LIMIT 10 [ RunTime:0.000957s ]
[2026-08-20T17:37:47+08:00][sql] SELECT `value` FROM `setting` WHERE  `name` = 'service_link' LIMIT 1 [ RunTime:0.000767s ]
[2026-08-20T17:37:47+08:00][sql] SELECT `is_virtual` FROM `user` WHERE  `id` = 30 LIMIT 1 [ RunTime:0.000724s ]
[2026-08-20T17:37:50+08:00][sql] CONNECT:[ UseTime:0.001425s ] mysql:host=127.0.0.1;port=3306;dbname=auction;charset=utf8mb4
[2026-08-20T17:37:50+08:00][sql] SHOW FULL COLUMNS FROM `goods` [ RunTime:0.001958s ]
[2026-08-20T17:37:50+08:00][sql] SELECT `id` FROM `goods` WHERE  `status` = 1  AND `end_time` <= 1787218670 [ RunTime:0.001140s ]
[2026-08-20T17:37:50+08:00][sql] SHOW FULL COLUMNS FROM `user` [ RunTime:0.001872s ]
[2026-08-20T17:37:50+08:00][sql] SELECT * FROM `user` WHERE  `id` = 30 LIMIT 1 [ RunTime:0.001143s ]
[2026-08-20T17:37:50+08:00][sql] SHOW FULL COLUMNS FROM `setting` [ RunTime:0.001248s ]
[2026-08-20T17:37:50+08:00][sql] SELECT * FROM `setting` [ RunTime:0.000829s ]
[2026-08-20T17:37:50+08:00][sql] SHOW FULL COLUMNS FROM `order` [ RunTime:0.001575s ]
[2026-08-20T17:37:50+08:00][sql] SELECT COUNT(*) AS think_count FROM `order` `o` LEFT JOIN `goods` `g` ON `o`.`goods_id`=`g`.`id` LEFT JOIN `after_sale` `a` ON `a`.`order_id`=`o`.`id` WHERE  `o`.`buyer_id` = '30'  AND `o`.`order_status` = '1' [ RunTime:0.001109s ]
[2026-08-20T17:37:50+08:00][sql] SELECT o.*, g.cover as goods_cover2, IF(a.id IS NULL, 0, 1) as has_after_sale FROM `order` `o` LEFT JOIN `goods` `g` ON `o`.`goods_id`=`g`.`id` LEFT JOIN `after_sale` `a` ON `a`.`order_id`=`o`.`id` WHERE  `o`.`buyer_id` = '30'  AND `o`.`order_status` = '1' ORDER BY `o`.`id` DESC LIMIT 0,10 [ RunTime:0.001080s ]
[2026-08-20T17:37:54+08:00][sql] CONNECT:[ UseTime:0.001396s ] mysql:host=127.0.0.1;port=3306;dbname=auction;charset=utf8mb4
[2026-08-20T17:37:54+08:00][sql] SHOW FULL COLUMNS FROM `goods` [ RunTime:0.001949s ]
[2026-08-20T17:37:54+08:00][sql] SELECT `id` FROM `goods` WHERE  `status` = 1  AND `end_time` <= 1787218674 [ RunTime:0.001228s ]
[2026-08-20T17:37:54+08:00][sql] SHOW FULL COLUMNS FROM `user` [ RunTime:0.001880s ]
[2026-08-20T17:37:54+08:00][sql] SELECT * FROM `user` WHERE  `id` = 30 LIMIT 1 [ RunTime:0.001639s ]
[2026-08-20T17:37:54+08:00][sql] SHOW FULL COLUMNS FROM `setting` [ RunTime:0.001637s ]
[2026-08-20T17:37:54+08:00][sql] SELECT * FROM `setting` [ RunTime:0.000933s ]
[2026-08-20T17:37:54+08:00][sql] SHOW FULL COLUMNS FROM `bid_record` [ RunTime:0.001534s ]
[2026-08-20T17:37:54+08:00][sql] SELECT COUNT(*) AS think_count FROM `bid_record` `b` LEFT JOIN `goods` `g` ON `b`.`goods_id`=`g`.`id` WHERE  `b`.`user_id` = '30' [ RunTime:0.001178s ]
[2026-08-20T17:37:54+08:00][sql] SELECT `b`.*,`g`.`title`,`g`.`cover`,g.status as goods_status,`g`.`end_time`,`g`.`final_price`,`g`.`winner_id` FROM `bid_record` `b` LEFT JOIN `goods` `g` ON `b`.`goods_id`=`g`.`id` WHERE  `b`.`user_id` = '30' ORDER BY `b`.`id` DESC LIMIT 0,15 [ RunTime:0.001274s ]
[2026-08-20T17:37:54+08:00][sql] SELECT `goods_id`,`id` FROM `bid_record` WHERE  `goods_id` = 36 ORDER BY `price` DESC,`id` ASC [ RunTime:0.001129s ]
[2026-08-20T17:40:51+08:00][sql] CONNECT:[ UseTime:0.001617s ] mysql:host=127.0.0.1;port=3306;dbname=auction;charset=utf8mb4
[2026-08-20T17:40:51+08:00][sql] SHOW FULL COLUMNS FROM `goods` [ RunTime:0.002554s ]
[2026-08-20T17:40:51+08:00][sql] SELECT `id` FROM `goods` WHERE  `status` = 1  AND `end_time` <= 1787218851 [ RunTime:0.001331s ]
[2026-08-20T17:40:51+08:00][sql] SHOW FULL COLUMNS FROM `user` [ RunTime:0.002257s ]
[2026-08-20T17:40:51+08:00][sql] SELECT * FROM `user` WHERE  `id` = 31 LIMIT 1 [ RunTime:0.001395s ]
[2026-08-20T17:40:51+08:00][sql] SHOW FULL COLUMNS FROM `setting` [ RunTime:0.001681s ]
[2026-08-20T17:40:51+08:00][sql] SELECT * FROM `setting` [ RunTime:0.001129s ]
[2026-08-20T17:40:51+08:00][sql] SHOW FULL COLUMNS FROM `bid_record` [ RunTime:0.001936s ]
[2026-08-20T17:40:51+08:00][sql] SELECT COUNT(*) AS think_count FROM `bid_record` WHERE  `user_id` = 31 [ RunTime:0.001138s ]
[2026-08-20T17:40:51+08:00][sql] SHOW FULL COLUMNS FROM `order` [ RunTime:0.001914s ]
[2026-08-20T17:40:51+08:00][sql] SELECT COUNT(*) AS think_count FROM `order` WHERE  `buyer_id` = 31  AND `pay_status` = 1 [ RunTime:0.000802s ]
[2026-08-20T17:40:51+08:00][sql] SELECT COUNT(*) AS think_count FROM `goods` WHERE  `seller_id` = 31  AND `status` = 2 [ RunTime:0.000920s ]
[2026-08-20T17:40:51+08:00][sql] SELECT COUNT(*) AS think_count FROM `goods` WHERE  `seller_id` = 31 [ RunTime:0.000890s ]
[2026-08-20T17:40:51+08:00][sql] SELECT COUNT(*) AS think_count FROM `order` WHERE  `buyer_id` = 31  AND `pay_status` = 0  AND `order_status` = 0 [ RunTime:0.000949s ]
[2026-08-20T17:40:51+08:00][sql] SELECT COUNT(*) AS think_count FROM `order` WHERE  `seller_id` = 31  AND `order_status` = 1 [ RunTime:0.000931s ]
[2026-08-20T17:40:51+08:00][sql] SELECT COUNT(*) AS think_count FROM `order` WHERE  `buyer_id` = 31  AND `order_status` = 0  AND `pay_status` = 0 [ RunTime:0.000848s ]
[2026-08-20T17:40:51+08:00][sql] SELECT COUNT(*) AS think_count FROM `order` WHERE  `buyer_id` = 31  AND `order_status` = 1 [ RunTime:0.000800s ]
[2026-08-20T17:40:51+08:00][sql] SELECT COUNT(*) AS think_count FROM `order` WHERE  `buyer_id` = 31  AND `order_status` = 2 [ RunTime:0.001013s ]
[2026-08-20T17:40:51+08:00][sql] SELECT COUNT(*) AS think_count FROM `order` WHERE  `buyer_id` = 31  AND `order_status` = 3 [ RunTime:0.001037s ]
[2026-08-20T17:40:51+08:00][sql] SELECT COUNT(*) AS think_count FROM `order` WHERE  `seller_id` = 31  AND `order_status` = 1 [ RunTime:0.000888s ]
[2026-08-20T17:40:51+08:00][sql] SHOW FULL COLUMNS FROM `goods_favorite` [ RunTime:0.001312s ]
[2026-08-20T17:40:51+08:00][sql] SELECT COUNT(*) AS think_count FROM `goods_favorite` WHERE  `user_id` = 31 [ RunTime:0.000731s ]
[2026-08-20T17:40:51+08:00][sql] SHOW FULL COLUMNS FROM `seller_follow` [ RunTime:0.001137s ]
[2026-08-20T17:40:51+08:00][sql] SELECT COUNT(*) AS think_count FROM `seller_follow` WHERE  `user_id` = 31 [ RunTime:0.000870s ]
[2026-08-20T17:40:51+08:00][sql] SHOW FULL COLUMNS FROM `browse_history` [ RunTime:0.001189s ]
[2026-08-20T17:40:51+08:00][sql] SELECT COUNT(*) AS think_count FROM `browse_history` WHERE  `user_id` = 31 [ RunTime:0.000738s ]
[2026-08-20T17:40:51+08:00][sql] SHOW FULL COLUMNS FROM `sys_message` [ RunTime:0.001323s ]
[2026-08-20T17:40:51+08:00][sql] SELECT COUNT(*) AS think_count FROM `sys_message` WHERE  `user_id` = 31  AND `is_read` = 0 [ RunTime:0.001015s ]
[2026-08-20T17:40:51+08:00][sql] SHOW FULL COLUMNS FROM `balance_log` [ RunTime:0.001379s ]
[2026-08-20T17:40:51+08:00][sql] SELECT * FROM `balance_log` WHERE  `user_id` = 31 ORDER BY `id` DESC LIMIT 5 [ RunTime:0.000911s ]
[2026-08-20T17:40:51+08:00][sql] SELECT `b`.*,`g`.`title`,`g`.`cover`,g.status as goods_status,`g`.`end_time` FROM `bid_record` `b` LEFT JOIN `goods` `g` ON `b`.`goods_id`=`g`.`id` WHERE  `b`.`user_id` = '31' ORDER BY `b`.`id` DESC LIMIT 5 [ RunTime:0.001010s ]
[2026-08-20T17:40:51+08:00][sql] SELECT `id`,`nickname`,`mobile`,`reg_time` FROM `user` WHERE  `pid` = 31 ORDER BY `id` DESC LIMIT 10 [ RunTime:0.000786s ]
[2026-08-20T17:40:51+08:00][sql] SELECT `value` FROM `setting` WHERE  `name` = 'service_link' LIMIT 1 [ RunTime:0.000626s ]
[2026-08-20T17:40:51+08:00][sql] SELECT `is_virtual` FROM `user` WHERE  `id` = 31 LIMIT 1 [ RunTime:0.000613s ]
[2026-08-20T17:40:54+08:00][sql] CONNECT:[ UseTime:0.001479s ] mysql:host=127.0.0.1;port=3306;dbname=auction;charset=utf8mb4
[2026-08-20T17:40:54+08:00][sql] SHOW FULL COLUMNS FROM `goods` [ RunTime:0.001678s ]
[2026-08-20T17:40:54+08:00][sql] SELECT `id` FROM `goods` WHERE  `status` = 1  AND `end_time` <= 1787218854 [ RunTime:0.001035s ]
[2026-08-20T17:40:54+08:00][sql] SHOW FULL COLUMNS FROM `user` [ RunTime:0.001659s ]
[2026-08-20T17:40:54+08:00][sql] SELECT * FROM `user` WHERE  `id` = 31 LIMIT 1 [ RunTime:0.001273s ]
[2026-08-20T17:40:54+08:00][sql] SHOW FULL COLUMNS FROM `setting` [ RunTime:0.001306s ]
[2026-08-20T17:40:54+08:00][sql] SELECT * FROM `setting` [ RunTime:0.000776s ]
[2026-08-20T17:40:54+08:00][sql] SELECT * FROM `user` WHERE  `id` = 31 LIMIT 1 [ RunTime:0.001103s ]
[2026-08-20T17:40:54+08:00][sql] SHOW FULL COLUMNS FROM `order` [ RunTime:0.001579s ]
[2026-08-20T17:40:54+08:00][sql] SELECT COUNT(*) AS think_count FROM `order` WHERE  `buyer_id` = 31  AND `order_status` = 0  AND `pay_status` = 0 [ RunTime:0.000951s ]
[2026-08-20T17:40:54+08:00][sql] SELECT COUNT(*) AS think_count FROM `order` WHERE  `buyer_id` = 31  AND `order_status` = 3 [ RunTime:0.000910s ]
[2026-08-20T17:40:54+08:00][sql] SHOW FULL COLUMNS FROM `balance_log` [ RunTime:0.001376s ]
[2026-08-20T17:40:54+08:00][sql] SELECT * FROM `balance_log` WHERE  `user_id` = 31 ORDER BY `id` DESC LIMIT 8 [ RunTime:0.000995s ]
[2026-08-20T17:40:56+08:00][sql] CONNECT:[ UseTime:0.001559s ] mysql:host=127.0.0.1;port=3306;dbname=auction;charset=utf8mb4
[2026-08-20T17:40:56+08:00][sql] SHOW FULL COLUMNS FROM `goods` [ RunTime:0.002198s ]
[2026-08-20T17:40:56+08:00][sql] SELECT `id` FROM `goods` WHERE  `status` = 1  AND `end_time` <= 1787218856 [ RunTime:0.001247s ]
[2026-08-20T17:40:56+08:00][sql] SHOW FULL COLUMNS FROM `user` [ RunTime:0.001827s ]
[2026-08-20T17:40:56+08:00][sql] SELECT * FROM `user` WHERE  `id` = 31 LIMIT 1 [ RunTime:0.001199s ]
[2026-08-20T17:40:56+08:00][sql] SHOW FULL COLUMNS FROM `setting` [ RunTime:0.001518s ]
[2026-08-20T17:40:56+08:00][sql] SELECT * FROM `setting` [ RunTime:0.000857s ]
[2026-08-20T17:40:56+08:00][sql] SELECT `is_virtual` FROM `user` WHERE  `id` = 31 LIMIT 1 [ RunTime:0.000829s ]
[2026-08-20T17:40:56+08:00][sql] SHOW FULL COLUMNS FROM `withdraw` [ RunTime:0.001636s ]
[2026-08-20T17:40:56+08:00][sql] SELECT * FROM `withdraw` WHERE  `user_id` = 31 ORDER BY `id` DESC LIMIT 20 [ RunTime:0.001032s ]
[2026-08-20T17:40:56+08:00][sql] SHOW FULL COLUMNS FROM `pay_account` [ RunTime:0.001599s ]
[2026-08-20T17:40:56+08:00][sql] SELECT * FROM `pay_account` WHERE  `user_id` = 31 [ RunTime:0.000884s ]
[2026-08-20T17:40:56+08:00][sql] SELECT * FROM `withdraw` WHERE  `user_id` = 31  AND `status` = 0 LIMIT 1 [ RunTime:0.001130s ]
[2026-08-20T17:41:02+08:00][sql] CONNECT:[ UseTime:0.001538s ] mysql:host=127.0.0.1;port=3306;dbname=auction;charset=utf8mb4
[2026-08-20T17:41:02+08:00][sql] SHOW FULL COLUMNS FROM `goods` [ RunTime:0.002092s ]
[2026-08-20T17:41:02+08:00][sql] SELECT `id` FROM `goods` WHERE  `status` = 1  AND `end_time` <= 1787218862 [ RunTime:0.001214s ]
[2026-08-20T17:41:02+08:00][sql] SHOW FULL COLUMNS FROM `user` [ RunTime:0.001875s ]
[2026-08-20T17:41:02+08:00][sql] SELECT * FROM `user` WHERE  `id` = 31 LIMIT 1 [ RunTime:0.001177s ]
[2026-08-20T17:41:02+08:00][sql] SHOW FULL COLUMNS FROM `setting` [ RunTime:0.001700s ]
[2026-08-20T17:41:02+08:00][sql] SELECT * FROM `setting` [ RunTime:0.001081s ]
[2026-08-20T17:41:02+08:00][sql] SHOW FULL COLUMNS FROM `pay_account` [ RunTime:0.001694s ]
[2026-08-20T17:41:02+08:00][sql] SELECT * FROM `pay_account` WHERE  `user_id` = 31 [ RunTime:0.001096s ]
[2026-08-20T17:41:12+08:00][sql] CONNECT:[ UseTime:0.001522s ] mysql:host=127.0.0.1;port=3306;dbname=auction;charset=utf8mb4
[2026-08-20T17:41:12+08:00][sql] SHOW FULL COLUMNS FROM `goods` [ RunTime:0.002010s ]
[2026-08-20T17:41:12+08:00][sql] SELECT `id` FROM `goods` WHERE  `status` = 1  AND `end_time` <= 1787218872 [ RunTime:0.001121s ]
[2026-08-20T17:41:12+08:00][sql] SHOW FULL COLUMNS FROM `user` [ RunTime:0.001806s ]
[2026-08-20T17:41:12+08:00][sql] SELECT * FROM `user` WHERE  `id` = 31 LIMIT 1 [ RunTime:0.001254s ]
[2026-08-20T17:41:12+08:00][sql] SHOW FULL COLUMNS FROM `setting` [ RunTime:0.001501s ]
[2026-08-20T17:41:12+08:00][sql] SELECT * FROM `setting` [ RunTime:0.001025s ]
[2026-08-20T17:41:16+08:00][sql] CONNECT:[ UseTime:0.001461s ] mysql:host=127.0.0.1;port=3306;dbname=auction;charset=utf8mb4
[2026-08-20T17:41:16+08:00][sql] SHOW FULL COLUMNS FROM `goods` [ RunTime:0.002045s ]
[2026-08-20T17:41:16+08:00][sql] SELECT `id` FROM `goods` WHERE  `status` = 1  AND `end_time` <= 1787218876 [ RunTime:0.001271s ]
[2026-08-20T17:41:16+08:00][sql] SHOW FULL COLUMNS FROM `user` [ RunTime:0.001916s ]
[2026-08-20T17:41:16+08:00][sql] SELECT * FROM `user` WHERE  `id` = 31 LIMIT 1 [ RunTime:0.001460s ]
[2026-08-20T17:41:16+08:00][sql] SHOW FULL COLUMNS FROM `setting` [ RunTime:0.001381s ]
[2026-08-20T17:41:16+08:00][sql] SELECT * FROM `setting` [ RunTime:0.000749s ]
[2026-08-20T17:41:18+08:00][sql] CONNECT:[ UseTime:0.001356s ] mysql:host=127.0.0.1;port=3306;dbname=auction;charset=utf8mb4
[2026-08-20T17:41:18+08:00][sql] SHOW FULL COLUMNS FROM `goods` [ RunTime:0.001825s ]
[2026-08-20T17:41:18+08:00][sql] SELECT `id` FROM `goods` WHERE  `status` = 1  AND `end_time` <= 1787218878 [ RunTime:0.001057s ]
[2026-08-20T17:41:18+08:00][sql] SHOW FULL COLUMNS FROM `user` [ RunTime:0.001559s ]
[2026-08-20T17:41:18+08:00][sql] SELECT * FROM `user` WHERE  `id` = 31 LIMIT 1 [ RunTime:0.001128s ]
[2026-08-20T17:41:18+08:00][sql] SHOW FULL COLUMNS FROM `setting` [ RunTime:0.001561s ]
[2026-08-20T17:41:18+08:00][sql] SELECT * FROM `setting` [ RunTime:0.000826s ]
[2026-08-20T17:41:18+08:00][sql] SELECT `is_virtual` FROM `user` WHERE  `id` = 31 LIMIT 1 [ RunTime:0.000709s ]
[2026-08-20T17:41:18+08:00][sql] SHOW FULL COLUMNS FROM `pay_account` [ RunTime:0.001461s ]
[2026-08-20T17:41:18+08:00][sql] SELECT * FROM `pay_account` WHERE  `user_id` = 31  AND `type` = 1 LIMIT 1 [ RunTime:0.000811s ]
[2026-08-20T17:41:18+08:00][sql] INSERT INTO `pay_account` SET `real_name` = '124' , `account` = '12414' , `bank_name` = '' , `qr_code` = '/uploads/20260820/174116_9149.png' , `update_time` = 1787218878 , `user_id` = 31 , `type` = 1 , `create_time` = 1787218878 [ RunTime:0.007548s ]
[2026-08-20T17:41:19+08:00][sql] CONNECT:[ UseTime:0.003344s ] mysql:host=127.0.0.1;port=3306;dbname=auction;charset=utf8mb4
[2026-08-20T17:41:19+08:00][sql] SHOW FULL COLUMNS FROM `goods` [ RunTime:0.002048s ]
[2026-08-20T17:41:19+08:00][sql] SELECT `id` FROM `goods` WHERE  `status` = 1  AND `end_time` <= 1787218878 [ RunTime:0.001218s ]
[2026-08-20T17:41:19+08:00][sql] SHOW FULL COLUMNS FROM `user` [ RunTime:0.001697s ]
[2026-08-20T17:41:19+08:00][sql] SELECT * FROM `user` WHERE  `id` = 31 LIMIT 1 [ RunTime:0.001184s ]
[2026-08-20T17:41:19+08:00][sql] SHOW FULL COLUMNS FROM `setting` [ RunTime:0.001371s ]
[2026-08-20T17:41:19+08:00][sql] SELECT * FROM `setting` [ RunTime:0.000907s ]
[2026-08-20T17:41:19+08:00][sql] SHOW FULL COLUMNS FROM `pay_account` [ RunTime:0.001462s ]
[2026-08-20T17:41:19+08:00][sql] SELECT * FROM `pay_account` WHERE  `user_id` = 31 [ RunTime:0.000880s ]
[2026-08-20T17:41:35+08:00][sql] CONNECT:[ UseTime:0.001150s ] mysql:host=127.0.0.1;port=3306;dbname=auction;charset=utf8mb4
[2026-08-20T17:41:35+08:00][sql] SHOW FULL COLUMNS FROM `goods` [ RunTime:0.001644s ]
[2026-08-20T17:41:35+08:00][sql] SELECT `id` FROM `goods` WHERE  `status` = 1  AND `end_time` <= 1787218895 [ RunTime:0.000855s ]
[2026-08-20T17:41:35+08:00][sql] SHOW FULL COLUMNS FROM `user` [ RunTime:0.001579s ]
[2026-08-20T17:41:35+08:00][sql] SELECT * FROM `user` WHERE  `id` = 31 LIMIT 1 [ RunTime:0.000875s ]
[2026-08-20T17:41:35+08:00][sql] SHOW FULL COLUMNS FROM `setting` [ RunTime:0.001151s ]
[2026-08-20T17:41:35+08:00][sql] SELECT * FROM `setting` [ RunTime:0.000720s ]
[2026-08-20T17:41:35+08:00][sql] SELECT `is_virtual` FROM `user` WHERE  `id` = 31 LIMIT 1 [ RunTime:0.000626s ]
[2026-08-20T17:41:35+08:00][sql] SHOW FULL COLUMNS FROM `withdraw` [ RunTime:0.001131s ]
[2026-08-20T17:41:35+08:00][sql] SELECT * FROM `withdraw` WHERE  `user_id` = 31 ORDER BY `id` DESC LIMIT 20 [ RunTime:0.000792s ]
[2026-08-20T17:41:35+08:00][sql] SHOW FULL COLUMNS FROM `pay_account` [ RunTime:0.001238s ]
[2026-08-20T17:41:35+08:00][sql] SELECT * FROM `pay_account` WHERE  `user_id` = 31 [ RunTime:0.000708s ]
[2026-08-20T17:41:35+08:00][sql] SELECT * FROM `withdraw` WHERE  `user_id` = 31  AND `status` = 0 LIMIT 1 [ RunTime:0.000723s ]
[2026-08-20T17:41:39+08:00][sql] CONNECT:[ UseTime:0.001285s ] mysql:host=127.0.0.1;port=3306;dbname=auction;charset=utf8mb4
[2026-08-20T17:41:39+08:00][sql] SHOW FULL COLUMNS FROM `goods` [ RunTime:0.001763s ]
[2026-08-20T17:41:39+08:00][sql] SELECT `id` FROM `goods` WHERE  `status` = 1  AND `end_time` <= 1787218899 [ RunTime:0.001005s ]
[2026-08-20T17:41:39+08:00][sql] SHOW FULL COLUMNS FROM `user` [ RunTime:0.001542s ]
[2026-08-20T17:41:39+08:00][sql] SELECT * FROM `user` WHERE  `id` = 31 LIMIT 1 [ RunTime:0.001050s ]
[2026-08-20T17:41:39+08:00][sql] SHOW FULL COLUMNS FROM `setting` [ RunTime:0.001353s ]
[2026-08-20T17:41:39+08:00][sql] SELECT * FROM `setting` [ RunTime:0.000762s ]
[2026-08-20T17:41:39+08:00][sql] SHOW FULL COLUMNS FROM `pay_account` [ RunTime:0.001298s ]
[2026-08-20T17:41:39+08:00][sql] SELECT * FROM `pay_account` WHERE  `user_id` = 31 [ RunTime:0.000863s ]
[2026-08-20T17:41:41+08:00][sql] CONNECT:[ UseTime:0.001529s ] mysql:host=127.0.0.1;port=3306;dbname=auction;charset=utf8mb4
[2026-08-20T17:41:41+08:00][sql] SHOW FULL COLUMNS FROM `goods` [ RunTime:0.002210s ]
[2026-08-20T17:41:41+08:00][sql] SELECT `id` FROM `goods` WHERE  `status` = 1  AND `end_time` <= 1787218901 [ RunTime:0.001256s ]
[2026-08-20T17:41:41+08:00][sql] SHOW FULL COLUMNS FROM `user` [ RunTime:0.001710s ]
[2026-08-20T17:41:41+08:00][sql] SELECT * FROM `user` WHERE  `id` = 31 LIMIT 1 [ RunTime:0.001179s ]
[2026-08-20T17:41:41+08:00][sql] SHOW FULL COLUMNS FROM `setting` [ RunTime:0.001619s ]
[2026-08-20T17:41:41+08:00][sql] SELECT * FROM `setting` [ RunTime:0.001082s ]
[2026-08-20T17:41:41+08:00][sql] SELECT `is_virtual` FROM `user` WHERE  `id` = 31 LIMIT 1 [ RunTime:0.001059s ]
[2026-08-20T17:41:41+08:00][sql] SHOW FULL COLUMNS FROM `pay_account` [ RunTime:0.001648s ]
[2026-08-20T17:41:41+08:00][sql] SELECT * FROM `pay_account` WHERE  `user_id` = 31  AND `type` = 1 LIMIT 1 [ RunTime:0.000997s ]
[2026-08-20T17:41:41+08:00][sql] UPDATE `pay_account`  SET `real_name` = '124' , `account` = '12414' , `bank_name` = '' , `qr_code` = '/uploads/20260820/174116_9149.png' , `update_time` = 1787218901  WHERE  `id` = 7 [ RunTime:0.007122s ]
[2026-08-20T17:41:42+08:00][sql] CONNECT:[ UseTime:0.001405s ] mysql:host=127.0.0.1;port=3306;dbname=auction;charset=utf8mb4
[2026-08-20T17:41:42+08:00][sql] SHOW FULL COLUMNS FROM `goods` [ RunTime:0.001769s ]
[2026-08-20T17:41:42+08:00][sql] SELECT `id` FROM `goods` WHERE  `status` = 1  AND `end_time` <= 1787218901 [ RunTime:0.001126s ]
[2026-08-20T17:41:42+08:00][sql] SHOW FULL COLUMNS FROM `user` [ RunTime:0.001534s ]
[2026-08-20T17:41:42+08:00][sql] SELECT * FROM `user` WHERE  `id` = 31 LIMIT 1 [ RunTime:0.001074s ]
[2026-08-20T17:41:42+08:00][sql] SHOW FULL COLUMNS FROM `setting` [ RunTime:0.001422s ]
[2026-08-20T17:41:42+08:00][sql] SELECT * FROM `setting` [ RunTime:0.001020s ]
[2026-08-20T17:41:42+08:00][sql] SHOW FULL COLUMNS FROM `pay_account` [ RunTime:0.001619s ]
[2026-08-20T17:41:42+08:00][sql] SELECT * FROM `pay_account` WHERE  `user_id` = 31 [ RunTime:0.001026s ]
[2026-08-20T17:41:44+08:00][sql] CONNECT:[ UseTime:0.001508s ] mysql:host=127.0.0.1;port=3306;dbname=auction;charset=utf8mb4
[2026-08-20T17:41:44+08:00][sql] SHOW FULL COLUMNS FROM `goods` [ RunTime:0.002170s ]
[2026-08-20T17:41:44+08:00][sql] SELECT `id` FROM `goods` WHERE  `status` = 1  AND `end_time` <= 1787218904 [ RunTime:0.001170s ]
[2026-08-20T17:41:44+08:00][sql] SHOW FULL COLUMNS FROM `user` [ RunTime:0.001765s ]
[2026-08-20T17:41:44+08:00][sql] SELECT * FROM `user` WHERE  `id` = 31 LIMIT 1 [ RunTime:0.001233s ]
[2026-08-20T17:41:44+08:00][sql] SHOW FULL COLUMNS FROM `setting` [ RunTime:0.001471s ]
[2026-08-20T17:41:44+08:00][sql] SELECT * FROM `setting` [ RunTime:0.001005s ]
[2026-08-20T17:41:44+08:00][sql] SELECT `is_virtual` FROM `user` WHERE  `id` = 31 LIMIT 1 [ RunTime:0.000968s ]
[2026-08-20T17:41:44+08:00][sql] SHOW FULL COLUMNS FROM `withdraw` [ RunTime:0.001476s ]
[2026-08-20T17:41:44+08:00][sql] SELECT * FROM `withdraw` WHERE  `user_id` = 31 ORDER BY `id` DESC LIMIT 20 [ RunTime:0.001236s ]
[2026-08-20T17:41:44+08:00][sql] SHOW FULL COLUMNS FROM `pay_account` [ RunTime:0.001881s ]
[2026-08-20T17:41:44+08:00][sql] SELECT * FROM `pay_account` WHERE  `user_id` = 31 [ RunTime:0.000978s ]
[2026-08-20T17:41:44+08:00][sql] SELECT * FROM `withdraw` WHERE  `user_id` = 31  AND `status` = 0 LIMIT 1 [ RunTime:0.001037s ]
[2026-08-20T17:41:45+08:00][sql] CONNECT:[ UseTime:0.001417s ] mysql:host=127.0.0.1;port=3306;dbname=auction;charset=utf8mb4
[2026-08-20T17:41:45+08:00][sql] SHOW FULL COLUMNS FROM `goods` [ RunTime:0.002011s ]
[2026-08-20T17:41:45+08:00][sql] SELECT `id` FROM `goods` WHERE  `status` = 1  AND `end_time` <= 1787218905 [ RunTime:0.001295s ]
[2026-08-20T17:41:45+08:00][sql] SHOW FULL COLUMNS FROM `user` [ RunTime:0.002477s ]
[2026-08-20T17:41:45+08:00][sql] SELECT * FROM `user` WHERE  `id` = 31 LIMIT 1 [ RunTime:0.001486s ]
[2026-08-20T17:41:45+08:00][sql] SHOW FULL COLUMNS FROM `setting` [ RunTime:0.001725s ]
[2026-08-20T17:41:45+08:00][sql] SELECT * FROM `setting` [ RunTime:0.001096s ]
[2026-08-20T17:41:45+08:00][sql] SELECT `is_virtual` FROM `user` WHERE  `id` = 31 LIMIT 1 [ RunTime:0.001049s ]
[2026-08-20T17:41:45+08:00][sql] SHOW FULL COLUMNS FROM `withdraw` [ RunTime:0.002204s ]
[2026-08-20T17:41:45+08:00][sql] SELECT * FROM `withdraw` WHERE  `user_id` = 31 ORDER BY `id` DESC LIMIT 20 [ RunTime:0.001158s ]
[2026-08-20T17:41:45+08:00][sql] SHOW FULL COLUMNS FROM `pay_account` [ RunTime:0.001814s ]
[2026-08-20T17:41:45+08:00][sql] SELECT * FROM `pay_account` WHERE  `user_id` = 31 [ RunTime:0.001127s ]
[2026-08-20T17:41:45+08:00][sql] SELECT * FROM `withdraw` WHERE  `user_id` = 31  AND `status` = 0 LIMIT 1 [ RunTime:0.001170s ]
[2026-08-20T17:41:47+08:00][sql] CONNECT:[ UseTime:0.001297s ] mysql:host=127.0.0.1;port=3306;dbname=auction;charset=utf8mb4
[2026-08-20T17:41:47+08:00][sql] SHOW FULL COLUMNS FROM `goods` [ RunTime:0.002045s ]
[2026-08-20T17:41:47+08:00][sql] SELECT `id` FROM `goods` WHERE  `status` = 1  AND `end_time` <= 1787218907 [ RunTime:0.001266s ]
[2026-08-20T17:41:47+08:00][sql] SHOW FULL COLUMNS FROM `user` [ RunTime:0.002292s ]
[2026-08-20T17:41:47+08:00][sql] SELECT * FROM `user` WHERE  `id` = 31 LIMIT 1 [ RunTime:0.001249s ]
[2026-08-20T17:41:47+08:00][sql] SHOW FULL COLUMNS FROM `setting` [ RunTime:0.001483s ]
[2026-08-20T17:41:47+08:00][sql] SELECT * FROM `setting` [ RunTime:0.000814s ]
[2026-08-20T17:41:47+08:00][sql] SELECT `is_virtual` FROM `user` WHERE  `id` = 31 LIMIT 1 [ RunTime:0.000879s ]
[2026-08-20T17:41:47+08:00][sql] SHOW FULL COLUMNS FROM `withdraw` [ RunTime:0.001605s ]
[2026-08-20T17:41:47+08:00][sql] SELECT * FROM `withdraw` WHERE  `user_id` = 31 ORDER BY `id` DESC LIMIT 20 [ RunTime:0.000961s ]
[2026-08-20T17:41:47+08:00][sql] SHOW FULL COLUMNS FROM `pay_account` [ RunTime:0.001498s ]
[2026-08-20T17:41:47+08:00][sql] SELECT * FROM `pay_account` WHERE  `user_id` = 31 [ RunTime:0.000877s ]
[2026-08-20T17:41:47+08:00][sql] SELECT * FROM `withdraw` WHERE  `user_id` = 31  AND `status` = 0 LIMIT 1 [ RunTime:0.001056s ]
[2026-08-20T17:41:56+08:00][sql] CONNECT:[ UseTime:0.001411s ] mysql:host=127.0.0.1;port=3306;dbname=auction;charset=utf8mb4
[2026-08-20T17:41:56+08:00][sql] SHOW FULL COLUMNS FROM `goods` [ RunTime:0.002211s ]
[2026-08-20T17:41:56+08:00][sql] SELECT `id` FROM `goods` WHERE  `status` = 1  AND `end_time` <= 1787218916 [ RunTime:0.001159s ]
[2026-08-20T17:41:56+08:00][sql] SHOW FULL COLUMNS FROM `user` [ RunTime:0.001888s ]
[2026-08-20T17:41:56+08:00][sql] SELECT * FROM `user` WHERE  `id` = 31 LIMIT 1 [ RunTime:0.001346s ]
[2026-08-20T17:41:56+08:00][sql] SHOW FULL COLUMNS FROM `setting` [ RunTime:0.001470s ]
[2026-08-20T17:41:56+08:00][sql] SELECT * FROM `setting` [ RunTime:0.001004s ]
[2026-08-20T17:41:56+08:00][sql] SELECT `is_virtual` FROM `user` WHERE  `id` = 31 LIMIT 1 [ RunTime:0.000984s ]
[2026-08-20T17:41:56+08:00][sql] SHOW FULL COLUMNS FROM `withdraw` [ RunTime:0.001676s ]
[2026-08-20T17:41:56+08:00][sql] SELECT * FROM `withdraw` WHERE  `user_id` = 31 ORDER BY `id` DESC LIMIT 20 [ RunTime:0.001126s ]
[2026-08-20T17:41:56+08:00][sql] SHOW FULL COLUMNS FROM `pay_account` [ RunTime:0.001531s ]
[2026-08-20T17:41:56+08:00][sql] SELECT * FROM `pay_account` WHERE  `user_id` = 31 [ RunTime:0.001118s ]
[2026-08-20T17:41:56+08:00][sql] SELECT * FROM `withdraw` WHERE  `user_id` = 31  AND `status` = 0 LIMIT 1 [ RunTime:0.001035s ]
[2026-08-20T17:42:15+08:00][sql] CONNECT:[ UseTime:0.001216s ] mysql:host=127.0.0.1;port=3306;dbname=auction;charset=utf8mb4
[2026-08-20T17:42:15+08:00][sql] SHOW FULL COLUMNS FROM `goods` [ RunTime:0.001754s ]
[2026-08-20T17:42:15+08:00][sql] SELECT `id` FROM `goods` WHERE  `status` = 1  AND `end_time` <= 1787218935 [ RunTime:0.000994s ]
[2026-08-20T17:42:15+08:00][sql] SHOW FULL COLUMNS FROM `user` [ RunTime:0.001438s ]
[2026-08-20T17:42:15+08:00][sql] SELECT * FROM `user` WHERE  `id` = 31 LIMIT 1 [ RunTime:0.001000s ]
[2026-08-20T17:42:15+08:00][sql] SHOW FULL COLUMNS FROM `setting` [ RunTime:0.001227s ]
[2026-08-20T17:42:15+08:00][sql] SELECT * FROM `setting` [ RunTime:0.000693s ]
[2026-08-20T17:42:15+08:00][sql] SHOW FULL COLUMNS FROM `pay_account` [ RunTime:0.001298s ]
[2026-08-20T17:42:15+08:00][sql] SELECT * FROM `pay_account` WHERE  `user_id` = 31 [ RunTime:0.000907s ]
[2026-08-20T17:42:27+08:00][sql] CONNECT:[ UseTime:0.001526s ] mysql:host=127.0.0.1;port=3306;dbname=auction;charset=utf8mb4
[2026-08-20T17:42:27+08:00][sql] SHOW FULL COLUMNS FROM `goods` [ RunTime:0.001998s ]
[2026-08-20T17:42:27+08:00][sql] SELECT `id` FROM `goods` WHERE  `status` = 1  AND `end_time` <= 1787218947 [ RunTime:0.001252s ]
[2026-08-20T17:42:27+08:00][sql] SHOW FULL COLUMNS FROM `user` [ RunTime:0.001981s ]
[2026-08-20T17:42:27+08:00][sql] SELECT * FROM `user` WHERE  `id` = 31 LIMIT 1 [ RunTime:0.001291s ]
[2026-08-20T17:42:27+08:00][sql] SHOW FULL COLUMNS FROM `setting` [ RunTime:0.001476s ]
[2026-08-20T17:42:27+08:00][sql] SELECT * FROM `setting` [ RunTime:0.000893s ]
[2026-08-20T17:42:27+08:00][sql] SELECT `is_virtual` FROM `user` WHERE  `id` = 31 LIMIT 1 [ RunTime:0.000980s ]
[2026-08-20T17:42:27+08:00][sql] SHOW FULL COLUMNS FROM `pay_account` [ RunTime:0.001390s ]
[2026-08-20T17:42:27+08:00][sql] SELECT * FROM `pay_account` WHERE  `user_id` = 31  AND `type` = 4 LIMIT 1 [ RunTime:0.001064s ]
[2026-08-20T17:42:27+08:00][sql] INSERT INTO `pay_account` SET `real_name` = '' , `account` = '42142141' , `bank_name` = 'trc20' , `qr_code` = '' , `update_time` = 1787218947 , `user_id` = 31 , `type` = 4 , `create_time` = 1787218947 [ RunTime:0.007016s ]
[2026-08-20T17:42:28+08:00][sql] CONNECT:[ UseTime:0.001306s ] mysql:host=127.0.0.1;port=3306;dbname=auction;charset=utf8mb4
[2026-08-20T17:42:28+08:00][sql] SHOW FULL COLUMNS FROM `goods` [ RunTime:0.002007s ]
[2026-08-20T17:42:28+08:00][sql] SELECT `id` FROM `goods` WHERE  `status` = 1  AND `end_time` <= 1787218948 [ RunTime:0.001656s ]
[2026-08-20T17:42:28+08:00][sql] SHOW FULL COLUMNS FROM `user` [ RunTime:0.002041s ]
[2026-08-20T17:42:28+08:00][sql] SELECT * FROM `user` WHERE  `id` = 31 LIMIT 1 [ RunTime:0.001228s ]
[2026-08-20T17:42:28+08:00][sql] SHOW FULL COLUMNS FROM `setting` [ RunTime:0.001513s ]
[2026-08-20T17:42:28+08:00][sql] SELECT * FROM `setting` [ RunTime:0.000937s ]
[2026-08-20T17:42:28+08:00][sql] SHOW FULL COLUMNS FROM `pay_account` [ RunTime:0.001463s ]
[2026-08-20T17:42:28+08:00][sql] SELECT * FROM `pay_account` WHERE  `user_id` = 31 [ RunTime:0.001081s ]
[2026-08-20T17:42:34+08:00][sql] CONNECT:[ UseTime:0.001532s ] mysql:host=127.0.0.1;port=3306;dbname=auction;charset=utf8mb4
[2026-08-20T17:42:34+08:00][sql] SHOW FULL COLUMNS FROM `goods` [ RunTime:0.001992s ]
[2026-08-20T17:42:34+08:00][sql] SELECT `id` FROM `goods` WHERE  `status` = 1  AND `end_time` <= 1787218954 [ RunTime:0.001323s ]
[2026-08-20T17:42:34+08:00][sql] SHOW FULL COLUMNS FROM `user` [ RunTime:0.001873s ]
[2026-08-20T17:42:34+08:00][sql] SELECT * FROM `user` WHERE  `id` = 31 LIMIT 1 [ RunTime:0.001349s ]
[2026-08-20T17:42:34+08:00][sql] SHOW FULL COLUMNS FROM `setting` [ RunTime:0.001468s ]
[2026-08-20T17:42:34+08:00][sql] SELECT * FROM `setting` [ RunTime:0.000893s ]
[2026-08-20T17:42:34+08:00][sql] SHOW FULL COLUMNS FROM `pay_account` [ RunTime:0.001461s ]
[2026-08-20T17:42:34+08:00][sql] SELECT * FROM `pay_account` WHERE  `user_id` = 31 [ RunTime:0.001189s ]
[2026-08-20T17:42:38+08:00][sql] CONNECT:[ UseTime:0.001352s ] mysql:host=127.0.0.1;port=3306;dbname=auction;charset=utf8mb4
[2026-08-20T17:42:38+08:00][sql] SHOW FULL COLUMNS FROM `goods` [ RunTime:0.002057s ]
[2026-08-20T17:42:38+08:00][sql] SELECT `id` FROM `goods` WHERE  `status` = 1  AND `end_time` <= 1787218958 [ RunTime:0.001260s ]
[2026-08-20T17:42:38+08:00][sql] SHOW FULL COLUMNS FROM `user` [ RunTime:0.001631s ]
[2026-08-20T17:42:38+08:00][sql] SELECT * FROM `user` WHERE  `id` = 31 LIMIT 1 [ RunTime:0.001331s ]
[2026-08-20T17:42:38+08:00][sql] SHOW FULL COLUMNS FROM `setting` [ RunTime:0.001601s ]
[2026-08-20T17:42:38+08:00][sql] SELECT * FROM `setting` [ RunTime:0.000909s ]
[2026-08-20T17:42:38+08:00][sql] SELECT `is_virtual` FROM `user` WHERE  `id` = 31 LIMIT 1 [ RunTime:0.000915s ]
[2026-08-20T17:42:38+08:00][sql] SHOW FULL COLUMNS FROM `withdraw` [ RunTime:0.001340s ]
[2026-08-20T17:42:38+08:00][sql] SELECT * FROM `withdraw` WHERE  `user_id` = 31 ORDER BY `id` DESC LIMIT 20 [ RunTime:0.001104s ]
[2026-08-20T17:42:38+08:00][sql] SHOW FULL COLUMNS FROM `pay_account` [ RunTime:0.001367s ]
[2026-08-20T17:42:38+08:00][sql] SELECT * FROM `pay_account` WHERE  `user_id` = 31 [ RunTime:0.000996s ]
[2026-08-20T17:42:38+08:00][sql] SELECT * FROM `withdraw` WHERE  `user_id` = 31  AND `status` = 0 LIMIT 1 [ RunTime:0.000949s ]
[2026-08-20T17:42:48+08:00][sql] CONNECT:[ UseTime:0.001677s ] mysql:host=127.0.0.1;port=3306;dbname=auction;charset=utf8mb4
[2026-08-20T17:42:48+08:00][sql] SHOW FULL COLUMNS FROM `goods` [ RunTime:0.002411s ]
[2026-08-20T17:42:48+08:00][sql] SELECT `id` FROM `goods` WHERE  `status` = 1  AND `end_time` <= 1787218968 [ RunTime:0.001301s ]
[2026-08-20T17:42:48+08:00][sql] SHOW FULL COLUMNS FROM `user` [ RunTime:0.002373s ]
[2026-08-20T17:42:48+08:00][sql] SELECT * FROM `user` WHERE  `id` = 31 LIMIT 1 [ RunTime:0.001484s ]
[2026-08-20T17:42:48+08:00][sql] SHOW FULL COLUMNS FROM `setting` [ RunTime:0.001740s ]
[2026-08-20T17:42:48+08:00][sql] SELECT * FROM `setting` [ RunTime:0.001017s ]
[2026-08-20T17:42:48+08:00][sql] SELECT `is_virtual` FROM `user` WHERE  `id` = 31 LIMIT 1 [ RunTime:0.000948s ]
[2026-08-20T17:42:48+08:00][sql] SHOW FULL COLUMNS FROM `pay_account` [ RunTime:0.001586s ]
[2026-08-20T17:42:48+08:00][sql] SELECT * FROM `pay_account` WHERE  `user_id` = 31  AND `type` = 4 LIMIT 1 [ RunTime:0.001012s ]
[2026-08-20T17:42:48+08:00][sql] SELECT * FROM `user` WHERE  `id` = 31 LIMIT 1   FOR UPDATE [ RunTime:0.001154s ]
[2026-08-20T17:42:48+08:00][sql] SHOW FULL COLUMNS FROM `withdraw` [ RunTime:0.001918s ]
[2026-08-20T17:42:48+08:00][sql] SELECT * FROM `withdraw` WHERE  `user_id` = 31  AND `status` = 0 LIMIT 1 [ RunTime:0.001017s ]
[2026-08-20T17:42:48+08:00][sql] UPDATE `user`  SET `balance` = '0' , `update_time` = 1787218968  WHERE  `id` = 31 [ RunTime:0.001149s ]
[2026-08-20T17:42:48+08:00][sql] INSERT INTO `withdraw` SET `user_id` = 31 , `amount` = '1190' , `fee` = '11.9' , `account_type` = 4 , `account` = '42142141' , `account_name` = '' , `bank_name` = 'trc20' , `qr_code` = '' , `status` = 0 , `create_time` = 1787218968 , `update_time` = 1787218968 [ RunTime:0.001111s ]
[2026-08-20T17:42:48+08:00][sql] SELECT `id`,`is_virtual` FROM `user` WHERE  `id` = 31 LIMIT 1 [ RunTime:0.000872s ]
[2026-08-20T17:42:48+08:00][sql] SHOW FULL COLUMNS FROM `balance_log` [ RunTime:0.001509s ]
[2026-08-20T17:42:48+08:00][sql] INSERT INTO `balance_log` SET `user_id` = 31 , `type` = 'withdraw' , `amount` = '-1190' , `balance` = '0' , `remark` = '提现申请冻结：1190元' , `create_time` = 1787218968 [ RunTime:0.001049s ]
[2026-08-20T17:42:49+08:00][sql] CONNECT:[ UseTime:0.001578s ] mysql:host=127.0.0.1;port=3306;dbname=auction;charset=utf8mb4
[2026-08-20T17:42:49+08:00][sql] SHOW FULL COLUMNS FROM `goods` [ RunTime:0.002586s ]
[2026-08-20T17:42:49+08:00][sql] SELECT `id` FROM `goods` WHERE  `status` = 1  AND `end_time` <= 1787218969 [ RunTime:0.001197s ]
[2026-08-20T17:42:49+08:00][sql] SHOW FULL COLUMNS FROM `user` [ RunTime:0.001807s ]
[2026-08-20T17:42:49+08:00][sql] SELECT * FROM `user` WHERE  `id` = 31 LIMIT 1 [ RunTime:0.001258s ]
[2026-08-20T17:42:49+08:00][sql] SHOW FULL COLUMNS FROM `setting` [ RunTime:0.001361s ]
[2026-08-20T17:42:49+08:00][sql] SELECT * FROM `setting` [ RunTime:0.000926s ]
[2026-08-20T17:42:49+08:00][sql] SELECT `is_virtual` FROM `user` WHERE  `id` = 31 LIMIT 1 [ RunTime:0.000941s ]
[2026-08-20T17:42:49+08:00][sql] SHOW FULL COLUMNS FROM `withdraw` [ RunTime:0.001470s ]
[2026-08-20T17:42:49+08:00][sql] SELECT * FROM `withdraw` WHERE  `user_id` = 31 ORDER BY `id` DESC LIMIT 20 [ RunTime:0.001155s ]
[2026-08-20T17:42:49+08:00][sql] SHOW FULL COLUMNS FROM `pay_account` [ RunTime:0.001513s ]
[2026-08-20T17:42:49+08:00][sql] SELECT * FROM `pay_account` WHERE  `user_id` = 31 [ RunTime:0.000970s ]
[2026-08-20T17:42:49+08:00][sql] SELECT * FROM `withdraw` WHERE  `user_id` = 31  AND `status` = 0 LIMIT 1 [ RunTime:0.001120s ]
[2026-08-20T17:43:22+08:00][sql] CONNECT:[ UseTime:0.001670s ] mysql:host=127.0.0.1;port=3306;dbname=auction;charset=utf8mb4
[2026-08-20T17:43:22+08:00][sql] SHOW FULL COLUMNS FROM `goods` [ RunTime:0.002651s ]
[2026-08-20T17:43:22+08:00][sql] SELECT `id` FROM `goods` WHERE  `status` = 1  AND `end_time` <= 1787219002 [ RunTime:0.001396s ]
[2026-08-20T17:43:22+08:00][sql] SHOW FULL COLUMNS FROM `user` [ RunTime:0.002082s ]
[2026-08-20T17:43:22+08:00][sql] SELECT * FROM `user` WHERE  `id` = 31 LIMIT 1 [ RunTime:0.001241s ]
[2026-08-20T17:43:22+08:00][sql] SHOW FULL COLUMNS FROM `setting` [ RunTime:0.001383s ]
[2026-08-20T17:43:22+08:00][sql] SELECT * FROM `setting` [ RunTime:0.000906s ]
[2026-08-20T17:43:22+08:00][sql] SELECT `is_virtual` FROM `user` WHERE  `id` = 31 LIMIT 1 [ RunTime:0.000971s ]
[2026-08-20T17:43:22+08:00][sql] SHOW FULL COLUMNS FROM `withdraw` [ RunTime:0.001564s ]
[2026-08-20T17:43:22+08:00][sql] SELECT * FROM `withdraw` WHERE  `user_id` = 31 ORDER BY `id` DESC LIMIT 20 [ RunTime:0.001031s ]
[2026-08-20T17:43:22+08:00][sql] SHOW FULL COLUMNS FROM `pay_account` [ RunTime:0.001502s ]
[2026-08-20T17:43:22+08:00][sql] SELECT * FROM `pay_account` WHERE  `user_id` = 31 [ RunTime:0.001012s ]
[2026-08-20T17:43:22+08:00][sql] SELECT * FROM `withdraw` WHERE  `user_id` = 31  AND `status` = 0 LIMIT 1 [ RunTime:0.001064s ]
[2026-08-20T17:43:43+08:00][sql] CONNECT:[ UseTime:0.001399s ] mysql:host=127.0.0.1;port=3306;dbname=auction;charset=utf8mb4
[2026-08-20T17:43:43+08:00][sql] SHOW FULL COLUMNS FROM `goods` [ RunTime:0.001868s ]
[2026-08-20T17:43:43+08:00][sql] SELECT `id` FROM `goods` WHERE  `status` = 1  AND `end_time` <= 1787219023 [ RunTime:0.001126s ]
[2026-08-20T17:43:43+08:00][sql] SHOW FULL COLUMNS FROM `user` [ RunTime:0.001752s ]
[2026-08-20T17:43:43+08:00][sql] SELECT * FROM `user` WHERE  `id` = 31 LIMIT 1 [ RunTime:0.001169s ]
[2026-08-20T17:43:43+08:00][sql] SHOW FULL COLUMNS FROM `setting` [ RunTime:0.001272s ]
[2026-08-20T17:43:43+08:00][sql] SELECT * FROM `setting` [ RunTime:0.000771s ]
[2026-08-20T17:43:43+08:00][sql] SELECT `is_virtual` FROM `user` WHERE  `id` = 31 LIMIT 1 [ RunTime:0.000833s ]
[2026-08-20T17:43:49+08:00][sql] CONNECT:[ UseTime:0.001425s ] mysql:host=127.0.0.1;port=3306;dbname=auction;charset=utf8mb4
[2026-08-20T17:43:49+08:00][sql] SHOW FULL COLUMNS FROM `goods` [ RunTime:0.002175s ]
[2026-08-20T17:43:49+08:00][sql] SELECT `id` FROM `goods` WHERE  `status` = 1  AND `end_time` <= 1787219029 [ RunTime:0.001107s ]
[2026-08-20T17:43:49+08:00][sql] SHOW FULL COLUMNS FROM `user` [ RunTime:0.002131s ]
[2026-08-20T17:43:49+08:00][sql] SELECT * FROM `user` WHERE  `id` = 31 LIMIT 1 [ RunTime:0.001279s ]
[2026-08-20T17:43:49+08:00][sql] SHOW FULL COLUMNS FROM `setting` [ RunTime:0.001605s ]
[2026-08-20T17:43:49+08:00][sql] SELECT * FROM `setting` [ RunTime:0.001025s ]
[2026-08-20T17:43:49+08:00][sql] SELECT `is_virtual` FROM `user` WHERE  `id` = 31 LIMIT 1 [ RunTime:0.000967s ]
[2026-08-20T17:49:53+08:00][sql] CONNECT:[ UseTime:0.001312s ] mysql:host=127.0.0.1;port=3306;dbname=auction;charset=utf8mb4
[2026-08-20T17:49:53+08:00][sql] SHOW FULL COLUMNS FROM `goods` [ RunTime:0.002302s ]
[2026-08-20T17:49:53+08:00][sql] SELECT `id` FROM `goods` WHERE  `status` = 1  AND `end_time` <= 1787219393 [ RunTime:0.001247s ]
[2026-08-20T17:49:53+08:00][sql] SHOW FULL COLUMNS FROM `user` [ RunTime:0.001936s ]
[2026-08-20T17:49:53+08:00][sql] SELECT * FROM `user` WHERE  `id` = 31 LIMIT 1 [ RunTime:0.001106s ]
[2026-08-20T17:49:53+08:00][sql] SHOW FULL COLUMNS FROM `setting` [ RunTime:0.001473s ]
[2026-08-20T17:49:53+08:00][sql] SELECT * FROM `setting` [ RunTime:0.000776s ]
[2026-08-20T17:49:53+08:00][sql] SELECT `is_virtual` FROM `user` WHERE  `id` = 31 LIMIT 1 [ RunTime:0.001024s ]
[2026-08-20T17:49:53+08:00][sql] SHOW FULL COLUMNS FROM `withdraw` [ RunTime:0.001530s ]
[2026-08-20T17:49:53+08:00][sql] SELECT * FROM `withdraw` WHERE  `user_id` = 31 ORDER BY `id` DESC LIMIT 20 [ RunTime:0.001175s ]
[2026-08-20T17:49:53+08:00][sql] SHOW FULL COLUMNS FROM `pay_account` [ RunTime:0.001328s ]
[2026-08-20T17:49:53+08:00][sql] SELECT * FROM `pay_account` WHERE  `user_id` = 31 [ RunTime:0.001032s ]
[2026-08-20T17:49:53+08:00][sql] SELECT * FROM `withdraw` WHERE  `user_id` = 31  AND `status` = 0 LIMIT 1 [ RunTime:0.001275s ]
[2026-08-20T17:49:55+08:00][sql] CONNECT:[ UseTime:0.001400s ] mysql:host=127.0.0.1;port=3306;dbname=auction;charset=utf8mb4
[2026-08-20T17:49:55+08:00][sql] SHOW FULL COLUMNS FROM `goods` [ RunTime:0.002156s ]
[2026-08-20T17:49:55+08:00][sql] SELECT `id` FROM `goods` WHERE  `status` = 1  AND `end_time` <= 1787219395 [ RunTime:0.001276s ]
[2026-08-20T17:49:55+08:00][sql] SHOW FULL COLUMNS FROM `user` [ RunTime:0.001790s ]
[2026-08-20T17:49:55+08:00][sql] SELECT * FROM `user` WHERE  `id` = 31 LIMIT 1 [ RunTime:0.001290s ]
[2026-08-20T17:49:55+08:00][sql] SHOW FULL COLUMNS FROM `setting` [ RunTime:0.001352s ]
[2026-08-20T17:49:55+08:00][sql] SELECT * FROM `setting` [ RunTime:0.000933s ]
[2026-08-20T17:49:55+08:00][sql] SHOW FULL COLUMNS FROM `bid_record` [ RunTime:0.001510s ]
[2026-08-20T17:49:55+08:00][sql] SELECT COUNT(*) AS think_count FROM `bid_record` WHERE  `user_id` = 31 [ RunTime:0.000936s ]
[2026-08-20T17:49:55+08:00][sql] SHOW FULL COLUMNS FROM `order` [ RunTime:0.001767s ]
[2026-08-20T17:49:55+08:00][sql] SELECT COUNT(*) AS think_count FROM `order` WHERE  `buyer_id` = 31  AND `pay_status` = 1 [ RunTime:0.001075s ]
[2026-08-20T17:49:55+08:00][sql] SELECT COUNT(*) AS think_count FROM `goods` WHERE  `seller_id` = 31  AND `status` = 2 [ RunTime:0.000991s ]
[2026-08-20T17:49:55+08:00][sql] SELECT COUNT(*) AS think_count FROM `goods` WHERE  `seller_id` = 31 [ RunTime:0.000979s ]
[2026-08-20T17:49:55+08:00][sql] SELECT COUNT(*) AS think_count FROM `order` WHERE  `buyer_id` = 31  AND `pay_status` = 0  AND `order_status` = 0 [ RunTime:0.001057s ]
[2026-08-20T17:49:55+08:00][sql] SELECT COUNT(*) AS think_count FROM `order` WHERE  `seller_id` = 31  AND `order_status` = 1 [ RunTime:0.001051s ]
[2026-08-20T17:49:55+08:00][sql] SELECT COUNT(*) AS think_count FROM `order` WHERE  `buyer_id` = 31  AND `order_status` = 0  AND `pay_status` = 0 [ RunTime:0.000959s ]
[2026-08-20T17:49:55+08:00][sql] SELECT COUNT(*) AS think_count FROM `order` WHERE  `buyer_id` = 31  AND `order_status` = 1 [ RunTime:0.000794s ]
[2026-08-20T17:49:55+08:00][sql] SELECT COUNT(*) AS think_count FROM `order` WHERE  `buyer_id` = 31  AND `order_status` = 2 [ RunTime:0.000678s ]
[2026-08-20T17:49:55+08:00][sql] SELECT COUNT(*) AS think_count FROM `order` WHERE  `buyer_id` = 31  AND `order_status` = 3 [ RunTime:0.000792s ]
[2026-08-20T17:49:55+08:00][sql] SELECT COUNT(*) AS think_count FROM `order` WHERE  `seller_id` = 31  AND `order_status` = 1 [ RunTime:0.000818s ]
[2026-08-20T17:49:55+08:00][sql] SHOW FULL COLUMNS FROM `goods_favorite` [ RunTime:0.001416s ]
[2026-08-20T17:49:55+08:00][sql] SELECT COUNT(*) AS think_count FROM `goods_favorite` WHERE  `user_id` = 31 [ RunTime:0.000945s ]
[2026-08-20T17:49:55+08:00][sql] SHOW FULL COLUMNS FROM `seller_follow` [ RunTime:0.001663s ]
[2026-08-20T17:49:55+08:00][sql] SELECT COUNT(*) AS think_count FROM `seller_follow` WHERE  `user_id` = 31 [ RunTime:0.000858s ]
[2026-08-20T17:49:55+08:00][sql] SHOW FULL COLUMNS FROM `browse_history` [ RunTime:0.001354s ]
[2026-08-20T17:49:55+08:00][sql] SELECT COUNT(*) AS think_count FROM `browse_history` WHERE  `user_id` = 31 [ RunTime:0.001144s ]
[2026-08-20T17:49:55+08:00][sql] SHOW FULL COLUMNS FROM `sys_message` [ RunTime:0.001812s ]
[2026-08-20T17:49:55+08:00][sql] SELECT COUNT(*) AS think_count FROM `sys_message` WHERE  `user_id` = 31  AND `is_read` = 0 [ RunTime:0.001174s ]
[2026-08-20T17:49:55+08:00][sql] SHOW FULL COLUMNS FROM `balance_log` [ RunTime:0.001489s ]
[2026-08-20T17:49:55+08:00][sql] SELECT * FROM `balance_log` WHERE  `user_id` = 31 ORDER BY `id` DESC LIMIT 5 [ RunTime:0.001185s ]
[2026-08-20T17:49:55+08:00][sql] SELECT `b`.*,`g`.`title`,`g`.`cover`,g.status as goods_status,`g`.`end_time` FROM `bid_record` `b` LEFT JOIN `goods` `g` ON `b`.`goods_id`=`g`.`id` WHERE  `b`.`user_id` = '31' ORDER BY `b`.`id` DESC LIMIT 5 [ RunTime:0.001084s ]
[2026-08-20T17:49:55+08:00][sql] SELECT `id`,`nickname`,`mobile`,`reg_time` FROM `user` WHERE  `pid` = 31 ORDER BY `id` DESC LIMIT 10 [ RunTime:0.001115s ]
[2026-08-20T17:49:55+08:00][sql] SELECT `value` FROM `setting` WHERE  `name` = 'service_link' LIMIT 1 [ RunTime:0.001059s ]
[2026-08-20T17:49:55+08:00][sql] SELECT `is_virtual` FROM `user` WHERE  `id` = 31 LIMIT 1 [ RunTime:0.000766s ]
[2026-08-20T17:49:57+08:00][sql] CONNECT:[ UseTime:0.001264s ] mysql:host=127.0.0.1;port=3306;dbname=auction;charset=utf8mb4
[2026-08-20T17:49:57+08:00][sql] SHOW FULL COLUMNS FROM `goods` [ RunTime:0.002217s ]
[2026-08-20T17:49:57+08:00][sql] SELECT `id` FROM `goods` WHERE  `status` = 1  AND `end_time` <= 1787219397 [ RunTime:0.001326s ]
[2026-08-20T17:49:57+08:00][sql] SHOW FULL COLUMNS FROM `user` [ RunTime:0.001878s ]
[2026-08-20T17:49:57+08:00][sql] SELECT * FROM `user` WHERE  `id` = 31 LIMIT 1 [ RunTime:0.001203s ]
[2026-08-20T17:49:57+08:00][sql] SHOW FULL COLUMNS FROM `setting` [ RunTime:0.001470s ]
[2026-08-20T17:49:57+08:00][sql] SELECT * FROM `setting` [ RunTime:0.000758s ]
[2026-08-20T17:49:57+08:00][sql] SHOW FULL COLUMNS FROM `sys_message` [ RunTime:0.001511s ]
[2026-08-20T17:49:57+08:00][sql] SELECT COUNT(*) AS think_count FROM `sys_message` WHERE  `user_id` = 31 [ RunTime:0.000993s ]
[2026-08-20T17:49:57+08:00][sql] SELECT * FROM `sys_message` WHERE  `user_id` = 31 ORDER BY `id` DESC LIMIT 0,15 [ RunTime:0.000989s ]
[2026-08-20T17:50:08+08:00][sql] CONNECT:[ UseTime:0.001395s ] mysql:host=127.0.0.1;port=3306;dbname=auction;charset=utf8mb4
[2026-08-20T17:50:08+08:00][sql] SHOW FULL COLUMNS FROM `goods` [ RunTime:0.002756s ]
[2026-08-20T17:50:08+08:00][sql] SELECT `id` FROM `goods` WHERE  `status` = 1  AND `end_time` <= 1787219408 [ RunTime:0.001060s ]
[2026-08-20T17:50:08+08:00][sql] SHOW FULL COLUMNS FROM `user` [ RunTime:0.001855s ]
[2026-08-20T17:50:08+08:00][sql] SELECT * FROM `user` WHERE  `id` = 31 LIMIT 1 [ RunTime:0.001179s ]
[2026-08-20T17:50:08+08:00][sql] SHOW FULL COLUMNS FROM `setting` [ RunTime:0.001347s ]
[2026-08-20T17:50:08+08:00][sql] SELECT * FROM `setting` [ RunTime:0.000903s ]
[2026-08-20T17:50:08+08:00][sql] SELECT COUNT(*) AS think_count FROM `goods` `g` LEFT JOIN `user` `u` ON `g`.`seller_id`=`u`.`id` WHERE  `g`.`status` = '1'  AND `g`.`start_time` <= '1787219408'  AND `g`.`end_time` > '1787219408' [ RunTime:0.001325s ]
[2026-08-20T17:50:08+08:00][sql] SELECT `g`.*,u.nickname as seller_name FROM `goods` `g` LEFT JOIN `user` `u` ON `g`.`seller_id`=`u`.`id` WHERE  `g`.`status` = '1'  AND `g`.`start_time` <= '1787219408'  AND `g`.`end_time` > '1787219408' ORDER BY `g`.`end_time` ASC,`g`.`id` DESC LIMIT 0,10 [ RunTime:0.001377s ]
[2026-08-20T17:50:08+08:00][sql] SHOW FULL COLUMNS FROM `bid_record` [ RunTime:0.001231s ]
[2026-08-20T17:50:08+08:00][sql] SELECT MAX(`price`) AS think_max FROM `bid_record` WHERE  `goods_id` = 36  AND `status` = 0 [ RunTime:0.000885s ]
[2026-08-20T17:50:08+08:00][sql] SHOW FULL COLUMNS FROM `category` [ RunTime:0.001358s ]
[2026-08-20T17:50:08+08:00][sql] SELECT * FROM `category` WHERE  `status` = 1 ORDER BY `sort` ASC [ RunTime:0.000949s ]
[2026-08-20T17:50:08+08:00][sql] SELECT `b`.`price`,`b`.`create_time`,`g`.`title`,`u`.`nickname` FROM `bid_record` `b` LEFT JOIN `goods` `g` ON `b`.`goods_id`=`g`.`id` LEFT JOIN `user` `u` ON `b`.`user_id`=`u`.`id` WHERE  `b`.`status` = '1' ORDER BY `b`.`id` DESC LIMIT 5 [ RunTime:0.001227s ]
[2026-08-20T17:50:08+08:00][sql] SHOW FULL COLUMNS FROM `news` [ RunTime:0.001592s ]
[2026-08-20T17:50:08+08:00][sql] SELECT `id`,`title`,`create_time` FROM `news` WHERE  `status` = 1 ORDER BY `id` DESC LIMIT 3 [ RunTime:0.001007s ]
[2026-08-20T17:50:08+08:00][sql] SHOW FULL COLUMNS FROM `banner` [ RunTime:0.001626s ]
[2026-08-20T17:50:08+08:00][sql] SELECT * FROM `banner` WHERE  `status` = 1 ORDER BY `sort` ASC,`id` ASC [ RunTime:0.000975s ]
[2026-08-20T17:52:54+08:00][sql] CONNECT:[ UseTime:0.001472s ] mysql:host=127.0.0.1;port=3306;dbname=auction;charset=utf8mb4
[2026-08-20T17:52:54+08:00][sql] SHOW FULL COLUMNS FROM `goods` [ RunTime:0.001977s ]
[2026-08-20T17:52:54+08:00][sql] SELECT `id` FROM `goods` WHERE  `status` = 1  AND `end_time` <= 1787219574 [ RunTime:0.001343s ]
[2026-08-20T17:52:54+08:00][sql] SHOW FULL COLUMNS FROM `user` [ RunTime:0.001778s ]
[2026-08-20T17:52:54+08:00][sql] SELECT * FROM `user` WHERE  `id` = 31 LIMIT 1 [ RunTime:0.001374s ]
[2026-08-20T17:52:54+08:00][sql] SHOW FULL COLUMNS FROM `setting` [ RunTime:0.001846s ]
[2026-08-20T17:52:54+08:00][sql] SELECT * FROM `setting` [ RunTime:0.000976s ]
[2026-08-20T17:52:54+08:00][sql] SHOW FULL COLUMNS FROM `bid_record` [ RunTime:0.001866s ]
[2026-08-20T17:52:54+08:00][sql] SELECT COUNT(*) AS think_count FROM `bid_record` WHERE  `user_id` = 31 [ RunTime:0.001088s ]
[2026-08-20T17:52:54+08:00][sql] SHOW FULL COLUMNS FROM `order` [ RunTime:0.001994s ]
[2026-08-20T17:52:54+08:00][sql] SELECT COUNT(*) AS think_count FROM `order` WHERE  `buyer_id` = 31  AND `pay_status` = 1 [ RunTime:0.000887s ]
[2026-08-20T17:52:54+08:00][sql] SELECT COUNT(*) AS think_count FROM `goods` WHERE  `seller_id` = 31  AND `status` = 2 [ RunTime:0.001107s ]
[2026-08-20T17:52:54+08:00][sql] SELECT COUNT(*) AS think_count FROM `goods` WHERE  `seller_id` = 31 [ RunTime:0.000899s ]
[2026-08-20T17:52:54+08:00][sql] SELECT COUNT(*) AS think_count FROM `order` WHERE  `buyer_id` = 31  AND `pay_status` = 0  AND `order_status` = 0 [ RunTime:0.001088s ]
[2026-08-20T17:52:54+08:00][sql] SELECT COUNT(*) AS think_count FROM `order` WHERE  `seller_id` = 31  AND `order_status` = 1 [ RunTime:0.000944s ]
[2026-08-20T17:52:54+08:00][sql] SELECT COUNT(*) AS think_count FROM `order` WHERE  `buyer_id` = 31  AND `order_status` = 0  AND `pay_status` = 0 [ RunTime:0.000863s ]
[2026-08-20T17:52:54+08:00][sql] SELECT COUNT(*) AS think_count FROM `order` WHERE  `buyer_id` = 31  AND `order_status` = 1 [ RunTime:0.001111s ]
[2026-08-20T17:52:54+08:00][sql] SELECT COUNT(*) AS think_count FROM `order` WHERE  `buyer_id` = 31  AND `order_status` = 2 [ RunTime:0.001039s ]
[2026-08-20T17:52:54+08:00][sql] SELECT COUNT(*) AS think_count FROM `order` WHERE  `buyer_id` = 31  AND `order_status` = 3 [ RunTime:0.001003s ]
[2026-08-20T17:52:54+08:00][sql] SELECT COUNT(*) AS think_count FROM `order` WHERE  `seller_id` = 31  AND `order_status` = 1 [ RunTime:0.000734s ]
[2026-08-20T17:52:54+08:00][sql] SHOW FULL COLUMNS FROM `goods_favorite` [ RunTime:0.001547s ]
[2026-08-20T17:52:54+08:00][sql] SELECT COUNT(*) AS think_count FROM `goods_favorite` WHERE  `user_id` = 31 [ RunTime:0.000970s ]
[2026-08-20T17:52:54+08:00][sql] SHOW FULL COLUMNS FROM `seller_follow` [ RunTime:0.001562s ]
[2026-08-20T17:52:54+08:00][sql] SELECT COUNT(*) AS think_count FROM `seller_follow` WHERE  `user_id` = 31 [ RunTime:0.000877s ]
[2026-08-20T17:52:54+08:00][sql] SHOW FULL COLUMNS FROM `browse_history` [ RunTime:0.001560s ]
[2026-08-20T17:52:54+08:00][sql] SELECT COUNT(*) AS think_count FROM `browse_history` WHERE  `user_id` = 31 [ RunTime:0.000993s ]
[2026-08-20T17:52:54+08:00][sql] SHOW FULL COLUMNS FROM `sys_message` [ RunTime:0.001571s ]
[2026-08-20T17:52:54+08:00][sql] SELECT COUNT(*) AS think_count FROM `sys_message` WHERE  `user_id` = 31  AND `is_read` = 0 [ RunTime:0.000902s ]
[2026-08-20T17:52:54+08:00][sql] SHOW FULL COLUMNS FROM `balance_log` [ RunTime:0.001609s ]
[2026-08-20T17:52:54+08:00][sql] SELECT * FROM `balance_log` WHERE  `user_id` = 31 ORDER BY `id` DESC LIMIT 5 [ RunTime:0.001193s ]
[2026-08-20T17:52:54+08:00][sql] SELECT `b`.*,`g`.`title`,`g`.`cover`,g.status as goods_status,`g`.`end_time` FROM `bid_record` `b` LEFT JOIN `goods` `g` ON `b`.`goods_id`=`g`.`id` WHERE  `b`.`user_id` = '31' ORDER BY `b`.`id` DESC LIMIT 5 [ RunTime:0.001234s ]
[2026-08-20T17:52:54+08:00][sql] SELECT `id`,`nickname`,`mobile`,`reg_time` FROM `user` WHERE  `pid` = 31 ORDER BY `id` DESC LIMIT 10 [ RunTime:0.001018s ]
[2026-08-20T17:52:54+08:00][sql] SELECT `value` FROM `setting` WHERE  `name` = 'service_link' LIMIT 1 [ RunTime:0.001040s ]
[2026-08-20T17:52:54+08:00][sql] SELECT `is_virtual` FROM `user` WHERE  `id` = 31 LIMIT 1 [ RunTime:0.000995s ]
[2026-08-20T17:53:07+08:00][sql] CONNECT:[ UseTime:0.001475s ] mysql:host=127.0.0.1;port=3306;dbname=auction;charset=utf8mb4
[2026-08-20T17:53:07+08:00][sql] SHOW FULL COLUMNS FROM `goods` [ RunTime:0.003031s ]
[2026-08-20T17:53:07+08:00][sql] SELECT `id` FROM `goods` WHERE  `status` = 1  AND `end_time` <= 1787219587 [ RunTime:0.001195s ]
[2026-08-20T17:53:07+08:00][sql] SHOW FULL COLUMNS FROM `user` [ RunTime:0.002508s ]
[2026-08-20T17:53:07+08:00][sql] SELECT * FROM `user` WHERE  `id` = 31 LIMIT 1 [ RunTime:0.001341s ]
[2026-08-20T17:53:07+08:00][sql] SHOW FULL COLUMNS FROM `setting` [ RunTime:0.001846s ]
[2026-08-20T17:53:07+08:00][sql] SELECT * FROM `setting` [ RunTime:0.001047s ]
[2026-08-20T17:53:07+08:00][sql] SHOW FULL COLUMNS FROM `bid_record` [ RunTime:0.001758s ]
[2026-08-20T17:53:07+08:00][sql] SELECT COUNT(*) AS think_count FROM `bid_record` WHERE  `user_id` = 31 [ RunTime:0.001124s ]
[2026-08-20T17:53:07+08:00][sql] SHOW FULL COLUMNS FROM `order` [ RunTime:0.002281s ]
[2026-08-20T17:53:07+08:00][sql] SELECT COUNT(*) AS think_count FROM `order` WHERE  `buyer_id` = 31  AND `pay_status` = 1 [ RunTime:0.001138s ]
[2026-08-20T17:53:07+08:00][sql] SELECT COUNT(*) AS think_count FROM `goods` WHERE  `seller_id` = 31  AND `status` = 2 [ RunTime:0.001069s ]
[2026-08-20T17:53:07+08:00][sql] SELECT COUNT(*) AS think_count FROM `goods` WHERE  `seller_id` = 31 [ RunTime:0.000931s ]
[2026-08-20T17:53:07+08:00][sql] SELECT COUNT(*) AS think_count FROM `order` WHERE  `buyer_id` = 31  AND `pay_status` = 0  AND `order_status` = 0 [ RunTime:0.000978s ]
[2026-08-20T17:53:07+08:00][sql] SELECT COUNT(*) AS think_count FROM `order` WHERE  `seller_id` = 31  AND `order_status` = 1 [ RunTime:0.001011s ]
[2026-08-20T17:53:07+08:00][sql] SELECT COUNT(*) AS think_count FROM `order` WHERE  `buyer_id` = 31  AND `order_status` = 0  AND `pay_status` = 0 [ RunTime:0.001020s ]
[2026-08-20T17:53:07+08:00][sql] SELECT COUNT(*) AS think_count FROM `order` WHERE  `buyer_id` = 31  AND `order_status` = 1 [ RunTime:0.000991s ]
[2026-08-20T17:53:07+08:00][sql] SELECT COUNT(*) AS think_count FROM `order` WHERE  `buyer_id` = 31  AND `order_status` = 2 [ RunTime:0.000981s ]
[2026-08-20T17:53:07+08:00][sql] SELECT COUNT(*) AS think_count FROM `order` WHERE  `buyer_id` = 31  AND `order_status` = 3 [ RunTime:0.001276s ]
[2026-08-20T17:53:07+08:00][sql] SELECT COUNT(*) AS think_count FROM `order` WHERE  `seller_id` = 31  AND `order_status` = 1 [ RunTime:0.000924s ]
[2026-08-20T17:53:07+08:00][sql] SHOW FULL COLUMNS FROM `goods_favorite` [ RunTime:0.001685s ]
[2026-08-20T17:53:07+08:00][sql] SELECT COUNT(*) AS think_count FROM `goods_favorite` WHERE  `user_id` = 31 [ RunTime:0.000951s ]
[2026-08-20T17:53:07+08:00][sql] SHOW FULL COLUMNS FROM `seller_follow` [ RunTime:0.001579s ]
[2026-08-20T17:53:07+08:00][sql] SELECT COUNT(*) AS think_count FROM `seller_follow` WHERE  `user_id` = 31 [ RunTime:0.000929s ]
[2026-08-20T17:53:07+08:00][sql] SHOW FULL COLUMNS FROM `browse_history` [ RunTime:0.001545s ]
[2026-08-20T17:53:07+08:00][sql] SELECT COUNT(*) AS think_count FROM `browse_history` WHERE  `user_id` = 31 [ RunTime:0.001113s ]
[2026-08-20T17:53:07+08:00][sql] SHOW FULL COLUMNS FROM `sys_message` [ RunTime:0.001507s ]
[2026-08-20T17:53:07+08:00][sql] SELECT COUNT(*) AS think_count FROM `sys_message` WHERE  `user_id` = 31  AND `is_read` = 0 [ RunTime:0.001082s ]
[2026-08-20T17:53:07+08:00][sql] SHOW FULL COLUMNS FROM `balance_log` [ RunTime:0.001588s ]
[2026-08-20T17:53:07+08:00][sql] SELECT * FROM `balance_log` WHERE  `user_id` = 31 ORDER BY `id` DESC LIMIT 5 [ RunTime:0.001257s ]
[2026-08-20T17:53:07+08:00][sql] SELECT `b`.*,`g`.`title`,`g`.`cover`,g.status as goods_status,`g`.`end_time` FROM `bid_record` `b` LEFT JOIN `goods` `g` ON `b`.`goods_id`=`g`.`id` WHERE  `b`.`user_id` = '31' ORDER BY `b`.`id` DESC LIMIT 5 [ RunTime:0.001629s ]
[2026-08-20T17:53:07+08:00][sql] SELECT `id`,`nickname`,`mobile`,`reg_time` FROM `user` WHERE  `pid` = 31 ORDER BY `id` DESC LIMIT 10 [ RunTime:0.001549s ]
[2026-08-20T17:53:07+08:00][sql] SELECT `value` FROM `setting` WHERE  `name` = 'service_link' LIMIT 1 [ RunTime:0.000952s ]
[2026-08-20T17:53:07+08:00][sql] SELECT `is_virtual` FROM `user` WHERE  `id` = 31 LIMIT 1 [ RunTime:0.000870s ]
[2026-08-20T17:53:09+08:00][sql] CONNECT:[ UseTime:0.001248s ] mysql:host=127.0.0.1;port=3306;dbname=auction;charset=utf8mb4
[2026-08-20T17:53:09+08:00][sql] SHOW FULL COLUMNS FROM `goods` [ RunTime:0.001957s ]
[2026-08-20T17:53:09+08:00][sql] SELECT `id` FROM `goods` WHERE  `status` = 1  AND `end_time` <= 1787219589 [ RunTime:0.001308s ]
[2026-08-20T17:53:09+08:00][sql] SHOW FULL COLUMNS FROM `user` [ RunTime:0.002367s ]
[2026-08-20T17:53:09+08:00][sql] SELECT * FROM `user` WHERE  `id` = 31 LIMIT 1 [ RunTime:0.001344s ]
[2026-08-20T17:53:09+08:00][sql] SHOW FULL COLUMNS FROM `setting` [ RunTime:0.001644s ]
[2026-08-20T17:53:09+08:00][sql] SELECT * FROM `setting` [ RunTime:0.000931s ]
[2026-08-20T17:53:09+08:00][sql] SELECT COUNT(*) AS think_count FROM `goods` WHERE  `seller_id` = 31 [ RunTime:0.000992s ]
[2026-08-20T17:53:09+08:00][sql] SELECT * FROM `goods` WHERE  `seller_id` = 31 ORDER BY `id` DESC LIMIT 0,10 [ RunTime:0.001126s ]
[2026-08-20T17:53:11+08:00][sql] CONNECT:[ UseTime:0.001802s ] mysql:host=127.0.0.1;port=3306;dbname=auction;charset=utf8mb4
[2026-08-20T17:53:11+08:00][sql] SHOW FULL COLUMNS FROM `goods` [ RunTime:0.002870s ]
[2026-08-20T17:53:11+08:00][sql] SELECT `id` FROM `goods` WHERE  `status` = 1  AND `end_time` <= 1787219591 [ RunTime:0.001653s ]
[2026-08-20T17:53:11+08:00][sql] SHOW FULL COLUMNS FROM `user` [ RunTime:0.004193s ]
[2026-08-20T17:53:11+08:00][sql] SELECT * FROM `user` WHERE  `id` = 31 LIMIT 1 [ RunTime:0.001393s ]
[2026-08-20T17:53:11+08:00][sql] SHOW FULL COLUMNS FROM `setting` [ RunTime:0.001686s ]
[2026-08-20T17:53:11+08:00][sql] SELECT * FROM `setting` [ RunTime:0.001004s ]
[2026-08-20T17:53:11+08:00][sql] SHOW FULL COLUMNS FROM `category` [ RunTime:0.001778s ]
[2026-08-20T17:53:11+08:00][sql] SELECT * FROM `category` WHERE  `status` = 1 ORDER BY `sort` ASC [ RunTime:0.001230s ]
[2026-08-20T17:53:11+08:00][sql] SELECT `value` FROM `setting` WHERE  `name` = 'publish_protocol' LIMIT 1 [ RunTime:0.000881s ]
[2026-08-20T17:54:04+08:00][sql] CONNECT:[ UseTime:0.001144s ] mysql:host=127.0.0.1;port=3306;dbname=auction;charset=utf8mb4
[2026-08-20T17:54:04+08:00][sql] SHOW FULL COLUMNS FROM `goods` [ RunTime:0.001952s ]
[2026-08-20T17:54:04+08:00][sql] SELECT `id` FROM `goods` WHERE  `status` = 1  AND `end_time` <= 1787219644 [ RunTime:0.001060s ]
[2026-08-20T17:54:04+08:00][sql] SHOW FULL COLUMNS FROM `user` [ RunTime:0.001551s ]
[2026-08-20T17:54:04+08:00][sql] SELECT * FROM `user` WHERE  `id` = 31 LIMIT 1 [ RunTime:0.001052s ]
[2026-08-20T17:54:04+08:00][sql] SHOW FULL COLUMNS FROM `setting` [ RunTime:0.001197s ]
[2026-08-20T17:54:04+08:00][sql] SELECT * FROM `setting` [ RunTime:0.000646s ]
[2026-08-20T17:54:10+08:00][sql] CONNECT:[ UseTime:0.001372s ] mysql:host=127.0.0.1;port=3306;dbname=auction;charset=utf8mb4
[2026-08-20T17:54:10+08:00][sql] SHOW FULL COLUMNS FROM `goods` [ RunTime:0.001748s ]
[2026-08-20T17:54:10+08:00][sql] SELECT `id` FROM `goods` WHERE  `status` = 1  AND `end_time` <= 1787219650 [ RunTime:0.001319s ]
[2026-08-20T17:54:10+08:00][sql] SHOW FULL COLUMNS FROM `user` [ RunTime:0.001844s ]
[2026-08-20T17:54:10+08:00][sql] SELECT * FROM `user` WHERE  `id` = 31 LIMIT 1 [ RunTime:0.001166s ]
[2026-08-20T17:54:10+08:00][sql] SHOW FULL COLUMNS FROM `setting` [ RunTime:0.001561s ]
[2026-08-20T17:54:10+08:00][sql] SELECT * FROM `setting` [ RunTime:0.000893s ]
[2026-08-20T17:54:12+08:00][sql] CONNECT:[ UseTime:0.001304s ] mysql:host=127.0.0.1;port=3306;dbname=auction;charset=utf8mb4
[2026-08-20T17:54:12+08:00][sql] SHOW FULL COLUMNS FROM `goods` [ RunTime:0.001989s ]
[2026-08-20T17:54:12+08:00][sql] SELECT `id` FROM `goods` WHERE  `status` = 1  AND `end_time` <= 1787219652 [ RunTime:0.001084s ]
[2026-08-20T17:54:12+08:00][sql] SHOW FULL COLUMNS FROM `user` [ RunTime:0.001786s ]
[2026-08-20T17:54:12+08:00][sql] SELECT * FROM `user` WHERE  `id` = 31 LIMIT 1 [ RunTime:0.001118s ]
[2026-08-20T17:54:12+08:00][sql] SHOW FULL COLUMNS FROM `setting` [ RunTime:0.001448s ]
[2026-08-20T17:54:12+08:00][sql] SELECT * FROM `setting` [ RunTime:0.000801s ]
[2026-08-20T17:54:16+08:00][sql] CONNECT:[ UseTime:0.001178s ] mysql:host=127.0.0.1;port=3306;dbname=auction;charset=utf8mb4
[2026-08-20T17:54:16+08:00][sql] SHOW FULL COLUMNS FROM `goods` [ RunTime:0.002101s ]
[2026-08-20T17:54:16+08:00][sql] SELECT `id` FROM `goods` WHERE  `status` = 1  AND `end_time` <= 1787219656 [ RunTime:0.001029s ]
[2026-08-20T17:54:16+08:00][sql] SHOW FULL COLUMNS FROM `user` [ RunTime:0.001548s ]
[2026-08-20T17:54:16+08:00][sql] SELECT * FROM `user` WHERE  `id` = 31 LIMIT 1 [ RunTime:0.001404s ]
[2026-08-20T17:54:16+08:00][sql] SHOW FULL COLUMNS FROM `setting` [ RunTime:0.001434s ]
[2026-08-20T17:54:16+08:00][sql] SELECT * FROM `setting` [ RunTime:0.000731s ]
[2026-08-20T17:54:19+08:00][sql] CONNECT:[ UseTime:0.001287s ] mysql:host=127.0.0.1;port=3306;dbname=auction;charset=utf8mb4
[2026-08-20T17:54:19+08:00][sql] SHOW FULL COLUMNS FROM `goods` [ RunTime:0.002189s ]
[2026-08-20T17:54:19+08:00][sql] SELECT `id` FROM `goods` WHERE  `status` = 1  AND `end_time` <= 1787219659 [ RunTime:0.001075s ]
[2026-08-20T17:54:19+08:00][sql] SHOW FULL COLUMNS FROM `user` [ RunTime:0.001629s ]
[2026-08-20T17:54:19+08:00][sql] SELECT * FROM `user` WHERE  `id` = 31 LIMIT 1 [ RunTime:0.001275s ]
[2026-08-20T17:54:19+08:00][sql] SHOW FULL COLUMNS FROM `setting` [ RunTime:0.001389s ]
[2026-08-20T17:54:19+08:00][sql] SELECT * FROM `setting` [ RunTime:0.000879s ]
[2026-08-20T17:54:19+08:00][sql] INSERT INTO `goods` SET `seller_id` = 31 , `category_id` = 2 , `title` = 'cesium2' , `cover` = '/uploads/20260820/175404_1905.png' , `images` = '[\"\\/uploads\\/20260820\\/175404_1905.png\",\"\\/uploads\\/20260820\\/175410_2552.png\",\"\\/uploads\\/20260820\\/175412_3513.png\",\"\\/uploads\\/20260820\\/175416_9584.png\"]' , `content` = '测试内容' , `start_price` = '1000' , `raise_price` = '100' , `reserve_price` = '0' , `deposit` = '1000' , `commission_rate` = '0' , `start_time` = 1787219659 , `end_time` = 1787478780 , `delay_seconds` = 0 , `is_free_shipping` = 0 , `is_featured` = 0 , `status` = 0 , `create_time` = 1787219659 , `update_time` = 1787219659 [ RunTime:0.005923s ]
[2026-08-20T17:54:19+08:00][sql] CONNECT:[ UseTime:0.001374s ] mysql:host=127.0.0.1;port=3306;dbname=auction;charset=utf8mb4
[2026-08-20T17:54:19+08:00][sql] SHOW FULL COLUMNS FROM `goods` [ RunTime:0.001917s ]
[2026-08-20T17:54:19+08:00][sql] SELECT `id` FROM `goods` WHERE  `status` = 1  AND `end_time` <= 1787219659 [ RunTime:0.001154s ]
[2026-08-20T17:54:19+08:00][sql] SHOW FULL COLUMNS FROM `user` [ RunTime:0.001701s ]
[2026-08-20T17:54:19+08:00][sql] SELECT * FROM `user` WHERE  `id` = 31 LIMIT 1 [ RunTime:0.001247s ]
[2026-08-20T17:54:19+08:00][sql] SHOW FULL COLUMNS FROM `setting` [ RunTime:0.001428s ]
[2026-08-20T17:54:19+08:00][sql] SELECT * FROM `setting` [ RunTime:0.000993s ]
[2026-08-20T17:54:19+08:00][sql] SELECT COUNT(*) AS think_count FROM `goods` WHERE  `seller_id` = 31 [ RunTime:0.000924s ]
[2026-08-20T17:54:19+08:00][sql] SELECT * FROM `goods` WHERE  `seller_id` = 31 ORDER BY `id` DESC LIMIT 0,10 [ RunTime:0.001050s ]
[2026-08-20T17:54:19+08:00][sql] SHOW FULL COLUMNS FROM `bid_record` [ RunTime:0.001481s ]
[2026-08-20T17:54:19+08:00][sql] SELECT MAX(`price`) AS think_max FROM `bid_record` WHERE  `goods_id` = 38  AND `status` = 0 [ RunTime:0.001220s ]
[2026-08-20T17:54:28+08:00][sql] CONNECT:[ UseTime:0.001314s ] mysql:host=127.0.0.1;port=3306;dbname=auction;charset=utf8mb4
[2026-08-20T17:54:28+08:00][sql] SHOW FULL COLUMNS FROM `goods` [ RunTime:0.001952s ]
[2026-08-20T17:54:28+08:00][sql] SELECT `id` FROM `goods` WHERE  `status` = 1  AND `end_time` <= 1787219668 [ RunTime:0.001114s ]
[2026-08-20T17:54:28+08:00][sql] SHOW FULL COLUMNS FROM `user` [ RunTime:0.001693s ]
[2026-08-20T17:54:28+08:00][sql] SELECT * FROM `user` WHERE  `id` = 31 LIMIT 1 [ RunTime:0.001122s ]
[2026-08-20T17:54:28+08:00][sql] SHOW FULL COLUMNS FROM `setting` [ RunTime:0.001398s ]
[2026-08-20T17:54:28+08:00][sql] SELECT * FROM `setting` [ RunTime:0.000880s ]
[2026-08-20T17:54:28+08:00][sql] SELECT COUNT(*) AS think_count FROM `goods` WHERE  `seller_id` = 31 [ RunTime:0.000831s ]
[2026-08-20T17:54:28+08:00][sql] SELECT * FROM `goods` WHERE  `seller_id` = 31 ORDER BY `id` DESC LIMIT 0,10 [ RunTime:0.001097s ]
[2026-08-20T17:54:28+08:00][sql] SHOW FULL COLUMNS FROM `bid_record` [ RunTime:0.001425s ]
[2026-08-20T17:54:28+08:00][sql] SELECT MAX(`price`) AS think_max FROM `bid_record` WHERE  `goods_id` = 38  AND `status` = 0 [ RunTime:0.000867s ]
[2026-08-20T17:54:29+08:00][sql] CONNECT:[ UseTime:0.001385s ] mysql:host=127.0.0.1;port=3306;dbname=auction;charset=utf8mb4
[2026-08-20T17:54:29+08:00][sql] SHOW FULL COLUMNS FROM `goods` [ RunTime:0.001784s ]
[2026-08-20T17:54:29+08:00][sql] SELECT `id` FROM `goods` WHERE  `status` = 1  AND `end_time` <= 1787219669 [ RunTime:0.001159s ]
[2026-08-20T17:54:29+08:00][sql] SHOW FULL COLUMNS FROM `user` [ RunTime:0.001786s ]
[2026-08-20T17:54:29+08:00][sql] SELECT * FROM `user` WHERE  `id` = 31 LIMIT 1 [ RunTime:0.001047s ]
[2026-08-20T17:54:29+08:00][sql] SHOW FULL COLUMNS FROM `setting` [ RunTime:0.001368s ]
[2026-08-20T17:54:29+08:00][sql] SELECT * FROM `setting` [ RunTime:0.000744s ]
[2026-08-20T17:54:29+08:00][sql] SELECT COUNT(*) AS think_count FROM `goods` WHERE  `seller_id` = 31  AND `status` = 1 [ RunTime:0.000948s ]
[2026-08-20T17:54:29+08:00][sql] SELECT * FROM `goods` WHERE  `seller_id` = 31  AND `status` = 1 ORDER BY `id` DESC LIMIT 0,10 [ RunTime:0.001022s ]
[2026-08-20T17:54:30+08:00][sql] CONNECT:[ UseTime:0.001746s ] mysql:host=127.0.0.1;port=3306;dbname=auction;charset=utf8mb4
[2026-08-20T17:54:30+08:00][sql] SHOW FULL COLUMNS FROM `goods` [ RunTime:0.003018s ]
[2026-08-20T17:54:30+08:00][sql] SELECT `id` FROM `goods` WHERE  `status` = 1  AND `end_time` <= 1787219670 [ RunTime:0.001304s ]
[2026-08-20T17:54:30+08:00][sql] SHOW FULL COLUMNS FROM `user` [ RunTime:0.001451s ]
[2026-08-20T17:54:30+08:00][sql] SELECT * FROM `user` WHERE  `id` = 31 LIMIT 1 [ RunTime:0.001056s ]
[2026-08-20T17:54:30+08:00][sql] SHOW FULL COLUMNS FROM `setting` [ RunTime:0.001193s ]
[2026-08-20T17:54:30+08:00][sql] SELECT * FROM `setting` [ RunTime:0.000691s ]
[2026-08-20T17:54:30+08:00][sql] SELECT COUNT(*) AS think_count FROM `goods` WHERE  `seller_id` = 31 [ RunTime:0.000830s ]
[2026-08-20T17:54:30+08:00][sql] SELECT * FROM `goods` WHERE  `seller_id` = 31 ORDER BY `id` DESC LIMIT 0,10 [ RunTime:0.001001s ]
[2026-08-20T17:54:30+08:00][sql] SHOW FULL COLUMNS FROM `bid_record` [ RunTime:0.001246s ]
[2026-08-20T17:54:30+08:00][sql] SELECT MAX(`price`) AS think_max FROM `bid_record` WHERE  `goods_id` = 38  AND `status` = 0 [ RunTime:0.000901s ]
[2026-08-20T17:54:52+08:00][sql] CONNECT:[ UseTime:0.001283s ] mysql:host=127.0.0.1;port=3306;dbname=auction;charset=utf8mb4
[2026-08-20T17:54:52+08:00][sql] SHOW FULL COLUMNS FROM `goods` [ RunTime:0.001894s ]
[2026-08-20T17:54:52+08:00][sql] SELECT `id` FROM `goods` WHERE  `status` = 1  AND `end_time` <= 1787219692 [ RunTime:0.001220s ]
[2026-08-20T17:54:52+08:00][sql] SHOW FULL COLUMNS FROM `user` [ RunTime:0.001659s ]
[2026-08-20T17:54:52+08:00][sql] SELECT * FROM `user` WHERE  `id` = 31 LIMIT 1 [ RunTime:0.001679s ]
[2026-08-20T17:54:52+08:00][sql] SHOW FULL COLUMNS FROM `setting` [ RunTime:0.001350s ]
[2026-08-20T17:54:52+08:00][sql] SELECT * FROM `setting` [ RunTime:0.000855s ]
[2026-08-20T17:54:52+08:00][sql] SELECT COUNT(*) AS think_count FROM `goods` WHERE  `seller_id` = 31  AND `status` = 0 [ RunTime:0.001001s ]
[2026-08-20T17:54:52+08:00][sql] SELECT * FROM `goods` WHERE  `seller_id` = 31  AND `status` = 0 ORDER BY `id` DESC LIMIT 0,10 [ RunTime:0.001025s ]
[2026-08-20T17:54:52+08:00][sql] SHOW FULL COLUMNS FROM `bid_record` [ RunTime:0.001409s ]
[2026-08-20T17:54:52+08:00][sql] SELECT MAX(`price`) AS think_max FROM `bid_record` WHERE  `goods_id` = 38  AND `status` = 0 [ RunTime:0.000924s ]
[2026-08-20T17:56:14+08:00][sql] CONNECT:[ UseTime:0.001431s ] mysql:host=127.0.0.1;port=3306;dbname=auction;charset=utf8mb4
[2026-08-20T17:56:14+08:00][sql] SHOW FULL COLUMNS FROM `goods` [ RunTime:0.001895s ]
[2026-08-20T17:56:14+08:00][sql] SELECT `id` FROM `goods` WHERE  `status` = 1  AND `end_time` <= 1787219774 [ RunTime:0.001097s ]
[2026-08-20T17:56:14+08:00][sql] SHOW FULL COLUMNS FROM `user` [ RunTime:0.001765s ]
[2026-08-20T17:56:14+08:00][sql] SELECT * FROM `user` WHERE  `id` = 31 LIMIT 1 [ RunTime:0.001246s ]
[2026-08-20T17:56:14+08:00][sql] SHOW FULL COLUMNS FROM `setting` [ RunTime:0.001227s ]
[2026-08-20T17:56:14+08:00][sql] SELECT * FROM `setting` [ RunTime:0.000897s ]
[2026-08-20T17:56:14+08:00][sql] SELECT COUNT(*) AS think_count FROM `goods` WHERE  `seller_id` = 31  AND `status` = 0 [ RunTime:0.000935s ]
[2026-08-20T17:56:14+08:00][sql] SELECT * FROM `goods` WHERE  `seller_id` = 31  AND `status` = 0 ORDER BY `id` DESC LIMIT 0,10 [ RunTime:0.001182s ]
[2026-08-20T17:56:16+08:00][sql] CONNECT:[ UseTime:0.001333s ] mysql:host=127.0.0.1;port=3306;dbname=auction;charset=utf8mb4
[2026-08-20T17:56:16+08:00][sql] SHOW FULL COLUMNS FROM `goods` [ RunTime:0.001771s ]
[2026-08-20T17:56:16+08:00][sql] SELECT `id` FROM `goods` WHERE  `status` = 1  AND `end_time` <= 1787219776 [ RunTime:0.001145s ]
[2026-08-20T17:56:16+08:00][sql] SHOW FULL COLUMNS FROM `user` [ RunTime:0.001667s ]
[2026-08-20T17:56:16+08:00][sql] SELECT * FROM `user` WHERE  `id` = 31 LIMIT 1 [ RunTime:0.001046s ]
[2026-08-20T17:56:16+08:00][sql] SHOW FULL COLUMNS FROM `setting` [ RunTime:0.001434s ]
[2026-08-20T17:56:16+08:00][sql] SELECT * FROM `setting` [ RunTime:0.000801s ]
[2026-08-20T17:56:16+08:00][sql] SELECT COUNT(*) AS think_count FROM `goods` WHERE  `seller_id` = 31  AND `status` = 1 [ RunTime:0.000983s ]
[2026-08-20T17:56:16+08:00][sql] SELECT * FROM `goods` WHERE  `seller_id` = 31  AND `status` = 1 ORDER BY `id` DESC LIMIT 0,10 [ RunTime:0.001010s ]
[2026-08-20T17:56:16+08:00][sql] SHOW FULL COLUMNS FROM `bid_record` [ RunTime:0.001277s ]
[2026-08-20T17:56:16+08:00][sql] SELECT MAX(`price`) AS think_max FROM `bid_record` WHERE  `goods_id` = 38  AND `status` = 0 [ RunTime:0.000939s ]
[2026-08-20T17:56:23+08:00][sql] CONNECT:[ UseTime:0.001272s ] mysql:host=127.0.0.1;port=3306;dbname=auction;charset=utf8mb4
[2026-08-20T17:56:23+08:00][sql] SHOW FULL COLUMNS FROM `goods` [ RunTime:0.001866s ]
[2026-08-20T17:56:23+08:00][sql] SELECT `id` FROM `goods` WHERE  `status` = 1  AND `end_time` <= 1787219783 [ RunTime:0.001202s ]
[2026-08-20T17:56:23+08:00][sql] SHOW FULL COLUMNS FROM `user` [ RunTime:0.001615s ]
[2026-08-20T17:56:23+08:00][sql] SELECT * FROM `user` WHERE  `id` = 31 LIMIT 1 [ RunTime:0.001490s ]
[2026-08-20T17:56:23+08:00][sql] SHOW FULL COLUMNS FROM `setting` [ RunTime:0.001688s ]
[2026-08-20T17:56:23+08:00][sql] SELECT * FROM `setting` [ RunTime:0.000904s ]
[2026-08-20T17:56:23+08:00][sql] SELECT COUNT(*) AS think_count FROM `goods` WHERE  `seller_id` = 31  AND `status` = 1 [ RunTime:0.002841s ]
[2026-08-20T17:56:23+08:00][sql] SELECT * FROM `goods` WHERE  `seller_id` = 31  AND `status` = 1 ORDER BY `id` DESC LIMIT 0,10 [ RunTime:0.001128s ]
[2026-08-20T17:56:24+08:00][sql] CONNECT:[ UseTime:0.001598s ] mysql:host=127.0.0.1;port=3306;dbname=auction;charset=utf8mb4
[2026-08-20T17:56:24+08:00][sql] SHOW FULL COLUMNS FROM `goods` [ RunTime:0.002039s ]
[2026-08-20T17:56:24+08:00][sql] SELECT `id` FROM `goods` WHERE  `status` = 1  AND `end_time` <= 1787219784 [ RunTime:0.001151s ]
[2026-08-20T17:56:24+08:00][sql] SHOW FULL COLUMNS FROM `user` [ RunTime:0.001791s ]
[2026-08-20T17:56:24+08:00][sql] SELECT * FROM `user` WHERE  `id` = 31 LIMIT 1 [ RunTime:0.001144s ]
[2026-08-20T17:56:24+08:00][sql] SHOW FULL COLUMNS FROM `setting` [ RunTime:0.001440s ]
[2026-08-20T17:56:24+08:00][sql] SELECT * FROM `setting` [ RunTime:0.000981s ]
[2026-08-20T17:56:24+08:00][sql] SELECT COUNT(*) AS think_count FROM `goods` WHERE  `seller_id` = 31 [ RunTime:0.001004s ]
[2026-08-20T17:56:24+08:00][sql] SELECT * FROM `goods` WHERE  `seller_id` = 31 ORDER BY `id` DESC LIMIT 0,10 [ RunTime:0.001334s ]
[2026-08-20T17:56:34+08:00][sql] CONNECT:[ UseTime:0.001472s ] mysql:host=127.0.0.1;port=3306;dbname=auction;charset=utf8mb4
[2026-08-20T17:56:34+08:00][sql] SHOW FULL COLUMNS FROM `goods` [ RunTime:0.002031s ]
[2026-08-20T17:56:34+08:00][sql] SELECT `id` FROM `goods` WHERE  `status` = 1  AND `end_time` <= 1787219794 [ RunTime:0.001257s ]
[2026-08-20T17:56:34+08:00][sql] SHOW FULL COLUMNS FROM `user` [ RunTime:0.001875s ]
[2026-08-20T17:56:34+08:00][sql] SELECT * FROM `user` WHERE  `id` = 31 LIMIT 1 [ RunTime:0.001270s ]
[2026-08-20T17:56:34+08:00][sql] SHOW FULL COLUMNS FROM `setting` [ RunTime:0.001448s ]
[2026-08-20T17:56:34+08:00][sql] SELECT * FROM `setting` [ RunTime:0.000782s ]
[2026-08-20T17:56:34+08:00][sql] SHOW FULL COLUMNS FROM `bid_record` [ RunTime:0.001706s ]
[2026-08-20T17:56:34+08:00][sql] SELECT COUNT(*) AS think_count FROM `bid_record` WHERE  `user_id` = 31 [ RunTime:0.000945s ]
[2026-08-20T17:56:34+08:00][sql] SHOW FULL COLUMNS FROM `order` [ RunTime:0.001959s ]
[2026-08-20T17:56:34+08:00][sql] SELECT COUNT(*) AS think_count FROM `order` WHERE  `buyer_id` = 31  AND `pay_status` = 1 [ RunTime:0.001205s ]
[2026-08-20T17:56:34+08:00][sql] SELECT COUNT(*) AS think_count FROM `goods` WHERE  `seller_id` = 31  AND `status` = 2 [ RunTime:0.001134s ]
[2026-08-20T17:56:34+08:00][sql] SELECT COUNT(*) AS think_count FROM `goods` WHERE  `seller_id` = 31 [ RunTime:0.000948s ]
[2026-08-20T17:56:34+08:00][sql] SELECT COUNT(*) AS think_count FROM `order` WHERE  `buyer_id` = 31  AND `pay_status` = 0  AND `order_status` = 0 [ RunTime:0.000874s ]
[2026-08-20T17:56:34+08:00][sql] SELECT COUNT(*) AS think_count FROM `order` WHERE  `seller_id` = 31  AND `order_status` = 1 [ RunTime:0.000879s ]
[2026-08-20T17:56:34+08:00][sql] SELECT COUNT(*) AS think_count FROM `order` WHERE  `buyer_id` = 31  AND `order_status` = 0  AND `pay_status` = 0 [ RunTime:0.000976s ]
[2026-08-20T17:56:34+08:00][sql] SELECT COUNT(*) AS think_count FROM `order` WHERE  `buyer_id` = 31  AND `order_status` = 1 [ RunTime:0.000889s ]
[2026-08-20T17:56:34+08:00][sql] SELECT COUNT(*) AS think_count FROM `order` WHERE  `buyer_id` = 31  AND `order_status` = 2 [ RunTime:0.001134s ]
[2026-08-20T17:56:34+08:00][sql] SELECT COUNT(*) AS think_count FROM `order` WHERE  `buyer_id` = 31  AND `order_status` = 3 [ RunTime:0.000859s ]
[2026-08-20T17:56:34+08:00][sql] SELECT COUNT(*) AS think_count FROM `order` WHERE  `seller_id` = 31  AND `order_status` = 1 [ RunTime:0.000728s ]
[2026-08-20T17:56:34+08:00][sql] SHOW FULL COLUMNS FROM `goods_favorite` [ RunTime:0.001406s ]
[2026-08-20T17:56:34+08:00][sql] SELECT COUNT(*) AS think_count FROM `goods_favorite` WHERE  `user_id` = 31 [ RunTime:0.000863s ]
[2026-08-20T17:56:34+08:00][sql] SHOW FULL COLUMNS FROM `seller_follow` [ RunTime:0.001395s ]
[2026-08-20T17:56:34+08:00][sql] SELECT COUNT(*) AS think_count FROM `seller_follow` WHERE  `user_id` = 31 [ RunTime:0.000994s ]
[2026-08-20T17:56:34+08:00][sql] SHOW FULL COLUMNS FROM `browse_history` [ RunTime:0.001478s ]
[2026-08-20T17:56:34+08:00][sql] SELECT COUNT(*) AS think_count FROM `browse_history` WHERE  `user_id` = 31 [ RunTime:0.000983s ]
[2026-08-20T17:56:34+08:00][sql] SHOW FULL COLUMNS FROM `sys_message` [ RunTime:0.001614s ]
[2026-08-20T17:56:34+08:00][sql] SELECT COUNT(*) AS think_count FROM `sys_message` WHERE  `user_id` = 31  AND `is_read` = 0 [ RunTime:0.001038s ]
[2026-08-20T17:56:34+08:00][sql] SHOW FULL COLUMNS FROM `balance_log` [ RunTime:0.001381s ]
[2026-08-20T17:56:34+08:00][sql] SELECT * FROM `balance_log` WHERE  `user_id` = 31 ORDER BY `id` DESC LIMIT 5 [ RunTime:0.001177s ]
[2026-08-20T17:56:34+08:00][sql] SELECT `b`.*,`g`.`title`,`g`.`cover`,g.status as goods_status,`g`.`end_time` FROM `bid_record` `b` LEFT JOIN `goods` `g` ON `b`.`goods_id`=`g`.`id` WHERE  `b`.`user_id` = '31' ORDER BY `b`.`id` DESC LIMIT 5 [ RunTime:0.001142s ]
[2026-08-20T17:56:34+08:00][sql] SELECT `id`,`nickname`,`mobile`,`reg_time` FROM `user` WHERE  `pid` = 31 ORDER BY `id` DESC LIMIT 10 [ RunTime:0.001077s ]
[2026-08-20T17:56:34+08:00][sql] SELECT `value` FROM `setting` WHERE  `name` = 'service_link' LIMIT 1 [ RunTime:0.000832s ]
[2026-08-20T17:56:34+08:00][sql] SELECT `is_virtual` FROM `user` WHERE  `id` = 31 LIMIT 1 [ RunTime:0.000776s ]
[2026-08-20T17:56:42+08:00][sql] CONNECT:[ UseTime:0.001272s ] mysql:host=127.0.0.1;port=3306;dbname=auction;charset=utf8mb4
[2026-08-20T17:56:42+08:00][sql] SHOW FULL COLUMNS FROM `goods` [ RunTime:0.002033s ]
[2026-08-20T17:56:42+08:00][sql] SELECT `id` FROM `goods` WHERE  `status` = 1  AND `end_time` <= 1787219802 [ RunTime:0.001025s ]
[2026-08-20T17:56:42+08:00][sql] SHOW FULL COLUMNS FROM `user` [ RunTime:0.001557s ]
[2026-08-20T17:56:42+08:00][sql] SELECT * FROM `user` WHERE  `id` = 31 LIMIT 1 [ RunTime:0.001071s ]
[2026-08-20T17:56:42+08:00][sql] SHOW FULL COLUMNS FROM `setting` [ RunTime:0.001608s ]
[2026-08-20T17:56:42+08:00][sql] SELECT * FROM `setting` [ RunTime:0.000829s ]
[2026-08-20T17:56:58+08:00][sql] CONNECT:[ UseTime:0.001565s ] mysql:host=127.0.0.1;port=3306;dbname=auction;charset=utf8mb4
[2026-08-20T17:56:58+08:00][sql] SHOW FULL COLUMNS FROM `goods` [ RunTime:0.002029s ]
[2026-08-20T17:56:58+08:00][sql] SELECT `id` FROM `goods` WHERE  `status` = 1  AND `end_time` <= 1787219818 [ RunTime:0.001313s ]
[2026-08-20T17:56:58+08:00][sql] SHOW FULL COLUMNS FROM `user` [ RunTime:0.001804s ]
[2026-08-20T17:56:58+08:00][sql] SELECT * FROM `user` WHERE  `id` = 31 LIMIT 1 [ RunTime:0.001344s ]
[2026-08-20T17:56:58+08:00][sql] SHOW FULL COLUMNS FROM `setting` [ RunTime:0.001575s ]
[2026-08-20T17:56:58+08:00][sql] SELECT * FROM `setting` [ RunTime:0.000713s ]
[2026-08-20T17:56:58+08:00][sql] UPDATE `user`  SET `nickname` = '用户8887' , `update_time` = 1787219818 , `shop_name` = 'dp名称' , `company_name` = 'dp名称'  WHERE  `id` = 31 [ RunTime:0.007028s ]
[2026-08-20T17:56:59+08:00][sql] CONNECT:[ UseTime:0.001340s ] mysql:host=127.0.0.1;port=3306;dbname=auction;charset=utf8mb4
[2026-08-20T17:56:59+08:00][sql] SHOW FULL COLUMNS FROM `goods` [ RunTime:0.001881s ]
[2026-08-20T17:56:59+08:00][sql] SELECT `id` FROM `goods` WHERE  `status` = 1  AND `end_time` <= 1787219819 [ RunTime:0.001035s ]
[2026-08-20T17:56:59+08:00][sql] SHOW FULL COLUMNS FROM `user` [ RunTime:0.001779s ]
[2026-08-20T17:56:59+08:00][sql] SELECT * FROM `user` WHERE  `id` = 31 LIMIT 1 [ RunTime:0.001130s ]
[2026-08-20T17:56:59+08:00][sql] SHOW FULL COLUMNS FROM `setting` [ RunTime:0.001334s ]
[2026-08-20T17:56:59+08:00][sql] SELECT * FROM `setting` [ RunTime:0.000758s ]
[2026-08-20T17:56:59+08:00][sql] SHOW FULL COLUMNS FROM `bid_record` [ RunTime:0.001507s ]
[2026-08-20T17:56:59+08:00][sql] SELECT COUNT(*) AS think_count FROM `bid_record` WHERE  `user_id` = 31 [ RunTime:0.000990s ]
[2026-08-20T17:56:59+08:00][sql] SHOW FULL COLUMNS FROM `order` [ RunTime:0.001628s ]
[2026-08-20T17:56:59+08:00][sql] SELECT COUNT(*) AS think_count FROM `order` WHERE  `buyer_id` = 31  AND `pay_status` = 1 [ RunTime:0.000998s ]
[2026-08-20T17:56:59+08:00][sql] SELECT COUNT(*) AS think_count FROM `goods` WHERE  `seller_id` = 31  AND `status` = 2 [ RunTime:0.000997s ]
[2026-08-20T17:56:59+08:00][sql] SELECT COUNT(*) AS think_count FROM `goods` WHERE  `seller_id` = 31 [ RunTime:0.000779s ]
[2026-08-20T17:56:59+08:00][sql] SELECT COUNT(*) AS think_count FROM `order` WHERE  `buyer_id` = 31  AND `pay_status` = 0  AND `order_status` = 0 [ RunTime:0.000928s ]
[2026-08-20T17:56:59+08:00][sql] SELECT COUNT(*) AS think_count FROM `order` WHERE  `seller_id` = 31  AND `order_status` = 1 [ RunTime:0.000770s ]
[2026-08-20T17:56:59+08:00][sql] SELECT COUNT(*) AS think_count FROM `order` WHERE  `buyer_id` = 31  AND `order_status` = 0  AND `pay_status` = 0 [ RunTime:0.000758s ]
[2026-08-20T17:56:59+08:00][sql] SELECT COUNT(*) AS think_count FROM `order` WHERE  `buyer_id` = 31  AND `order_status` = 1 [ RunTime:0.000704s ]
[2026-08-20T17:56:59+08:00][sql] SELECT COUNT(*) AS think_count FROM `order` WHERE  `buyer_id` = 31  AND `order_status` = 2 [ RunTime:0.000771s ]
[2026-08-20T17:56:59+08:00][sql] SELECT COUNT(*) AS think_count FROM `order` WHERE  `buyer_id` = 31  AND `order_status` = 3 [ RunTime:0.000762s ]
[2026-08-20T17:56:59+08:00][sql] SELECT COUNT(*) AS think_count FROM `order` WHERE  `seller_id` = 31  AND `order_status` = 1 [ RunTime:0.000800s ]
[2026-08-20T17:56:59+08:00][sql] SHOW FULL COLUMNS FROM `goods_favorite` [ RunTime:0.001223s ]
[2026-08-20T17:56:59+08:00][sql] SELECT COUNT(*) AS think_count FROM `goods_favorite` WHERE  `user_id` = 31 [ RunTime:0.000775s ]
[2026-08-20T17:56:59+08:00][sql] SHOW FULL COLUMNS FROM `seller_follow` [ RunTime:0.001201s ]
[2026-08-20T17:56:59+08:00][sql] SELECT COUNT(*) AS think_count FROM `seller_follow` WHERE  `user_id` = 31 [ RunTime:0.000842s ]
[2026-08-20T17:56:59+08:00][sql] SHOW FULL COLUMNS FROM `browse_history` [ RunTime:0.001279s ]
[2026-08-20T17:56:59+08:00][sql] SELECT COUNT(*) AS think_count FROM `browse_history` WHERE  `user_id` = 31 [ RunTime:0.000804s ]
[2026-08-20T17:56:59+08:00][sql] SHOW FULL COLUMNS FROM `sys_message` [ RunTime:0.001241s ]
[2026-08-20T17:56:59+08:00][sql] SELECT COUNT(*) AS think_count FROM `sys_message` WHERE  `user_id` = 31  AND `is_read` = 0 [ RunTime:0.000876s ]
[2026-08-20T17:56:59+08:00][sql] SHOW FULL COLUMNS FROM `balance_log` [ RunTime:0.001318s ]
[2026-08-20T17:56:59+08:00][sql] SELECT * FROM `balance_log` WHERE  `user_id` = 31 ORDER BY `id` DESC LIMIT 5 [ RunTime:0.000941s ]
[2026-08-20T17:56:59+08:00][sql] SELECT `b`.*,`g`.`title`,`g`.`cover`,g.status as goods_status,`g`.`end_time` FROM `bid_record` `b` LEFT JOIN `goods` `g` ON `b`.`goods_id`=`g`.`id` WHERE  `b`.`user_id` = '31' ORDER BY `b`.`id` DESC LIMIT 5 [ RunTime:0.001107s ]
[2026-08-20T17:56:59+08:00][sql] SELECT `id`,`nickname`,`mobile`,`reg_time` FROM `user` WHERE  `pid` = 31 ORDER BY `id` DESC LIMIT 10 [ RunTime:0.000908s ]
[2026-08-20T17:56:59+08:00][sql] SELECT `value` FROM `setting` WHERE  `name` = 'service_link' LIMIT 1 [ RunTime:0.000754s ]
[2026-08-20T17:56:59+08:00][sql] SELECT `is_virtual` FROM `user` WHERE  `id` = 31 LIMIT 1 [ RunTime:0.000617s ]
[2026-08-20T17:57:01+08:00][sql] CONNECT:[ UseTime:0.001306s ] mysql:host=127.0.0.1;port=3306;dbname=auction;charset=utf8mb4
[2026-08-20T17:57:01+08:00][sql] SHOW FULL COLUMNS FROM `goods` [ RunTime:0.001987s ]
[2026-08-20T17:57:01+08:00][sql] SELECT `id` FROM `goods` WHERE  `status` = 1  AND `end_time` <= 1787219821 [ RunTime:0.001084s ]
[2026-08-20T17:57:01+08:00][sql] SHOW FULL COLUMNS FROM `user` [ RunTime:0.001714s ]
[2026-08-20T17:57:01+08:00][sql] SELECT * FROM `user` WHERE  `id` = 31 LIMIT 1 [ RunTime:0.001057s ]
[2026-08-20T17:57:01+08:00][sql] SHOW FULL COLUMNS FROM `setting` [ RunTime:0.001434s ]
[2026-08-20T17:57:01+08:00][sql] SELECT * FROM `setting` [ RunTime:0.000768s ]
[2026-08-20T17:57:04+08:00][sql] CONNECT:[ UseTime:0.001355s ] mysql:host=127.0.0.1;port=3306;dbname=auction;charset=utf8mb4
[2026-08-20T17:57:04+08:00][sql] SHOW FULL COLUMNS FROM `goods` [ RunTime:0.001984s ]
[2026-08-20T17:57:04+08:00][sql] SELECT `id` FROM `goods` WHERE  `status` = 1  AND `end_time` <= 1787219824 [ RunTime:0.001139s ]
[2026-08-20T17:57:04+08:00][sql] SHOW FULL COLUMNS FROM `user` [ RunTime:0.001791s ]
[2026-08-20T17:57:04+08:00][sql] SELECT * FROM `user` WHERE  `id` = 31 LIMIT 1 [ RunTime:0.001176s ]
[2026-08-20T17:57:04+08:00][sql] SHOW FULL COLUMNS FROM `setting` [ RunTime:0.001344s ]
[2026-08-20T17:57:04+08:00][sql] SELECT * FROM `setting` [ RunTime:0.000771s ]
[2026-08-20T17:57:04+08:00][sql] UPDATE `user`  SET `nickname` = '用户8887' , `update_time` = 1787219824 , `shop_name` = 'dp名称' , `company_name` = 'dp名称2'  WHERE  `id` = 31 [ RunTime:0.006265s ]
[2026-08-20T17:57:05+08:00][sql] CONNECT:[ UseTime:0.001307s ] mysql:host=127.0.0.1;port=3306;dbname=auction;charset=utf8mb4
[2026-08-20T17:57:05+08:00][sql] SHOW FULL COLUMNS FROM `goods` [ RunTime:0.001752s ]
[2026-08-20T17:57:05+08:00][sql] SELECT `id` FROM `goods` WHERE  `status` = 1  AND `end_time` <= 1787219825 [ RunTime:0.000998s ]
[2026-08-20T17:57:05+08:00][sql] SHOW FULL COLUMNS FROM `user` [ RunTime:0.001696s ]
[2026-08-20T17:57:05+08:00][sql] SELECT * FROM `user` WHERE  `id` = 31 LIMIT 1 [ RunTime:0.001050s ]
[2026-08-20T17:57:05+08:00][sql] SHOW FULL COLUMNS FROM `setting` [ RunTime:0.001296s ]
[2026-08-20T17:57:05+08:00][sql] SELECT * FROM `setting` [ RunTime:0.000791s ]
[2026-08-20T17:57:05+08:00][sql] SHOW FULL COLUMNS FROM `bid_record` [ RunTime:0.001448s ]
[2026-08-20T17:57:05+08:00][sql] SELECT COUNT(*) AS think_count FROM `bid_record` WHERE  `user_id` = 31 [ RunTime:0.000738s ]
[2026-08-20T17:57:05+08:00][sql] SHOW FULL COLUMNS FROM `order` [ RunTime:0.001346s ]
[2026-08-20T17:57:05+08:00][sql] SELECT COUNT(*) AS think_count FROM `order` WHERE  `buyer_id` = 31  AND `pay_status` = 1 [ RunTime:0.000910s ]
[2026-08-20T17:57:05+08:00][sql] SELECT COUNT(*) AS think_count FROM `goods` WHERE  `seller_id` = 31  AND `status` = 2 [ RunTime:0.000948s ]
[2026-08-20T17:57:05+08:00][sql] SELECT COUNT(*) AS think_count FROM `goods` WHERE  `seller_id` = 31 [ RunTime:0.000853s ]
[2026-08-20T17:57:05+08:00][sql] SELECT COUNT(*) AS think_count FROM `order` WHERE  `buyer_id` = 31  AND `pay_status` = 0  AND `order_status` = 0 [ RunTime:0.000798s ]
[2026-08-20T17:57:05+08:00][sql] SELECT COUNT(*) AS think_count FROM `order` WHERE  `seller_id` = 31  AND `order_status` = 1 [ RunTime:0.000844s ]
[2026-08-20T17:57:05+08:00][sql] SELECT COUNT(*) AS think_count FROM `order` WHERE  `buyer_id` = 31  AND `order_status` = 0  AND `pay_status` = 0 [ RunTime:0.000854s ]
[2026-08-20T17:57:05+08:00][sql] SELECT COUNT(*) AS think_count FROM `order` WHERE  `buyer_id` = 31  AND `order_status` = 1 [ RunTime:0.001110s ]
[2026-08-20T17:57:05+08:00][sql] SELECT COUNT(*) AS think_count FROM `order` WHERE  `buyer_id` = 31  AND `order_status` = 2 [ RunTime:0.001098s ]
[2026-08-20T17:57:05+08:00][sql] SELECT COUNT(*) AS think_count FROM `order` WHERE  `buyer_id` = 31  AND `order_status` = 3 [ RunTime:0.000999s ]
[2026-08-20T17:57:05+08:00][sql] SELECT COUNT(*) AS think_count FROM `order` WHERE  `seller_id` = 31  AND `order_status` = 1 [ RunTime:0.001130s ]
[2026-08-20T17:57:05+08:00][sql] SHOW FULL COLUMNS FROM `goods_favorite` [ RunTime:0.001415s ]
[2026-08-20T17:57:05+08:00][sql] SELECT COUNT(*) AS think_count FROM `goods_favorite` WHERE  `user_id` = 31 [ RunTime:0.000967s ]
[2026-08-20T17:57:05+08:00][sql] SHOW FULL COLUMNS FROM `seller_follow` [ RunTime:0.001458s ]
[2026-08-20T17:57:05+08:00][sql] SELECT COUNT(*) AS think_count FROM `seller_follow` WHERE  `user_id` = 31 [ RunTime:0.001025s ]
[2026-08-20T17:57:05+08:00][sql] SHOW FULL COLUMNS FROM `browse_history` [ RunTime:0.001325s ]
[2026-08-20T17:57:05+08:00][sql] SELECT COUNT(*) AS think_count FROM `browse_history` WHERE  `user_id` = 31 [ RunTime:0.000935s ]
[2026-08-20T17:57:05+08:00][sql] SHOW FULL COLUMNS FROM `sys_message` [ RunTime:0.001386s ]
[2026-08-20T17:57:05+08:00][sql] SELECT COUNT(*) AS think_count FROM `sys_message` WHERE  `user_id` = 31  AND `is_read` = 0 [ RunTime:0.001062s ]
[2026-08-20T17:57:05+08:00][sql] SHOW FULL COLUMNS FROM `balance_log` [ RunTime:0.001427s ]
[2026-08-20T17:57:05+08:00][sql] SELECT * FROM `balance_log` WHERE  `user_id` = 31 ORDER BY `id` DESC LIMIT 5 [ RunTime:0.001055s ]
[2026-08-20T17:57:05+08:00][sql] SELECT `b`.*,`g`.`title`,`g`.`cover`,g.status as goods_status,`g`.`end_time` FROM `bid_record` `b` LEFT JOIN `goods` `g` ON `b`.`goods_id`=`g`.`id` WHERE  `b`.`user_id` = '31' ORDER BY `b`.`id` DESC LIMIT 5 [ RunTime:0.001091s ]
[2026-08-20T17:57:05+08:00][sql] SELECT `id`,`nickname`,`mobile`,`reg_time` FROM `user` WHERE  `pid` = 31 ORDER BY `id` DESC LIMIT 10 [ RunTime:0.000850s ]
[2026-08-20T17:57:05+08:00][sql] SELECT `value` FROM `setting` WHERE  `name` = 'service_link' LIMIT 1 [ RunTime:0.000727s ]
[2026-08-20T17:57:05+08:00][sql] SELECT `is_virtual` FROM `user` WHERE  `id` = 31 LIMIT 1 [ RunTime:0.000653s ]
[2026-08-20T17:57:07+08:00][sql] CONNECT:[ UseTime:0.001294s ] mysql:host=127.0.0.1;port=3306;dbname=auction;charset=utf8mb4
[2026-08-20T17:57:07+08:00][sql] SHOW FULL COLUMNS FROM `goods` [ RunTime:0.002027s ]
[2026-08-20T17:57:07+08:00][sql] SELECT `id` FROM `goods` WHERE  `status` = 1  AND `end_time` <= 1787219827 [ RunTime:0.001178s ]
[2026-08-20T17:57:07+08:00][sql] SHOW FULL COLUMNS FROM `user` [ RunTime:0.001865s ]
[2026-08-20T17:57:07+08:00][sql] SELECT * FROM `user` WHERE  `id` = 31 LIMIT 1 [ RunTime:0.001243s ]
[2026-08-20T17:57:07+08:00][sql] SHOW FULL COLUMNS FROM `setting` [ RunTime:0.001421s ]
[2026-08-20T17:57:07+08:00][sql] SELECT * FROM `setting` [ RunTime:0.000810s ]
[2026-08-20T17:57:29+08:00][sql] CONNECT:[ UseTime:0.001287s ] mysql:host=127.0.0.1;port=3306;dbname=auction;charset=utf8mb4
[2026-08-20T17:57:29+08:00][sql] SHOW FULL COLUMNS FROM `goods` [ RunTime:0.001881s ]
[2026-08-20T17:57:29+08:00][sql] SELECT `id` FROM `goods` WHERE  `status` = 1  AND `end_time` <= 1787219849 [ RunTime:0.000971s ]
[2026-08-20T17:57:29+08:00][sql] SHOW FULL COLUMNS FROM `user` [ RunTime:0.001773s ]
[2026-08-20T17:57:29+08:00][sql] SELECT * FROM `user` WHERE  `id` = 31 LIMIT 1 [ RunTime:0.001071s ]
[2026-08-20T17:57:29+08:00][sql] SHOW FULL COLUMNS FROM `setting` [ RunTime:0.001325s ]
[2026-08-20T17:57:29+08:00][sql] SELECT * FROM `setting` [ RunTime:0.000965s ]
[2026-08-20T17:57:29+08:00][sql] SELECT COUNT(*) AS think_count FROM `goods` `g` LEFT JOIN `user` `u` ON `g`.`seller_id`=`u`.`id` WHERE  `g`.`status` = '1'  AND `g`.`start_time` <= '1787219849'  AND `g`.`end_time` > '1787219849' [ RunTime:0.001103s ]
[2026-08-20T17:57:29+08:00][sql] SELECT `g`.*,u.nickname as seller_name FROM `goods` `g` LEFT JOIN `user` `u` ON `g`.`seller_id`=`u`.`id` WHERE  `g`.`status` = '1'  AND `g`.`start_time` <= '1787219849'  AND `g`.`end_time` > '1787219849' ORDER BY `g`.`end_time` ASC,`g`.`id` DESC LIMIT 0,10 [ RunTime:0.001219s ]
[2026-08-20T17:57:29+08:00][sql] SHOW FULL COLUMNS FROM `bid_record` [ RunTime:0.001280s ]
[2026-08-20T17:57:29+08:00][sql] SELECT MAX(`price`) AS think_max FROM `bid_record` WHERE  `goods_id` = 36  AND `status` = 0 [ RunTime:0.000866s ]
[2026-08-20T17:57:29+08:00][sql] SHOW FULL COLUMNS FROM `category` [ RunTime:0.001321s ]
[2026-08-20T17:57:29+08:00][sql] SELECT * FROM `category` WHERE  `status` = 1 ORDER BY `sort` ASC [ RunTime:0.000944s ]
[2026-08-20T17:57:29+08:00][sql] SELECT `b`.`price`,`b`.`create_time`,`g`.`title`,`u`.`nickname` FROM `bid_record` `b` LEFT JOIN `goods` `g` ON `b`.`goods_id`=`g`.`id` LEFT JOIN `user` `u` ON `b`.`user_id`=`u`.`id` WHERE  `b`.`status` = '1' ORDER BY `b`.`id` DESC LIMIT 5 [ RunTime:0.001147s ]
[2026-08-20T17:57:29+08:00][sql] SHOW FULL COLUMNS FROM `news` [ RunTime:0.001349s ]
[2026-08-20T17:57:29+08:00][sql] SELECT `id`,`title`,`create_time` FROM `news` WHERE  `status` = 1 ORDER BY `id` DESC LIMIT 3 [ RunTime:0.001032s ]
[2026-08-20T17:57:29+08:00][sql] SHOW FULL COLUMNS FROM `banner` [ RunTime:0.001290s ]
[2026-08-20T17:57:29+08:00][sql] SELECT * FROM `banner` WHERE  `status` = 1 ORDER BY `sort` ASC,`id` ASC [ RunTime:0.001028s ]
[2026-08-20T17:57:32+08:00][sql] CONNECT:[ UseTime:0.001466s ] mysql:host=127.0.0.1;port=3306;dbname=auction;charset=utf8mb4
[2026-08-20T17:57:32+08:00][sql] SHOW FULL COLUMNS FROM `goods` [ RunTime:0.001828s ]
[2026-08-20T17:57:32+08:00][sql] SELECT `id` FROM `goods` WHERE  `status` = 1  AND `end_time` <= 1787219852 [ RunTime:0.001258s ]
[2026-08-20T17:57:32+08:00][sql] SHOW FULL COLUMNS FROM `user` [ RunTime:0.002353s ]
[2026-08-20T17:57:32+08:00][sql] SELECT * FROM `user` WHERE  `id` = 31 LIMIT 1 [ RunTime:0.001435s ]
[2026-08-20T17:57:32+08:00][sql] SHOW FULL COLUMNS FROM `setting` [ RunTime:0.001848s ]
[2026-08-20T17:57:32+08:00][sql] SELECT * FROM `setting` [ RunTime:0.001110s ]
[2026-08-20T17:57:32+08:00][sql] SELECT `g`.*,u.nickname as seller_name,u.shop_name as seller_shop,u.avatar as seller_avatar,`u`.`seller_intro`,u.deposit as seller_deposit,`u`.`shop_score`,`u`.`fans_count`,c.name as category_name FROM `goods` `g` LEFT JOIN `user` `u` ON `g`.`seller_id`=`u`.`id` LEFT JOIN `category` `c` ON `g`.`category_id`=`c`.`id` WHERE  `g`.`id` = '36' LIMIT 1 [ RunTime:0.001469s ]
[2026-08-20T17:57:32+08:00][sql] UPDATE `goods`  SET `view_count` = `view_count` + 1  WHERE  `id` = 36 [ RunTime:0.006729s ]
[2026-08-20T17:57:32+08:00][sql] SHOW FULL COLUMNS FROM `bid_record` [ RunTime:0.001415s ]
[2026-08-20T17:57:32+08:00][sql] SELECT `b`.*,`u`.`nickname`,`u`.`mobile` FROM `bid_record` `b` LEFT JOIN `user` `u` ON `b`.`user_id`=`u`.`id` WHERE  `b`.`goods_id` = '36'  AND `b`.`status` = '0' ORDER BY `b`.`price` DESC,`b`.`id` ASC LIMIT 1 [ RunTime:0.001427s ]
[2026-08-20T17:57:32+08:00][sql] SELECT `b`.*,`u`.`nickname`,`u`.`mobile` FROM `bid_record` `b` LEFT JOIN `user` `u` ON `b`.`user_id`=`u`.`id` WHERE  `b`.`goods_id` = '36' ORDER BY `b`.`price` DESC,`b`.`id` ASC LIMIT 50 [ RunTime:0.001099s ]
[2026-08-20T17:57:32+08:00][sql] SELECT MAX(`price`) AS think_max FROM `bid_record` WHERE  `goods_id` = 36  AND `user_id` = 31  AND `status` = 0 [ RunTime:0.001070s ]
[2026-08-20T17:57:32+08:00][sql] SELECT MAX(`deposit`) AS think_max FROM `bid_record` WHERE  `goods_id` = 36  AND `user_id` = 31  AND `deposit` > '0' [ RunTime:0.001029s ]
[2026-08-20T17:57:32+08:00][sql] SHOW FULL COLUMNS FROM `browse_history` [ RunTime:0.001490s ]
[2026-08-20T17:57:32+08:00][sql] REPLACE INTO `browse_history` SET `user_id` = 31 , `goods_id` = 36 , `create_time` = 1787219852 [ RunTime:0.006167s ]
[2026-08-20T17:57:32+08:00][sql] SHOW FULL COLUMNS FROM `goods_favorite` [ RunTime:0.004708s ]
[2026-08-20T17:57:32+08:00][sql] SELECT COUNT(*) AS think_count FROM `goods_favorite` WHERE  `user_id` = 31  AND `goods_id` = 36 [ RunTime:0.000945s ]
[2026-08-20T17:57:32+08:00][sql] SHOW FULL COLUMNS FROM `seller_follow` [ RunTime:0.001485s ]
[2026-08-20T17:57:32+08:00][sql] SELECT COUNT(*) AS think_count FROM `seller_follow` WHERE  `user_id` = 31  AND `seller_id` = 29 [ RunTime:0.000885s ]
[2026-08-20T18:43:48+08:00][sql] CONNECT:[ UseTime:0.001693s ] mysql:host=127.0.0.1;port=3306;dbname=auction;charset=utf8mb4
[2026-08-20T18:43:48+08:00][sql] SHOW FULL COLUMNS FROM `goods` [ RunTime:0.002436s ]
[2026-08-20T18:43:48+08:00][sql] SELECT `id` FROM `goods` WHERE  `status` = 1  AND `end_time` <= 1787222628 [ RunTime:0.001505s ]
[2026-08-20T18:43:48+08:00][sql] SHOW FULL COLUMNS FROM `setting` [ RunTime:0.001548s ]
[2026-08-20T18:43:48+08:00][sql] SELECT * FROM `setting` [ RunTime:0.000873s ]
[2026-08-20T18:43:48+08:00][sql] SELECT COUNT(*) AS think_count FROM `goods` `g` LEFT JOIN `user` `u` ON `g`.`seller_id`=`u`.`id` WHERE  `g`.`status` = '1'  AND `g`.`start_time` <= '1787222628'  AND `g`.`end_time` > '1787222628' [ RunTime:0.001474s ]
[2026-08-20T18:43:48+08:00][sql] SELECT `g`.*,u.nickname as seller_name FROM `goods` `g` LEFT JOIN `user` `u` ON `g`.`seller_id`=`u`.`id` WHERE  `g`.`status` = '1'  AND `g`.`start_time` <= '1787222628'  AND `g`.`end_time` > '1787222628' ORDER BY `g`.`end_time` ASC,`g`.`id` DESC LIMIT 0,10 [ RunTime:0.001563s ]
[2026-08-20T18:43:48+08:00][sql] SHOW FULL COLUMNS FROM `bid_record` [ RunTime:0.001536s ]
[2026-08-20T18:43:48+08:00][sql] SELECT MAX(`price`) AS think_max FROM `bid_record` WHERE  `goods_id` = 36  AND `status` = 0 [ RunTime:0.001318s ]
[2026-08-20T18:43:48+08:00][sql] SHOW FULL COLUMNS FROM `category` [ RunTime:0.001461s ]
[2026-08-20T18:43:48+08:00][sql] SELECT * FROM `category` WHERE  `status` = 1 ORDER BY `sort` ASC [ RunTime:0.001186s ]
[2026-08-20T18:43:48+08:00][sql] SELECT `b`.`price`,`b`.`create_time`,`g`.`title`,`u`.`nickname` FROM `bid_record` `b` LEFT JOIN `goods` `g` ON `b`.`goods_id`=`g`.`id` LEFT JOIN `user` `u` ON `b`.`user_id`=`u`.`id` WHERE  `b`.`status` = '1' ORDER BY `b`.`id` DESC LIMIT 5 [ RunTime:0.001312s ]
[2026-08-20T18:43:48+08:00][sql] SHOW FULL COLUMNS FROM `news` [ RunTime:0.001523s ]
[2026-08-20T18:43:48+08:00][sql] SELECT `id`,`title`,`create_time` FROM `news` WHERE  `status` = 1 ORDER BY `id` DESC LIMIT 3 [ RunTime:0.001019s ]
[2026-08-20T18:43:48+08:00][sql] SHOW FULL COLUMNS FROM `banner` [ RunTime:0.001540s ]
[2026-08-20T18:43:48+08:00][sql] SELECT * FROM `banner` WHERE  `status` = 1 ORDER BY `sort` ASC,`id` ASC [ RunTime:0.001202s ]
[2026-08-20T18:44:12+08:00][sql] CONNECT:[ UseTime:0.001480s ] mysql:host=127.0.0.1;port=3306;dbname=auction;charset=utf8mb4
[2026-08-20T18:44:12+08:00][sql] SHOW FULL COLUMNS FROM `goods` [ RunTime:0.002093s ]
[2026-08-20T18:44:12+08:00][sql] SELECT `id` FROM `goods` WHERE  `status` = 1  AND `end_time` <= 1787222652 [ RunTime:0.001451s ]
[2026-08-20T18:44:12+08:00][sql] SHOW FULL COLUMNS FROM `setting` [ RunTime:0.001403s ]
[2026-08-20T18:44:12+08:00][sql] SELECT * FROM `setting` [ RunTime:0.000790s ]
[2026-08-20T18:44:12+08:00][sql] SELECT COUNT(*) AS think_count FROM `goods` `g` LEFT JOIN `user` `u` ON `g`.`seller_id`=`u`.`id` WHERE  `g`.`status` = '1'  AND `g`.`start_time` <= '1787222652'  AND `g`.`end_time` > '1787222652'  AND `g`.`category_id` = '1' [ RunTime:0.001435s ]
[2026-08-20T18:44:12+08:00][sql] SELECT `g`.*,u.nickname as seller_name FROM `goods` `g` LEFT JOIN `user` `u` ON `g`.`seller_id`=`u`.`id` WHERE  `g`.`status` = '1'  AND `g`.`start_time` <= '1787222652'  AND `g`.`end_time` > '1787222652'  AND `g`.`category_id` = '1' ORDER BY `g`.`end_time` ASC,`g`.`id` DESC LIMIT 0,10 [ RunTime:0.001682s ]
[2026-08-20T18:44:12+08:00][sql] SHOW FULL COLUMNS FROM `bid_record` [ RunTime:0.001490s ]
[2026-08-20T18:44:12+08:00][sql] SELECT MAX(`price`) AS think_max FROM `bid_record` WHERE  `goods_id` = 36  AND `status` = 0 [ RunTime:0.000991s ]
[2026-08-20T18:44:12+08:00][sql] SHOW FULL COLUMNS FROM `category` [ RunTime:0.001344s ]
[2026-08-20T18:44:12+08:00][sql] SELECT * FROM `category` WHERE  `status` = 1 ORDER BY `sort` ASC [ RunTime:0.001009s ]
[2026-08-20T18:44:12+08:00][sql] SELECT `b`.`price`,`b`.`create_time`,`g`.`title`,`u`.`nickname` FROM `bid_record` `b` LEFT JOIN `goods` `g` ON `b`.`goods_id`=`g`.`id` LEFT JOIN `user` `u` ON `b`.`user_id`=`u`.`id` WHERE  `b`.`status` = '1' ORDER BY `b`.`id` DESC LIMIT 5 [ RunTime:0.001134s ]
[2026-08-20T18:44:12+08:00][sql] SHOW FULL COLUMNS FROM `news` [ RunTime:0.001480s ]
[2026-08-20T18:44:12+08:00][sql] SELECT `id`,`title`,`create_time` FROM `news` WHERE  `status` = 1 ORDER BY `id` DESC LIMIT 3 [ RunTime:0.001061s ]
[2026-08-20T18:44:12+08:00][sql] SHOW FULL COLUMNS FROM `banner` [ RunTime:0.001519s ]
[2026-08-20T18:44:12+08:00][sql] SELECT * FROM `banner` WHERE  `status` = 1 ORDER BY `sort` ASC,`id` ASC [ RunTime:0.000979s ]
[2026-08-20T18:44:12+08:00][sql] CONNECT:[ UseTime:0.001465s ] mysql:host=127.0.0.1;port=3306;dbname=auction;charset=utf8mb4
[2026-08-20T18:44:12+08:00][sql] SHOW FULL COLUMNS FROM `goods` [ RunTime:0.002669s ]
[2026-08-20T18:44:12+08:00][sql] SELECT `id` FROM `goods` WHERE  `status` = 1  AND `end_time` <= 1787222652 [ RunTime:0.001304s ]
[2026-08-20T18:44:12+08:00][sql] SHOW FULL COLUMNS FROM `setting` [ RunTime:0.001489s ]
[2026-08-20T18:44:12+08:00][sql] SELECT * FROM `setting` [ RunTime:0.001103s ]
[2026-08-20T18:44:12+08:00][sql] SELECT COUNT(*) AS think_count FROM `goods` `g` LEFT JOIN `user` `u` ON `g`.`seller_id`=`u`.`id` WHERE  `g`.`status` = '1'  AND `g`.`start_time` <= '1787222652'  AND `g`.`end_time` > '1787222652'  AND `g`.`category_id` = '1' [ RunTime:0.001515s ]
[2026-08-20T18:44:12+08:00][sql] SELECT `g`.*,u.nickname as seller_name FROM `goods` `g` LEFT JOIN `user` `u` ON `g`.`seller_id`=`u`.`id` WHERE  `g`.`status` = '1'  AND `g`.`start_time` <= '1787222652'  AND `g`.`end_time` > '1787222652'  AND `g`.`category_id` = '1' ORDER BY `g`.`end_time` ASC,`g`.`id` DESC LIMIT 0,10 [ RunTime:0.001552s ]
[2026-08-20T18:44:12+08:00][sql] SHOW FULL COLUMNS FROM `bid_record` [ RunTime:0.001471s ]
[2026-08-20T18:44:12+08:00][sql] SELECT MAX(`price`) AS think_max FROM `bid_record` WHERE  `goods_id` = 36  AND `status` = 0 [ RunTime:0.001032s ]
[2026-08-20T18:44:12+08:00][sql] SHOW FULL COLUMNS FROM `category` [ RunTime:0.001340s ]
[2026-08-20T18:44:12+08:00][sql] SELECT * FROM `category` WHERE  `status` = 1 ORDER BY `sort` ASC [ RunTime:0.001007s ]
[2026-08-20T18:44:12+08:00][sql] SELECT `b`.`price`,`b`.`create_time`,`g`.`title`,`u`.`nickname` FROM `bid_record` `b` LEFT JOIN `goods` `g` ON `b`.`goods_id`=`g`.`id` LEFT JOIN `user` `u` ON `b`.`user_id`=`u`.`id` WHERE  `b`.`status` = '1' ORDER BY `b`.`id` DESC LIMIT 5 [ RunTime:0.001159s ]
[2026-08-20T18:44:12+08:00][sql] SHOW FULL COLUMNS FROM `news` [ RunTime:0.001554s ]
[2026-08-20T18:44:12+08:00][sql] SELECT `id`,`title`,`create_time` FROM `news` WHERE  `status` = 1 ORDER BY `id` DESC LIMIT 3 [ RunTime:0.001464s ]
[2026-08-20T18:44:12+08:00][sql] SHOW FULL COLUMNS FROM `banner` [ RunTime:0.001503s ]
[2026-08-20T18:44:12+08:00][sql] SELECT * FROM `banner` WHERE  `status` = 1 ORDER BY `sort` ASC,`id` ASC [ RunTime:0.000894s ]
[2026-08-20T18:44:15+08:00][sql] CONNECT:[ UseTime:0.001145s ] mysql:host=127.0.0.1;port=3306;dbname=auction;charset=utf8mb4
[2026-08-20T18:44:15+08:00][sql] SHOW FULL COLUMNS FROM `goods` [ RunTime:0.002009s ]
[2026-08-20T18:44:15+08:00][sql] SELECT `id` FROM `goods` WHERE  `status` = 1  AND `end_time` <= 1787222655 [ RunTime:0.001099s ]
[2026-08-20T18:44:15+08:00][sql] SHOW FULL COLUMNS FROM `setting` [ RunTime:0.001321s ]
[2026-08-20T18:44:15+08:00][sql] SELECT * FROM `setting` [ RunTime:0.000706s ]
[2026-08-20T18:44:15+08:00][sql] SELECT COUNT(*) AS think_count FROM `goods` `g` LEFT JOIN `user` `u` ON `g`.`seller_id`=`u`.`id` WHERE  `g`.`status` = '1'  AND `g`.`start_time` <= '1787222655'  AND `g`.`end_time` > '1787222655'  AND `g`.`category_id` = '2' [ RunTime:0.001267s ]
[2026-08-20T18:44:15+08:00][sql] SELECT `g`.*,u.nickname as seller_name FROM `goods` `g` LEFT JOIN `user` `u` ON `g`.`seller_id`=`u`.`id` WHERE  `g`.`status` = '1'  AND `g`.`start_time` <= '1787222655'  AND `g`.`end_time` > '1787222655'  AND `g`.`category_id` = '2' ORDER BY `g`.`end_time` ASC,`g`.`id` DESC LIMIT 0,10 [ RunTime:0.001305s ]
[2026-08-20T18:44:15+08:00][sql] SHOW FULL COLUMNS FROM `category` [ RunTime:0.001301s ]
[2026-08-20T18:44:15+08:00][sql] SELECT * FROM `category` WHERE  `status` = 1 ORDER BY `sort` ASC [ RunTime:0.000989s ]
[2026-08-20T18:44:15+08:00][sql] SHOW FULL COLUMNS FROM `bid_record` [ RunTime:0.001271s ]
[2026-08-20T18:44:15+08:00][sql] SELECT `b`.`price`,`b`.`create_time`,`g`.`title`,`u`.`nickname` FROM `bid_record` `b` LEFT JOIN `goods` `g` ON `b`.`goods_id`=`g`.`id` LEFT JOIN `user` `u` ON `b`.`user_id`=`u`.`id` WHERE  `b`.`status` = '1' ORDER BY `b`.`id` DESC LIMIT 5 [ RunTime:0.001065s ]
[2026-08-20T18:44:15+08:00][sql] SHOW FULL COLUMNS FROM `news` [ RunTime:0.001441s ]
[2026-08-20T18:44:15+08:00][sql] SELECT `id`,`title`,`create_time` FROM `news` WHERE  `status` = 1 ORDER BY `id` DESC LIMIT 3 [ RunTime:0.000831s ]
[2026-08-20T18:44:15+08:00][sql] SHOW FULL COLUMNS FROM `banner` [ RunTime:0.001468s ]
[2026-08-20T18:44:15+08:00][sql] SELECT * FROM `banner` WHERE  `status` = 1 ORDER BY `sort` ASC,`id` ASC [ RunTime:0.000954s ]
[2026-08-20T18:44:20+08:00][sql] CONNECT:[ UseTime:0.001287s ] mysql:host=127.0.0.1;port=3306;dbname=auction;charset=utf8mb4
[2026-08-20T18:44:20+08:00][sql] SHOW FULL COLUMNS FROM `goods` [ RunTime:0.002383s ]
[2026-08-20T18:44:20+08:00][sql] SELECT `id` FROM `goods` WHERE  `status` = 1  AND `end_time` <= 1787222660 [ RunTime:0.001203s ]
[2026-08-20T18:44:20+08:00][sql] SHOW FULL COLUMNS FROM `setting` [ RunTime:0.001313s ]
[2026-08-20T18:44:20+08:00][sql] SELECT * FROM `setting` [ RunTime:0.000893s ]
[2026-08-20T18:44:20+08:00][sql] SELECT COUNT(*) AS think_count FROM `goods` `g` LEFT JOIN `user` `u` ON `g`.`seller_id`=`u`.`id` WHERE  `g`.`status` = '1'  AND `g`.`start_time` <= '1787222660'  AND `g`.`end_time` > '1787222660'  AND `g`.`category_id` = '3' [ RunTime:0.001231s ]
[2026-08-20T18:44:20+08:00][sql] SELECT `g`.*,u.nickname as seller_name FROM `goods` `g` LEFT JOIN `user` `u` ON `g`.`seller_id`=`u`.`id` WHERE  `g`.`status` = '1'  AND `g`.`start_time` <= '1787222660'  AND `g`.`end_time` > '1787222660'  AND `g`.`category_id` = '3' ORDER BY `g`.`end_time` ASC,`g`.`id` DESC LIMIT 0,10 [ RunTime:0.001405s ]
[2026-08-20T18:44:20+08:00][sql] SHOW FULL COLUMNS FROM `category` [ RunTime:0.001419s ]
[2026-08-20T18:44:20+08:00][sql] SELECT * FROM `category` WHERE  `status` = 1 ORDER BY `sort` ASC [ RunTime:0.000962s ]
[2026-08-20T18:44:20+08:00][sql] SHOW FULL COLUMNS FROM `bid_record` [ RunTime:0.001491s ]
[2026-08-20T18:44:20+08:00][sql] SELECT `b`.`price`,`b`.`create_time`,`g`.`title`,`u`.`nickname` FROM `bid_record` `b` LEFT JOIN `goods` `g` ON `b`.`goods_id`=`g`.`id` LEFT JOIN `user` `u` ON `b`.`user_id`=`u`.`id` WHERE  `b`.`status` = '1' ORDER BY `b`.`id` DESC LIMIT 5 [ RunTime:0.001221s ]
[2026-08-20T18:44:20+08:00][sql] SHOW FULL COLUMNS FROM `news` [ RunTime:0.001794s ]
[2026-08-20T18:44:20+08:00][sql] SELECT `id`,`title`,`create_time` FROM `news` WHERE  `status` = 1 ORDER BY `id` DESC LIMIT 3 [ RunTime:0.000872s ]
[2026-08-20T18:44:20+08:00][sql] SHOW FULL COLUMNS FROM `banner` [ RunTime:0.001560s ]
[2026-08-20T18:44:20+08:00][sql] SELECT * FROM `banner` WHERE  `status` = 1 ORDER BY `sort` ASC,`id` ASC [ RunTime:0.000948s ]
[2026-08-20T18:44:24+08:00][sql] CONNECT:[ UseTime:0.001874s ] mysql:host=127.0.0.1;port=3306;dbname=auction;charset=utf8mb4
[2026-08-20T18:44:24+08:00][sql] SHOW FULL COLUMNS FROM `goods` [ RunTime:0.002575s ]
[2026-08-20T18:44:24+08:00][sql] SELECT `id` FROM `goods` WHERE  `status` = 1  AND `end_time` <= 1787222664 [ RunTime:0.001422s ]
[2026-08-20T18:44:24+08:00][sql] SHOW FULL COLUMNS FROM `setting` [ RunTime:0.001383s ]
[2026-08-20T18:44:24+08:00][sql] SELECT * FROM `setting` [ RunTime:0.000992s ]
[2026-08-20T18:44:24+08:00][sql] SELECT COUNT(*) AS think_count FROM `goods` `g` LEFT JOIN `user` `u` ON `g`.`seller_id`=`u`.`id` WHERE  `g`.`status` = '1'  AND `g`.`start_time` <= '1787222664'  AND `g`.`end_time` > '1787222664'  AND `g`.`category_id` = '4' [ RunTime:0.001466s ]
[2026-08-20T18:44:24+08:00][sql] SELECT `g`.*,u.nickname as seller_name FROM `goods` `g` LEFT JOIN `user` `u` ON `g`.`seller_id`=`u`.`id` WHERE  `g`.`status` = '1'  AND `g`.`start_time` <= '1787222664'  AND `g`.`end_time` > '1787222664'  AND `g`.`category_id` = '4' ORDER BY `g`.`end_time` ASC,`g`.`id` DESC LIMIT 0,10 [ RunTime:0.001574s ]
[2026-08-20T18:44:24+08:00][sql] SHOW FULL COLUMNS FROM `category` [ RunTime:0.001767s ]
[2026-08-20T18:44:24+08:00][sql] SELECT * FROM `category` WHERE  `status` = 1 ORDER BY `sort` ASC [ RunTime:0.001175s ]
[2026-08-20T18:44:24+08:00][sql] SHOW FULL COLUMNS FROM `bid_record` [ RunTime:0.001767s ]
[2026-08-20T18:44:24+08:00][sql] SELECT `b`.`price`,`b`.`create_time`,`g`.`title`,`u`.`nickname` FROM `bid_record` `b` LEFT JOIN `goods` `g` ON `b`.`goods_id`=`g`.`id` LEFT JOIN `user` `u` ON `b`.`user_id`=`u`.`id` WHERE  `b`.`status` = '1' ORDER BY `b`.`id` DESC LIMIT 5 [ RunTime:0.001468s ]
[2026-08-20T18:44:24+08:00][sql] SHOW FULL COLUMNS FROM `news` [ RunTime:0.001704s ]
[2026-08-20T18:44:24+08:00][sql] SELECT `id`,`title`,`create_time` FROM `news` WHERE  `status` = 1 ORDER BY `id` DESC LIMIT 3 [ RunTime:0.000870s ]
[2026-08-20T18:44:24+08:00][sql] SHOW FULL COLUMNS FROM `banner` [ RunTime:0.001417s ]
[2026-08-20T18:44:24+08:00][sql] SELECT * FROM `banner` WHERE  `status` = 1 ORDER BY `sort` ASC,`id` ASC [ RunTime:0.000978s ]
[2026-08-20T19:05:30+08:00][sql] CONNECT:[ UseTime:0.001983s ] mysql:host=127.0.0.1;port=3306;dbname=auction;charset=utf8mb4
[2026-08-20T19:05:30+08:00][sql] SHOW FULL COLUMNS FROM `goods` [ RunTime:0.002401s ]
[2026-08-20T19:05:30+08:00][sql] SELECT `id` FROM `goods` WHERE  `status` = 1  AND `end_time` <= 1787223930 [ RunTime:0.001544s ]
[2026-08-20T19:05:30+08:00][sql] SHOW FULL COLUMNS FROM `setting` [ RunTime:0.001577s ]
[2026-08-20T19:05:30+08:00][sql] SELECT * FROM `setting` [ RunTime:0.001142s ]
[2026-08-20T19:05:30+08:00][sql] SELECT COUNT(*) AS think_count FROM `goods` `g` LEFT JOIN `user` `u` ON `g`.`seller_id`=`u`.`id` WHERE  `g`.`status` = '1'  AND `g`.`start_time` <= '1787223930'  AND `g`.`end_time` > '1787223930' [ RunTime:0.001560s ]
[2026-08-20T19:05:30+08:00][sql] SELECT `g`.*,u.nickname as seller_name FROM `goods` `g` LEFT JOIN `user` `u` ON `g`.`seller_id`=`u`.`id` WHERE  `g`.`status` = '1'  AND `g`.`start_time` <= '1787223930'  AND `g`.`end_time` > '1787223930' ORDER BY `g`.`end_time` ASC,`g`.`id` DESC LIMIT 0,10 [ RunTime:0.001339s ]
[2026-08-20T19:05:30+08:00][sql] SHOW FULL COLUMNS FROM `bid_record` [ RunTime:0.001758s ]
[2026-08-20T19:05:30+08:00][sql] SELECT MAX(`price`) AS think_max FROM `bid_record` WHERE  `goods_id` = 36  AND `status` = 0 [ RunTime:0.001806s ]
[2026-08-20T19:05:30+08:00][sql] SHOW FULL COLUMNS FROM `category` [ RunTime:0.001633s ]
[2026-08-20T19:05:30+08:00][sql] SELECT * FROM `category` WHERE  `status` = 1 ORDER BY `sort` ASC [ RunTime:0.001092s ]
[2026-08-20T19:05:30+08:00][sql] SELECT `b`.`price`,`b`.`create_time`,`g`.`title`,`u`.`nickname` FROM `bid_record` `b` LEFT JOIN `goods` `g` ON `b`.`goods_id`=`g`.`id` LEFT JOIN `user` `u` ON `b`.`user_id`=`u`.`id` WHERE  `b`.`status` = '1' ORDER BY `b`.`id` DESC LIMIT 5 [ RunTime:0.001198s ]
[2026-08-20T19:05:30+08:00][sql] SHOW FULL COLUMNS FROM `news` [ RunTime:0.001604s ]
[2026-08-20T19:05:30+08:00][sql] SELECT `id`,`title`,`create_time` FROM `news` WHERE  `status` = 1 ORDER BY `id` DESC LIMIT 3 [ RunTime:0.001030s ]
[2026-08-20T19:05:30+08:00][sql] SHOW FULL COLUMNS FROM `banner` [ RunTime:0.001641s ]
[2026-08-20T19:05:30+08:00][sql] SELECT * FROM `banner` WHERE  `status` = 1 ORDER BY `sort` ASC,`id` ASC [ RunTime:0.001189s ]
[2026-08-20T19:05:35+08:00][sql] CONNECT:[ UseTime:0.001688s ] mysql:host=127.0.0.1;port=3306;dbname=auction;charset=utf8mb4
[2026-08-20T19:05:35+08:00][sql] SHOW FULL COLUMNS FROM `goods` [ RunTime:0.002124s ]
[2026-08-20T19:05:35+08:00][sql] SELECT `id` FROM `goods` WHERE  `status` = 1  AND `end_time` <= 1787223935 [ RunTime:0.001333s ]
[2026-08-20T19:05:35+08:00][sql] SHOW FULL COLUMNS FROM `setting` [ RunTime:0.001399s ]
[2026-08-20T19:05:35+08:00][sql] SELECT * FROM `setting` [ RunTime:0.000967s ]
[2026-08-20T19:05:35+08:00][sql] SELECT `g`.*,u.nickname as seller_name,u.shop_name as seller_shop,u.avatar as seller_avatar,`u`.`seller_intro`,u.deposit as seller_deposit,`u`.`shop_score`,`u`.`fans_count`,c.name as category_name FROM `goods` `g` LEFT JOIN `user` `u` ON `g`.`seller_id`=`u`.`id` LEFT JOIN `category` `c` ON `g`.`category_id`=`c`.`id` WHERE  `g`.`id` = '36' LIMIT 1 [ RunTime:0.002021s ]
[2026-08-20T19:05:35+08:00][sql] UPDATE `goods`  SET `view_count` = `view_count` + 1  WHERE  `id` = 36 [ RunTime:0.007561s ]
[2026-08-20T19:05:35+08:00][sql] SHOW FULL COLUMNS FROM `bid_record` [ RunTime:0.001869s ]
[2026-08-20T19:05:35+08:00][sql] SELECT `b`.*,`u`.`nickname`,`u`.`mobile` FROM `bid_record` `b` LEFT JOIN `user` `u` ON `b`.`user_id`=`u`.`id` WHERE  `b`.`goods_id` = '36'  AND `b`.`status` = '0' ORDER BY `b`.`price` DESC,`b`.`id` ASC LIMIT 1 [ RunTime:0.001402s ]
[2026-08-20T19:05:35+08:00][sql] SELECT `b`.*,`u`.`nickname`,`u`.`mobile` FROM `bid_record` `b` LEFT JOIN `user` `u` ON `b`.`user_id`=`u`.`id` WHERE  `b`.`goods_id` = '36' ORDER BY `b`.`price` DESC,`b`.`id` ASC LIMIT 50 [ RunTime:0.001392s ]
[2026-08-20T19:10:48+08:00][sql] CONNECT:[ UseTime:0.001463s ] mysql:host=127.0.0.1;port=3306;dbname=auction;charset=utf8mb4
[2026-08-20T19:10:48+08:00][sql] SHOW FULL COLUMNS FROM `goods` [ RunTime:0.002158s ]
[2026-08-20T19:10:48+08:00][sql] SELECT `id` FROM `goods` WHERE  `status` = 1  AND `end_time` <= 1787224248 [ RunTime:0.001243s ]
[2026-08-20T19:10:48+08:00][sql] SHOW FULL COLUMNS FROM `setting` [ RunTime:0.001567s ]
[2026-08-20T19:10:48+08:00][sql] SELECT * FROM `setting` [ RunTime:0.000926s ]
[2026-08-20T19:10:48+08:00][sql] SHOW FULL COLUMNS FROM `category` [ RunTime:0.001408s ]
[2026-08-20T19:10:48+08:00][sql] SELECT * FROM `category` WHERE  `status` = 1 ORDER BY `sort` ASC [ RunTime:0.001044s ]
[2026-08-20T19:10:48+08:00][sql] SELECT COUNT(*),`category_id` FROM `goods` WHERE  `status` = 1  AND `category_id` IN (1,2,3,4) GROUP BY `category_id` [ RunTime:0.001314s ]
[2026-08-20T19:10:51+08:00][sql] CONNECT:[ UseTime:0.001775s ] mysql:host=127.0.0.1;port=3306;dbname=auction;charset=utf8mb4
[2026-08-20T19:10:51+08:00][sql] SHOW FULL COLUMNS FROM `goods` [ RunTime:0.002408s ]
[2026-08-20T19:10:51+08:00][sql] SELECT `id` FROM `goods` WHERE  `status` = 1  AND `end_time` <= 1787224250 [ RunTime:0.001202s ]
[2026-08-20T19:10:51+08:00][sql] SHOW FULL COLUMNS FROM `setting` [ RunTime:0.001386s ]
[2026-08-20T19:10:51+08:00][sql] SELECT * FROM `setting` [ RunTime:0.000900s ]
[2026-08-20T19:10:51+08:00][sql] CONNECT:[ UseTime:0.001384s ] mysql:host=127.0.0.1;port=3306;dbname=auction;charset=utf8mb4
[2026-08-20T19:10:51+08:00][sql] SHOW FULL COLUMNS FROM `goods` [ RunTime:0.001932s ]
[2026-08-20T19:10:51+08:00][sql] SELECT `id` FROM `goods` WHERE  `status` = 1  AND `end_time` <= 1787224251 [ RunTime:0.001120s ]
[2026-08-20T19:10:51+08:00][sql] SHOW FULL COLUMNS FROM `setting` [ RunTime:0.001366s ]
[2026-08-20T19:10:51+08:00][sql] SELECT * FROM `setting` [ RunTime:0.000888s ]
[2026-08-20T19:17:13+08:00][sql] CONNECT:[ UseTime:0.001700s ] mysql:host=127.0.0.1;port=3306;dbname=auction;charset=utf8mb4
[2026-08-20T19:17:13+08:00][sql] SHOW FULL COLUMNS FROM `goods` [ RunTime:0.002180s ]
[2026-08-20T19:17:13+08:00][sql] SELECT `id` FROM `goods` WHERE  `status` = 1  AND `end_time` <= 1787224633 [ RunTime:0.001289s ]
[2026-08-20T19:17:13+08:00][sql] SHOW FULL COLUMNS FROM `setting` [ RunTime:0.001507s ]
[2026-08-20T19:17:13+08:00][sql] SELECT * FROM `setting` [ RunTime:0.001045s ]
[2026-08-20T19:17:17+08:00][sql] CONNECT:[ UseTime:0.001370s ] mysql:host=127.0.0.1;port=3306;dbname=auction;charset=utf8mb4
[2026-08-20T19:17:17+08:00][sql] SHOW FULL COLUMNS FROM `goods` [ RunTime:0.001888s ]
[2026-08-20T19:17:17+08:00][sql] SELECT `id` FROM `goods` WHERE  `status` = 1  AND `end_time` <= 1787224637 [ RunTime:0.001206s ]
[2026-08-20T19:17:17+08:00][sql] SHOW FULL COLUMNS FROM `setting` [ RunTime:0.001381s ]
[2026-08-20T19:17:17+08:00][sql] SELECT * FROM `setting` [ RunTime:0.000722s ]
[2026-08-20T19:17:17+08:00][sql] SHOW FULL COLUMNS FROM `user` [ RunTime:0.001682s ]
[2026-08-20T19:17:17+08:00][sql] SELECT * FROM `user` WHERE  `mobile` = '18888888888' LIMIT 1 [ RunTime:0.001147s ]
[2026-08-20T19:17:17+08:00][sql] UPDATE `user`  SET `last_login_time` = 1787224637 , `update_time` = 1787224637  WHERE  `id` = 20 [ RunTime:0.008757s ]
[2026-08-20T19:17:18+08:00][sql] CONNECT:[ UseTime:0.001682s ] mysql:host=127.0.0.1;port=3306;dbname=auction;charset=utf8mb4
[2026-08-20T19:17:18+08:00][sql] SHOW FULL COLUMNS FROM `goods` [ RunTime:0.002365s ]
[2026-08-20T19:17:18+08:00][sql] SELECT `id` FROM `goods` WHERE  `status` = 1  AND `end_time` <= 1787224638 [ RunTime:0.001400s ]
[2026-08-20T19:17:18+08:00][sql] SHOW FULL COLUMNS FROM `user` [ RunTime:0.001843s ]
[2026-08-20T19:17:18+08:00][sql] SELECT * FROM `user` WHERE  `id` = 20 LIMIT 1 [ RunTime:0.001321s ]
[2026-08-20T19:17:18+08:00][sql] SHOW FULL COLUMNS FROM `setting` [ RunTime:0.001555s ]
[2026-08-20T19:17:18+08:00][sql] SELECT * FROM `setting` [ RunTime:0.001021s ]
[2026-08-20T19:17:18+08:00][sql] SHOW FULL COLUMNS FROM `bid_record` [ RunTime:0.001906s ]
[2026-08-20T19:17:18+08:00][sql] SELECT COUNT(*) AS think_count FROM `bid_record` WHERE  `user_id` = 20 [ RunTime:0.001214s ]
[2026-08-20T19:17:18+08:00][sql] SHOW FULL COLUMNS FROM `order` [ RunTime:0.001796s ]
[2026-08-20T19:17:18+08:00][sql] SELECT COUNT(*) AS think_count FROM `order` WHERE  `buyer_id` = 20  AND `pay_status` = 1 [ RunTime:0.001136s ]
[2026-08-20T19:17:18+08:00][sql] SELECT COUNT(*) AS think_count FROM `goods` WHERE  `seller_id` = 20  AND `status` = 2 [ RunTime:0.001332s ]
[2026-08-20T19:17:18+08:00][sql] SELECT COUNT(*) AS think_count FROM `goods` WHERE  `seller_id` = 20 [ RunTime:0.001006s ]
[2026-08-20T19:17:18+08:00][sql] SELECT COUNT(*) AS think_count FROM `order` WHERE  `buyer_id` = 20  AND `pay_status` = 0  AND `order_status` = 0 [ RunTime:0.001306s ]
[2026-08-20T19:17:18+08:00][sql] SELECT COUNT(*) AS think_count FROM `order` WHERE  `seller_id` = 20  AND `order_status` = 1 [ RunTime:0.001072s ]
[2026-08-20T19:17:18+08:00][sql] SELECT COUNT(*) AS think_count FROM `order` WHERE  `buyer_id` = 20  AND `order_status` = 0  AND `pay_status` = 0 [ RunTime:0.002795s ]
[2026-08-20T19:17:18+08:00][sql] SELECT COUNT(*) AS think_count FROM `order` WHERE  `buyer_id` = 20  AND `order_status` = 1 [ RunTime:0.001146s ]
[2026-08-20T19:17:18+08:00][sql] SELECT COUNT(*) AS think_count FROM `order` WHERE  `buyer_id` = 20  AND `order_status` = 2 [ RunTime:0.000889s ]
[2026-08-20T19:17:18+08:00][sql] SELECT COUNT(*) AS think_count FROM `order` WHERE  `buyer_id` = 20  AND `order_status` = 3 [ RunTime:0.001076s ]
[2026-08-20T19:17:18+08:00][sql] SELECT COUNT(*) AS think_count FROM `order` WHERE  `seller_id` = 20  AND `order_status` = 1 [ RunTime:0.001089s ]
[2026-08-20T19:17:18+08:00][sql] SHOW FULL COLUMNS FROM `goods_favorite` [ RunTime:0.001404s ]
[2026-08-20T19:17:18+08:00][sql] SELECT COUNT(*) AS think_count FROM `goods_favorite` WHERE  `user_id` = 20 [ RunTime:0.001047s ]
[2026-08-20T19:17:18+08:00][sql] SHOW FULL COLUMNS FROM `seller_follow` [ RunTime:0.001648s ]
[2026-08-20T19:17:18+08:00][sql] SELECT COUNT(*) AS think_count FROM `seller_follow` WHERE  `user_id` = 20 [ RunTime:0.001021s ]
[2026-08-20T19:17:18+08:00][sql] SHOW FULL COLUMNS FROM `browse_history` [ RunTime:0.001463s ]
[2026-08-20T19:17:18+08:00][sql] SELECT COUNT(*) AS think_count FROM `browse_history` WHERE  `user_id` = 20 [ RunTime:0.001152s ]
[2026-08-20T19:17:18+08:00][sql] SHOW FULL COLUMNS FROM `sys_message` [ RunTime:0.001669s ]
[2026-08-20T19:17:18+08:00][sql] SELECT COUNT(*) AS think_count FROM `sys_message` WHERE  `user_id` = 20  AND `is_read` = 0 [ RunTime:0.001047s ]
[2026-08-20T19:17:18+08:00][sql] SHOW FULL COLUMNS FROM `balance_log` [ RunTime:0.001812s ]
[2026-08-20T19:17:18+08:00][sql] SELECT * FROM `balance_log` WHERE  `user_id` = 20 ORDER BY `id` DESC LIMIT 5 [ RunTime:0.001186s ]
[2026-08-20T19:17:18+08:00][sql] SELECT `b`.*,`g`.`title`,`g`.`cover`,g.status as goods_status,`g`.`end_time` FROM `bid_record` `b` LEFT JOIN `goods` `g` ON `b`.`goods_id`=`g`.`id` WHERE  `b`.`user_id` = '20' ORDER BY `b`.`id` DESC LIMIT 5 [ RunTime:0.001619s ]
[2026-08-20T19:17:18+08:00][sql] SELECT `id`,`nickname`,`mobile`,`reg_time` FROM `user` WHERE  `pid` = 20 ORDER BY `id` DESC LIMIT 10 [ RunTime:0.001067s ]
[2026-08-20T19:17:18+08:00][sql] SELECT `value` FROM `setting` WHERE  `name` = 'service_link' LIMIT 1 [ RunTime:0.000855s ]
[2026-08-20T19:17:18+08:00][sql] SELECT `is_virtual` FROM `user` WHERE  `id` = 20 LIMIT 1 [ RunTime:0.000815s ]
[2026-08-20T19:17:20+08:00][sql] CONNECT:[ UseTime:0.001989s ] mysql:host=127.0.0.1;port=3306;dbname=auction;charset=utf8mb4
[2026-08-20T19:17:20+08:00][sql] SHOW FULL COLUMNS FROM `goods` [ RunTime:0.003059s ]
[2026-08-20T19:17:20+08:00][sql] SELECT `id` FROM `goods` WHERE  `status` = 1  AND `end_time` <= 1787224640 [ RunTime:0.001547s ]
[2026-08-20T19:17:20+08:00][sql] SHOW FULL COLUMNS FROM `user` [ RunTime:0.002394s ]
[2026-08-20T19:17:20+08:00][sql] SELECT * FROM `user` WHERE  `id` = 20 LIMIT 1 [ RunTime:0.001571s ]
[2026-08-20T19:17:20+08:00][sql] SHOW FULL COLUMNS FROM `setting` [ RunTime:0.001914s ]
[2026-08-20T19:17:20+08:00][sql] SELECT * FROM `setting` [ RunTime:0.001194s ]
[2026-08-20T19:17:20+08:00][sql] SELECT COUNT(*) AS think_count FROM `goods` `g` LEFT JOIN `user` `u` ON `g`.`seller_id`=`u`.`id` WHERE  `g`.`status` = '1'  AND `g`.`start_time` <= '1787224640'  AND `g`.`end_time` > '1787224640' [ RunTime:0.001601s ]
[2026-08-20T19:17:20+08:00][sql] SELECT `g`.*,u.nickname as seller_name FROM `goods` `g` LEFT JOIN `user` `u` ON `g`.`seller_id`=`u`.`id` WHERE  `g`.`status` = '1'  AND `g`.`start_time` <= '1787224640'  AND `g`.`end_time` > '1787224640' ORDER BY `g`.`end_time` ASC,`g`.`id` DESC LIMIT 0,10 [ RunTime:0.001944s ]
[2026-08-20T19:17:20+08:00][sql] SHOW FULL COLUMNS FROM `bid_record` [ RunTime:0.001961s ]
[2026-08-20T19:17:20+08:00][sql] SELECT MAX(`price`) AS think_max FROM `bid_record` WHERE  `goods_id` = 36  AND `status` = 0 [ RunTime:0.001421s ]
[2026-08-20T19:17:20+08:00][sql] SHOW FULL COLUMNS FROM `category` [ RunTime:0.001860s ]
[2026-08-20T19:17:20+08:00][sql] SELECT * FROM `category` WHERE  `status` = 1 ORDER BY `sort` ASC [ RunTime:0.001693s ]
[2026-08-20T19:17:20+08:00][sql] SELECT `b`.`price`,`b`.`create_time`,`g`.`title`,`u`.`nickname` FROM `bid_record` `b` LEFT JOIN `goods` `g` ON `b`.`goods_id`=`g`.`id` LEFT JOIN `user` `u` ON `b`.`user_id`=`u`.`id` WHERE  `b`.`status` = '1' ORDER BY `b`.`id` DESC LIMIT 5 [ RunTime:0.001503s ]
[2026-08-20T19:17:20+08:00][sql] SHOW FULL COLUMNS FROM `news` [ RunTime:0.001818s ]
[2026-08-20T19:17:20+08:00][sql] SELECT `id`,`title`,`create_time` FROM `news` WHERE  `status` = 1 ORDER BY `id` DESC LIMIT 3 [ RunTime:0.001163s ]
[2026-08-20T19:17:20+08:00][sql] SHOW FULL COLUMNS FROM `banner` [ RunTime:0.001740s ]
[2026-08-20T19:17:20+08:00][sql] SELECT * FROM `banner` WHERE  `status` = 1 ORDER BY `sort` ASC,`id` ASC [ RunTime:0.001297s ]
