[2026-08-21T12:24:45+08:00][error] [10501]SQLSTATE[HY000] [1045] Access denied for user 'jp'@'localhost' (using password: YES)
[2026-08-21T12:25:25+08:00][error] [10501]SQLSTATE[HY000] [1045] Access denied for user 'jp'@'localhost' (using password: YES)[D:\phpstudy_pro\WWW\jp\vendor\topthink\think-orm\src\db\PDOConnection.php:836]
[2026-08-21T12:25:28+08:00][error] [10501]SQLSTATE[HY000] [1045] Access denied for user 'jp'@'localhost' (using password: YES)[D:\phpstudy_pro\WWW\jp\vendor\topthink\think-orm\src\db\PDOConnection.php:836]
[2026-08-21T12:25:43+08:00][sql] CONNECT:[ UseTime:0.018944s ] mysql:host=127.0.0.1;port=3306;dbname=jp;charset=utf8mb4
[2026-08-21T12:25:43+08:00][sql] SHOW FULL COLUMNS FROM `goods` [ RunTime:0.001985s ]
[2026-08-21T12:25:43+08:00][sql] SELECT `id` FROM `goods` WHERE  `status` = 1  AND `end_time` <= 1787286343 [ RunTime:0.000548s ]
[2026-08-21T12:25:43+08:00][sql] SELECT * FROM `goods` WHERE  `id` = 36 LIMIT 1   FOR UPDATE [ RunTime:0.000220s ]
[2026-08-21T12:25:43+08:00][sql] SHOW FULL COLUMNS FROM `bid_record` [ RunTime:0.001140s ]
[2026-08-21T12:25:43+08:00][sql] SELECT * FROM `bid_record` WHERE  `goods_id` = 36  AND `status` = 0 ORDER BY `price` DESC,`id` ASC [ RunTime:0.000458s ]
[2026-08-21T12:25:43+08:00][sql] SHOW FULL COLUMNS FROM `setting` [ RunTime:0.001106s ]
[2026-08-21T12:25:43+08:00][sql] SELECT * FROM `setting` [ RunTime:0.000182s ]
[2026-08-21T12:25:43+08:00][sql] UPDATE `bid_record`  SET `status` = 2  WHERE  `goods_id` = 36  AND `status` = 0 [ RunTime:0.000520s ]
[2026-08-21T12:25:43+08:00][sql] UPDATE `bid_record`  SET `status` = 1 , `is_winner` = 1  WHERE  `id` = 49 [ RunTime:0.000167s ]
[2026-08-21T12:25:43+08:00][sql] SHOW FULL COLUMNS FROM `user` [ RunTime:0.001259s ]
[2026-08-21T12:25:43+08:00][sql] SELECT * FROM `user` WHERE  `id` = 31 LIMIT 1   FOR UPDATE [ RunTime:0.000250s ]
[2026-08-21T12:25:43+08:00][sql] UPDATE `user`  SET `balance` = '1200' , `freeze_balance` = '0' , `update_time` = 1787286343  WHERE  `id` = 31 [ RunTime:0.000184s ]
[2026-08-21T12:25:43+08:00][sql] SHOW FULL COLUMNS FROM `balance_log` [ RunTime:0.001148s ]
[2026-08-21T12:25:43+08:00][sql] INSERT INTO `balance_log` SET `user_id` = 31 , `type` = 'refund' , `amount` = '10.00' , `balance` = '1200' , `remark` = '未拍中，保证金退回（111）' , `create_time` = 1787286343 [ RunTime:0.000157s ]
[2026-08-21T12:25:43+08:00][sql] SELECT * FROM `user` WHERE  `id` = 30 LIMIT 1   FOR UPDATE [ RunTime:0.000190s ]
[2026-08-21T12:25:43+08:00][sql] UPDATE `user`  SET `balance` = '1000' , `freeze_balance` = '0' , `update_time` = 1787286343  WHERE  `id` = 30 [ RunTime:0.000154s ]
[2026-08-21T12:25:43+08:00][sql] INSERT INTO `balance_log` SET `user_id` = 30 , `type` = 'refund' , `amount` = '10.00' , `balance` = '1000' , `remark` = '未拍中，保证金退回（111）' , `create_time` = 1787286343 [ RunTime:0.000134s ]
[2026-08-21T12:25:43+08:00][sql] SELECT * FROM `user` WHERE  `id` = 20 LIMIT 1   FOR UPDATE [ RunTime:0.000189s ]
[2026-08-21T12:25:43+08:00][sql] UPDATE `user`  SET `balance` = '4570' , `freeze_balance` = '0' , `update_time` = 1787286343  WHERE  `id` = 20 [ RunTime:0.000151s ]
[2026-08-21T12:25:43+08:00][sql] INSERT INTO `balance_log` SET `user_id` = 20 , `type` = 'refund' , `amount` = '10.00' , `balance` = '4570' , `remark` = '未拍中，保证金退回（111）' , `create_time` = 1787286343 [ RunTime:0.000137s ]
[2026-08-21T12:25:43+08:00][sql] SELECT MAX(`deposit`) AS think_max FROM `bid_record` WHERE  `goods_id` = 36  AND `user_id` = 24  AND `deposit` > '0' [ RunTime:0.000232s ]
[2026-08-21T12:25:43+08:00][sql] SHOW FULL COLUMNS FROM `order` [ RunTime:0.001283s ]
[2026-08-21T12:25:43+08:00][sql] INSERT INTO `order` SET `order_no` = 'AU20260821122543222865' , `goods_id` = 36 , `goods_title` = '111' , `goods_cover` = '/uploads/20260820/083632_4854.png' , `seller_id` = 29 , `buyer_id` = 24 , `price` = '2411.00' , `commission_rate` = '10' , `commission` = '241.1' , `seller_income` = '2169.9' , `deposit` = '0' , `pay_status` = 0 , `order_status` = 0 , `create_time` = 1787286343 , `update_time` = 1787286343 [ RunTime:0.000201s ]
[2026-08-21T12:25:43+08:00][sql] UPDATE `goods`  SET `status` = 2 , `final_price` = '2411.00' , `winner_id` = 24 , `order_id` = 12 , `update_time` = 1787286343  WHERE  `id` = 36 [ RunTime:0.000192s ]
[2026-08-21T12:25:43+08:00][sql] SELECT COUNT(*) AS think_count FROM `goods` `g` LEFT JOIN `user` `u` ON `g`.`seller_id`=`u`.`id` WHERE  `g`.`status` = '1'  AND `g`.`start_time` <= '1787286343'  AND `g`.`end_time` > '1787286343' [ RunTime:0.000257s ]
[2026-08-21T12:25:43+08:00][sql] SELECT `g`.*,u.nickname as seller_name FROM `goods` `g` LEFT JOIN `user` `u` ON `g`.`seller_id`=`u`.`id` WHERE  `g`.`status` = '1'  AND `g`.`start_time` <= '1787286343'  AND `g`.`end_time` > '1787286343' ORDER BY `g`.`end_time` ASC,`g`.`id` DESC LIMIT 0,10 [ RunTime:0.000446s ]
[2026-08-21T12:25:43+08:00][sql] SHOW FULL COLUMNS FROM `category` [ RunTime:0.001146s ]
[2026-08-21T12:25:43+08:00][sql] SELECT * FROM `category` WHERE  `status` = 1 ORDER BY `sort` ASC [ RunTime:0.000180s ]
[2026-08-21T12:25:43+08:00][sql] SELECT `b`.`price`,`b`.`create_time`,`g`.`title`,`u`.`nickname` FROM `bid_record` `b` LEFT JOIN `goods` `g` ON `b`.`goods_id`=`g`.`id` LEFT JOIN `user` `u` ON `b`.`user_id`=`u`.`id` WHERE  `b`.`status` = '1' ORDER BY `b`.`id` DESC LIMIT 5 [ RunTime:0.000217s ]
[2026-08-21T12:25:43+08:00][sql] SHOW FULL COLUMNS FROM `news` [ RunTime:0.001047s ]
[2026-08-21T12:25:43+08:00][sql] SELECT `id`,`title`,`create_time` FROM `news` WHERE  `status` = 1 ORDER BY `id` DESC LIMIT 3 [ RunTime:0.000165s ]
[2026-08-21T12:25:43+08:00][sql] SHOW FULL COLUMNS FROM `banner` [ RunTime:0.001144s ]
[2026-08-21T12:25:43+08:00][sql] SELECT * FROM `banner` WHERE  `status` = 1 ORDER BY `sort` ASC,`id` ASC [ RunTime:0.000172s ]
[2026-08-21T12:26:50+08:00][sql] CONNECT:[ UseTime:0.000746s ] mysql:host=127.0.0.1;port=3306;dbname=jp;charset=utf8mb4
[2026-08-21T12:26:50+08:00][sql] SHOW FULL COLUMNS FROM `goods` [ RunTime:0.001370s ]
[2026-08-21T12:26:50+08:00][sql] SELECT `id` FROM `goods` WHERE  `status` = 1  AND `end_time` <= 1787286410 [ RunTime:0.000218s ]
[2026-08-21T12:26:50+08:00][sql] SHOW FULL COLUMNS FROM `setting` [ RunTime:0.001069s ]
[2026-08-21T12:26:50+08:00][sql] SELECT * FROM `setting` [ RunTime:0.000173s ]
[2026-08-21T12:26:50+08:00][sql] SELECT COUNT(*) AS think_count FROM `goods` `g` LEFT JOIN `user` `u` ON `g`.`seller_id`=`u`.`id` WHERE  `g`.`status` = '1'  AND `g`.`start_time` <= '1787286410'  AND `g`.`end_time` > '1787286410' [ RunTime:0.000898s ]
[2026-08-21T12:26:50+08:00][sql] SELECT `g`.*,u.nickname as seller_name FROM `goods` `g` LEFT JOIN `user` `u` ON `g`.`seller_id`=`u`.`id` WHERE  `g`.`status` = '1'  AND `g`.`start_time` <= '1787286410'  AND `g`.`end_time` > '1787286410' ORDER BY `g`.`end_time` ASC,`g`.`id` DESC LIMIT 0,10 [ RunTime:0.000271s ]
[2026-08-21T12:26:50+08:00][sql] SHOW FULL COLUMNS FROM `category` [ RunTime:0.001086s ]
[2026-08-21T12:26:50+08:00][sql] SELECT * FROM `category` WHERE  `status` = 1 ORDER BY `sort` ASC [ RunTime:0.000195s ]
[2026-08-21T12:26:50+08:00][sql] SHOW FULL COLUMNS FROM `bid_record` [ RunTime:0.001073s ]
[2026-08-21T12:26:50+08:00][sql] SELECT `b`.`price`,`b`.`create_time`,`g`.`title`,`u`.`nickname` FROM `bid_record` `b` LEFT JOIN `goods` `g` ON `b`.`goods_id`=`g`.`id` LEFT JOIN `user` `u` ON `b`.`user_id`=`u`.`id` WHERE  `b`.`status` = '1' ORDER BY `b`.`id` DESC LIMIT 5 [ RunTime:0.000244s ]
[2026-08-21T12:26:50+08:00][sql] SHOW FULL COLUMNS FROM `news` [ RunTime:0.001060s ]
[2026-08-21T12:26:50+08:00][sql] SELECT `id`,`title`,`create_time` FROM `news` WHERE  `status` = 1 ORDER BY `id` DESC LIMIT 3 [ RunTime:0.000192s ]
[2026-08-21T12:26:50+08:00][sql] SHOW FULL COLUMNS FROM `banner` [ RunTime:0.001100s ]
[2026-08-21T12:26:50+08:00][sql] SELECT * FROM `banner` WHERE  `status` = 1 ORDER BY `sort` ASC,`id` ASC [ RunTime:0.000182s ]
[2026-08-21T12:26:50+08:00][error] [2]filesize(): stat failed for C:\Windows\sess_zziudbrorkdadhip90v9jmjameng[D:\phpstudy_pro\WWW\jp\vendor\topthink\think-trace\src\Console.php:168]
[2026-08-21T12:27:34+08:00][sql] CONNECT:[ UseTime:0.000911s ] mysql:host=127.0.0.1;port=3306;dbname=jp;charset=utf8mb4
[2026-08-21T12:27:34+08:00][sql] SHOW FULL COLUMNS FROM `goods` [ RunTime:0.001649s ]
[2026-08-21T12:27:34+08:00][sql] SELECT `id` FROM `goods` WHERE  `status` = 1  AND `end_time` <= 1787286454 [ RunTime:0.000275s ]
[2026-08-21T12:27:34+08:00][sql] SHOW FULL COLUMNS FROM `setting` [ RunTime:0.001153s ]
[2026-08-21T12:27:34+08:00][sql] SELECT * FROM `setting` [ RunTime:0.000171s ]
[2026-08-21T12:27:34+08:00][sql] SELECT COUNT(*) AS think_count FROM `goods` `g` LEFT JOIN `user` `u` ON `g`.`seller_id`=`u`.`id` WHERE  `g`.`status` = '1'  AND `g`.`start_time` <= '1787286454'  AND `g`.`end_time` > '1787286454' [ RunTime:0.000922s ]
[2026-08-21T12:27:34+08:00][sql] SELECT `g`.*,u.nickname as seller_name FROM `goods` `g` LEFT JOIN `user` `u` ON `g`.`seller_id`=`u`.`id` WHERE  `g`.`status` = '1'  AND `g`.`start_time` <= '1787286454'  AND `g`.`end_time` > '1787286454' ORDER BY `g`.`end_time` ASC,`g`.`id` DESC LIMIT 0,10 [ RunTime:0.000267s ]
[2026-08-21T12:27:34+08:00][sql] SHOW FULL COLUMNS FROM `category` [ RunTime:0.001077s ]
[2026-08-21T12:27:34+08:00][sql] SELECT * FROM `category` WHERE  `status` = 1 ORDER BY `sort` ASC [ RunTime:0.000189s ]
[2026-08-21T12:27:34+08:00][sql] SHOW FULL COLUMNS FROM `bid_record` [ RunTime:0.001065s ]
[2026-08-21T12:27:34+08:00][sql] SELECT `b`.`price`,`b`.`create_time`,`g`.`title`,`u`.`nickname` FROM `bid_record` `b` LEFT JOIN `goods` `g` ON `b`.`goods_id`=`g`.`id` LEFT JOIN `user` `u` ON `b`.`user_id`=`u`.`id` WHERE  `b`.`status` = '1' ORDER BY `b`.`id` DESC LIMIT 5 [ RunTime:0.000238s ]
[2026-08-21T12:27:34+08:00][sql] SHOW FULL COLUMNS FROM `news` [ RunTime:0.001065s ]
[2026-08-21T12:27:34+08:00][sql] SELECT `id`,`title`,`create_time` FROM `news` WHERE  `status` = 1 ORDER BY `id` DESC LIMIT 3 [ RunTime:0.000177s ]
[2026-08-21T12:27:34+08:00][sql] SHOW FULL COLUMNS FROM `banner` [ RunTime:0.001107s ]
[2026-08-21T12:27:34+08:00][sql] SELECT * FROM `banner` WHERE  `status` = 1 ORDER BY `sort` ASC,`id` ASC [ RunTime:0.000197s ]
[2026-08-21T12:27:35+08:00][sql] CONNECT:[ UseTime:0.001002s ] mysql:host=127.0.0.1;port=3306;dbname=jp;charset=utf8mb4
[2026-08-21T12:27:35+08:00][sql] SHOW FULL COLUMNS FROM `goods` [ RunTime:0.001570s ]
[2026-08-21T12:27:35+08:00][sql] SELECT `id` FROM `goods` WHERE  `status` = 1  AND `end_time` <= 1787286455 [ RunTime:0.000256s ]
[2026-08-21T12:27:35+08:00][sql] SHOW FULL COLUMNS FROM `setting` [ RunTime:0.001285s ]
[2026-08-21T12:27:35+08:00][sql] SELECT * FROM `setting` [ RunTime:0.000210s ]
[2026-08-21T12:27:35+08:00][sql] SELECT COUNT(*) AS think_count FROM `goods` `g` LEFT JOIN `user` `u` ON `g`.`seller_id`=`u`.`id` WHERE  `g`.`status` = '1'  AND `g`.`start_time` <= '1787286455'  AND `g`.`end_time` > '1787286455' [ RunTime:0.001056s ]
[2026-08-21T12:27:35+08:00][sql] SELECT `g`.*,u.nickname as seller_name FROM `goods` `g` LEFT JOIN `user` `u` ON `g`.`seller_id`=`u`.`id` WHERE  `g`.`status` = '1'  AND `g`.`start_time` <= '1787286455'  AND `g`.`end_time` > '1787286455' ORDER BY `g`.`end_time` ASC,`g`.`id` DESC LIMIT 0,10 [ RunTime:0.000302s ]
[2026-08-21T12:27:35+08:00][sql] SHOW FULL COLUMNS FROM `category` [ RunTime:0.001325s ]
[2026-08-21T12:27:35+08:00][sql] SELECT * FROM `category` WHERE  `status` = 1 ORDER BY `sort` ASC [ RunTime:0.000216s ]
[2026-08-21T12:27:35+08:00][sql] SHOW FULL COLUMNS FROM `bid_record` [ RunTime:0.001326s ]
[2026-08-21T12:27:35+08:00][sql] SELECT `b`.`price`,`b`.`create_time`,`g`.`title`,`u`.`nickname` FROM `bid_record` `b` LEFT JOIN `goods` `g` ON `b`.`goods_id`=`g`.`id` LEFT JOIN `user` `u` ON `b`.`user_id`=`u`.`id` WHERE  `b`.`status` = '1' ORDER BY `b`.`id` DESC LIMIT 5 [ RunTime:0.000275s ]
[2026-08-21T12:27:35+08:00][sql] SHOW FULL COLUMNS FROM `news` [ RunTime:0.001082s ]
[2026-08-21T12:27:35+08:00][sql] SELECT `id`,`title`,`create_time` FROM `news` WHERE  `status` = 1 ORDER BY `id` DESC LIMIT 3 [ RunTime:0.000186s ]
[2026-08-21T12:27:35+08:00][sql] SHOW FULL COLUMNS FROM `banner` [ RunTime:0.001050s ]
[2026-08-21T12:27:35+08:00][sql] SELECT * FROM `banner` WHERE  `status` = 1 ORDER BY `sort` ASC,`id` ASC [ RunTime:0.000187s ]
[2026-08-21T12:32:31+08:00][sql] CONNECT:[ UseTime:0.001070s ] mysql:host=127.0.0.1;port=3306;dbname=jp;charset=utf8mb4
[2026-08-21T12:32:31+08:00][sql] SHOW FULL COLUMNS FROM `goods` [ RunTime:0.001476s ]
[2026-08-21T12:32:31+08:00][sql] SELECT `id` FROM `goods` WHERE  `status` = 1  AND `end_time` <= 1787286751 [ RunTime:0.000213s ]
[2026-08-21T12:32:31+08:00][sql] SHOW FULL COLUMNS FROM `setting` [ RunTime:0.001129s ]
[2026-08-21T12:32:31+08:00][sql] SELECT * FROM `setting` [ RunTime:0.000169s ]
[2026-08-21T12:32:31+08:00][sql] SELECT COUNT(*) AS think_count FROM `goods` `g` LEFT JOIN `user` `u` ON `g`.`seller_id`=`u`.`id` WHERE  `g`.`status` = '1'  AND `g`.`start_time` <= '1787286751'  AND `g`.`end_time` > '1787286751' [ RunTime:0.000963s ]
[2026-08-21T12:32:31+08:00][sql] SELECT `g`.*,u.nickname as seller_name FROM `goods` `g` LEFT JOIN `user` `u` ON `g`.`seller_id`=`u`.`id` WHERE  `g`.`status` = '1'  AND `g`.`start_time` <= '1787286751'  AND `g`.`end_time` > '1787286751' ORDER BY `g`.`end_time` ASC,`g`.`id` DESC LIMIT 0,10 [ RunTime:0.000277s ]
[2026-08-21T12:32:31+08:00][sql] SHOW FULL COLUMNS FROM `category` [ RunTime:0.001188s ]
[2026-08-21T12:32:31+08:00][sql] SELECT * FROM `category` WHERE  `status` = 1 ORDER BY `sort` ASC [ RunTime:0.000186s ]
[2026-08-21T12:32:31+08:00][sql] SHOW FULL COLUMNS FROM `bid_record` [ RunTime:0.001114s ]
[2026-08-21T12:32:31+08:00][sql] SELECT `b`.`price`,`b`.`create_time`,`g`.`title`,`u`.`nickname` FROM `bid_record` `b` LEFT JOIN `goods` `g` ON `b`.`goods_id`=`g`.`id` LEFT JOIN `user` `u` ON `b`.`user_id`=`u`.`id` WHERE  `b`.`status` = '1' ORDER BY `b`.`id` DESC LIMIT 5 [ RunTime:0.000237s ]
[2026-08-21T12:32:31+08:00][sql] SHOW FULL COLUMNS FROM `news` [ RunTime:0.001102s ]
[2026-08-21T12:32:31+08:00][sql] SELECT `id`,`title`,`create_time` FROM `news` WHERE  `status` = 1 ORDER BY `id` DESC LIMIT 3 [ RunTime:0.000167s ]
[2026-08-21T12:32:31+08:00][sql] SHOW FULL COLUMNS FROM `banner` [ RunTime:0.001102s ]
[2026-08-21T12:32:31+08:00][sql] SELECT * FROM `banner` WHERE  `status` = 1 ORDER BY `sort` ASC,`id` ASC [ RunTime:0.000179s ]
[2026-08-21T13:03:31+08:00][sql] CONNECT:[ UseTime:0.002590s ] mysql:host=127.0.0.1;port=3306;dbname=jp;charset=utf8mb4
[2026-08-21T13:03:31+08:00][sql] SHOW FULL COLUMNS FROM `goods` [ RunTime:0.004321s ]
[2026-08-21T13:03:31+08:00][sql] SELECT `id` FROM `goods` WHERE  `status` = 1  AND `end_time` <= 1787288611 [ RunTime:0.000625s ]
[2026-08-21T13:03:31+08:00][sql] SHOW FULL COLUMNS FROM `setting` [ RunTime:0.002318s ]
[2026-08-21T13:03:31+08:00][sql] SELECT * FROM `setting` [ RunTime:0.000225s ]
[2026-08-21T13:03:31+08:00][sql] SELECT COUNT(*) AS think_count FROM `goods` `g` LEFT JOIN `user` `u` ON `g`.`seller_id`=`u`.`id` WHERE  `g`.`status` = '1'  AND `g`.`start_time` <= '1787288611'  AND `g`.`end_time` > '1787288611' [ RunTime:0.002279s ]
[2026-08-21T13:03:31+08:00][sql] SELECT `g`.*,u.nickname as seller_name FROM `goods` `g` LEFT JOIN `user` `u` ON `g`.`seller_id`=`u`.`id` WHERE  `g`.`status` = '1'  AND `g`.`start_time` <= '1787288611'  AND `g`.`end_time` > '1787288611' ORDER BY `g`.`end_time` ASC,`g`.`id` DESC LIMIT 0,10 [ RunTime:0.000341s ]
[2026-08-21T13:03:31+08:00][sql] SHOW FULL COLUMNS FROM `category` [ RunTime:0.002328s ]
[2026-08-21T13:03:31+08:00][sql] SELECT * FROM `category` WHERE  `status` = 1 ORDER BY `sort` ASC [ RunTime:0.000299s ]
[2026-08-21T13:03:31+08:00][sql] SHOW FULL COLUMNS FROM `bid_record` [ RunTime:0.002023s ]
[2026-08-21T13:03:31+08:00][sql] SELECT `b`.`price`,`b`.`create_time`,`g`.`title`,`u`.`nickname` FROM `bid_record` `b` LEFT JOIN `goods` `g` ON `b`.`goods_id`=`g`.`id` LEFT JOIN `user` `u` ON `b`.`user_id`=`u`.`id` WHERE  `b`.`status` = '1' ORDER BY `b`.`id` DESC LIMIT 5 [ RunTime:0.000263s ]
[2026-08-21T13:03:31+08:00][sql] SHOW FULL COLUMNS FROM `news` [ RunTime:0.001920s ]
[2026-08-21T13:03:31+08:00][sql] SELECT `id`,`title`,`create_time` FROM `news` WHERE  `status` = 1 ORDER BY `id` DESC LIMIT 3 [ RunTime:0.000360s ]
[2026-08-21T13:03:31+08:00][sql] SHOW FULL COLUMNS FROM `banner` [ RunTime:0.001883s ]
[2026-08-21T13:03:31+08:00][sql] SELECT * FROM `banner` WHERE  `status` = 1 ORDER BY `sort` ASC,`id` ASC [ RunTime:0.000206s ]
[2026-08-21T13:06:13+08:00][sql] CONNECT:[ UseTime:0.001158s ] mysql:host=127.0.0.1;port=3306;dbname=jp;charset=utf8mb4
[2026-08-21T13:06:13+08:00][sql] SHOW FULL COLUMNS FROM `goods` [ RunTime:0.001707s ]
[2026-08-21T13:06:13+08:00][sql] SELECT `id` FROM `goods` WHERE  `status` = 1  AND `end_time` <= 1787288773 [ RunTime:0.000237s ]
[2026-08-21T13:06:13+08:00][sql] SHOW FULL COLUMNS FROM `setting` [ RunTime:0.001189s ]
[2026-08-21T13:06:13+08:00][sql] SELECT * FROM `setting` [ RunTime:0.000225s ]
[2026-08-21T13:06:13+08:00][sql] SELECT COUNT(*) AS think_count FROM `goods` `g` LEFT JOIN `user` `u` ON `g`.`seller_id`=`u`.`id` WHERE  `g`.`status` = '1'  AND `g`.`start_time` <= '1787288773'  AND `g`.`end_time` > '1787288773' [ RunTime:0.001064s ]
[2026-08-21T13:06:13+08:00][sql] SELECT `g`.*,u.nickname as seller_name FROM `goods` `g` LEFT JOIN `user` `u` ON `g`.`seller_id`=`u`.`id` WHERE  `g`.`status` = '1'  AND `g`.`start_time` <= '1787288773'  AND `g`.`end_time` > '1787288773' ORDER BY `g`.`end_time` ASC,`g`.`id` DESC LIMIT 0,10 [ RunTime:0.000296s ]
[2026-08-21T13:06:13+08:00][sql] SHOW FULL COLUMNS FROM `category` [ RunTime:0.001148s ]
[2026-08-21T13:06:13+08:00][sql] SELECT * FROM `category` WHERE  `status` = 1 ORDER BY `sort` ASC [ RunTime:0.000197s ]
[2026-08-21T13:06:13+08:00][sql] SHOW FULL COLUMNS FROM `bid_record` [ RunTime:0.001130s ]
[2026-08-21T13:06:13+08:00][sql] SELECT `b`.`price`,`b`.`create_time`,`g`.`title`,`u`.`nickname` FROM `bid_record` `b` LEFT JOIN `goods` `g` ON `b`.`goods_id`=`g`.`id` LEFT JOIN `user` `u` ON `b`.`user_id`=`u`.`id` WHERE  `b`.`status` = '1' ORDER BY `b`.`id` DESC LIMIT 5 [ RunTime:0.000244s ]
[2026-08-21T13:06:13+08:00][sql] SHOW FULL COLUMNS FROM `news` [ RunTime:0.001103s ]
[2026-08-21T13:06:13+08:00][sql] SELECT `id`,`title`,`create_time` FROM `news` WHERE  `status` = 1 ORDER BY `id` DESC LIMIT 3 [ RunTime:0.000212s ]
[2026-08-21T13:06:13+08:00][sql] SHOW FULL COLUMNS FROM `banner` [ RunTime:0.001227s ]
[2026-08-21T13:06:13+08:00][sql] SELECT * FROM `banner` WHERE  `status` = 1 ORDER BY `sort` ASC,`id` ASC [ RunTime:0.000222s ]
[2026-08-21T13:07:22+08:00][sql] CONNECT:[ UseTime:0.000736s ] mysql:host=127.0.0.1;port=3306;dbname=jp;charset=utf8mb4
[2026-08-21T13:07:22+08:00][sql] SHOW FULL COLUMNS FROM `goods` [ RunTime:0.001696s ]
[2026-08-21T13:07:22+08:00][sql] SELECT `id` FROM `goods` WHERE  `status` = 1  AND `end_time` <= 1787288842 [ RunTime:0.000365s ]
[2026-08-21T13:07:22+08:00][sql] SHOW FULL COLUMNS FROM `setting` [ RunTime:0.001375s ]
[2026-08-21T13:07:22+08:00][sql] SELECT * FROM `setting` [ RunTime:0.000201s ]
[2026-08-21T13:07:22+08:00][sql] SELECT COUNT(*) AS think_count FROM `goods` `g` LEFT JOIN `user` `u` ON `g`.`seller_id`=`u`.`id` WHERE  `g`.`status` = '1'  AND `g`.`start_time` <= '1787288842'  AND `g`.`end_time` > '1787288842' [ RunTime:0.001092s ]
[2026-08-21T13:07:22+08:00][sql] SELECT `g`.*,u.nickname as seller_name FROM `goods` `g` LEFT JOIN `user` `u` ON `g`.`seller_id`=`u`.`id` WHERE  `g`.`status` = '1'  AND `g`.`start_time` <= '1787288842'  AND `g`.`end_time` > '1787288842' ORDER BY `g`.`end_time` ASC,`g`.`id` DESC LIMIT 0,10 [ RunTime:0.000316s ]
[2026-08-21T13:07:22+08:00][sql] SHOW FULL COLUMNS FROM `category` [ RunTime:0.001253s ]
[2026-08-21T13:07:22+08:00][sql] SELECT * FROM `category` WHERE  `status` = 1 ORDER BY `sort` ASC [ RunTime:0.000226s ]
[2026-08-21T13:07:22+08:00][sql] SHOW FULL COLUMNS FROM `bid_record` [ RunTime:0.001237s ]
[2026-08-21T13:07:22+08:00][sql] SELECT `b`.`price`,`b`.`create_time`,`g`.`title`,`u`.`nickname` FROM `bid_record` `b` LEFT JOIN `goods` `g` ON `b`.`goods_id`=`g`.`id` LEFT JOIN `user` `u` ON `b`.`user_id`=`u`.`id` WHERE  `b`.`status` = '1' ORDER BY `b`.`id` DESC LIMIT 5 [ RunTime:0.000289s ]
[2026-08-21T13:07:22+08:00][sql] SHOW FULL COLUMNS FROM `news` [ RunTime:0.001186s ]
[2026-08-21T13:07:22+08:00][sql] SELECT `id`,`title`,`create_time` FROM `news` WHERE  `status` = 1 ORDER BY `id` DESC LIMIT 3 [ RunTime:0.000206s ]
[2026-08-21T13:07:22+08:00][sql] SHOW FULL COLUMNS FROM `banner` [ RunTime:0.001164s ]
[2026-08-21T13:07:22+08:00][sql] SELECT * FROM `banner` WHERE  `status` = 1 ORDER BY `sort` ASC,`id` ASC [ RunTime:0.000222s ]
[2026-08-21T13:10:27+08:00][sql] CONNECT:[ UseTime:0.000794s ] mysql:host=127.0.0.1;port=3306;dbname=jp;charset=utf8mb4
[2026-08-21T13:10:27+08:00][sql] SHOW FULL COLUMNS FROM `goods` [ RunTime:0.001665s ]
[2026-08-21T13:10:27+08:00][sql] SELECT `id` FROM `goods` WHERE  `status` = 1  AND `end_time` <= 1787289027 [ RunTime:0.000405s ]
[2026-08-21T13:10:27+08:00][sql] SHOW FULL COLUMNS FROM `setting` [ RunTime:0.001481s ]
[2026-08-21T13:10:27+08:00][sql] SELECT * FROM `setting` [ RunTime:0.000216s ]
[2026-08-21T13:10:27+08:00][sql] SELECT COUNT(*) AS think_count FROM `goods` `g` LEFT JOIN `user` `u` ON `g`.`seller_id`=`u`.`id` WHERE  `g`.`status` = '1'  AND `g`.`start_time` <= '1787289027'  AND `g`.`end_time` > '1787289027' [ RunTime:0.001056s ]
[2026-08-21T13:10:27+08:00][sql] SELECT `g`.*,u.nickname as seller_name FROM `goods` `g` LEFT JOIN `user` `u` ON `g`.`seller_id`=`u`.`id` WHERE  `g`.`status` = '1'  AND `g`.`start_time` <= '1787289027'  AND `g`.`end_time` > '1787289027' ORDER BY `g`.`end_time` ASC,`g`.`id` DESC LIMIT 0,10 [ RunTime:0.000329s ]
[2026-08-21T13:10:27+08:00][sql] SHOW FULL COLUMNS FROM `category` [ RunTime:0.001240s ]
[2026-08-21T13:10:27+08:00][sql] SELECT * FROM `category` WHERE  `status` = 1 ORDER BY `sort` ASC [ RunTime:0.000234s ]
[2026-08-21T13:10:27+08:00][sql] SHOW FULL COLUMNS FROM `bid_record` [ RunTime:0.001247s ]
[2026-08-21T13:10:27+08:00][sql] SELECT `b`.`price`,`b`.`create_time`,`g`.`title`,`u`.`nickname` FROM `bid_record` `b` LEFT JOIN `goods` `g` ON `b`.`goods_id`=`g`.`id` LEFT JOIN `user` `u` ON `b`.`user_id`=`u`.`id` WHERE  `b`.`status` = '1' ORDER BY `b`.`id` DESC LIMIT 5 [ RunTime:0.000271s ]
[2026-08-21T13:10:27+08:00][sql] SHOW FULL COLUMNS FROM `news` [ RunTime:0.001203s ]
[2026-08-21T13:10:27+08:00][sql] SELECT `id`,`title`,`create_time` FROM `news` WHERE  `status` = 1 ORDER BY `id` DESC LIMIT 3 [ RunTime:0.000200s ]
[2026-08-21T13:10:27+08:00][sql] SHOW FULL COLUMNS FROM `banner` [ RunTime:0.001207s ]
[2026-08-21T13:10:27+08:00][sql] SELECT * FROM `banner` WHERE  `status` = 1 ORDER BY `sort` ASC,`id` ASC [ RunTime:0.000217s ]
[2026-08-21T13:17:05+08:00][sql] CONNECT:[ UseTime:0.011905s ] mysql:host=127.0.0.1;port=3306;dbname=jp;charset=utf8mb4
[2026-08-21T13:17:05+08:00][sql] SHOW FULL COLUMNS FROM `goods` [ RunTime:0.016053s ]
[2026-08-21T13:17:05+08:00][sql] SELECT `id` FROM `goods` WHERE  `status` = 1  AND `end_time` <= 1787289425 [ RunTime:0.004856s ]
[2026-08-21T13:17:05+08:00][sql] SHOW FULL COLUMNS FROM `setting` [ RunTime:0.002465s ]
[2026-08-21T13:17:05+08:00][sql] SELECT * FROM `setting` [ RunTime:0.000202s ]
[2026-08-21T13:17:05+08:00][sql] SELECT COUNT(*) AS think_count FROM `goods` `g` LEFT JOIN `user` `u` ON `g`.`seller_id`=`u`.`id` WHERE  `g`.`status` = '1'  AND `g`.`start_time` <= '1787289425'  AND `g`.`end_time` > '1787289425' [ RunTime:0.004043s ]
[2026-08-21T13:17:05+08:00][sql] SELECT `g`.*,u.nickname as seller_name FROM `goods` `g` LEFT JOIN `user` `u` ON `g`.`seller_id`=`u`.`id` WHERE  `g`.`status` = '1'  AND `g`.`start_time` <= '1787289425'  AND `g`.`end_time` > '1787289425' ORDER BY `g`.`end_time` ASC,`g`.`id` DESC LIMIT 0,10 [ RunTime:0.001098s ]
[2026-08-21T13:17:05+08:00][sql] SHOW FULL COLUMNS FROM `category` [ RunTime:0.002494s ]
[2026-08-21T13:17:05+08:00][sql] SELECT * FROM `category` WHERE  `status` = 1 ORDER BY `sort` ASC [ RunTime:0.000382s ]
[2026-08-21T13:17:05+08:00][sql] SHOW FULL COLUMNS FROM `bid_record` [ RunTime:0.002516s ]
[2026-08-21T13:17:05+08:00][sql] SELECT `b`.`price`,`b`.`create_time`,`g`.`title`,`u`.`nickname` FROM `bid_record` `b` LEFT JOIN `goods` `g` ON `b`.`goods_id`=`g`.`id` LEFT JOIN `user` `u` ON `b`.`user_id`=`u`.`id` WHERE  `b`.`status` = '1' ORDER BY `b`.`id` DESC LIMIT 5 [ RunTime:0.000296s ]
[2026-08-21T13:17:05+08:00][sql] SHOW FULL COLUMNS FROM `news` [ RunTime:0.002406s ]
[2026-08-21T13:17:05+08:00][sql] SELECT `id`,`title`,`create_time` FROM `news` WHERE  `status` = 1 ORDER BY `id` DESC LIMIT 3 [ RunTime:0.000788s ]
[2026-08-21T13:17:05+08:00][sql] SHOW FULL COLUMNS FROM `banner` [ RunTime:0.002968s ]
[2026-08-21T13:17:05+08:00][sql] SELECT * FROM `banner` WHERE  `status` = 1 ORDER BY `sort` ASC,`id` ASC [ RunTime:0.000281s ]
[2026-08-21T13:17:27+08:00][sql] CONNECT:[ UseTime:0.001042s ] mysql:host=127.0.0.1;port=3306;dbname=jp;charset=utf8mb4
[2026-08-21T13:17:27+08:00][sql] SHOW FULL COLUMNS FROM `goods` [ RunTime:0.001573s ]
[2026-08-21T13:17:27+08:00][sql] SELECT `id` FROM `goods` WHERE  `status` = 1  AND `end_time` <= 1787289447 [ RunTime:0.000259s ]
[2026-08-21T13:17:27+08:00][sql] SHOW FULL COLUMNS FROM `setting` [ RunTime:0.001361s ]
[2026-08-21T13:17:27+08:00][sql] SELECT * FROM `setting` [ RunTime:0.000207s ]
[2026-08-21T13:17:27+08:00][sql] SELECT COUNT(*) AS think_count FROM `goods` `g` LEFT JOIN `user` `u` ON `g`.`seller_id`=`u`.`id` WHERE  `g`.`status` = '1'  AND `g`.`start_time` <= '1787289447'  AND `g`.`end_time` > '1787289447' [ RunTime:0.001199s ]
[2026-08-21T13:17:27+08:00][sql] SELECT `g`.*,u.nickname as seller_name FROM `goods` `g` LEFT JOIN `user` `u` ON `g`.`seller_id`=`u`.`id` WHERE  `g`.`status` = '1'  AND `g`.`start_time` <= '1787289447'  AND `g`.`end_time` > '1787289447' ORDER BY `g`.`end_time` ASC,`g`.`id` DESC LIMIT 0,10 [ RunTime:0.000311s ]
[2026-08-21T13:17:27+08:00][sql] SHOW FULL COLUMNS FROM `category` [ RunTime:0.001212s ]
[2026-08-21T13:17:27+08:00][sql] SELECT * FROM `category` WHERE  `status` = 1 ORDER BY `sort` ASC [ RunTime:0.000195s ]
[2026-08-21T13:17:27+08:00][sql] SHOW FULL COLUMNS FROM `bid_record` [ RunTime:0.001117s ]
[2026-08-21T13:17:27+08:00][sql] SELECT `b`.`price`,`b`.`create_time`,`g`.`title`,`u`.`nickname` FROM `bid_record` `b` LEFT JOIN `goods` `g` ON `b`.`goods_id`=`g`.`id` LEFT JOIN `user` `u` ON `b`.`user_id`=`u`.`id` WHERE  `b`.`status` = '1' ORDER BY `b`.`id` DESC LIMIT 5 [ RunTime:0.000236s ]
[2026-08-21T13:17:27+08:00][sql] SHOW FULL COLUMNS FROM `news` [ RunTime:0.001079s ]
[2026-08-21T13:17:27+08:00][sql] SELECT `id`,`title`,`create_time` FROM `news` WHERE  `status` = 1 ORDER BY `id` DESC LIMIT 3 [ RunTime:0.000178s ]
[2026-08-21T13:17:27+08:00][sql] SHOW FULL COLUMNS FROM `banner` [ RunTime:0.001078s ]
[2026-08-21T13:17:27+08:00][sql] SELECT * FROM `banner` WHERE  `status` = 1 ORDER BY `sort` ASC,`id` ASC [ RunTime:0.000189s ]
[2026-08-21T13:17:27+08:00][sql] CONNECT:[ UseTime:0.000880s ] mysql:host=127.0.0.1;port=3306;dbname=jp;charset=utf8mb4
[2026-08-21T13:17:27+08:00][sql] SHOW FULL COLUMNS FROM `goods` [ RunTime:0.001648s ]
[2026-08-21T13:17:27+08:00][sql] SELECT `id` FROM `goods` WHERE  `status` = 1  AND `end_time` <= 1787289447 [ RunTime:0.000300s ]
[2026-08-21T13:17:27+08:00][sql] SHOW FULL COLUMNS FROM `setting` [ RunTime:0.001294s ]
[2026-08-21T13:17:27+08:00][sql] SELECT * FROM `setting` [ RunTime:0.000203s ]
[2026-08-21T13:17:27+08:00][sql] SELECT COUNT(*) AS think_count FROM `goods` `g` LEFT JOIN `user` `u` ON `g`.`seller_id`=`u`.`id` WHERE  `g`.`status` = '1'  AND `g`.`start_time` <= '1787289447'  AND `g`.`end_time` > '1787289447' [ RunTime:0.001595s ]
[2026-08-21T13:17:27+08:00][sql] SELECT `g`.*,u.nickname as seller_name FROM `goods` `g` LEFT JOIN `user` `u` ON `g`.`seller_id`=`u`.`id` WHERE  `g`.`status` = '1'  AND `g`.`start_time` <= '1787289447'  AND `g`.`end_time` > '1787289447' ORDER BY `g`.`end_time` ASC,`g`.`id` DESC LIMIT 0,10 [ RunTime:0.000363s ]
[2026-08-21T13:17:27+08:00][sql] SHOW FULL COLUMNS FROM `category` [ RunTime:0.001416s ]
[2026-08-21T13:17:27+08:00][sql] SELECT * FROM `category` WHERE  `status` = 1 ORDER BY `sort` ASC [ RunTime:0.000353s ]
[2026-08-21T13:17:27+08:00][sql] SHOW FULL COLUMNS FROM `bid_record` [ RunTime:0.001433s ]
[2026-08-21T13:17:27+08:00][sql] SELECT `b`.`price`,`b`.`create_time`,`g`.`title`,`u`.`nickname` FROM `bid_record` `b` LEFT JOIN `goods` `g` ON `b`.`goods_id`=`g`.`id` LEFT JOIN `user` `u` ON `b`.`user_id`=`u`.`id` WHERE  `b`.`status` = '1' ORDER BY `b`.`id` DESC LIMIT 5 [ RunTime:0.000342s ]
[2026-08-21T13:17:27+08:00][sql] SHOW FULL COLUMNS FROM `news` [ RunTime:0.001423s ]
[2026-08-21T13:17:27+08:00][sql] SELECT `id`,`title`,`create_time` FROM `news` WHERE  `status` = 1 ORDER BY `id` DESC LIMIT 3 [ RunTime:0.000285s ]
[2026-08-21T13:17:27+08:00][sql] SHOW FULL COLUMNS FROM `banner` [ RunTime:0.001351s ]
[2026-08-21T13:17:27+08:00][sql] SELECT * FROM `banner` WHERE  `status` = 1 ORDER BY `sort` ASC,`id` ASC [ RunTime:0.000259s ]
[2026-08-21T13:17:28+08:00][sql] CONNECT:[ UseTime:0.014880s ] mysql:host=127.0.0.1;port=3306;dbname=jp;charset=utf8mb4
[2026-08-21T13:17:28+08:00][sql] SHOW FULL COLUMNS FROM `goods` [ RunTime:0.001423s ]
[2026-08-21T13:17:28+08:00][sql] SELECT `id` FROM `goods` WHERE  `status` = 1  AND `end_time` <= 1787289448 [ RunTime:0.000222s ]
[2026-08-21T13:17:28+08:00][sql] SHOW FULL COLUMNS FROM `setting` [ RunTime:0.001056s ]
[2026-08-21T13:17:28+08:00][sql] SELECT * FROM `setting` [ RunTime:0.000181s ]
[2026-08-21T13:17:28+08:00][sql] SELECT COUNT(*) AS think_count FROM `goods` `g` LEFT JOIN `user` `u` ON `g`.`seller_id`=`u`.`id` WHERE  `g`.`status` = '1'  AND `g`.`start_time` <= '1787289448'  AND `g`.`end_time` > '1787289448' [ RunTime:0.000931s ]
[2026-08-21T13:17:28+08:00][sql] SELECT `g`.*,u.nickname as seller_name FROM `goods` `g` LEFT JOIN `user` `u` ON `g`.`seller_id`=`u`.`id` WHERE  `g`.`status` = '1'  AND `g`.`start_time` <= '1787289448'  AND `g`.`end_time` > '1787289448' ORDER BY `g`.`end_time` ASC,`g`.`id` DESC LIMIT 0,10 [ RunTime:0.000275s ]
[2026-08-21T13:17:28+08:00][sql] SHOW FULL COLUMNS FROM `category` [ RunTime:0.001065s ]
[2026-08-21T13:17:28+08:00][sql] SELECT * FROM `category` WHERE  `status` = 1 ORDER BY `sort` ASC [ RunTime:0.000190s ]
[2026-08-21T13:17:28+08:00][sql] SHOW FULL COLUMNS FROM `bid_record` [ RunTime:0.001065s ]
[2026-08-21T13:17:28+08:00][sql] SELECT `b`.`price`,`b`.`create_time`,`g`.`title`,`u`.`nickname` FROM `bid_record` `b` LEFT JOIN `goods` `g` ON `b`.`goods_id`=`g`.`id` LEFT JOIN `user` `u` ON `b`.`user_id`=`u`.`id` WHERE  `b`.`status` = '1' ORDER BY `b`.`id` DESC LIMIT 5 [ RunTime:0.000234s ]
[2026-08-21T13:17:28+08:00][sql] SHOW FULL COLUMNS FROM `news` [ RunTime:0.001051s ]
[2026-08-21T13:17:28+08:00][sql] SELECT `id`,`title`,`create_time` FROM `news` WHERE  `status` = 1 ORDER BY `id` DESC LIMIT 3 [ RunTime:0.000179s ]
[2026-08-21T13:17:28+08:00][sql] SHOW FULL COLUMNS FROM `banner` [ RunTime:0.001096s ]
[2026-08-21T13:17:28+08:00][sql] SELECT * FROM `banner` WHERE  `status` = 1 ORDER BY `sort` ASC,`id` ASC [ RunTime:0.000188s ]
[2026-08-21T13:17:29+08:00][sql] CONNECT:[ UseTime:0.000857s ] mysql:host=127.0.0.1;port=3306;dbname=jp;charset=utf8mb4
[2026-08-21T13:17:29+08:00][sql] SHOW FULL COLUMNS FROM `goods` [ RunTime:0.002484s ]
[2026-08-21T13:17:29+08:00][sql] SELECT `id` FROM `goods` WHERE  `status` = 1  AND `end_time` <= 1787289448 [ RunTime:0.000444s ]
[2026-08-21T13:17:29+08:00][sql] SHOW FULL COLUMNS FROM `setting` [ RunTime:0.001776s ]
[2026-08-21T13:17:29+08:00][sql] SELECT * FROM `setting` [ RunTime:0.000273s ]
[2026-08-21T13:17:29+08:00][sql] SELECT COUNT(*) AS think_count FROM `goods` `g` LEFT JOIN `user` `u` ON `g`.`seller_id`=`u`.`id` WHERE  `g`.`status` = '1'  AND `g`.`start_time` <= '1787289448'  AND `g`.`end_time` > '1787289448' [ RunTime:0.001269s ]
[2026-08-21T13:17:29+08:00][sql] SELECT `g`.*,u.nickname as seller_name FROM `goods` `g` LEFT JOIN `user` `u` ON `g`.`seller_id`=`u`.`id` WHERE  `g`.`status` = '1'  AND `g`.`start_time` <= '1787289448'  AND `g`.`end_time` > '1787289448' ORDER BY `g`.`end_time` ASC,`g`.`id` DESC LIMIT 0,10 [ RunTime:0.000303s ]
[2026-08-21T13:17:29+08:00][sql] SHOW FULL COLUMNS FROM `category` [ RunTime:0.001206s ]
[2026-08-21T13:17:29+08:00][sql] SELECT * FROM `category` WHERE  `status` = 1 ORDER BY `sort` ASC [ RunTime:0.000228s ]
[2026-08-21T13:17:29+08:00][sql] SHOW FULL COLUMNS FROM `bid_record` [ RunTime:0.001163s ]
[2026-08-21T13:17:29+08:00][sql] SELECT `b`.`price`,`b`.`create_time`,`g`.`title`,`u`.`nickname` FROM `bid_record` `b` LEFT JOIN `goods` `g` ON `b`.`goods_id`=`g`.`id` LEFT JOIN `user` `u` ON `b`.`user_id`=`u`.`id` WHERE  `b`.`status` = '1' ORDER BY `b`.`id` DESC LIMIT 5 [ RunTime:0.000278s ]
[2026-08-21T13:17:29+08:00][sql] SHOW FULL COLUMNS FROM `news` [ RunTime:0.001191s ]
[2026-08-21T13:17:29+08:00][sql] SELECT `id`,`title`,`create_time` FROM `news` WHERE  `status` = 1 ORDER BY `id` DESC LIMIT 3 [ RunTime:0.000218s ]
[2026-08-21T13:17:29+08:00][sql] SHOW FULL COLUMNS FROM `banner` [ RunTime:0.001180s ]
[2026-08-21T13:17:29+08:00][sql] SELECT * FROM `banner` WHERE  `status` = 1 ORDER BY `sort` ASC,`id` ASC [ RunTime:0.000239s ]
[2026-08-21T13:17:30+08:00][sql] CONNECT:[ UseTime:0.020959s ] mysql:host=127.0.0.1;port=3306;dbname=jp;charset=utf8mb4
[2026-08-21T13:17:30+08:00][sql] SHOW FULL COLUMNS FROM `goods` [ RunTime:0.001557s ]
[2026-08-21T13:17:30+08:00][sql] SELECT `id` FROM `goods` WHERE  `status` = 1  AND `end_time` <= 1787289450 [ RunTime:0.000230s ]
[2026-08-21T13:17:30+08:00][sql] SHOW FULL COLUMNS FROM `setting` [ RunTime:0.001072s ]
[2026-08-21T13:17:30+08:00][sql] SELECT * FROM `setting` [ RunTime:0.000187s ]
[2026-08-21T13:17:30+08:00][sql] SELECT COUNT(*) AS think_count FROM `goods` `g` LEFT JOIN `user` `u` ON `g`.`seller_id`=`u`.`id` WHERE  `g`.`status` = '1'  AND `g`.`start_time` <= '1787289450'  AND `g`.`end_time` > '1787289450' [ RunTime:0.000938s ]
[2026-08-21T13:17:30+08:00][sql] SELECT `g`.*,u.nickname as seller_name FROM `goods` `g` LEFT JOIN `user` `u` ON `g`.`seller_id`=`u`.`id` WHERE  `g`.`status` = '1'  AND `g`.`start_time` <= '1787289450'  AND `g`.`end_time` > '1787289450' ORDER BY `g`.`end_time` ASC,`g`.`id` DESC LIMIT 0,10 [ RunTime:0.000293s ]
[2026-08-21T13:17:30+08:00][sql] SHOW FULL COLUMNS FROM `category` [ RunTime:0.001067s ]
[2026-08-21T13:17:30+08:00][sql] SELECT * FROM `category` WHERE  `status` = 1 ORDER BY `sort` ASC [ RunTime:0.000207s ]
[2026-08-21T13:17:30+08:00][sql] SHOW FULL COLUMNS FROM `bid_record` [ RunTime:0.001054s ]
[2026-08-21T13:17:30+08:00][sql] SELECT `b`.`price`,`b`.`create_time`,`g`.`title`,`u`.`nickname` FROM `bid_record` `b` LEFT JOIN `goods` `g` ON `b`.`goods_id`=`g`.`id` LEFT JOIN `user` `u` ON `b`.`user_id`=`u`.`id` WHERE  `b`.`status` = '1' ORDER BY `b`.`id` DESC LIMIT 5 [ RunTime:0.000247s ]
[2026-08-21T13:17:30+08:00][sql] SHOW FULL COLUMNS FROM `news` [ RunTime:0.001101s ]
[2026-08-21T13:17:30+08:00][sql] SELECT `id`,`title`,`create_time` FROM `news` WHERE  `status` = 1 ORDER BY `id` DESC LIMIT 3 [ RunTime:0.000188s ]
[2026-08-21T13:17:30+08:00][sql] SHOW FULL COLUMNS FROM `banner` [ RunTime:0.001066s ]
[2026-08-21T13:17:30+08:00][sql] SELECT * FROM `banner` WHERE  `status` = 1 ORDER BY `sort` ASC,`id` ASC [ RunTime:0.000188s ]
[2026-08-21T13:17:30+08:00][sql] CONNECT:[ UseTime:0.000805s ] mysql:host=127.0.0.1;port=3306;dbname=jp;charset=utf8mb4
[2026-08-21T13:17:30+08:00][sql] SHOW FULL COLUMNS FROM `goods` [ RunTime:0.001735s ]
[2026-08-21T13:17:30+08:00][sql] SELECT `id` FROM `goods` WHERE  `status` = 1  AND `end_time` <= 1787289450 [ RunTime:0.000279s ]
[2026-08-21T13:17:30+08:00][sql] SHOW FULL COLUMNS FROM `setting` [ RunTime:0.001313s ]
[2026-08-21T13:17:30+08:00][sql] SELECT * FROM `setting` [ RunTime:0.000207s ]
[2026-08-21T13:17:30+08:00][sql] SELECT COUNT(*) AS think_count FROM `goods` `g` LEFT JOIN `user` `u` ON `g`.`seller_id`=`u`.`id` WHERE  `g`.`status` = '1'  AND `g`.`start_time` <= '1787289450'  AND `g`.`end_time` > '1787289450' [ RunTime:0.001174s ]
[2026-08-21T13:17:30+08:00][sql] SELECT `g`.*,u.nickname as seller_name FROM `goods` `g` LEFT JOIN `user` `u` ON `g`.`seller_id`=`u`.`id` WHERE  `g`.`status` = '1'  AND `g`.`start_time` <= '1787289450'  AND `g`.`end_time` > '1787289450' ORDER BY `g`.`end_time` ASC,`g`.`id` DESC LIMIT 0,10 [ RunTime:0.000326s ]
[2026-08-21T13:17:30+08:00][sql] SHOW FULL COLUMNS FROM `category` [ RunTime:0.001315s ]
[2026-08-21T13:17:30+08:00][sql] SELECT * FROM `category` WHERE  `status` = 1 ORDER BY `sort` ASC [ RunTime:0.000239s ]
[2026-08-21T13:17:30+08:00][sql] SHOW FULL COLUMNS FROM `bid_record` [ RunTime:0.001350s ]
[2026-08-21T13:17:30+08:00][sql] SELECT `b`.`price`,`b`.`create_time`,`g`.`title`,`u`.`nickname` FROM `bid_record` `b` LEFT JOIN `goods` `g` ON `b`.`goods_id`=`g`.`id` LEFT JOIN `user` `u` ON `b`.`user_id`=`u`.`id` WHERE  `b`.`status` = '1' ORDER BY `b`.`id` DESC LIMIT 5 [ RunTime:0.000392s ]
[2026-08-21T13:17:30+08:00][sql] SHOW FULL COLUMNS FROM `news` [ RunTime:0.001816s ]
[2026-08-21T13:17:30+08:00][sql] SELECT `id`,`title`,`create_time` FROM `news` WHERE  `status` = 1 ORDER BY `id` DESC LIMIT 3 [ RunTime:0.000299s ]
[2026-08-21T13:17:30+08:00][sql] SHOW FULL COLUMNS FROM `banner` [ RunTime:0.001150s ]
[2026-08-21T13:17:30+08:00][sql] SELECT * FROM `banner` WHERE  `status` = 1 ORDER BY `sort` ASC,`id` ASC [ RunTime:0.000225s ]
[2026-08-21T13:17:31+08:00][sql] CONNECT:[ UseTime:0.000950s ] mysql:host=127.0.0.1;port=3306;dbname=jp;charset=utf8mb4
[2026-08-21T13:17:31+08:00][sql] SHOW FULL COLUMNS FROM `goods` [ RunTime:0.001697s ]
[2026-08-21T13:17:31+08:00][sql] SELECT `id` FROM `goods` WHERE  `status` = 1  AND `end_time` <= 1787289450 [ RunTime:0.000270s ]
[2026-08-21T13:17:31+08:00][sql] SHOW FULL COLUMNS FROM `setting` [ RunTime:0.001448s ]
[2026-08-21T13:17:31+08:00][sql] SELECT * FROM `setting` [ RunTime:0.000228s ]
[2026-08-21T13:17:31+08:00][sql] SELECT COUNT(*) AS think_count FROM `goods` `g` LEFT JOIN `user` `u` ON `g`.`seller_id`=`u`.`id` WHERE  `g`.`status` = '1'  AND `g`.`start_time` <= '1787289450'  AND `g`.`end_time` > '1787289450' [ RunTime:0.001182s ]
[2026-08-21T13:17:31+08:00][sql] SELECT `g`.*,u.nickname as seller_name FROM `goods` `g` LEFT JOIN `user` `u` ON `g`.`seller_id`=`u`.`id` WHERE  `g`.`status` = '1'  AND `g`.`start_time` <= '1787289450'  AND `g`.`end_time` > '1787289450' ORDER BY `g`.`end_time` ASC,`g`.`id` DESC LIMIT 0,10 [ RunTime:0.000357s ]
[2026-08-21T13:17:31+08:00][sql] SHOW FULL COLUMNS FROM `category` [ RunTime:0.001383s ]
[2026-08-21T13:17:31+08:00][sql] SELECT * FROM `category` WHERE  `status` = 1 ORDER BY `sort` ASC [ RunTime:0.000234s ]
[2026-08-21T13:17:31+08:00][sql] SHOW FULL COLUMNS FROM `bid_record` [ RunTime:0.001323s ]
[2026-08-21T13:17:31+08:00][sql] SELECT `b`.`price`,`b`.`create_time`,`g`.`title`,`u`.`nickname` FROM `bid_record` `b` LEFT JOIN `goods` `g` ON `b`.`goods_id`=`g`.`id` LEFT JOIN `user` `u` ON `b`.`user_id`=`u`.`id` WHERE  `b`.`status` = '1' ORDER BY `b`.`id` DESC LIMIT 5 [ RunTime:0.000273s ]
[2026-08-21T13:17:31+08:00][sql] SHOW FULL COLUMNS FROM `news` [ RunTime:0.001067s ]
[2026-08-21T13:17:31+08:00][sql] SELECT `id`,`title`,`create_time` FROM `news` WHERE  `status` = 1 ORDER BY `id` DESC LIMIT 3 [ RunTime:0.000177s ]
[2026-08-21T13:17:31+08:00][sql] SHOW FULL COLUMNS FROM `banner` [ RunTime:0.001146s ]
[2026-08-21T13:17:31+08:00][sql] SELECT * FROM `banner` WHERE  `status` = 1 ORDER BY `sort` ASC,`id` ASC [ RunTime:0.000194s ]
[2026-08-21T13:17:31+08:00][sql] CONNECT:[ UseTime:0.000853s ] mysql:host=127.0.0.1;port=3306;dbname=jp;charset=utf8mb4
[2026-08-21T13:17:31+08:00][sql] SHOW FULL COLUMNS FROM `goods` [ RunTime:0.002358s ]
[2026-08-21T13:17:31+08:00][sql] SELECT `id` FROM `goods` WHERE  `status` = 1  AND `end_time` <= 1787289451 [ RunTime:0.000375s ]
[2026-08-21T13:17:31+08:00][sql] SHOW FULL COLUMNS FROM `setting` [ RunTime:0.001597s ]
[2026-08-21T13:17:31+08:00][sql] SELECT * FROM `setting` [ RunTime:0.000266s ]
[2026-08-21T13:17:31+08:00][sql] SELECT COUNT(*) AS think_count FROM `goods` `g` LEFT JOIN `user` `u` ON `g`.`seller_id`=`u`.`id` WHERE  `g`.`status` = '1'  AND `g`.`start_time` <= '1787289451'  AND `g`.`end_time` > '1787289451' [ RunTime:0.001675s ]
[2026-08-21T13:17:31+08:00][sql] SELECT `g`.*,u.nickname as seller_name FROM `goods` `g` LEFT JOIN `user` `u` ON `g`.`seller_id`=`u`.`id` WHERE  `g`.`status` = '1'  AND `g`.`start_time` <= '1787289451'  AND `g`.`end_time` > '1787289451' ORDER BY `g`.`end_time` ASC,`g`.`id` DESC LIMIT 0,10 [ RunTime:0.000385s ]
[2026-08-21T13:17:31+08:00][sql] SHOW FULL COLUMNS FROM `category` [ RunTime:0.001399s ]
[2026-08-21T13:17:31+08:00][sql] SELECT * FROM `category` WHERE  `status` = 1 ORDER BY `sort` ASC [ RunTime:0.000387s ]
[2026-08-21T13:17:31+08:00][sql] SHOW FULL COLUMNS FROM `bid_record` [ RunTime:0.001477s ]
[2026-08-21T13:17:31+08:00][sql] SELECT `b`.`price`,`b`.`create_time`,`g`.`title`,`u`.`nickname` FROM `bid_record` `b` LEFT JOIN `goods` `g` ON `b`.`goods_id`=`g`.`id` LEFT JOIN `user` `u` ON `b`.`user_id`=`u`.`id` WHERE  `b`.`status` = '1' ORDER BY `b`.`id` DESC LIMIT 5 [ RunTime:0.000328s ]
[2026-08-21T13:17:31+08:00][sql] SHOW FULL COLUMNS FROM `news` [ RunTime:0.001410s ]
[2026-08-21T13:17:31+08:00][sql] SELECT `id`,`title`,`create_time` FROM `news` WHERE  `status` = 1 ORDER BY `id` DESC LIMIT 3 [ RunTime:0.000266s ]
[2026-08-21T13:17:31+08:00][sql] SHOW FULL COLUMNS FROM `banner` [ RunTime:0.001427s ]
[2026-08-21T13:17:31+08:00][sql] SELECT * FROM `banner` WHERE  `status` = 1 ORDER BY `sort` ASC,`id` ASC [ RunTime:0.000274s ]
[2026-08-21T13:17:32+08:00][sql] CONNECT:[ UseTime:0.020058s ] mysql:host=127.0.0.1;port=3306;dbname=jp;charset=utf8mb4
[2026-08-21T13:17:32+08:00][sql] SHOW FULL COLUMNS FROM `goods` [ RunTime:0.001865s ]
[2026-08-21T13:17:32+08:00][sql] SELECT `id` FROM `goods` WHERE  `status` = 1  AND `end_time` <= 1787289452 [ RunTime:0.000252s ]
[2026-08-21T13:17:32+08:00][sql] SHOW FULL COLUMNS FROM `setting` [ RunTime:0.001343s ]
[2026-08-21T13:17:32+08:00][sql] SELECT * FROM `setting` [ RunTime:0.000210s ]
[2026-08-21T13:17:32+08:00][sql] SELECT COUNT(*) AS think_count FROM `goods` `g` LEFT JOIN `user` `u` ON `g`.`seller_id`=`u`.`id` WHERE  `g`.`status` = '1'  AND `g`.`start_time` <= '1787289452'  AND `g`.`end_time` > '1787289452' [ RunTime:0.001072s ]
[2026-08-21T13:17:32+08:00][sql] SELECT `g`.*,u.nickname as seller_name FROM `goods` `g` LEFT JOIN `user` `u` ON `g`.`seller_id`=`u`.`id` WHERE  `g`.`status` = '1'  AND `g`.`start_time` <= '1787289452'  AND `g`.`end_time` > '1787289452' ORDER BY `g`.`end_time` ASC,`g`.`id` DESC LIMIT 0,10 [ RunTime:0.000332s ]
[2026-08-21T13:17:32+08:00][sql] SHOW FULL COLUMNS FROM `category` [ RunTime:0.001319s ]
[2026-08-21T13:17:32+08:00][sql] SELECT * FROM `category` WHERE  `status` = 1 ORDER BY `sort` ASC [ RunTime:0.000223s ]
[2026-08-21T13:17:32+08:00][sql] SHOW FULL COLUMNS FROM `bid_record` [ RunTime:0.001593s ]
[2026-08-21T13:17:32+08:00][sql] SELECT `b`.`price`,`b`.`create_time`,`g`.`title`,`u`.`nickname` FROM `bid_record` `b` LEFT JOIN `goods` `g` ON `b`.`goods_id`=`g`.`id` LEFT JOIN `user` `u` ON `b`.`user_id`=`u`.`id` WHERE  `b`.`status` = '1' ORDER BY `b`.`id` DESC LIMIT 5 [ RunTime:0.000354s ]
[2026-08-21T13:17:32+08:00][sql] SHOW FULL COLUMNS FROM `news` [ RunTime:0.001098s ]
[2026-08-21T13:17:32+08:00][sql] SELECT `id`,`title`,`create_time` FROM `news` WHERE  `status` = 1 ORDER BY `id` DESC LIMIT 3 [ RunTime:0.000183s ]
[2026-08-21T13:17:32+08:00][sql] SHOW FULL COLUMNS FROM `banner` [ RunTime:0.001066s ]
[2026-08-21T13:17:32+08:00][sql] SELECT * FROM `banner` WHERE  `status` = 1 ORDER BY `sort` ASC,`id` ASC [ RunTime:0.000191s ]
[2026-08-21T13:17:32+08:00][sql] CONNECT:[ UseTime:0.010862s ] mysql:host=127.0.0.1;port=3306;dbname=jp;charset=utf8mb4
[2026-08-21T13:17:32+08:00][sql] SHOW FULL COLUMNS FROM `goods` [ RunTime:0.001682s ]
[2026-08-21T13:17:32+08:00][sql] SELECT `id` FROM `goods` WHERE  `status` = 1  AND `end_time` <= 1787289452 [ RunTime:0.000237s ]
[2026-08-21T13:17:32+08:00][sql] SHOW FULL COLUMNS FROM `setting` [ RunTime:0.001153s ]
[2026-08-21T13:17:32+08:00][sql] SELECT * FROM `setting` [ RunTime:0.000270s ]
[2026-08-21T13:17:32+08:00][sql] SELECT COUNT(*) AS think_count FROM `goods` `g` LEFT JOIN `user` `u` ON `g`.`seller_id`=`u`.`id` WHERE  `g`.`status` = '1'  AND `g`.`start_time` <= '1787289452'  AND `g`.`end_time` > '1787289452' [ RunTime:0.001078s ]
[2026-08-21T13:17:32+08:00][sql] SELECT `g`.*,u.nickname as seller_name FROM `goods` `g` LEFT JOIN `user` `u` ON `g`.`seller_id`=`u`.`id` WHERE  `g`.`status` = '1'  AND `g`.`start_time` <= '1787289452'  AND `g`.`end_time` > '1787289452' ORDER BY `g`.`end_time` ASC,`g`.`id` DESC LIMIT 0,10 [ RunTime:0.000277s ]
[2026-08-21T13:17:32+08:00][sql] SHOW FULL COLUMNS FROM `category` [ RunTime:0.001142s ]
[2026-08-21T13:17:32+08:00][sql] SELECT * FROM `category` WHERE  `status` = 1 ORDER BY `sort` ASC [ RunTime:0.000198s ]
[2026-08-21T13:17:32+08:00][sql] SHOW FULL COLUMNS FROM `bid_record` [ RunTime:0.001079s ]
[2026-08-21T13:17:32+08:00][sql] SELECT `b`.`price`,`b`.`create_time`,`g`.`title`,`u`.`nickname` FROM `bid_record` `b` LEFT JOIN `goods` `g` ON `b`.`goods_id`=`g`.`id` LEFT JOIN `user` `u` ON `b`.`user_id`=`u`.`id` WHERE  `b`.`status` = '1' ORDER BY `b`.`id` DESC LIMIT 5 [ RunTime:0.000241s ]
[2026-08-21T13:17:32+08:00][sql] SHOW FULL COLUMNS FROM `news` [ RunTime:0.001089s ]
[2026-08-21T13:17:32+08:00][sql] SELECT `id`,`title`,`create_time` FROM `news` WHERE  `status` = 1 ORDER BY `id` DESC LIMIT 3 [ RunTime:0.000176s ]
[2026-08-21T13:17:32+08:00][sql] SHOW FULL COLUMNS FROM `banner` [ RunTime:0.001204s ]
[2026-08-21T13:17:32+08:00][sql] SELECT * FROM `banner` WHERE  `status` = 1 ORDER BY `sort` ASC,`id` ASC [ RunTime:0.000266s ]
[2026-08-21T13:17:55+08:00][sql] CONNECT:[ UseTime:0.001080s ] mysql:host=127.0.0.1;port=3306;dbname=jp;charset=utf8mb4
[2026-08-21T13:17:55+08:00][sql] SHOW FULL COLUMNS FROM `goods` [ RunTime:0.001968s ]
[2026-08-21T13:17:55+08:00][sql] SELECT `id` FROM `goods` WHERE  `status` = 1  AND `end_time` <= 1787289475 [ RunTime:0.000386s ]
[2026-08-21T13:17:55+08:00][sql] SHOW FULL COLUMNS FROM `setting` [ RunTime:0.001749s ]
[2026-08-21T13:17:55+08:00][sql] SELECT * FROM `setting` [ RunTime:0.000348s ]
[2026-08-21T13:17:55+08:00][sql] SELECT COUNT(*) AS think_count FROM `goods` `g` LEFT JOIN `user` `u` ON `g`.`seller_id`=`u`.`id` WHERE  `g`.`status` = '1'  AND `g`.`start_time` <= '1787289475'  AND `g`.`end_time` > '1787289475' [ RunTime:0.001890s ]
[2026-08-21T13:17:55+08:00][sql] SELECT `g`.*,u.nickname as seller_name FROM `goods` `g` LEFT JOIN `user` `u` ON `g`.`seller_id`=`u`.`id` WHERE  `g`.`status` = '1'  AND `g`.`start_time` <= '1787289475'  AND `g`.`end_time` > '1787289475' ORDER BY `g`.`end_time` ASC,`g`.`id` DESC LIMIT 0,10 [ RunTime:0.000626s ]
[2026-08-21T13:17:55+08:00][sql] SHOW FULL COLUMNS FROM `category` [ RunTime:0.001914s ]
[2026-08-21T13:17:55+08:00][sql] SELECT * FROM `category` WHERE  `status` = 1 ORDER BY `sort` ASC [ RunTime:0.000438s ]
[2026-08-21T13:17:55+08:00][sql] SHOW FULL COLUMNS FROM `bid_record` [ RunTime:0.001541s ]
[2026-08-21T13:17:55+08:00][sql] SELECT `b`.`price`,`b`.`create_time`,`g`.`title`,`u`.`nickname` FROM `bid_record` `b` LEFT JOIN `goods` `g` ON `b`.`goods_id`=`g`.`id` LEFT JOIN `user` `u` ON `b`.`user_id`=`u`.`id` WHERE  `b`.`status` = '1' ORDER BY `b`.`id` DESC LIMIT 5 [ RunTime:0.000515s ]
[2026-08-21T13:17:55+08:00][sql] SHOW FULL COLUMNS FROM `news` [ RunTime:0.001614s ]
[2026-08-21T13:17:55+08:00][sql] SELECT `id`,`title`,`create_time` FROM `news` WHERE  `status` = 1 ORDER BY `id` DESC LIMIT 3 [ RunTime:0.000367s ]
[2026-08-21T13:17:55+08:00][sql] SHOW FULL COLUMNS FROM `banner` [ RunTime:0.002256s ]
[2026-08-21T13:17:55+08:00][sql] SELECT * FROM `banner` WHERE  `status` = 1 ORDER BY `sort` ASC,`id` ASC [ RunTime:0.000521s ]
[2026-08-21T13:17:55+08:00][sql] CONNECT:[ UseTime:0.000944s ] mysql:host=127.0.0.1;port=3306;dbname=jp;charset=utf8mb4
[2026-08-21T13:17:55+08:00][sql] SHOW FULL COLUMNS FROM `goods` [ RunTime:0.002815s ]
[2026-08-21T13:17:55+08:00][sql] SELECT `id` FROM `goods` WHERE  `status` = 1  AND `end_time` <= 1787289475 [ RunTime:0.000703s ]
[2026-08-21T13:17:55+08:00][sql] SHOW FULL COLUMNS FROM `setting` [ RunTime:0.003019s ]
[2026-08-21T13:17:55+08:00][sql] SELECT * FROM `setting` [ RunTime:0.000609s ]
[2026-08-21T13:17:55+08:00][sql] SELECT COUNT(*) AS think_count FROM `goods` `g` LEFT JOIN `user` `u` ON `g`.`seller_id`=`u`.`id` WHERE  `g`.`status` = '1'  AND `g`.`start_time` <= '1787289475'  AND `g`.`end_time` > '1787289475' [ RunTime:0.002423s ]
[2026-08-21T13:17:55+08:00][sql] SELECT `g`.*,u.nickname as seller_name FROM `goods` `g` LEFT JOIN `user` `u` ON `g`.`seller_id`=`u`.`id` WHERE  `g`.`status` = '1'  AND `g`.`start_time` <= '1787289475'  AND `g`.`end_time` > '1787289475' ORDER BY `g`.`end_time` ASC,`g`.`id` DESC LIMIT 0,10 [ RunTime:0.001084s ]
[2026-08-21T13:17:55+08:00][sql] SHOW FULL COLUMNS FROM `category` [ RunTime:0.002902s ]
[2026-08-21T13:17:55+08:00][sql] SELECT * FROM `category` WHERE  `status` = 1 ORDER BY `sort` ASC [ RunTime:0.000813s ]
[2026-08-21T13:17:55+08:00][sql] SHOW FULL COLUMNS FROM `bid_record` [ RunTime:0.002639s ]
[2026-08-21T13:17:55+08:00][sql] SELECT `b`.`price`,`b`.`create_time`,`g`.`title`,`u`.`nickname` FROM `bid_record` `b` LEFT JOIN `goods` `g` ON `b`.`goods_id`=`g`.`id` LEFT JOIN `user` `u` ON `b`.`user_id`=`u`.`id` WHERE  `b`.`status` = '1' ORDER BY `b`.`id` DESC LIMIT 5 [ RunTime:0.000862s ]
[2026-08-21T13:17:55+08:00][sql] SHOW FULL COLUMNS FROM `news` [ RunTime:0.002806s ]
[2026-08-21T13:17:55+08:00][sql] SELECT `id`,`title`,`create_time` FROM `news` WHERE  `status` = 1 ORDER BY `id` DESC LIMIT 3 [ RunTime:0.000619s ]
[2026-08-21T13:17:55+08:00][sql] SHOW FULL COLUMNS FROM `banner` [ RunTime:0.002522s ]
[2026-08-21T13:17:55+08:00][sql] SELECT * FROM `banner` WHERE  `status` = 1 ORDER BY `sort` ASC,`id` ASC [ RunTime:0.000546s ]
[2026-08-21T13:17:56+08:00][sql] CONNECT:[ UseTime:0.000939s ] mysql:host=127.0.0.1;port=3306;dbname=jp;charset=utf8mb4
[2026-08-21T13:17:56+08:00][sql] SHOW FULL COLUMNS FROM `goods` [ RunTime:0.002239s ]
[2026-08-21T13:17:56+08:00][sql] SELECT `id` FROM `goods` WHERE  `status` = 1  AND `end_time` <= 1787289476 [ RunTime:0.000395s ]
[2026-08-21T13:17:56+08:00][sql] SHOW FULL COLUMNS FROM `setting` [ RunTime:0.002670s ]
[2026-08-21T13:17:56+08:00][sql] SELECT * FROM `setting` [ RunTime:0.000465s ]
[2026-08-21T13:17:56+08:00][sql] SELECT COUNT(*) AS think_count FROM `goods` `g` LEFT JOIN `user` `u` ON `g`.`seller_id`=`u`.`id` WHERE  `g`.`status` = '1'  AND `g`.`start_time` <= '1787289476'  AND `g`.`end_time` > '1787289476' [ RunTime:0.002129s ]
[2026-08-21T13:17:56+08:00][sql] SELECT `g`.*,u.nickname as seller_name FROM `goods` `g` LEFT JOIN `user` `u` ON `g`.`seller_id`=`u`.`id` WHERE  `g`.`status` = '1'  AND `g`.`start_time` <= '1787289476'  AND `g`.`end_time` > '1787289476' ORDER BY `g`.`end_time` ASC,`g`.`id` DESC LIMIT 0,10 [ RunTime:0.000796s ]
[2026-08-21T13:17:56+08:00][sql] SHOW FULL COLUMNS FROM `category` [ RunTime:0.002064s ]
[2026-08-21T13:17:56+08:00][sql] SELECT * FROM `category` WHERE  `status` = 1 ORDER BY `sort` ASC [ RunTime:0.000635s ]
[2026-08-21T13:17:56+08:00][sql] SHOW FULL COLUMNS FROM `bid_record` [ RunTime:0.002362s ]
[2026-08-21T13:17:56+08:00][sql] SELECT `b`.`price`,`b`.`create_time`,`g`.`title`,`u`.`nickname` FROM `bid_record` `b` LEFT JOIN `goods` `g` ON `b`.`goods_id`=`g`.`id` LEFT JOIN `user` `u` ON `b`.`user_id`=`u`.`id` WHERE  `b`.`status` = '1' ORDER BY `b`.`id` DESC LIMIT 5 [ RunTime:0.000602s ]
[2026-08-21T13:17:56+08:00][sql] SHOW FULL COLUMNS FROM `news` [ RunTime:0.001541s ]
[2026-08-21T13:17:56+08:00][sql] SELECT `id`,`title`,`create_time` FROM `news` WHERE  `status` = 1 ORDER BY `id` DESC LIMIT 3 [ RunTime:0.000318s ]
[2026-08-21T13:17:56+08:00][sql] SHOW FULL COLUMNS FROM `banner` [ RunTime:0.001584s ]
[2026-08-21T13:17:56+08:00][sql] SELECT * FROM `banner` WHERE  `status` = 1 ORDER BY `sort` ASC,`id` ASC [ RunTime:0.000383s ]
[2026-08-21T13:17:57+08:00][sql] CONNECT:[ UseTime:0.001022s ] mysql:host=127.0.0.1;port=3306;dbname=jp;charset=utf8mb4
[2026-08-21T13:17:57+08:00][sql] SHOW FULL COLUMNS FROM `goods` [ RunTime:0.002355s ]
[2026-08-21T13:17:57+08:00][sql] SELECT `id` FROM `goods` WHERE  `status` = 1  AND `end_time` <= 1787289476 [ RunTime:0.000703s ]
[2026-08-21T13:17:57+08:00][sql] SHOW FULL COLUMNS FROM `setting` [ RunTime:0.002240s ]
[2026-08-21T13:17:57+08:00][sql] SELECT * FROM `setting` [ RunTime:0.000415s ]
[2026-08-21T13:17:57+08:00][sql] SELECT COUNT(*) AS think_count FROM `goods` `g` LEFT JOIN `user` `u` ON `g`.`seller_id`=`u`.`id` WHERE  `g`.`status` = '1'  AND `g`.`start_time` <= '1787289476'  AND `g`.`end_time` > '1787289476' [ RunTime:0.002289s ]
[2026-08-21T13:17:57+08:00][sql] SELECT `g`.*,u.nickname as seller_name FROM `goods` `g` LEFT JOIN `user` `u` ON `g`.`seller_id`=`u`.`id` WHERE  `g`.`status` = '1'  AND `g`.`start_time` <= '1787289476'  AND `g`.`end_time` > '1787289476' ORDER BY `g`.`end_time` ASC,`g`.`id` DESC LIMIT 0,10 [ RunTime:0.000790s ]
[2026-08-21T13:17:57+08:00][sql] SHOW FULL COLUMNS FROM `category` [ RunTime:0.002238s ]
[2026-08-21T13:17:57+08:00][sql] SELECT * FROM `category` WHERE  `status` = 1 ORDER BY `sort` ASC [ RunTime:0.000740s ]
[2026-08-21T13:17:57+08:00][sql] SHOW FULL COLUMNS FROM `bid_record` [ RunTime:0.003174s ]
[2026-08-21T13:17:57+08:00][sql] SELECT `b`.`price`,`b`.`create_time`,`g`.`title`,`u`.`nickname` FROM `bid_record` `b` LEFT JOIN `goods` `g` ON `b`.`goods_id`=`g`.`id` LEFT JOIN `user` `u` ON `b`.`user_id`=`u`.`id` WHERE  `b`.`status` = '1' ORDER BY `b`.`id` DESC LIMIT 5 [ RunTime:0.000698s ]
[2026-08-21T13:17:57+08:00][sql] SHOW FULL COLUMNS FROM `news` [ RunTime:0.002603s ]
[2026-08-21T13:17:57+08:00][sql] SELECT `id`,`title`,`create_time` FROM `news` WHERE  `status` = 1 ORDER BY `id` DESC LIMIT 3 [ RunTime:0.000534s ]
[2026-08-21T13:17:57+08:00][sql] SHOW FULL COLUMNS FROM `banner` [ RunTime:0.002307s ]
[2026-08-21T13:17:57+08:00][sql] SELECT * FROM `banner` WHERE  `status` = 1 ORDER BY `sort` ASC,`id` ASC [ RunTime:0.000570s ]
[2026-08-21T13:17:58+08:00][sql] CONNECT:[ UseTime:0.000823s ] mysql:host=127.0.0.1;port=3306;dbname=jp;charset=utf8mb4
[2026-08-21T13:17:58+08:00][sql] SHOW FULL COLUMNS FROM `goods` [ RunTime:0.001874s ]
[2026-08-21T13:17:58+08:00][sql] SELECT `id` FROM `goods` WHERE  `status` = 1  AND `end_time` <= 1787289478 [ RunTime:0.000302s ]
[2026-08-21T13:17:58+08:00][sql] SHOW FULL COLUMNS FROM `setting` [ RunTime:0.002044s ]
[2026-08-21T13:17:58+08:00][sql] SELECT * FROM `setting` [ RunTime:0.000340s ]
[2026-08-21T13:17:58+08:00][sql] SELECT COUNT(*) AS think_count FROM `goods` `g` LEFT JOIN `user` `u` ON `g`.`seller_id`=`u`.`id` WHERE  `g`.`status` = '1'  AND `g`.`start_time` <= '1787289478'  AND `g`.`end_time` > '1787289478' [ RunTime:0.001490s ]
[2026-08-21T13:17:58+08:00][sql] SELECT `g`.*,u.nickname as seller_name FROM `goods` `g` LEFT JOIN `user` `u` ON `g`.`seller_id`=`u`.`id` WHERE  `g`.`status` = '1'  AND `g`.`start_time` <= '1787289478'  AND `g`.`end_time` > '1787289478' ORDER BY `g`.`end_time` ASC,`g`.`id` DESC LIMIT 0,10 [ RunTime:0.000486s ]
[2026-08-21T13:17:58+08:00][sql] SHOW FULL COLUMNS FROM `category` [ RunTime:0.002356s ]
[2026-08-21T13:17:58+08:00][sql] SELECT * FROM `category` WHERE  `status` = 1 ORDER BY `sort` ASC [ RunTime:0.000378s ]
[2026-08-21T13:17:58+08:00][sql] SHOW FULL COLUMNS FROM `bid_record` [ RunTime:0.001580s ]
[2026-08-21T13:17:58+08:00][sql] SELECT `b`.`price`,`b`.`create_time`,`g`.`title`,`u`.`nickname` FROM `bid_record` `b` LEFT JOIN `goods` `g` ON `b`.`goods_id`=`g`.`id` LEFT JOIN `user` `u` ON `b`.`user_id`=`u`.`id` WHERE  `b`.`status` = '1' ORDER BY `b`.`id` DESC LIMIT 5 [ RunTime:0.000372s ]
[2026-08-21T13:17:58+08:00][sql] SHOW FULL COLUMNS FROM `news` [ RunTime:0.001490s ]
[2026-08-21T13:17:58+08:00][sql] SELECT `id`,`title`,`create_time` FROM `news` WHERE  `status` = 1 ORDER BY `id` DESC LIMIT 3 [ RunTime:0.000264s ]
[2026-08-21T13:17:58+08:00][sql] SHOW FULL COLUMNS FROM `banner` [ RunTime:0.001497s ]
[2026-08-21T13:17:58+08:00][sql] SELECT * FROM `banner` WHERE  `status` = 1 ORDER BY `sort` ASC,`id` ASC [ RunTime:0.000333s ]
[2026-08-21T13:17:58+08:00][sql] CONNECT:[ UseTime:0.000977s ] mysql:host=127.0.0.1;port=3306;dbname=jp;charset=utf8mb4
[2026-08-21T13:17:58+08:00][sql] SHOW FULL COLUMNS FROM `goods` [ RunTime:0.001140s ]
[2026-08-21T13:17:58+08:00][sql] SELECT `id` FROM `goods` WHERE  `status` = 1  AND `end_time` <= 1787289478 [ RunTime:0.000470s ]
[2026-08-21T13:17:58+08:00][sql] SHOW FULL COLUMNS FROM `setting` [ RunTime:0.000807s ]
[2026-08-21T13:17:58+08:00][sql] SELECT * FROM `setting` [ RunTime:0.000270s ]
[2026-08-21T13:17:58+08:00][sql] SELECT COUNT(*) AS think_count FROM `goods` `g` LEFT JOIN `user` `u` ON `g`.`seller_id`=`u`.`id` WHERE  `g`.`status` = '1'  AND `g`.`start_time` <= '1787289478'  AND `g`.`end_time` > '1787289478' [ RunTime:0.000591s ]
[2026-08-21T13:17:58+08:00][sql] SELECT `g`.*,u.nickname as seller_name FROM `goods` `g` LEFT JOIN `user` `u` ON `g`.`seller_id`=`u`.`id` WHERE  `g`.`status` = '1'  AND `g`.`start_time` <= '1787289478'  AND `g`.`end_time` > '1787289478' ORDER BY `g`.`end_time` ASC,`g`.`id` DESC LIMIT 0,10 [ RunTime:0.000374s ]
[2026-08-21T13:17:58+08:00][sql] SHOW FULL COLUMNS FROM `category` [ RunTime:0.000757s ]
[2026-08-21T13:17:58+08:00][sql] SELECT * FROM `category` WHERE  `status` = 1 ORDER BY `sort` ASC [ RunTime:0.000313s ]
[2026-08-21T13:17:58+08:00][sql] SHOW FULL COLUMNS FROM `bid_record` [ RunTime:0.000537s ]
[2026-08-21T13:17:58+08:00][sql] SELECT `b`.`price`,`b`.`create_time`,`g`.`title`,`u`.`nickname` FROM `bid_record` `b` LEFT JOIN `goods` `g` ON `b`.`goods_id`=`g`.`id` LEFT JOIN `user` `u` ON `b`.`user_id`=`u`.`id` WHERE  `b`.`status` = '1' ORDER BY `b`.`id` DESC LIMIT 5 [ RunTime:0.000397s ]
[2026-08-21T13:17:58+08:00][sql] SHOW FULL COLUMNS FROM `news` [ RunTime:0.000604s ]
[2026-08-21T13:17:58+08:00][sql] SELECT `id`,`title`,`create_time` FROM `news` WHERE  `status` = 1 ORDER BY `id` DESC LIMIT 3 [ RunTime:0.000282s ]
[2026-08-21T13:17:58+08:00][sql] SHOW FULL COLUMNS FROM `banner` [ RunTime:0.000512s ]
[2026-08-21T13:17:58+08:00][sql] SELECT * FROM `banner` WHERE  `status` = 1 ORDER BY `sort` ASC,`id` ASC [ RunTime:0.000249s ]
[2026-08-21T13:18:07+08:00][sql] CONNECT:[ UseTime:0.021026s ] mysql:host=127.0.0.1;port=3306;dbname=jp;charset=utf8mb4
[2026-08-21T13:18:07+08:00][sql] SHOW FULL COLUMNS FROM `goods` [ RunTime:0.000770s ]
[2026-08-21T13:18:07+08:00][sql] SELECT `id` FROM `goods` WHERE  `status` = 1  AND `end_time` <= 1787289487 [ RunTime:0.000284s ]
[2026-08-21T13:18:07+08:00][sql] SHOW FULL COLUMNS FROM `setting` [ RunTime:0.000479s ]
[2026-08-21T13:18:07+08:00][sql] SELECT * FROM `setting` [ RunTime:0.000234s ]
[2026-08-21T13:18:07+08:00][sql] SELECT COUNT(*) AS think_count FROM `goods` `g` LEFT JOIN `user` `u` ON `g`.`seller_id`=`u`.`id` WHERE  `g`.`status` = '1'  AND `g`.`start_time` <= '1787289487'  AND `g`.`end_time` > '1787289487' [ RunTime:0.000294s ]
[2026-08-21T13:18:07+08:00][sql] SELECT `g`.*,u.nickname as seller_name FROM `goods` `g` LEFT JOIN `user` `u` ON `g`.`seller_id`=`u`.`id` WHERE  `g`.`status` = '1'  AND `g`.`start_time` <= '1787289487'  AND `g`.`end_time` > '1787289487' ORDER BY `g`.`end_time` ASC,`g`.`id` DESC LIMIT 0,10 [ RunTime:0.000351s ]
[2026-08-21T13:18:07+08:00][sql] SHOW FULL COLUMNS FROM `category` [ RunTime:0.000491s ]
[2026-08-21T13:18:07+08:00][sql] SELECT * FROM `category` WHERE  `status` = 1 ORDER BY `sort` ASC [ RunTime:0.000272s ]
[2026-08-21T13:18:07+08:00][sql] SHOW FULL COLUMNS FROM `bid_record` [ RunTime:0.000716s ]
[2026-08-21T13:18:07+08:00][sql] SELECT `b`.`price`,`b`.`create_time`,`g`.`title`,`u`.`nickname` FROM `bid_record` `b` LEFT JOIN `goods` `g` ON `b`.`goods_id`=`g`.`id` LEFT JOIN `user` `u` ON `b`.`user_id`=`u`.`id` WHERE  `b`.`status` = '1' ORDER BY `b`.`id` DESC LIMIT 5 [ RunTime:0.000353s ]
[2026-08-21T13:18:07+08:00][sql] SHOW FULL COLUMNS FROM `news` [ RunTime:0.000722s ]
[2026-08-21T13:18:07+08:00][sql] SELECT `id`,`title`,`create_time` FROM `news` WHERE  `status` = 1 ORDER BY `id` DESC LIMIT 3 [ RunTime:0.000252s ]
[2026-08-21T13:18:07+08:00][sql] SHOW FULL COLUMNS FROM `banner` [ RunTime:0.000487s ]
[2026-08-21T13:18:07+08:00][sql] SELECT * FROM `banner` WHERE  `status` = 1 ORDER BY `sort` ASC,`id` ASC [ RunTime:0.000249s ]
[2026-08-21T13:18:07+08:00][sql] CONNECT:[ UseTime:0.001556s ] mysql:host=127.0.0.1;port=3306;dbname=jp;charset=utf8mb4
[2026-08-21T13:18:07+08:00][sql] SHOW FULL COLUMNS FROM `goods` [ RunTime:0.001771s ]
[2026-08-21T13:18:07+08:00][sql] SELECT `id` FROM `goods` WHERE  `status` = 1  AND `end_time` <= 1787289487 [ RunTime:0.000835s ]
[2026-08-21T13:18:07+08:00][sql] SHOW FULL COLUMNS FROM `setting` [ RunTime:0.001219s ]
[2026-08-21T13:18:07+08:00][sql] SELECT * FROM `setting` [ RunTime:0.000464s ]
[2026-08-21T13:18:07+08:00][sql] SELECT COUNT(*) AS think_count FROM `goods` `g` LEFT JOIN `user` `u` ON `g`.`seller_id`=`u`.`id` WHERE  `g`.`status` = '1'  AND `g`.`start_time` <= '1787289487'  AND `g`.`end_time` > '1787289487' [ RunTime:0.000687s ]
[2026-08-21T13:18:07+08:00][sql] SELECT `g`.*,u.nickname as seller_name FROM `goods` `g` LEFT JOIN `user` `u` ON `g`.`seller_id`=`u`.`id` WHERE  `g`.`status` = '1'  AND `g`.`start_time` <= '1787289487'  AND `g`.`end_time` > '1787289487' ORDER BY `g`.`end_time` ASC,`g`.`id` DESC LIMIT 0,10 [ RunTime:0.000795s ]
[2026-08-21T13:18:07+08:00][sql] SHOW FULL COLUMNS FROM `category` [ RunTime:0.000926s ]
[2026-08-21T13:18:07+08:00][sql] SELECT * FROM `category` WHERE  `status` = 1 ORDER BY `sort` ASC [ RunTime:0.000423s ]
[2026-08-21T13:18:07+08:00][sql] SHOW FULL COLUMNS FROM `bid_record` [ RunTime:0.001055s ]
[2026-08-21T13:18:07+08:00][sql] SELECT `b`.`price`,`b`.`create_time`,`g`.`title`,`u`.`nickname` FROM `bid_record` `b` LEFT JOIN `goods` `g` ON `b`.`goods_id`=`g`.`id` LEFT JOIN `user` `u` ON `b`.`user_id`=`u`.`id` WHERE  `b`.`status` = '1' ORDER BY `b`.`id` DESC LIMIT 5 [ RunTime:0.000895s ]
[2026-08-21T13:18:07+08:00][sql] SHOW FULL COLUMNS FROM `news` [ RunTime:0.001303s ]
[2026-08-21T13:18:07+08:00][sql] SELECT `id`,`title`,`create_time` FROM `news` WHERE  `status` = 1 ORDER BY `id` DESC LIMIT 3 [ RunTime:0.000671s ]
[2026-08-21T13:18:07+08:00][sql] SHOW FULL COLUMNS FROM `banner` [ RunTime:0.001050s ]
[2026-08-21T13:18:07+08:00][sql] SELECT * FROM `banner` WHERE  `status` = 1 ORDER BY `sort` ASC,`id` ASC [ RunTime:0.000732s ]
[2026-08-21T13:18:09+08:00][sql] CONNECT:[ UseTime:0.000868s ] mysql:host=127.0.0.1;port=3306;dbname=jp;charset=utf8mb4
[2026-08-21T13:18:09+08:00][sql] SHOW FULL COLUMNS FROM `goods` [ RunTime:0.000918s ]
[2026-08-21T13:18:09+08:00][sql] SELECT `id` FROM `goods` WHERE  `status` = 1  AND `end_time` <= 1787289489 [ RunTime:0.000410s ]
[2026-08-21T13:18:09+08:00][sql] SHOW FULL COLUMNS FROM `setting` [ RunTime:0.000768s ]
[2026-08-21T13:18:09+08:00][sql] SELECT * FROM `setting` [ RunTime:0.000364s ]
[2026-08-21T13:18:09+08:00][sql] SELECT COUNT(*) AS think_count FROM `goods` `g` LEFT JOIN `user` `u` ON `g`.`seller_id`=`u`.`id` WHERE  `g`.`status` = '1'  AND `g`.`start_time` <= '1787289489'  AND `g`.`end_time` > '1787289489' [ RunTime:0.000659s ]
[2026-08-21T13:18:09+08:00][sql] SELECT `g`.*,u.nickname as seller_name FROM `goods` `g` LEFT JOIN `user` `u` ON `g`.`seller_id`=`u`.`id` WHERE  `g`.`status` = '1'  AND `g`.`start_time` <= '1787289489'  AND `g`.`end_time` > '1787289489' ORDER BY `g`.`end_time` ASC,`g`.`id` DESC LIMIT 0,10 [ RunTime:0.000543s ]
[2026-08-21T13:18:09+08:00][sql] SHOW FULL COLUMNS FROM `category` [ RunTime:0.000844s ]
[2026-08-21T13:18:09+08:00][sql] SELECT * FROM `category` WHERE  `status` = 1 ORDER BY `sort` ASC [ RunTime:0.000388s ]
[2026-08-21T13:18:09+08:00][sql] SHOW FULL COLUMNS FROM `bid_record` [ RunTime:0.000879s ]
[2026-08-21T13:18:09+08:00][sql] SELECT `b`.`price`,`b`.`create_time`,`g`.`title`,`u`.`nickname` FROM `bid_record` `b` LEFT JOIN `goods` `g` ON `b`.`goods_id`=`g`.`id` LEFT JOIN `user` `u` ON `b`.`user_id`=`u`.`id` WHERE  `b`.`status` = '1' ORDER BY `b`.`id` DESC LIMIT 5 [ RunTime:0.000646s ]
[2026-08-21T13:18:09+08:00][sql] SHOW FULL COLUMNS FROM `news` [ RunTime:0.001054s ]
[2026-08-21T13:18:09+08:00][sql] SELECT `id`,`title`,`create_time` FROM `news` WHERE  `status` = 1 ORDER BY `id` DESC LIMIT 3 [ RunTime:0.000604s ]
[2026-08-21T13:18:09+08:00][sql] SHOW FULL COLUMNS FROM `banner` [ RunTime:0.001099s ]
[2026-08-21T13:18:09+08:00][sql] SELECT * FROM `banner` WHERE  `status` = 1 ORDER BY `sort` ASC,`id` ASC [ RunTime:0.000561s ]
[2026-08-21T13:18:09+08:00][sql] CONNECT:[ UseTime:0.001309s ] mysql:host=127.0.0.1;port=3306;dbname=jp;charset=utf8mb4
[2026-08-21T13:18:09+08:00][sql] SHOW FULL COLUMNS FROM `goods` [ RunTime:0.001382s ]
[2026-08-21T13:18:09+08:00][sql] SELECT `id` FROM `goods` WHERE  `status` = 1  AND `end_time` <= 1787289489 [ RunTime:0.000580s ]
[2026-08-21T13:18:09+08:00][sql] SHOW FULL COLUMNS FROM `setting` [ RunTime:0.001214s ]
[2026-08-21T13:18:09+08:00][sql] SELECT * FROM `setting` [ RunTime:0.000637s ]
[2026-08-21T13:18:09+08:00][sql] SELECT COUNT(*) AS think_count FROM `goods` `g` LEFT JOIN `user` `u` ON `g`.`seller_id`=`u`.`id` WHERE  `g`.`status` = '1'  AND `g`.`start_time` <= '1787289489'  AND `g`.`end_time` > '1787289489' [ RunTime:0.000560s ]
[2026-08-21T13:18:09+08:00][sql] SELECT `g`.*,u.nickname as seller_name FROM `goods` `g` LEFT JOIN `user` `u` ON `g`.`seller_id`=`u`.`id` WHERE  `g`.`status` = '1'  AND `g`.`start_time` <= '1787289489'  AND `g`.`end_time` > '1787289489' ORDER BY `g`.`end_time` ASC,`g`.`id` DESC LIMIT 0,10 [ RunTime:0.000541s ]
[2026-08-21T13:18:09+08:00][sql] SHOW FULL COLUMNS FROM `category` [ RunTime:0.000725s ]
[2026-08-21T13:18:09+08:00][sql] SELECT * FROM `category` WHERE  `status` = 1 ORDER BY `sort` ASC [ RunTime:0.000387s ]
[2026-08-21T13:18:09+08:00][sql] SHOW FULL COLUMNS FROM `bid_record` [ RunTime:0.000892s ]
[2026-08-21T13:18:09+08:00][sql] SELECT `b`.`price`,`b`.`create_time`,`g`.`title`,`u`.`nickname` FROM `bid_record` `b` LEFT JOIN `goods` `g` ON `b`.`goods_id`=`g`.`id` LEFT JOIN `user` `u` ON `b`.`user_id`=`u`.`id` WHERE  `b`.`status` = '1' ORDER BY `b`.`id` DESC LIMIT 5 [ RunTime:0.000509s ]
[2026-08-21T13:18:09+08:00][sql] SHOW FULL COLUMNS FROM `news` [ RunTime:0.000784s ]
[2026-08-21T13:18:09+08:00][sql] SELECT `id`,`title`,`create_time` FROM `news` WHERE  `status` = 1 ORDER BY `id` DESC LIMIT 3 [ RunTime:0.000380s ]
[2026-08-21T13:18:09+08:00][sql] SHOW FULL COLUMNS FROM `banner` [ RunTime:0.000668s ]
[2026-08-21T13:18:09+08:00][sql] SELECT * FROM `banner` WHERE  `status` = 1 ORDER BY `sort` ASC,`id` ASC [ RunTime:0.000355s ]
[2026-08-21T13:18:10+08:00][sql] CONNECT:[ UseTime:0.000820s ] mysql:host=127.0.0.1;port=3306;dbname=jp;charset=utf8mb4
[2026-08-21T13:18:10+08:00][sql] SHOW FULL COLUMNS FROM `goods` [ RunTime:0.000721s ]
[2026-08-21T13:18:10+08:00][sql] SELECT `id` FROM `goods` WHERE  `status` = 1  AND `end_time` <= 1787289490 [ RunTime:0.000278s ]
[2026-08-21T13:18:10+08:00][sql] SHOW FULL COLUMNS FROM `setting` [ RunTime:0.000470s ]
[2026-08-21T13:18:10+08:00][sql] SELECT * FROM `setting` [ RunTime:0.000207s ]
[2026-08-21T13:18:10+08:00][sql] SELECT COUNT(*) AS think_count FROM `goods` `g` LEFT JOIN `user` `u` ON `g`.`seller_id`=`u`.`id` WHERE  `g`.`status` = '1'  AND `g`.`start_time` <= '1787289490'  AND `g`.`end_time` > '1787289490' [ RunTime:0.000311s ]
[2026-08-21T13:18:10+08:00][sql] SELECT `g`.*,u.nickname as seller_name FROM `goods` `g` LEFT JOIN `user` `u` ON `g`.`seller_id`=`u`.`id` WHERE  `g`.`status` = '1'  AND `g`.`start_time` <= '1787289490'  AND `g`.`end_time` > '1787289490' ORDER BY `g`.`end_time` ASC,`g`.`id` DESC LIMIT 0,10 [ RunTime:0.000324s ]
[2026-08-21T13:18:10+08:00][sql] SHOW FULL COLUMNS FROM `category` [ RunTime:0.000544s ]
[2026-08-21T13:18:10+08:00][sql] SELECT * FROM `category` WHERE  `status` = 1 ORDER BY `sort` ASC [ RunTime:0.000210s ]
[2026-08-21T13:18:10+08:00][sql] SHOW FULL COLUMNS FROM `bid_record` [ RunTime:0.000439s ]
[2026-08-21T13:18:10+08:00][sql] SELECT `b`.`price`,`b`.`create_time`,`g`.`title`,`u`.`nickname` FROM `bid_record` `b` LEFT JOIN `goods` `g` ON `b`.`goods_id`=`g`.`id` LEFT JOIN `user` `u` ON `b`.`user_id`=`u`.`id` WHERE  `b`.`status` = '1' ORDER BY `b`.`id` DESC LIMIT 5 [ RunTime:0.000272s ]
[2026-08-21T13:18:10+08:00][sql] SHOW FULL COLUMNS FROM `news` [ RunTime:0.000440s ]
[2026-08-21T13:18:10+08:00][sql] SELECT `id`,`title`,`create_time` FROM `news` WHERE  `status` = 1 ORDER BY `id` DESC LIMIT 3 [ RunTime:0.000202s ]
[2026-08-21T13:18:10+08:00][sql] SHOW FULL COLUMNS FROM `banner` [ RunTime:0.000447s ]
[2026-08-21T13:18:10+08:00][sql] SELECT * FROM `banner` WHERE  `status` = 1 ORDER BY `sort` ASC,`id` ASC [ RunTime:0.000215s ]
[2026-08-21T13:18:10+08:00][sql] CONNECT:[ UseTime:0.000985s ] mysql:host=127.0.0.1;port=3306;dbname=jp;charset=utf8mb4
[2026-08-21T13:18:10+08:00][sql] SHOW FULL COLUMNS FROM `goods` [ RunTime:0.001394s ]
[2026-08-21T13:18:10+08:00][sql] SELECT `id` FROM `goods` WHERE  `status` = 1  AND `end_time` <= 1787289490 [ RunTime:0.000399s ]
[2026-08-21T13:18:10+08:00][sql] SHOW FULL COLUMNS FROM `setting` [ RunTime:0.000552s ]
[2026-08-21T13:18:10+08:00][sql] SELECT * FROM `setting` [ RunTime:0.000221s ]
[2026-08-21T13:18:10+08:00][sql] SELECT COUNT(*) AS think_count FROM `goods` `g` LEFT JOIN `user` `u` ON `g`.`seller_id`=`u`.`id` WHERE  `g`.`status` = '1'  AND `g`.`start_time` <= '1787289490'  AND `g`.`end_time` > '1787289490' [ RunTime:0.000447s ]
[2026-08-21T13:18:10+08:00][sql] SELECT `g`.*,u.nickname as seller_name FROM `goods` `g` LEFT JOIN `user` `u` ON `g`.`seller_id`=`u`.`id` WHERE  `g`.`status` = '1'  AND `g`.`start_time` <= '1787289490'  AND `g`.`end_time` > '1787289490' ORDER BY `g`.`end_time` ASC,`g`.`id` DESC LIMIT 0,10 [ RunTime:0.000313s ]
[2026-08-21T13:18:10+08:00][sql] SHOW FULL COLUMNS FROM `category` [ RunTime:0.000527s ]
[2026-08-21T13:18:10+08:00][sql] SELECT * FROM `category` WHERE  `status` = 1 ORDER BY `sort` ASC [ RunTime:0.000355s ]
[2026-08-21T13:18:10+08:00][sql] SHOW FULL COLUMNS FROM `bid_record` [ RunTime:0.000620s ]
[2026-08-21T13:18:10+08:00][sql] SELECT `b`.`price`,`b`.`create_time`,`g`.`title`,`u`.`nickname` FROM `bid_record` `b` LEFT JOIN `goods` `g` ON `b`.`goods_id`=`g`.`id` LEFT JOIN `user` `u` ON `b`.`user_id`=`u`.`id` WHERE  `b`.`status` = '1' ORDER BY `b`.`id` DESC LIMIT 5 [ RunTime:0.000289s ]
[2026-08-21T13:18:10+08:00][sql] SHOW FULL COLUMNS FROM `news` [ RunTime:0.000427s ]
[2026-08-21T13:18:10+08:00][sql] SELECT `id`,`title`,`create_time` FROM `news` WHERE  `status` = 1 ORDER BY `id` DESC LIMIT 3 [ RunTime:0.000188s ]
[2026-08-21T13:18:10+08:00][sql] SHOW FULL COLUMNS FROM `banner` [ RunTime:0.000415s ]
[2026-08-21T13:18:10+08:00][sql] SELECT * FROM `banner` WHERE  `status` = 1 ORDER BY `sort` ASC,`id` ASC [ RunTime:0.000194s ]
[2026-08-21T13:18:11+08:00][sql] CONNECT:[ UseTime:0.001014s ] mysql:host=127.0.0.1;port=3306;dbname=jp;charset=utf8mb4
[2026-08-21T13:18:11+08:00][sql] SHOW FULL COLUMNS FROM `goods` [ RunTime:0.001023s ]
[2026-08-21T13:18:11+08:00][sql] SELECT `id` FROM `goods` WHERE  `status` = 1  AND `end_time` <= 1787289491 [ RunTime:0.000460s ]
[2026-08-21T13:18:11+08:00][sql] SHOW FULL COLUMNS FROM `setting` [ RunTime:0.000796s ]
[2026-08-21T13:18:11+08:00][sql] SELECT * FROM `setting` [ RunTime:0.000320s ]
[2026-08-21T13:18:11+08:00][sql] SELECT COUNT(*) AS think_count FROM `goods` `g` LEFT JOIN `user` `u` ON `g`.`seller_id`=`u`.`id` WHERE  `g`.`status` = '1'  AND `g`.`start_time` <= '1787289491'  AND `g`.`end_time` > '1787289491' [ RunTime:0.000786s ]
[2026-08-21T13:18:11+08:00][sql] SELECT `g`.*,u.nickname as seller_name FROM `goods` `g` LEFT JOIN `user` `u` ON `g`.`seller_id`=`u`.`id` WHERE  `g`.`status` = '1'  AND `g`.`start_time` <= '1787289491'  AND `g`.`end_time` > '1787289491' ORDER BY `g`.`end_time` ASC,`g`.`id` DESC LIMIT 0,10 [ RunTime:0.000511s ]
[2026-08-21T13:18:11+08:00][sql] SHOW FULL COLUMNS FROM `category` [ RunTime:0.000799s ]
[2026-08-21T13:18:11+08:00][sql] SELECT * FROM `category` WHERE  `status` = 1 ORDER BY `sort` ASC [ RunTime:0.000467s ]
[2026-08-21T13:18:11+08:00][sql] SHOW FULL COLUMNS FROM `bid_record` [ RunTime:0.000617s ]
[2026-08-21T13:18:11+08:00][sql] SELECT `b`.`price`,`b`.`create_time`,`g`.`title`,`u`.`nickname` FROM `bid_record` `b` LEFT JOIN `goods` `g` ON `b`.`goods_id`=`g`.`id` LEFT JOIN `user` `u` ON `b`.`user_id`=`u`.`id` WHERE  `b`.`status` = '1' ORDER BY `b`.`id` DESC LIMIT 5 [ RunTime:0.000357s ]
[2026-08-21T13:18:11+08:00][sql] SHOW FULL COLUMNS FROM `news` [ RunTime:0.000577s ]
[2026-08-21T13:18:11+08:00][sql] SELECT `id`,`title`,`create_time` FROM `news` WHERE  `status` = 1 ORDER BY `id` DESC LIMIT 3 [ RunTime:0.000375s ]
[2026-08-21T13:18:11+08:00][sql] SHOW FULL COLUMNS FROM `banner` [ RunTime:0.000779s ]
[2026-08-21T13:18:11+08:00][sql] SELECT * FROM `banner` WHERE  `status` = 1 ORDER BY `sort` ASC,`id` ASC [ RunTime:0.000363s ]
[2026-08-21T13:18:11+08:00][sql] CONNECT:[ UseTime:0.001397s ] mysql:host=127.0.0.1;port=3306;dbname=jp;charset=utf8mb4
[2026-08-21T13:18:11+08:00][sql] SHOW FULL COLUMNS FROM `goods` [ RunTime:0.001562s ]
[2026-08-21T13:18:11+08:00][sql] SELECT `id` FROM `goods` WHERE  `status` = 1  AND `end_time` <= 1787289491 [ RunTime:0.000629s ]
[2026-08-21T13:18:11+08:00][sql] SHOW FULL COLUMNS FROM `setting` [ RunTime:0.001147s ]
[2026-08-21T13:18:11+08:00][sql] SELECT * FROM `setting` [ RunTime:0.000434s ]
[2026-08-21T13:18:11+08:00][sql] SELECT COUNT(*) AS think_count FROM `goods` `g` LEFT JOIN `user` `u` ON `g`.`seller_id`=`u`.`id` WHERE  `g`.`status` = '1'  AND `g`.`start_time` <= '1787289491'  AND `g`.`end_time` > '1787289491' [ RunTime:0.000870s ]
[2026-08-21T13:18:11+08:00][sql] SELECT `g`.*,u.nickname as seller_name FROM `goods` `g` LEFT JOIN `user` `u` ON `g`.`seller_id`=`u`.`id` WHERE  `g`.`status` = '1'  AND `g`.`start_time` <= '1787289491'  AND `g`.`end_time` > '1787289491' ORDER BY `g`.`end_time` ASC,`g`.`id` DESC LIMIT 0,10 [ RunTime:0.001162s ]
[2026-08-21T13:18:11+08:00][sql] SHOW FULL COLUMNS FROM `category` [ RunTime:0.001131s ]
[2026-08-21T13:18:11+08:00][sql] SELECT * FROM `category` WHERE  `status` = 1 ORDER BY `sort` ASC [ RunTime:0.000658s ]
[2026-08-21T13:18:11+08:00][sql] SHOW FULL COLUMNS FROM `bid_record` [ RunTime:0.001385s ]
[2026-08-21T13:18:11+08:00][sql] SELECT `b`.`price`,`b`.`create_time`,`g`.`title`,`u`.`nickname` FROM `bid_record` `b` LEFT JOIN `goods` `g` ON `b`.`goods_id`=`g`.`id` LEFT JOIN `user` `u` ON `b`.`user_id`=`u`.`id` WHERE  `b`.`status` = '1' ORDER BY `b`.`id` DESC LIMIT 5 [ RunTime:0.000923s ]
[2026-08-21T13:18:11+08:00][sql] SHOW FULL COLUMNS FROM `news` [ RunTime:0.001395s ]
[2026-08-21T13:18:11+08:00][sql] SELECT `id`,`title`,`create_time` FROM `news` WHERE  `status` = 1 ORDER BY `id` DESC LIMIT 3 [ RunTime:0.000536s ]
[2026-08-21T13:18:11+08:00][sql] SHOW FULL COLUMNS FROM `banner` [ RunTime:0.002163s ]
[2026-08-21T13:18:11+08:00][sql] SELECT * FROM `banner` WHERE  `status` = 1 ORDER BY `sort` ASC,`id` ASC [ RunTime:0.000616s ]
[2026-08-21T13:18:15+08:00][sql] CONNECT:[ UseTime:0.000803s ] mysql:host=127.0.0.1;port=3306;dbname=jp;charset=utf8mb4
[2026-08-21T13:18:15+08:00][sql] SHOW FULL COLUMNS FROM `goods` [ RunTime:0.000705s ]
[2026-08-21T13:18:15+08:00][sql] SELECT `id` FROM `goods` WHERE  `status` = 1  AND `end_time` <= 1787289495 [ RunTime:0.000247s ]
[2026-08-21T13:18:15+08:00][sql] SHOW FULL COLUMNS FROM `setting` [ RunTime:0.000427s ]
[2026-08-21T13:18:15+08:00][sql] SELECT * FROM `setting` [ RunTime:0.000187s ]
[2026-08-21T13:18:15+08:00][sql] SELECT COUNT(*) AS think_count FROM `goods` `g` LEFT JOIN `user` `u` ON `g`.`seller_id`=`u`.`id` WHERE  `g`.`status` = '1'  AND `g`.`start_time` <= '1787289495'  AND `g`.`end_time` > '1787289495' [ RunTime:0.000245s ]
[2026-08-21T13:18:15+08:00][sql] SELECT `g`.*,u.nickname as seller_name FROM `goods` `g` LEFT JOIN `user` `u` ON `g`.`seller_id`=`u`.`id` WHERE  `g`.`status` = '1'  AND `g`.`start_time` <= '1787289495'  AND `g`.`end_time` > '1787289495' ORDER BY `g`.`end_time` ASC,`g`.`id` DESC LIMIT 0,10 [ RunTime:0.000286s ]
[2026-08-21T13:18:15+08:00][sql] SHOW FULL COLUMNS FROM `category` [ RunTime:0.000459s ]
[2026-08-21T13:18:15+08:00][sql] SELECT * FROM `category` WHERE  `status` = 1 ORDER BY `sort` ASC [ RunTime:0.000205s ]
[2026-08-21T13:18:15+08:00][sql] SHOW FULL COLUMNS FROM `bid_record` [ RunTime:0.000426s ]
[2026-08-21T13:18:15+08:00][sql] SELECT `b`.`price`,`b`.`create_time`,`g`.`title`,`u`.`nickname` FROM `bid_record` `b` LEFT JOIN `goods` `g` ON `b`.`goods_id`=`g`.`id` LEFT JOIN `user` `u` ON `b`.`user_id`=`u`.`id` WHERE  `b`.`status` = '1' ORDER BY `b`.`id` DESC LIMIT 5 [ RunTime:0.000257s ]
[2026-08-21T13:18:15+08:00][sql] SHOW FULL COLUMNS FROM `news` [ RunTime:0.000415s ]
[2026-08-21T13:18:15+08:00][sql] SELECT `id`,`title`,`create_time` FROM `news` WHERE  `status` = 1 ORDER BY `id` DESC LIMIT 3 [ RunTime:0.000191s ]
[2026-08-21T13:18:15+08:00][sql] SHOW FULL COLUMNS FROM `banner` [ RunTime:0.000412s ]
[2026-08-21T13:18:15+08:00][sql] SELECT * FROM `banner` WHERE  `status` = 1 ORDER BY `sort` ASC,`id` ASC [ RunTime:0.000199s ]
[2026-08-21T13:18:15+08:00][sql] CONNECT:[ UseTime:0.000879s ] mysql:host=127.0.0.1;port=3306;dbname=jp;charset=utf8mb4
[2026-08-21T13:18:15+08:00][sql] SHOW FULL COLUMNS FROM `goods` [ RunTime:0.000770s ]
[2026-08-21T13:18:15+08:00][sql] SELECT `id` FROM `goods` WHERE  `status` = 1  AND `end_time` <= 1787289495 [ RunTime:0.000281s ]
[2026-08-21T13:18:15+08:00][sql] SHOW FULL COLUMNS FROM `setting` [ RunTime:0.000564s ]
[2026-08-21T13:18:15+08:00][sql] SELECT * FROM `setting` [ RunTime:0.000221s ]
[2026-08-21T13:18:15+08:00][sql] SELECT COUNT(*) AS think_count FROM `goods` `g` LEFT JOIN `user` `u` ON `g`.`seller_id`=`u`.`id` WHERE  `g`.`status` = '1'  AND `g`.`start_time` <= '1787289495'  AND `g`.`end_time` > '1787289495' [ RunTime:0.000329s ]
[2026-08-21T13:18:15+08:00][sql] SELECT `g`.*,u.nickname as seller_name FROM `goods` `g` LEFT JOIN `user` `u` ON `g`.`seller_id`=`u`.`id` WHERE  `g`.`status` = '1'  AND `g`.`start_time` <= '1787289495'  AND `g`.`end_time` > '1787289495' ORDER BY `g`.`end_time` ASC,`g`.`id` DESC LIMIT 0,10 [ RunTime:0.000531s ]
[2026-08-21T13:18:15+08:00][sql] SHOW FULL COLUMNS FROM `category` [ RunTime:0.000764s ]
[2026-08-21T13:18:15+08:00][sql] SELECT * FROM `category` WHERE  `status` = 1 ORDER BY `sort` ASC [ RunTime:0.000335s ]
[2026-08-21T13:18:15+08:00][sql] SHOW FULL COLUMNS FROM `bid_record` [ RunTime:0.000520s ]
[2026-08-21T13:18:15+08:00][sql] SELECT `b`.`price`,`b`.`create_time`,`g`.`title`,`u`.`nickname` FROM `bid_record` `b` LEFT JOIN `goods` `g` ON `b`.`goods_id`=`g`.`id` LEFT JOIN `user` `u` ON `b`.`user_id`=`u`.`id` WHERE  `b`.`status` = '1' ORDER BY `b`.`id` DESC LIMIT 5 [ RunTime:0.000333s ]
[2026-08-21T13:18:15+08:00][sql] SHOW FULL COLUMNS FROM `news` [ RunTime:0.000446s ]
[2026-08-21T13:18:15+08:00][sql] SELECT `id`,`title`,`create_time` FROM `news` WHERE  `status` = 1 ORDER BY `id` DESC LIMIT 3 [ RunTime:0.000209s ]
[2026-08-21T13:18:15+08:00][sql] SHOW FULL COLUMNS FROM `banner` [ RunTime:0.000485s ]
[2026-08-21T13:18:15+08:00][sql] SELECT * FROM `banner` WHERE  `status` = 1 ORDER BY `sort` ASC,`id` ASC [ RunTime:0.000476s ]
[2026-08-21T13:18:59+08:00][sql] CONNECT:[ UseTime:0.000713s ] mysql:host=127.0.0.1;port=3306;dbname=jp;charset=utf8mb4
[2026-08-21T13:18:59+08:00][sql] SHOW FULL COLUMNS FROM `goods` [ RunTime:0.000771s ]
[2026-08-21T13:18:59+08:00][sql] SELECT `id` FROM `goods` WHERE  `status` = 1  AND `end_time` <= 1787289539 [ RunTime:0.000329s ]
[2026-08-21T13:18:59+08:00][sql] SHOW FULL COLUMNS FROM `setting` [ RunTime:0.000477s ]
[2026-08-21T13:18:59+08:00][sql] SELECT * FROM `setting` [ RunTime:0.000189s ]
[2026-08-21T13:18:59+08:00][sql] SELECT COUNT(*) AS think_count FROM `goods` `g` LEFT JOIN `user` `u` ON `g`.`seller_id`=`u`.`id` WHERE  `g`.`status` = '1'  AND `g`.`start_time` <= '1787289539'  AND `g`.`end_time` > '1787289539' [ RunTime:0.000271s ]
[2026-08-21T13:18:59+08:00][sql] SELECT `g`.*,u.nickname as seller_name FROM `goods` `g` LEFT JOIN `user` `u` ON `g`.`seller_id`=`u`.`id` WHERE  `g`.`status` = '1'  AND `g`.`start_time` <= '1787289539'  AND `g`.`end_time` > '1787289539' ORDER BY `g`.`end_time` ASC,`g`.`id` DESC LIMIT 0,10 [ RunTime:0.000304s ]
[2026-08-21T13:18:59+08:00][sql] SHOW FULL COLUMNS FROM `category` [ RunTime:0.000485s ]
[2026-08-21T13:18:59+08:00][sql] SELECT * FROM `category` WHERE  `status` = 1 ORDER BY `sort` ASC [ RunTime:0.000233s ]
[2026-08-21T13:18:59+08:00][sql] SHOW FULL COLUMNS FROM `bid_record` [ RunTime:0.000425s ]
[2026-08-21T13:18:59+08:00][sql] SELECT `b`.`price`,`b`.`create_time`,`g`.`title`,`u`.`nickname` FROM `bid_record` `b` LEFT JOIN `goods` `g` ON `b`.`goods_id`=`g`.`id` LEFT JOIN `user` `u` ON `b`.`user_id`=`u`.`id` WHERE  `b`.`status` = '1' ORDER BY `b`.`id` DESC LIMIT 5 [ RunTime:0.000249s ]
[2026-08-21T13:18:59+08:00][sql] SHOW FULL COLUMNS FROM `news` [ RunTime:0.000422s ]
[2026-08-21T13:18:59+08:00][sql] SELECT `id`,`title`,`create_time` FROM `news` WHERE  `status` = 1 ORDER BY `id` DESC LIMIT 3 [ RunTime:0.000210s ]
[2026-08-21T13:18:59+08:00][sql] SHOW FULL COLUMNS FROM `banner` [ RunTime:0.000408s ]
[2026-08-21T13:18:59+08:00][sql] SELECT * FROM `banner` WHERE  `status` = 1 ORDER BY `sort` ASC,`id` ASC [ RunTime:0.000203s ]
[2026-08-21T13:18:59+08:00][sql] CONNECT:[ UseTime:0.000807s ] mysql:host=127.0.0.1;port=3306;dbname=jp;charset=utf8mb4
[2026-08-21T13:18:59+08:00][sql] SHOW FULL COLUMNS FROM `goods` [ RunTime:0.000922s ]
[2026-08-21T13:18:59+08:00][sql] SELECT `id` FROM `goods` WHERE  `status` = 1  AND `end_time` <= 1787289539 [ RunTime:0.000607s ]
[2026-08-21T13:18:59+08:00][sql] SHOW FULL COLUMNS FROM `setting` [ RunTime:0.000941s ]
[2026-08-21T13:18:59+08:00][sql] SELECT * FROM `setting` [ RunTime:0.000363s ]
[2026-08-21T13:18:59+08:00][sql] SELECT COUNT(*) AS think_count FROM `goods` `g` LEFT JOIN `user` `u` ON `g`.`seller_id`=`u`.`id` WHERE  `g`.`status` = '1'  AND `g`.`start_time` <= '1787289539'  AND `g`.`end_time` > '1787289539' [ RunTime:0.000473s ]
[2026-08-21T13:18:59+08:00][sql] SELECT `g`.*,u.nickname as seller_name FROM `goods` `g` LEFT JOIN `user` `u` ON `g`.`seller_id`=`u`.`id` WHERE  `g`.`status` = '1'  AND `g`.`start_time` <= '1787289539'  AND `g`.`end_time` > '1787289539' ORDER BY `g`.`end_time` ASC,`g`.`id` DESC LIMIT 0,10 [ RunTime:0.000607s ]
[2026-08-21T13:18:59+08:00][sql] SHOW FULL COLUMNS FROM `category` [ RunTime:0.000777s ]
[2026-08-21T13:18:59+08:00][sql] SELECT * FROM `category` WHERE  `status` = 1 ORDER BY `sort` ASC [ RunTime:0.000342s ]
[2026-08-21T13:18:59+08:00][sql] SHOW FULL COLUMNS FROM `bid_record` [ RunTime:0.001381s ]
[2026-08-21T13:18:59+08:00][sql] SELECT `b`.`price`,`b`.`create_time`,`g`.`title`,`u`.`nickname` FROM `bid_record` `b` LEFT JOIN `goods` `g` ON `b`.`goods_id`=`g`.`id` LEFT JOIN `user` `u` ON `b`.`user_id`=`u`.`id` WHERE  `b`.`status` = '1' ORDER BY `b`.`id` DESC LIMIT 5 [ RunTime:0.000465s ]
[2026-08-21T13:18:59+08:00][sql] SHOW FULL COLUMNS FROM `news` [ RunTime:0.000614s ]
[2026-08-21T13:18:59+08:00][sql] SELECT `id`,`title`,`create_time` FROM `news` WHERE  `status` = 1 ORDER BY `id` DESC LIMIT 3 [ RunTime:0.000286s ]
[2026-08-21T13:18:59+08:00][sql] SHOW FULL COLUMNS FROM `banner` [ RunTime:0.000668s ]
[2026-08-21T13:18:59+08:00][sql] SELECT * FROM `banner` WHERE  `status` = 1 ORDER BY `sort` ASC,`id` ASC [ RunTime:0.000258s ]
[2026-08-21T13:19:01+08:00][sql] CONNECT:[ UseTime:0.022651s ] mysql:host=127.0.0.1;port=3306;dbname=jp;charset=utf8mb4
[2026-08-21T13:19:01+08:00][sql] SHOW FULL COLUMNS FROM `goods` [ RunTime:0.000822s ]
[2026-08-21T13:19:01+08:00][sql] SELECT `id` FROM `goods` WHERE  `status` = 1  AND `end_time` <= 1787289541 [ RunTime:0.000291s ]
[2026-08-21T13:19:01+08:00][sql] SHOW FULL COLUMNS FROM `setting` [ RunTime:0.000511s ]
[2026-08-21T13:19:01+08:00][sql] SELECT * FROM `setting` [ RunTime:0.000244s ]
[2026-08-21T13:19:01+08:00][sql] SELECT COUNT(*) AS think_count FROM `goods` `g` LEFT JOIN `user` `u` ON `g`.`seller_id`=`u`.`id` WHERE  `g`.`status` = '1'  AND `g`.`start_time` <= '1787289541'  AND `g`.`end_time` > '1787289541' [ RunTime:0.000453s ]
[2026-08-21T13:19:01+08:00][sql] SELECT `g`.*,u.nickname as seller_name FROM `goods` `g` LEFT JOIN `user` `u` ON `g`.`seller_id`=`u`.`id` WHERE  `g`.`status` = '1'  AND `g`.`start_time` <= '1787289541'  AND `g`.`end_time` > '1787289541' ORDER BY `g`.`end_time` ASC,`g`.`id` DESC LIMIT 0,10 [ RunTime:0.000440s ]
[2026-08-21T13:19:01+08:00][sql] SHOW FULL COLUMNS FROM `category` [ RunTime:0.000580s ]
[2026-08-21T13:19:01+08:00][sql] SELECT * FROM `category` WHERE  `status` = 1 ORDER BY `sort` ASC [ RunTime:0.000242s ]
[2026-08-21T13:19:01+08:00][sql] SHOW FULL COLUMNS FROM `bid_record` [ RunTime:0.000392s ]
[2026-08-21T13:19:01+08:00][sql] SELECT `b`.`price`,`b`.`create_time`,`g`.`title`,`u`.`nickname` FROM `bid_record` `b` LEFT JOIN `goods` `g` ON `b`.`goods_id`=`g`.`id` LEFT JOIN `user` `u` ON `b`.`user_id`=`u`.`id` WHERE  `b`.`status` = '1' ORDER BY `b`.`id` DESC LIMIT 5 [ RunTime:0.000241s ]
[2026-08-21T13:19:01+08:00][sql] SHOW FULL COLUMNS FROM `news` [ RunTime:0.000378s ]
[2026-08-21T13:19:01+08:00][sql] SELECT `id`,`title`,`create_time` FROM `news` WHERE  `status` = 1 ORDER BY `id` DESC LIMIT 3 [ RunTime:0.000182s ]
[2026-08-21T13:19:01+08:00][sql] SHOW FULL COLUMNS FROM `banner` [ RunTime:0.000385s ]
[2026-08-21T13:19:01+08:00][sql] SELECT * FROM `banner` WHERE  `status` = 1 ORDER BY `sort` ASC,`id` ASC [ RunTime:0.000183s ]
[2026-08-21T13:19:01+08:00][sql] CONNECT:[ UseTime:0.011481s ] mysql:host=127.0.0.1;port=3306;dbname=jp;charset=utf8mb4
[2026-08-21T13:19:01+08:00][sql] SHOW FULL COLUMNS FROM `goods` [ RunTime:0.000777s ]
[2026-08-21T13:19:01+08:00][sql] SELECT `id` FROM `goods` WHERE  `status` = 1  AND `end_time` <= 1787289541 [ RunTime:0.000234s ]
[2026-08-21T13:19:01+08:00][sql] SHOW FULL COLUMNS FROM `setting` [ RunTime:0.000434s ]
[2026-08-21T13:19:01+08:00][sql] SELECT * FROM `setting` [ RunTime:0.000188s ]
[2026-08-21T13:19:01+08:00][sql] SELECT COUNT(*) AS think_count FROM `goods` `g` LEFT JOIN `user` `u` ON `g`.`seller_id`=`u`.`id` WHERE  `g`.`status` = '1'  AND `g`.`start_time` <= '1787289541'  AND `g`.`end_time` > '1787289541' [ RunTime:0.000279s ]
[2026-08-21T13:19:01+08:00][sql] SELECT `g`.*,u.nickname as seller_name FROM `goods` `g` LEFT JOIN `user` `u` ON `g`.`seller_id`=`u`.`id` WHERE  `g`.`status` = '1'  AND `g`.`start_time` <= '1787289541'  AND `g`.`end_time` > '1787289541' ORDER BY `g`.`end_time` ASC,`g`.`id` DESC LIMIT 0,10 [ RunTime:0.000277s ]
[2026-08-21T13:19:01+08:00][sql] SHOW FULL COLUMNS FROM `category` [ RunTime:0.000416s ]
[2026-08-21T13:19:01+08:00][sql] SELECT * FROM `category` WHERE  `status` = 1 ORDER BY `sort` ASC [ RunTime:0.000190s ]
[2026-08-21T13:19:01+08:00][sql] SHOW FULL COLUMNS FROM `bid_record` [ RunTime:0.000391s ]
[2026-08-21T13:19:01+08:00][sql] SELECT `b`.`price`,`b`.`create_time`,`g`.`title`,`u`.`nickname` FROM `bid_record` `b` LEFT JOIN `goods` `g` ON `b`.`goods_id`=`g`.`id` LEFT JOIN `user` `u` ON `b`.`user_id`=`u`.`id` WHERE  `b`.`status` = '1' ORDER BY `b`.`id` DESC LIMIT 5 [ RunTime:0.000238s ]
[2026-08-21T13:19:01+08:00][sql] SHOW FULL COLUMNS FROM `news` [ RunTime:0.000382s ]
[2026-08-21T13:19:01+08:00][sql] SELECT `id`,`title`,`create_time` FROM `news` WHERE  `status` = 1 ORDER BY `id` DESC LIMIT 3 [ RunTime:0.000182s ]
[2026-08-21T13:19:01+08:00][sql] SHOW FULL COLUMNS FROM `banner` [ RunTime:0.000389s ]
[2026-08-21T13:19:01+08:00][sql] SELECT * FROM `banner` WHERE  `status` = 1 ORDER BY `sort` ASC,`id` ASC [ RunTime:0.000189s ]
[2026-08-21T13:19:01+08:00][sql] CONNECT:[ UseTime:0.011015s ] mysql:host=127.0.0.1;port=3306;dbname=jp;charset=utf8mb4
[2026-08-21T13:19:01+08:00][sql] SHOW FULL COLUMNS FROM `goods` [ RunTime:0.000773s ]
[2026-08-21T13:19:01+08:00][sql] SELECT `id` FROM `goods` WHERE  `status` = 1  AND `end_time` <= 1787289541 [ RunTime:0.000258s ]
[2026-08-21T13:19:01+08:00][sql] SHOW FULL COLUMNS FROM `setting` [ RunTime:0.000461s ]
[2026-08-21T13:19:01+08:00][sql] SELECT * FROM `setting` [ RunTime:0.000207s ]
[2026-08-21T13:19:01+08:00][sql] SELECT COUNT(*) AS think_count FROM `goods` `g` LEFT JOIN `user` `u` ON `g`.`seller_id`=`u`.`id` WHERE  `g`.`status` = '1'  AND `g`.`start_time` <= '1787289541'  AND `g`.`end_time` > '1787289541' [ RunTime:0.000262s ]
[2026-08-21T13:19:01+08:00][sql] SELECT `g`.*,u.nickname as seller_name FROM `goods` `g` LEFT JOIN `user` `u` ON `g`.`seller_id`=`u`.`id` WHERE  `g`.`status` = '1'  AND `g`.`start_time` <= '1787289541'  AND `g`.`end_time` > '1787289541' ORDER BY `g`.`end_time` ASC,`g`.`id` DESC LIMIT 0,10 [ RunTime:0.000318s ]
[2026-08-21T13:19:01+08:00][sql] SHOW FULL COLUMNS FROM `category` [ RunTime:0.000469s ]
[2026-08-21T13:19:01+08:00][sql] SELECT * FROM `category` WHERE  `status` = 1 ORDER BY `sort` ASC [ RunTime:0.000223s ]
[2026-08-21T13:19:01+08:00][sql] SHOW FULL COLUMNS FROM `bid_record` [ RunTime:0.000471s ]
[2026-08-21T13:19:01+08:00][sql] SELECT `b`.`price`,`b`.`create_time`,`g`.`title`,`u`.`nickname` FROM `bid_record` `b` LEFT JOIN `goods` `g` ON `b`.`goods_id`=`g`.`id` LEFT JOIN `user` `u` ON `b`.`user_id`=`u`.`id` WHERE  `b`.`status` = '1' ORDER BY `b`.`id` DESC LIMIT 5 [ RunTime:0.000279s ]
[2026-08-21T13:19:01+08:00][sql] SHOW FULL COLUMNS FROM `news` [ RunTime:0.000407s ]
[2026-08-21T13:19:01+08:00][sql] SELECT `id`,`title`,`create_time` FROM `news` WHERE  `status` = 1 ORDER BY `id` DESC LIMIT 3 [ RunTime:0.000181s ]
[2026-08-21T13:19:01+08:00][sql] SHOW FULL COLUMNS FROM `banner` [ RunTime:0.000384s ]
[2026-08-21T13:19:01+08:00][sql] SELECT * FROM `banner` WHERE  `status` = 1 ORDER BY `sort` ASC,`id` ASC [ RunTime:0.000184s ]
[2026-08-21T13:19:01+08:00][sql] CONNECT:[ UseTime:0.000795s ] mysql:host=127.0.0.1;port=3306;dbname=jp;charset=utf8mb4
[2026-08-21T13:19:01+08:00][sql] SHOW FULL COLUMNS FROM `goods` [ RunTime:0.000807s ]
[2026-08-21T13:19:01+08:00][sql] SELECT `id` FROM `goods` WHERE  `status` = 1  AND `end_time` <= 1787289541 [ RunTime:0.000283s ]
[2026-08-21T13:19:01+08:00][sql] SHOW FULL COLUMNS FROM `setting` [ RunTime:0.000567s ]
[2026-08-21T13:19:01+08:00][sql] SELECT * FROM `setting` [ RunTime:0.000207s ]
[2026-08-21T13:19:01+08:00][sql] SELECT COUNT(*) AS think_count FROM `goods` `g` LEFT JOIN `user` `u` ON `g`.`seller_id`=`u`.`id` WHERE  `g`.`status` = '1'  AND `g`.`start_time` <= '1787289541'  AND `g`.`end_time` > '1787289541' [ RunTime:0.000307s ]
[2026-08-21T13:19:01+08:00][sql] SELECT `g`.*,u.nickname as seller_name FROM `goods` `g` LEFT JOIN `user` `u` ON `g`.`seller_id`=`u`.`id` WHERE  `g`.`status` = '1'  AND `g`.`start_time` <= '1787289541'  AND `g`.`end_time` > '1787289541' ORDER BY `g`.`end_time` ASC,`g`.`id` DESC LIMIT 0,10 [ RunTime:0.000290s ]
[2026-08-21T13:19:01+08:00][sql] SHOW FULL COLUMNS FROM `category` [ RunTime:0.000524s ]
[2026-08-21T13:19:01+08:00][sql] SELECT * FROM `category` WHERE  `status` = 1 ORDER BY `sort` ASC [ RunTime:0.000205s ]
[2026-08-21T13:19:01+08:00][sql] SHOW FULL COLUMNS FROM `bid_record` [ RunTime:0.000405s ]
[2026-08-21T13:19:01+08:00][sql] SELECT `b`.`price`,`b`.`create_time`,`g`.`title`,`u`.`nickname` FROM `bid_record` `b` LEFT JOIN `goods` `g` ON `b`.`goods_id`=`g`.`id` LEFT JOIN `user` `u` ON `b`.`user_id`=`u`.`id` WHERE  `b`.`status` = '1' ORDER BY `b`.`id` DESC LIMIT 5 [ RunTime:0.000252s ]
[2026-08-21T13:19:01+08:00][sql] SHOW FULL COLUMNS FROM `news` [ RunTime:0.000421s ]
[2026-08-21T13:19:01+08:00][sql] SELECT `id`,`title`,`create_time` FROM `news` WHERE  `status` = 1 ORDER BY `id` DESC LIMIT 3 [ RunTime:0.000206s ]
[2026-08-21T13:19:01+08:00][sql] SHOW FULL COLUMNS FROM `banner` [ RunTime:0.000459s ]
[2026-08-21T13:19:01+08:00][sql] SELECT * FROM `banner` WHERE  `status` = 1 ORDER BY `sort` ASC,`id` ASC [ RunTime:0.000224s ]
[2026-08-21T13:19:02+08:00][sql] CONNECT:[ UseTime:0.000664s ] mysql:host=127.0.0.1;port=3306;dbname=jp;charset=utf8mb4
[2026-08-21T13:19:02+08:00][sql] SHOW FULL COLUMNS FROM `goods` [ RunTime:0.000632s ]
[2026-08-21T13:19:02+08:00][sql] SELECT `id` FROM `goods` WHERE  `status` = 1  AND `end_time` <= 1787289542 [ RunTime:0.000209s ]
[2026-08-21T13:19:02+08:00][sql] SHOW FULL COLUMNS FROM `setting` [ RunTime:0.000383s ]
[2026-08-21T13:19:02+08:00][sql] SELECT * FROM `setting` [ RunTime:0.000166s ]
[2026-08-21T13:19:02+08:00][sql] SELECT COUNT(*) AS think_count FROM `goods` `g` LEFT JOIN `user` `u` ON `g`.`seller_id`=`u`.`id` WHERE  `g`.`status` = '1'  AND `g`.`start_time` <= '1787289542'  AND `g`.`end_time` > '1787289542' [ RunTime:0.000217s ]
[2026-08-21T13:19:02+08:00][sql] SELECT `g`.*,u.nickname as seller_name FROM `goods` `g` LEFT JOIN `user` `u` ON `g`.`seller_id`=`u`.`id` WHERE  `g`.`status` = '1'  AND `g`.`start_time` <= '1787289542'  AND `g`.`end_time` > '1787289542' ORDER BY `g`.`end_time` ASC,`g`.`id` DESC LIMIT 0,10 [ RunTime:0.000255s ]
[2026-08-21T13:19:02+08:00][sql] SHOW FULL COLUMNS FROM `category` [ RunTime:0.000393s ]
[2026-08-21T13:19:02+08:00][sql] SELECT * FROM `category` WHERE  `status` = 1 ORDER BY `sort` ASC [ RunTime:0.000178s ]
[2026-08-21T13:19:02+08:00][sql] SHOW FULL COLUMNS FROM `bid_record` [ RunTime:0.000380s ]
[2026-08-21T13:19:02+08:00][sql] SELECT `b`.`price`,`b`.`create_time`,`g`.`title`,`u`.`nickname` FROM `bid_record` `b` LEFT JOIN `goods` `g` ON `b`.`goods_id`=`g`.`id` LEFT JOIN `user` `u` ON `b`.`user_id`=`u`.`id` WHERE  `b`.`status` = '1' ORDER BY `b`.`id` DESC LIMIT 5 [ RunTime:0.000219s ]
[2026-08-21T13:19:02+08:00][sql] SHOW FULL COLUMNS FROM `news` [ RunTime:0.000368s ]
[2026-08-21T13:19:02+08:00][sql] SELECT `id`,`title`,`create_time` FROM `news` WHERE  `status` = 1 ORDER BY `id` DESC LIMIT 3 [ RunTime:0.000163s ]
[2026-08-21T13:19:02+08:00][sql] SHOW FULL COLUMNS FROM `banner` [ RunTime:0.000384s ]
[2026-08-21T13:19:02+08:00][sql] SELECT * FROM `banner` WHERE  `status` = 1 ORDER BY `sort` ASC,`id` ASC [ RunTime:0.000176s ]
[2026-08-21T13:19:02+08:00][sql] CONNECT:[ UseTime:0.000943s ] mysql:host=127.0.0.1;port=3306;dbname=jp;charset=utf8mb4
[2026-08-21T13:19:02+08:00][sql] SHOW FULL COLUMNS FROM `goods` [ RunTime:0.000711s ]
[2026-08-21T13:19:02+08:00][sql] SELECT `id` FROM `goods` WHERE  `status` = 1  AND `end_time` <= 1787289542 [ RunTime:0.000317s ]
[2026-08-21T13:19:02+08:00][sql] SHOW FULL COLUMNS FROM `setting` [ RunTime:0.000467s ]
[2026-08-21T13:19:02+08:00][sql] SELECT * FROM `setting` [ RunTime:0.000195s ]
[2026-08-21T13:19:02+08:00][sql] SELECT COUNT(*) AS think_count FROM `goods` `g` LEFT JOIN `user` `u` ON `g`.`seller_id`=`u`.`id` WHERE  `g`.`status` = '1'  AND `g`.`start_time` <= '1787289542'  AND `g`.`end_time` > '1787289542' [ RunTime:0.000466s ]
[2026-08-21T13:19:02+08:00][sql] SELECT `g`.*,u.nickname as seller_name FROM `goods` `g` LEFT JOIN `user` `u` ON `g`.`seller_id`=`u`.`id` WHERE  `g`.`status` = '1'  AND `g`.`start_time` <= '1787289542'  AND `g`.`end_time` > '1787289542' ORDER BY `g`.`end_time` ASC,`g`.`id` DESC LIMIT 0,10 [ RunTime:0.000361s ]
[2026-08-21T13:19:02+08:00][sql] SHOW FULL COLUMNS FROM `category` [ RunTime:0.000655s ]
[2026-08-21T13:19:02+08:00][sql] SELECT * FROM `category` WHERE  `status` = 1 ORDER BY `sort` ASC [ RunTime:0.000284s ]
[2026-08-21T13:19:02+08:00][sql] SHOW FULL COLUMNS FROM `bid_record` [ RunTime:0.000618s ]
[2026-08-21T13:19:02+08:00][sql] SELECT `b`.`price`,`b`.`create_time`,`g`.`title`,`u`.`nickname` FROM `bid_record` `b` LEFT JOIN `goods` `g` ON `b`.`goods_id`=`g`.`id` LEFT JOIN `user` `u` ON `b`.`user_id`=`u`.`id` WHERE  `b`.`status` = '1' ORDER BY `b`.`id` DESC LIMIT 5 [ RunTime:0.000368s ]
[2026-08-21T13:19:02+08:00][sql] SHOW FULL COLUMNS FROM `news` [ RunTime:0.000544s ]
[2026-08-21T13:19:02+08:00][sql] SELECT `id`,`title`,`create_time` FROM `news` WHERE  `status` = 1 ORDER BY `id` DESC LIMIT 3 [ RunTime:0.000208s ]
[2026-08-21T13:19:02+08:00][sql] SHOW FULL COLUMNS FROM `banner` [ RunTime:0.000390s ]
[2026-08-21T13:19:02+08:00][sql] SELECT * FROM `banner` WHERE  `status` = 1 ORDER BY `sort` ASC,`id` ASC [ RunTime:0.000209s ]
[2026-08-21T13:19:03+08:00][sql] CONNECT:[ UseTime:0.018561s ] mysql:host=127.0.0.1;port=3306;dbname=jp;charset=utf8mb4
[2026-08-21T13:19:03+08:00][sql] SHOW FULL COLUMNS FROM `goods` [ RunTime:0.001046s ]
[2026-08-21T13:19:03+08:00][sql] SELECT `id` FROM `goods` WHERE  `status` = 1  AND `end_time` <= 1787289543 [ RunTime:0.000333s ]
[2026-08-21T13:19:03+08:00][sql] SHOW FULL COLUMNS FROM `setting` [ RunTime:0.000663s ]
[2026-08-21T13:19:03+08:00][sql] SELECT * FROM `setting` [ RunTime:0.000280s ]
[2026-08-21T13:19:03+08:00][sql] SELECT COUNT(*) AS think_count FROM `goods` `g` LEFT JOIN `user` `u` ON `g`.`seller_id`=`u`.`id` WHERE  `g`.`status` = '1'  AND `g`.`start_time` <= '1787289543'  AND `g`.`end_time` > '1787289543' [ RunTime:0.000448s ]
[2026-08-21T13:19:03+08:00][sql] SELECT `g`.*,u.nickname as seller_name FROM `goods` `g` LEFT JOIN `user` `u` ON `g`.`seller_id`=`u`.`id` WHERE  `g`.`status` = '1'  AND `g`.`start_time` <= '1787289543'  AND `g`.`end_time` > '1787289543' ORDER BY `g`.`end_time` ASC,`g`.`id` DESC LIMIT 0,10 [ RunTime:0.000431s ]
[2026-08-21T13:19:03+08:00][sql] SHOW FULL COLUMNS FROM `category` [ RunTime:0.000703s ]
[2026-08-21T13:19:03+08:00][sql] SELECT * FROM `category` WHERE  `status` = 1 ORDER BY `sort` ASC [ RunTime:0.000330s ]
[2026-08-21T13:19:03+08:00][sql] SHOW FULL COLUMNS FROM `bid_record` [ RunTime:0.000670s ]
[2026-08-21T13:19:03+08:00][sql] SELECT `b`.`price`,`b`.`create_time`,`g`.`title`,`u`.`nickname` FROM `bid_record` `b` LEFT JOIN `goods` `g` ON `b`.`goods_id`=`g`.`id` LEFT JOIN `user` `u` ON `b`.`user_id`=`u`.`id` WHERE  `b`.`status` = '1' ORDER BY `b`.`id` DESC LIMIT 5 [ RunTime:0.000423s ]
[2026-08-21T13:19:03+08:00][sql] SHOW FULL COLUMNS FROM `news` [ RunTime:0.000402s ]
[2026-08-21T13:19:03+08:00][sql] SELECT `id`,`title`,`create_time` FROM `news` WHERE  `status` = 1 ORDER BY `id` DESC LIMIT 3 [ RunTime:0.000191s ]
[2026-08-21T13:19:03+08:00][sql] SHOW FULL COLUMNS FROM `banner` [ RunTime:0.000386s ]
[2026-08-21T13:19:03+08:00][sql] SELECT * FROM `banner` WHERE  `status` = 1 ORDER BY `sort` ASC,`id` ASC [ RunTime:0.000195s ]
[2026-08-21T13:19:03+08:00][sql] CONNECT:[ UseTime:0.000823s ] mysql:host=127.0.0.1;port=3306;dbname=jp;charset=utf8mb4
[2026-08-21T13:19:03+08:00][sql] SHOW FULL COLUMNS FROM `goods` [ RunTime:0.000747s ]
[2026-08-21T13:19:03+08:00][sql] SELECT `id` FROM `goods` WHERE  `status` = 1  AND `end_time` <= 1787289543 [ RunTime:0.000260s ]
[2026-08-21T13:19:03+08:00][sql] SHOW FULL COLUMNS FROM `setting` [ RunTime:0.000466s ]
[2026-08-21T13:19:03+08:00][sql] SELECT * FROM `setting` [ RunTime:0.000183s ]
[2026-08-21T13:19:03+08:00][sql] SELECT COUNT(*) AS think_count FROM `goods` `g` LEFT JOIN `user` `u` ON `g`.`seller_id`=`u`.`id` WHERE  `g`.`status` = '1'  AND `g`.`start_time` <= '1787289543'  AND `g`.`end_time` > '1787289543' [ RunTime:0.000281s ]
[2026-08-21T13:19:03+08:00][sql] SELECT `g`.*,u.nickname as seller_name FROM `goods` `g` LEFT JOIN `user` `u` ON `g`.`seller_id`=`u`.`id` WHERE  `g`.`status` = '1'  AND `g`.`start_time` <= '1787289543'  AND `g`.`end_time` > '1787289543' ORDER BY `g`.`end_time` ASC,`g`.`id` DESC LIMIT 0,10 [ RunTime:0.000494s ]
[2026-08-21T13:19:03+08:00][sql] SHOW FULL COLUMNS FROM `category` [ RunTime:0.000615s ]
[2026-08-21T13:19:03+08:00][sql] SELECT * FROM `category` WHERE  `status` = 1 ORDER BY `sort` ASC [ RunTime:0.000249s ]
[2026-08-21T13:19:03+08:00][sql] SHOW FULL COLUMNS FROM `bid_record` [ RunTime:0.000503s ]
[2026-08-21T13:19:03+08:00][sql] SELECT `b`.`price`,`b`.`create_time`,`g`.`title`,`u`.`nickname` FROM `bid_record` `b` LEFT JOIN `goods` `g` ON `b`.`goods_id`=`g`.`id` LEFT JOIN `user` `u` ON `b`.`user_id`=`u`.`id` WHERE  `b`.`status` = '1' ORDER BY `b`.`id` DESC LIMIT 5 [ RunTime:0.000274s ]
[2026-08-21T13:19:03+08:00][sql] SHOW FULL COLUMNS FROM `news` [ RunTime:0.000438s ]
[2026-08-21T13:19:03+08:00][sql] SELECT `id`,`title`,`create_time` FROM `news` WHERE  `status` = 1 ORDER BY `id` DESC LIMIT 3 [ RunTime:0.000236s ]
[2026-08-21T13:19:03+08:00][sql] SHOW FULL COLUMNS FROM `banner` [ RunTime:0.000413s ]
[2026-08-21T13:19:03+08:00][sql] SELECT * FROM `banner` WHERE  `status` = 1 ORDER BY `sort` ASC,`id` ASC [ RunTime:0.000196s ]
[2026-08-21T13:19:25+08:00][sql] CONNECT:[ UseTime:0.000991s ] mysql:host=127.0.0.1;port=3306;dbname=jp;charset=utf8mb4
[2026-08-21T13:19:25+08:00][sql] SHOW FULL COLUMNS FROM `goods` [ RunTime:0.000693s ]
[2026-08-21T13:19:25+08:00][sql] SELECT `id` FROM `goods` WHERE  `status` = 1  AND `end_time` <= 1787289565 [ RunTime:0.000329s ]
[2026-08-21T13:19:25+08:00][sql] SHOW FULL COLUMNS FROM `setting` [ RunTime:0.000496s ]
[2026-08-21T13:19:25+08:00][sql] SELECT * FROM `setting` [ RunTime:0.000188s ]
[2026-08-21T13:19:25+08:00][sql] SELECT COUNT(*) AS think_count FROM `goods` `g` LEFT JOIN `user` `u` ON `g`.`seller_id`=`u`.`id` WHERE  `g`.`status` = '1'  AND `g`.`start_time` <= '1787289565'  AND `g`.`end_time` > '1787289565' [ RunTime:0.000310s ]
[2026-08-21T13:19:25+08:00][sql] SELECT `g`.*,u.nickname as seller_name FROM `goods` `g` LEFT JOIN `user` `u` ON `g`.`seller_id`=`u`.`id` WHERE  `g`.`status` = '1'  AND `g`.`start_time` <= '1787289565'  AND `g`.`end_time` > '1787289565' ORDER BY `g`.`end_time` ASC,`g`.`id` DESC LIMIT 0,10 [ RunTime:0.000280s ]
[2026-08-21T13:19:25+08:00][sql] SHOW FULL COLUMNS FROM `category` [ RunTime:0.000483s ]
[2026-08-21T13:19:25+08:00][sql] SELECT * FROM `category` WHERE  `status` = 1 ORDER BY `sort` ASC [ RunTime:0.000244s ]
[2026-08-21T13:19:25+08:00][sql] SHOW FULL COLUMNS FROM `bid_record` [ RunTime:0.000435s ]
[2026-08-21T13:19:25+08:00][sql] SELECT `b`.`price`,`b`.`create_time`,`g`.`title`,`u`.`nickname` FROM `bid_record` `b` LEFT JOIN `goods` `g` ON `b`.`goods_id`=`g`.`id` LEFT JOIN `user` `u` ON `b`.`user_id`=`u`.`id` WHERE  `b`.`status` = '1' ORDER BY `b`.`id` DESC LIMIT 5 [ RunTime:0.000257s ]
[2026-08-21T13:19:25+08:00][sql] SHOW FULL COLUMNS FROM `news` [ RunTime:0.000448s ]
[2026-08-21T13:19:25+08:00][sql] SELECT `id`,`title`,`create_time` FROM `news` WHERE  `status` = 1 ORDER BY `id` DESC LIMIT 3 [ RunTime:0.000222s ]
[2026-08-21T13:19:25+08:00][sql] SHOW FULL COLUMNS FROM `banner` [ RunTime:0.000433s ]
[2026-08-21T13:19:25+08:00][sql] SELECT * FROM `banner` WHERE  `status` = 1 ORDER BY `sort` ASC,`id` ASC [ RunTime:0.000204s ]
[2026-08-21T13:19:25+08:00][sql] CONNECT:[ UseTime:0.001422s ] mysql:host=127.0.0.1;port=3306;dbname=jp;charset=utf8mb4
[2026-08-21T13:19:25+08:00][sql] SHOW FULL COLUMNS FROM `goods` [ RunTime:0.002099s ]
[2026-08-21T13:19:25+08:00][sql] SELECT `id` FROM `goods` WHERE  `status` = 1  AND `end_time` <= 1787289565 [ RunTime:0.000676s ]
[2026-08-21T13:19:25+08:00][sql] SHOW FULL COLUMNS FROM `setting` [ RunTime:0.000683s ]
[2026-08-21T13:19:25+08:00][sql] SELECT * FROM `setting` [ RunTime:0.000355s ]
[2026-08-21T13:19:25+08:00][sql] SELECT COUNT(*) AS think_count FROM `goods` `g` LEFT JOIN `user` `u` ON `g`.`seller_id`=`u`.`id` WHERE  `g`.`status` = '1'  AND `g`.`start_time` <= '1787289565'  AND `g`.`end_time` > '1787289565' [ RunTime:0.000475s ]
[2026-08-21T13:19:25+08:00][sql] SELECT `g`.*,u.nickname as seller_name FROM `goods` `g` LEFT JOIN `user` `u` ON `g`.`seller_id`=`u`.`id` WHERE  `g`.`status` = '1'  AND `g`.`start_time` <= '1787289565'  AND `g`.`end_time` > '1787289565' ORDER BY `g`.`end_time` ASC,`g`.`id` DESC LIMIT 0,10 [ RunTime:0.000375s ]
[2026-08-21T13:19:25+08:00][sql] SHOW FULL COLUMNS FROM `category` [ RunTime:0.000621s ]
[2026-08-21T13:19:25+08:00][sql] SELECT * FROM `category` WHERE  `status` = 1 ORDER BY `sort` ASC [ RunTime:0.000330s ]
[2026-08-21T13:19:25+08:00][sql] SHOW FULL COLUMNS FROM `bid_record` [ RunTime:0.000651s ]
[2026-08-21T13:19:25+08:00][sql] SELECT `b`.`price`,`b`.`create_time`,`g`.`title`,`u`.`nickname` FROM `bid_record` `b` LEFT JOIN `goods` `g` ON `b`.`goods_id`=`g`.`id` LEFT JOIN `user` `u` ON `b`.`user_id`=`u`.`id` WHERE  `b`.`status` = '1' ORDER BY `b`.`id` DESC LIMIT 5 [ RunTime:0.000368s ]
[2026-08-21T13:19:25+08:00][sql] SHOW FULL COLUMNS FROM `news` [ RunTime:0.000578s ]
[2026-08-21T13:19:25+08:00][sql] SELECT `id`,`title`,`create_time` FROM `news` WHERE  `status` = 1 ORDER BY `id` DESC LIMIT 3 [ RunTime:0.000292s ]
[2026-08-21T13:19:25+08:00][sql] SHOW FULL COLUMNS FROM `banner` [ RunTime:0.000755s ]
[2026-08-21T13:19:25+08:00][sql] SELECT * FROM `banner` WHERE  `status` = 1 ORDER BY `sort` ASC,`id` ASC [ RunTime:0.000292s ]
[2026-08-21T13:19:27+08:00][sql] CONNECT:[ UseTime:0.000750s ] mysql:host=127.0.0.1;port=3306;dbname=jp;charset=utf8mb4
[2026-08-21T13:19:27+08:00][sql] SHOW FULL COLUMNS FROM `goods` [ RunTime:0.000724s ]
[2026-08-21T13:19:27+08:00][sql] SELECT `id` FROM `goods` WHERE  `status` = 1  AND `end_time` <= 1787289566 [ RunTime:0.000233s ]
[2026-08-21T13:19:27+08:00][sql] SHOW FULL COLUMNS FROM `setting` [ RunTime:0.000453s ]
[2026-08-21T13:19:27+08:00][sql] SELECT * FROM `setting` [ RunTime:0.000191s ]
[2026-08-21T13:19:27+08:00][sql] SELECT COUNT(*) AS think_count FROM `goods` `g` LEFT JOIN `user` `u` ON `g`.`seller_id`=`u`.`id` WHERE  `g`.`status` = '1'  AND `g`.`start_time` <= '1787289566'  AND `g`.`end_time` > '1787289566' [ RunTime:0.000244s ]
[2026-08-21T13:19:27+08:00][sql] SELECT `g`.*,u.nickname as seller_name FROM `goods` `g` LEFT JOIN `user` `u` ON `g`.`seller_id`=`u`.`id` WHERE  `g`.`status` = '1'  AND `g`.`start_time` <= '1787289566'  AND `g`.`end_time` > '1787289566' ORDER BY `g`.`end_time` ASC,`g`.`id` DESC LIMIT 0,10 [ RunTime:0.000303s ]
[2026-08-21T13:19:27+08:00][sql] SHOW FULL COLUMNS FROM `category` [ RunTime:0.000490s ]
[2026-08-21T13:19:27+08:00][sql] SELECT * FROM `category` WHERE  `status` = 1 ORDER BY `sort` ASC [ RunTime:0.000208s ]
[2026-08-21T13:19:27+08:00][sql] SHOW FULL COLUMNS FROM `bid_record` [ RunTime:0.000457s ]
[2026-08-21T13:19:27+08:00][sql] SELECT `b`.`price`,`b`.`create_time`,`g`.`title`,`u`.`nickname` FROM `bid_record` `b` LEFT JOIN `goods` `g` ON `b`.`goods_id`=`g`.`id` LEFT JOIN `user` `u` ON `b`.`user_id`=`u`.`id` WHERE  `b`.`status` = '1' ORDER BY `b`.`id` DESC LIMIT 5 [ RunTime:0.000250s ]
[2026-08-21T13:19:27+08:00][sql] SHOW FULL COLUMNS FROM `news` [ RunTime:0.000396s ]
[2026-08-21T13:19:27+08:00][sql] SELECT `id`,`title`,`create_time` FROM `news` WHERE  `status` = 1 ORDER BY `id` DESC LIMIT 3 [ RunTime:0.000176s ]
[2026-08-21T13:19:27+08:00][sql] SHOW FULL COLUMNS FROM `banner` [ RunTime:0.000382s ]
[2026-08-21T13:19:27+08:00][sql] SELECT * FROM `banner` WHERE  `status` = 1 ORDER BY `sort` ASC,`id` ASC [ RunTime:0.000180s ]
[2026-08-21T13:19:27+08:00][sql] CONNECT:[ UseTime:0.001083s ] mysql:host=127.0.0.1;port=3306;dbname=jp;charset=utf8mb4
[2026-08-21T13:19:27+08:00][sql] SHOW FULL COLUMNS FROM `goods` [ RunTime:0.000968s ]
[2026-08-21T13:19:27+08:00][sql] SELECT `id` FROM `goods` WHERE  `status` = 1  AND `end_time` <= 1787289567 [ RunTime:0.000352s ]
[2026-08-21T13:19:27+08:00][sql] SHOW FULL COLUMNS FROM `setting` [ RunTime:0.000924s ]
[2026-08-21T13:19:27+08:00][sql] SELECT * FROM `setting` [ RunTime:0.000324s ]
[2026-08-21T13:19:27+08:00][sql] SELECT COUNT(*) AS think_count FROM `goods` `g` LEFT JOIN `user` `u` ON `g`.`seller_id`=`u`.`id` WHERE  `g`.`status` = '1'  AND `g`.`start_time` <= '1787289567'  AND `g`.`end_time` > '1787289567' [ RunTime:0.000606s ]
[2026-08-21T13:19:27+08:00][sql] SELECT `g`.*,u.nickname as seller_name FROM `goods` `g` LEFT JOIN `user` `u` ON `g`.`seller_id`=`u`.`id` WHERE  `g`.`status` = '1'  AND `g`.`start_time` <= '1787289567'  AND `g`.`end_time` > '1787289567' ORDER BY `g`.`end_time` ASC,`g`.`id` DESC LIMIT 0,10 [ RunTime:0.000410s ]
[2026-08-21T13:19:27+08:00][sql] SHOW FULL COLUMNS FROM `category` [ RunTime:0.000596s ]
[2026-08-21T13:19:27+08:00][sql] SELECT * FROM `category` WHERE  `status` = 1 ORDER BY `sort` ASC [ RunTime:0.000239s ]
[2026-08-21T13:19:27+08:00][sql] SHOW FULL COLUMNS FROM `bid_record` [ RunTime:0.000491s ]
[2026-08-21T13:19:27+08:00][sql] SELECT `b`.`price`,`b`.`create_time`,`g`.`title`,`u`.`nickname` FROM `bid_record` `b` LEFT JOIN `goods` `g` ON `b`.`goods_id`=`g`.`id` LEFT JOIN `user` `u` ON `b`.`user_id`=`u`.`id` WHERE  `b`.`status` = '1' ORDER BY `b`.`id` DESC LIMIT 5 [ RunTime:0.000320s ]
[2026-08-21T13:19:27+08:00][sql] SHOW FULL COLUMNS FROM `news` [ RunTime:0.000498s ]
[2026-08-21T13:19:27+08:00][sql] SELECT `id`,`title`,`create_time` FROM `news` WHERE  `status` = 1 ORDER BY `id` DESC LIMIT 3 [ RunTime:0.000285s ]
[2026-08-21T13:19:27+08:00][sql] SHOW FULL COLUMNS FROM `banner` [ RunTime:0.000601s ]
[2026-08-21T13:19:27+08:00][sql] SELECT * FROM `banner` WHERE  `status` = 1 ORDER BY `sort` ASC,`id` ASC [ RunTime:0.000273s ]
[2026-08-21T13:19:27+08:00][sql] CONNECT:[ UseTime:0.000656s ] mysql:host=127.0.0.1;port=3306;dbname=jp;charset=utf8mb4
[2026-08-21T13:19:27+08:00][sql] SHOW FULL COLUMNS FROM `goods` [ RunTime:0.000641s ]
[2026-08-21T13:19:27+08:00][sql] SELECT `id` FROM `goods` WHERE  `status` = 1  AND `end_time` <= 1787289567 [ RunTime:0.000241s ]
[2026-08-21T13:19:27+08:00][sql] SHOW FULL COLUMNS FROM `setting` [ RunTime:0.000382s ]
[2026-08-21T13:19:27+08:00][sql] SELECT * FROM `setting` [ RunTime:0.000177s ]
[2026-08-21T13:19:27+08:00][sql] SELECT COUNT(*) AS think_count FROM `goods` `g` LEFT JOIN `user` `u` ON `g`.`seller_id`=`u`.`id` WHERE  `g`.`status` = '1'  AND `g`.`start_time` <= '1787289567'  AND `g`.`end_time` > '1787289567' [ RunTime:0.000225s ]
[2026-08-21T13:19:27+08:00][sql] SELECT `g`.*,u.nickname as seller_name FROM `goods` `g` LEFT JOIN `user` `u` ON `g`.`seller_id`=`u`.`id` WHERE  `g`.`status` = '1'  AND `g`.`start_time` <= '1787289567'  AND `g`.`end_time` > '1787289567' ORDER BY `g`.`end_time` ASC,`g`.`id` DESC LIMIT 0,10 [ RunTime:0.000266s ]
[2026-08-21T13:19:27+08:00][sql] SHOW FULL COLUMNS FROM `category` [ RunTime:0.000391s ]
[2026-08-21T13:19:27+08:00][sql] SELECT * FROM `category` WHERE  `status` = 1 ORDER BY `sort` ASC [ RunTime:0.000189s ]
[2026-08-21T13:19:27+08:00][sql] SHOW FULL COLUMNS FROM `bid_record` [ RunTime:0.000382s ]
[2026-08-21T13:19:27+08:00][sql] SELECT `b`.`price`,`b`.`create_time`,`g`.`title`,`u`.`nickname` FROM `bid_record` `b` LEFT JOIN `goods` `g` ON `b`.`goods_id`=`g`.`id` LEFT JOIN `user` `u` ON `b`.`user_id`=`u`.`id` WHERE  `b`.`status` = '1' ORDER BY `b`.`id` DESC LIMIT 5 [ RunTime:0.000234s ]
[2026-08-21T13:19:27+08:00][sql] SHOW FULL COLUMNS FROM `news` [ RunTime:0.000373s ]
[2026-08-21T13:19:27+08:00][sql] SELECT `id`,`title`,`create_time` FROM `news` WHERE  `status` = 1 ORDER BY `id` DESC LIMIT 3 [ RunTime:0.000184s ]
[2026-08-21T13:19:27+08:00][sql] SHOW FULL COLUMNS FROM `banner` [ RunTime:0.000388s ]
[2026-08-21T13:19:27+08:00][sql] SELECT * FROM `banner` WHERE  `status` = 1 ORDER BY `sort` ASC,`id` ASC [ RunTime:0.000182s ]
[2026-08-21T13:19:28+08:00][sql] CONNECT:[ UseTime:0.000801s ] mysql:host=127.0.0.1;port=3306;dbname=jp;charset=utf8mb4
[2026-08-21T13:19:28+08:00][sql] SHOW FULL COLUMNS FROM `goods` [ RunTime:0.001116s ]
[2026-08-21T13:19:28+08:00][sql] SELECT `id` FROM `goods` WHERE  `status` = 1  AND `end_time` <= 1787289568 [ RunTime:0.000625s ]
[2026-08-21T13:19:28+08:00][sql] SHOW FULL COLUMNS FROM `setting` [ RunTime:0.000619s ]
[2026-08-21T13:19:28+08:00][sql] SELECT * FROM `setting` [ RunTime:0.000286s ]
[2026-08-21T13:19:28+08:00][sql] SELECT COUNT(*) AS think_count FROM `goods` `g` LEFT JOIN `user` `u` ON `g`.`seller_id`=`u`.`id` WHERE  `g`.`status` = '1'  AND `g`.`start_time` <= '1787289568'  AND `g`.`end_time` > '1787289568' [ RunTime:0.000527s ]
[2026-08-21T13:19:28+08:00][sql] SELECT `g`.*,u.nickname as seller_name FROM `goods` `g` LEFT JOIN `user` `u` ON `g`.`seller_id`=`u`.`id` WHERE  `g`.`status` = '1'  AND `g`.`start_time` <= '1787289568'  AND `g`.`end_time` > '1787289568' ORDER BY `g`.`end_time` ASC,`g`.`id` DESC LIMIT 0,10 [ RunTime:0.000441s ]
[2026-08-21T13:19:28+08:00][sql] SHOW FULL COLUMNS FROM `category` [ RunTime:0.000654s ]
[2026-08-21T13:19:28+08:00][sql] SELECT * FROM `category` WHERE  `status` = 1 ORDER BY `sort` ASC [ RunTime:0.000412s ]
[2026-08-21T13:19:28+08:00][sql] SHOW FULL COLUMNS FROM `bid_record` [ RunTime:0.000806s ]
[2026-08-21T13:19:28+08:00][sql] SELECT `b`.`price`,`b`.`create_time`,`g`.`title`,`u`.`nickname` FROM `bid_record` `b` LEFT JOIN `goods` `g` ON `b`.`goods_id`=`g`.`id` LEFT JOIN `user` `u` ON `b`.`user_id`=`u`.`id` WHERE  `b`.`status` = '1' ORDER BY `b`.`id` DESC LIMIT 5 [ RunTime:0.000516s ]
[2026-08-21T13:19:28+08:00][sql] SHOW FULL COLUMNS FROM `news` [ RunTime:0.000848s ]
[2026-08-21T13:19:28+08:00][sql] SELECT `id`,`title`,`create_time` FROM `news` WHERE  `status` = 1 ORDER BY `id` DESC LIMIT 3 [ RunTime:0.000277s ]
[2026-08-21T13:19:28+08:00][sql] SHOW FULL COLUMNS FROM `banner` [ RunTime:0.000719s ]
[2026-08-21T13:19:28+08:00][sql] SELECT * FROM `banner` WHERE  `status` = 1 ORDER BY `sort` ASC,`id` ASC [ RunTime:0.000280s ]
[2026-08-21T13:19:29+08:00][sql] CONNECT:[ UseTime:0.025357s ] mysql:host=127.0.0.1;port=3306;dbname=jp;charset=utf8mb4
[2026-08-21T13:19:29+08:00][sql] SHOW FULL COLUMNS FROM `goods` [ RunTime:0.001157s ]
[2026-08-21T13:19:29+08:00][sql] SELECT `id` FROM `goods` WHERE  `status` = 1  AND `end_time` <= 1787289569 [ RunTime:0.000357s ]
[2026-08-21T13:19:29+08:00][sql] SHOW FULL COLUMNS FROM `setting` [ RunTime:0.000711s ]
[2026-08-21T13:19:29+08:00][sql] SELECT * FROM `setting` [ RunTime:0.000340s ]
[2026-08-21T13:19:29+08:00][sql] SELECT COUNT(*) AS think_count FROM `goods` `g` LEFT JOIN `user` `u` ON `g`.`seller_id`=`u`.`id` WHERE  `g`.`status` = '1'  AND `g`.`start_time` <= '1787289569'  AND `g`.`end_time` > '1787289569' [ RunTime:0.000247s ]
[2026-08-21T13:19:29+08:00][sql] SELECT `g`.*,u.nickname as seller_name FROM `goods` `g` LEFT JOIN `user` `u` ON `g`.`seller_id`=`u`.`id` WHERE  `g`.`status` = '1'  AND `g`.`start_time` <= '1787289569'  AND `g`.`end_time` > '1787289569' ORDER BY `g`.`end_time` ASC,`g`.`id` DESC LIMIT 0,10 [ RunTime:0.000272s ]
[2026-08-21T13:19:29+08:00][sql] SHOW FULL COLUMNS FROM `category` [ RunTime:0.000403s ]
[2026-08-21T13:19:29+08:00][sql] SELECT * FROM `category` WHERE  `status` = 1 ORDER BY `sort` ASC [ RunTime:0.000185s ]
[2026-08-21T13:19:29+08:00][sql] SHOW FULL COLUMNS FROM `bid_record` [ RunTime:0.000384s ]
[2026-08-21T13:19:29+08:00][sql] SELECT `b`.`price`,`b`.`create_time`,`g`.`title`,`u`.`nickname` FROM `bid_record` `b` LEFT JOIN `goods` `g` ON `b`.`goods_id`=`g`.`id` LEFT JOIN `user` `u` ON `b`.`user_id`=`u`.`id` WHERE  `b`.`status` = '1' ORDER BY `b`.`id` DESC LIMIT 5 [ RunTime:0.000227s ]
[2026-08-21T13:19:29+08:00][sql] SHOW FULL COLUMNS FROM `news` [ RunTime:0.000371s ]
[2026-08-21T13:19:29+08:00][sql] SELECT `id`,`title`,`create_time` FROM `news` WHERE  `status` = 1 ORDER BY `id` DESC LIMIT 3 [ RunTime:0.000181s ]
[2026-08-21T13:19:29+08:00][sql] SHOW FULL COLUMNS FROM `banner` [ RunTime:0.000496s ]
[2026-08-21T13:19:29+08:00][sql] SELECT * FROM `banner` WHERE  `status` = 1 ORDER BY `sort` ASC,`id` ASC [ RunTime:0.000187s ]
[2026-08-21T13:19:29+08:00][sql] CONNECT:[ UseTime:0.001016s ] mysql:host=127.0.0.1;port=3306;dbname=jp;charset=utf8mb4
[2026-08-21T13:19:29+08:00][sql] SHOW FULL COLUMNS FROM `goods` [ RunTime:0.000794s ]
[2026-08-21T13:19:29+08:00][sql] SELECT `id` FROM `goods` WHERE  `status` = 1  AND `end_time` <= 1787289569 [ RunTime:0.000256s ]
[2026-08-21T13:19:29+08:00][sql] SHOW FULL COLUMNS FROM `setting` [ RunTime:0.000498s ]
[2026-08-21T13:19:29+08:00][sql] SELECT * FROM `setting` [ RunTime:0.000213s ]
[2026-08-21T13:19:29+08:00][sql] SELECT COUNT(*) AS think_count FROM `goods` `g` LEFT JOIN `user` `u` ON `g`.`seller_id`=`u`.`id` WHERE  `g`.`status` = '1'  AND `g`.`start_time` <= '1787289569'  AND `g`.`end_time` > '1787289569' [ RunTime:0.000446s ]
[2026-08-21T13:19:29+08:00][sql] SELECT `g`.*,u.nickname as seller_name FROM `goods` `g` LEFT JOIN `user` `u` ON `g`.`seller_id`=`u`.`id` WHERE  `g`.`status` = '1'  AND `g`.`start_time` <= '1787289569'  AND `g`.`end_time` > '1787289569' ORDER BY `g`.`end_time` ASC,`g`.`id` DESC LIMIT 0,10 [ RunTime:0.000589s ]
[2026-08-21T13:19:29+08:00][sql] SHOW FULL COLUMNS FROM `category` [ RunTime:0.000694s ]
[2026-08-21T13:19:29+08:00][sql] SELECT * FROM `category` WHERE  `status` = 1 ORDER BY `sort` ASC [ RunTime:0.000269s ]
[2026-08-21T13:19:29+08:00][sql] SHOW FULL COLUMNS FROM `bid_record` [ RunTime:0.000514s ]
[2026-08-21T13:19:29+08:00][sql] SELECT `b`.`price`,`b`.`create_time`,`g`.`title`,`u`.`nickname` FROM `bid_record` `b` LEFT JOIN `goods` `g` ON `b`.`goods_id`=`g`.`id` LEFT JOIN `user` `u` ON `b`.`user_id`=`u`.`id` WHERE  `b`.`status` = '1' ORDER BY `b`.`id` DESC LIMIT 5 [ RunTime:0.000667s ]
[2026-08-21T13:19:29+08:00][sql] SHOW FULL COLUMNS FROM `news` [ RunTime:0.000710s ]
[2026-08-21T13:19:29+08:00][sql] SELECT `id`,`title`,`create_time` FROM `news` WHERE  `status` = 1 ORDER BY `id` DESC LIMIT 3 [ RunTime:0.000311s ]
[2026-08-21T13:19:29+08:00][sql] SHOW FULL COLUMNS FROM `banner` [ RunTime:0.000516s ]
[2026-08-21T13:19:29+08:00][sql] SELECT * FROM `banner` WHERE  `status` = 1 ORDER BY `sort` ASC,`id` ASC [ RunTime:0.000232s ]
[2026-08-21T13:19:29+08:00][sql] CONNECT:[ UseTime:0.000701s ] mysql:host=127.0.0.1;port=3306;dbname=jp;charset=utf8mb4
[2026-08-21T13:19:29+08:00][sql] SHOW FULL COLUMNS FROM `goods` [ RunTime:0.000703s ]
[2026-08-21T13:19:29+08:00][sql] SELECT `id` FROM `goods` WHERE  `status` = 1  AND `end_time` <= 1787289569 [ RunTime:0.000230s ]
[2026-08-21T13:19:29+08:00][sql] SHOW FULL COLUMNS FROM `setting` [ RunTime:0.000389s ]
[2026-08-21T13:19:29+08:00][sql] SELECT * FROM `setting` [ RunTime:0.000185s ]
[2026-08-21T13:19:29+08:00][sql] SELECT COUNT(*) AS think_count FROM `goods` `g` LEFT JOIN `user` `u` ON `g`.`seller_id`=`u`.`id` WHERE  `g`.`status` = '1'  AND `g`.`start_time` <= '1787289569'  AND `g`.`end_time` > '1787289569' [ RunTime:0.000227s ]
[2026-08-21T13:19:29+08:00][sql] SELECT `g`.*,u.nickname as seller_name FROM `goods` `g` LEFT JOIN `user` `u` ON `g`.`seller_id`=`u`.`id` WHERE  `g`.`status` = '1'  AND `g`.`start_time` <= '1787289569'  AND `g`.`end_time` > '1787289569' ORDER BY `g`.`end_time` ASC,`g`.`id` DESC LIMIT 0,10 [ RunTime:0.000274s ]
[2026-08-21T13:19:29+08:00][sql] SHOW FULL COLUMNS FROM `category` [ RunTime:0.000395s ]
[2026-08-21T13:19:29+08:00][sql] SELECT * FROM `category` WHERE  `status` = 1 ORDER BY `sort` ASC [ RunTime:0.000194s ]
[2026-08-21T13:19:29+08:00][sql] SHOW FULL COLUMNS FROM `bid_record` [ RunTime:0.000384s ]
[2026-08-21T13:19:29+08:00][sql] SELECT `b`.`price`,`b`.`create_time`,`g`.`title`,`u`.`nickname` FROM `bid_record` `b` LEFT JOIN `goods` `g` ON `b`.`goods_id`=`g`.`id` LEFT JOIN `user` `u` ON `b`.`user_id`=`u`.`id` WHERE  `b`.`status` = '1' ORDER BY `b`.`id` DESC LIMIT 5 [ RunTime:0.000234s ]
[2026-08-21T13:19:29+08:00][sql] SHOW FULL COLUMNS FROM `news` [ RunTime:0.000377s ]
[2026-08-21T13:19:29+08:00][sql] SELECT `id`,`title`,`create_time` FROM `news` WHERE  `status` = 1 ORDER BY `id` DESC LIMIT 3 [ RunTime:0.000177s ]
[2026-08-21T13:19:29+08:00][sql] SHOW FULL COLUMNS FROM `banner` [ RunTime:0.000387s ]
[2026-08-21T13:19:29+08:00][sql] SELECT * FROM `banner` WHERE  `status` = 1 ORDER BY `sort` ASC,`id` ASC [ RunTime:0.000185s ]
[2026-08-21T13:19:30+08:00][sql] CONNECT:[ UseTime:0.000774s ] mysql:host=127.0.0.1;port=3306;dbname=jp;charset=utf8mb4
[2026-08-21T13:19:30+08:00][sql] SHOW FULL COLUMNS FROM `goods` [ RunTime:0.000857s ]
[2026-08-21T13:19:30+08:00][sql] SELECT `id` FROM `goods` WHERE  `status` = 1  AND `end_time` <= 1787289570 [ RunTime:0.000598s ]
[2026-08-21T13:19:30+08:00][sql] SHOW FULL COLUMNS FROM `setting` [ RunTime:0.002349s ]
[2026-08-21T13:19:30+08:00][sql] SELECT * FROM `setting` [ RunTime:0.000377s ]
[2026-08-21T13:19:30+08:00][sql] SELECT COUNT(*) AS think_count FROM `goods` `g` LEFT JOIN `user` `u` ON `g`.`seller_id`=`u`.`id` WHERE  `g`.`status` = '1'  AND `g`.`start_time` <= '1787289570'  AND `g`.`end_time` > '1787289570' [ RunTime:0.000507s ]
[2026-08-21T13:19:30+08:00][sql] SELECT `g`.*,u.nickname as seller_name FROM `goods` `g` LEFT JOIN `user` `u` ON `g`.`seller_id`=`u`.`id` WHERE  `g`.`status` = '1'  AND `g`.`start_time` <= '1787289570'  AND `g`.`end_time` > '1787289570' ORDER BY `g`.`end_time` ASC,`g`.`id` DESC LIMIT 0,10 [ RunTime:0.000302s ]
[2026-08-21T13:19:30+08:00][sql] SHOW FULL COLUMNS FROM `category` [ RunTime:0.000544s ]
[2026-08-21T13:19:30+08:00][sql] SELECT * FROM `category` WHERE  `status` = 1 ORDER BY `sort` ASC [ RunTime:0.000201s ]
[2026-08-21T13:19:30+08:00][sql] SHOW FULL COLUMNS FROM `bid_record` [ RunTime:0.000426s ]
[2026-08-21T13:19:30+08:00][sql] SELECT `b`.`price`,`b`.`create_time`,`g`.`title`,`u`.`nickname` FROM `bid_record` `b` LEFT JOIN `goods` `g` ON `b`.`goods_id`=`g`.`id` LEFT JOIN `user` `u` ON `b`.`user_id`=`u`.`id` WHERE  `b`.`status` = '1' ORDER BY `b`.`id` DESC LIMIT 5 [ RunTime:0.000247s ]
[2026-08-21T13:19:30+08:00][sql] SHOW FULL COLUMNS FROM `news` [ RunTime:0.000422s ]
[2026-08-21T13:19:30+08:00][sql] SELECT `id`,`title`,`create_time` FROM `news` WHERE  `status` = 1 ORDER BY `id` DESC LIMIT 3 [ RunTime:0.000206s ]
[2026-08-21T13:19:30+08:00][sql] SHOW FULL COLUMNS FROM `banner` [ RunTime:0.000779s ]
[2026-08-21T13:19:30+08:00][sql] SELECT * FROM `banner` WHERE  `status` = 1 ORDER BY `sort` ASC,`id` ASC [ RunTime:0.000242s ]
[2026-08-21T13:19:30+08:00][sql] CONNECT:[ UseTime:0.000664s ] mysql:host=127.0.0.1;port=3306;dbname=jp;charset=utf8mb4
[2026-08-21T13:19:30+08:00][sql] SHOW FULL COLUMNS FROM `goods` [ RunTime:0.000657s ]
[2026-08-21T13:19:30+08:00][sql] SELECT `id` FROM `goods` WHERE  `status` = 1  AND `end_time` <= 1787289570 [ RunTime:0.000237s ]
[2026-08-21T13:19:30+08:00][sql] SHOW FULL COLUMNS FROM `setting` [ RunTime:0.000405s ]
[2026-08-21T13:19:30+08:00][sql] SELECT * FROM `setting` [ RunTime:0.000182s ]
[2026-08-21T13:19:30+08:00][sql] SELECT COUNT(*) AS think_count FROM `goods` `g` LEFT JOIN `user` `u` ON `g`.`seller_id`=`u`.`id` WHERE  `g`.`status` = '1'  AND `g`.`start_time` <= '1787289570'  AND `g`.`end_time` > '1787289570' [ RunTime:0.000338s ]
[2026-08-21T13:19:30+08:00][sql] SELECT `g`.*,u.nickname as seller_name FROM `goods` `g` LEFT JOIN `user` `u` ON `g`.`seller_id`=`u`.`id` WHERE  `g`.`status` = '1'  AND `g`.`start_time` <= '1787289570'  AND `g`.`end_time` > '1787289570' ORDER BY `g`.`end_time` ASC,`g`.`id` DESC LIMIT 0,10 [ RunTime:0.000433s ]
[2026-08-21T13:19:30+08:00][sql] SHOW FULL COLUMNS FROM `category` [ RunTime:0.000619s ]
[2026-08-21T13:19:30+08:00][sql] SELECT * FROM `category` WHERE  `status` = 1 ORDER BY `sort` ASC [ RunTime:0.000244s ]
[2026-08-21T13:19:30+08:00][sql] SHOW FULL COLUMNS FROM `bid_record` [ RunTime:0.000492s ]
[2026-08-21T13:19:30+08:00][sql] SELECT `b`.`price`,`b`.`create_time`,`g`.`title`,`u`.`nickname` FROM `bid_record` `b` LEFT JOIN `goods` `g` ON `b`.`goods_id`=`g`.`id` LEFT JOIN `user` `u` ON `b`.`user_id`=`u`.`id` WHERE  `b`.`status` = '1' ORDER BY `b`.`id` DESC LIMIT 5 [ RunTime:0.000295s ]
[2026-08-21T13:19:30+08:00][sql] SHOW FULL COLUMNS FROM `news` [ RunTime:0.000441s ]
[2026-08-21T13:19:30+08:00][sql] SELECT `id`,`title`,`create_time` FROM `news` WHERE  `status` = 1 ORDER BY `id` DESC LIMIT 3 [ RunTime:0.000225s ]
[2026-08-21T13:19:30+08:00][sql] SHOW FULL COLUMNS FROM `banner` [ RunTime:0.000462s ]
[2026-08-21T13:19:30+08:00][sql] SELECT * FROM `banner` WHERE  `status` = 1 ORDER BY `sort` ASC,`id` ASC [ RunTime:0.000217s ]
[2026-08-21T13:19:30+08:00][sql] CONNECT:[ UseTime:0.000783s ] mysql:host=127.0.0.1;port=3306;dbname=jp;charset=utf8mb4
[2026-08-21T13:19:30+08:00][sql] SHOW FULL COLUMNS FROM `goods` [ RunTime:0.001107s ]
[2026-08-21T13:19:30+08:00][sql] SELECT `id` FROM `goods` WHERE  `status` = 1  AND `end_time` <= 1787289570 [ RunTime:0.000382s ]
[2026-08-21T13:19:30+08:00][sql] SHOW FULL COLUMNS FROM `setting` [ RunTime:0.000600s ]
[2026-08-21T13:19:30+08:00][sql] SELECT * FROM `setting` [ RunTime:0.000307s ]
[2026-08-21T13:19:30+08:00][sql] SELECT COUNT(*) AS think_count FROM `goods` `g` LEFT JOIN `user` `u` ON `g`.`seller_id`=`u`.`id` WHERE  `g`.`status` = '1'  AND `g`.`start_time` <= '1787289570'  AND `g`.`end_time` > '1787289570' [ RunTime:0.000453s ]
[2026-08-21T13:19:30+08:00][sql] SELECT `g`.*,u.nickname as seller_name FROM `goods` `g` LEFT JOIN `user` `u` ON `g`.`seller_id`=`u`.`id` WHERE  `g`.`status` = '1'  AND `g`.`start_time` <= '1787289570'  AND `g`.`end_time` > '1787289570' ORDER BY `g`.`end_time` ASC,`g`.`id` DESC LIMIT 0,10 [ RunTime:0.000503s ]
[2026-08-21T13:19:30+08:00][sql] SHOW FULL COLUMNS FROM `category` [ RunTime:0.000675s ]
[2026-08-21T13:19:30+08:00][sql] SELECT * FROM `category` WHERE  `status` = 1 ORDER BY `sort` ASC [ RunTime:0.000326s ]
[2026-08-21T13:19:30+08:00][sql] SHOW FULL COLUMNS FROM `bid_record` [ RunTime:0.000546s ]
[2026-08-21T13:19:30+08:00][sql] SELECT `b`.`price`,`b`.`create_time`,`g`.`title`,`u`.`nickname` FROM `bid_record` `b` LEFT JOIN `goods` `g` ON `b`.`goods_id`=`g`.`id` LEFT JOIN `user` `u` ON `b`.`user_id`=`u`.`id` WHERE  `b`.`status` = '1' ORDER BY `b`.`id` DESC LIMIT 5 [ RunTime:0.000297s ]
[2026-08-21T13:19:30+08:00][sql] SHOW FULL COLUMNS FROM `news` [ RunTime:0.000440s ]
[2026-08-21T13:19:30+08:00][sql] SELECT `id`,`title`,`create_time` FROM `news` WHERE  `status` = 1 ORDER BY `id` DESC LIMIT 3 [ RunTime:0.000206s ]
[2026-08-21T13:19:30+08:00][sql] SHOW FULL COLUMNS FROM `banner` [ RunTime:0.000459s ]
[2026-08-21T13:19:30+08:00][sql] SELECT * FROM `banner` WHERE  `status` = 1 ORDER BY `sort` ASC,`id` ASC [ RunTime:0.000221s ]
[2026-08-21T13:19:30+08:00][sql] CONNECT:[ UseTime:0.000779s ] mysql:host=127.0.0.1;port=3306;dbname=jp;charset=utf8mb4
[2026-08-21T13:19:30+08:00][sql] SHOW FULL COLUMNS FROM `goods` [ RunTime:0.000739s ]
[2026-08-21T13:19:30+08:00][sql] SELECT `id` FROM `goods` WHERE  `status` = 1  AND `end_time` <= 1787289570 [ RunTime:0.000311s ]
[2026-08-21T13:19:30+08:00][sql] SHOW FULL COLUMNS FROM `setting` [ RunTime:0.000591s ]
[2026-08-21T13:19:30+08:00][sql] SELECT * FROM `setting` [ RunTime:0.000248s ]
[2026-08-21T13:19:30+08:00][sql] SELECT COUNT(*) AS think_count FROM `goods` `g` LEFT JOIN `user` `u` ON `g`.`seller_id`=`u`.`id` WHERE  `g`.`status` = '1'  AND `g`.`start_time` <= '1787289570'  AND `g`.`end_time` > '1787289570' [ RunTime:0.000264s ]
[2026-08-21T13:19:30+08:00][sql] SELECT `g`.*,u.nickname as seller_name FROM `goods` `g` LEFT JOIN `user` `u` ON `g`.`seller_id`=`u`.`id` WHERE  `g`.`status` = '1'  AND `g`.`start_time` <= '1787289570'  AND `g`.`end_time` > '1787289570' ORDER BY `g`.`end_time` ASC,`g`.`id` DESC LIMIT 0,10 [ RunTime:0.000282s ]
[2026-08-21T13:19:30+08:00][sql] SHOW FULL COLUMNS FROM `category` [ RunTime:0.000450s ]
[2026-08-21T13:19:30+08:00][sql] SELECT * FROM `category` WHERE  `status` = 1 ORDER BY `sort` ASC [ RunTime:0.000194s ]
[2026-08-21T13:19:30+08:00][sql] SHOW FULL COLUMNS FROM `bid_record` [ RunTime:0.000399s ]
[2026-08-21T13:19:30+08:00][sql] SELECT `b`.`price`,`b`.`create_time`,`g`.`title`,`u`.`nickname` FROM `bid_record` `b` LEFT JOIN `goods` `g` ON `b`.`goods_id`=`g`.`id` LEFT JOIN `user` `u` ON `b`.`user_id`=`u`.`id` WHERE  `b`.`status` = '1' ORDER BY `b`.`id` DESC LIMIT 5 [ RunTime:0.000236s ]
[2026-08-21T13:19:30+08:00][sql] SHOW FULL COLUMNS FROM `news` [ RunTime:0.000390s ]
[2026-08-21T13:19:30+08:00][sql] SELECT `id`,`title`,`create_time` FROM `news` WHERE  `status` = 1 ORDER BY `id` DESC LIMIT 3 [ RunTime:0.000178s ]
[2026-08-21T13:19:30+08:00][sql] SHOW FULL COLUMNS FROM `banner` [ RunTime:0.000390s ]
[2026-08-21T13:19:30+08:00][sql] SELECT * FROM `banner` WHERE  `status` = 1 ORDER BY `sort` ASC,`id` ASC [ RunTime:0.000188s ]
[2026-08-21T13:19:30+08:00][sql] CONNECT:[ UseTime:0.000936s ] mysql:host=127.0.0.1;port=3306;dbname=jp;charset=utf8mb4
[2026-08-21T13:19:30+08:00][sql] SHOW FULL COLUMNS FROM `goods` [ RunTime:0.000982s ]
[2026-08-21T13:19:30+08:00][sql] SELECT `id` FROM `goods` WHERE  `status` = 1  AND `end_time` <= 1787289570 [ RunTime:0.000672s ]
[2026-08-21T13:19:30+08:00][sql] SHOW FULL COLUMNS FROM `setting` [ RunTime:0.001333s ]
[2026-08-21T13:19:30+08:00][sql] SELECT * FROM `setting` [ RunTime:0.000236s ]
[2026-08-21T13:19:30+08:00][sql] SELECT COUNT(*) AS think_count FROM `goods` `g` LEFT JOIN `user` `u` ON `g`.`seller_id`=`u`.`id` WHERE  `g`.`status` = '1'  AND `g`.`start_time` <= '1787289570'  AND `g`.`end_time` > '1787289570' [ RunTime:0.000502s ]
[2026-08-21T13:19:30+08:00][sql] SELECT `g`.*,u.nickname as seller_name FROM `goods` `g` LEFT JOIN `user` `u` ON `g`.`seller_id`=`u`.`id` WHERE  `g`.`status` = '1'  AND `g`.`start_time` <= '1787289570'  AND `g`.`end_time` > '1787289570' ORDER BY `g`.`end_time` ASC,`g`.`id` DESC LIMIT 0,10 [ RunTime:0.000307s ]
[2026-08-21T13:19:30+08:00][sql] SHOW FULL COLUMNS FROM `category` [ RunTime:0.000558s ]
[2026-08-21T13:19:30+08:00][sql] SELECT * FROM `category` WHERE  `status` = 1 ORDER BY `sort` ASC [ RunTime:0.000220s ]
[2026-08-21T13:19:30+08:00][sql] SHOW FULL COLUMNS FROM `bid_record` [ RunTime:0.000435s ]
[2026-08-21T13:19:30+08:00][sql] SELECT `b`.`price`,`b`.`create_time`,`g`.`title`,`u`.`nickname` FROM `bid_record` `b` LEFT JOIN `goods` `g` ON `b`.`goods_id`=`g`.`id` LEFT JOIN `user` `u` ON `b`.`user_id`=`u`.`id` WHERE  `b`.`status` = '1' ORDER BY `b`.`id` DESC LIMIT 5 [ RunTime:0.000438s ]
[2026-08-21T13:19:30+08:00][sql] SHOW FULL COLUMNS FROM `news` [ RunTime:0.000838s ]
[2026-08-21T13:19:30+08:00][sql] SELECT `id`,`title`,`create_time` FROM `news` WHERE  `status` = 1 ORDER BY `id` DESC LIMIT 3 [ RunTime:0.000333s ]
[2026-08-21T13:19:30+08:00][sql] SHOW FULL COLUMNS FROM `banner` [ RunTime:0.000582s ]
[2026-08-21T13:19:30+08:00][sql] SELECT * FROM `banner` WHERE  `status` = 1 ORDER BY `sort` ASC,`id` ASC [ RunTime:0.000309s ]
[2026-08-21T13:19:30+08:00][sql] CONNECT:[ UseTime:0.000700s ] mysql:host=127.0.0.1;port=3306;dbname=jp;charset=utf8mb4
[2026-08-21T13:19:30+08:00][sql] SHOW FULL COLUMNS FROM `goods` [ RunTime:0.000663s ]
[2026-08-21T13:19:30+08:00][sql] SELECT `id` FROM `goods` WHERE  `status` = 1  AND `end_time` <= 1787289570 [ RunTime:0.000218s ]
[2026-08-21T13:19:30+08:00][sql] SHOW FULL COLUMNS FROM `setting` [ RunTime:0.000398s ]
[2026-08-21T13:19:30+08:00][sql] SELECT * FROM `setting` [ RunTime:0.000182s ]
[2026-08-21T13:19:30+08:00][sql] SELECT COUNT(*) AS think_count FROM `goods` `g` LEFT JOIN `user` `u` ON `g`.`seller_id`=`u`.`id` WHERE  `g`.`status` = '1'  AND `g`.`start_time` <= '1787289570'  AND `g`.`end_time` > '1787289570' [ RunTime:0.000226s ]
[2026-08-21T13:19:30+08:00][sql] SELECT `g`.*,u.nickname as seller_name FROM `goods` `g` LEFT JOIN `user` `u` ON `g`.`seller_id`=`u`.`id` WHERE  `g`.`status` = '1'  AND `g`.`start_time` <= '1787289570'  AND `g`.`end_time` > '1787289570' ORDER BY `g`.`end_time` ASC,`g`.`id` DESC LIMIT 0,10 [ RunTime:0.000272s ]
[2026-08-21T13:19:30+08:00][sql] SHOW FULL COLUMNS FROM `category` [ RunTime:0.000402s ]
[2026-08-21T13:19:30+08:00][sql] SELECT * FROM `category` WHERE  `status` = 1 ORDER BY `sort` ASC [ RunTime:0.000196s ]
[2026-08-21T13:19:30+08:00][sql] SHOW FULL COLUMNS FROM `bid_record` [ RunTime:0.000394s ]
[2026-08-21T13:19:30+08:00][sql] SELECT `b`.`price`,`b`.`create_time`,`g`.`title`,`u`.`nickname` FROM `bid_record` `b` LEFT JOIN `goods` `g` ON `b`.`goods_id`=`g`.`id` LEFT JOIN `user` `u` ON `b`.`user_id`=`u`.`id` WHERE  `b`.`status` = '1' ORDER BY `b`.`id` DESC LIMIT 5 [ RunTime:0.000236s ]
[2026-08-21T13:19:30+08:00][sql] SHOW FULL COLUMNS FROM `news` [ RunTime:0.000423s ]
[2026-08-21T13:19:30+08:00][sql] SELECT `id`,`title`,`create_time` FROM `news` WHERE  `status` = 1 ORDER BY `id` DESC LIMIT 3 [ RunTime:0.000198s ]
[2026-08-21T13:19:30+08:00][sql] SHOW FULL COLUMNS FROM `banner` [ RunTime:0.000438s ]
[2026-08-21T13:19:30+08:00][sql] SELECT * FROM `banner` WHERE  `status` = 1 ORDER BY `sort` ASC,`id` ASC [ RunTime:0.000222s ]
[2026-08-21T13:19:30+08:00][sql] CONNECT:[ UseTime:0.001221s ] mysql:host=127.0.0.1;port=3306;dbname=jp;charset=utf8mb4
[2026-08-21T13:19:30+08:00][sql] SHOW FULL COLUMNS FROM `goods` [ RunTime:0.001229s ]
[2026-08-21T13:19:30+08:00][sql] SELECT `id` FROM `goods` WHERE  `status` = 1  AND `end_time` <= 1787289570 [ RunTime:0.000327s ]
[2026-08-21T13:19:30+08:00][sql] SHOW FULL COLUMNS FROM `setting` [ RunTime:0.000743s ]
[2026-08-21T13:19:30+08:00][sql] SELECT * FROM `setting` [ RunTime:0.000359s ]
[2026-08-21T13:19:30+08:00][sql] SELECT COUNT(*) AS think_count FROM `goods` `g` LEFT JOIN `user` `u` ON `g`.`seller_id`=`u`.`id` WHERE  `g`.`status` = '1'  AND `g`.`start_time` <= '1787289570'  AND `g`.`end_time` > '1787289570' [ RunTime:0.000413s ]
[2026-08-21T13:19:30+08:00][sql] SELECT `g`.*,u.nickname as seller_name FROM `goods` `g` LEFT JOIN `user` `u` ON `g`.`seller_id`=`u`.`id` WHERE  `g`.`status` = '1'  AND `g`.`start_time` <= '1787289570'  AND `g`.`end_time` > '1787289570' ORDER BY `g`.`end_time` ASC,`g`.`id` DESC LIMIT 0,10 [ RunTime:0.000362s ]
[2026-08-21T13:19:30+08:00][sql] SHOW FULL COLUMNS FROM `category` [ RunTime:0.000518s ]
[2026-08-21T13:19:30+08:00][sql] SELECT * FROM `category` WHERE  `status` = 1 ORDER BY `sort` ASC [ RunTime:0.000197s ]
[2026-08-21T13:19:30+08:00][sql] SHOW FULL COLUMNS FROM `bid_record` [ RunTime:0.000489s ]
[2026-08-21T13:19:30+08:00][sql] SELECT `b`.`price`,`b`.`create_time`,`g`.`title`,`u`.`nickname` FROM `bid_record` `b` LEFT JOIN `goods` `g` ON `b`.`goods_id`=`g`.`id` LEFT JOIN `user` `u` ON `b`.`user_id`=`u`.`id` WHERE  `b`.`status` = '1' ORDER BY `b`.`id` DESC LIMIT 5 [ RunTime:0.000373s ]
[2026-08-21T13:19:30+08:00][sql] SHOW FULL COLUMNS FROM `news` [ RunTime:0.000536s ]
[2026-08-21T13:19:30+08:00][sql] SELECT `id`,`title`,`create_time` FROM `news` WHERE  `status` = 1 ORDER BY `id` DESC LIMIT 3 [ RunTime:0.000247s ]
[2026-08-21T13:19:30+08:00][sql] SHOW FULL COLUMNS FROM `banner` [ RunTime:0.000522s ]
[2026-08-21T13:19:30+08:00][sql] SELECT * FROM `banner` WHERE  `status` = 1 ORDER BY `sort` ASC,`id` ASC [ RunTime:0.000239s ]
[2026-08-21T13:19:30+08:00][sql] CONNECT:[ UseTime:0.001038s ] mysql:host=127.0.0.1;port=3306;dbname=jp;charset=utf8mb4
[2026-08-21T13:19:30+08:00][sql] SHOW FULL COLUMNS FROM `goods` [ RunTime:0.000839s ]
[2026-08-21T13:19:30+08:00][sql] SELECT `id` FROM `goods` WHERE  `status` = 1  AND `end_time` <= 1787289570 [ RunTime:0.000401s ]
[2026-08-21T13:19:30+08:00][sql] SHOW FULL COLUMNS FROM `setting` [ RunTime:0.000568s ]
[2026-08-21T13:19:30+08:00][sql] SELECT * FROM `setting` [ RunTime:0.000218s ]
[2026-08-21T13:19:30+08:00][sql] SELECT COUNT(*) AS think_count FROM `goods` `g` LEFT JOIN `user` `u` ON `g`.`seller_id`=`u`.`id` WHERE  `g`.`status` = '1'  AND `g`.`start_time` <= '1787289570'  AND `g`.`end_time` > '1787289570' [ RunTime:0.000271s ]
[2026-08-21T13:19:30+08:00][sql] SELECT `g`.*,u.nickname as seller_name FROM `goods` `g` LEFT JOIN `user` `u` ON `g`.`seller_id`=`u`.`id` WHERE  `g`.`status` = '1'  AND `g`.`start_time` <= '1787289570'  AND `g`.`end_time` > '1787289570' ORDER BY `g`.`end_time` ASC,`g`.`id` DESC LIMIT 0,10 [ RunTime:0.000304s ]
[2026-08-21T13:19:30+08:00][sql] SHOW FULL COLUMNS FROM `category` [ RunTime:0.000463s ]
[2026-08-21T13:19:30+08:00][sql] SELECT * FROM `category` WHERE  `status` = 1 ORDER BY `sort` ASC [ RunTime:0.000206s ]
[2026-08-21T13:19:30+08:00][sql] SHOW FULL COLUMNS FROM `bid_record` [ RunTime:0.000461s ]
[2026-08-21T13:19:30+08:00][sql] SELECT `b`.`price`,`b`.`create_time`,`g`.`title`,`u`.`nickname` FROM `bid_record` `b` LEFT JOIN `goods` `g` ON `b`.`goods_id`=`g`.`id` LEFT JOIN `user` `u` ON `b`.`user_id`=`u`.`id` WHERE  `b`.`status` = '1' ORDER BY `b`.`id` DESC LIMIT 5 [ RunTime:0.000274s ]
[2026-08-21T13:19:30+08:00][sql] SHOW FULL COLUMNS FROM `news` [ RunTime:0.000420s ]
[2026-08-21T13:19:30+08:00][sql] SELECT `id`,`title`,`create_time` FROM `news` WHERE  `status` = 1 ORDER BY `id` DESC LIMIT 3 [ RunTime:0.000204s ]
[2026-08-21T13:19:30+08:00][sql] SHOW FULL COLUMNS FROM `banner` [ RunTime:0.000414s ]
[2026-08-21T13:19:30+08:00][sql] SELECT * FROM `banner` WHERE  `status` = 1 ORDER BY `sort` ASC,`id` ASC [ RunTime:0.000201s ]
[2026-08-21T13:19:30+08:00][sql] CONNECT:[ UseTime:0.001325s ] mysql:host=127.0.0.1;port=3306;dbname=jp;charset=utf8mb4
[2026-08-21T13:19:30+08:00][sql] SHOW FULL COLUMNS FROM `goods` [ RunTime:0.000814s ]
[2026-08-21T13:19:30+08:00][sql] SELECT `id` FROM `goods` WHERE  `status` = 1  AND `end_time` <= 1787289570 [ RunTime:0.000333s ]
[2026-08-21T13:19:30+08:00][sql] SHOW FULL COLUMNS FROM `setting` [ RunTime:0.000517s ]
[2026-08-21T13:19:30+08:00][sql] SELECT * FROM `setting` [ RunTime:0.000192s ]
[2026-08-21T13:19:30+08:00][sql] SELECT COUNT(*) AS think_count FROM `goods` `g` LEFT JOIN `user` `u` ON `g`.`seller_id`=`u`.`id` WHERE  `g`.`status` = '1'  AND `g`.`start_time` <= '1787289570'  AND `g`.`end_time` > '1787289570' [ RunTime:0.000235s ]
[2026-08-21T13:19:30+08:00][sql] SELECT `g`.*,u.nickname as seller_name FROM `goods` `g` LEFT JOIN `user` `u` ON `g`.`seller_id`=`u`.`id` WHERE  `g`.`status` = '1'  AND `g`.`start_time` <= '1787289570'  AND `g`.`end_time` > '1787289570' ORDER BY `g`.`end_time` ASC,`g`.`id` DESC LIMIT 0,10 [ RunTime:0.000280s ]
[2026-08-21T13:19:30+08:00][sql] SHOW FULL COLUMNS FROM `category` [ RunTime:0.000416s ]
[2026-08-21T13:19:30+08:00][sql] SELECT * FROM `category` WHERE  `status` = 1 ORDER BY `sort` ASC [ RunTime:0.000198s ]
[2026-08-21T13:19:30+08:00][sql] SHOW FULL COLUMNS FROM `bid_record` [ RunTime:0.000432s ]
[2026-08-21T13:19:30+08:00][sql] SELECT `b`.`price`,`b`.`create_time`,`g`.`title`,`u`.`nickname` FROM `bid_record` `b` LEFT JOIN `goods` `g` ON `b`.`goods_id`=`g`.`id` LEFT JOIN `user` `u` ON `b`.`user_id`=`u`.`id` WHERE  `b`.`status` = '1' ORDER BY `b`.`id` DESC LIMIT 5 [ RunTime:0.000248s ]
[2026-08-21T13:19:30+08:00][sql] SHOW FULL COLUMNS FROM `news` [ RunTime:0.000408s ]
[2026-08-21T13:19:30+08:00][sql] SELECT `id`,`title`,`create_time` FROM `news` WHERE  `status` = 1 ORDER BY `id` DESC LIMIT 3 [ RunTime:0.000185s ]
[2026-08-21T13:19:30+08:00][sql] SHOW FULL COLUMNS FROM `banner` [ RunTime:0.000402s ]
[2026-08-21T13:19:30+08:00][sql] SELECT * FROM `banner` WHERE  `status` = 1 ORDER BY `sort` ASC,`id` ASC [ RunTime:0.000195s ]
[2026-08-21T13:19:30+08:00][sql] CONNECT:[ UseTime:0.000720s ] mysql:host=127.0.0.1;port=3306;dbname=jp;charset=utf8mb4
[2026-08-21T13:19:30+08:00][sql] SHOW FULL COLUMNS FROM `goods` [ RunTime:0.000594s ]
[2026-08-21T13:19:30+08:00][sql] SELECT `id` FROM `goods` WHERE  `status` = 1  AND `end_time` <= 1787289570 [ RunTime:0.000201s ]
[2026-08-21T13:19:30+08:00][sql] SHOW FULL COLUMNS FROM `setting` [ RunTime:0.000414s ]
[2026-08-21T13:19:30+08:00][sql] SELECT * FROM `setting` [ RunTime:0.000180s ]
[2026-08-21T13:19:30+08:00][sql] SELECT COUNT(*) AS think_count FROM `goods` `g` LEFT JOIN `user` `u` ON `g`.`seller_id`=`u`.`id` WHERE  `g`.`status` = '1'  AND `g`.`start_time` <= '1787289570'  AND `g`.`end_time` > '1787289570' [ RunTime:0.000216s ]
[2026-08-21T13:19:30+08:00][sql] SELECT `g`.*,u.nickname as seller_name FROM `goods` `g` LEFT JOIN `user` `u` ON `g`.`seller_id`=`u`.`id` WHERE  `g`.`status` = '1'  AND `g`.`start_time` <= '1787289570'  AND `g`.`end_time` > '1787289570' ORDER BY `g`.`end_time` ASC,`g`.`id` DESC LIMIT 0,10 [ RunTime:0.000274s ]
[2026-08-21T13:19:30+08:00][sql] SHOW FULL COLUMNS FROM `category` [ RunTime:0.000411s ]
[2026-08-21T13:19:30+08:00][sql] SELECT * FROM `category` WHERE  `status` = 1 ORDER BY `sort` ASC [ RunTime:0.000194s ]
[2026-08-21T13:19:30+08:00][sql] SHOW FULL COLUMNS FROM `bid_record` [ RunTime:0.000402s ]
[2026-08-21T13:19:30+08:00][sql] SELECT `b`.`price`,`b`.`create_time`,`g`.`title`,`u`.`nickname` FROM `bid_record` `b` LEFT JOIN `goods` `g` ON `b`.`goods_id`=`g`.`id` LEFT JOIN `user` `u` ON `b`.`user_id`=`u`.`id` WHERE  `b`.`status` = '1' ORDER BY `b`.`id` DESC LIMIT 5 [ RunTime:0.000232s ]
[2026-08-21T13:19:30+08:00][sql] SHOW FULL COLUMNS FROM `news` [ RunTime:0.000395s ]
[2026-08-21T13:19:30+08:00][sql] SELECT `id`,`title`,`create_time` FROM `news` WHERE  `status` = 1 ORDER BY `id` DESC LIMIT 3 [ RunTime:0.000180s ]
[2026-08-21T13:19:30+08:00][sql] SHOW FULL COLUMNS FROM `banner` [ RunTime:0.000401s ]
[2026-08-21T13:19:30+08:00][sql] SELECT * FROM `banner` WHERE  `status` = 1 ORDER BY `sort` ASC,`id` ASC [ RunTime:0.000186s ]
[2026-08-21T13:19:30+08:00][sql] CONNECT:[ UseTime:0.011892s ] mysql:host=127.0.0.1;port=3306;dbname=jp;charset=utf8mb4
[2026-08-21T13:19:30+08:00][sql] SHOW FULL COLUMNS FROM `goods` [ RunTime:0.000817s ]
[2026-08-21T13:19:30+08:00][sql] SELECT `id` FROM `goods` WHERE  `status` = 1  AND `end_time` <= 1787289570 [ RunTime:0.000261s ]
[2026-08-21T13:19:30+08:00][sql] SHOW FULL COLUMNS FROM `setting` [ RunTime:0.000456s ]
[2026-08-21T13:19:30+08:00][sql] SELECT * FROM `setting` [ RunTime:0.000186s ]
[2026-08-21T13:19:30+08:00][sql] SELECT COUNT(*) AS think_count FROM `goods` `g` LEFT JOIN `user` `u` ON `g`.`seller_id`=`u`.`id` WHERE  `g`.`status` = '1'  AND `g`.`start_time` <= '1787289570'  AND `g`.`end_time` > '1787289570' [ RunTime:0.000413s ]
[2026-08-21T13:19:30+08:00][sql] SELECT `g`.*,u.nickname as seller_name FROM `goods` `g` LEFT JOIN `user` `u` ON `g`.`seller_id`=`u`.`id` WHERE  `g`.`status` = '1'  AND `g`.`start_time` <= '1787289570'  AND `g`.`end_time` > '1787289570' ORDER BY `g`.`end_time` ASC,`g`.`id` DESC LIMIT 0,10 [ RunTime:0.000413s ]
[2026-08-21T13:19:30+08:00][sql] SHOW FULL COLUMNS FROM `category` [ RunTime:0.000784s ]
[2026-08-21T13:19:30+08:00][sql] SELECT * FROM `category` WHERE  `status` = 1 ORDER BY `sort` ASC [ RunTime:0.000254s ]
[2026-08-21T13:19:30+08:00][sql] SHOW FULL COLUMNS FROM `bid_record` [ RunTime:0.000481s ]
[2026-08-21T13:19:30+08:00][sql] SELECT `b`.`price`,`b`.`create_time`,`g`.`title`,`u`.`nickname` FROM `bid_record` `b` LEFT JOIN `goods` `g` ON `b`.`goods_id`=`g`.`id` LEFT JOIN `user` `u` ON `b`.`user_id`=`u`.`id` WHERE  `b`.`status` = '1' ORDER BY `b`.`id` DESC LIMIT 5 [ RunTime:0.000279s ]
[2026-08-21T13:19:30+08:00][sql] SHOW FULL COLUMNS FROM `news` [ RunTime:0.000440s ]
[2026-08-21T13:19:30+08:00][sql] SELECT `id`,`title`,`create_time` FROM `news` WHERE  `status` = 1 ORDER BY `id` DESC LIMIT 3 [ RunTime:0.000212s ]
[2026-08-21T13:19:30+08:00][sql] SHOW FULL COLUMNS FROM `banner` [ RunTime:0.000418s ]
[2026-08-21T13:19:30+08:00][sql] SELECT * FROM `banner` WHERE  `status` = 1 ORDER BY `sort` ASC,`id` ASC [ RunTime:0.000209s ]
[2026-08-21T13:19:30+08:00][sql] CONNECT:[ UseTime:0.001094s ] mysql:host=127.0.0.1;port=3306;dbname=jp;charset=utf8mb4
[2026-08-21T13:19:30+08:00][sql] SHOW FULL COLUMNS FROM `goods` [ RunTime:0.000748s ]
[2026-08-21T13:19:30+08:00][sql] SELECT `id` FROM `goods` WHERE  `status` = 1  AND `end_time` <= 1787289570 [ RunTime:0.000242s ]
[2026-08-21T13:19:30+08:00][sql] SHOW FULL COLUMNS FROM `setting` [ RunTime:0.000430s ]
[2026-08-21T13:19:30+08:00][sql] SELECT * FROM `setting` [ RunTime:0.000187s ]
[2026-08-21T13:19:30+08:00][sql] SELECT COUNT(*) AS think_count FROM `goods` `g` LEFT JOIN `user` `u` ON `g`.`seller_id`=`u`.`id` WHERE  `g`.`status` = '1'  AND `g`.`start_time` <= '1787289570'  AND `g`.`end_time` > '1787289570' [ RunTime:0.000266s ]
[2026-08-21T13:19:30+08:00][sql] SELECT `g`.*,u.nickname as seller_name FROM `goods` `g` LEFT JOIN `user` `u` ON `g`.`seller_id`=`u`.`id` WHERE  `g`.`status` = '1'  AND `g`.`start_time` <= '1787289570'  AND `g`.`end_time` > '1787289570' ORDER BY `g`.`end_time` ASC,`g`.`id` DESC LIMIT 0,10 [ RunTime:0.000294s ]
[2026-08-21T13:19:30+08:00][sql] SHOW FULL COLUMNS FROM `category` [ RunTime:0.000515s ]
[2026-08-21T13:19:30+08:00][sql] SELECT * FROM `category` WHERE  `status` = 1 ORDER BY `sort` ASC [ RunTime:0.000206s ]
[2026-08-21T13:19:30+08:00][sql] SHOW FULL COLUMNS FROM `bid_record` [ RunTime:0.000436s ]
[2026-08-21T13:19:30+08:00][sql] SELECT `b`.`price`,`b`.`create_time`,`g`.`title`,`u`.`nickname` FROM `bid_record` `b` LEFT JOIN `goods` `g` ON `b`.`goods_id`=`g`.`id` LEFT JOIN `user` `u` ON `b`.`user_id`=`u`.`id` WHERE  `b`.`status` = '1' ORDER BY `b`.`id` DESC LIMIT 5 [ RunTime:0.000258s ]
[2026-08-21T13:19:30+08:00][sql] SHOW FULL COLUMNS FROM `news` [ RunTime:0.000456s ]
[2026-08-21T13:19:30+08:00][sql] SELECT `id`,`title`,`create_time` FROM `news` WHERE  `status` = 1 ORDER BY `id` DESC LIMIT 3 [ RunTime:0.000194s ]
[2026-08-21T13:19:30+08:00][sql] SHOW FULL COLUMNS FROM `banner` [ RunTime:0.000429s ]
[2026-08-21T13:19:30+08:00][sql] SELECT * FROM `banner` WHERE  `status` = 1 ORDER BY `sort` ASC,`id` ASC [ RunTime:0.000192s ]
[2026-08-21T13:19:31+08:00][sql] CONNECT:[ UseTime:0.000757s ] mysql:host=127.0.0.1;port=3306;dbname=jp;charset=utf8mb4
[2026-08-21T13:19:31+08:00][sql] SHOW FULL COLUMNS FROM `goods` [ RunTime:0.000747s ]
[2026-08-21T13:19:31+08:00][sql] SELECT `id` FROM `goods` WHERE  `status` = 1  AND `end_time` <= 1787289571 [ RunTime:0.000245s ]
[2026-08-21T13:19:31+08:00][sql] SHOW FULL COLUMNS FROM `setting` [ RunTime:0.000422s ]
[2026-08-21T13:19:31+08:00][sql] SELECT * FROM `setting` [ RunTime:0.000195s ]
[2026-08-21T13:19:31+08:00][sql] SELECT COUNT(*) AS think_count FROM `goods` `g` LEFT JOIN `user` `u` ON `g`.`seller_id`=`u`.`id` WHERE  `g`.`status` = '1'  AND `g`.`start_time` <= '1787289571'  AND `g`.`end_time` > '1787289571' [ RunTime:0.000393s ]
[2026-08-21T13:19:31+08:00][sql] SELECT `g`.*,u.nickname as seller_name FROM `goods` `g` LEFT JOIN `user` `u` ON `g`.`seller_id`=`u`.`id` WHERE  `g`.`status` = '1'  AND `g`.`start_time` <= '1787289571'  AND `g`.`end_time` > '1787289571' ORDER BY `g`.`end_time` ASC,`g`.`id` DESC LIMIT 0,10 [ RunTime:0.000500s ]
[2026-08-21T13:19:31+08:00][sql] SHOW FULL COLUMNS FROM `category` [ RunTime:0.000786s ]
[2026-08-21T13:19:31+08:00][sql] SELECT * FROM `category` WHERE  `status` = 1 ORDER BY `sort` ASC [ RunTime:0.000440s ]
[2026-08-21T13:19:31+08:00][sql] SHOW FULL COLUMNS FROM `bid_record` [ RunTime:0.000612s ]
[2026-08-21T13:19:31+08:00][sql] SELECT `b`.`price`,`b`.`create_time`,`g`.`title`,`u`.`nickname` FROM `bid_record` `b` LEFT JOIN `goods` `g` ON `b`.`goods_id`=`g`.`id` LEFT JOIN `user` `u` ON `b`.`user_id`=`u`.`id` WHERE  `b`.`status` = '1' ORDER BY `b`.`id` DESC LIMIT 5 [ RunTime:0.000374s ]
[2026-08-21T13:19:31+08:00][sql] SHOW FULL COLUMNS FROM `news` [ RunTime:0.000581s ]
[2026-08-21T13:19:31+08:00][sql] SELECT `id`,`title`,`create_time` FROM `news` WHERE  `status` = 1 ORDER BY `id` DESC LIMIT 3 [ RunTime:0.000238s ]
[2026-08-21T13:19:31+08:00][sql] SHOW FULL COLUMNS FROM `banner` [ RunTime:0.000456s ]
[2026-08-21T13:19:31+08:00][sql] SELECT * FROM `banner` WHERE  `status` = 1 ORDER BY `sort` ASC,`id` ASC [ RunTime:0.000228s ]
[2026-08-21T13:19:31+08:00][sql] CONNECT:[ UseTime:0.000703s ] mysql:host=127.0.0.1;port=3306;dbname=jp;charset=utf8mb4
[2026-08-21T13:19:31+08:00][sql] SHOW FULL COLUMNS FROM `goods` [ RunTime:0.000670s ]
[2026-08-21T13:19:31+08:00][sql] SELECT `id` FROM `goods` WHERE  `status` = 1  AND `end_time` <= 1787289571 [ RunTime:0.000221s ]
[2026-08-21T13:19:31+08:00][sql] SHOW FULL COLUMNS FROM `setting` [ RunTime:0.000395s ]
[2026-08-21T13:19:31+08:00][sql] SELECT * FROM `setting` [ RunTime:0.000180s ]
[2026-08-21T13:19:31+08:00][sql] SELECT COUNT(*) AS think_count FROM `goods` `g` LEFT JOIN `user` `u` ON `g`.`seller_id`=`u`.`id` WHERE  `g`.`status` = '1'  AND `g`.`start_time` <= '1787289571'  AND `g`.`end_time` > '1787289571' [ RunTime:0.000223s ]
[2026-08-21T13:19:31+08:00][sql] SELECT `g`.*,u.nickname as seller_name FROM `goods` `g` LEFT JOIN `user` `u` ON `g`.`seller_id`=`u`.`id` WHERE  `g`.`status` = '1'  AND `g`.`start_time` <= '1787289571'  AND `g`.`end_time` > '1787289571' ORDER BY `g`.`end_time` ASC,`g`.`id` DESC LIMIT 0,10 [ RunTime:0.000276s ]
[2026-08-21T13:19:31+08:00][sql] SHOW FULL COLUMNS FROM `category` [ RunTime:0.000397s ]
[2026-08-21T13:19:31+08:00][sql] SELECT * FROM `category` WHERE  `status` = 1 ORDER BY `sort` ASC [ RunTime:0.000189s ]
[2026-08-21T13:19:31+08:00][sql] SHOW FULL COLUMNS FROM `bid_record` [ RunTime:0.000397s ]
[2026-08-21T13:19:31+08:00][sql] SELECT `b`.`price`,`b`.`create_time`,`g`.`title`,`u`.`nickname` FROM `bid_record` `b` LEFT JOIN `goods` `g` ON `b`.`goods_id`=`g`.`id` LEFT JOIN `user` `u` ON `b`.`user_id`=`u`.`id` WHERE  `b`.`status` = '1' ORDER BY `b`.`id` DESC LIMIT 5 [ RunTime:0.000228s ]
[2026-08-21T13:19:31+08:00][sql] SHOW FULL COLUMNS FROM `news` [ RunTime:0.000381s ]
[2026-08-21T13:19:31+08:00][sql] SELECT `id`,`title`,`create_time` FROM `news` WHERE  `status` = 1 ORDER BY `id` DESC LIMIT 3 [ RunTime:0.000176s ]
[2026-08-21T13:19:31+08:00][sql] SHOW FULL COLUMNS FROM `banner` [ RunTime:0.000383s ]
[2026-08-21T13:19:31+08:00][sql] SELECT * FROM `banner` WHERE  `status` = 1 ORDER BY `sort` ASC,`id` ASC [ RunTime:0.000192s ]
[2026-08-21T13:19:31+08:00][sql] CONNECT:[ UseTime:0.000802s ] mysql:host=127.0.0.1;port=3306;dbname=jp;charset=utf8mb4
[2026-08-21T13:19:31+08:00][sql] SHOW FULL COLUMNS FROM `goods` [ RunTime:0.000811s ]
[2026-08-21T13:19:31+08:00][sql] SELECT `id` FROM `goods` WHERE  `status` = 1  AND `end_time` <= 1787289571 [ RunTime:0.000304s ]
[2026-08-21T13:19:31+08:00][sql] SHOW FULL COLUMNS FROM `setting` [ RunTime:0.000665s ]
[2026-08-21T13:19:31+08:00][sql] SELECT * FROM `setting` [ RunTime:0.000309s ]
[2026-08-21T13:19:31+08:00][sql] SELECT COUNT(*) AS think_count FROM `goods` `g` LEFT JOIN `user` `u` ON `g`.`seller_id`=`u`.`id` WHERE  `g`.`status` = '1'  AND `g`.`start_time` <= '1787289571'  AND `g`.`end_time` > '1787289571' [ RunTime:0.000653s ]
[2026-08-21T13:19:31+08:00][sql] SELECT `g`.*,u.nickname as seller_name FROM `goods` `g` LEFT JOIN `user` `u` ON `g`.`seller_id`=`u`.`id` WHERE  `g`.`status` = '1'  AND `g`.`start_time` <= '1787289571'  AND `g`.`end_time` > '1787289571' ORDER BY `g`.`end_time` ASC,`g`.`id` DESC LIMIT 0,10 [ RunTime:0.000441s ]
[2026-08-21T13:19:31+08:00][sql] SHOW FULL COLUMNS FROM `category` [ RunTime:0.000706s ]
[2026-08-21T13:19:31+08:00][sql] SELECT * FROM `category` WHERE  `status` = 1 ORDER BY `sort` ASC [ RunTime:0.000428s ]
[2026-08-21T13:19:31+08:00][sql] SHOW FULL COLUMNS FROM `bid_record` [ RunTime:0.000683s ]
[2026-08-21T13:19:31+08:00][sql] SELECT `b`.`price`,`b`.`create_time`,`g`.`title`,`u`.`nickname` FROM `bid_record` `b` LEFT JOIN `goods` `g` ON `b`.`goods_id`=`g`.`id` LEFT JOIN `user` `u` ON `b`.`user_id`=`u`.`id` WHERE  `b`.`status` = '1' ORDER BY `b`.`id` DESC LIMIT 5 [ RunTime:0.000331s ]
[2026-08-21T13:19:31+08:00][sql] SHOW FULL COLUMNS FROM `news` [ RunTime:0.000469s ]
[2026-08-21T13:19:31+08:00][sql] SELECT `id`,`title`,`create_time` FROM `news` WHERE  `status` = 1 ORDER BY `id` DESC LIMIT 3 [ RunTime:0.000321s ]
[2026-08-21T13:19:31+08:00][sql] SHOW FULL COLUMNS FROM `banner` [ RunTime:0.000559s ]
[2026-08-21T13:19:31+08:00][sql] SELECT * FROM `banner` WHERE  `status` = 1 ORDER BY `sort` ASC,`id` ASC [ RunTime:0.000260s ]
[2026-08-21T13:19:31+08:00][sql] CONNECT:[ UseTime:0.009481s ] mysql:host=127.0.0.1;port=3306;dbname=jp;charset=utf8mb4
[2026-08-21T13:19:31+08:00][sql] SHOW FULL COLUMNS FROM `goods` [ RunTime:0.000676s ]
[2026-08-21T13:19:31+08:00][sql] SELECT `id` FROM `goods` WHERE  `status` = 1  AND `end_time` <= 1787289571 [ RunTime:0.000236s ]
[2026-08-21T13:19:31+08:00][sql] SHOW FULL COLUMNS FROM `setting` [ RunTime:0.000405s ]
[2026-08-21T13:19:31+08:00][sql] SELECT * FROM `setting` [ RunTime:0.000197s ]
[2026-08-21T13:19:31+08:00][sql] SELECT COUNT(*) AS think_count FROM `goods` `g` LEFT JOIN `user` `u` ON `g`.`seller_id`=`u`.`id` WHERE  `g`.`status` = '1'  AND `g`.`start_time` <= '1787289571'  AND `g`.`end_time` > '1787289571' [ RunTime:0.000414s ]
[2026-08-21T13:19:31+08:00][sql] SELECT `g`.*,u.nickname as seller_name FROM `goods` `g` LEFT JOIN `user` `u` ON `g`.`seller_id`=`u`.`id` WHERE  `g`.`status` = '1'  AND `g`.`start_time` <= '1787289571'  AND `g`.`end_time` > '1787289571' ORDER BY `g`.`end_time` ASC,`g`.`id` DESC LIMIT 0,10 [ RunTime:0.000315s ]
[2026-08-21T13:19:31+08:00][sql] SHOW FULL COLUMNS FROM `category` [ RunTime:0.000496s ]
[2026-08-21T13:19:31+08:00][sql] SELECT * FROM `category` WHERE  `status` = 1 ORDER BY `sort` ASC [ RunTime:0.000211s ]
[2026-08-21T13:19:31+08:00][sql] SHOW FULL COLUMNS FROM `bid_record` [ RunTime:0.000424s ]
[2026-08-21T13:19:31+08:00][sql] SELECT `b`.`price`,`b`.`create_time`,`g`.`title`,`u`.`nickname` FROM `bid_record` `b` LEFT JOIN `goods` `g` ON `b`.`goods_id`=`g`.`id` LEFT JOIN `user` `u` ON `b`.`user_id`=`u`.`id` WHERE  `b`.`status` = '1' ORDER BY `b`.`id` DESC LIMIT 5 [ RunTime:0.000255s ]
[2026-08-21T13:19:31+08:00][sql] SHOW FULL COLUMNS FROM `news` [ RunTime:0.000405s ]
[2026-08-21T13:19:31+08:00][sql] SELECT `id`,`title`,`create_time` FROM `news` WHERE  `status` = 1 ORDER BY `id` DESC LIMIT 3 [ RunTime:0.000192s ]
[2026-08-21T13:19:31+08:00][sql] SHOW FULL COLUMNS FROM `banner` [ RunTime:0.000414s ]
[2026-08-21T13:19:31+08:00][sql] SELECT * FROM `banner` WHERE  `status` = 1 ORDER BY `sort` ASC,`id` ASC [ RunTime:0.000198s ]
[2026-08-21T13:19:31+08:00][sql] CONNECT:[ UseTime:0.000862s ] mysql:host=127.0.0.1;port=3306;dbname=jp;charset=utf8mb4
[2026-08-21T13:19:31+08:00][sql] SHOW FULL COLUMNS FROM `goods` [ RunTime:0.000712s ]
[2026-08-21T13:19:31+08:00][sql] SELECT `id` FROM `goods` WHERE  `status` = 1  AND `end_time` <= 1787289571 [ RunTime:0.000309s ]
[2026-08-21T13:19:31+08:00][sql] SHOW FULL COLUMNS FROM `setting` [ RunTime:0.000754s ]
[2026-08-21T13:19:31+08:00][sql] SELECT * FROM `setting` [ RunTime:0.000426s ]
[2026-08-21T13:19:31+08:00][sql] SELECT COUNT(*) AS think_count FROM `goods` `g` LEFT JOIN `user` `u` ON `g`.`seller_id`=`u`.`id` WHERE  `g`.`status` = '1'  AND `g`.`start_time` <= '1787289571'  AND `g`.`end_time` > '1787289571' [ RunTime:0.000502s ]
[2026-08-21T13:19:31+08:00][sql] SELECT `g`.*,u.nickname as seller_name FROM `goods` `g` LEFT JOIN `user` `u` ON `g`.`seller_id`=`u`.`id` WHERE  `g`.`status` = '1'  AND `g`.`start_time` <= '1787289571'  AND `g`.`end_time` > '1787289571' ORDER BY `g`.`end_time` ASC,`g`.`id` DESC LIMIT 0,10 [ RunTime:0.000310s ]
[2026-08-21T13:19:31+08:00][sql] SHOW FULL COLUMNS FROM `category` [ RunTime:0.000612s ]
[2026-08-21T13:19:31+08:00][sql] SELECT * FROM `category` WHERE  `status` = 1 ORDER BY `sort` ASC [ RunTime:0.000231s ]
[2026-08-21T13:19:31+08:00][sql] SHOW FULL COLUMNS FROM `bid_record` [ RunTime:0.000710s ]
[2026-08-21T13:19:31+08:00][sql] SELECT `b`.`price`,`b`.`create_time`,`g`.`title`,`u`.`nickname` FROM `bid_record` `b` LEFT JOIN `goods` `g` ON `b`.`goods_id`=`g`.`id` LEFT JOIN `user` `u` ON `b`.`user_id`=`u`.`id` WHERE  `b`.`status` = '1' ORDER BY `b`.`id` DESC LIMIT 5 [ RunTime:0.000567s ]
[2026-08-21T13:19:31+08:00][sql] SHOW FULL COLUMNS FROM `news` [ RunTime:0.000795s ]
[2026-08-21T13:19:31+08:00][sql] SELECT `id`,`title`,`create_time` FROM `news` WHERE  `status` = 1 ORDER BY `id` DESC LIMIT 3 [ RunTime:0.000380s ]
[2026-08-21T13:19:31+08:00][sql] SHOW FULL COLUMNS FROM `banner` [ RunTime:0.000551s ]
[2026-08-21T13:19:31+08:00][sql] SELECT * FROM `banner` WHERE  `status` = 1 ORDER BY `sort` ASC,`id` ASC [ RunTime:0.000212s ]
[2026-08-21T13:19:31+08:00][sql] CONNECT:[ UseTime:0.000682s ] mysql:host=127.0.0.1;port=3306;dbname=jp;charset=utf8mb4
[2026-08-21T13:19:31+08:00][sql] SHOW FULL COLUMNS FROM `goods` [ RunTime:0.000687s ]
[2026-08-21T13:19:31+08:00][sql] SELECT `id` FROM `goods` WHERE  `status` = 1  AND `end_time` <= 1787289571 [ RunTime:0.000269s ]
[2026-08-21T13:19:31+08:00][sql] SHOW FULL COLUMNS FROM `setting` [ RunTime:0.000430s ]
[2026-08-21T13:19:31+08:00][sql] SELECT * FROM `setting` [ RunTime:0.000192s ]
[2026-08-21T13:19:31+08:00][sql] SELECT COUNT(*) AS think_count FROM `goods` `g` LEFT JOIN `user` `u` ON `g`.`seller_id`=`u`.`id` WHERE  `g`.`status` = '1'  AND `g`.`start_time` <= '1787289571'  AND `g`.`end_time` > '1787289571' [ RunTime:0.000240s ]
[2026-08-21T13:19:31+08:00][sql] SELECT `g`.*,u.nickname as seller_name FROM `goods` `g` LEFT JOIN `user` `u` ON `g`.`seller_id`=`u`.`id` WHERE  `g`.`status` = '1'  AND `g`.`start_time` <= '1787289571'  AND `g`.`end_time` > '1787289571' ORDER BY `g`.`end_time` ASC,`g`.`id` DESC LIMIT 0,10 [ RunTime:0.000283s ]
[2026-08-21T13:19:31+08:00][sql] SHOW FULL COLUMNS FROM `category` [ RunTime:0.000428s ]
[2026-08-21T13:19:31+08:00][sql] SELECT * FROM `category` WHERE  `status` = 1 ORDER BY `sort` ASC [ RunTime:0.000202s ]
[2026-08-21T13:19:31+08:00][sql] SHOW FULL COLUMNS FROM `bid_record` [ RunTime:0.000528s ]
[2026-08-21T13:19:31+08:00][sql] SELECT `b`.`price`,`b`.`create_time`,`g`.`title`,`u`.`nickname` FROM `bid_record` `b` LEFT JOIN `goods` `g` ON `b`.`goods_id`=`g`.`id` LEFT JOIN `user` `u` ON `b`.`user_id`=`u`.`id` WHERE  `b`.`status` = '1' ORDER BY `b`.`id` DESC LIMIT 5 [ RunTime:0.000361s ]
[2026-08-21T13:19:31+08:00][sql] SHOW FULL COLUMNS FROM `news` [ RunTime:0.000478s ]
[2026-08-21T13:19:31+08:00][sql] SELECT `id`,`title`,`create_time` FROM `news` WHERE  `status` = 1 ORDER BY `id` DESC LIMIT 3 [ RunTime:0.000219s ]
[2026-08-21T13:19:31+08:00][sql] SHOW FULL COLUMNS FROM `banner` [ RunTime:0.000414s ]
[2026-08-21T13:19:31+08:00][sql] SELECT * FROM `banner` WHERE  `status` = 1 ORDER BY `sort` ASC,`id` ASC [ RunTime:0.000199s ]
[2026-08-21T13:19:31+08:00][sql] CONNECT:[ UseTime:0.000768s ] mysql:host=127.0.0.1;port=3306;dbname=jp;charset=utf8mb4
[2026-08-21T13:19:31+08:00][sql] SHOW FULL COLUMNS FROM `goods` [ RunTime:0.000690s ]
[2026-08-21T13:19:31+08:00][sql] SELECT `id` FROM `goods` WHERE  `status` = 1  AND `end_time` <= 1787289571 [ RunTime:0.000235s ]
[2026-08-21T13:19:31+08:00][sql] SHOW FULL COLUMNS FROM `setting` [ RunTime:0.000480s ]
[2026-08-21T13:19:31+08:00][sql] SELECT * FROM `setting` [ RunTime:0.000190s ]
[2026-08-21T13:19:31+08:00][sql] SELECT COUNT(*) AS think_count FROM `goods` `g` LEFT JOIN `user` `u` ON `g`.`seller_id`=`u`.`id` WHERE  `g`.`status` = '1'  AND `g`.`start_time` <= '1787289571'  AND `g`.`end_time` > '1787289571' [ RunTime:0.000311s ]
[2026-08-21T13:19:31+08:00][sql] SELECT `g`.*,u.nickname as seller_name FROM `goods` `g` LEFT JOIN `user` `u` ON `g`.`seller_id`=`u`.`id` WHERE  `g`.`status` = '1'  AND `g`.`start_time` <= '1787289571'  AND `g`.`end_time` > '1787289571' ORDER BY `g`.`end_time` ASC,`g`.`id` DESC LIMIT 0,10 [ RunTime:0.000282s ]
[2026-08-21T13:19:31+08:00][sql] SHOW FULL COLUMNS FROM `category` [ RunTime:0.000484s ]
[2026-08-21T13:19:31+08:00][sql] SELECT * FROM `category` WHERE  `status` = 1 ORDER BY `sort` ASC [ RunTime:0.000205s ]
[2026-08-21T13:19:31+08:00][sql] SHOW FULL COLUMNS FROM `bid_record` [ RunTime:0.000411s ]
[2026-08-21T13:19:31+08:00][sql] SELECT `b`.`price`,`b`.`create_time`,`g`.`title`,`u`.`nickname` FROM `bid_record` `b` LEFT JOIN `goods` `g` ON `b`.`goods_id`=`g`.`id` LEFT JOIN `user` `u` ON `b`.`user_id`=`u`.`id` WHERE  `b`.`status` = '1' ORDER BY `b`.`id` DESC LIMIT 5 [ RunTime:0.000253s ]
[2026-08-21T13:19:31+08:00][sql] SHOW FULL COLUMNS FROM `news` [ RunTime:0.000427s ]
[2026-08-21T13:19:31+08:00][sql] SELECT `id`,`title`,`create_time` FROM `news` WHERE  `status` = 1 ORDER BY `id` DESC LIMIT 3 [ RunTime:0.000289s ]
[2026-08-21T13:19:31+08:00][sql] SHOW FULL COLUMNS FROM `banner` [ RunTime:0.000428s ]
[2026-08-21T13:19:31+08:00][sql] SELECT * FROM `banner` WHERE  `status` = 1 ORDER BY `sort` ASC,`id` ASC [ RunTime:0.000224s ]
[2026-08-21T13:19:32+08:00][sql] CONNECT:[ UseTime:0.000665s ] mysql:host=127.0.0.1;port=3306;dbname=jp;charset=utf8mb4
[2026-08-21T13:19:32+08:00][sql] SHOW FULL COLUMNS FROM `goods` [ RunTime:0.000780s ]
[2026-08-21T13:19:32+08:00][sql] SELECT `id` FROM `goods` WHERE  `status` = 1  AND `end_time` <= 1787289572 [ RunTime:0.000240s ]
[2026-08-21T13:19:32+08:00][sql] SHOW FULL COLUMNS FROM `setting` [ RunTime:0.000465s ]
[2026-08-21T13:19:32+08:00][sql] SELECT * FROM `setting` [ RunTime:0.000195s ]
[2026-08-21T13:19:32+08:00][sql] SELECT COUNT(*) AS think_count FROM `goods` `g` LEFT JOIN `user` `u` ON `g`.`seller_id`=`u`.`id` WHERE  `g`.`status` = '1'  AND `g`.`start_time` <= '1787289572'  AND `g`.`end_time` > '1787289572' [ RunTime:0.000441s ]
[2026-08-21T13:19:32+08:00][sql] SELECT `g`.*,u.nickname as seller_name FROM `goods` `g` LEFT JOIN `user` `u` ON `g`.`seller_id`=`u`.`id` WHERE  `g`.`status` = '1'  AND `g`.`start_time` <= '1787289572'  AND `g`.`end_time` > '1787289572' ORDER BY `g`.`end_time` ASC,`g`.`id` DESC LIMIT 0,10 [ RunTime:0.000378s ]
[2026-08-21T13:19:32+08:00][sql] SHOW FULL COLUMNS FROM `category` [ RunTime:0.000542s ]
[2026-08-21T13:19:32+08:00][sql] SELECT * FROM `category` WHERE  `status` = 1 ORDER BY `sort` ASC [ RunTime:0.000213s ]
[2026-08-21T13:19:32+08:00][sql] SHOW FULL COLUMNS FROM `bid_record` [ RunTime:0.000494s ]
[2026-08-21T13:19:32+08:00][sql] SELECT `b`.`price`,`b`.`create_time`,`g`.`title`,`u`.`nickname` FROM `bid_record` `b` LEFT JOIN `goods` `g` ON `b`.`goods_id`=`g`.`id` LEFT JOIN `user` `u` ON `b`.`user_id`=`u`.`id` WHERE  `b`.`status` = '1' ORDER BY `b`.`id` DESC LIMIT 5 [ RunTime:0.000262s ]
[2026-08-21T13:19:32+08:00][sql] SHOW FULL COLUMNS FROM `news` [ RunTime:0.000449s ]
[2026-08-21T13:19:32+08:00][sql] SELECT `id`,`title`,`create_time` FROM `news` WHERE  `status` = 1 ORDER BY `id` DESC LIMIT 3 [ RunTime:0.000173s ]
[2026-08-21T13:19:32+08:00][sql] SHOW FULL COLUMNS FROM `banner` [ RunTime:0.000382s ]
[2026-08-21T13:19:32+08:00][sql] SELECT * FROM `banner` WHERE  `status` = 1 ORDER BY `sort` ASC,`id` ASC [ RunTime:0.000187s ]
[2026-08-21T13:19:33+08:00][sql] CONNECT:[ UseTime:0.000912s ] mysql:host=127.0.0.1;port=3306;dbname=jp;charset=utf8mb4
[2026-08-21T13:19:33+08:00][sql] SHOW FULL COLUMNS FROM `goods` [ RunTime:0.001034s ]
[2026-08-21T13:19:33+08:00][sql] SELECT `id` FROM `goods` WHERE  `status` = 1  AND `end_time` <= 1787289573 [ RunTime:0.000392s ]
[2026-08-21T13:19:33+08:00][sql] SHOW FULL COLUMNS FROM `setting` [ RunTime:0.000774s ]
[2026-08-21T13:19:33+08:00][sql] SELECT * FROM `setting` [ RunTime:0.000419s ]
[2026-08-21T13:19:33+08:00][sql] SELECT COUNT(*) AS think_count FROM `goods` `g` LEFT JOIN `user` `u` ON `g`.`seller_id`=`u`.`id` WHERE  `g`.`status` = '1'  AND `g`.`start_time` <= '1787289573'  AND `g`.`end_time` > '1787289573' [ RunTime:0.000577s ]
[2026-08-21T13:19:33+08:00][sql] SELECT `g`.*,u.nickname as seller_name FROM `goods` `g` LEFT JOIN `user` `u` ON `g`.`seller_id`=`u`.`id` WHERE  `g`.`status` = '1'  AND `g`.`start_time` <= '1787289573'  AND `g`.`end_time` > '1787289573' ORDER BY `g`.`end_time` ASC,`g`.`id` DESC LIMIT 0,10 [ RunTime:0.000344s ]
[2026-08-21T13:19:33+08:00][sql] SHOW FULL COLUMNS FROM `category` [ RunTime:0.000502s ]
[2026-08-21T13:19:33+08:00][sql] SELECT * FROM `category` WHERE  `status` = 1 ORDER BY `sort` ASC [ RunTime:0.000206s ]
[2026-08-21T13:19:33+08:00][sql] SHOW FULL COLUMNS FROM `bid_record` [ RunTime:0.000435s ]
[2026-08-21T13:19:33+08:00][sql] SELECT `b`.`price`,`b`.`create_time`,`g`.`title`,`u`.`nickname` FROM `bid_record` `b` LEFT JOIN `goods` `g` ON `b`.`goods_id`=`g`.`id` LEFT JOIN `user` `u` ON `b`.`user_id`=`u`.`id` WHERE  `b`.`status` = '1' ORDER BY `b`.`id` DESC LIMIT 5 [ RunTime:0.000251s ]
[2026-08-21T13:19:33+08:00][sql] SHOW FULL COLUMNS FROM `news` [ RunTime:0.000397s ]
[2026-08-21T13:19:33+08:00][sql] SELECT `id`,`title`,`create_time` FROM `news` WHERE  `status` = 1 ORDER BY `id` DESC LIMIT 3 [ RunTime:0.000186s ]
[2026-08-21T13:19:33+08:00][sql] SHOW FULL COLUMNS FROM `banner` [ RunTime:0.000447s ]
[2026-08-21T13:19:33+08:00][sql] SELECT * FROM `banner` WHERE  `status` = 1 ORDER BY `sort` ASC,`id` ASC [ RunTime:0.000272s ]
[2026-08-21T13:19:33+08:00][sql] CONNECT:[ UseTime:0.020957s ] mysql:host=127.0.0.1;port=3306;dbname=jp;charset=utf8mb4
[2026-08-21T13:19:33+08:00][sql] SHOW FULL COLUMNS FROM `goods` [ RunTime:0.000753s ]
[2026-08-21T13:19:33+08:00][sql] SELECT `id` FROM `goods` WHERE  `status` = 1  AND `end_time` <= 1787289573 [ RunTime:0.000245s ]
[2026-08-21T13:19:33+08:00][sql] SHOW FULL COLUMNS FROM `setting` [ RunTime:0.000467s ]
[2026-08-21T13:19:33+08:00][sql] SELECT * FROM `setting` [ RunTime:0.000207s ]
[2026-08-21T13:19:33+08:00][sql] SELECT COUNT(*) AS think_count FROM `goods` `g` LEFT JOIN `user` `u` ON `g`.`seller_id`=`u`.`id` WHERE  `g`.`status` = '1'  AND `g`.`start_time` <= '1787289573'  AND `g`.`end_time` > '1787289573' [ RunTime:0.000268s ]
[2026-08-21T13:19:33+08:00][sql] SELECT `g`.*,u.nickname as seller_name FROM `goods` `g` LEFT JOIN `user` `u` ON `g`.`seller_id`=`u`.`id` WHERE  `g`.`status` = '1'  AND `g`.`start_time` <= '1787289573'  AND `g`.`end_time` > '1787289573' ORDER BY `g`.`end_time` ASC,`g`.`id` DESC LIMIT 0,10 [ RunTime:0.000319s ]
[2026-08-21T13:19:33+08:00][sql] SHOW FULL COLUMNS FROM `category` [ RunTime:0.000471s ]
[2026-08-21T13:19:33+08:00][sql] SELECT * FROM `category` WHERE  `status` = 1 ORDER BY `sort` ASC [ RunTime:0.000223s ]
[2026-08-21T13:19:33+08:00][sql] SHOW FULL COLUMNS FROM `bid_record` [ RunTime:0.000463s ]
[2026-08-21T13:19:33+08:00][sql] SELECT `b`.`price`,`b`.`create_time`,`g`.`title`,`u`.`nickname` FROM `bid_record` `b` LEFT JOIN `goods` `g` ON `b`.`goods_id`=`g`.`id` LEFT JOIN `user` `u` ON `b`.`user_id`=`u`.`id` WHERE  `b`.`status` = '1' ORDER BY `b`.`id` DESC LIMIT 5 [ RunTime:0.000276s ]
[2026-08-21T13:19:33+08:00][sql] SHOW FULL COLUMNS FROM `news` [ RunTime:0.000453s ]
[2026-08-21T13:19:33+08:00][sql] SELECT `id`,`title`,`create_time` FROM `news` WHERE  `status` = 1 ORDER BY `id` DESC LIMIT 3 [ RunTime:0.000207s ]
[2026-08-21T13:19:33+08:00][sql] SHOW FULL COLUMNS FROM `banner` [ RunTime:0.000463s ]
[2026-08-21T13:19:33+08:00][sql] SELECT * FROM `banner` WHERE  `status` = 1 ORDER BY `sort` ASC,`id` ASC [ RunTime:0.000211s ]
[2026-08-21T13:19:33+08:00][sql] CONNECT:[ UseTime:0.001234s ] mysql:host=127.0.0.1;port=3306;dbname=jp;charset=utf8mb4
[2026-08-21T13:19:33+08:00][sql] SHOW FULL COLUMNS FROM `goods` [ RunTime:0.000772s ]
[2026-08-21T13:19:33+08:00][sql] SELECT `id` FROM `goods` WHERE  `status` = 1  AND `end_time` <= 1787289573 [ RunTime:0.000235s ]
[2026-08-21T13:19:33+08:00][sql] SHOW FULL COLUMNS FROM `setting` [ RunTime:0.000413s ]
[2026-08-21T13:19:33+08:00][sql] SELECT * FROM `setting` [ RunTime:0.000197s ]
[2026-08-21T13:19:33+08:00][sql] SELECT COUNT(*) AS think_count FROM `goods` `g` LEFT JOIN `user` `u` ON `g`.`seller_id`=`u`.`id` WHERE  `g`.`status` = '1'  AND `g`.`start_time` <= '1787289573'  AND `g`.`end_time` > '1787289573' [ RunTime:0.000291s ]
[2026-08-21T13:19:33+08:00][sql] SELECT `g`.*,u.nickname as seller_name FROM `goods` `g` LEFT JOIN `user` `u` ON `g`.`seller_id`=`u`.`id` WHERE  `g`.`status` = '1'  AND `g`.`start_time` <= '1787289573'  AND `g`.`end_time` > '1787289573' ORDER BY `g`.`end_time` ASC,`g`.`id` DESC LIMIT 0,10 [ RunTime:0.000279s ]
[2026-08-21T13:19:33+08:00][sql] SHOW FULL COLUMNS FROM `category` [ RunTime:0.000475s ]
[2026-08-21T13:19:33+08:00][sql] SELECT * FROM `category` WHERE  `status` = 1 ORDER BY `sort` ASC [ RunTime:0.000187s ]
[2026-08-21T13:19:33+08:00][sql] SHOW FULL COLUMNS FROM `bid_record` [ RunTime:0.000405s ]
[2026-08-21T13:19:33+08:00][sql] SELECT `b`.`price`,`b`.`create_time`,`g`.`title`,`u`.`nickname` FROM `bid_record` `b` LEFT JOIN `goods` `g` ON `b`.`goods_id`=`g`.`id` LEFT JOIN `user` `u` ON `b`.`user_id`=`u`.`id` WHERE  `b`.`status` = '1' ORDER BY `b`.`id` DESC LIMIT 5 [ RunTime:0.000230s ]
[2026-08-21T13:19:33+08:00][sql] SHOW FULL COLUMNS FROM `news` [ RunTime:0.000392s ]
[2026-08-21T13:19:33+08:00][sql] SELECT `id`,`title`,`create_time` FROM `news` WHERE  `status` = 1 ORDER BY `id` DESC LIMIT 3 [ RunTime:0.000176s ]
[2026-08-21T13:19:33+08:00][sql] SHOW FULL COLUMNS FROM `banner` [ RunTime:0.000393s ]
[2026-08-21T13:19:33+08:00][sql] SELECT * FROM `banner` WHERE  `status` = 1 ORDER BY `sort` ASC,`id` ASC [ RunTime:0.000175s ]
[2026-08-21T13:19:34+08:00][sql] CONNECT:[ UseTime:0.018033s ] mysql:host=127.0.0.1;port=3306;dbname=jp;charset=utf8mb4
[2026-08-21T13:19:34+08:00][sql] SHOW FULL COLUMNS FROM `goods` [ RunTime:0.000768s ]
[2026-08-21T13:19:34+08:00][sql] SELECT `id` FROM `goods` WHERE  `status` = 1  AND `end_time` <= 1787289574 [ RunTime:0.000230s ]
[2026-08-21T13:19:34+08:00][sql] SHOW FULL COLUMNS FROM `setting` [ RunTime:0.000448s ]
[2026-08-21T13:19:34+08:00][sql] SELECT * FROM `setting` [ RunTime:0.000191s ]
[2026-08-21T13:19:34+08:00][sql] SELECT COUNT(*) AS think_count FROM `goods` `g` LEFT JOIN `user` `u` ON `g`.`seller_id`=`u`.`id` WHERE  `g`.`status` = '1'  AND `g`.`start_time` <= '1787289574'  AND `g`.`end_time` > '1787289574' [ RunTime:0.000265s ]
[2026-08-21T13:19:34+08:00][sql] SELECT `g`.*,u.nickname as seller_name FROM `goods` `g` LEFT JOIN `user` `u` ON `g`.`seller_id`=`u`.`id` WHERE  `g`.`status` = '1'  AND `g`.`start_time` <= '1787289574'  AND `g`.`end_time` > '1787289574' ORDER BY `g`.`end_time` ASC,`g`.`id` DESC LIMIT 0,10 [ RunTime:0.000281s ]
[2026-08-21T13:19:34+08:00][sql] SHOW FULL COLUMNS FROM `category` [ RunTime:0.000476s ]
[2026-08-21T13:19:34+08:00][sql] SELECT * FROM `category` WHERE  `status` = 1 ORDER BY `sort` ASC [ RunTime:0.000206s ]
[2026-08-21T13:19:34+08:00][sql] SHOW FULL COLUMNS FROM `bid_record` [ RunTime:0.000586s ]
[2026-08-21T13:19:34+08:00][sql] SELECT `b`.`price`,`b`.`create_time`,`g`.`title`,`u`.`nickname` FROM `bid_record` `b` LEFT JOIN `goods` `g` ON `b`.`goods_id`=`g`.`id` LEFT JOIN `user` `u` ON `b`.`user_id`=`u`.`id` WHERE  `b`.`status` = '1' ORDER BY `b`.`id` DESC LIMIT 5 [ RunTime:0.000487s ]
[2026-08-21T13:19:34+08:00][sql] SHOW FULL COLUMNS FROM `news` [ RunTime:0.000519s ]
[2026-08-21T13:19:34+08:00][sql] SELECT `id`,`title`,`create_time` FROM `news` WHERE  `status` = 1 ORDER BY `id` DESC LIMIT 3 [ RunTime:0.000207s ]
[2026-08-21T13:19:34+08:00][sql] SHOW FULL COLUMNS FROM `banner` [ RunTime:0.000406s ]
[2026-08-21T13:19:34+08:00][sql] SELECT * FROM `banner` WHERE  `status` = 1 ORDER BY `sort` ASC,`id` ASC [ RunTime:0.000220s ]
[2026-08-21T13:19:34+08:00][sql] CONNECT:[ UseTime:0.000718s ] mysql:host=127.0.0.1;port=3306;dbname=jp;charset=utf8mb4
[2026-08-21T13:19:34+08:00][sql] SHOW FULL COLUMNS FROM `goods` [ RunTime:0.000673s ]
[2026-08-21T13:19:34+08:00][sql] SELECT `id` FROM `goods` WHERE  `status` = 1  AND `end_time` <= 1787289574 [ RunTime:0.000214s ]
[2026-08-21T13:19:34+08:00][sql] SHOW FULL COLUMNS FROM `setting` [ RunTime:0.000401s ]
[2026-08-21T13:19:34+08:00][sql] SELECT * FROM `setting` [ RunTime:0.000172s ]
[2026-08-21T13:19:34+08:00][sql] SELECT COUNT(*) AS think_count FROM `goods` `g` LEFT JOIN `user` `u` ON `g`.`seller_id`=`u`.`id` WHERE  `g`.`status` = '1'  AND `g`.`start_time` <= '1787289574'  AND `g`.`end_time` > '1787289574' [ RunTime:0.000295s ]
[2026-08-21T13:19:34+08:00][sql] SELECT `g`.*,u.nickname as seller_name FROM `goods` `g` LEFT JOIN `user` `u` ON `g`.`seller_id`=`u`.`id` WHERE  `g`.`status` = '1'  AND `g`.`start_time` <= '1787289574'  AND `g`.`end_time` > '1787289574' ORDER BY `g`.`end_time` ASC,`g`.`id` DESC LIMIT 0,10 [ RunTime:0.000287s ]
[2026-08-21T13:19:34+08:00][sql] SHOW FULL COLUMNS FROM `category` [ RunTime:0.000679s ]
[2026-08-21T13:19:34+08:00][sql] SELECT * FROM `category` WHERE  `status` = 1 ORDER BY `sort` ASC [ RunTime:0.000252s ]
[2026-08-21T13:19:34+08:00][sql] SHOW FULL COLUMNS FROM `bid_record` [ RunTime:0.000574s ]
[2026-08-21T13:19:34+08:00][sql] SELECT `b`.`price`,`b`.`create_time`,`g`.`title`,`u`.`nickname` FROM `bid_record` `b` LEFT JOIN `goods` `g` ON `b`.`goods_id`=`g`.`id` LEFT JOIN `user` `u` ON `b`.`user_id`=`u`.`id` WHERE  `b`.`status` = '1' ORDER BY `b`.`id` DESC LIMIT 5 [ RunTime:0.000365s ]
[2026-08-21T13:19:34+08:00][sql] SHOW FULL COLUMNS FROM `news` [ RunTime:0.000588s ]
[2026-08-21T13:19:34+08:00][sql] SELECT `id`,`title`,`create_time` FROM `news` WHERE  `status` = 1 ORDER BY `id` DESC LIMIT 3 [ RunTime:0.000247s ]
[2026-08-21T13:19:34+08:00][sql] SHOW FULL COLUMNS FROM `banner` [ RunTime:0.000512s ]
[2026-08-21T13:19:34+08:00][sql] SELECT * FROM `banner` WHERE  `status` = 1 ORDER BY `sort` ASC,`id` ASC [ RunTime:0.000388s ]
[2026-08-21T13:19:34+08:00][sql] CONNECT:[ UseTime:0.000686s ] mysql:host=127.0.0.1;port=3306;dbname=jp;charset=utf8mb4
[2026-08-21T13:19:34+08:00][sql] SHOW FULL COLUMNS FROM `goods` [ RunTime:0.000642s ]
[2026-08-21T13:19:34+08:00][sql] SELECT `id` FROM `goods` WHERE  `status` = 1  AND `end_time` <= 1787289574 [ RunTime:0.000216s ]
[2026-08-21T13:19:34+08:00][sql] SHOW FULL COLUMNS FROM `setting` [ RunTime:0.000383s ]
[2026-08-21T13:19:34+08:00][sql] SELECT * FROM `setting` [ RunTime:0.000172s ]
[2026-08-21T13:19:34+08:00][sql] SELECT COUNT(*) AS think_count FROM `goods` `g` LEFT JOIN `user` `u` ON `g`.`seller_id`=`u`.`id` WHERE  `g`.`status` = '1'  AND `g`.`start_time` <= '1787289574'  AND `g`.`end_time` > '1787289574' [ RunTime:0.000219s ]
[2026-08-21T13:19:34+08:00][sql] SELECT `g`.*,u.nickname as seller_name FROM `goods` `g` LEFT JOIN `user` `u` ON `g`.`seller_id`=`u`.`id` WHERE  `g`.`status` = '1'  AND `g`.`start_time` <= '1787289574'  AND `g`.`end_time` > '1787289574' ORDER BY `g`.`end_time` ASC,`g`.`id` DESC LIMIT 0,10 [ RunTime:0.000266s ]
[2026-08-21T13:19:34+08:00][sql] SHOW FULL COLUMNS FROM `category` [ RunTime:0.000390s ]
[2026-08-21T13:19:34+08:00][sql] SELECT * FROM `category` WHERE  `status` = 1 ORDER BY `sort` ASC [ RunTime:0.000192s ]
[2026-08-21T13:19:34+08:00][sql] SHOW FULL COLUMNS FROM `bid_record` [ RunTime:0.000392s ]
[2026-08-21T13:19:34+08:00][sql] SELECT `b`.`price`,`b`.`create_time`,`g`.`title`,`u`.`nickname` FROM `bid_record` `b` LEFT JOIN `goods` `g` ON `b`.`goods_id`=`g`.`id` LEFT JOIN `user` `u` ON `b`.`user_id`=`u`.`id` WHERE  `b`.`status` = '1' ORDER BY `b`.`id` DESC LIMIT 5 [ RunTime:0.000263s ]
[2026-08-21T13:19:34+08:00][sql] SHOW FULL COLUMNS FROM `news` [ RunTime:0.000425s ]
[2026-08-21T13:19:34+08:00][sql] SELECT `id`,`title`,`create_time` FROM `news` WHERE  `status` = 1 ORDER BY `id` DESC LIMIT 3 [ RunTime:0.000183s ]
[2026-08-21T13:19:34+08:00][sql] SHOW FULL COLUMNS FROM `banner` [ RunTime:0.000386s ]
[2026-08-21T13:19:34+08:00][sql] SELECT * FROM `banner` WHERE  `status` = 1 ORDER BY `sort` ASC,`id` ASC [ RunTime:0.000186s ]
[2026-08-21T13:19:35+08:00][sql] CONNECT:[ UseTime:0.000808s ] mysql:host=127.0.0.1;port=3306;dbname=jp;charset=utf8mb4
[2026-08-21T13:19:35+08:00][sql] SHOW FULL COLUMNS FROM `goods` [ RunTime:0.001140s ]
[2026-08-21T13:19:35+08:00][sql] SELECT `id` FROM `goods` WHERE  `status` = 1  AND `end_time` <= 1787289575 [ RunTime:0.000484s ]
[2026-08-21T13:19:35+08:00][sql] SHOW FULL COLUMNS FROM `setting` [ RunTime:0.000603s ]
[2026-08-21T13:19:35+08:00][sql] SELECT * FROM `setting` [ RunTime:0.000197s ]
[2026-08-21T13:19:35+08:00][sql] SELECT COUNT(*) AS think_count FROM `goods` `g` LEFT JOIN `user` `u` ON `g`.`seller_id`=`u`.`id` WHERE  `g`.`status` = '1'  AND `g`.`start_time` <= '1787289575'  AND `g`.`end_time` > '1787289575' [ RunTime:0.000330s ]
[2026-08-21T13:19:35+08:00][sql] SELECT `g`.*,u.nickname as seller_name FROM `goods` `g` LEFT JOIN `user` `u` ON `g`.`seller_id`=`u`.`id` WHERE  `g`.`status` = '1'  AND `g`.`start_time` <= '1787289575'  AND `g`.`end_time` > '1787289575' ORDER BY `g`.`end_time` ASC,`g`.`id` DESC LIMIT 0,10 [ RunTime:0.000299s ]
[2026-08-21T13:19:35+08:00][sql] SHOW FULL COLUMNS FROM `category` [ RunTime:0.000493s ]
[2026-08-21T13:19:35+08:00][sql] SELECT * FROM `category` WHERE  `status` = 1 ORDER BY `sort` ASC [ RunTime:0.000196s ]
[2026-08-21T13:19:35+08:00][sql] SHOW FULL COLUMNS FROM `bid_record` [ RunTime:0.000469s ]
[2026-08-21T13:19:35+08:00][sql] SELECT `b`.`price`,`b`.`create_time`,`g`.`title`,`u`.`nickname` FROM `bid_record` `b` LEFT JOIN `goods` `g` ON `b`.`goods_id`=`g`.`id` LEFT JOIN `user` `u` ON `b`.`user_id`=`u`.`id` WHERE  `b`.`status` = '1' ORDER BY `b`.`id` DESC LIMIT 5 [ RunTime:0.000336s ]
[2026-08-21T13:19:35+08:00][sql] SHOW FULL COLUMNS FROM `news` [ RunTime:0.000855s ]
[2026-08-21T13:19:35+08:00][sql] SELECT `id`,`title`,`create_time` FROM `news` WHERE  `status` = 1 ORDER BY `id` DESC LIMIT 3 [ RunTime:0.000674s ]
[2026-08-21T13:19:35+08:00][sql] SHOW FULL COLUMNS FROM `banner` [ RunTime:0.001156s ]
[2026-08-21T13:19:35+08:00][sql] SELECT * FROM `banner` WHERE  `status` = 1 ORDER BY `sort` ASC,`id` ASC [ RunTime:0.000407s ]
[2026-08-21T13:19:35+08:00][sql] CONNECT:[ UseTime:0.000870s ] mysql:host=127.0.0.1;port=3306;dbname=jp;charset=utf8mb4
[2026-08-21T13:19:35+08:00][sql] SHOW FULL COLUMNS FROM `goods` [ RunTime:0.000774s ]
[2026-08-21T13:19:35+08:00][sql] SELECT `id` FROM `goods` WHERE  `status` = 1  AND `end_time` <= 1787289575 [ RunTime:0.000252s ]
[2026-08-21T13:19:35+08:00][sql] SHOW FULL COLUMNS FROM `setting` [ RunTime:0.000484s ]
[2026-08-21T13:19:35+08:00][sql] SELECT * FROM `setting` [ RunTime:0.000192s ]
[2026-08-21T13:19:35+08:00][sql] SELECT COUNT(*) AS think_count FROM `goods` `g` LEFT JOIN `user` `u` ON `g`.`seller_id`=`u`.`id` WHERE  `g`.`status` = '1'  AND `g`.`start_time` <= '1787289575'  AND `g`.`end_time` > '1787289575' [ RunTime:0.000299s ]
[2026-08-21T13:19:35+08:00][sql] SELECT `g`.*,u.nickname as seller_name FROM `goods` `g` LEFT JOIN `user` `u` ON `g`.`seller_id`=`u`.`id` WHERE  `g`.`status` = '1'  AND `g`.`start_time` <= '1787289575'  AND `g`.`end_time` > '1787289575' ORDER BY `g`.`end_time` ASC,`g`.`id` DESC LIMIT 0,10 [ RunTime:0.000332s ]
[2026-08-21T13:19:35+08:00][sql] SHOW FULL COLUMNS FROM `category` [ RunTime:0.000499s ]
[2026-08-21T13:19:35+08:00][sql] SELECT * FROM `category` WHERE  `status` = 1 ORDER BY `sort` ASC [ RunTime:0.000213s ]
[2026-08-21T13:19:35+08:00][sql] SHOW FULL COLUMNS FROM `bid_record` [ RunTime:0.000465s ]
[2026-08-21T13:19:35+08:00][sql] SELECT `b`.`price`,`b`.`create_time`,`g`.`title`,`u`.`nickname` FROM `bid_record` `b` LEFT JOIN `goods` `g` ON `b`.`goods_id`=`g`.`id` LEFT JOIN `user` `u` ON `b`.`user_id`=`u`.`id` WHERE  `b`.`status` = '1' ORDER BY `b`.`id` DESC LIMIT 5 [ RunTime:0.000263s ]
[2026-08-21T13:19:35+08:00][sql] SHOW FULL COLUMNS FROM `news` [ RunTime:0.000463s ]
[2026-08-21T13:19:35+08:00][sql] SELECT `id`,`title`,`create_time` FROM `news` WHERE  `status` = 1 ORDER BY `id` DESC LIMIT 3 [ RunTime:0.000206s ]
[2026-08-21T13:19:35+08:00][sql] SHOW FULL COLUMNS FROM `banner` [ RunTime:0.000457s ]
[2026-08-21T13:19:35+08:00][sql] SELECT * FROM `banner` WHERE  `status` = 1 ORDER BY `sort` ASC,`id` ASC [ RunTime:0.000212s ]
[2026-08-21T13:19:35+08:00][sql] CONNECT:[ UseTime:0.000904s ] mysql:host=127.0.0.1;port=3306;dbname=jp;charset=utf8mb4
[2026-08-21T13:19:35+08:00][sql] SHOW FULL COLUMNS FROM `goods` [ RunTime:0.000923s ]
[2026-08-21T13:19:35+08:00][sql] SELECT `id` FROM `goods` WHERE  `status` = 1  AND `end_time` <= 1787289575 [ RunTime:0.000399s ]
[2026-08-21T13:19:35+08:00][sql] SHOW FULL COLUMNS FROM `setting` [ RunTime:0.000643s ]
[2026-08-21T13:19:35+08:00][sql] SELECT * FROM `setting` [ RunTime:0.000218s ]
[2026-08-21T13:19:35+08:00][sql] SELECT COUNT(*) AS think_count FROM `goods` `g` LEFT JOIN `user` `u` ON `g`.`seller_id`=`u`.`id` WHERE  `g`.`status` = '1'  AND `g`.`start_time` <= '1787289575'  AND `g`.`end_time` > '1787289575' [ RunTime:0.000354s ]
[2026-08-21T13:19:35+08:00][sql] SELECT `g`.*,u.nickname as seller_name FROM `goods` `g` LEFT JOIN `user` `u` ON `g`.`seller_id`=`u`.`id` WHERE  `g`.`status` = '1'  AND `g`.`start_time` <= '1787289575'  AND `g`.`end_time` > '1787289575' ORDER BY `g`.`end_time` ASC,`g`.`id` DESC LIMIT 0,10 [ RunTime:0.000322s ]
[2026-08-21T13:19:35+08:00][sql] SHOW FULL COLUMNS FROM `category` [ RunTime:0.000552s ]
[2026-08-21T13:19:35+08:00][sql] SELECT * FROM `category` WHERE  `status` = 1 ORDER BY `sort` ASC [ RunTime:0.000225s ]
[2026-08-21T13:19:35+08:00][sql] SHOW FULL COLUMNS FROM `bid_record` [ RunTime:0.000421s ]
[2026-08-21T13:19:35+08:00][sql] SELECT `b`.`price`,`b`.`create_time`,`g`.`title`,`u`.`nickname` FROM `bid_record` `b` LEFT JOIN `goods` `g` ON `b`.`goods_id`=`g`.`id` LEFT JOIN `user` `u` ON `b`.`user_id`=`u`.`id` WHERE  `b`.`status` = '1' ORDER BY `b`.`id` DESC LIMIT 5 [ RunTime:0.000245s ]
[2026-08-21T13:19:35+08:00][sql] SHOW FULL COLUMNS FROM `news` [ RunTime:0.000423s ]
[2026-08-21T13:19:35+08:00][sql] SELECT `id`,`title`,`create_time` FROM `news` WHERE  `status` = 1 ORDER BY `id` DESC LIMIT 3 [ RunTime:0.000181s ]
[2026-08-21T13:19:35+08:00][sql] SHOW FULL COLUMNS FROM `banner` [ RunTime:0.000394s ]
[2026-08-21T13:19:35+08:00][sql] SELECT * FROM `banner` WHERE  `status` = 1 ORDER BY `sort` ASC,`id` ASC [ RunTime:0.000196s ]
[2026-08-21T13:19:36+08:00][sql] CONNECT:[ UseTime:0.000657s ] mysql:host=127.0.0.1;port=3306;dbname=jp;charset=utf8mb4
[2026-08-21T13:19:36+08:00][sql] SHOW FULL COLUMNS FROM `goods` [ RunTime:0.000632s ]
[2026-08-21T13:19:36+08:00][sql] SELECT `id` FROM `goods` WHERE  `status` = 1  AND `end_time` <= 1787289576 [ RunTime:0.000212s ]
[2026-08-21T13:19:36+08:00][sql] SHOW FULL COLUMNS FROM `setting` [ RunTime:0.000384s ]
[2026-08-21T13:19:36+08:00][sql] SELECT * FROM `setting` [ RunTime:0.000172s ]
[2026-08-21T13:19:36+08:00][sql] SELECT COUNT(*) AS think_count FROM `goods` `g` LEFT JOIN `user` `u` ON `g`.`seller_id`=`u`.`id` WHERE  `g`.`status` = '1'  AND `g`.`start_time` <= '1787289576'  AND `g`.`end_time` > '1787289576' [ RunTime:0.000215s ]
[2026-08-21T13:19:36+08:00][sql] SELECT `g`.*,u.nickname as seller_name FROM `goods` `g` LEFT JOIN `user` `u` ON `g`.`seller_id`=`u`.`id` WHERE  `g`.`status` = '1'  AND `g`.`start_time` <= '1787289576'  AND `g`.`end_time` > '1787289576' ORDER BY `g`.`end_time` ASC,`g`.`id` DESC LIMIT 0,10 [ RunTime:0.000265s ]
[2026-08-21T13:19:36+08:00][sql] SHOW FULL COLUMNS FROM `category` [ RunTime:0.000391s ]
[2026-08-21T13:19:36+08:00][sql] SELECT * FROM `category` WHERE  `status` = 1 ORDER BY `sort` ASC [ RunTime:0.000187s ]
[2026-08-21T13:19:36+08:00][sql] SHOW FULL COLUMNS FROM `bid_record` [ RunTime:0.000392s ]
[2026-08-21T13:19:36+08:00][sql] SELECT `b`.`price`,`b`.`create_time`,`g`.`title`,`u`.`nickname` FROM `bid_record` `b` LEFT JOIN `goods` `g` ON `b`.`goods_id`=`g`.`id` LEFT JOIN `user` `u` ON `b`.`user_id`=`u`.`id` WHERE  `b`.`status` = '1' ORDER BY `b`.`id` DESC LIMIT 5 [ RunTime:0.000229s ]
[2026-08-21T13:19:36+08:00][sql] SHOW FULL COLUMNS FROM `news` [ RunTime:0.000376s ]
[2026-08-21T13:19:36+08:00][sql] SELECT `id`,`title`,`create_time` FROM `news` WHERE  `status` = 1 ORDER BY `id` DESC LIMIT 3 [ RunTime:0.000174s ]
[2026-08-21T13:19:36+08:00][sql] SHOW FULL COLUMNS FROM `banner` [ RunTime:0.000382s ]
[2026-08-21T13:19:36+08:00][sql] SELECT * FROM `banner` WHERE  `status` = 1 ORDER BY `sort` ASC,`id` ASC [ RunTime:0.000182s ]
[2026-08-21T13:19:37+08:00][sql] CONNECT:[ UseTime:0.000952s ] mysql:host=127.0.0.1;port=3306;dbname=jp;charset=utf8mb4
[2026-08-21T13:19:37+08:00][sql] SHOW FULL COLUMNS FROM `goods` [ RunTime:0.000783s ]
[2026-08-21T13:19:37+08:00][sql] SELECT `id` FROM `goods` WHERE  `status` = 1  AND `end_time` <= 1787289577 [ RunTime:0.000329s ]
[2026-08-21T13:19:37+08:00][sql] SHOW FULL COLUMNS FROM `setting` [ RunTime:0.000929s ]
[2026-08-21T13:19:37+08:00][sql] SELECT * FROM `setting` [ RunTime:0.000293s ]
[2026-08-21T13:19:37+08:00][sql] SELECT COUNT(*) AS think_count FROM `goods` `g` LEFT JOIN `user` `u` ON `g`.`seller_id`=`u`.`id` WHERE  `g`.`status` = '1'  AND `g`.`start_time` <= '1787289577'  AND `g`.`end_time` > '1787289577' [ RunTime:0.000488s ]
[2026-08-21T13:19:37+08:00][sql] SELECT `g`.*,u.nickname as seller_name FROM `goods` `g` LEFT JOIN `user` `u` ON `g`.`seller_id`=`u`.`id` WHERE  `g`.`status` = '1'  AND `g`.`start_time` <= '1787289577'  AND `g`.`end_time` > '1787289577' ORDER BY `g`.`end_time` ASC,`g`.`id` DESC LIMIT 0,10 [ RunTime:0.000336s ]
[2026-08-21T13:19:37+08:00][sql] SHOW FULL COLUMNS FROM `category` [ RunTime:0.000536s ]
[2026-08-21T13:19:37+08:00][sql] SELECT * FROM `category` WHERE  `status` = 1 ORDER BY `sort` ASC [ RunTime:0.000225s ]
[2026-08-21T13:19:37+08:00][sql] SHOW FULL COLUMNS FROM `bid_record` [ RunTime:0.000452s ]
[2026-08-21T13:19:37+08:00][sql] SELECT `b`.`price`,`b`.`create_time`,`g`.`title`,`u`.`nickname` FROM `bid_record` `b` LEFT JOIN `goods` `g` ON `b`.`goods_id`=`g`.`id` LEFT JOIN `user` `u` ON `b`.`user_id`=`u`.`id` WHERE  `b`.`status` = '1' ORDER BY `b`.`id` DESC LIMIT 5 [ RunTime:0.000504s ]
[2026-08-21T13:19:37+08:00][sql] SHOW FULL COLUMNS FROM `news` [ RunTime:0.000714s ]
[2026-08-21T13:19:37+08:00][sql] SELECT `id`,`title`,`create_time` FROM `news` WHERE  `status` = 1 ORDER BY `id` DESC LIMIT 3 [ RunTime:0.000258s ]
[2026-08-21T13:19:37+08:00][sql] SHOW FULL COLUMNS FROM `banner` [ RunTime:0.000497s ]
[2026-08-21T13:19:37+08:00][sql] SELECT * FROM `banner` WHERE  `status` = 1 ORDER BY `sort` ASC,`id` ASC [ RunTime:0.000230s ]
[2026-08-21T13:19:37+08:00][sql] CONNECT:[ UseTime:0.000679s ] mysql:host=127.0.0.1;port=3306;dbname=jp;charset=utf8mb4
[2026-08-21T13:19:37+08:00][sql] SHOW FULL COLUMNS FROM `goods` [ RunTime:0.000729s ]
[2026-08-21T13:19:37+08:00][sql] SELECT `id` FROM `goods` WHERE  `status` = 1  AND `end_time` <= 1787289577 [ RunTime:0.000233s ]
[2026-08-21T13:19:37+08:00][sql] SHOW FULL COLUMNS FROM `setting` [ RunTime:0.000463s ]
[2026-08-21T13:19:37+08:00][sql] SELECT * FROM `setting` [ RunTime:0.000193s ]
[2026-08-21T13:19:37+08:00][sql] SELECT COUNT(*) AS think_count FROM `goods` `g` LEFT JOIN `user` `u` ON `g`.`seller_id`=`u`.`id` WHERE  `g`.`status` = '1'  AND `g`.`start_time` <= '1787289577'  AND `g`.`end_time` > '1787289577' [ RunTime:0.000242s ]
[2026-08-21T13:19:37+08:00][sql] SELECT `g`.*,u.nickname as seller_name FROM `goods` `g` LEFT JOIN `user` `u` ON `g`.`seller_id`=`u`.`id` WHERE  `g`.`status` = '1'  AND `g`.`start_time` <= '1787289577'  AND `g`.`end_time` > '1787289577' ORDER BY `g`.`end_time` ASC,`g`.`id` DESC LIMIT 0,10 [ RunTime:0.000303s ]
[2026-08-21T13:19:37+08:00][sql] SHOW FULL COLUMNS FROM `category` [ RunTime:0.000469s ]
[2026-08-21T13:19:37+08:00][sql] SELECT * FROM `category` WHERE  `status` = 1 ORDER BY `sort` ASC [ RunTime:0.000206s ]
[2026-08-21T13:19:37+08:00][sql] SHOW FULL COLUMNS FROM `bid_record` [ RunTime:0.000469s ]
[2026-08-21T13:19:37+08:00][sql] SELECT `b`.`price`,`b`.`create_time`,`g`.`title`,`u`.`nickname` FROM `bid_record` `b` LEFT JOIN `goods` `g` ON `b`.`goods_id`=`g`.`id` LEFT JOIN `user` `u` ON `b`.`user_id`=`u`.`id` WHERE  `b`.`status` = '1' ORDER BY `b`.`id` DESC LIMIT 5 [ RunTime:0.000298s ]
[2026-08-21T13:19:37+08:00][sql] SHOW FULL COLUMNS FROM `news` [ RunTime:0.000475s ]
[2026-08-21T13:19:37+08:00][sql] SELECT `id`,`title`,`create_time` FROM `news` WHERE  `status` = 1 ORDER BY `id` DESC LIMIT 3 [ RunTime:0.000200s ]
[2026-08-21T13:19:37+08:00][sql] SHOW FULL COLUMNS FROM `banner` [ RunTime:0.000463s ]
[2026-08-21T13:19:37+08:00][sql] SELECT * FROM `banner` WHERE  `status` = 1 ORDER BY `sort` ASC,`id` ASC [ RunTime:0.000204s ]
[2026-08-21T13:19:37+08:00][sql] CONNECT:[ UseTime:0.000689s ] mysql:host=127.0.0.1;port=3306;dbname=jp;charset=utf8mb4
[2026-08-21T13:19:37+08:00][sql] SHOW FULL COLUMNS FROM `goods` [ RunTime:0.000650s ]
[2026-08-21T13:19:37+08:00][sql] SELECT `id` FROM `goods` WHERE  `status` = 1  AND `end_time` <= 1787289577 [ RunTime:0.000230s ]
[2026-08-21T13:19:37+08:00][sql] SHOW FULL COLUMNS FROM `setting` [ RunTime:0.000481s ]
[2026-08-21T13:19:37+08:00][sql] SELECT * FROM `setting` [ RunTime:0.000210s ]
[2026-08-21T13:19:37+08:00][sql] SELECT COUNT(*) AS think_count FROM `goods` `g` LEFT JOIN `user` `u` ON `g`.`seller_id`=`u`.`id` WHERE  `g`.`status` = '1'  AND `g`.`start_time` <= '1787289577'  AND `g`.`end_time` > '1787289577' [ RunTime:0.000321s ]
[2026-08-21T13:19:37+08:00][sql] SELECT `g`.*,u.nickname as seller_name FROM `goods` `g` LEFT JOIN `user` `u` ON `g`.`seller_id`=`u`.`id` WHERE  `g`.`status` = '1'  AND `g`.`start_time` <= '1787289577'  AND `g`.`end_time` > '1787289577' ORDER BY `g`.`end_time` ASC,`g`.`id` DESC LIMIT 0,10 [ RunTime:0.000289s ]
[2026-08-21T13:19:37+08:00][sql] SHOW FULL COLUMNS FROM `category` [ RunTime:0.000539s ]
[2026-08-21T13:19:37+08:00][sql] SELECT * FROM `category` WHERE  `status` = 1 ORDER BY `sort` ASC [ RunTime:0.000303s ]
[2026-08-21T13:19:37+08:00][sql] SHOW FULL COLUMNS FROM `bid_record` [ RunTime:0.000495s ]
[2026-08-21T13:19:37+08:00][sql] SELECT `b`.`price`,`b`.`create_time`,`g`.`title`,`u`.`nickname` FROM `bid_record` `b` LEFT JOIN `goods` `g` ON `b`.`goods_id`=`g`.`id` LEFT JOIN `user` `u` ON `b`.`user_id`=`u`.`id` WHERE  `b`.`status` = '1' ORDER BY `b`.`id` DESC LIMIT 5 [ RunTime:0.000276s ]
[2026-08-21T13:19:37+08:00][sql] SHOW FULL COLUMNS FROM `news` [ RunTime:0.000476s ]
[2026-08-21T13:19:37+08:00][sql] SELECT `id`,`title`,`create_time` FROM `news` WHERE  `status` = 1 ORDER BY `id` DESC LIMIT 3 [ RunTime:0.000221s ]
[2026-08-21T13:19:37+08:00][sql] SHOW FULL COLUMNS FROM `banner` [ RunTime:0.000441s ]
[2026-08-21T13:19:37+08:00][sql] SELECT * FROM `banner` WHERE  `status` = 1 ORDER BY `sort` ASC,`id` ASC [ RunTime:0.000194s ]
[2026-08-21T13:19:38+08:00][sql] CONNECT:[ UseTime:0.000668s ] mysql:host=127.0.0.1;port=3306;dbname=jp;charset=utf8mb4
[2026-08-21T13:19:38+08:00][sql] SHOW FULL COLUMNS FROM `goods` [ RunTime:0.000629s ]
[2026-08-21T13:19:38+08:00][sql] SELECT `id` FROM `goods` WHERE  `status` = 1  AND `end_time` <= 1787289578 [ RunTime:0.000222s ]
[2026-08-21T13:19:38+08:00][sql] SHOW FULL COLUMNS FROM `setting` [ RunTime:0.000388s ]
[2026-08-21T13:19:38+08:00][sql] SELECT * FROM `setting` [ RunTime:0.000173s ]
[2026-08-21T13:19:38+08:00][sql] SELECT COUNT(*) AS think_count FROM `goods` `g` LEFT JOIN `user` `u` ON `g`.`seller_id`=`u`.`id` WHERE  `g`.`status` = '1'  AND `g`.`start_time` <= '1787289578'  AND `g`.`end_time` > '1787289578' [ RunTime:0.000220s ]
[2026-08-21T13:19:38+08:00][sql] SELECT `g`.*,u.nickname as seller_name FROM `goods` `g` LEFT JOIN `user` `u` ON `g`.`seller_id`=`u`.`id` WHERE  `g`.`status` = '1'  AND `g`.`start_time` <= '1787289578'  AND `g`.`end_time` > '1787289578' ORDER BY `g`.`end_time` ASC,`g`.`id` DESC LIMIT 0,10 [ RunTime:0.000269s ]
[2026-08-21T13:19:38+08:00][sql] SHOW FULL COLUMNS FROM `category` [ RunTime:0.000395s ]
[2026-08-21T13:19:38+08:00][sql] SELECT * FROM `category` WHERE  `status` = 1 ORDER BY `sort` ASC [ RunTime:0.000188s ]
[2026-08-21T13:19:38+08:00][sql] SHOW FULL COLUMNS FROM `bid_record` [ RunTime:0.000386s ]
[2026-08-21T13:19:38+08:00][sql] SELECT `b`.`price`,`b`.`create_time`,`g`.`title`,`u`.`nickname` FROM `bid_record` `b` LEFT JOIN `goods` `g` ON `b`.`goods_id`=`g`.`id` LEFT JOIN `user` `u` ON `b`.`user_id`=`u`.`id` WHERE  `b`.`status` = '1' ORDER BY `b`.`id` DESC LIMIT 5 [ RunTime:0.000308s ]
[2026-08-21T13:19:38+08:00][sql] SHOW FULL COLUMNS FROM `news` [ RunTime:0.000392s ]
[2026-08-21T13:19:38+08:00][sql] SELECT `id`,`title`,`create_time` FROM `news` WHERE  `status` = 1 ORDER BY `id` DESC LIMIT 3 [ RunTime:0.000179s ]
[2026-08-21T13:19:38+08:00][sql] SHOW FULL COLUMNS FROM `banner` [ RunTime:0.000384s ]
[2026-08-21T13:19:38+08:00][sql] SELECT * FROM `banner` WHERE  `status` = 1 ORDER BY `sort` ASC,`id` ASC [ RunTime:0.000183s ]
[2026-08-21T13:19:38+08:00][sql] CONNECT:[ UseTime:0.001161s ] mysql:host=127.0.0.1;port=3306;dbname=jp;charset=utf8mb4
[2026-08-21T13:19:38+08:00][sql] SHOW FULL COLUMNS FROM `goods` [ RunTime:0.001074s ]
[2026-08-21T13:19:38+08:00][sql] SELECT `id` FROM `goods` WHERE  `status` = 1  AND `end_time` <= 1787289578 [ RunTime:0.000350s ]
[2026-08-21T13:19:38+08:00][sql] SHOW FULL COLUMNS FROM `setting` [ RunTime:0.000582s ]
[2026-08-21T13:19:38+08:00][sql] SELECT * FROM `setting` [ RunTime:0.000209s ]
[2026-08-21T13:19:38+08:00][sql] SELECT COUNT(*) AS think_count FROM `goods` `g` LEFT JOIN `user` `u` ON `g`.`seller_id`=`u`.`id` WHERE  `g`.`status` = '1'  AND `g`.`start_time` <= '1787289578'  AND `g`.`end_time` > '1787289578' [ RunTime:0.000351s ]
[2026-08-21T13:19:38+08:00][sql] SELECT `g`.*,u.nickname as seller_name FROM `goods` `g` LEFT JOIN `user` `u` ON `g`.`seller_id`=`u`.`id` WHERE  `g`.`status` = '1'  AND `g`.`start_time` <= '1787289578'  AND `g`.`end_time` > '1787289578' ORDER BY `g`.`end_time` ASC,`g`.`id` DESC LIMIT 0,10 [ RunTime:0.000314s ]
[2026-08-21T13:19:38+08:00][sql] SHOW FULL COLUMNS FROM `category` [ RunTime:0.000471s ]
[2026-08-21T13:19:38+08:00][sql] SELECT * FROM `category` WHERE  `status` = 1 ORDER BY `sort` ASC [ RunTime:0.000187s ]
[2026-08-21T13:19:38+08:00][sql] SHOW FULL COLUMNS FROM `bid_record` [ RunTime:0.000406s ]
[2026-08-21T13:19:38+08:00][sql] SELECT `b`.`price`,`b`.`create_time`,`g`.`title`,`u`.`nickname` FROM `bid_record` `b` LEFT JOIN `goods` `g` ON `b`.`goods_id`=`g`.`id` LEFT JOIN `user` `u` ON `b`.`user_id`=`u`.`id` WHERE  `b`.`status` = '1' ORDER BY `b`.`id` DESC LIMIT 5 [ RunTime:0.000229s ]
[2026-08-21T13:19:38+08:00][sql] SHOW FULL COLUMNS FROM `news` [ RunTime:0.000387s ]
[2026-08-21T13:19:38+08:00][sql] SELECT `id`,`title`,`create_time` FROM `news` WHERE  `status` = 1 ORDER BY `id` DESC LIMIT 3 [ RunTime:0.000170s ]
[2026-08-21T13:19:38+08:00][sql] SHOW FULL COLUMNS FROM `banner` [ RunTime:0.000389s ]
[2026-08-21T13:19:38+08:00][sql] SELECT * FROM `banner` WHERE  `status` = 1 ORDER BY `sort` ASC,`id` ASC [ RunTime:0.000174s ]
[2026-08-21T13:20:14+08:00][sql] CONNECT:[ UseTime:0.000934s ] mysql:host=127.0.0.1;port=3306;dbname=jp;charset=utf8mb4
[2026-08-21T13:20:14+08:00][sql] SHOW FULL COLUMNS FROM `goods` [ RunTime:0.000725s ]
[2026-08-21T13:20:14+08:00][sql] SELECT `id` FROM `goods` WHERE  `status` = 1  AND `end_time` <= 1787289614 [ RunTime:0.000230s ]
[2026-08-21T13:20:14+08:00][sql] SHOW FULL COLUMNS FROM `setting` [ RunTime:0.000438s ]
[2026-08-21T13:20:14+08:00][sql] SELECT * FROM `setting` [ RunTime:0.000198s ]
[2026-08-21T13:20:14+08:00][sql] SELECT COUNT(*) AS think_count FROM `goods` `g` LEFT JOIN `user` `u` ON `g`.`seller_id`=`u`.`id` WHERE  `g`.`status` = '1'  AND `g`.`start_time` <= '1787289614'  AND `g`.`end_time` > '1787289614' [ RunTime:0.000478s ]
[2026-08-21T13:20:14+08:00][sql] SELECT `g`.*,u.nickname as seller_name FROM `goods` `g` LEFT JOIN `user` `u` ON `g`.`seller_id`=`u`.`id` WHERE  `g`.`status` = '1'  AND `g`.`start_time` <= '1787289614'  AND `g`.`end_time` > '1787289614' ORDER BY `g`.`end_time` ASC,`g`.`id` DESC LIMIT 0,10 [ RunTime:0.000296s ]
[2026-08-21T13:20:14+08:00][sql] SHOW FULL COLUMNS FROM `category` [ RunTime:0.000542s ]
[2026-08-21T13:20:14+08:00][sql] SELECT * FROM `category` WHERE  `status` = 1 ORDER BY `sort` ASC [ RunTime:0.000282s ]
[2026-08-21T13:20:14+08:00][sql] SHOW FULL COLUMNS FROM `bid_record` [ RunTime:0.000422s ]
[2026-08-21T13:20:14+08:00][sql] SELECT `b`.`price`,`b`.`create_time`,`g`.`title`,`u`.`nickname` FROM `bid_record` `b` LEFT JOIN `goods` `g` ON `b`.`goods_id`=`g`.`id` LEFT JOIN `user` `u` ON `b`.`user_id`=`u`.`id` WHERE  `b`.`status` = '1' ORDER BY `b`.`id` DESC LIMIT 5 [ RunTime:0.000275s ]
[2026-08-21T13:20:14+08:00][sql] SHOW FULL COLUMNS FROM `news` [ RunTime:0.000425s ]
[2026-08-21T13:20:14+08:00][sql] SELECT `id`,`title`,`create_time` FROM `news` WHERE  `status` = 1 ORDER BY `id` DESC LIMIT 3 [ RunTime:0.000197s ]
[2026-08-21T13:20:14+08:00][sql] SHOW FULL COLUMNS FROM `banner` [ RunTime:0.000398s ]
[2026-08-21T13:20:14+08:00][sql] SELECT * FROM `banner` WHERE  `status` = 1 ORDER BY `sort` ASC,`id` ASC [ RunTime:0.000185s ]
[2026-08-21T13:20:14+08:00][sql] CONNECT:[ UseTime:0.017520s ] mysql:host=127.0.0.1;port=3306;dbname=jp;charset=utf8mb4
[2026-08-21T13:20:14+08:00][sql] SHOW FULL COLUMNS FROM `goods` [ RunTime:0.000774s ]
[2026-08-21T13:20:14+08:00][sql] SELECT `id` FROM `goods` WHERE  `status` = 1  AND `end_time` <= 1787289614 [ RunTime:0.000246s ]
[2026-08-21T13:20:14+08:00][sql] SHOW FULL COLUMNS FROM `setting` [ RunTime:0.000442s ]
[2026-08-21T13:20:14+08:00][sql] SELECT * FROM `setting` [ RunTime:0.000183s ]
[2026-08-21T13:20:14+08:00][sql] SELECT COUNT(*) AS think_count FROM `goods` `g` LEFT JOIN `user` `u` ON `g`.`seller_id`=`u`.`id` WHERE  `g`.`status` = '1'  AND `g`.`start_time` <= '1787289614'  AND `g`.`end_time` > '1787289614' [ RunTime:0.000244s ]
[2026-08-21T13:20:14+08:00][sql] SELECT `g`.*,u.nickname as seller_name FROM `goods` `g` LEFT JOIN `user` `u` ON `g`.`seller_id`=`u`.`id` WHERE  `g`.`status` = '1'  AND `g`.`start_time` <= '1787289614'  AND `g`.`end_time` > '1787289614' ORDER BY `g`.`end_time` ASC,`g`.`id` DESC LIMIT 0,10 [ RunTime:0.000274s ]
[2026-08-21T13:20:14+08:00][sql] SHOW FULL COLUMNS FROM `category` [ RunTime:0.000406s ]
[2026-08-21T13:20:14+08:00][sql] SELECT * FROM `category` WHERE  `status` = 1 ORDER BY `sort` ASC [ RunTime:0.000193s ]
[2026-08-21T13:20:14+08:00][sql] SHOW FULL COLUMNS FROM `bid_record` [ RunTime:0.000389s ]
[2026-08-21T13:20:14+08:00][sql] SELECT `b`.`price`,`b`.`create_time`,`g`.`title`,`u`.`nickname` FROM `bid_record` `b` LEFT JOIN `goods` `g` ON `b`.`goods_id`=`g`.`id` LEFT JOIN `user` `u` ON `b`.`user_id`=`u`.`id` WHERE  `b`.`status` = '1' ORDER BY `b`.`id` DESC LIMIT 5 [ RunTime:0.000272s ]
[2026-08-21T13:20:14+08:00][sql] SHOW FULL COLUMNS FROM `news` [ RunTime:0.000426s ]
[2026-08-21T13:20:14+08:00][sql] SELECT `id`,`title`,`create_time` FROM `news` WHERE  `status` = 1 ORDER BY `id` DESC LIMIT 3 [ RunTime:0.000311s ]
[2026-08-21T13:20:14+08:00][sql] SHOW FULL COLUMNS FROM `banner` [ RunTime:0.000670s ]
[2026-08-21T13:20:14+08:00][sql] SELECT * FROM `banner` WHERE  `status` = 1 ORDER BY `sort` ASC,`id` ASC [ RunTime:0.000297s ]
[2026-08-21T13:20:16+08:00][sql] CONNECT:[ UseTime:0.000690s ] mysql:host=127.0.0.1;port=3306;dbname=jp;charset=utf8mb4
[2026-08-21T13:20:16+08:00][sql] SHOW FULL COLUMNS FROM `goods` [ RunTime:0.000649s ]
[2026-08-21T13:20:16+08:00][sql] SELECT `id` FROM `goods` WHERE  `status` = 1  AND `end_time` <= 1787289616 [ RunTime:0.000217s ]
[2026-08-21T13:20:16+08:00][sql] SHOW FULL COLUMNS FROM `setting` [ RunTime:0.000384s ]
[2026-08-21T13:20:16+08:00][sql] SELECT * FROM `setting` [ RunTime:0.000178s ]
[2026-08-21T13:20:16+08:00][sql] SELECT COUNT(*) AS think_count FROM `goods` `g` LEFT JOIN `user` `u` ON `g`.`seller_id`=`u`.`id` WHERE  `g`.`status` = '1'  AND `g`.`start_time` <= '1787289616'  AND `g`.`end_time` > '1787289616' [ RunTime:0.000227s ]
[2026-08-21T13:20:16+08:00][sql] SELECT `g`.*,u.nickname as seller_name FROM `goods` `g` LEFT JOIN `user` `u` ON `g`.`seller_id`=`u`.`id` WHERE  `g`.`status` = '1'  AND `g`.`start_time` <= '1787289616'  AND `g`.`end_time` > '1787289616' ORDER BY `g`.`end_time` ASC,`g`.`id` DESC LIMIT 0,10 [ RunTime:0.000268s ]
[2026-08-21T13:20:16+08:00][sql] SHOW FULL COLUMNS FROM `category` [ RunTime:0.000392s ]
[2026-08-21T13:20:16+08:00][sql] SELECT * FROM `category` WHERE  `status` = 1 ORDER BY `sort` ASC [ RunTime:0.000189s ]
[2026-08-21T13:20:16+08:00][sql] SHOW FULL COLUMNS FROM `bid_record` [ RunTime:0.000387s ]
[2026-08-21T13:20:16+08:00][sql] SELECT `b`.`price`,`b`.`create_time`,`g`.`title`,`u`.`nickname` FROM `bid_record` `b` LEFT JOIN `goods` `g` ON `b`.`goods_id`=`g`.`id` LEFT JOIN `user` `u` ON `b`.`user_id`=`u`.`id` WHERE  `b`.`status` = '1' ORDER BY `b`.`id` DESC LIMIT 5 [ RunTime:0.000230s ]
[2026-08-21T13:20:16+08:00][sql] SHOW FULL COLUMNS FROM `news` [ RunTime:0.000378s ]
[2026-08-21T13:20:16+08:00][sql] SELECT `id`,`title`,`create_time` FROM `news` WHERE  `status` = 1 ORDER BY `id` DESC LIMIT 3 [ RunTime:0.000177s ]
[2026-08-21T13:20:16+08:00][sql] SHOW FULL COLUMNS FROM `banner` [ RunTime:0.000382s ]
[2026-08-21T13:20:16+08:00][sql] SELECT * FROM `banner` WHERE  `status` = 1 ORDER BY `sort` ASC,`id` ASC [ RunTime:0.000183s ]
[2026-08-21T13:20:16+08:00][sql] CONNECT:[ UseTime:0.001079s ] mysql:host=127.0.0.1;port=3306;dbname=jp;charset=utf8mb4
[2026-08-21T13:20:16+08:00][sql] SHOW FULL COLUMNS FROM `goods` [ RunTime:0.000862s ]
[2026-08-21T13:20:16+08:00][sql] SELECT `id` FROM `goods` WHERE  `status` = 1  AND `end_time` <= 1787289616 [ RunTime:0.000302s ]
[2026-08-21T13:20:16+08:00][sql] SHOW FULL COLUMNS FROM `setting` [ RunTime:0.000622s ]
[2026-08-21T13:20:16+08:00][sql] SELECT * FROM `setting` [ RunTime:0.000236s ]
[2026-08-21T13:20:16+08:00][sql] SELECT COUNT(*) AS think_count FROM `goods` `g` LEFT JOIN `user` `u` ON `g`.`seller_id`=`u`.`id` WHERE  `g`.`status` = '1'  AND `g`.`start_time` <= '1787289616'  AND `g`.`end_time` > '1787289616' [ RunTime:0.000432s ]
[2026-08-21T13:20:16+08:00][sql] SELECT `g`.*,u.nickname as seller_name FROM `goods` `g` LEFT JOIN `user` `u` ON `g`.`seller_id`=`u`.`id` WHERE  `g`.`status` = '1'  AND `g`.`start_time` <= '1787289616'  AND `g`.`end_time` > '1787289616' ORDER BY `g`.`end_time` ASC,`g`.`id` DESC LIMIT 0,10 [ RunTime:0.000328s ]
[2026-08-21T13:20:16+08:00][sql] SHOW FULL COLUMNS FROM `category` [ RunTime:0.000546s ]
[2026-08-21T13:20:16+08:00][sql] SELECT * FROM `category` WHERE  `status` = 1 ORDER BY `sort` ASC [ RunTime:0.000224s ]
[2026-08-21T13:20:16+08:00][sql] SHOW FULL COLUMNS FROM `bid_record` [ RunTime:0.000458s ]
[2026-08-21T13:20:16+08:00][sql] SELECT `b`.`price`,`b`.`create_time`,`g`.`title`,`u`.`nickname` FROM `bid_record` `b` LEFT JOIN `goods` `g` ON `b`.`goods_id`=`g`.`id` LEFT JOIN `user` `u` ON `b`.`user_id`=`u`.`id` WHERE  `b`.`status` = '1' ORDER BY `b`.`id` DESC LIMIT 5 [ RunTime:0.000297s ]
[2026-08-21T13:20:16+08:00][sql] SHOW FULL COLUMNS FROM `news` [ RunTime:0.000467s ]
[2026-08-21T13:20:16+08:00][sql] SELECT `id`,`title`,`create_time` FROM `news` WHERE  `status` = 1 ORDER BY `id` DESC LIMIT 3 [ RunTime:0.000239s ]
[2026-08-21T13:20:16+08:00][sql] SHOW FULL COLUMNS FROM `banner` [ RunTime:0.000457s ]
[2026-08-21T13:20:16+08:00][sql] SELECT * FROM `banner` WHERE  `status` = 1 ORDER BY `sort` ASC,`id` ASC [ RunTime:0.000217s ]
[2026-08-21T16:25:50+08:00][sql] CONNECT:[ UseTime:0.000825s ] mysql:host=127.0.0.1;port=3306;dbname=jp;charset=utf8mb4
[2026-08-21T16:25:50+08:00][sql] SHOW FULL COLUMNS FROM `goods` [ RunTime:0.000678s ]
[2026-08-21T16:25:50+08:00][sql] SELECT `id` FROM `goods` WHERE  `status` = 1  AND `end_time` <= 1787300750 [ RunTime:0.000218s ]
[2026-08-21T16:25:50+08:00][sql] SHOW FULL COLUMNS FROM `setting` [ RunTime:0.000384s ]
[2026-08-21T16:25:50+08:00][sql] SELECT * FROM `setting` [ RunTime:0.000170s ]
[2026-08-21T16:25:50+08:00][sql] SELECT COUNT(*) AS think_count FROM `goods` `g` LEFT JOIN `user` `u` ON `g`.`seller_id`=`u`.`id` WHERE  `g`.`status` = '1'  AND `g`.`start_time` <= '1787300750'  AND `g`.`end_time` > '1787300750' [ RunTime:0.000230s ]
[2026-08-21T16:25:50+08:00][sql] SELECT `g`.*,u.nickname as seller_name FROM `goods` `g` LEFT JOIN `user` `u` ON `g`.`seller_id`=`u`.`id` WHERE  `g`.`status` = '1'  AND `g`.`start_time` <= '1787300750'  AND `g`.`end_time` > '1787300750' ORDER BY `g`.`end_time` ASC,`g`.`id` DESC LIMIT 0,10 [ RunTime:0.000267s ]
[2026-08-21T16:25:50+08:00][sql] SHOW FULL COLUMNS FROM `category` [ RunTime:0.000399s ]
[2026-08-21T16:25:50+08:00][sql] SELECT * FROM `category` WHERE  `status` = 1 ORDER BY `sort` ASC [ RunTime:0.000188s ]
[2026-08-21T16:25:50+08:00][sql] SHOW FULL COLUMNS FROM `bid_record` [ RunTime:0.000381s ]
[2026-08-21T16:25:50+08:00][sql] SELECT `b`.`price`,`b`.`create_time`,`g`.`title`,`u`.`nickname` FROM `bid_record` `b` LEFT JOIN `goods` `g` ON `b`.`goods_id`=`g`.`id` LEFT JOIN `user` `u` ON `b`.`user_id`=`u`.`id` WHERE  `b`.`status` = '1' ORDER BY `b`.`id` DESC LIMIT 5 [ RunTime:0.000225s ]
[2026-08-21T16:25:50+08:00][sql] SHOW FULL COLUMNS FROM `news` [ RunTime:0.000373s ]
[2026-08-21T16:25:50+08:00][sql] SELECT `id`,`title`,`create_time` FROM `news` WHERE  `status` = 1 ORDER BY `id` DESC LIMIT 3 [ RunTime:0.000172s ]
[2026-08-21T16:25:50+08:00][sql] SHOW FULL COLUMNS FROM `banner` [ RunTime:0.000377s ]
[2026-08-21T16:25:50+08:00][sql] SELECT * FROM `banner` WHERE  `status` = 1 ORDER BY `sort` ASC,`id` ASC [ RunTime:0.000177s ]
[2026-08-21T16:25:50+08:00][sql] CONNECT:[ UseTime:0.005503s ] mysql:host=127.0.0.1;port=3306;dbname=jp;charset=utf8mb4
[2026-08-21T16:25:50+08:00][sql] SHOW FULL COLUMNS FROM `goods` [ RunTime:0.000693s ]
[2026-08-21T16:25:50+08:00][sql] SELECT `id` FROM `goods` WHERE  `status` = 1  AND `end_time` <= 1787300750 [ RunTime:0.000267s ]
[2026-08-21T16:25:50+08:00][sql] SHOW FULL COLUMNS FROM `setting` [ RunTime:0.000452s ]
[2026-08-21T16:25:50+08:00][sql] SELECT * FROM `setting` [ RunTime:0.000181s ]
[2026-08-21T16:25:50+08:00][sql] SELECT COUNT(*) AS think_count FROM `goods` `g` LEFT JOIN `user` `u` ON `g`.`seller_id`=`u`.`id` WHERE  `g`.`status` = '1'  AND `g`.`start_time` <= '1787300750'  AND `g`.`end_time` > '1787300750' [ RunTime:0.000334s ]
[2026-08-21T16:25:50+08:00][sql] SELECT `g`.*,u.nickname as seller_name FROM `goods` `g` LEFT JOIN `user` `u` ON `g`.`seller_id`=`u`.`id` WHERE  `g`.`status` = '1'  AND `g`.`start_time` <= '1787300750'  AND `g`.`end_time` > '1787300750' ORDER BY `g`.`end_time` ASC,`g`.`id` DESC LIMIT 0,10 [ RunTime:0.000408s ]
[2026-08-21T16:25:50+08:00][sql] SHOW FULL COLUMNS FROM `category` [ RunTime:0.000609s ]
[2026-08-21T16:25:50+08:00][sql] SELECT * FROM `category` WHERE  `status` = 1 ORDER BY `sort` ASC [ RunTime:0.000225s ]
[2026-08-21T16:25:50+08:00][sql] SHOW FULL COLUMNS FROM `bid_record` [ RunTime:0.000495s ]
[2026-08-21T16:25:50+08:00][sql] SELECT `b`.`price`,`b`.`create_time`,`g`.`title`,`u`.`nickname` FROM `bid_record` `b` LEFT JOIN `goods` `g` ON `b`.`goods_id`=`g`.`id` LEFT JOIN `user` `u` ON `b`.`user_id`=`u`.`id` WHERE  `b`.`status` = '1' ORDER BY `b`.`id` DESC LIMIT 5 [ RunTime:0.000368s ]
[2026-08-21T16:25:50+08:00][sql] SHOW FULL COLUMNS FROM `news` [ RunTime:0.000489s ]
[2026-08-21T16:25:50+08:00][sql] SELECT `id`,`title`,`create_time` FROM `news` WHERE  `status` = 1 ORDER BY `id` DESC LIMIT 3 [ RunTime:0.000213s ]
[2026-08-21T16:25:50+08:00][sql] SHOW FULL COLUMNS FROM `banner` [ RunTime:0.000425s ]
[2026-08-21T16:25:50+08:00][sql] SELECT * FROM `banner` WHERE  `status` = 1 ORDER BY `sort` ASC,`id` ASC [ RunTime:0.000195s ]
[2026-08-21T16:25:51+08:00][sql] CONNECT:[ UseTime:0.000813s ] mysql:host=127.0.0.1;port=3306;dbname=jp;charset=utf8mb4
[2026-08-21T16:25:51+08:00][sql] SHOW FULL COLUMNS FROM `goods` [ RunTime:0.000705s ]
[2026-08-21T16:25:51+08:00][sql] SELECT `id` FROM `goods` WHERE  `status` = 1  AND `end_time` <= 1787300751 [ RunTime:0.000233s ]
[2026-08-21T16:25:51+08:00][sql] SHOW FULL COLUMNS FROM `setting` [ RunTime:0.000385s ]
[2026-08-21T16:25:51+08:00][sql] SELECT * FROM `setting` [ RunTime:0.000175s ]
[2026-08-21T16:25:51+08:00][sql] SELECT COUNT(*) AS think_count FROM `goods` `g` LEFT JOIN `user` `u` ON `g`.`seller_id`=`u`.`id` WHERE  `g`.`status` = '1'  AND `g`.`start_time` <= '1787300751'  AND `g`.`end_time` > '1787300751' [ RunTime:0.000259s ]
[2026-08-21T16:25:51+08:00][sql] SELECT `g`.*,u.nickname as seller_name FROM `goods` `g` LEFT JOIN `user` `u` ON `g`.`seller_id`=`u`.`id` WHERE  `g`.`status` = '1'  AND `g`.`start_time` <= '1787300751'  AND `g`.`end_time` > '1787300751' ORDER BY `g`.`end_time` ASC,`g`.`id` DESC LIMIT 0,10 [ RunTime:0.000335s ]
[2026-08-21T16:25:51+08:00][sql] SHOW FULL COLUMNS FROM `category` [ RunTime:0.000426s ]
[2026-08-21T16:25:51+08:00][sql] SELECT * FROM `category` WHERE  `status` = 1 ORDER BY `sort` ASC [ RunTime:0.000187s ]
[2026-08-21T16:25:51+08:00][sql] SHOW FULL COLUMNS FROM `bid_record` [ RunTime:0.000388s ]
[2026-08-21T16:25:51+08:00][sql] SELECT `b`.`price`,`b`.`create_time`,`g`.`title`,`u`.`nickname` FROM `bid_record` `b` LEFT JOIN `goods` `g` ON `b`.`goods_id`=`g`.`id` LEFT JOIN `user` `u` ON `b`.`user_id`=`u`.`id` WHERE  `b`.`status` = '1' ORDER BY `b`.`id` DESC LIMIT 5 [ RunTime:0.000230s ]
[2026-08-21T16:25:51+08:00][sql] SHOW FULL COLUMNS FROM `news` [ RunTime:0.000376s ]
[2026-08-21T16:25:51+08:00][sql] SELECT `id`,`title`,`create_time` FROM `news` WHERE  `status` = 1 ORDER BY `id` DESC LIMIT 3 [ RunTime:0.000172s ]
[2026-08-21T16:25:51+08:00][sql] SHOW FULL COLUMNS FROM `banner` [ RunTime:0.000383s ]
[2026-08-21T16:25:51+08:00][sql] SELECT * FROM `banner` WHERE  `status` = 1 ORDER BY `sort` ASC,`id` ASC [ RunTime:0.000181s ]
[2026-08-21T16:25:52+08:00][sql] CONNECT:[ UseTime:0.000785s ] mysql:host=127.0.0.1;port=3306;dbname=jp;charset=utf8mb4
[2026-08-21T16:25:52+08:00][sql] SHOW FULL COLUMNS FROM `goods` [ RunTime:0.000747s ]
[2026-08-21T16:25:52+08:00][sql] SELECT `id` FROM `goods` WHERE  `status` = 1  AND `end_time` <= 1787300751 [ RunTime:0.000317s ]
[2026-08-21T16:25:52+08:00][sql] SHOW FULL COLUMNS FROM `setting` [ RunTime:0.000486s ]
[2026-08-21T16:25:52+08:00][sql] SELECT * FROM `setting` [ RunTime:0.000234s ]
[2026-08-21T16:25:52+08:00][sql] SELECT COUNT(*) AS think_count FROM `goods` `g` LEFT JOIN `user` `u` ON `g`.`seller_id`=`u`.`id` WHERE  `g`.`status` = '1'  AND `g`.`start_time` <= '1787300752'  AND `g`.`end_time` > '1787300752' [ RunTime:0.000347s ]
[2026-08-21T16:25:52+08:00][sql] SELECT `g`.*,u.nickname as seller_name FROM `goods` `g` LEFT JOIN `user` `u` ON `g`.`seller_id`=`u`.`id` WHERE  `g`.`status` = '1'  AND `g`.`start_time` <= '1787300752'  AND `g`.`end_time` > '1787300752' ORDER BY `g`.`end_time` ASC,`g`.`id` DESC LIMIT 0,10 [ RunTime:0.000284s ]
[2026-08-21T16:25:52+08:00][sql] SHOW FULL COLUMNS FROM `category` [ RunTime:0.000434s ]
[2026-08-21T16:25:52+08:00][sql] SELECT * FROM `category` WHERE  `status` = 1 ORDER BY `sort` ASC [ RunTime:0.000190s ]
[2026-08-21T16:25:52+08:00][sql] SHOW FULL COLUMNS FROM `bid_record` [ RunTime:0.000385s ]
[2026-08-21T16:25:52+08:00][sql] SELECT `b`.`price`,`b`.`create_time`,`g`.`title`,`u`.`nickname` FROM `bid_record` `b` LEFT JOIN `goods` `g` ON `b`.`goods_id`=`g`.`id` LEFT JOIN `user` `u` ON `b`.`user_id`=`u`.`id` WHERE  `b`.`status` = '1' ORDER BY `b`.`id` DESC LIMIT 5 [ RunTime:0.000231s ]
[2026-08-21T16:25:52+08:00][sql] SHOW FULL COLUMNS FROM `news` [ RunTime:0.000372s ]
[2026-08-21T16:25:52+08:00][sql] SELECT `id`,`title`,`create_time` FROM `news` WHERE  `status` = 1 ORDER BY `id` DESC LIMIT 3 [ RunTime:0.000176s ]
[2026-08-21T16:25:52+08:00][sql] SHOW FULL COLUMNS FROM `banner` [ RunTime:0.000379s ]
[2026-08-21T16:25:52+08:00][sql] SELECT * FROM `banner` WHERE  `status` = 1 ORDER BY `sort` ASC,`id` ASC [ RunTime:0.000189s ]
[2026-08-21T16:25:53+08:00][sql] CONNECT:[ UseTime:0.000688s ] mysql:host=127.0.0.1;port=3306;dbname=jp;charset=utf8mb4
[2026-08-21T16:25:53+08:00][sql] SHOW FULL COLUMNS FROM `goods` [ RunTime:0.000643s ]
[2026-08-21T16:25:53+08:00][sql] SELECT `id` FROM `goods` WHERE  `status` = 1  AND `end_time` <= 1787300753 [ RunTime:0.000217s ]
[2026-08-21T16:25:53+08:00][sql] SHOW FULL COLUMNS FROM `setting` [ RunTime:0.000387s ]
[2026-08-21T16:25:53+08:00][sql] SELECT * FROM `setting` [ RunTime:0.000176s ]
[2026-08-21T16:25:53+08:00][sql] SELECT COUNT(*) AS think_count FROM `goods` `g` LEFT JOIN `user` `u` ON `g`.`seller_id`=`u`.`id` WHERE  `g`.`status` = '1'  AND `g`.`start_time` <= '1787300753'  AND `g`.`end_time` > '1787300753' [ RunTime:0.000222s ]
[2026-08-21T16:25:53+08:00][sql] SELECT `g`.*,u.nickname as seller_name FROM `goods` `g` LEFT JOIN `user` `u` ON `g`.`seller_id`=`u`.`id` WHERE  `g`.`status` = '1'  AND `g`.`start_time` <= '1787300753'  AND `g`.`end_time` > '1787300753' ORDER BY `g`.`end_time` ASC,`g`.`id` DESC LIMIT 0,10 [ RunTime:0.000327s ]
[2026-08-21T16:25:53+08:00][sql] SHOW FULL COLUMNS FROM `category` [ RunTime:0.000407s ]
[2026-08-21T16:25:53+08:00][sql] SELECT * FROM `category` WHERE  `status` = 1 ORDER BY `sort` ASC [ RunTime:0.000192s ]
[2026-08-21T16:25:53+08:00][sql] SHOW FULL COLUMNS FROM `bid_record` [ RunTime:0.000382s ]
[2026-08-21T16:25:53+08:00][sql] SELECT `b`.`price`,`b`.`create_time`,`g`.`title`,`u`.`nickname` FROM `bid_record` `b` LEFT JOIN `goods` `g` ON `b`.`goods_id`=`g`.`id` LEFT JOIN `user` `u` ON `b`.`user_id`=`u`.`id` WHERE  `b`.`status` = '1' ORDER BY `b`.`id` DESC LIMIT 5 [ RunTime:0.000231s ]
[2026-08-21T16:25:53+08:00][sql] SHOW FULL COLUMNS FROM `news` [ RunTime:0.000374s ]
[2026-08-21T16:25:53+08:00][sql] SELECT `id`,`title`,`create_time` FROM `news` WHERE  `status` = 1 ORDER BY `id` DESC LIMIT 3 [ RunTime:0.000177s ]
[2026-08-21T16:25:53+08:00][sql] SHOW FULL COLUMNS FROM `banner` [ RunTime:0.000380s ]
[2026-08-21T16:25:53+08:00][sql] SELECT * FROM `banner` WHERE  `status` = 1 ORDER BY `sort` ASC,`id` ASC [ RunTime:0.000183s ]
[2026-08-21T16:25:53+08:00][sql] CONNECT:[ UseTime:0.023665s ] mysql:host=127.0.0.1;port=3306;dbname=jp;charset=utf8mb4
[2026-08-21T16:25:53+08:00][sql] SHOW FULL COLUMNS FROM `goods` [ RunTime:0.000746s ]
[2026-08-21T16:25:53+08:00][sql] SELECT `id` FROM `goods` WHERE  `status` = 1  AND `end_time` <= 1787300753 [ RunTime:0.000255s ]
[2026-08-21T16:25:53+08:00][sql] SHOW FULL COLUMNS FROM `setting` [ RunTime:0.000474s ]
[2026-08-21T16:25:53+08:00][sql] SELECT * FROM `setting` [ RunTime:0.000185s ]
[2026-08-21T16:25:53+08:00][sql] SELECT COUNT(*) AS think_count FROM `goods` `g` LEFT JOIN `user` `u` ON `g`.`seller_id`=`u`.`id` WHERE  `g`.`status` = '1'  AND `g`.`start_time` <= '1787300753'  AND `g`.`end_time` > '1787300753' [ RunTime:0.000294s ]
[2026-08-21T16:25:53+08:00][sql] SELECT `g`.*,u.nickname as seller_name FROM `goods` `g` LEFT JOIN `user` `u` ON `g`.`seller_id`=`u`.`id` WHERE  `g`.`status` = '1'  AND `g`.`start_time` <= '1787300753'  AND `g`.`end_time` > '1787300753' ORDER BY `g`.`end_time` ASC,`g`.`id` DESC LIMIT 0,10 [ RunTime:0.000268s ]
[2026-08-21T16:25:53+08:00][sql] SHOW FULL COLUMNS FROM `category` [ RunTime:0.000456s ]
[2026-08-21T16:25:53+08:00][sql] SELECT * FROM `category` WHERE  `status` = 1 ORDER BY `sort` ASC [ RunTime:0.000187s ]
[2026-08-21T16:25:53+08:00][sql] SHOW FULL COLUMNS FROM `bid_record` [ RunTime:0.000397s ]
[2026-08-21T16:25:53+08:00][sql] SELECT `b`.`price`,`b`.`create_time`,`g`.`title`,`u`.`nickname` FROM `bid_record` `b` LEFT JOIN `goods` `g` ON `b`.`goods_id`=`g`.`id` LEFT JOIN `user` `u` ON `b`.`user_id`=`u`.`id` WHERE  `b`.`status` = '1' ORDER BY `b`.`id` DESC LIMIT 5 [ RunTime:0.000247s ]
[2026-08-21T16:25:53+08:00][sql] SHOW FULL COLUMNS FROM `news` [ RunTime:0.000372s ]
[2026-08-21T16:25:53+08:00][sql] SELECT `id`,`title`,`create_time` FROM `news` WHERE  `status` = 1 ORDER BY `id` DESC LIMIT 3 [ RunTime:0.000175s ]
[2026-08-21T16:25:53+08:00][sql] SHOW FULL COLUMNS FROM `banner` [ RunTime:0.000374s ]
[2026-08-21T16:25:53+08:00][sql] SELECT * FROM `banner` WHERE  `status` = 1 ORDER BY `sort` ASC,`id` ASC [ RunTime:0.000179s ]
[2026-08-21T16:25:54+08:00][sql] CONNECT:[ UseTime:0.000716s ] mysql:host=127.0.0.1;port=3306;dbname=jp;charset=utf8mb4
[2026-08-21T16:25:54+08:00][sql] SHOW FULL COLUMNS FROM `goods` [ RunTime:0.000680s ]
[2026-08-21T16:25:54+08:00][sql] SELECT `id` FROM `goods` WHERE  `status` = 1  AND `end_time` <= 1787300754 [ RunTime:0.000234s ]
[2026-08-21T16:25:54+08:00][sql] SHOW FULL COLUMNS FROM `setting` [ RunTime:0.000438s ]
[2026-08-21T16:25:54+08:00][sql] SELECT * FROM `setting` [ RunTime:0.000188s ]
[2026-08-21T16:25:54+08:00][sql] SELECT COUNT(*) AS think_count FROM `goods` `g` LEFT JOIN `user` `u` ON `g`.`seller_id`=`u`.`id` WHERE  `g`.`status` = '1'  AND `g`.`start_time` <= '1787300754'  AND `g`.`end_time` > '1787300754' [ RunTime:0.000279s ]
[2026-08-21T16:25:54+08:00][sql] SELECT `g`.*,u.nickname as seller_name FROM `goods` `g` LEFT JOIN `user` `u` ON `g`.`seller_id`=`u`.`id` WHERE  `g`.`status` = '1'  AND `g`.`start_time` <= '1787300754'  AND `g`.`end_time` > '1787300754' ORDER BY `g`.`end_time` ASC,`g`.`id` DESC LIMIT 0,10 [ RunTime:0.000277s ]
[2026-08-21T16:25:54+08:00][sql] SHOW FULL COLUMNS FROM `category` [ RunTime:0.000465s ]
[2026-08-21T16:25:54+08:00][sql] SELECT * FROM `category` WHERE  `status` = 1 ORDER BY `sort` ASC [ RunTime:0.000194s ]
[2026-08-21T16:25:54+08:00][sql] SHOW FULL COLUMNS FROM `bid_record` [ RunTime:0.000418s ]
[2026-08-21T16:25:54+08:00][sql] SELECT `b`.`price`,`b`.`create_time`,`g`.`title`,`u`.`nickname` FROM `bid_record` `b` LEFT JOIN `goods` `g` ON `b`.`goods_id`=`g`.`id` LEFT JOIN `user` `u` ON `b`.`user_id`=`u`.`id` WHERE  `b`.`status` = '1' ORDER BY `b`.`id` DESC LIMIT 5 [ RunTime:0.000288s ]
[2026-08-21T16:25:54+08:00][sql] SHOW FULL COLUMNS FROM `news` [ RunTime:0.000536s ]
[2026-08-21T16:25:54+08:00][sql] SELECT `id`,`title`,`create_time` FROM `news` WHERE  `status` = 1 ORDER BY `id` DESC LIMIT 3 [ RunTime:0.000216s ]
[2026-08-21T16:25:54+08:00][sql] SHOW FULL COLUMNS FROM `banner` [ RunTime:0.000413s ]
[2026-08-21T16:25:54+08:00][sql] SELECT * FROM `banner` WHERE  `status` = 1 ORDER BY `sort` ASC,`id` ASC [ RunTime:0.000191s ]
[2026-08-21T16:25:54+08:00][sql] CONNECT:[ UseTime:0.010226s ] mysql:host=127.0.0.1;port=3306;dbname=jp;charset=utf8mb4
[2026-08-21T16:25:54+08:00][sql] SHOW FULL COLUMNS FROM `goods` [ RunTime:0.000772s ]
[2026-08-21T16:25:54+08:00][sql] SELECT `id` FROM `goods` WHERE  `status` = 1  AND `end_time` <= 1787300754 [ RunTime:0.000312s ]
[2026-08-21T16:25:54+08:00][sql] SHOW FULL COLUMNS FROM `setting` [ RunTime:0.000494s ]
[2026-08-21T16:25:54+08:00][sql] SELECT * FROM `setting` [ RunTime:0.000182s ]
[2026-08-21T16:25:54+08:00][sql] SELECT COUNT(*) AS think_count FROM `goods` `g` LEFT JOIN `user` `u` ON `g`.`seller_id`=`u`.`id` WHERE  `g`.`status` = '1'  AND `g`.`start_time` <= '1787300754'  AND `g`.`end_time` > '1787300754' [ RunTime:0.000254s ]
[2026-08-21T16:25:54+08:00][sql] SELECT `g`.*,u.nickname as seller_name FROM `goods` `g` LEFT JOIN `user` `u` ON `g`.`seller_id`=`u`.`id` WHERE  `g`.`status` = '1'  AND `g`.`start_time` <= '1787300754'  AND `g`.`end_time` > '1787300754' ORDER BY `g`.`end_time` ASC,`g`.`id` DESC LIMIT 0,10 [ RunTime:0.000273s ]
[2026-08-21T16:25:54+08:00][sql] SHOW FULL COLUMNS FROM `category` [ RunTime:0.000478s ]
[2026-08-21T16:25:54+08:00][sql] SELECT * FROM `category` WHERE  `status` = 1 ORDER BY `sort` ASC [ RunTime:0.000214s ]
[2026-08-21T16:25:54+08:00][sql] SHOW FULL COLUMNS FROM `bid_record` [ RunTime:0.000405s ]
[2026-08-21T16:25:54+08:00][sql] SELECT `b`.`price`,`b`.`create_time`,`g`.`title`,`u`.`nickname` FROM `bid_record` `b` LEFT JOIN `goods` `g` ON `b`.`goods_id`=`g`.`id` LEFT JOIN `user` `u` ON `b`.`user_id`=`u`.`id` WHERE  `b`.`status` = '1' ORDER BY `b`.`id` DESC LIMIT 5 [ RunTime:0.000236s ]
[2026-08-21T16:25:54+08:00][sql] SHOW FULL COLUMNS FROM `news` [ RunTime:0.000374s ]
[2026-08-21T16:25:54+08:00][sql] SELECT `id`,`title`,`create_time` FROM `news` WHERE  `status` = 1 ORDER BY `id` DESC LIMIT 3 [ RunTime:0.000167s ]
[2026-08-21T16:25:54+08:00][sql] SHOW FULL COLUMNS FROM `banner` [ RunTime:0.000406s ]
[2026-08-21T16:25:54+08:00][sql] SELECT * FROM `banner` WHERE  `status` = 1 ORDER BY `sort` ASC,`id` ASC [ RunTime:0.000351s ]
[2026-08-21T16:25:55+08:00][sql] CONNECT:[ UseTime:0.000842s ] mysql:host=127.0.0.1;port=3306;dbname=jp;charset=utf8mb4
[2026-08-21T16:25:55+08:00][sql] SHOW FULL COLUMNS FROM `goods` [ RunTime:0.000679s ]
[2026-08-21T16:25:55+08:00][sql] SELECT `id` FROM `goods` WHERE  `status` = 1  AND `end_time` <= 1787300755 [ RunTime:0.000222s ]
[2026-08-21T16:25:55+08:00][sql] SHOW FULL COLUMNS FROM `setting` [ RunTime:0.000383s ]
[2026-08-21T16:25:55+08:00][sql] SELECT * FROM `setting` [ RunTime:0.000176s ]
[2026-08-21T16:25:55+08:00][sql] SELECT COUNT(*) AS think_count FROM `goods` `g` LEFT JOIN `user` `u` ON `g`.`seller_id`=`u`.`id` WHERE  `g`.`status` = '1'  AND `g`.`start_time` <= '1787300755'  AND `g`.`end_time` > '1787300755' [ RunTime:0.000216s ]
[2026-08-21T16:25:55+08:00][sql] SELECT `g`.*,u.nickname as seller_name FROM `goods` `g` LEFT JOIN `user` `u` ON `g`.`seller_id`=`u`.`id` WHERE  `g`.`status` = '1'  AND `g`.`start_time` <= '1787300755'  AND `g`.`end_time` > '1787300755' ORDER BY `g`.`end_time` ASC,`g`.`id` DESC LIMIT 0,10 [ RunTime:0.000268s ]
[2026-08-21T16:25:55+08:00][sql] SHOW FULL COLUMNS FROM `category` [ RunTime:0.000388s ]
[2026-08-21T16:25:55+08:00][sql] SELECT * FROM `category` WHERE  `status` = 1 ORDER BY `sort` ASC [ RunTime:0.000186s ]
[2026-08-21T16:25:55+08:00][sql] SHOW FULL COLUMNS FROM `bid_record` [ RunTime:0.000381s ]
[2026-08-21T16:25:55+08:00][sql] SELECT `b`.`price`,`b`.`create_time`,`g`.`title`,`u`.`nickname` FROM `bid_record` `b` LEFT JOIN `goods` `g` ON `b`.`goods_id`=`g`.`id` LEFT JOIN `user` `u` ON `b`.`user_id`=`u`.`id` WHERE  `b`.`status` = '1' ORDER BY `b`.`id` DESC LIMIT 5 [ RunTime:0.000225s ]
[2026-08-21T16:25:55+08:00][sql] SHOW FULL COLUMNS FROM `news` [ RunTime:0.000370s ]
[2026-08-21T16:25:55+08:00][sql] SELECT `id`,`title`,`create_time` FROM `news` WHERE  `status` = 1 ORDER BY `id` DESC LIMIT 3 [ RunTime:0.000172s ]
[2026-08-21T16:25:55+08:00][sql] SHOW FULL COLUMNS FROM `banner` [ RunTime:0.000377s ]
[2026-08-21T16:25:55+08:00][sql] SELECT * FROM `banner` WHERE  `status` = 1 ORDER BY `sort` ASC,`id` ASC [ RunTime:0.000177s ]
[2026-08-21T16:25:55+08:00][sql] CONNECT:[ UseTime:0.001244s ] mysql:host=127.0.0.1;port=3306;dbname=jp;charset=utf8mb4
[2026-08-21T16:25:55+08:00][sql] SHOW FULL COLUMNS FROM `goods` [ RunTime:0.000895s ]
[2026-08-21T16:25:55+08:00][sql] SELECT `id` FROM `goods` WHERE  `status` = 1  AND `end_time` <= 1787300755 [ RunTime:0.000292s ]
[2026-08-21T16:25:55+08:00][sql] SHOW FULL COLUMNS FROM `setting` [ RunTime:0.000998s ]
[2026-08-21T16:25:55+08:00][sql] SELECT * FROM `setting` [ RunTime:0.000266s ]
[2026-08-21T16:25:55+08:00][sql] SELECT COUNT(*) AS think_count FROM `goods` `g` LEFT JOIN `user` `u` ON `g`.`seller_id`=`u`.`id` WHERE  `g`.`status` = '1'  AND `g`.`start_time` <= '1787300755'  AND `g`.`end_time` > '1787300755' [ RunTime:0.000373s ]
[2026-08-21T16:25:55+08:00][sql] SELECT `g`.*,u.nickname as seller_name FROM `goods` `g` LEFT JOIN `user` `u` ON `g`.`seller_id`=`u`.`id` WHERE  `g`.`status` = '1'  AND `g`.`start_time` <= '1787300755'  AND `g`.`end_time` > '1787300755' ORDER BY `g`.`end_time` ASC,`g`.`id` DESC LIMIT 0,10 [ RunTime:0.000293s ]
[2026-08-21T16:25:55+08:00][sql] SHOW FULL COLUMNS FROM `category` [ RunTime:0.000488s ]
[2026-08-21T16:25:55+08:00][sql] SELECT * FROM `category` WHERE  `status` = 1 ORDER BY `sort` ASC [ RunTime:0.000192s ]
[2026-08-21T16:25:55+08:00][sql] SHOW FULL COLUMNS FROM `bid_record` [ RunTime:0.000388s ]
[2026-08-21T16:25:55+08:00][sql] SELECT `b`.`price`,`b`.`create_time`,`g`.`title`,`u`.`nickname` FROM `bid_record` `b` LEFT JOIN `goods` `g` ON `b`.`goods_id`=`g`.`id` LEFT JOIN `user` `u` ON `b`.`user_id`=`u`.`id` WHERE  `b`.`status` = '1' ORDER BY `b`.`id` DESC LIMIT 5 [ RunTime:0.000268s ]
[2026-08-21T16:25:55+08:00][sql] SHOW FULL COLUMNS FROM `news` [ RunTime:0.000427s ]
[2026-08-21T16:25:55+08:00][sql] SELECT `id`,`title`,`create_time` FROM `news` WHERE  `status` = 1 ORDER BY `id` DESC LIMIT 3 [ RunTime:0.000331s ]
[2026-08-21T16:25:55+08:00][sql] SHOW FULL COLUMNS FROM `banner` [ RunTime:0.000516s ]
[2026-08-21T16:25:55+08:00][sql] SELECT * FROM `banner` WHERE  `status` = 1 ORDER BY `sort` ASC,`id` ASC [ RunTime:0.000219s ]
[2026-08-21T16:25:56+08:00][sql] CONNECT:[ UseTime:0.000699s ] mysql:host=127.0.0.1;port=3306;dbname=jp;charset=utf8mb4
[2026-08-21T16:25:56+08:00][sql] SHOW FULL COLUMNS FROM `goods` [ RunTime:0.000777s ]
[2026-08-21T16:25:56+08:00][sql] SELECT `id` FROM `goods` WHERE  `status` = 1  AND `end_time` <= 1787300756 [ RunTime:0.000227s ]
[2026-08-21T16:25:56+08:00][sql] SHOW FULL COLUMNS FROM `setting` [ RunTime:0.000416s ]
[2026-08-21T16:25:56+08:00][sql] SELECT * FROM `setting` [ RunTime:0.000187s ]
[2026-08-21T16:25:56+08:00][sql] SELECT COUNT(*) AS think_count FROM `goods` `g` LEFT JOIN `user` `u` ON `g`.`seller_id`=`u`.`id` WHERE  `g`.`status` = '1'  AND `g`.`start_time` <= '1787300756'  AND `g`.`end_time` > '1787300756' [ RunTime:0.000269s ]
[2026-08-21T16:25:56+08:00][sql] SELECT `g`.*,u.nickname as seller_name FROM `goods` `g` LEFT JOIN `user` `u` ON `g`.`seller_id`=`u`.`id` WHERE  `g`.`status` = '1'  AND `g`.`start_time` <= '1787300756'  AND `g`.`end_time` > '1787300756' ORDER BY `g`.`end_time` ASC,`g`.`id` DESC LIMIT 0,10 [ RunTime:0.000270s ]
[2026-08-21T16:25:56+08:00][sql] SHOW FULL COLUMNS FROM `category` [ RunTime:0.000440s ]
[2026-08-21T16:25:56+08:00][sql] SELECT * FROM `category` WHERE  `status` = 1 ORDER BY `sort` ASC [ RunTime:0.000196s ]
[2026-08-21T16:25:56+08:00][sql] SHOW FULL COLUMNS FROM `bid_record` [ RunTime:0.000395s ]
[2026-08-21T16:25:56+08:00][sql] SELECT `b`.`price`,`b`.`create_time`,`g`.`title`,`u`.`nickname` FROM `bid_record` `b` LEFT JOIN `goods` `g` ON `b`.`goods_id`=`g`.`id` LEFT JOIN `user` `u` ON `b`.`user_id`=`u`.`id` WHERE  `b`.`status` = '1' ORDER BY `b`.`id` DESC LIMIT 5 [ RunTime:0.000238s ]
[2026-08-21T16:25:56+08:00][sql] SHOW FULL COLUMNS FROM `news` [ RunTime:0.000399s ]
[2026-08-21T16:25:56+08:00][sql] SELECT `id`,`title`,`create_time` FROM `news` WHERE  `status` = 1 ORDER BY `id` DESC LIMIT 3 [ RunTime:0.000200s ]
[2026-08-21T16:25:56+08:00][sql] SHOW FULL COLUMNS FROM `banner` [ RunTime:0.000411s ]
[2026-08-21T16:25:56+08:00][sql] SELECT * FROM `banner` WHERE  `status` = 1 ORDER BY `sort` ASC,`id` ASC [ RunTime:0.000220s ]
[2026-08-21T16:25:57+08:00][sql] CONNECT:[ UseTime:0.000803s ] mysql:host=127.0.0.1;port=3306;dbname=jp;charset=utf8mb4
[2026-08-21T16:25:57+08:00][sql] SHOW FULL COLUMNS FROM `goods` [ RunTime:0.001146s ]
[2026-08-21T16:25:57+08:00][sql] SELECT `id` FROM `goods` WHERE  `status` = 1  AND `end_time` <= 1787300757 [ RunTime:0.000620s ]
[2026-08-21T16:25:57+08:00][sql] SHOW FULL COLUMNS FROM `setting` [ RunTime:0.000696s ]
[2026-08-21T16:25:57+08:00][sql] SELECT * FROM `setting` [ RunTime:0.000238s ]
[2026-08-21T16:25:57+08:00][sql] SELECT COUNT(*) AS think_count FROM `goods` `g` LEFT JOIN `user` `u` ON `g`.`seller_id`=`u`.`id` WHERE  `g`.`status` = '1'  AND `g`.`start_time` <= '1787300757'  AND `g`.`end_time` > '1787300757' [ RunTime:0.000479s ]
[2026-08-21T16:25:57+08:00][sql] SELECT `g`.*,u.nickname as seller_name FROM `goods` `g` LEFT JOIN `user` `u` ON `g`.`seller_id`=`u`.`id` WHERE  `g`.`status` = '1'  AND `g`.`start_time` <= '1787300757'  AND `g`.`end_time` > '1787300757' ORDER BY `g`.`end_time` ASC,`g`.`id` DESC LIMIT 0,10 [ RunTime:0.000411s ]
[2026-08-21T16:25:57+08:00][sql] SHOW FULL COLUMNS FROM `category` [ RunTime:0.001062s ]
[2026-08-21T16:25:57+08:00][sql] SELECT * FROM `category` WHERE  `status` = 1 ORDER BY `sort` ASC [ RunTime:0.000257s ]
[2026-08-21T16:25:57+08:00][sql] SHOW FULL COLUMNS FROM `bid_record` [ RunTime:0.000446s ]
[2026-08-21T16:25:57+08:00][sql] SELECT `b`.`price`,`b`.`create_time`,`g`.`title`,`u`.`nickname` FROM `bid_record` `b` LEFT JOIN `goods` `g` ON `b`.`goods_id`=`g`.`id` LEFT JOIN `user` `u` ON `b`.`user_id`=`u`.`id` WHERE  `b`.`status` = '1' ORDER BY `b`.`id` DESC LIMIT 5 [ RunTime:0.000285s ]
[2026-08-21T16:25:57+08:00][sql] SHOW FULL COLUMNS FROM `news` [ RunTime:0.000487s ]
[2026-08-21T16:25:57+08:00][sql] SELECT `id`,`title`,`create_time` FROM `news` WHERE  `status` = 1 ORDER BY `id` DESC LIMIT 3 [ RunTime:0.000258s ]
[2026-08-21T16:25:57+08:00][sql] SHOW FULL COLUMNS FROM `banner` [ RunTime:0.000433s ]
[2026-08-21T16:25:57+08:00][sql] SELECT * FROM `banner` WHERE  `status` = 1 ORDER BY `sort` ASC,`id` ASC [ RunTime:0.000196s ]
[2026-08-21T16:25:57+08:00][sql] CONNECT:[ UseTime:0.000630s ] mysql:host=127.0.0.1;port=3306;dbname=jp;charset=utf8mb4
[2026-08-21T16:25:57+08:00][sql] SHOW FULL COLUMNS FROM `goods` [ RunTime:0.000619s ]
[2026-08-21T16:25:57+08:00][sql] SELECT `id` FROM `goods` WHERE  `status` = 1  AND `end_time` <= 1787300757 [ RunTime:0.000212s ]
[2026-08-21T16:25:57+08:00][sql] SHOW FULL COLUMNS FROM `setting` [ RunTime:0.000377s ]
[2026-08-21T16:25:57+08:00][sql] SELECT * FROM `setting` [ RunTime:0.000170s ]
[2026-08-21T16:25:57+08:00][sql] SELECT COUNT(*) AS think_count FROM `goods` `g` LEFT JOIN `user` `u` ON `g`.`seller_id`=`u`.`id` WHERE  `g`.`status` = '1'  AND `g`.`start_time` <= '1787300757'  AND `g`.`end_time` > '1787300757' [ RunTime:0.000217s ]
[2026-08-21T16:25:57+08:00][sql] SELECT `g`.*,u.nickname as seller_name FROM `goods` `g` LEFT JOIN `user` `u` ON `g`.`seller_id`=`u`.`id` WHERE  `g`.`status` = '1'  AND `g`.`start_time` <= '1787300757'  AND `g`.`end_time` > '1787300757' ORDER BY `g`.`end_time` ASC,`g`.`id` DESC LIMIT 0,10 [ RunTime:0.000262s ]
[2026-08-21T16:25:57+08:00][sql] SHOW FULL COLUMNS FROM `category` [ RunTime:0.000385s ]
[2026-08-21T16:25:57+08:00][sql] SELECT * FROM `category` WHERE  `status` = 1 ORDER BY `sort` ASC [ RunTime:0.000185s ]
[2026-08-21T16:25:57+08:00][sql] SHOW FULL COLUMNS FROM `bid_record` [ RunTime:0.000389s ]
[2026-08-21T16:25:57+08:00][sql] SELECT `b`.`price`,`b`.`create_time`,`g`.`title`,`u`.`nickname` FROM `bid_record` `b` LEFT JOIN `goods` `g` ON `b`.`goods_id`=`g`.`id` LEFT JOIN `user` `u` ON `b`.`user_id`=`u`.`id` WHERE  `b`.`status` = '1' ORDER BY `b`.`id` DESC LIMIT 5 [ RunTime:0.000228s ]
[2026-08-21T16:25:57+08:00][sql] SHOW FULL COLUMNS FROM `news` [ RunTime:0.000374s ]
[2026-08-21T16:25:57+08:00][sql] SELECT `id`,`title`,`create_time` FROM `news` WHERE  `status` = 1 ORDER BY `id` DESC LIMIT 3 [ RunTime:0.000171s ]
[2026-08-21T16:25:57+08:00][sql] SHOW FULL COLUMNS FROM `banner` [ RunTime:0.000377s ]
[2026-08-21T16:25:57+08:00][sql] SELECT * FROM `banner` WHERE  `status` = 1 ORDER BY `sort` ASC,`id` ASC [ RunTime:0.000181s ]
[2026-08-21T16:25:57+08:00][sql] CONNECT:[ UseTime:0.001039s ] mysql:host=127.0.0.1;port=3306;dbname=jp;charset=utf8mb4
[2026-08-21T16:25:57+08:00][sql] SHOW FULL COLUMNS FROM `goods` [ RunTime:0.000859s ]
[2026-08-21T16:25:57+08:00][sql] SELECT `id` FROM `goods` WHERE  `status` = 1  AND `end_time` <= 1787300757 [ RunTime:0.000256s ]
[2026-08-21T16:25:57+08:00][sql] SHOW FULL COLUMNS FROM `setting` [ RunTime:0.000533s ]
[2026-08-21T16:25:57+08:00][sql] SELECT * FROM `setting` [ RunTime:0.000205s ]
[2026-08-21T16:25:57+08:00][sql] SELECT COUNT(*) AS think_count FROM `goods` `g` LEFT JOIN `user` `u` ON `g`.`seller_id`=`u`.`id` WHERE  `g`.`status` = '1'  AND `g`.`start_time` <= '1787300757'  AND `g`.`end_time` > '1787300757' [ RunTime:0.000297s ]
[2026-08-21T16:25:57+08:00][sql] SELECT `g`.*,u.nickname as seller_name FROM `goods` `g` LEFT JOIN `user` `u` ON `g`.`seller_id`=`u`.`id` WHERE  `g`.`status` = '1'  AND `g`.`start_time` <= '1787300757'  AND `g`.`end_time` > '1787300757' ORDER BY `g`.`end_time` ASC,`g`.`id` DESC LIMIT 0,10 [ RunTime:0.000313s ]
[2026-08-21T16:25:57+08:00][sql] SHOW FULL COLUMNS FROM `category` [ RunTime:0.000501s ]
[2026-08-21T16:25:57+08:00][sql] SELECT * FROM `category` WHERE  `status` = 1 ORDER BY `sort` ASC [ RunTime:0.000224s ]
[2026-08-21T16:25:57+08:00][sql] SHOW FULL COLUMNS FROM `bid_record` [ RunTime:0.000533s ]
[2026-08-21T16:25:57+08:00][sql] SELECT `b`.`price`,`b`.`create_time`,`g`.`title`,`u`.`nickname` FROM `bid_record` `b` LEFT JOIN `goods` `g` ON `b`.`goods_id`=`g`.`id` LEFT JOIN `user` `u` ON `b`.`user_id`=`u`.`id` WHERE  `b`.`status` = '1' ORDER BY `b`.`id` DESC LIMIT 5 [ RunTime:0.000315s ]
[2026-08-21T16:25:57+08:00][sql] SHOW FULL COLUMNS FROM `news` [ RunTime:0.000704s ]
[2026-08-21T16:25:57+08:00][sql] SELECT `id`,`title`,`create_time` FROM `news` WHERE  `status` = 1 ORDER BY `id` DESC LIMIT 3 [ RunTime:0.000331s ]
[2026-08-21T16:25:57+08:00][sql] SHOW FULL COLUMNS FROM `banner` [ RunTime:0.000540s ]
[2026-08-21T16:25:57+08:00][sql] SELECT * FROM `banner` WHERE  `status` = 1 ORDER BY `sort` ASC,`id` ASC [ RunTime:0.000274s ]
[2026-08-21T16:26:34+08:00][sql] CONNECT:[ UseTime:0.000944s ] mysql:host=127.0.0.1;port=3306;dbname=jp;charset=utf8mb4
[2026-08-21T16:26:34+08:00][sql] SHOW FULL COLUMNS FROM `goods` [ RunTime:0.000692s ]
[2026-08-21T16:26:34+08:00][sql] SELECT `id` FROM `goods` WHERE  `status` = 1  AND `end_time` <= 1787300794 [ RunTime:0.000228s ]
[2026-08-21T16:26:34+08:00][sql] SHOW FULL COLUMNS FROM `setting` [ RunTime:0.000448s ]
[2026-08-21T16:26:34+08:00][sql] SELECT * FROM `setting` [ RunTime:0.000169s ]
[2026-08-21T16:26:34+08:00][sql] SELECT COUNT(*) AS think_count FROM `goods` `g` LEFT JOIN `user` `u` ON `g`.`seller_id`=`u`.`id` WHERE  `g`.`status` = '1'  AND `g`.`start_time` <= '1787300794'  AND `g`.`end_time` > '1787300794' [ RunTime:0.000409s ]
[2026-08-21T16:26:34+08:00][sql] SELECT `g`.*,u.nickname as seller_name FROM `goods` `g` LEFT JOIN `user` `u` ON `g`.`seller_id`=`u`.`id` WHERE  `g`.`status` = '1'  AND `g`.`start_time` <= '1787300794'  AND `g`.`end_time` > '1787300794' ORDER BY `g`.`end_time` ASC,`g`.`id` DESC LIMIT 0,10 [ RunTime:0.000445s ]
[2026-08-21T16:26:34+08:00][sql] SHOW FULL COLUMNS FROM `category` [ RunTime:0.000533s ]
[2026-08-21T16:26:34+08:00][sql] SELECT * FROM `category` WHERE  `status` = 1 ORDER BY `sort` ASC [ RunTime:0.000299s ]
[2026-08-21T16:26:34+08:00][sql] SHOW FULL COLUMNS FROM `bid_record` [ RunTime:0.000469s ]
[2026-08-21T16:26:34+08:00][sql] SELECT `b`.`price`,`b`.`create_time`,`g`.`title`,`u`.`nickname` FROM `bid_record` `b` LEFT JOIN `goods` `g` ON `b`.`goods_id`=`g`.`id` LEFT JOIN `user` `u` ON `b`.`user_id`=`u`.`id` WHERE  `b`.`status` = '1' ORDER BY `b`.`id` DESC LIMIT 5 [ RunTime:0.000245s ]
[2026-08-21T16:26:34+08:00][sql] SHOW FULL COLUMNS FROM `news` [ RunTime:0.000383s ]
[2026-08-21T16:26:34+08:00][sql] SELECT `id`,`title`,`create_time` FROM `news` WHERE  `status` = 1 ORDER BY `id` DESC LIMIT 3 [ RunTime:0.000239s ]
[2026-08-21T16:26:34+08:00][sql] SHOW FULL COLUMNS FROM `banner` [ RunTime:0.000524s ]
[2026-08-21T16:26:34+08:00][sql] SELECT * FROM `banner` WHERE  `status` = 1 ORDER BY `sort` ASC,`id` ASC [ RunTime:0.000204s ]
[2026-08-21T16:27:35+08:00][sql] CONNECT:[ UseTime:0.000646s ] mysql:host=127.0.0.1;port=3306;dbname=jp;charset=utf8mb4
[2026-08-21T16:27:35+08:00][sql] SHOW FULL COLUMNS FROM `goods` [ RunTime:0.000662s ]
[2026-08-21T16:27:35+08:00][sql] SELECT `id` FROM `goods` WHERE  `status` = 1  AND `end_time` <= 1787300855 [ RunTime:0.000409s ]
[2026-08-21T16:27:35+08:00][sql] SHOW FULL COLUMNS FROM `setting` [ RunTime:0.000487s ]
[2026-08-21T16:27:35+08:00][sql] SELECT * FROM `setting` [ RunTime:0.000185s ]
[2026-08-21T16:27:35+08:00][sql] SELECT COUNT(*) AS think_count FROM `goods` `g` LEFT JOIN `user` `u` ON `g`.`seller_id`=`u`.`id` WHERE  `g`.`status` = '1'  AND `g`.`start_time` <= '1787300855'  AND `g`.`end_time` > '1787300855' [ RunTime:0.000403s ]
[2026-08-21T16:27:35+08:00][sql] SELECT `g`.*,u.nickname as seller_name FROM `goods` `g` LEFT JOIN `user` `u` ON `g`.`seller_id`=`u`.`id` WHERE  `g`.`status` = '1'  AND `g`.`start_time` <= '1787300855'  AND `g`.`end_time` > '1787300855' ORDER BY `g`.`end_time` ASC,`g`.`id` DESC LIMIT 0,10 [ RunTime:0.000296s ]
[2026-08-21T16:27:35+08:00][sql] SHOW FULL COLUMNS FROM `category` [ RunTime:0.000593s ]
[2026-08-21T16:27:35+08:00][sql] SELECT * FROM `category` WHERE  `status` = 1 ORDER BY `sort` ASC [ RunTime:0.000251s ]
[2026-08-21T16:27:35+08:00][sql] SHOW FULL COLUMNS FROM `bid_record` [ RunTime:0.000394s ]
[2026-08-21T16:27:35+08:00][sql] SELECT `b`.`price`,`b`.`create_time`,`g`.`title`,`u`.`nickname` FROM `bid_record` `b` LEFT JOIN `goods` `g` ON `b`.`goods_id`=`g`.`id` LEFT JOIN `user` `u` ON `b`.`user_id`=`u`.`id` WHERE  `b`.`status` = '1' ORDER BY `b`.`id` DESC LIMIT 5 [ RunTime:0.000228s ]
[2026-08-21T16:27:35+08:00][sql] SHOW FULL COLUMNS FROM `news` [ RunTime:0.000359s ]
[2026-08-21T16:27:35+08:00][sql] SELECT `id`,`title`,`create_time` FROM `news` WHERE  `status` = 1 ORDER BY `id` DESC LIMIT 3 [ RunTime:0.000162s ]
[2026-08-21T16:27:35+08:00][sql] SHOW FULL COLUMNS FROM `banner` [ RunTime:0.000363s ]
[2026-08-21T16:27:35+08:00][sql] SELECT * FROM `banner` WHERE  `status` = 1 ORDER BY `sort` ASC,`id` ASC [ RunTime:0.000201s ]
[2026-08-21T16:27:45+08:00][sql] CONNECT:[ UseTime:0.000977s ] mysql:host=127.0.0.1;port=3306;dbname=jp;charset=utf8mb4
[2026-08-21T16:27:45+08:00][sql] SHOW FULL COLUMNS FROM `goods` [ RunTime:0.000786s ]
[2026-08-21T16:27:45+08:00][sql] SELECT `id` FROM `goods` WHERE  `status` = 1  AND `end_time` <= 1787300865 [ RunTime:0.000267s ]
[2026-08-21T16:27:45+08:00][sql] SHOW FULL COLUMNS FROM `setting` [ RunTime:0.000494s ]
[2026-08-21T16:27:45+08:00][sql] SELECT * FROM `setting` [ RunTime:0.000221s ]
[2026-08-21T16:27:45+08:00][sql] SELECT COUNT(*) AS think_count FROM `goods` `g` LEFT JOIN `user` `u` ON `g`.`seller_id`=`u`.`id` WHERE  `g`.`status` = '1'  AND `g`.`start_time` <= '1787300865'  AND `g`.`end_time` > '1787300865' [ RunTime:0.000278s ]
[2026-08-21T16:27:45+08:00][sql] SELECT `g`.*,u.nickname as seller_name FROM `goods` `g` LEFT JOIN `user` `u` ON `g`.`seller_id`=`u`.`id` WHERE  `g`.`status` = '1'  AND `g`.`start_time` <= '1787300865'  AND `g`.`end_time` > '1787300865' ORDER BY `g`.`end_time` ASC,`g`.`id` DESC LIMIT 0,10 [ RunTime:0.000342s ]
[2026-08-21T16:27:45+08:00][sql] SHOW FULL COLUMNS FROM `category` [ RunTime:0.000503s ]
[2026-08-21T16:27:45+08:00][sql] SELECT * FROM `category` WHERE  `status` = 1 ORDER BY `sort` ASC [ RunTime:0.000236s ]
[2026-08-21T16:27:45+08:00][sql] SHOW FULL COLUMNS FROM `bid_record` [ RunTime:0.000493s ]
[2026-08-21T16:27:45+08:00][sql] SELECT `b`.`price`,`b`.`create_time`,`g`.`title`,`u`.`nickname` FROM `bid_record` `b` LEFT JOIN `goods` `g` ON `b`.`goods_id`=`g`.`id` LEFT JOIN `user` `u` ON `b`.`user_id`=`u`.`id` WHERE  `b`.`status` = '1' ORDER BY `b`.`id` DESC LIMIT 5 [ RunTime:0.000293s ]
[2026-08-21T16:27:45+08:00][sql] SHOW FULL COLUMNS FROM `news` [ RunTime:0.000480s ]
[2026-08-21T16:27:45+08:00][sql] SELECT `id`,`title`,`create_time` FROM `news` WHERE  `status` = 1 ORDER BY `id` DESC LIMIT 3 [ RunTime:0.000222s ]
[2026-08-21T16:27:45+08:00][sql] SHOW FULL COLUMNS FROM `banner` [ RunTime:0.000488s ]
[2026-08-21T16:27:45+08:00][sql] SELECT * FROM `banner` WHERE  `status` = 1 ORDER BY `sort` ASC,`id` ASC [ RunTime:0.000229s ]
[2026-08-21T16:27:45+08:00][sql] CONNECT:[ UseTime:0.015477s ] mysql:host=127.0.0.1;port=3306;dbname=jp;charset=utf8mb4
[2026-08-21T16:27:45+08:00][sql] SHOW FULL COLUMNS FROM `goods` [ RunTime:0.000714s ]
[2026-08-21T16:27:45+08:00][sql] SELECT `id` FROM `goods` WHERE  `status` = 1  AND `end_time` <= 1787300865 [ RunTime:0.000312s ]
[2026-08-21T16:27:45+08:00][sql] SHOW FULL COLUMNS FROM `setting` [ RunTime:0.000471s ]
[2026-08-21T16:27:45+08:00][sql] SELECT * FROM `setting` [ RunTime:0.000175s ]
[2026-08-21T16:27:45+08:00][sql] SELECT COUNT(*) AS think_count FROM `goods` `g` LEFT JOIN `user` `u` ON `g`.`seller_id`=`u`.`id` WHERE  `g`.`status` = '1'  AND `g`.`start_time` <= '1787300865'  AND `g`.`end_time` > '1787300865' [ RunTime:0.000218s ]
[2026-08-21T16:27:45+08:00][sql] SELECT `g`.*,u.nickname as seller_name FROM `goods` `g` LEFT JOIN `user` `u` ON `g`.`seller_id`=`u`.`id` WHERE  `g`.`status` = '1'  AND `g`.`start_time` <= '1787300865'  AND `g`.`end_time` > '1787300865' ORDER BY `g`.`end_time` ASC,`g`.`id` DESC LIMIT 0,10 [ RunTime:0.000262s ]
[2026-08-21T16:27:45+08:00][sql] SHOW FULL COLUMNS FROM `category` [ RunTime:0.000390s ]
[2026-08-21T16:27:45+08:00][sql] SELECT * FROM `category` WHERE  `status` = 1 ORDER BY `sort` ASC [ RunTime:0.000187s ]
[2026-08-21T16:27:45+08:00][sql] SHOW FULL COLUMNS FROM `bid_record` [ RunTime:0.000446s ]
[2026-08-21T16:27:45+08:00][sql] SELECT `b`.`price`,`b`.`create_time`,`g`.`title`,`u`.`nickname` FROM `bid_record` `b` LEFT JOIN `goods` `g` ON `b`.`goods_id`=`g`.`id` LEFT JOIN `user` `u` ON `b`.`user_id`=`u`.`id` WHERE  `b`.`status` = '1' ORDER BY `b`.`id` DESC LIMIT 5 [ RunTime:0.000388s ]
[2026-08-21T16:27:45+08:00][sql] SHOW FULL COLUMNS FROM `news` [ RunTime:0.000478s ]
[2026-08-21T16:27:45+08:00][sql] SELECT `id`,`title`,`create_time` FROM `news` WHERE  `status` = 1 ORDER BY `id` DESC LIMIT 3 [ RunTime:0.000208s ]
[2026-08-21T16:27:45+08:00][sql] SHOW FULL COLUMNS FROM `banner` [ RunTime:0.000415s ]
[2026-08-21T16:27:45+08:00][sql] SELECT * FROM `banner` WHERE  `status` = 1 ORDER BY `sort` ASC,`id` ASC [ RunTime:0.000227s ]
[2026-08-21T16:27:47+08:00][sql] CONNECT:[ UseTime:0.021078s ] mysql:host=127.0.0.1;port=3306;dbname=jp;charset=utf8mb4
[2026-08-21T16:27:47+08:00][sql] SHOW FULL COLUMNS FROM `goods` [ RunTime:0.000966s ]
[2026-08-21T16:27:47+08:00][sql] SELECT `id` FROM `goods` WHERE  `status` = 1  AND `end_time` <= 1787300867 [ RunTime:0.000285s ]
[2026-08-21T16:27:47+08:00][sql] SHOW FULL COLUMNS FROM `setting` [ RunTime:0.000538s ]
[2026-08-21T16:27:47+08:00][sql] SELECT * FROM `setting` [ RunTime:0.000285s ]
[2026-08-21T16:27:47+08:00][sql] SELECT COUNT(*) AS think_count FROM `goods` `g` LEFT JOIN `user` `u` ON `g`.`seller_id`=`u`.`id` WHERE  `g`.`status` = '1'  AND `g`.`start_time` <= '1787300867'  AND `g`.`end_time` > '1787300867' [ RunTime:0.000336s ]
[2026-08-21T16:27:47+08:00][sql] SELECT `g`.*,u.nickname as seller_name FROM `goods` `g` LEFT JOIN `user` `u` ON `g`.`seller_id`=`u`.`id` WHERE  `g`.`status` = '1'  AND `g`.`start_time` <= '1787300867'  AND `g`.`end_time` > '1787300867' ORDER BY `g`.`end_time` ASC,`g`.`id` DESC LIMIT 0,10 [ RunTime:0.000365s ]
[2026-08-21T16:27:47+08:00][sql] SHOW FULL COLUMNS FROM `category` [ RunTime:0.000552s ]
[2026-08-21T16:27:47+08:00][sql] SELECT * FROM `category` WHERE  `status` = 1 ORDER BY `sort` ASC [ RunTime:0.000271s ]
[2026-08-21T16:27:47+08:00][sql] SHOW FULL COLUMNS FROM `bid_record` [ RunTime:0.000541s ]
[2026-08-21T16:27:47+08:00][sql] SELECT `b`.`price`,`b`.`create_time`,`g`.`title`,`u`.`nickname` FROM `bid_record` `b` LEFT JOIN `goods` `g` ON `b`.`goods_id`=`g`.`id` LEFT JOIN `user` `u` ON `b`.`user_id`=`u`.`id` WHERE  `b`.`status` = '1' ORDER BY `b`.`id` DESC LIMIT 5 [ RunTime:0.000330s ]
[2026-08-21T16:27:47+08:00][sql] SHOW FULL COLUMNS FROM `news` [ RunTime:0.000536s ]
[2026-08-21T16:27:47+08:00][sql] SELECT `id`,`title`,`create_time` FROM `news` WHERE  `status` = 1 ORDER BY `id` DESC LIMIT 3 [ RunTime:0.000241s ]
[2026-08-21T16:27:47+08:00][sql] SHOW FULL COLUMNS FROM `banner` [ RunTime:0.000533s ]
[2026-08-21T16:27:47+08:00][sql] SELECT * FROM `banner` WHERE  `status` = 1 ORDER BY `sort` ASC,`id` ASC [ RunTime:0.000250s ]
[2026-08-21T16:27:47+08:00][sql] CONNECT:[ UseTime:0.022302s ] mysql:host=127.0.0.1;port=3306;dbname=jp;charset=utf8mb4
[2026-08-21T16:27:47+08:00][sql] SHOW FULL COLUMNS FROM `goods` [ RunTime:0.000646s ]
[2026-08-21T16:27:47+08:00][sql] SELECT `id` FROM `goods` WHERE  `status` = 1  AND `end_time` <= 1787300867 [ RunTime:0.000212s ]
[2026-08-21T16:27:47+08:00][sql] SHOW FULL COLUMNS FROM `setting` [ RunTime:0.000375s ]
[2026-08-21T16:27:47+08:00][sql] SELECT * FROM `setting` [ RunTime:0.000174s ]
[2026-08-21T16:27:47+08:00][sql] SELECT COUNT(*) AS think_count FROM `goods` `g` LEFT JOIN `user` `u` ON `g`.`seller_id`=`u`.`id` WHERE  `g`.`status` = '1'  AND `g`.`start_time` <= '1787300867'  AND `g`.`end_time` > '1787300867' [ RunTime:0.000215s ]
[2026-08-21T16:27:47+08:00][sql] SELECT `g`.*,u.nickname as seller_name FROM `goods` `g` LEFT JOIN `user` `u` ON `g`.`seller_id`=`u`.`id` WHERE  `g`.`status` = '1'  AND `g`.`start_time` <= '1787300867'  AND `g`.`end_time` > '1787300867' ORDER BY `g`.`end_time` ASC,`g`.`id` DESC LIMIT 0,10 [ RunTime:0.000260s ]
[2026-08-21T16:27:47+08:00][sql] SHOW FULL COLUMNS FROM `category` [ RunTime:0.000384s ]
[2026-08-21T16:27:47+08:00][sql] SELECT * FROM `category` WHERE  `status` = 1 ORDER BY `sort` ASC [ RunTime:0.000184s ]
[2026-08-21T16:27:47+08:00][sql] SHOW FULL COLUMNS FROM `bid_record` [ RunTime:0.000374s ]
[2026-08-21T16:27:47+08:00][sql] SELECT `b`.`price`,`b`.`create_time`,`g`.`title`,`u`.`nickname` FROM `bid_record` `b` LEFT JOIN `goods` `g` ON `b`.`goods_id`=`g`.`id` LEFT JOIN `user` `u` ON `b`.`user_id`=`u`.`id` WHERE  `b`.`status` = '1' ORDER BY `b`.`id` DESC LIMIT 5 [ RunTime:0.000223s ]
[2026-08-21T16:27:47+08:00][sql] SHOW FULL COLUMNS FROM `news` [ RunTime:0.000365s ]
[2026-08-21T16:27:47+08:00][sql] SELECT `id`,`title`,`create_time` FROM `news` WHERE  `status` = 1 ORDER BY `id` DESC LIMIT 3 [ RunTime:0.000171s ]
[2026-08-21T16:27:47+08:00][sql] SHOW FULL COLUMNS FROM `banner` [ RunTime:0.000371s ]
[2026-08-21T16:27:47+08:00][sql] SELECT * FROM `banner` WHERE  `status` = 1 ORDER BY `sort` ASC,`id` ASC [ RunTime:0.000176s ]
[2026-08-21T16:27:48+08:00][sql] CONNECT:[ UseTime:0.017710s ] mysql:host=127.0.0.1;port=3306;dbname=jp;charset=utf8mb4
[2026-08-21T16:27:48+08:00][sql] SHOW FULL COLUMNS FROM `goods` [ RunTime:0.000689s ]
[2026-08-21T16:27:48+08:00][sql] SELECT `id` FROM `goods` WHERE  `status` = 1  AND `end_time` <= 1787300868 [ RunTime:0.000231s ]
[2026-08-21T16:27:48+08:00][sql] SHOW FULL COLUMNS FROM `setting` [ RunTime:0.000449s ]
[2026-08-21T16:27:48+08:00][sql] SELECT * FROM `setting` [ RunTime:0.000187s ]
[2026-08-21T16:27:48+08:00][sql] SELECT COUNT(*) AS think_count FROM `goods` `g` LEFT JOIN `user` `u` ON `g`.`seller_id`=`u`.`id` WHERE  `g`.`status` = '1'  AND `g`.`start_time` <= '1787300868'  AND `g`.`end_time` > '1787300868' [ RunTime:0.000237s ]
[2026-08-21T16:27:48+08:00][sql] SELECT `g`.*,u.nickname as seller_name FROM `goods` `g` LEFT JOIN `user` `u` ON `g`.`seller_id`=`u`.`id` WHERE  `g`.`status` = '1'  AND `g`.`start_time` <= '1787300868'  AND `g`.`end_time` > '1787300868' ORDER BY `g`.`end_time` ASC,`g`.`id` DESC LIMIT 0,10 [ RunTime:0.000297s ]
[2026-08-21T16:27:48+08:00][sql] SHOW FULL COLUMNS FROM `category` [ RunTime:0.000548s ]
[2026-08-21T16:27:48+08:00][sql] SELECT * FROM `category` WHERE  `status` = 1 ORDER BY `sort` ASC [ RunTime:0.000209s ]
[2026-08-21T16:27:48+08:00][sql] SHOW FULL COLUMNS FROM `bid_record` [ RunTime:0.000463s ]
[2026-08-21T16:27:48+08:00][sql] SELECT `b`.`price`,`b`.`create_time`,`g`.`title`,`u`.`nickname` FROM `bid_record` `b` LEFT JOIN `goods` `g` ON `b`.`goods_id`=`g`.`id` LEFT JOIN `user` `u` ON `b`.`user_id`=`u`.`id` WHERE  `b`.`status` = '1' ORDER BY `b`.`id` DESC LIMIT 5 [ RunTime:0.000285s ]
[2026-08-21T16:27:48+08:00][sql] SHOW FULL COLUMNS FROM `news` [ RunTime:0.000446s ]
[2026-08-21T16:27:48+08:00][sql] SELECT `id`,`title`,`create_time` FROM `news` WHERE  `status` = 1 ORDER BY `id` DESC LIMIT 3 [ RunTime:0.000195s ]
[2026-08-21T16:27:48+08:00][sql] SHOW FULL COLUMNS FROM `banner` [ RunTime:0.000452s ]
[2026-08-21T16:27:48+08:00][sql] SELECT * FROM `banner` WHERE  `status` = 1 ORDER BY `sort` ASC,`id` ASC [ RunTime:0.000199s ]
[2026-08-21T16:27:48+08:00][sql] CONNECT:[ UseTime:0.000736s ] mysql:host=127.0.0.1;port=3306;dbname=jp;charset=utf8mb4
[2026-08-21T16:27:48+08:00][sql] SHOW FULL COLUMNS FROM `goods` [ RunTime:0.000663s ]
[2026-08-21T16:27:48+08:00][sql] SELECT `id` FROM `goods` WHERE  `status` = 1  AND `end_time` <= 1787300868 [ RunTime:0.000335s ]
[2026-08-21T16:27:48+08:00][sql] SHOW FULL COLUMNS FROM `setting` [ RunTime:0.000590s ]
[2026-08-21T16:27:48+08:00][sql] SELECT * FROM `setting` [ RunTime:0.000271s ]
[2026-08-21T16:27:48+08:00][sql] SELECT COUNT(*) AS think_count FROM `goods` `g` LEFT JOIN `user` `u` ON `g`.`seller_id`=`u`.`id` WHERE  `g`.`status` = '1'  AND `g`.`start_time` <= '1787300868'  AND `g`.`end_time` > '1787300868' [ RunTime:0.000429s ]
[2026-08-21T16:27:48+08:00][sql] SELECT `g`.*,u.nickname as seller_name FROM `goods` `g` LEFT JOIN `user` `u` ON `g`.`seller_id`=`u`.`id` WHERE  `g`.`status` = '1'  AND `g`.`start_time` <= '1787300868'  AND `g`.`end_time` > '1787300868' ORDER BY `g`.`end_time` ASC,`g`.`id` DESC LIMIT 0,10 [ RunTime:0.000288s ]
[2026-08-21T16:27:48+08:00][sql] SHOW FULL COLUMNS FROM `category` [ RunTime:0.000541s ]
[2026-08-21T16:27:48+08:00][sql] SELECT * FROM `category` WHERE  `status` = 1 ORDER BY `sort` ASC [ RunTime:0.000225s ]
[2026-08-21T16:27:48+08:00][sql] SHOW FULL COLUMNS FROM `bid_record` [ RunTime:0.000451s ]
[2026-08-21T16:27:48+08:00][sql] SELECT `b`.`price`,`b`.`create_time`,`g`.`title`,`u`.`nickname` FROM `bid_record` `b` LEFT JOIN `goods` `g` ON `b`.`goods_id`=`g`.`id` LEFT JOIN `user` `u` ON `b`.`user_id`=`u`.`id` WHERE  `b`.`status` = '1' ORDER BY `b`.`id` DESC LIMIT 5 [ RunTime:0.000260s ]
[2026-08-21T16:27:48+08:00][sql] SHOW FULL COLUMNS FROM `news` [ RunTime:0.000392s ]
[2026-08-21T16:27:48+08:00][sql] SELECT `id`,`title`,`create_time` FROM `news` WHERE  `status` = 1 ORDER BY `id` DESC LIMIT 3 [ RunTime:0.000239s ]
[2026-08-21T16:27:48+08:00][sql] SHOW FULL COLUMNS FROM `banner` [ RunTime:0.000624s ]
[2026-08-21T16:27:48+08:00][sql] SELECT * FROM `banner` WHERE  `status` = 1 ORDER BY `sort` ASC,`id` ASC [ RunTime:0.000297s ]
[2026-08-21T16:27:51+08:00][sql] CONNECT:[ UseTime:0.000666s ] mysql:host=127.0.0.1;port=3306;dbname=jp;charset=utf8mb4
[2026-08-21T16:27:51+08:00][sql] SHOW FULL COLUMNS FROM `goods` [ RunTime:0.000645s ]
[2026-08-21T16:27:51+08:00][sql] SELECT `id` FROM `goods` WHERE  `status` = 1  AND `end_time` <= 1787300871 [ RunTime:0.000216s ]
[2026-08-21T16:27:51+08:00][sql] SHOW FULL COLUMNS FROM `setting` [ RunTime:0.000381s ]
[2026-08-21T16:27:51+08:00][sql] SELECT * FROM `setting` [ RunTime:0.000174s ]
[2026-08-21T16:27:51+08:00][sql] SELECT COUNT(*) AS think_count FROM `goods` `g` LEFT JOIN `user` `u` ON `g`.`seller_id`=`u`.`id` WHERE  `g`.`status` = '1'  AND `g`.`start_time` <= '1787300871'  AND `g`.`end_time` > '1787300871' [ RunTime:0.000220s ]
[2026-08-21T16:27:51+08:00][sql] SELECT `g`.*,u.nickname as seller_name FROM `goods` `g` LEFT JOIN `user` `u` ON `g`.`seller_id`=`u`.`id` WHERE  `g`.`status` = '1'  AND `g`.`start_time` <= '1787300871'  AND `g`.`end_time` > '1787300871' ORDER BY `g`.`end_time` ASC,`g`.`id` DESC LIMIT 0,10 [ RunTime:0.000261s ]
[2026-08-21T16:27:51+08:00][sql] SHOW FULL COLUMNS FROM `category` [ RunTime:0.000383s ]
[2026-08-21T16:27:51+08:00][sql] SELECT * FROM `category` WHERE  `status` = 1 ORDER BY `sort` ASC [ RunTime:0.000187s ]
[2026-08-21T16:27:51+08:00][sql] SHOW FULL COLUMNS FROM `bid_record` [ RunTime:0.000381s ]
[2026-08-21T16:27:51+08:00][sql] SELECT `b`.`price`,`b`.`create_time`,`g`.`title`,`u`.`nickname` FROM `bid_record` `b` LEFT JOIN `goods` `g` ON `b`.`goods_id`=`g`.`id` LEFT JOIN `user` `u` ON `b`.`user_id`=`u`.`id` WHERE  `b`.`status` = '1' ORDER BY `b`.`id` DESC LIMIT 5 [ RunTime:0.000225s ]
[2026-08-21T16:27:51+08:00][sql] SHOW FULL COLUMNS FROM `news` [ RunTime:0.000394s ]
[2026-08-21T16:27:51+08:00][sql] SELECT `id`,`title`,`create_time` FROM `news` WHERE  `status` = 1 ORDER BY `id` DESC LIMIT 3 [ RunTime:0.000170s ]
[2026-08-21T16:27:51+08:00][sql] SHOW FULL COLUMNS FROM `banner` [ RunTime:0.000377s ]
[2026-08-21T16:27:51+08:00][sql] SELECT * FROM `banner` WHERE  `status` = 1 ORDER BY `sort` ASC,`id` ASC [ RunTime:0.000178s ]
[2026-08-21T16:27:51+08:00][sql] CONNECT:[ UseTime:0.000841s ] mysql:host=127.0.0.1;port=3306;dbname=jp;charset=utf8mb4
[2026-08-21T16:27:51+08:00][sql] SHOW FULL COLUMNS FROM `goods` [ RunTime:0.000787s ]
[2026-08-21T16:27:51+08:00][sql] SELECT `id` FROM `goods` WHERE  `status` = 1  AND `end_time` <= 1787300871 [ RunTime:0.000242s ]
[2026-08-21T16:27:51+08:00][sql] SHOW FULL COLUMNS FROM `setting` [ RunTime:0.000432s ]
[2026-08-21T16:27:51+08:00][sql] SELECT * FROM `setting` [ RunTime:0.000188s ]
[2026-08-21T16:27:51+08:00][sql] SELECT COUNT(*) AS think_count FROM `goods` `g` LEFT JOIN `user` `u` ON `g`.`seller_id`=`u`.`id` WHERE  `g`.`status` = '1'  AND `g`.`start_time` <= '1787300871'  AND `g`.`end_time` > '1787300871' [ RunTime:0.000281s ]
[2026-08-21T16:27:51+08:00][sql] SELECT `g`.*,u.nickname as seller_name FROM `goods` `g` LEFT JOIN `user` `u` ON `g`.`seller_id`=`u`.`id` WHERE  `g`.`status` = '1'  AND `g`.`start_time` <= '1787300871'  AND `g`.`end_time` > '1787300871' ORDER BY `g`.`end_time` ASC,`g`.`id` DESC LIMIT 0,10 [ RunTime:0.000360s ]
[2026-08-21T16:27:51+08:00][sql] SHOW FULL COLUMNS FROM `category` [ RunTime:0.000434s ]
[2026-08-21T16:27:51+08:00][sql] SELECT * FROM `category` WHERE  `status` = 1 ORDER BY `sort` ASC [ RunTime:0.000192s ]
[2026-08-21T16:27:51+08:00][sql] SHOW FULL COLUMNS FROM `bid_record` [ RunTime:0.000449s ]
[2026-08-21T16:27:51+08:00][sql] SELECT `b`.`price`,`b`.`create_time`,`g`.`title`,`u`.`nickname` FROM `bid_record` `b` LEFT JOIN `goods` `g` ON `b`.`goods_id`=`g`.`id` LEFT JOIN `user` `u` ON `b`.`user_id`=`u`.`id` WHERE  `b`.`status` = '1' ORDER BY `b`.`id` DESC LIMIT 5 [ RunTime:0.000261s ]
[2026-08-21T16:27:51+08:00][sql] SHOW FULL COLUMNS FROM `news` [ RunTime:0.000388s ]
[2026-08-21T16:27:51+08:00][sql] SELECT `id`,`title`,`create_time` FROM `news` WHERE  `status` = 1 ORDER BY `id` DESC LIMIT 3 [ RunTime:0.000180s ]
[2026-08-21T16:27:51+08:00][sql] SHOW FULL COLUMNS FROM `banner` [ RunTime:0.000390s ]
[2026-08-21T16:27:51+08:00][sql] SELECT * FROM `banner` WHERE  `status` = 1 ORDER BY `sort` ASC,`id` ASC [ RunTime:0.000205s ]
[2026-08-21T16:27:53+08:00][sql] CONNECT:[ UseTime:0.021231s ] mysql:host=127.0.0.1;port=3306;dbname=jp;charset=utf8mb4
[2026-08-21T16:27:53+08:00][sql] SHOW FULL COLUMNS FROM `goods` [ RunTime:0.000668s ]
[2026-08-21T16:27:53+08:00][sql] SELECT `id` FROM `goods` WHERE  `status` = 1  AND `end_time` <= 1787300873 [ RunTime:0.000213s ]
[2026-08-21T16:27:53+08:00][sql] SHOW FULL COLUMNS FROM `setting` [ RunTime:0.000382s ]
[2026-08-21T16:27:53+08:00][sql] SELECT * FROM `setting` [ RunTime:0.000195s ]
[2026-08-21T16:27:53+08:00][sql] SELECT COUNT(*) AS think_count FROM `goods` `g` LEFT JOIN `user` `u` ON `g`.`seller_id`=`u`.`id` WHERE  `g`.`status` = '1'  AND `g`.`start_time` <= '1787300873'  AND `g`.`end_time` > '1787300873' [ RunTime:0.000222s ]
[2026-08-21T16:27:53+08:00][sql] SELECT `g`.*,u.nickname as seller_name FROM `goods` `g` LEFT JOIN `user` `u` ON `g`.`seller_id`=`u`.`id` WHERE  `g`.`status` = '1'  AND `g`.`start_time` <= '1787300873'  AND `g`.`end_time` > '1787300873' ORDER BY `g`.`end_time` ASC,`g`.`id` DESC LIMIT 0,10 [ RunTime:0.000261s ]
[2026-08-21T16:27:53+08:00][sql] SHOW FULL COLUMNS FROM `category` [ RunTime:0.000390s ]
[2026-08-21T16:27:53+08:00][sql] SELECT * FROM `category` WHERE  `status` = 1 ORDER BY `sort` ASC [ RunTime:0.000225s ]
[2026-08-21T16:27:53+08:00][sql] SHOW FULL COLUMNS FROM `bid_record` [ RunTime:0.000405s ]
[2026-08-21T16:27:53+08:00][sql] SELECT `b`.`price`,`b`.`create_time`,`g`.`title`,`u`.`nickname` FROM `bid_record` `b` LEFT JOIN `goods` `g` ON `b`.`goods_id`=`g`.`id` LEFT JOIN `user` `u` ON `b`.`user_id`=`u`.`id` WHERE  `b`.`status` = '1' ORDER BY `b`.`id` DESC LIMIT 5 [ RunTime:0.000258s ]
[2026-08-21T16:27:53+08:00][sql] SHOW FULL COLUMNS FROM `news` [ RunTime:0.000434s ]
[2026-08-21T16:27:53+08:00][sql] SELECT `id`,`title`,`create_time` FROM `news` WHERE  `status` = 1 ORDER BY `id` DESC LIMIT 3 [ RunTime:0.000189s ]
[2026-08-21T16:27:53+08:00][sql] SHOW FULL COLUMNS FROM `banner` [ RunTime:0.000385s ]
[2026-08-21T16:27:53+08:00][sql] SELECT * FROM `banner` WHERE  `status` = 1 ORDER BY `sort` ASC,`id` ASC [ RunTime:0.000180s ]
[2026-08-21T16:27:53+08:00][sql] CONNECT:[ UseTime:0.000936s ] mysql:host=127.0.0.1;port=3306;dbname=jp;charset=utf8mb4
[2026-08-21T16:27:53+08:00][sql] SHOW FULL COLUMNS FROM `goods` [ RunTime:0.000698s ]
[2026-08-21T16:27:53+08:00][sql] SELECT `id` FROM `goods` WHERE  `status` = 1  AND `end_time` <= 1787300873 [ RunTime:0.000223s ]
[2026-08-21T16:27:53+08:00][sql] SHOW FULL COLUMNS FROM `setting` [ RunTime:0.000381s ]
[2026-08-21T16:27:53+08:00][sql] SELECT * FROM `setting` [ RunTime:0.000177s ]
[2026-08-21T16:27:53+08:00][sql] SELECT COUNT(*) AS think_count FROM `goods` `g` LEFT JOIN `user` `u` ON `g`.`seller_id`=`u`.`id` WHERE  `g`.`status` = '1'  AND `g`.`start_time` <= '1787300873'  AND `g`.`end_time` > '1787300873' [ RunTime:0.000571s ]
[2026-08-21T16:27:53+08:00][sql] SELECT `g`.*,u.nickname as seller_name FROM `goods` `g` LEFT JOIN `user` `u` ON `g`.`seller_id`=`u`.`id` WHERE  `g`.`status` = '1'  AND `g`.`start_time` <= '1787300873'  AND `g`.`end_time` > '1787300873' ORDER BY `g`.`end_time` ASC,`g`.`id` DESC LIMIT 0,10 [ RunTime:0.000322s ]
[2026-08-21T16:27:53+08:00][sql] SHOW FULL COLUMNS FROM `category` [ RunTime:0.000506s ]
[2026-08-21T16:27:53+08:00][sql] SELECT * FROM `category` WHERE  `status` = 1 ORDER BY `sort` ASC [ RunTime:0.000219s ]
[2026-08-21T16:27:53+08:00][sql] SHOW FULL COLUMNS FROM `bid_record` [ RunTime:0.000394s ]
[2026-08-21T16:27:53+08:00][sql] SELECT `b`.`price`,`b`.`create_time`,`g`.`title`,`u`.`nickname` FROM `bid_record` `b` LEFT JOIN `goods` `g` ON `b`.`goods_id`=`g`.`id` LEFT JOIN `user` `u` ON `b`.`user_id`=`u`.`id` WHERE  `b`.`status` = '1' ORDER BY `b`.`id` DESC LIMIT 5 [ RunTime:0.000274s ]
[2026-08-21T16:27:53+08:00][sql] SHOW FULL COLUMNS FROM `news` [ RunTime:0.000413s ]
[2026-08-21T16:27:53+08:00][sql] SELECT `id`,`title`,`create_time` FROM `news` WHERE  `status` = 1 ORDER BY `id` DESC LIMIT 3 [ RunTime:0.000188s ]
[2026-08-21T16:27:53+08:00][sql] SHOW FULL COLUMNS FROM `banner` [ RunTime:0.000380s ]
[2026-08-21T16:27:53+08:00][sql] SELECT * FROM `banner` WHERE  `status` = 1 ORDER BY `sort` ASC,`id` ASC [ RunTime:0.000182s ]
[2026-08-21T16:28:30+08:00][sql] CONNECT:[ UseTime:0.000828s ] mysql:host=127.0.0.1;port=3306;dbname=jp;charset=utf8mb4
[2026-08-21T16:28:30+08:00][sql] SHOW FULL COLUMNS FROM `goods` [ RunTime:0.000626s ]
[2026-08-21T16:28:30+08:00][sql] SELECT `id` FROM `goods` WHERE  `status` = 1  AND `end_time` <= 1787300910 [ RunTime:0.000211s ]
[2026-08-21T16:28:30+08:00][sql] SHOW FULL COLUMNS FROM `setting` [ RunTime:0.000388s ]
[2026-08-21T16:28:30+08:00][sql] SELECT * FROM `setting` [ RunTime:0.000164s ]
[2026-08-21T16:28:30+08:00][sql] CONNECT:[ UseTime:0.000600s ] mysql:host=127.0.0.1;port=3306;dbname=jp;charset=utf8mb4
[2026-08-21T16:28:30+08:00][sql] SHOW FULL COLUMNS FROM `goods` [ RunTime:0.000604s ]
[2026-08-21T16:28:30+08:00][sql] SELECT `id` FROM `goods` WHERE  `status` = 1  AND `end_time` <= 1787300910 [ RunTime:0.000203s ]
[2026-08-21T16:28:30+08:00][sql] SHOW FULL COLUMNS FROM `setting` [ RunTime:0.000371s ]
[2026-08-21T16:28:30+08:00][sql] SELECT * FROM `setting` [ RunTime:0.000162s ]
[2026-08-21T16:28:33+08:00][sql] CONNECT:[ UseTime:0.000659s ] mysql:host=127.0.0.1;port=3306;dbname=jp;charset=utf8mb4
[2026-08-21T16:28:33+08:00][sql] SHOW FULL COLUMNS FROM `goods` [ RunTime:0.000619s ]
[2026-08-21T16:28:33+08:00][sql] SELECT `id` FROM `goods` WHERE  `status` = 1  AND `end_time` <= 1787300913 [ RunTime:0.000201s ]
[2026-08-21T16:28:33+08:00][sql] SHOW FULL COLUMNS FROM `setting` [ RunTime:0.000373s ]
[2026-08-21T16:28:33+08:00][sql] SELECT * FROM `setting` [ RunTime:0.000159s ]
[2026-08-21T16:28:33+08:00][sql] SELECT COUNT(*) AS think_count FROM `goods` `g` LEFT JOIN `user` `u` ON `g`.`seller_id`=`u`.`id` WHERE  `g`.`status` = '1'  AND `g`.`start_time` <= '1787300913'  AND `g`.`end_time` > '1787300913' [ RunTime:0.000363s ]
[2026-08-21T16:28:33+08:00][sql] SELECT `g`.*,u.nickname as seller_name FROM `goods` `g` LEFT JOIN `user` `u` ON `g`.`seller_id`=`u`.`id` WHERE  `g`.`status` = '1'  AND `g`.`start_time` <= '1787300913'  AND `g`.`end_time` > '1787300913' ORDER BY `g`.`end_time` ASC,`g`.`id` DESC LIMIT 0,10 [ RunTime:0.000289s ]
[2026-08-21T16:28:33+08:00][sql] SHOW FULL COLUMNS FROM `category` [ RunTime:0.000433s ]
[2026-08-21T16:28:33+08:00][sql] SELECT * FROM `category` WHERE  `status` = 1 ORDER BY `sort` ASC [ RunTime:0.000179s ]
[2026-08-21T16:28:33+08:00][sql] SHOW FULL COLUMNS FROM `bid_record` [ RunTime:0.000379s ]
[2026-08-21T16:28:33+08:00][sql] SELECT `b`.`price`,`b`.`create_time`,`g`.`title`,`u`.`nickname` FROM `bid_record` `b` LEFT JOIN `goods` `g` ON `b`.`goods_id`=`g`.`id` LEFT JOIN `user` `u` ON `b`.`user_id`=`u`.`id` WHERE  `b`.`status` = '1' ORDER BY `b`.`id` DESC LIMIT 5 [ RunTime:0.000220s ]
[2026-08-21T16:28:33+08:00][sql] SHOW FULL COLUMNS FROM `news` [ RunTime:0.000369s ]
[2026-08-21T16:28:33+08:00][sql] SELECT `id`,`title`,`create_time` FROM `news` WHERE  `status` = 1 ORDER BY `id` DESC LIMIT 3 [ RunTime:0.000162s ]
[2026-08-21T16:28:33+08:00][sql] SHOW FULL COLUMNS FROM `banner` [ RunTime:0.000370s ]
[2026-08-21T16:28:33+08:00][sql] SELECT * FROM `banner` WHERE  `status` = 1 ORDER BY `sort` ASC,`id` ASC [ RunTime:0.000174s ]
[2026-08-21T16:28:34+08:00][sql] CONNECT:[ UseTime:0.000642s ] mysql:host=127.0.0.1;port=3306;dbname=jp;charset=utf8mb4
[2026-08-21T16:28:34+08:00][sql] SHOW FULL COLUMNS FROM `goods` [ RunTime:0.000643s ]
[2026-08-21T16:28:34+08:00][sql] SELECT `id` FROM `goods` WHERE  `status` = 1  AND `end_time` <= 1787300914 [ RunTime:0.000205s ]
[2026-08-21T16:28:34+08:00][sql] SHOW FULL COLUMNS FROM `setting` [ RunTime:0.000475s ]
[2026-08-21T16:28:34+08:00][sql] SELECT * FROM `setting` [ RunTime:0.000209s ]
[2026-08-21T16:28:34+08:00][sql] SHOW FULL COLUMNS FROM `category` [ RunTime:0.000507s ]
[2026-08-21T16:28:34+08:00][sql] SELECT * FROM `category` WHERE  `status` = 1 ORDER BY `sort` ASC [ RunTime:0.000199s ]
[2026-08-21T16:28:34+08:00][sql] SELECT COUNT(*),`category_id` FROM `goods` WHERE  `status` = 1  AND `category_id` IN (1,2,3,4) GROUP BY `category_id` [ RunTime:0.001068s ]
[2026-08-21T16:28:36+08:00][sql] CONNECT:[ UseTime:0.000936s ] mysql:host=127.0.0.1;port=3306;dbname=jp;charset=utf8mb4
[2026-08-21T16:28:36+08:00][sql] SHOW FULL COLUMNS FROM `goods` [ RunTime:0.000638s ]
[2026-08-21T16:28:36+08:00][sql] SELECT `id` FROM `goods` WHERE  `status` = 1  AND `end_time` <= 1787300916 [ RunTime:0.000207s ]
[2026-08-21T16:28:36+08:00][sql] SHOW FULL COLUMNS FROM `setting` [ RunTime:0.000382s ]
[2026-08-21T16:28:36+08:00][sql] SELECT * FROM `setting` [ RunTime:0.000161s ]
[2026-08-21T16:28:36+08:00][sql] CONNECT:[ UseTime:0.000607s ] mysql:host=127.0.0.1;port=3306;dbname=jp;charset=utf8mb4
[2026-08-21T16:28:36+08:00][sql] SHOW FULL COLUMNS FROM `goods` [ RunTime:0.000724s ]
[2026-08-21T16:28:36+08:00][sql] SELECT `id` FROM `goods` WHERE  `status` = 1  AND `end_time` <= 1787300916 [ RunTime:0.000218s ]
[2026-08-21T16:28:36+08:00][sql] SHOW FULL COLUMNS FROM `setting` [ RunTime:0.000398s ]
[2026-08-21T16:28:36+08:00][sql] SELECT * FROM `setting` [ RunTime:0.000164s ]
