[2026-08-19T08:53:49+08:00][sql] CONNECT:[ UseTime:0.014464s ] mysql:host=127.0.0.1;port=3306;dbname=auction;charset=utf8mb4
[2026-08-19T08:53:49+08:00][sql] SHOW FULL COLUMNS FROM `admin_user` [ RunTime:0.005267s ]
[2026-08-19T08:53:49+08:00][sql] SELECT * FROM `admin_user` WHERE  `username` = 'admin' LIMIT 1 [ RunTime:0.001147s ]
[2026-08-19T08:53:49+08:00][sql] UPDATE `admin_user`  SET `last_login_ip` = '127.0.0.1' , `last_login_time` = 1787100829  WHERE  `id` = 1 [ RunTime:0.001822s ]
[2026-08-19T08:53:49+08:00][sql] SHOW FULL COLUMNS FROM `admin_log` [ RunTime:0.004923s ]
[2026-08-19T08:53:49+08:00][sql] INSERT INTO `admin_log` SET `admin_id` = 1 , `action` = '登录后台' , `ip` = '127.0.0.1' , `create_time` = 1787100829 [ RunTime:0.001569s ]
[2026-08-19T08:53:50+08:00][sql] CONNECT:[ UseTime:0.001690s ] mysql:host=127.0.0.1;port=3306;dbname=auction;charset=utf8mb4
[2026-08-19T08:53:50+08:00][sql] SHOW FULL COLUMNS FROM `user` [ RunTime:0.003041s ]
[2026-08-19T08:53:50+08:00][sql] SELECT COUNT(*) AS think_count FROM `user` [ RunTime:0.001453s ]
[2026-08-19T08:53:50+08:00][sql] SELECT COUNT(*) AS think_count FROM `user` WHERE  `is_seller` = 1 [ RunTime:0.000684s ]
[2026-08-19T08:53:50+08:00][sql] SHOW FULL COLUMNS FROM `goods` [ RunTime:0.003226s ]
[2026-08-19T08:53:50+08:00][sql] SELECT COUNT(*) AS think_count FROM `goods` [ RunTime:0.000676s ]
[2026-08-19T08:53:50+08:00][sql] SELECT COUNT(*) AS think_count FROM `goods` WHERE  `status` = 1  AND `end_time` > 1787100829 [ RunTime:0.000698s ]
[2026-08-19T08:53:50+08:00][sql] SHOW FULL COLUMNS FROM `order` [ RunTime:0.006063s ]
[2026-08-19T08:53:50+08:00][sql] SELECT COUNT(*) AS think_count FROM `order` [ RunTime:0.001267s ]
[2026-08-19T08:53:50+08:00][sql] SELECT COUNT(*) AS think_count FROM `order` WHERE  `pay_status` = 0  AND `order_status` = 0 [ RunTime:0.001023s ]
[2026-08-19T08:53:50+08:00][sql] SELECT COUNT(*) AS think_count FROM `goods` WHERE  `status` = 0 [ RunTime:0.000834s ]
[2026-08-19T08:53:50+08:00][sql] SELECT COUNT(*) AS think_count FROM `user` WHERE  `seller_check` = 0 [ RunTime:0.000692s ]
[2026-08-19T08:53:50+08:00][sql] SHOW FULL COLUMNS FROM `withdraw` [ RunTime:0.003789s ]
[2026-08-19T08:53:50+08:00][sql] SELECT COUNT(*) AS think_count FROM `withdraw` WHERE  `status` = 0 [ RunTime:0.000742s ]
[2026-08-19T08:53:50+08:00][sql] SELECT SUM(`price`) AS think_sum FROM `order` WHERE  `pay_status` = 1 [ RunTime:0.000632s ]
[2026-08-19T08:53:50+08:00][sql] SELECT SUM(`commission`) AS think_sum FROM `order` WHERE  `pay_status` = 1 [ RunTime:0.000541s ]
[2026-08-19T08:53:50+08:00][sql] SELECT SUM(`price`) AS think_sum FROM `order` WHERE  `pay_status` = 1  AND `pay_time` > 1787068800 [ RunTime:0.000594s ]
[2026-08-19T08:53:50+08:00][sql] SELECT * FROM `order` ORDER BY `id` DESC LIMIT 8 [ RunTime:0.000705s ]
[2026-08-19T08:53:50+08:00][sql] SHOW FULL COLUMNS FROM `bid_record` [ RunTime:0.002838s ]
[2026-08-19T08:53:50+08:00][sql] SELECT `b`.*,g.title as goods_title,`u`.`nickname`,`u`.`mobile` FROM `bid_record` `b` LEFT JOIN `goods` `g` ON `b`.`goods_id`=`g`.`id` LEFT JOIN `user` `u` ON `b`.`user_id`=`u`.`id` ORDER BY `b`.`id` DESC LIMIT 8 [ RunTime:0.000780s ]
[2026-08-19T08:53:50+08:00][sql] SELECT SUM(`price`) AS think_sum FROM `order` WHERE  `pay_time` >= 1786550400  AND `pay_time` < 1786636800 [ RunTime:0.000861s ]
[2026-08-19T08:53:50+08:00][sql] SELECT COUNT(*) AS think_count FROM `order` WHERE  `pay_time` >= 1786550400  AND `pay_time` < 1786636800 [ RunTime:0.000805s ]
[2026-08-19T08:53:50+08:00][sql] SELECT SUM(`price`) AS think_sum FROM `order` WHERE  `pay_time` >= 1786636800  AND `pay_time` < 1786723200 [ RunTime:0.000634s ]
[2026-08-19T08:53:50+08:00][sql] SELECT COUNT(*) AS think_count FROM `order` WHERE  `pay_time` >= 1786636800  AND `pay_time` < 1786723200 [ RunTime:0.000702s ]
[2026-08-19T08:53:50+08:00][sql] SELECT SUM(`price`) AS think_sum FROM `order` WHERE  `pay_time` >= 1786723200  AND `pay_time` < 1786809600 [ RunTime:0.000730s ]
[2026-08-19T08:53:50+08:00][sql] SELECT COUNT(*) AS think_count FROM `order` WHERE  `pay_time` >= 1786723200  AND `pay_time` < 1786809600 [ RunTime:0.000777s ]
[2026-08-19T08:53:50+08:00][sql] SELECT SUM(`price`) AS think_sum FROM `order` WHERE  `pay_time` >= 1786809600  AND `pay_time` < 1786896000 [ RunTime:0.000735s ]
[2026-08-19T08:53:50+08:00][sql] SELECT COUNT(*) AS think_count FROM `order` WHERE  `pay_time` >= 1786809600  AND `pay_time` < 1786896000 [ RunTime:0.000727s ]
[2026-08-19T08:53:50+08:00][sql] SELECT SUM(`price`) AS think_sum FROM `order` WHERE  `pay_time` >= 1786896000  AND `pay_time` < 1786982400 [ RunTime:0.000678s ]
[2026-08-19T08:53:50+08:00][sql] SELECT COUNT(*) AS think_count FROM `order` WHERE  `pay_time` >= 1786896000  AND `pay_time` < 1786982400 [ RunTime:0.000760s ]
[2026-08-19T08:53:50+08:00][sql] SELECT SUM(`price`) AS think_sum FROM `order` WHERE  `pay_time` >= 1786982400  AND `pay_time` < 1787068800 [ RunTime:0.000712s ]
[2026-08-19T08:53:50+08:00][sql] SELECT COUNT(*) AS think_count FROM `order` WHERE  `pay_time` >= 1786982400  AND `pay_time` < 1787068800 [ RunTime:0.000762s ]
[2026-08-19T08:53:50+08:00][sql] SELECT SUM(`price`) AS think_sum FROM `order` WHERE  `pay_time` >= 1787068800  AND `pay_time` < 1787155200 [ RunTime:0.000708s ]
[2026-08-19T08:53:50+08:00][sql] SELECT COUNT(*) AS think_count FROM `order` WHERE  `pay_time` >= 1787068800  AND `pay_time` < 1787155200 [ RunTime:0.000671s ]
[2026-08-19T08:54:05+08:00][sql] CONNECT:[ UseTime:0.002218s ] mysql:host=127.0.0.1;port=3306;dbname=auction;charset=utf8mb4
[2026-08-19T08:54:05+08:00][sql] SHOW FULL COLUMNS FROM `user` [ RunTime:0.003768s ]
[2026-08-19T08:54:05+08:00][sql] SELECT COUNT(*) AS think_count FROM `user` [ RunTime:0.001250s ]
[2026-08-19T08:54:05+08:00][sql] SELECT `id`,`mobile`,`nickname`,`avatar`,`invite_code`,`pid`,`is_seller`,`seller_check`,`balance`,`freeze_balance`,`points`,`commission_rate`,`total_buy`,`total_sell`,`status`,`reg_ip`,`reg_time`,`last_login_time`,`create_time` FROM `user` ORDER BY `id` DESC LIMIT 0,15 [ RunTime:0.000871s ]
[2026-08-19T08:54:10+08:00][sql] CONNECT:[ UseTime:0.008825s ] mysql:host=127.0.0.1;port=3306;dbname=auction;charset=utf8mb4
[2026-08-19T08:54:10+08:00][sql] SHOW FULL COLUMNS FROM `category` [ RunTime:0.003959s ]
[2026-08-19T08:54:10+08:00][sql] SELECT * FROM `category` WHERE  `status` = 1 ORDER BY `sort` ASC [ RunTime:0.001038s ]
[2026-08-19T08:54:10+08:00][sql] SHOW FULL COLUMNS FROM `user` [ RunTime:0.003752s ]
[2026-08-19T08:54:10+08:00][sql] SELECT `id`,`nickname`,`mobile` FROM `user` WHERE  `is_seller` = 1 ORDER BY `id` DESC [ RunTime:0.001074s ]
[2026-08-19T08:54:10+08:00][sql] CONNECT:[ UseTime:0.012115s ] mysql:host=127.0.0.1;port=3306;dbname=auction;charset=utf8mb4
[2026-08-19T08:54:10+08:00][sql] SHOW FULL COLUMNS FROM `goods` [ RunTime:0.004039s ]
[2026-08-19T08:54:10+08:00][sql] SELECT COUNT(*) AS think_count FROM `goods` `g` LEFT JOIN `user` `u` ON `g`.`seller_id`=`u`.`id` LEFT JOIN `category` `c` ON `g`.`category_id`=`c`.`id` [ RunTime:0.005076s ]
[2026-08-19T08:54:10+08:00][sql] SELECT `g`.*,u.mobile as seller_mobile,u.nickname as seller_name,c.name as category_name FROM `goods` `g` LEFT JOIN `user` `u` ON `g`.`seller_id`=`u`.`id` LEFT JOIN `category` `c` ON `g`.`category_id`=`c`.`id` ORDER BY `g`.`id` DESC LIMIT 0,15 [ RunTime:0.002190s ]
[2026-08-19T08:59:44+08:00][sql] CONNECT:[ UseTime:0.025789s ] mysql:host=127.0.0.1;port=3306;dbname=auction;charset=utf8mb4
[2026-08-19T08:59:44+08:00][sql] SHOW FULL COLUMNS FROM `user` [ RunTime:0.004106s ]
[2026-08-19T08:59:44+08:00][sql] SELECT COUNT(*) AS think_count FROM `user` [ RunTime:0.000566s ]
[2026-08-19T08:59:44+08:00][sql] SELECT `id`,`mobile`,`nickname`,`avatar`,`invite_code`,`pid`,`is_seller`,`seller_check`,`balance`,`freeze_balance`,`points`,`commission_rate`,`total_buy`,`total_sell`,`status`,`reg_ip`,`reg_time`,`last_login_time`,`create_time` FROM `user` ORDER BY `id` DESC LIMIT 0,15 [ RunTime:0.000674s ]
[2026-08-19T09:01:10+08:00][sql] CONNECT:[ UseTime:0.012848s ] mysql:host=127.0.0.1;port=3306;dbname=auction;charset=utf8mb4
[2026-08-19T09:01:10+08:00][sql] SHOW FULL COLUMNS FROM `user` [ RunTime:0.001997s ]
[2026-08-19T09:01:10+08:00][sql] SELECT COUNT(*) AS think_count FROM `user` [ RunTime:0.001067s ]
[2026-08-19T09:01:10+08:00][sql] SELECT `id`,`mobile`,`nickname`,`avatar`,`invite_code`,`pid`,`is_seller`,`seller_check`,`balance`,`freeze_balance`,`points`,`commission_rate`,`total_buy`,`total_sell`,`status`,`reg_ip`,`reg_time`,`last_login_time`,`create_time` FROM `user` ORDER BY `id` DESC LIMIT 0,15 [ RunTime:0.001237s ]
[2026-08-19T09:01:21+08:00][sql] CONNECT:[ UseTime:0.006847s ] mysql:host=127.0.0.1;port=3306;dbname=auction;charset=utf8mb4
[2026-08-19T09:01:21+08:00][sql] SHOW FULL COLUMNS FROM `user` [ RunTime:0.001408s ]
[2026-08-19T09:01:21+08:00][sql] SELECT * FROM `user` WHERE  `id` = 27 LIMIT 1 [ RunTime:0.000892s ]
[2026-08-19T09:01:21+08:00][sql] UPDATE `user`  SET `balance` = '100000'  WHERE  `id` = 27 [ RunTime:0.000758s ]
[2026-08-19T09:01:21+08:00][sql] SHOW FULL COLUMNS FROM `balance_log` [ RunTime:0.001698s ]
[2026-08-19T09:01:21+08:00][sql] INSERT INTO `balance_log` SET `user_id` = 27 , `type` = 'recharge' , `amount` = '100000' , `balance` = '100000' , `remark` = '后台调整' , `create_time` = 1787101281 [ RunTime:0.000710s ]
[2026-08-19T09:01:21+08:00][sql] SHOW FULL COLUMNS FROM `admin_log` [ RunTime:0.003027s ]
[2026-08-19T09:01:22+08:00][sql] CONNECT:[ UseTime:0.013661s ] mysql:host=127.0.0.1;port=3306;dbname=auction;charset=utf8mb4
[2026-08-19T09:01:22+08:00][sql] SHOW FULL COLUMNS FROM `user` [ RunTime:0.001764s ]
[2026-08-19T09:01:22+08:00][sql] SELECT COUNT(*) AS think_count FROM `user` [ RunTime:0.000686s ]
[2026-08-19T09:01:22+08:00][sql] SELECT `id`,`mobile`,`nickname`,`avatar`,`invite_code`,`pid`,`is_seller`,`seller_check`,`balance`,`freeze_balance`,`points`,`commission_rate`,`total_buy`,`total_sell`,`status`,`reg_ip`,`reg_time`,`last_login_time`,`create_time` FROM `user` ORDER BY `id` DESC LIMIT 0,15 [ RunTime:0.000742s ]
[2026-08-19T09:10:12+08:00][sql] CONNECT:[ UseTime:0.023237s ] mysql:host=127.0.0.1;port=3306;dbname=auction;charset=utf8mb4
[2026-08-19T09:10:12+08:00][sql] SHOW FULL COLUMNS FROM `category` [ RunTime:0.001862s ]
[2026-08-19T09:10:12+08:00][sql] SELECT * FROM `category` WHERE  `status` = 1 ORDER BY `sort` ASC [ RunTime:0.001007s ]
[2026-08-19T09:10:12+08:00][sql] SHOW FULL COLUMNS FROM `user` [ RunTime:0.002127s ]
[2026-08-19T09:10:12+08:00][sql] SELECT `id`,`nickname`,`mobile` FROM `user` WHERE  `is_seller` = 1 ORDER BY `id` DESC [ RunTime:0.001153s ]
[2026-08-19T09:10:13+08:00][sql] CONNECT:[ UseTime:0.013114s ] mysql:host=127.0.0.1;port=3306;dbname=auction;charset=utf8mb4
[2026-08-19T09:10:13+08:00][sql] SHOW FULL COLUMNS FROM `goods` [ RunTime:0.002300s ]
[2026-08-19T09:10:13+08:00][sql] SELECT COUNT(*) AS think_count FROM `goods` `g` LEFT JOIN `user` `u` ON `g`.`seller_id`=`u`.`id` LEFT JOIN `category` `c` ON `g`.`category_id`=`c`.`id` [ RunTime:0.001272s ]
[2026-08-19T09:10:13+08:00][sql] SELECT `g`.*,u.mobile as seller_mobile,u.nickname as seller_name,c.name as category_name FROM `goods` `g` LEFT JOIN `user` `u` ON `g`.`seller_id`=`u`.`id` LEFT JOIN `category` `c` ON `g`.`category_id`=`c`.`id` ORDER BY `g`.`id` DESC LIMIT 0,15 [ RunTime:0.002365s ]
[2026-08-19T09:10:16+08:00][sql] CONNECT:[ UseTime:0.020960s ] mysql:host=127.0.0.1;port=3306;dbname=auction;charset=utf8mb4
[2026-08-19T09:10:16+08:00][sql] SHOW FULL COLUMNS FROM `goods` [ RunTime:0.002006s ]
[2026-08-19T09:10:16+08:00][sql] SELECT `g`.*,u.mobile as seller_mobile,u.nickname as seller_name,c.name as category_name FROM `goods` `g` LEFT JOIN `user` `u` ON `g`.`seller_id`=`u`.`id` LEFT JOIN `category` `c` ON `g`.`category_id`=`c`.`id` WHERE  `g`.`id` = '33' LIMIT 1 [ RunTime:0.001472s ]
[2026-08-19T09:10:16+08:00][sql] SHOW FULL COLUMNS FROM `bid_record` [ RunTime:0.001730s ]
[2026-08-19T09:10:16+08:00][sql] SELECT `b`.*,`u`.`mobile`,`u`.`nickname` FROM `bid_record` `b` LEFT JOIN `user` `u` ON `b`.`user_id`=`u`.`id` WHERE  `b`.`goods_id` = '33' ORDER BY `b`.`price` DESC [ RunTime:0.001294s ]
[2026-08-19T09:10:16+08:00][sql] SHOW FULL COLUMNS FROM `order` [ RunTime:0.001819s ]
[2026-08-19T09:10:16+08:00][sql] SELECT * FROM `order` WHERE  `goods_id` = 33 LIMIT 1 [ RunTime:0.000992s ]
[2026-08-19T09:10:22+08:00][sql] CONNECT:[ UseTime:0.003365s ] mysql:host=127.0.0.1;port=3306;dbname=auction;charset=utf8mb4
[2026-08-19T09:10:22+08:00][sql] SHOW FULL COLUMNS FROM `category` [ RunTime:0.004406s ]
[2026-08-19T09:10:22+08:00][sql] SELECT * FROM `category` WHERE  `status` = 1 ORDER BY `sort` ASC [ RunTime:0.000924s ]
[2026-08-19T09:10:22+08:00][sql] SHOW FULL COLUMNS FROM `user` [ RunTime:0.001690s ]
[2026-08-19T09:10:22+08:00][sql] SELECT `id`,`nickname`,`mobile` FROM `user` WHERE  `is_seller` = 1 ORDER BY `id` DESC [ RunTime:0.000836s ]
[2026-08-19T09:10:22+08:00][sql] CONNECT:[ UseTime:0.001891s ] mysql:host=127.0.0.1;port=3306;dbname=auction;charset=utf8mb4
[2026-08-19T09:10:22+08:00][sql] SHOW FULL COLUMNS FROM `goods` [ RunTime:0.001406s ]
[2026-08-19T09:10:22+08:00][sql] SELECT COUNT(*) AS think_count FROM `goods` `g` LEFT JOIN `user` `u` ON `g`.`seller_id`=`u`.`id` LEFT JOIN `category` `c` ON `g`.`category_id`=`c`.`id` [ RunTime:0.002430s ]
[2026-08-19T09:10:22+08:00][sql] SELECT `g`.*,u.mobile as seller_mobile,u.nickname as seller_name,c.name as category_name FROM `goods` `g` LEFT JOIN `user` `u` ON `g`.`seller_id`=`u`.`id` LEFT JOIN `category` `c` ON `g`.`category_id`=`c`.`id` ORDER BY `g`.`id` DESC LIMIT 0,15 [ RunTime:0.001811s ]
[2026-08-19T09:18:21+08:00][sql] CONNECT:[ UseTime:0.016502s ] mysql:host=127.0.0.1;port=3306;dbname=auction;charset=utf8mb4
[2026-08-19T09:18:21+08:00][sql] SHOW FULL COLUMNS FROM `bid_record` [ RunTime:0.001567s ]
[2026-08-19T09:18:21+08:00][sql] SELECT COUNT(*) AS think_count FROM `bid_record` `b` LEFT JOIN `goods` `g` ON `b`.`goods_id`=`g`.`id` LEFT JOIN `user` `u` ON `b`.`user_id`=`u`.`id` [ RunTime:0.000903s ]
[2026-08-19T09:18:21+08:00][sql] SELECT `b`.*,g.title as goods_title,`u`.`mobile`,`u`.`nickname` FROM `bid_record` `b` LEFT JOIN `goods` `g` ON `b`.`goods_id`=`g`.`id` LEFT JOIN `user` `u` ON `b`.`user_id`=`u`.`id` ORDER BY `b`.`id` DESC LIMIT 0,15 [ RunTime:0.000979s ]
[2026-08-19T09:18:22+08:00][sql] CONNECT:[ UseTime:0.023410s ] mysql:host=127.0.0.1;port=3306;dbname=auction;charset=utf8mb4
[2026-08-19T09:18:22+08:00][sql] SHOW FULL COLUMNS FROM `order` [ RunTime:0.001893s ]
[2026-08-19T09:18:22+08:00][sql] SELECT COUNT(*) AS think_count FROM `order` `o` LEFT JOIN `user` `u` ON `o`.`buyer_id`=`u`.`id` LEFT JOIN `user` `s` ON `o`.`seller_id`=`s`.`id` [ RunTime:0.003671s ]
[2026-08-19T09:18:22+08:00][sql] SELECT `o`.*,u.mobile as buyer_mobile,u.nickname as buyer_name,s.mobile as seller_mobile,s.nickname as seller_name FROM `order` `o` LEFT JOIN `user` `u` ON `o`.`buyer_id`=`u`.`id` LEFT JOIN `user` `s` ON `o`.`seller_id`=`s`.`id` ORDER BY `o`.`id` DESC LIMIT 0,15 [ RunTime:0.001336s ]
[2026-08-19T09:18:24+08:00][sql] CONNECT:[ UseTime:0.015860s ] mysql:host=127.0.0.1;port=3306;dbname=auction;charset=utf8mb4
[2026-08-19T09:18:24+08:00][sql] SHOW FULL COLUMNS FROM `order` [ RunTime:0.001470s ]
[2026-08-19T09:18:24+08:00][sql] SELECT `o`.*,u.mobile as buyer_mobile,u.nickname as buyer_name,s.mobile as seller_mobile,s.nickname as seller_name FROM `order` `o` LEFT JOIN `user` `u` ON `o`.`buyer_id`=`u`.`id` LEFT JOIN `user` `s` ON `o`.`seller_id`=`s`.`id` WHERE  `o`.`id` = '8' LIMIT 1 [ RunTime:0.002552s ]
[2026-08-19T09:18:39+08:00][sql] CONNECT:[ UseTime:0.007696s ] mysql:host=127.0.0.1;port=3306;dbname=auction;charset=utf8mb4
[2026-08-19T09:18:39+08:00][sql] SHOW FULL COLUMNS FROM `order` [ RunTime:0.001523s ]
[2026-08-19T09:18:39+08:00][sql] SELECT * FROM `order` WHERE  `id` = 8 LIMIT 1 [ RunTime:0.000737s ]
[2026-08-19T09:18:39+08:00][sql] UPDATE `order`  SET `order_status` = 2 , `ship_company` = '中通快递' , `ship_no` = '8888888888888' , `ship_time` = 1787102319  WHERE  `id` = 8 [ RunTime:0.001740s ]
[2026-08-19T09:18:39+08:00][sql] SHOW FULL COLUMNS FROM `admin_log` [ RunTime:0.002666s ]
[2026-08-19T09:18:40+08:00][sql] CONNECT:[ UseTime:0.016180s ] mysql:host=127.0.0.1;port=3306;dbname=auction;charset=utf8mb4
[2026-08-19T09:18:40+08:00][sql] SHOW FULL COLUMNS FROM `order` [ RunTime:0.001204s ]
[2026-08-19T09:18:40+08:00][sql] SELECT `o`.*,u.mobile as buyer_mobile,u.nickname as buyer_name,s.mobile as seller_mobile,s.nickname as seller_name FROM `order` `o` LEFT JOIN `user` `u` ON `o`.`buyer_id`=`u`.`id` LEFT JOIN `user` `s` ON `o`.`seller_id`=`s`.`id` WHERE  `o`.`id` = '8' LIMIT 1 [ RunTime:0.002525s ]
[2026-08-19T09:23:09+08:00][sql] CONNECT:[ UseTime:0.018518s ] mysql:host=127.0.0.1;port=3306;dbname=auction;charset=utf8mb4
[2026-08-19T09:23:09+08:00][sql] SHOW FULL COLUMNS FROM `user` [ RunTime:0.002117s ]
[2026-08-19T09:23:09+08:00][sql] SELECT COUNT(*) AS think_count FROM `user` [ RunTime:0.000837s ]
[2026-08-19T09:23:09+08:00][sql] SELECT COUNT(*) AS think_count FROM `user` WHERE  `is_seller` = 1 [ RunTime:0.000902s ]
[2026-08-19T09:23:09+08:00][sql] SHOW FULL COLUMNS FROM `goods` [ RunTime:0.001758s ]
[2026-08-19T09:23:09+08:00][sql] SELECT COUNT(*) AS think_count FROM `goods` [ RunTime:0.000813s ]
[2026-08-19T09:23:09+08:00][sql] SELECT COUNT(*) AS think_count FROM `goods` WHERE  `status` = 1  AND `end_time` > 1787102589 [ RunTime:0.000860s ]
[2026-08-19T09:23:09+08:00][sql] SHOW FULL COLUMNS FROM `order` [ RunTime:0.001611s ]
[2026-08-19T09:23:09+08:00][sql] SELECT COUNT(*) AS think_count FROM `order` [ RunTime:0.000753s ]
[2026-08-19T09:23:09+08:00][sql] SELECT COUNT(*) AS think_count FROM `order` WHERE  `pay_status` = 0  AND `order_status` = 0 [ RunTime:0.000812s ]
[2026-08-19T09:23:09+08:00][sql] SELECT COUNT(*) AS think_count FROM `goods` WHERE  `status` = 0 [ RunTime:0.001005s ]
[2026-08-19T09:23:09+08:00][sql] SELECT COUNT(*) AS think_count FROM `user` WHERE  `seller_check` = 0 [ RunTime:0.000705s ]
[2026-08-19T09:23:09+08:00][sql] SHOW FULL COLUMNS FROM `withdraw` [ RunTime:0.003185s ]
[2026-08-19T09:23:09+08:00][sql] SELECT COUNT(*) AS think_count FROM `withdraw` WHERE  `status` = 0 [ RunTime:0.000910s ]
[2026-08-19T09:23:09+08:00][sql] SELECT SUM(`price`) AS think_sum FROM `order` WHERE  `pay_status` = 1 [ RunTime:0.000841s ]
[2026-08-19T09:23:09+08:00][sql] SELECT SUM(`commission`) AS think_sum FROM `order` WHERE  `pay_status` = 1 [ RunTime:0.000806s ]
[2026-08-19T09:23:09+08:00][sql] SELECT SUM(`price`) AS think_sum FROM `order` WHERE  `pay_status` = 1  AND `pay_time` > 1787068800 [ RunTime:0.000822s ]
[2026-08-19T09:23:09+08:00][sql] SELECT * FROM `order` ORDER BY `id` DESC LIMIT 8 [ RunTime:0.000890s ]
[2026-08-19T09:23:09+08:00][sql] SHOW FULL COLUMNS FROM `bid_record` [ RunTime:0.001454s ]
[2026-08-19T09:23:09+08:00][sql] SELECT `b`.*,g.title as goods_title,`u`.`nickname`,`u`.`mobile` FROM `bid_record` `b` LEFT JOIN `goods` `g` ON `b`.`goods_id`=`g`.`id` LEFT JOIN `user` `u` ON `b`.`user_id`=`u`.`id` ORDER BY `b`.`id` DESC LIMIT 8 [ RunTime:0.000941s ]
[2026-08-19T09:23:09+08:00][sql] SELECT SUM(`price`) AS think_sum FROM `order` WHERE  `pay_time` >= 1786550400  AND `pay_time` < 1786636800 [ RunTime:0.000778s ]
[2026-08-19T09:23:09+08:00][sql] SELECT COUNT(*) AS think_count FROM `order` WHERE  `pay_time` >= 1786550400  AND `pay_time` < 1786636800 [ RunTime:0.000809s ]
[2026-08-19T09:23:09+08:00][sql] SELECT SUM(`price`) AS think_sum FROM `order` WHERE  `pay_time` >= 1786636800  AND `pay_time` < 1786723200 [ RunTime:0.000830s ]
[2026-08-19T09:23:09+08:00][sql] SELECT COUNT(*) AS think_count FROM `order` WHERE  `pay_time` >= 1786636800  AND `pay_time` < 1786723200 [ RunTime:0.000795s ]
[2026-08-19T09:23:09+08:00][sql] SELECT SUM(`price`) AS think_sum FROM `order` WHERE  `pay_time` >= 1786723200  AND `pay_time` < 1786809600 [ RunTime:0.000806s ]
[2026-08-19T09:23:09+08:00][sql] SELECT COUNT(*) AS think_count FROM `order` WHERE  `pay_time` >= 1786723200  AND `pay_time` < 1786809600 [ RunTime:0.000857s ]
[2026-08-19T09:23:09+08:00][sql] SELECT SUM(`price`) AS think_sum FROM `order` WHERE  `pay_time` >= 1786809600  AND `pay_time` < 1786896000 [ RunTime:0.000860s ]
[2026-08-19T09:23:09+08:00][sql] SELECT COUNT(*) AS think_count FROM `order` WHERE  `pay_time` >= 1786809600  AND `pay_time` < 1786896000 [ RunTime:0.000819s ]
[2026-08-19T09:23:09+08:00][sql] SELECT SUM(`price`) AS think_sum FROM `order` WHERE  `pay_time` >= 1786896000  AND `pay_time` < 1786982400 [ RunTime:0.000817s ]
[2026-08-19T09:23:09+08:00][sql] SELECT COUNT(*) AS think_count FROM `order` WHERE  `pay_time` >= 1786896000  AND `pay_time` < 1786982400 [ RunTime:0.000806s ]
[2026-08-19T09:23:09+08:00][sql] SELECT SUM(`price`) AS think_sum FROM `order` WHERE  `pay_time` >= 1786982400  AND `pay_time` < 1787068800 [ RunTime:0.000807s ]
[2026-08-19T09:23:09+08:00][sql] SELECT COUNT(*) AS think_count FROM `order` WHERE  `pay_time` >= 1786982400  AND `pay_time` < 1787068800 [ RunTime:0.000740s ]
[2026-08-19T09:23:09+08:00][sql] SELECT SUM(`price`) AS think_sum FROM `order` WHERE  `pay_time` >= 1787068800  AND `pay_time` < 1787155200 [ RunTime:0.000751s ]
[2026-08-19T09:23:09+08:00][sql] SELECT COUNT(*) AS think_count FROM `order` WHERE  `pay_time` >= 1787068800  AND `pay_time` < 1787155200 [ RunTime:0.000755s ]
[2026-08-19T09:27:11+08:00][sql] CONNECT:[ UseTime:0.019329s ] mysql:host=127.0.0.1;port=3306;dbname=auction;charset=utf8mb4
[2026-08-19T09:27:11+08:00][sql] SHOW FULL COLUMNS FROM `user` [ RunTime:0.001474s ]
[2026-08-19T09:27:11+08:00][sql] SELECT COUNT(*) AS think_count FROM `user` [ RunTime:0.000616s ]
[2026-08-19T09:27:11+08:00][sql] SELECT `id`,`mobile`,`nickname`,`avatar`,`invite_code`,`pid`,`is_seller`,`seller_check`,`balance`,`freeze_balance`,`points`,`commission_rate`,`total_buy`,`total_sell`,`status`,`reg_ip`,`reg_time`,`last_login_time`,`create_time` FROM `user` ORDER BY `id` DESC LIMIT 0,15 [ RunTime:0.000730s ]
[2026-08-19T09:31:59+08:00][sql] CONNECT:[ UseTime:0.019215s ] mysql:host=127.0.0.1;port=3306;dbname=auction;charset=utf8mb4
[2026-08-19T09:31:59+08:00][sql] SHOW FULL COLUMNS FROM `user` [ RunTime:0.001825s ]
[2026-08-19T09:31:59+08:00][sql] SELECT COUNT(*) AS think_count FROM `user` WHERE  `auth_status` <> 0 [ RunTime:0.000825s ]
[2026-08-19T09:31:59+08:00][sql] SELECT `id`,`mobile`,`nickname`,`real_name`,`id_card`,`id_card_front`,`id_card_back`,`auth_status`,`auth_reason`,`auth_time`,`reg_time`,`create_time` FROM `user` WHERE  `auth_status` <> 0 ORDER BY `id` DESC LIMIT 0,15 [ RunTime:0.000666s ]
[2026-08-19T09:32:01+08:00][sql] CONNECT:[ UseTime:0.015575s ] mysql:host=127.0.0.1;port=3306;dbname=auction;charset=utf8mb4
[2026-08-19T09:32:01+08:00][sql] SHOW FULL COLUMNS FROM `user` [ RunTime:0.002208s ]
[2026-08-19T09:32:01+08:00][sql] SELECT * FROM `user` WHERE  `id` = 27 LIMIT 1 [ RunTime:0.001141s ]
[2026-08-19T09:32:01+08:00][sql] UPDATE `user`  SET `auth_status` = 2 , `auth_reason` = '' , `auth_time` = 1787103121  WHERE  `id` = 27 [ RunTime:0.005656s ]
[2026-08-19T09:32:01+08:00][sql] SHOW FULL COLUMNS FROM `admin_log` [ RunTime:0.003951s ]
[2026-08-19T09:32:02+08:00][sql] CONNECT:[ UseTime:0.001587s ] mysql:host=127.0.0.1;port=3306;dbname=auction;charset=utf8mb4
[2026-08-19T09:32:02+08:00][sql] SHOW FULL COLUMNS FROM `user` [ RunTime:0.001561s ]
[2026-08-19T09:32:02+08:00][sql] SELECT COUNT(*) AS think_count FROM `user` WHERE  `auth_status` <> 0 [ RunTime:0.000764s ]
[2026-08-19T09:32:02+08:00][sql] SELECT `id`,`mobile`,`nickname`,`real_name`,`id_card`,`id_card_front`,`id_card_back`,`auth_status`,`auth_reason`,`auth_time`,`reg_time`,`create_time` FROM `user` WHERE  `auth_status` <> 0 ORDER BY `id` DESC LIMIT 0,15 [ RunTime:0.000986s ]
[2026-08-19T09:43:04+08:00][sql] CONNECT:[ UseTime:0.014557s ] mysql:host=127.0.0.1;port=3306;dbname=auction;charset=utf8mb4
[2026-08-19T09:43:04+08:00][sql] SHOW FULL COLUMNS FROM `order` [ RunTime:0.001690s ]
[2026-08-19T09:43:04+08:00][sql] SELECT COUNT(*) AS think_count FROM `order` `o` LEFT JOIN `user` `u` ON `o`.`buyer_id`=`u`.`id` LEFT JOIN `user` `s` ON `o`.`seller_id`=`s`.`id` [ RunTime:0.003079s ]
[2026-08-19T09:43:04+08:00][sql] SELECT `o`.*,u.mobile as buyer_mobile,u.nickname as buyer_name,s.mobile as seller_mobile,s.nickname as seller_name FROM `order` `o` LEFT JOIN `user` `u` ON `o`.`buyer_id`=`u`.`id` LEFT JOIN `user` `s` ON `o`.`seller_id`=`s`.`id` ORDER BY `o`.`id` DESC LIMIT 0,15 [ RunTime:0.000960s ]
[2026-08-19T09:44:12+08:00][sql] CONNECT:[ UseTime:0.016809s ] mysql:host=127.0.0.1;port=3306;dbname=auction;charset=utf8mb4
[2026-08-19T09:44:12+08:00][sql] SHOW FULL COLUMNS FROM `user` [ RunTime:0.001320s ]
[2026-08-19T09:44:12+08:00][sql] SELECT COUNT(*) AS think_count FROM `user` [ RunTime:0.000640s ]
[2026-08-19T09:44:12+08:00][sql] SELECT `id`,`mobile`,`nickname`,`avatar`,`invite_code`,`pid`,`is_seller`,`seller_check`,`balance`,`freeze_balance`,`points`,`commission_rate`,`total_buy`,`total_sell`,`status`,`reg_ip`,`reg_time`,`last_login_time`,`create_time` FROM `user` ORDER BY `id` DESC LIMIT 0,15 [ RunTime:0.000738s ]
[2026-08-19T09:44:29+08:00][sql] CONNECT:[ UseTime:0.011466s ] mysql:host=127.0.0.1;port=3306;dbname=auction;charset=utf8mb4
[2026-08-19T09:44:29+08:00][sql] SHOW FULL COLUMNS FROM `setting` [ RunTime:0.001993s ]
[2026-08-19T09:44:29+08:00][sql] SELECT `value`,`name` FROM `setting` [ RunTime:0.001094s ]
[2026-08-19T09:44:29+08:00][error] [2]Undefined array key "service_link"[D:\work\08\17_3\runtime\admin\temp\dcc7a7bc3a7b7fb40ba1178b5bc6f966.php:221]
[2026-08-19T09:44:32+08:00][sql] CONNECT:[ UseTime:0.006662s ] mysql:host=127.0.0.1;port=3306;dbname=auction;charset=utf8mb4
[2026-08-19T09:44:32+08:00][sql] SHOW FULL COLUMNS FROM `setting` [ RunTime:0.001773s ]
[2026-08-19T09:44:32+08:00][sql] SELECT `value`,`name` FROM `setting` [ RunTime:0.000877s ]
[2026-08-19T09:44:32+08:00][error] [2]Undefined array key "service_link"[D:\work\08\17_3\runtime\admin\temp\dcc7a7bc3a7b7fb40ba1178b5bc6f966.php:221]
[2026-08-19T09:44:39+08:00][sql] CONNECT:[ UseTime:0.020657s ] mysql:host=127.0.0.1;port=3306;dbname=auction;charset=utf8mb4
[2026-08-19T09:44:39+08:00][sql] SHOW FULL COLUMNS FROM `setting` [ RunTime:0.001495s ]
[2026-08-19T09:44:39+08:00][sql] SELECT `value`,`name` FROM `setting` [ RunTime:0.000625s ]
[2026-08-19T09:44:39+08:00][error] [2]Undefined array key "service_link"[D:\work\08\17_3\runtime\admin\temp\dcc7a7bc3a7b7fb40ba1178b5bc6f966.php:221]
[2026-08-19T09:44:46+08:00][sql] CONNECT:[ UseTime:0.019754s ] mysql:host=127.0.0.1;port=3306;dbname=auction;charset=utf8mb4
[2026-08-19T09:44:46+08:00][sql] SHOW FULL COLUMNS FROM `setting` [ RunTime:0.002346s ]
[2026-08-19T09:44:46+08:00][sql] SELECT `value`,`name` FROM `setting` [ RunTime:0.001017s ]
[2026-08-19T09:44:46+08:00][error] [2]Undefined array key "service_link"[D:\work\08\17_3\runtime\admin\temp\dcc7a7bc3a7b7fb40ba1178b5bc6f966.php:221]
[2026-08-19T09:44:48+08:00][sql] CONNECT:[ UseTime:0.001522s ] mysql:host=127.0.0.1;port=3306;dbname=auction;charset=utf8mb4
[2026-08-19T09:44:48+08:00][sql] SHOW FULL COLUMNS FROM `banner` [ RunTime:0.001225s ]
[2026-08-19T09:44:48+08:00][sql] SELECT * FROM `banner` ORDER BY `sort` ASC,`id` ASC [ RunTime:0.000553s ]
[2026-08-19T09:44:51+08:00][sql] CONNECT:[ UseTime:0.012000s ] mysql:host=127.0.0.1;port=3306;dbname=auction;charset=utf8mb4
[2026-08-19T09:44:51+08:00][sql] SHOW FULL COLUMNS FROM `news` [ RunTime:0.003090s ]
[2026-08-19T09:44:51+08:00][sql] SELECT * FROM `news` ORDER BY `id` DESC [ RunTime:0.000721s ]
[2026-08-19T09:44:52+08:00][sql] CONNECT:[ UseTime:0.014733s ] mysql:host=127.0.0.1;port=3306;dbname=auction;charset=utf8mb4
[2026-08-19T09:44:52+08:00][sql] SHOW FULL COLUMNS FROM `admin_user` [ RunTime:0.004197s ]
[2026-08-19T09:44:52+08:00][sql] SELECT * FROM `admin_user` ORDER BY `id` ASC [ RunTime:0.000959s ]
[2026-08-19T09:44:56+08:00][sql] CONNECT:[ UseTime:0.001618s ] mysql:host=127.0.0.1;port=3306;dbname=auction;charset=utf8mb4
[2026-08-19T09:44:56+08:00][sql] SHOW FULL COLUMNS FROM `admin_log` [ RunTime:0.003366s ]
[2026-08-19T09:44:56+08:00][sql] SELECT COUNT(*) AS think_count FROM `admin_log` `l` LEFT JOIN `admin_user` `a` ON `l`.`admin_id`=`a`.`id` [ RunTime:0.003328s ]
[2026-08-19T09:44:56+08:00][sql] SELECT `l`.*,`a`.`username`,`a`.`real_name` FROM `admin_log` `l` LEFT JOIN `admin_user` `a` ON `l`.`admin_id`=`a`.`id` ORDER BY `l`.`id` DESC LIMIT 0,15 [ RunTime:0.001296s ]
[2026-08-19T09:45:01+08:00][sql] CONNECT:[ UseTime:0.009024s ] mysql:host=127.0.0.1;port=3306;dbname=auction;charset=utf8mb4
[2026-08-19T09:45:01+08:00][sql] SHOW FULL COLUMNS FROM `order` [ RunTime:0.002968s ]
[2026-08-19T09:45:01+08:00][sql] SELECT COUNT(*) AS think_count FROM `order` `o` LEFT JOIN `user` `u` ON `o`.`buyer_id`=`u`.`id` LEFT JOIN `user` `s` ON `o`.`seller_id`=`s`.`id` [ RunTime:0.003314s ]
[2026-08-19T09:45:01+08:00][sql] SELECT `o`.*,u.mobile as buyer_mobile,u.nickname as buyer_name,s.mobile as seller_mobile,s.nickname as seller_name FROM `order` `o` LEFT JOIN `user` `u` ON `o`.`buyer_id`=`u`.`id` LEFT JOIN `user` `s` ON `o`.`seller_id`=`s`.`id` ORDER BY `o`.`id` DESC LIMIT 0,15 [ RunTime:0.001380s ]
[2026-08-19T09:45:02+08:00][sql] CONNECT:[ UseTime:0.025595s ] mysql:host=127.0.0.1;port=3306;dbname=auction;charset=utf8mb4
[2026-08-19T09:45:02+08:00][sql] SHOW FULL COLUMNS FROM `after_sale` [ RunTime:0.002833s ]
[2026-08-19T09:45:02+08:00][sql] SELECT COUNT(*) AS think_count FROM `after_sale` `a` LEFT JOIN `user` `u` ON `a`.`user_id`=`u`.`id` [ RunTime:0.001448s ]
[2026-08-19T09:45:02+08:00][sql] SELECT `a`.*,u.mobile as buyer_mobile,u.nickname as buyer_name FROM `after_sale` `a` LEFT JOIN `user` `u` ON `a`.`user_id`=`u`.`id` ORDER BY `a`.`id` DESC LIMIT 0,15 [ RunTime:0.000874s ]
[2026-08-19T09:45:13+08:00][sql] CONNECT:[ UseTime:0.008103s ] mysql:host=127.0.0.1;port=3306;dbname=auction;charset=utf8mb4
[2026-08-19T09:45:13+08:00][sql] SHOW FULL COLUMNS FROM `after_sale` [ RunTime:0.002836s ]
[2026-08-19T09:45:13+08:00][sql] SELECT COUNT(*) AS think_count FROM `after_sale` `a` LEFT JOIN `user` `u` ON `a`.`user_id`=`u`.`id` [ RunTime:0.000613s ]
[2026-08-19T09:45:13+08:00][sql] SELECT `a`.*,u.mobile as buyer_mobile,u.nickname as buyer_name FROM `after_sale` `a` LEFT JOIN `user` `u` ON `a`.`user_id`=`u`.`id` ORDER BY `a`.`id` DESC LIMIT 0,15 [ RunTime:0.000540s ]
[2026-08-19T09:46:03+08:00][sql] CONNECT:[ UseTime:0.005497s ] mysql:host=127.0.0.1;port=3306;dbname=auction;charset=utf8mb4
[2026-08-19T09:46:03+08:00][sql] SHOW FULL COLUMNS FROM `after_sale` [ RunTime:0.001663s ]
[2026-08-19T09:46:03+08:00][sql] SELECT COUNT(*) AS think_count FROM `after_sale` `a` LEFT JOIN `user` `u` ON `a`.`user_id`=`u`.`id` [ RunTime:0.000740s ]
[2026-08-19T09:46:03+08:00][sql] SELECT `a`.*,u.mobile as buyer_mobile,u.nickname as buyer_name FROM `after_sale` `a` LEFT JOIN `user` `u` ON `a`.`user_id`=`u`.`id` ORDER BY `a`.`id` DESC LIMIT 0,15 [ RunTime:0.000704s ]
[2026-08-19T09:46:04+08:00][sql] CONNECT:[ UseTime:0.025133s ] mysql:host=127.0.0.1;port=3306;dbname=auction;charset=utf8mb4
[2026-08-19T09:46:04+08:00][sql] SHOW FULL COLUMNS FROM `after_sale` [ RunTime:0.002493s ]
[2026-08-19T09:46:04+08:00][sql] SELECT COUNT(*) AS think_count FROM `after_sale` `a` LEFT JOIN `user` `u` ON `a`.`user_id`=`u`.`id` [ RunTime:0.001051s ]
[2026-08-19T09:46:04+08:00][sql] SELECT `a`.*,u.mobile as buyer_mobile,u.nickname as buyer_name FROM `after_sale` `a` LEFT JOIN `user` `u` ON `a`.`user_id`=`u`.`id` ORDER BY `a`.`id` DESC LIMIT 0,15 [ RunTime:0.001053s ]
[2026-08-19T09:46:10+08:00][sql] CONNECT:[ UseTime:0.002222s ] mysql:host=127.0.0.1;port=3306;dbname=auction;charset=utf8mb4
[2026-08-19T09:46:10+08:00][sql] SHOW FULL COLUMNS FROM `after_sale` [ RunTime:0.001275s ]
[2026-08-19T09:46:10+08:00][sql] SELECT COUNT(*) AS think_count FROM `after_sale` `a` LEFT JOIN `user` `u` ON `a`.`user_id`=`u`.`id` [ RunTime:0.000596s ]
[2026-08-19T09:46:10+08:00][sql] SELECT `a`.*,u.mobile as buyer_mobile,u.nickname as buyer_name FROM `after_sale` `a` LEFT JOIN `user` `u` ON `a`.`user_id`=`u`.`id` ORDER BY `a`.`id` DESC LIMIT 0,15 [ RunTime:0.000691s ]
[2026-08-19T09:47:38+08:00][sql] CONNECT:[ UseTime:0.008844s ] mysql:host=127.0.0.1;port=3306;dbname=auction;charset=utf8mb4
[2026-08-19T09:47:38+08:00][sql] SHOW FULL COLUMNS FROM `after_sale` [ RunTime:0.001027s ]
[2026-08-19T09:47:38+08:00][sql] SELECT COUNT(*) AS think_count FROM `after_sale` `a` LEFT JOIN `user` `u` ON `a`.`user_id`=`u`.`id` [ RunTime:0.000565s ]
[2026-08-19T09:47:38+08:00][sql] SELECT `a`.*,u.mobile as buyer_mobile,u.nickname as buyer_name FROM `after_sale` `a` LEFT JOIN `user` `u` ON `a`.`user_id`=`u`.`id` ORDER BY `a`.`id` DESC LIMIT 0,15 [ RunTime:0.000693s ]
[2026-08-19T09:47:48+08:00][sql] CONNECT:[ UseTime:0.001792s ] mysql:host=127.0.0.1;port=3306;dbname=auction;charset=utf8mb4
[2026-08-19T09:47:48+08:00][sql] SHOW FULL COLUMNS FROM `user` [ RunTime:0.001554s ]
[2026-08-19T09:47:48+08:00][sql] SELECT COUNT(*) AS think_count FROM `user` [ RunTime:0.000660s ]
[2026-08-19T09:47:48+08:00][sql] SELECT COUNT(*) AS think_count FROM `user` WHERE  `is_seller` = 1 [ RunTime:0.000690s ]
[2026-08-19T09:47:48+08:00][sql] SHOW FULL COLUMNS FROM `goods` [ RunTime:0.001363s ]
[2026-08-19T09:47:48+08:00][sql] SELECT COUNT(*) AS think_count FROM `goods` [ RunTime:0.000681s ]
[2026-08-19T09:47:48+08:00][sql] SELECT COUNT(*) AS think_count FROM `goods` WHERE  `status` = 1  AND `end_time` > 1787104068 [ RunTime:0.000746s ]
[2026-08-19T09:47:48+08:00][sql] SHOW FULL COLUMNS FROM `order` [ RunTime:0.001279s ]
[2026-08-19T09:47:48+08:00][sql] SELECT COUNT(*) AS think_count FROM `order` [ RunTime:0.000577s ]
[2026-08-19T09:47:48+08:00][sql] SELECT COUNT(*) AS think_count FROM `order` WHERE  `pay_status` = 0  AND `order_status` = 0 [ RunTime:0.000781s ]
[2026-08-19T09:47:48+08:00][sql] SELECT COUNT(*) AS think_count FROM `goods` WHERE  `status` = 0 [ RunTime:0.000703s ]
[2026-08-19T09:47:48+08:00][sql] SELECT COUNT(*) AS think_count FROM `user` WHERE  `seller_check` = 0 [ RunTime:0.000694s ]
[2026-08-19T09:47:48+08:00][sql] SHOW FULL COLUMNS FROM `withdraw` [ RunTime:0.001357s ]
[2026-08-19T09:47:48+08:00][sql] SELECT COUNT(*) AS think_count FROM `withdraw` WHERE  `status` = 0 [ RunTime:0.000581s ]
[2026-08-19T09:47:48+08:00][sql] SELECT SUM(`price`) AS think_sum FROM `order` WHERE  `pay_status` = 1 [ RunTime:0.000631s ]
[2026-08-19T09:47:48+08:00][sql] SELECT SUM(`commission`) AS think_sum FROM `order` WHERE  `pay_status` = 1 [ RunTime:0.000472s ]
[2026-08-19T09:47:48+08:00][sql] SELECT SUM(`price`) AS think_sum FROM `order` WHERE  `pay_status` = 1  AND `pay_time` > 1787068800 [ RunTime:0.000452s ]
[2026-08-19T09:47:48+08:00][sql] SELECT * FROM `order` ORDER BY `id` DESC LIMIT 8 [ RunTime:0.000435s ]
[2026-08-19T09:47:48+08:00][sql] SHOW FULL COLUMNS FROM `bid_record` [ RunTime:0.001090s ]
[2026-08-19T09:47:48+08:00][sql] SELECT `b`.*,g.title as goods_title,`u`.`nickname`,`u`.`mobile` FROM `bid_record` `b` LEFT JOIN `goods` `g` ON `b`.`goods_id`=`g`.`id` LEFT JOIN `user` `u` ON `b`.`user_id`=`u`.`id` ORDER BY `b`.`id` DESC LIMIT 8 [ RunTime:0.000662s ]
[2026-08-19T09:47:48+08:00][sql] SELECT SUM(`price`) AS think_sum FROM `order` WHERE  `pay_time` >= 1786550400  AND `pay_time` < 1786636800 [ RunTime:0.000539s ]
[2026-08-19T09:47:48+08:00][sql] SELECT COUNT(*) AS think_count FROM `order` WHERE  `pay_time` >= 1786550400  AND `pay_time` < 1786636800 [ RunTime:0.000496s ]
[2026-08-19T09:47:48+08:00][sql] SELECT SUM(`price`) AS think_sum FROM `order` WHERE  `pay_time` >= 1786636800  AND `pay_time` < 1786723200 [ RunTime:0.000486s ]
[2026-08-19T09:47:48+08:00][sql] SELECT COUNT(*) AS think_count FROM `order` WHERE  `pay_time` >= 1786636800  AND `pay_time` < 1786723200 [ RunTime:0.000480s ]
[2026-08-19T09:47:48+08:00][sql] SELECT SUM(`price`) AS think_sum FROM `order` WHERE  `pay_time` >= 1786723200  AND `pay_time` < 1786809600 [ RunTime:0.000487s ]
[2026-08-19T09:47:48+08:00][sql] SELECT COUNT(*) AS think_count FROM `order` WHERE  `pay_time` >= 1786723200  AND `pay_time` < 1786809600 [ RunTime:0.000478s ]
[2026-08-19T09:47:48+08:00][sql] SELECT SUM(`price`) AS think_sum FROM `order` WHERE  `pay_time` >= 1786809600  AND `pay_time` < 1786896000 [ RunTime:0.000479s ]
[2026-08-19T09:47:48+08:00][sql] SELECT COUNT(*) AS think_count FROM `order` WHERE  `pay_time` >= 1786809600  AND `pay_time` < 1786896000 [ RunTime:0.000493s ]
[2026-08-19T09:47:48+08:00][sql] SELECT SUM(`price`) AS think_sum FROM `order` WHERE  `pay_time` >= 1786896000  AND `pay_time` < 1786982400 [ RunTime:0.000521s ]
[2026-08-19T09:47:48+08:00][sql] SELECT COUNT(*) AS think_count FROM `order` WHERE  `pay_time` >= 1786896000  AND `pay_time` < 1786982400 [ RunTime:0.000498s ]
[2026-08-19T09:47:48+08:00][sql] SELECT SUM(`price`) AS think_sum FROM `order` WHERE  `pay_time` >= 1786982400  AND `pay_time` < 1787068800 [ RunTime:0.000541s ]
[2026-08-19T09:47:48+08:00][sql] SELECT COUNT(*) AS think_count FROM `order` WHERE  `pay_time` >= 1786982400  AND `pay_time` < 1787068800 [ RunTime:0.000548s ]
[2026-08-19T09:47:48+08:00][sql] SELECT SUM(`price`) AS think_sum FROM `order` WHERE  `pay_time` >= 1787068800  AND `pay_time` < 1787155200 [ RunTime:0.000536s ]
[2026-08-19T09:47:48+08:00][sql] SELECT COUNT(*) AS think_count FROM `order` WHERE  `pay_time` >= 1787068800  AND `pay_time` < 1787155200 [ RunTime:0.000601s ]
[2026-08-19T09:47:50+08:00][sql] CONNECT:[ UseTime:0.013660s ] mysql:host=127.0.0.1;port=3306;dbname=auction;charset=utf8mb4
[2026-08-19T09:47:50+08:00][sql] SHOW FULL COLUMNS FROM `user` [ RunTime:0.002335s ]
[2026-08-19T09:47:50+08:00][sql] SELECT COUNT(*) AS think_count FROM `user` [ RunTime:0.000941s ]
[2026-08-19T09:47:50+08:00][sql] SELECT `id`,`mobile`,`nickname`,`avatar`,`invite_code`,`pid`,`is_seller`,`seller_check`,`balance`,`freeze_balance`,`points`,`commission_rate`,`total_buy`,`total_sell`,`status`,`reg_ip`,`reg_time`,`last_login_time`,`create_time` FROM `user` ORDER BY `id` DESC LIMIT 0,15 [ RunTime:0.001239s ]
[2026-08-19T09:49:20+08:00][sql] CONNECT:[ UseTime:0.002848s ] mysql:host=127.0.0.1;port=3306;dbname=auction;charset=utf8mb4
[2026-08-19T09:49:20+08:00][sql] SHOW FULL COLUMNS FROM `user` [ RunTime:0.001742s ]
[2026-08-19T09:49:20+08:00][sql] SELECT COUNT(*) AS think_count FROM `user` WHERE  `auth_status` <> 0 [ RunTime:0.000742s ]
[2026-08-19T09:49:20+08:00][sql] SELECT `id`,`mobile`,`nickname`,`real_name`,`id_card`,`id_card_front`,`id_card_back`,`auth_status`,`auth_reason`,`auth_time`,`reg_time`,`create_time` FROM `user` WHERE  `auth_status` <> 0 ORDER BY `id` DESC LIMIT 0,15 [ RunTime:0.000736s ]
[2026-08-19T09:49:23+08:00][sql] CONNECT:[ UseTime:0.013963s ] mysql:host=127.0.0.1;port=3306;dbname=auction;charset=utf8mb4
[2026-08-19T09:49:23+08:00][sql] SHOW FULL COLUMNS FROM `user` [ RunTime:0.002469s ]
[2026-08-19T09:49:23+08:00][sql] SELECT COUNT(*) AS think_count FROM `user` WHERE  `auth_status` = 1 [ RunTime:0.001260s ]
[2026-08-19T09:49:23+08:00][sql] SELECT `id`,`mobile`,`nickname`,`real_name`,`id_card`,`id_card_front`,`id_card_back`,`auth_status`,`auth_reason`,`auth_time`,`reg_time`,`create_time` FROM `user` WHERE  `auth_status` = 1 ORDER BY `id` DESC LIMIT 0,15 [ RunTime:0.001338s ]
[2026-08-19T09:49:25+08:00][sql] CONNECT:[ UseTime:0.005170s ] mysql:host=127.0.0.1;port=3306;dbname=auction;charset=utf8mb4
[2026-08-19T09:49:25+08:00][sql] SHOW FULL COLUMNS FROM `user` [ RunTime:0.001746s ]
[2026-08-19T09:49:25+08:00][sql] SELECT COUNT(*) AS think_count FROM `user` WHERE  `shop_name` <> '' [ RunTime:0.000883s ]
[2026-08-19T09:49:25+08:00][sql] SELECT `id`,`mobile`,`nickname`,`avatar`,`invite_code`,`pid`,`is_seller`,`seller_check`,`balance`,`freeze_balance`,`points`,`commission_rate`,`total_buy`,`total_sell`,`status`,`reg_ip`,`reg_time`,`last_login_time`,`create_time`,`shop_name`,`company_name`,`license_img`,`real_name` FROM `user` WHERE  `shop_name` <> '' ORDER BY `id` DESC LIMIT 0,15 [ RunTime:0.000876s ]
[2026-08-19T09:49:28+08:00][sql] CONNECT:[ UseTime:0.022402s ] mysql:host=127.0.0.1;port=3306;dbname=auction;charset=utf8mb4
[2026-08-19T09:49:28+08:00][sql] SHOW FULL COLUMNS FROM `user` [ RunTime:0.001333s ]
[2026-08-19T09:49:28+08:00][sql] SELECT COUNT(*) AS think_count FROM `user` WHERE  `shop_name` <> ''  AND `seller_check` = 0 [ RunTime:0.000710s ]
[2026-08-19T09:49:28+08:00][sql] SELECT `id`,`mobile`,`nickname`,`avatar`,`invite_code`,`pid`,`is_seller`,`seller_check`,`balance`,`freeze_balance`,`points`,`commission_rate`,`total_buy`,`total_sell`,`status`,`reg_ip`,`reg_time`,`last_login_time`,`create_time`,`shop_name`,`company_name`,`license_img`,`real_name` FROM `user` WHERE  `shop_name` <> ''  AND `seller_check` = 0 ORDER BY `id` DESC LIMIT 0,15 [ RunTime:0.000878s ]
[2026-08-19T09:49:30+08:00][sql] CONNECT:[ UseTime:0.002496s ] mysql:host=127.0.0.1;port=3306;dbname=auction;charset=utf8mb4
[2026-08-19T09:49:30+08:00][sql] SHOW FULL COLUMNS FROM `user` [ RunTime:0.001940s ]
[2026-08-19T09:49:30+08:00][sql] SELECT COUNT(*) AS think_count FROM `user` WHERE  `auth_status` <> 0 [ RunTime:0.001188s ]
[2026-08-19T09:49:30+08:00][sql] SELECT `id`,`mobile`,`nickname`,`real_name`,`id_card`,`id_card_front`,`id_card_back`,`auth_status`,`auth_reason`,`auth_time`,`reg_time`,`create_time` FROM `user` WHERE  `auth_status` <> 0 ORDER BY `id` DESC LIMIT 0,15 [ RunTime:0.001091s ]
[2026-08-19T09:49:32+08:00][sql] CONNECT:[ UseTime:0.002727s ] mysql:host=127.0.0.1;port=3306;dbname=auction;charset=utf8mb4
[2026-08-19T09:49:32+08:00][sql] SHOW FULL COLUMNS FROM `category` [ RunTime:0.001488s ]
[2026-08-19T09:49:32+08:00][sql] SELECT * FROM `category` WHERE  `status` = 1 ORDER BY `sort` ASC [ RunTime:0.000908s ]
[2026-08-19T09:49:32+08:00][sql] SHOW FULL COLUMNS FROM `user` [ RunTime:0.001462s ]
[2026-08-19T09:49:32+08:00][sql] SELECT `id`,`nickname`,`mobile` FROM `user` WHERE  `is_seller` = 1 ORDER BY `id` DESC [ RunTime:0.000860s ]
[2026-08-19T09:49:32+08:00][sql] CONNECT:[ UseTime:0.009094s ] mysql:host=127.0.0.1;port=3306;dbname=auction;charset=utf8mb4
[2026-08-19T09:49:32+08:00][sql] SHOW FULL COLUMNS FROM `goods` [ RunTime:0.002377s ]
[2026-08-19T09:49:32+08:00][sql] SELECT COUNT(*) AS think_count FROM `goods` `g` LEFT JOIN `user` `u` ON `g`.`seller_id`=`u`.`id` LEFT JOIN `category` `c` ON `g`.`category_id`=`c`.`id` [ RunTime:0.001436s ]
[2026-08-19T09:49:32+08:00][sql] SELECT `g`.*,u.mobile as seller_mobile,u.nickname as seller_name,c.name as category_name FROM `goods` `g` LEFT JOIN `user` `u` ON `g`.`seller_id`=`u`.`id` LEFT JOIN `category` `c` ON `g`.`category_id`=`c`.`id` ORDER BY `g`.`id` DESC LIMIT 0,15 [ RunTime:0.002557s ]
[2026-08-19T09:49:34+08:00][sql] CONNECT:[ UseTime:0.001951s ] mysql:host=127.0.0.1;port=3306;dbname=auction;charset=utf8mb4
[2026-08-19T09:49:34+08:00][sql] SHOW FULL COLUMNS FROM `goods` [ RunTime:0.001472s ]
[2026-08-19T09:49:34+08:00][sql] SELECT COUNT(*) AS think_count FROM `goods` `g` LEFT JOIN `user` `u` ON `g`.`seller_id`=`u`.`id` WHERE  `g`.`status` = '0' [ RunTime:0.000774s ]
[2026-08-19T09:49:34+08:00][sql] SELECT `g`.*,u.mobile as seller_mobile,u.nickname as seller_name FROM `goods` `g` LEFT JOIN `user` `u` ON `g`.`seller_id`=`u`.`id` WHERE  `g`.`status` = '0' ORDER BY `g`.`id` DESC LIMIT 0,15 [ RunTime:0.000887s ]
[2026-08-19T09:49:35+08:00][sql] CONNECT:[ UseTime:0.020081s ] mysql:host=127.0.0.1;port=3306;dbname=auction;charset=utf8mb4
[2026-08-19T09:49:35+08:00][sql] SHOW FULL COLUMNS FROM `category` [ RunTime:0.001533s ]
[2026-08-19T09:49:35+08:00][sql] SELECT * FROM `category` ORDER BY `sort` ASC,`id` ASC [ RunTime:0.000684s ]
[2026-08-19T09:49:35+08:00][sql] SHOW FULL COLUMNS FROM `goods` [ RunTime:0.001384s ]
[2026-08-19T09:49:35+08:00][sql] SELECT COUNT(*),`category_id` FROM `goods` GROUP BY `category_id` [ RunTime:0.000596s ]
[2026-08-19T09:49:39+08:00][sql] CONNECT:[ UseTime:0.001750s ] mysql:host=127.0.0.1;port=3306;dbname=auction;charset=utf8mb4
[2026-08-19T09:49:39+08:00][sql] SHOW FULL COLUMNS FROM `bid_record` [ RunTime:0.001333s ]
[2026-08-19T09:49:39+08:00][sql] SELECT COUNT(*) AS think_count FROM `bid_record` `b` LEFT JOIN `goods` `g` ON `b`.`goods_id`=`g`.`id` LEFT JOIN `user` `u` ON `b`.`user_id`=`u`.`id` [ RunTime:0.000723s ]
[2026-08-19T09:49:39+08:00][sql] SELECT `b`.*,g.title as goods_title,`u`.`mobile`,`u`.`nickname` FROM `bid_record` `b` LEFT JOIN `goods` `g` ON `b`.`goods_id`=`g`.`id` LEFT JOIN `user` `u` ON `b`.`user_id`=`u`.`id` ORDER BY `b`.`id` DESC LIMIT 0,15 [ RunTime:0.000729s ]
[2026-08-19T09:49:41+08:00][sql] CONNECT:[ UseTime:0.008625s ] mysql:host=127.0.0.1;port=3306;dbname=auction;charset=utf8mb4
[2026-08-19T09:49:41+08:00][sql] SHOW FULL COLUMNS FROM `order` [ RunTime:0.002667s ]
[2026-08-19T09:49:41+08:00][sql] SELECT COUNT(*) AS think_count FROM `order` `o` LEFT JOIN `user` `u` ON `o`.`buyer_id`=`u`.`id` LEFT JOIN `user` `s` ON `o`.`seller_id`=`s`.`id` [ RunTime:0.003186s ]
[2026-08-19T09:49:41+08:00][sql] SELECT `o`.*,u.mobile as buyer_mobile,u.nickname as buyer_name,s.mobile as seller_mobile,s.nickname as seller_name FROM `order` `o` LEFT JOIN `user` `u` ON `o`.`buyer_id`=`u`.`id` LEFT JOIN `user` `s` ON `o`.`seller_id`=`s`.`id` ORDER BY `o`.`id` DESC LIMIT 0,15 [ RunTime:0.001112s ]
[2026-08-19T09:54:48+08:00][sql] CONNECT:[ UseTime:0.010409s ] mysql:host=127.0.0.1;port=3306;dbname=auction;charset=utf8mb4
[2026-08-19T09:54:48+08:00][sql] SHOW FULL COLUMNS FROM `user` [ RunTime:0.002456s ]
[2026-08-19T09:54:48+08:00][sql] SELECT COUNT(*) AS think_count FROM `user` [ RunTime:0.000896s ]
[2026-08-19T09:54:48+08:00][sql] SELECT `id`,`mobile`,`nickname`,`avatar`,`invite_code`,`pid`,`is_seller`,`seller_check`,`balance`,`freeze_balance`,`points`,`commission_rate`,`total_buy`,`total_sell`,`status`,`reg_ip`,`reg_time`,`last_login_time`,`create_time` FROM `user` ORDER BY `id` DESC LIMIT 0,15 [ RunTime:0.001022s ]
[2026-08-19T09:54:50+08:00][sql] CONNECT:[ UseTime:0.020393s ] mysql:host=127.0.0.1;port=3306;dbname=auction;charset=utf8mb4
[2026-08-19T09:54:50+08:00][sql] SHOW FULL COLUMNS FROM `user` [ RunTime:0.002399s ]
[2026-08-19T09:54:50+08:00][sql] SELECT COUNT(*) AS think_count FROM `user` WHERE  `auth_status` <> 0 [ RunTime:0.001004s ]
[2026-08-19T09:54:50+08:00][sql] SELECT `id`,`mobile`,`nickname`,`real_name`,`id_card`,`id_card_front`,`id_card_back`,`auth_status`,`auth_reason`,`auth_time`,`reg_time`,`create_time` FROM `user` WHERE  `auth_status` <> 0 ORDER BY `id` DESC LIMIT 0,15 [ RunTime:0.000907s ]
[2026-08-19T09:54:54+08:00][sql] CONNECT:[ UseTime:0.001930s ] mysql:host=127.0.0.1;port=3306;dbname=auction;charset=utf8mb4
[2026-08-19T09:54:54+08:00][sql] SHOW FULL COLUMNS FROM `user` [ RunTime:0.002097s ]
[2026-08-19T09:54:54+08:00][sql] SELECT COUNT(*) AS think_count FROM `user` WHERE  `shop_name` <> '' [ RunTime:0.000916s ]
[2026-08-19T09:54:54+08:00][sql] SELECT `id`,`mobile`,`nickname`,`avatar`,`invite_code`,`pid`,`is_seller`,`seller_check`,`balance`,`freeze_balance`,`points`,`commission_rate`,`total_buy`,`total_sell`,`status`,`reg_ip`,`reg_time`,`last_login_time`,`create_time`,`shop_name`,`company_name`,`license_img`,`real_name` FROM `user` WHERE  `shop_name` <> '' ORDER BY `id` DESC LIMIT 0,15 [ RunTime:0.001007s ]
[2026-08-19T09:54:57+08:00][sql] CONNECT:[ UseTime:0.009087s ] mysql:host=127.0.0.1;port=3306;dbname=auction;charset=utf8mb4
[2026-08-19T09:54:57+08:00][sql] SHOW FULL COLUMNS FROM `category` [ RunTime:0.001684s ]
[2026-08-19T09:54:57+08:00][sql] SELECT * FROM `category` WHERE  `status` = 1 ORDER BY `sort` ASC [ RunTime:0.001048s ]
[2026-08-19T09:54:57+08:00][sql] SHOW FULL COLUMNS FROM `user` [ RunTime:0.002052s ]
[2026-08-19T09:54:57+08:00][sql] SELECT `id`,`nickname`,`mobile` FROM `user` WHERE  `is_seller` = 1 ORDER BY `id` DESC [ RunTime:0.000723s ]
[2026-08-19T09:54:57+08:00][sql] CONNECT:[ UseTime:0.011500s ] mysql:host=127.0.0.1;port=3306;dbname=auction;charset=utf8mb4
[2026-08-19T09:54:57+08:00][sql] SHOW FULL COLUMNS FROM `goods` [ RunTime:0.002177s ]
[2026-08-19T09:54:57+08:00][sql] SELECT COUNT(*) AS think_count FROM `goods` `g` LEFT JOIN `user` `u` ON `g`.`seller_id`=`u`.`id` LEFT JOIN `category` `c` ON `g`.`category_id`=`c`.`id` [ RunTime:0.001172s ]
[2026-08-19T09:54:57+08:00][sql] SELECT `g`.*,u.mobile as seller_mobile,u.nickname as seller_name,c.name as category_name FROM `goods` `g` LEFT JOIN `user` `u` ON `g`.`seller_id`=`u`.`id` LEFT JOIN `category` `c` ON `g`.`category_id`=`c`.`id` ORDER BY `g`.`id` DESC LIMIT 0,15 [ RunTime:0.002038s ]
[2026-08-19T09:54:58+08:00][sql] CONNECT:[ UseTime:0.009762s ] mysql:host=127.0.0.1;port=3306;dbname=auction;charset=utf8mb4
[2026-08-19T09:54:58+08:00][sql] SHOW FULL COLUMNS FROM `goods` [ RunTime:0.001768s ]
[2026-08-19T09:54:58+08:00][sql] SELECT COUNT(*) AS think_count FROM `goods` `g` LEFT JOIN `user` `u` ON `g`.`seller_id`=`u`.`id` WHERE  `g`.`status` = '0' [ RunTime:0.000883s ]
[2026-08-19T09:54:58+08:00][sql] SELECT `g`.*,u.mobile as seller_mobile,u.nickname as seller_name FROM `goods` `g` LEFT JOIN `user` `u` ON `g`.`seller_id`=`u`.`id` WHERE  `g`.`status` = '0' ORDER BY `g`.`id` DESC LIMIT 0,15 [ RunTime:0.000862s ]
[2026-08-19T09:54:59+08:00][sql] CONNECT:[ UseTime:0.014095s ] mysql:host=127.0.0.1;port=3306;dbname=auction;charset=utf8mb4
[2026-08-19T09:54:59+08:00][sql] SHOW FULL COLUMNS FROM `category` [ RunTime:0.002503s ]
[2026-08-19T09:54:59+08:00][sql] SELECT * FROM `category` ORDER BY `sort` ASC,`id` ASC [ RunTime:0.001158s ]
[2026-08-19T09:54:59+08:00][sql] SHOW FULL COLUMNS FROM `goods` [ RunTime:0.001213s ]
[2026-08-19T09:54:59+08:00][sql] SELECT COUNT(*),`category_id` FROM `goods` GROUP BY `category_id` [ RunTime:0.001157s ]
[2026-08-19T09:55:01+08:00][sql] CONNECT:[ UseTime:0.011241s ] mysql:host=127.0.0.1;port=3306;dbname=auction;charset=utf8mb4
[2026-08-19T09:55:01+08:00][sql] SHOW FULL COLUMNS FROM `bid_record` [ RunTime:0.001871s ]
[2026-08-19T09:55:01+08:00][sql] SELECT COUNT(*) AS think_count FROM `bid_record` `b` LEFT JOIN `goods` `g` ON `b`.`goods_id`=`g`.`id` LEFT JOIN `user` `u` ON `b`.`user_id`=`u`.`id` [ RunTime:0.001086s ]
[2026-08-19T09:55:01+08:00][sql] SELECT `b`.*,g.title as goods_title,`u`.`mobile`,`u`.`nickname` FROM `bid_record` `b` LEFT JOIN `goods` `g` ON `b`.`goods_id`=`g`.`id` LEFT JOIN `user` `u` ON `b`.`user_id`=`u`.`id` ORDER BY `b`.`id` DESC LIMIT 0,15 [ RunTime:0.001149s ]
[2026-08-19T09:55:02+08:00][sql] CONNECT:[ UseTime:0.021788s ] mysql:host=127.0.0.1;port=3306;dbname=auction;charset=utf8mb4
[2026-08-19T09:55:02+08:00][sql] SHOW FULL COLUMNS FROM `order` [ RunTime:0.002279s ]
[2026-08-19T09:55:02+08:00][sql] SELECT COUNT(*) AS think_count FROM `order` `o` LEFT JOIN `user` `u` ON `o`.`buyer_id`=`u`.`id` LEFT JOIN `user` `s` ON `o`.`seller_id`=`s`.`id` [ RunTime:0.004009s ]
[2026-08-19T09:55:02+08:00][sql] SELECT `o`.*,u.mobile as buyer_mobile,u.nickname as buyer_name,s.mobile as seller_mobile,s.nickname as seller_name FROM `order` `o` LEFT JOIN `user` `u` ON `o`.`buyer_id`=`u`.`id` LEFT JOIN `user` `s` ON `o`.`seller_id`=`s`.`id` ORDER BY `o`.`id` DESC LIMIT 0,15 [ RunTime:0.001538s ]
[2026-08-19T09:55:03+08:00][sql] CONNECT:[ UseTime:0.009634s ] mysql:host=127.0.0.1;port=3306;dbname=auction;charset=utf8mb4
[2026-08-19T09:55:03+08:00][sql] SHOW FULL COLUMNS FROM `order` [ RunTime:0.002309s ]
[2026-08-19T09:55:03+08:00][sql] SELECT COUNT(*) AS think_count FROM `order` `o` LEFT JOIN `user` `u` ON `o`.`buyer_id`=`u`.`id` LEFT JOIN `user` `s` ON `o`.`seller_id`=`s`.`id` [ RunTime:0.003350s ]
[2026-08-19T09:55:03+08:00][sql] SELECT `o`.*,u.mobile as buyer_mobile,u.nickname as buyer_name,s.mobile as seller_mobile,s.nickname as seller_name FROM `order` `o` LEFT JOIN `user` `u` ON `o`.`buyer_id`=`u`.`id` LEFT JOIN `user` `s` ON `o`.`seller_id`=`s`.`id` ORDER BY `o`.`id` DESC LIMIT 0,15 [ RunTime:0.001186s ]
[2026-08-19T09:55:03+08:00][sql] CONNECT:[ UseTime:0.003305s ] mysql:host=127.0.0.1;port=3306;dbname=auction;charset=utf8mb4
[2026-08-19T09:55:03+08:00][sql] SHOW FULL COLUMNS FROM `after_sale` [ RunTime:0.003790s ]
[2026-08-19T09:55:03+08:00][sql] SELECT COUNT(*) AS think_count FROM `after_sale` `a` LEFT JOIN `user` `u` ON `a`.`user_id`=`u`.`id` [ RunTime:0.001022s ]
[2026-08-19T09:55:03+08:00][sql] SELECT `a`.*,u.mobile as buyer_mobile,u.nickname as buyer_name FROM `after_sale` `a` LEFT JOIN `user` `u` ON `a`.`user_id`=`u`.`id` ORDER BY `a`.`id` DESC LIMIT 0,15 [ RunTime:0.000936s ]
[2026-08-19T09:56:46+08:00][sql] CONNECT:[ UseTime:0.013464s ] mysql:host=127.0.0.1;port=3306;dbname=auction;charset=utf8mb4
[2026-08-19T09:56:46+08:00][sql] SHOW FULL COLUMNS FROM `setting` [ RunTime:0.001802s ]
[2026-08-19T09:56:46+08:00][sql] SELECT `value`,`name` FROM `setting` [ RunTime:0.000985s ]
[2026-08-19T09:56:46+08:00][error] [2]Undefined array key "service_link"[D:\work\08\17_3\runtime\admin\temp\dcc7a7bc3a7b7fb40ba1178b5bc6f966.php:228]
[2026-08-19T09:58:25+08:00][sql] CONNECT:[ UseTime:0.010449s ] mysql:host=127.0.0.1;port=3306;dbname=auction;charset=utf8mb4
[2026-08-19T09:58:25+08:00][sql] SHOW FULL COLUMNS FROM `setting` [ RunTime:0.001896s ]
[2026-08-19T09:58:25+08:00][sql] SELECT `value`,`name` FROM `setting` [ RunTime:0.000889s ]
[2026-08-19T09:58:53+08:00][sql] CONNECT:[ UseTime:0.012145s ] mysql:host=127.0.0.1;port=3306;dbname=auction;charset=utf8mb4
[2026-08-19T09:58:53+08:00][sql] SHOW FULL COLUMNS FROM `setting` [ RunTime:0.001618s ]
[2026-08-19T09:58:53+08:00][sql] SELECT * FROM `setting` WHERE  `name` = 'site_name' LIMIT 1 [ RunTime:0.000894s ]
[2026-08-19T09:58:53+08:00][sql] UPDATE `setting`  SET `value` = '竞拍商城V2' , `update_time` = 1787104733  WHERE  `name` = 'site_name' [ RunTime:0.005357s ]
[2026-08-19T09:58:53+08:00][sql] SELECT * FROM `setting` WHERE  `name` = 'site_logo' LIMIT 1 [ RunTime:0.001007s ]
[2026-08-19T09:58:53+08:00][sql] UPDATE `setting`  SET `value` = '/uploads/20260818/135339_9199.png' , `update_time` = 1787104733  WHERE  `name` = 'site_logo' [ RunTime:0.002291s ]
[2026-08-19T09:58:53+08:00][sql] SELECT * FROM `setting` WHERE  `name` = 'site_url' LIMIT 1 [ RunTime:0.001107s ]
[2026-08-19T09:58:53+08:00][sql] UPDATE `setting`  SET `value` = '' , `update_time` = 1787104733  WHERE  `name` = 'site_url' [ RunTime:0.001665s ]
[2026-08-19T09:58:53+08:00][sql] SELECT * FROM `setting` WHERE  `name` = 'commission_rate' LIMIT 1 [ RunTime:0.000485s ]
[2026-08-19T09:58:53+08:00][sql] UPDATE `setting`  SET `value` = '10' , `update_time` = 1787104733  WHERE  `name` = 'commission_rate' [ RunTime:0.001601s ]
[2026-08-19T09:58:53+08:00][sql] SELECT * FROM `setting` WHERE  `name` = 'seller_check' LIMIT 1 [ RunTime:0.000973s ]
[2026-08-19T09:58:53+08:00][sql] UPDATE `setting`  SET `value` = '1' , `update_time` = 1787104733  WHERE  `name` = 'seller_check' [ RunTime:0.002132s ]
[2026-08-19T09:58:53+08:00][sql] SELECT * FROM `setting` WHERE  `name` = 'goods_check' LIMIT 1 [ RunTime:0.000963s ]
[2026-08-19T09:58:53+08:00][sql] UPDATE `setting`  SET `value` = '0' , `update_time` = 1787104733  WHERE  `name` = 'goods_check' [ RunTime:0.002113s ]
[2026-08-19T09:58:53+08:00][sql] SELECT * FROM `setting` WHERE  `name` = 'invite_code' LIMIT 1 [ RunTime:0.000920s ]
[2026-08-19T09:58:53+08:00][sql] UPDATE `setting`  SET `value` = '8888' , `update_time` = 1787104733  WHERE  `name` = 'invite_code' [ RunTime:0.002071s ]
[2026-08-19T09:58:53+08:00][sql] SELECT * FROM `setting` WHERE  `name` = 'withdraw_fee' LIMIT 1 [ RunTime:0.001223s ]
[2026-08-19T09:58:53+08:00][sql] UPDATE `setting`  SET `value` = '1' , `update_time` = 1787104733  WHERE  `name` = 'withdraw_fee' [ RunTime:0.002007s ]
[2026-08-19T09:58:53+08:00][sql] SELECT * FROM `setting` WHERE  `name` = 'service_phone' LIMIT 1 [ RunTime:0.000626s ]
[2026-08-19T09:58:53+08:00][sql] UPDATE `setting`  SET `value` = '18888888888' , `update_time` = 1787104733  WHERE  `name` = 'service_phone' [ RunTime:0.002105s ]
[2026-08-19T09:58:53+08:00][sql] SELECT * FROM `setting` WHERE  `name` = 'service_qq' LIMIT 1 [ RunTime:0.000956s ]
[2026-08-19T09:58:53+08:00][sql] UPDATE `setting`  SET `value` = '' , `update_time` = 1787104733  WHERE  `name` = 'service_qq' [ RunTime:0.001892s ]
[2026-08-19T09:58:53+08:00][sql] SELECT * FROM `setting` WHERE  `name` = 'service_link' LIMIT 1 [ RunTime:0.000865s ]
[2026-08-19T09:58:53+08:00][sql] INSERT INTO `setting` SET `name` = 'service_link' , `value` = '' , `create_time` = 1787104733 [ RunTime:0.001715s ]
[2026-08-19T09:58:53+08:00][sql] SELECT * FROM `setting` WHERE  `name` = 'auction_delay' LIMIT 1 [ RunTime:0.000896s ]
[2026-08-19T09:58:53+08:00][sql] UPDATE `setting`  SET `value` = '0' , `update_time` = 1787104733  WHERE  `name` = 'auction_delay' [ RunTime:0.001870s ]
[2026-08-19T09:58:53+08:00][sql] SELECT * FROM `setting` WHERE  `name` = 'user_protocol' LIMIT 1 [ RunTime:0.001108s ]
[2026-08-19T09:58:53+08:00][sql] UPDATE `setting`  SET `value` = '' , `update_time` = 1787104733  WHERE  `name` = 'user_protocol' [ RunTime:0.002087s ]
[2026-08-19T09:58:53+08:00][sql] SHOW FULL COLUMNS FROM `admin_log` [ RunTime:0.004306s ]
[2026-08-19T09:58:54+08:00][sql] CONNECT:[ UseTime:0.018235s ] mysql:host=127.0.0.1;port=3306;dbname=auction;charset=utf8mb4
[2026-08-19T09:58:54+08:00][sql] SHOW FULL COLUMNS FROM `setting` [ RunTime:0.002430s ]
[2026-08-19T09:58:54+08:00][sql] SELECT `value`,`name` FROM `setting` [ RunTime:0.001023s ]
[2026-08-19T09:59:16+08:00][sql] CONNECT:[ UseTime:0.002310s ] mysql:host=127.0.0.1;port=3306;dbname=auction;charset=utf8mb4
[2026-08-19T09:59:16+08:00][sql] SHOW FULL COLUMNS FROM `setting` [ RunTime:0.001292s ]
[2026-08-19T09:59:16+08:00][sql] SELECT * FROM `setting` WHERE  `name` = 'site_name' LIMIT 1 [ RunTime:0.000705s ]
[2026-08-19T09:59:16+08:00][sql] UPDATE `setting`  SET `value` = '竞拍商城V2' , `update_time` = 1787104756  WHERE  `name` = 'site_name' [ RunTime:0.004663s ]
[2026-08-19T09:59:16+08:00][sql] SELECT * FROM `setting` WHERE  `name` = 'site_logo' LIMIT 1 [ RunTime:0.000666s ]
[2026-08-19T09:59:16+08:00][sql] UPDATE `setting`  SET `value` = '/uploads/20260818/135339_9199.png' , `update_time` = 1787104756  WHERE  `name` = 'site_logo' [ RunTime:0.001481s ]
[2026-08-19T09:59:16+08:00][sql] SELECT * FROM `setting` WHERE  `name` = 'site_url' LIMIT 1 [ RunTime:0.000676s ]
[2026-08-19T09:59:16+08:00][sql] UPDATE `setting`  SET `value` = '' , `update_time` = 1787104756  WHERE  `name` = 'site_url' [ RunTime:0.001552s ]
[2026-08-19T09:59:16+08:00][sql] SELECT * FROM `setting` WHERE  `name` = 'commission_rate' LIMIT 1 [ RunTime:0.001150s ]
[2026-08-19T09:59:16+08:00][sql] UPDATE `setting`  SET `value` = '10' , `update_time` = 1787104756  WHERE  `name` = 'commission_rate' [ RunTime:0.001562s ]
[2026-08-19T09:59:16+08:00][sql] SELECT * FROM `setting` WHERE  `name` = 'seller_check' LIMIT 1 [ RunTime:0.000828s ]
[2026-08-19T09:59:16+08:00][sql] UPDATE `setting`  SET `value` = '1' , `update_time` = 1787104756  WHERE  `name` = 'seller_check' [ RunTime:0.001946s ]
[2026-08-19T09:59:16+08:00][sql] SELECT * FROM `setting` WHERE  `name` = 'goods_check' LIMIT 1 [ RunTime:0.000874s ]
[2026-08-19T09:59:16+08:00][sql] UPDATE `setting`  SET `value` = '0' , `update_time` = 1787104756  WHERE  `name` = 'goods_check' [ RunTime:0.002257s ]
[2026-08-19T09:59:16+08:00][sql] SELECT * FROM `setting` WHERE  `name` = 'invite_code' LIMIT 1 [ RunTime:0.000944s ]
[2026-08-19T09:59:16+08:00][sql] UPDATE `setting`  SET `value` = '' , `update_time` = 1787104756  WHERE  `name` = 'invite_code' [ RunTime:0.002415s ]
[2026-08-19T09:59:16+08:00][sql] SELECT * FROM `setting` WHERE  `name` = 'withdraw_fee' LIMIT 1 [ RunTime:0.000957s ]
[2026-08-19T09:59:16+08:00][sql] UPDATE `setting`  SET `value` = '1' , `update_time` = 1787104756  WHERE  `name` = 'withdraw_fee' [ RunTime:0.002420s ]
[2026-08-19T09:59:16+08:00][sql] SELECT * FROM `setting` WHERE  `name` = 'service_phone' LIMIT 1 [ RunTime:0.000958s ]
[2026-08-19T09:59:16+08:00][sql] UPDATE `setting`  SET `value` = '18888888888' , `update_time` = 1787104756  WHERE  `name` = 'service_phone' [ RunTime:0.002289s ]
[2026-08-19T09:59:16+08:00][sql] SELECT * FROM `setting` WHERE  `name` = 'service_qq' LIMIT 1 [ RunTime:0.000959s ]
[2026-08-19T09:59:16+08:00][sql] UPDATE `setting`  SET `value` = '' , `update_time` = 1787104756  WHERE  `name` = 'service_qq' [ RunTime:0.002201s ]
[2026-08-19T09:59:16+08:00][sql] SELECT * FROM `setting` WHERE  `name` = 'service_link' LIMIT 1 [ RunTime:0.001043s ]
[2026-08-19T09:59:16+08:00][sql] UPDATE `setting`  SET `value` = '' , `update_time` = 1787104756  WHERE  `name` = 'service_link' [ RunTime:0.002242s ]
[2026-08-19T09:59:16+08:00][sql] SELECT * FROM `setting` WHERE  `name` = 'auction_delay' LIMIT 1 [ RunTime:0.000960s ]
[2026-08-19T09:59:16+08:00][sql] UPDATE `setting`  SET `value` = '0' , `update_time` = 1787104756  WHERE  `name` = 'auction_delay' [ RunTime:0.002327s ]
[2026-08-19T09:59:16+08:00][sql] SELECT * FROM `setting` WHERE  `name` = 'user_protocol' LIMIT 1 [ RunTime:0.000970s ]
[2026-08-19T09:59:16+08:00][sql] UPDATE `setting`  SET `value` = '' , `update_time` = 1787104756  WHERE  `name` = 'user_protocol' [ RunTime:0.002283s ]
[2026-08-19T09:59:16+08:00][sql] SHOW FULL COLUMNS FROM `admin_log` [ RunTime:0.003719s ]
[2026-08-19T09:59:17+08:00][sql] CONNECT:[ UseTime:0.015179s ] mysql:host=127.0.0.1;port=3306;dbname=auction;charset=utf8mb4
[2026-08-19T09:59:17+08:00][sql] SHOW FULL COLUMNS FROM `setting` [ RunTime:0.001362s ]
[2026-08-19T09:59:17+08:00][sql] SELECT `value`,`name` FROM `setting` [ RunTime:0.000648s ]
[2026-08-19T10:02:51+08:00][sql] CONNECT:[ UseTime:0.002127s ] mysql:host=127.0.0.1;port=3306;dbname=auction;charset=utf8mb4
[2026-08-19T10:02:51+08:00][sql] SHOW FULL COLUMNS FROM `banner` [ RunTime:0.001705s ]
[2026-08-19T10:02:51+08:00][sql] SELECT * FROM `banner` ORDER BY `sort` ASC,`id` ASC [ RunTime:0.000803s ]
[2026-08-19T10:04:15+08:00][sql] CONNECT:[ UseTime:0.019586s ] mysql:host=127.0.0.1;port=3306;dbname=auction;charset=utf8mb4
[2026-08-19T10:04:15+08:00][sql] SHOW FULL COLUMNS FROM `setting` [ RunTime:0.001945s ]
[2026-08-19T10:04:15+08:00][sql] SELECT `value`,`name` FROM `setting` [ RunTime:0.000956s ]
[2026-08-19T10:04:30+08:00][sql] CONNECT:[ UseTime:0.011849s ] mysql:host=127.0.0.1;port=3306;dbname=auction;charset=utf8mb4
[2026-08-19T10:04:30+08:00][sql] SHOW FULL COLUMNS FROM `setting` [ RunTime:0.002031s ]
[2026-08-19T10:04:30+08:00][sql] SELECT * FROM `setting` WHERE  `name` = 'site_name' LIMIT 1 [ RunTime:0.000996s ]
[2026-08-19T10:04:30+08:00][sql] UPDATE `setting`  SET `value` = '竞拍商城V2' , `update_time` = 1787105070  WHERE  `name` = 'site_name' [ RunTime:0.006081s ]
[2026-08-19T10:04:30+08:00][sql] SELECT * FROM `setting` WHERE  `name` = 'site_logo' LIMIT 1 [ RunTime:0.001082s ]
[2026-08-19T10:04:30+08:00][sql] UPDATE `setting`  SET `value` = '/uploads/20260818/135339_9199.png' , `update_time` = 1787105070  WHERE  `name` = 'site_logo' [ RunTime:0.002267s ]
[2026-08-19T10:04:30+08:00][sql] SELECT * FROM `setting` WHERE  `name` = 'site_url' LIMIT 1 [ RunTime:0.001154s ]
[2026-08-19T10:04:30+08:00][sql] UPDATE `setting`  SET `value` = '' , `update_time` = 1787105070  WHERE  `name` = 'site_url' [ RunTime:0.002402s ]
[2026-08-19T10:04:30+08:00][sql] SELECT * FROM `setting` WHERE  `name` = 'commission_rate' LIMIT 1 [ RunTime:0.001162s ]
[2026-08-19T10:04:30+08:00][sql] UPDATE `setting`  SET `value` = '10' , `update_time` = 1787105070  WHERE  `name` = 'commission_rate' [ RunTime:0.002271s ]
[2026-08-19T10:04:30+08:00][sql] SELECT * FROM `setting` WHERE  `name` = 'seller_check' LIMIT 1 [ RunTime:0.000985s ]
[2026-08-19T10:04:30+08:00][sql] UPDATE `setting`  SET `value` = '1' , `update_time` = 1787105070  WHERE  `name` = 'seller_check' [ RunTime:0.002173s ]
[2026-08-19T10:04:30+08:00][sql] SELECT * FROM `setting` WHERE  `name` = 'goods_check' LIMIT 1 [ RunTime:0.000955s ]
[2026-08-19T10:04:30+08:00][sql] UPDATE `setting`  SET `value` = '0' , `update_time` = 1787105070  WHERE  `name` = 'goods_check' [ RunTime:0.002294s ]
[2026-08-19T10:04:30+08:00][sql] SELECT * FROM `setting` WHERE  `name` = 'invite_code' LIMIT 1 [ RunTime:0.001026s ]
[2026-08-19T10:04:30+08:00][sql] UPDATE `setting`  SET `value` = '' , `update_time` = 1787105070  WHERE  `name` = 'invite_code' [ RunTime:0.002279s ]
[2026-08-19T10:04:30+08:00][sql] SELECT * FROM `setting` WHERE  `name` = 'withdraw_fee' LIMIT 1 [ RunTime:0.001058s ]
[2026-08-19T10:04:30+08:00][sql] UPDATE `setting`  SET `value` = '1' , `update_time` = 1787105070  WHERE  `name` = 'withdraw_fee' [ RunTime:0.002155s ]
[2026-08-19T10:04:30+08:00][sql] SELECT * FROM `setting` WHERE  `name` = 'service_phone' LIMIT 1 [ RunTime:0.000978s ]
[2026-08-19T10:04:30+08:00][sql] UPDATE `setting`  SET `value` = '18888888888' , `update_time` = 1787105070  WHERE  `name` = 'service_phone' [ RunTime:0.002097s ]
[2026-08-19T10:04:30+08:00][sql] SELECT * FROM `setting` WHERE  `name` = 'service_qq' LIMIT 1 [ RunTime:0.001131s ]
[2026-08-19T10:04:30+08:00][sql] UPDATE `setting`  SET `value` = '' , `update_time` = 1787105070  WHERE  `name` = 'service_qq' [ RunTime:0.002104s ]
[2026-08-19T10:04:30+08:00][sql] SELECT * FROM `setting` WHERE  `name` = 'service_link' LIMIT 1 [ RunTime:0.000982s ]
[2026-08-19T10:04:30+08:00][sql] UPDATE `setting`  SET `value` = '' , `update_time` = 1787105070  WHERE  `name` = 'service_link' [ RunTime:0.002249s ]
[2026-08-19T10:04:30+08:00][sql] SELECT * FROM `setting` WHERE  `name` = 'auction_delay' LIMIT 1 [ RunTime:0.000827s ]
[2026-08-19T10:04:30+08:00][sql] UPDATE `setting`  SET `value` = '0' , `update_time` = 1787105070  WHERE  `name` = 'auction_delay' [ RunTime:0.001690s ]
[2026-08-19T10:04:30+08:00][sql] SELECT * FROM `setting` WHERE  `name` = 'user_protocol' LIMIT 1 [ RunTime:0.000969s ]
[2026-08-19T10:04:30+08:00][sql] UPDATE `setting`  SET `value` = '用户协议' , `update_time` = 1787105070  WHERE  `name` = 'user_protocol' [ RunTime:0.001983s ]
[2026-08-19T10:04:30+08:00][sql] SELECT * FROM `setting` WHERE  `name` = 'privacy_policy' LIMIT 1 [ RunTime:0.000949s ]
[2026-08-19T10:04:30+08:00][sql] INSERT INTO `setting` SET `name` = 'privacy_policy' , `value` = '隐私政策' , `create_time` = 1787105070 [ RunTime:0.002088s ]
[2026-08-19T10:04:30+08:00][sql] SHOW FULL COLUMNS FROM `admin_log` [ RunTime:0.004150s ]
[2026-08-19T10:04:31+08:00][sql] CONNECT:[ UseTime:0.013740s ] mysql:host=127.0.0.1;port=3306;dbname=auction;charset=utf8mb4
[2026-08-19T10:04:31+08:00][sql] SHOW FULL COLUMNS FROM `setting` [ RunTime:0.002034s ]
[2026-08-19T10:04:31+08:00][sql] SELECT `value`,`name` FROM `setting` [ RunTime:0.000904s ]
[2026-08-19T10:22:21+08:00][sql] CONNECT:[ UseTime:0.002971s ] mysql:host=127.0.0.1;port=3306;dbname=auction;charset=utf8mb4
[2026-08-19T10:22:21+08:00][sql] SHOW FULL COLUMNS FROM `user` [ RunTime:0.001631s ]
[2026-08-19T10:22:21+08:00][sql] SELECT COUNT(*) AS think_count FROM `user` [ RunTime:0.000758s ]
[2026-08-19T10:22:21+08:00][sql] SELECT COUNT(*) AS think_count FROM `user` WHERE  `is_seller` = 1 [ RunTime:0.000831s ]
[2026-08-19T10:22:21+08:00][sql] SHOW FULL COLUMNS FROM `goods` [ RunTime:0.001333s ]
[2026-08-19T10:22:21+08:00][sql] SELECT COUNT(*) AS think_count FROM `goods` [ RunTime:0.000582s ]
[2026-08-19T10:22:21+08:00][sql] SELECT COUNT(*) AS think_count FROM `goods` WHERE  `status` = 1  AND `end_time` > 1787106141 [ RunTime:0.000690s ]
[2026-08-19T10:22:21+08:00][sql] SHOW FULL COLUMNS FROM `order` [ RunTime:0.001412s ]
[2026-08-19T10:22:21+08:00][sql] SELECT COUNT(*) AS think_count FROM `order` [ RunTime:0.000659s ]
[2026-08-19T10:22:21+08:00][sql] SELECT COUNT(*) AS think_count FROM `order` WHERE  `pay_status` = 0  AND `order_status` = 0 [ RunTime:0.000571s ]
[2026-08-19T10:22:21+08:00][sql] SELECT COUNT(*) AS think_count FROM `goods` WHERE  `status` = 0 [ RunTime:0.000491s ]
[2026-08-19T10:22:21+08:00][sql] SELECT COUNT(*) AS think_count FROM `user` WHERE  `seller_check` = 0 [ RunTime:0.000688s ]
[2026-08-19T10:22:21+08:00][sql] SHOW FULL COLUMNS FROM `withdraw` [ RunTime:0.002027s ]
[2026-08-19T10:22:21+08:00][sql] SELECT COUNT(*) AS think_count FROM `withdraw` WHERE  `status` = 0 [ RunTime:0.000878s ]
[2026-08-19T10:22:21+08:00][sql] SELECT SUM(`price`) AS think_sum FROM `order` WHERE  `pay_status` = 1 [ RunTime:0.000876s ]
[2026-08-19T10:22:21+08:00][sql] SELECT SUM(`commission`) AS think_sum FROM `order` WHERE  `pay_status` = 1 [ RunTime:0.000843s ]
[2026-08-19T10:22:21+08:00][sql] SELECT SUM(`price`) AS think_sum FROM `order` WHERE  `pay_status` = 1  AND `pay_time` > 1787068800 [ RunTime:0.001009s ]
[2026-08-19T10:22:21+08:00][sql] SELECT * FROM `order` ORDER BY `id` DESC LIMIT 8 [ RunTime:0.000991s ]
[2026-08-19T10:22:21+08:00][sql] SHOW FULL COLUMNS FROM `bid_record` [ RunTime:0.001644s ]
[2026-08-19T10:22:21+08:00][sql] SELECT `b`.*,g.title as goods_title,`u`.`nickname`,`u`.`mobile` FROM `bid_record` `b` LEFT JOIN `goods` `g` ON `b`.`goods_id`=`g`.`id` LEFT JOIN `user` `u` ON `b`.`user_id`=`u`.`id` ORDER BY `b`.`id` DESC LIMIT 8 [ RunTime:0.001076s ]
[2026-08-19T10:22:21+08:00][sql] SELECT SUM(`price`) AS think_sum FROM `order` WHERE  `pay_time` >= 1786550400  AND `pay_time` < 1786636800 [ RunTime:0.000866s ]
[2026-08-19T10:22:21+08:00][sql] SELECT COUNT(*) AS think_count FROM `order` WHERE  `pay_time` >= 1786550400  AND `pay_time` < 1786636800 [ RunTime:0.000854s ]
[2026-08-19T10:22:21+08:00][sql] SELECT SUM(`price`) AS think_sum FROM `order` WHERE  `pay_time` >= 1786636800  AND `pay_time` < 1786723200 [ RunTime:0.000885s ]
[2026-08-19T10:22:21+08:00][sql] SELECT COUNT(*) AS think_count FROM `order` WHERE  `pay_time` >= 1786636800  AND `pay_time` < 1786723200 [ RunTime:0.001235s ]
[2026-08-19T10:22:21+08:00][sql] SELECT SUM(`price`) AS think_sum FROM `order` WHERE  `pay_time` >= 1786723200  AND `pay_time` < 1786809600 [ RunTime:0.001201s ]
[2026-08-19T10:22:21+08:00][sql] SELECT COUNT(*) AS think_count FROM `order` WHERE  `pay_time` >= 1786723200  AND `pay_time` < 1786809600 [ RunTime:0.001094s ]
[2026-08-19T10:22:21+08:00][sql] SELECT SUM(`price`) AS think_sum FROM `order` WHERE  `pay_time` >= 1786809600  AND `pay_time` < 1786896000 [ RunTime:0.001007s ]
[2026-08-19T10:22:21+08:00][sql] SELECT COUNT(*) AS think_count FROM `order` WHERE  `pay_time` >= 1786809600  AND `pay_time` < 1786896000 [ RunTime:0.001008s ]
[2026-08-19T10:22:21+08:00][sql] SELECT SUM(`price`) AS think_sum FROM `order` WHERE  `pay_time` >= 1786896000  AND `pay_time` < 1786982400 [ RunTime:0.001035s ]
[2026-08-19T10:22:21+08:00][sql] SELECT COUNT(*) AS think_count FROM `order` WHERE  `pay_time` >= 1786896000  AND `pay_time` < 1786982400 [ RunTime:0.001147s ]
[2026-08-19T10:22:21+08:00][sql] SELECT SUM(`price`) AS think_sum FROM `order` WHERE  `pay_time` >= 1786982400  AND `pay_time` < 1787068800 [ RunTime:0.001138s ]
[2026-08-19T10:22:21+08:00][sql] SELECT COUNT(*) AS think_count FROM `order` WHERE  `pay_time` >= 1786982400  AND `pay_time` < 1787068800 [ RunTime:0.000946s ]
[2026-08-19T10:22:21+08:00][sql] SELECT SUM(`price`) AS think_sum FROM `order` WHERE  `pay_time` >= 1787068800  AND `pay_time` < 1787155200 [ RunTime:0.000903s ]
[2026-08-19T10:22:21+08:00][sql] SELECT COUNT(*) AS think_count FROM `order` WHERE  `pay_time` >= 1787068800  AND `pay_time` < 1787155200 [ RunTime:0.000861s ]
[2026-08-19T10:22:25+08:00][sql] CONNECT:[ UseTime:0.001695s ] mysql:host=127.0.0.1;port=3306;dbname=auction;charset=utf8mb4
[2026-08-19T10:22:25+08:00][sql] SHOW FULL COLUMNS FROM `user` [ RunTime:0.001595s ]
[2026-08-19T10:22:25+08:00][sql] SELECT COUNT(*) AS think_count FROM `user` [ RunTime:0.000519s ]
[2026-08-19T10:22:25+08:00][sql] SELECT COUNT(*) AS think_count FROM `user` WHERE  `is_seller` = 1 [ RunTime:0.000513s ]
[2026-08-19T10:22:25+08:00][sql] SHOW FULL COLUMNS FROM `goods` [ RunTime:0.001063s ]
[2026-08-19T10:22:25+08:00][sql] SELECT COUNT(*) AS think_count FROM `goods` [ RunTime:0.000428s ]
[2026-08-19T10:22:25+08:00][sql] SELECT COUNT(*) AS think_count FROM `goods` WHERE  `status` = 1  AND `end_time` > 1787106144 [ RunTime:0.000513s ]
[2026-08-19T10:22:25+08:00][sql] SHOW FULL COLUMNS FROM `order` [ RunTime:0.001267s ]
[2026-08-19T10:22:25+08:00][sql] SELECT COUNT(*) AS think_count FROM `order` [ RunTime:0.000488s ]
[2026-08-19T10:22:25+08:00][sql] SELECT COUNT(*) AS think_count FROM `order` WHERE  `pay_status` = 0  AND `order_status` = 0 [ RunTime:0.000575s ]
[2026-08-19T10:22:25+08:00][sql] SELECT COUNT(*) AS think_count FROM `goods` WHERE  `status` = 0 [ RunTime:0.000565s ]
[2026-08-19T10:22:25+08:00][sql] SELECT COUNT(*) AS think_count FROM `user` WHERE  `seller_check` = 0 [ RunTime:0.000599s ]
[2026-08-19T10:22:25+08:00][sql] SHOW FULL COLUMNS FROM `withdraw` [ RunTime:0.003437s ]
[2026-08-19T10:22:25+08:00][sql] SELECT COUNT(*) AS think_count FROM `withdraw` WHERE  `status` = 0 [ RunTime:0.000832s ]
[2026-08-19T10:22:25+08:00][sql] SELECT SUM(`price`) AS think_sum FROM `order` WHERE  `pay_status` = 1 [ RunTime:0.000630s ]
[2026-08-19T10:22:25+08:00][sql] SELECT SUM(`commission`) AS think_sum FROM `order` WHERE  `pay_status` = 1 [ RunTime:0.000637s ]
[2026-08-19T10:22:25+08:00][sql] SELECT SUM(`price`) AS think_sum FROM `order` WHERE  `pay_status` = 1  AND `pay_time` > 1787068800 [ RunTime:0.000551s ]
[2026-08-19T10:22:25+08:00][sql] SELECT * FROM `order` ORDER BY `id` DESC LIMIT 8 [ RunTime:0.000670s ]
[2026-08-19T10:22:25+08:00][sql] SHOW FULL COLUMNS FROM `bid_record` [ RunTime:0.001188s ]
[2026-08-19T10:22:25+08:00][sql] SELECT `b`.*,g.title as goods_title,`u`.`nickname`,`u`.`mobile` FROM `bid_record` `b` LEFT JOIN `goods` `g` ON `b`.`goods_id`=`g`.`id` LEFT JOIN `user` `u` ON `b`.`user_id`=`u`.`id` ORDER BY `b`.`id` DESC LIMIT 8 [ RunTime:0.000716s ]
[2026-08-19T10:22:25+08:00][sql] SELECT SUM(`price`) AS think_sum FROM `order` WHERE  `pay_time` >= 1786550400  AND `pay_time` < 1786636800 [ RunTime:0.000548s ]
[2026-08-19T10:22:25+08:00][sql] SELECT COUNT(*) AS think_count FROM `order` WHERE  `pay_time` >= 1786550400  AND `pay_time` < 1786636800 [ RunTime:0.000538s ]
[2026-08-19T10:22:25+08:00][sql] SELECT SUM(`price`) AS think_sum FROM `order` WHERE  `pay_time` >= 1786636800  AND `pay_time` < 1786723200 [ RunTime:0.000510s ]
[2026-08-19T10:22:25+08:00][sql] SELECT COUNT(*) AS think_count FROM `order` WHERE  `pay_time` >= 1786636800  AND `pay_time` < 1786723200 [ RunTime:0.000499s ]
[2026-08-19T10:22:25+08:00][sql] SELECT SUM(`price`) AS think_sum FROM `order` WHERE  `pay_time` >= 1786723200  AND `pay_time` < 1786809600 [ RunTime:0.000466s ]
[2026-08-19T10:22:25+08:00][sql] SELECT COUNT(*) AS think_count FROM `order` WHERE  `pay_time` >= 1786723200  AND `pay_time` < 1786809600 [ RunTime:0.000440s ]
[2026-08-19T10:22:25+08:00][sql] SELECT SUM(`price`) AS think_sum FROM `order` WHERE  `pay_time` >= 1786809600  AND `pay_time` < 1786896000 [ RunTime:0.000442s ]
[2026-08-19T10:22:25+08:00][sql] SELECT COUNT(*) AS think_count FROM `order` WHERE  `pay_time` >= 1786809600  AND `pay_time` < 1786896000 [ RunTime:0.000765s ]
[2026-08-19T10:22:25+08:00][sql] SELECT SUM(`price`) AS think_sum FROM `order` WHERE  `pay_time` >= 1786896000  AND `pay_time` < 1786982400 [ RunTime:0.000601s ]
[2026-08-19T10:22:25+08:00][sql] SELECT COUNT(*) AS think_count FROM `order` WHERE  `pay_time` >= 1786896000  AND `pay_time` < 1786982400 [ RunTime:0.000659s ]
[2026-08-19T10:22:25+08:00][sql] SELECT SUM(`price`) AS think_sum FROM `order` WHERE  `pay_time` >= 1786982400  AND `pay_time` < 1787068800 [ RunTime:0.000700s ]
[2026-08-19T10:22:25+08:00][sql] SELECT COUNT(*) AS think_count FROM `order` WHERE  `pay_time` >= 1786982400  AND `pay_time` < 1787068800 [ RunTime:0.000697s ]
[2026-08-19T10:22:25+08:00][sql] SELECT SUM(`price`) AS think_sum FROM `order` WHERE  `pay_time` >= 1787068800  AND `pay_time` < 1787155200 [ RunTime:0.000661s ]
[2026-08-19T10:22:25+08:00][sql] SELECT COUNT(*) AS think_count FROM `order` WHERE  `pay_time` >= 1787068800  AND `pay_time` < 1787155200 [ RunTime:0.000514s ]
[2026-08-19T10:22:35+08:00][sql] CONNECT:[ UseTime:0.001842s ] mysql:host=127.0.0.1;port=3306;dbname=auction;charset=utf8mb4
[2026-08-19T10:22:35+08:00][sql] SHOW FULL COLUMNS FROM `category` [ RunTime:0.001490s ]
[2026-08-19T10:22:35+08:00][sql] SELECT * FROM `category` WHERE  `status` = 1 ORDER BY `sort` ASC [ RunTime:0.000830s ]
[2026-08-19T10:22:35+08:00][sql] SHOW FULL COLUMNS FROM `user` [ RunTime:0.001525s ]
[2026-08-19T10:22:35+08:00][sql] SELECT `id`,`nickname`,`mobile` FROM `user` WHERE  `is_seller` = 1 ORDER BY `id` DESC [ RunTime:0.000778s ]
[2026-08-19T10:22:37+08:00][sql] CONNECT:[ UseTime:0.022212s ] mysql:host=127.0.0.1;port=3306;dbname=auction;charset=utf8mb4
[2026-08-19T10:22:37+08:00][sql] SHOW FULL COLUMNS FROM `category` [ RunTime:0.001798s ]
[2026-08-19T10:22:37+08:00][sql] SELECT * FROM `category` ORDER BY `sort` ASC,`id` ASC [ RunTime:0.001324s ]
[2026-08-19T10:22:37+08:00][sql] SHOW FULL COLUMNS FROM `goods` [ RunTime:0.002255s ]
[2026-08-19T10:22:37+08:00][sql] SELECT COUNT(*),`category_id` FROM `goods` GROUP BY `category_id` [ RunTime:0.001243s ]
[2026-08-19T10:22:39+08:00][sql] CONNECT:[ UseTime:0.024643s ] mysql:host=127.0.0.1;port=3306;dbname=auction;charset=utf8mb4
[2026-08-19T10:22:39+08:00][sql] SHOW FULL COLUMNS FROM `bid_record` [ RunTime:0.001078s ]
[2026-08-19T10:22:39+08:00][sql] SELECT COUNT(*) AS think_count FROM `bid_record` `b` LEFT JOIN `goods` `g` ON `b`.`goods_id`=`g`.`id` LEFT JOIN `user` `u` ON `b`.`user_id`=`u`.`id` [ RunTime:0.000730s ]
[2026-08-19T10:22:39+08:00][sql] SELECT `b`.*,g.title as goods_title,`u`.`mobile`,`u`.`nickname` FROM `bid_record` `b` LEFT JOIN `goods` `g` ON `b`.`goods_id`=`g`.`id` LEFT JOIN `user` `u` ON `b`.`user_id`=`u`.`id` ORDER BY `b`.`id` DESC LIMIT 0,15 [ RunTime:0.000871s ]
[2026-08-19T10:22:42+08:00][sql] CONNECT:[ UseTime:0.022040s ] mysql:host=127.0.0.1;port=3306;dbname=auction;charset=utf8mb4
[2026-08-19T10:22:42+08:00][sql] SHOW FULL COLUMNS FROM `after_sale` [ RunTime:0.003379s ]
[2026-08-19T10:22:42+08:00][sql] SELECT COUNT(*) AS think_count FROM `after_sale` `a` LEFT JOIN `user` `u` ON `a`.`user_id`=`u`.`id` [ RunTime:0.000770s ]
[2026-08-19T10:22:42+08:00][sql] SELECT `a`.*,u.mobile as buyer_mobile,u.nickname as buyer_name FROM `after_sale` `a` LEFT JOIN `user` `u` ON `a`.`user_id`=`u`.`id` ORDER BY `a`.`id` DESC LIMIT 0,15 [ RunTime:0.000716s ]
[2026-08-19T10:22:45+08:00][sql] CONNECT:[ UseTime:0.019687s ] mysql:host=127.0.0.1;port=3306;dbname=auction;charset=utf8mb4
[2026-08-19T10:22:45+08:00][sql] SHOW FULL COLUMNS FROM `balance_log` [ RunTime:0.002699s ]
[2026-08-19T10:22:45+08:00][sql] SELECT COUNT(*) AS think_count FROM `balance_log` `l` LEFT JOIN `user` `u` ON `l`.`user_id`=`u`.`id` [ RunTime:0.001452s ]
[2026-08-19T10:22:45+08:00][sql] SELECT `l`.*,`u`.`mobile`,`u`.`nickname` FROM `balance_log` `l` LEFT JOIN `user` `u` ON `l`.`user_id`=`u`.`id` ORDER BY `l`.`id` DESC LIMIT 0,15 [ RunTime:0.001375s ]
[2026-08-19T10:24:27+08:00][sql] CONNECT:[ UseTime:0.007038s ] mysql:host=127.0.0.1;port=3306;dbname=auction;charset=utf8mb4
[2026-08-19T10:24:27+08:00][sql] SHOW FULL COLUMNS FROM `user` [ RunTime:0.001850s ]
[2026-08-19T10:24:27+08:00][sql] SELECT COUNT(*) AS think_count FROM `user` [ RunTime:0.000812s ]
[2026-08-19T10:24:27+08:00][sql] SELECT `id`,`mobile`,`nickname`,`avatar`,`invite_code`,`pid`,`is_seller`,`seller_check`,`balance`,`freeze_balance`,`points`,`commission_rate`,`total_buy`,`total_sell`,`status`,`reg_ip`,`reg_time`,`last_login_time`,`create_time` FROM `user` ORDER BY `id` DESC LIMIT 0,15 [ RunTime:0.001252s ]
[2026-08-19T10:24:48+08:00][sql] CONNECT:[ UseTime:0.024203s ] mysql:host=127.0.0.1;port=3306;dbname=auction;charset=utf8mb4
[2026-08-19T10:24:48+08:00][sql] SHOW FULL COLUMNS FROM `user` [ RunTime:0.002374s ]
[2026-08-19T10:24:48+08:00][sql] SELECT * FROM `user` WHERE  `id` = 27 LIMIT 1 [ RunTime:0.001197s ]
[2026-08-19T10:24:48+08:00][sql] UPDATE `user`  SET `balance` = '99000'  WHERE  `id` = 27 [ RunTime:0.001311s ]
[2026-08-19T10:24:48+08:00][sql] SHOW FULL COLUMNS FROM `balance_log` [ RunTime:0.001872s ]
[2026-08-19T10:24:48+08:00][sql] INSERT INTO `balance_log` SET `user_id` = 27 , `type` = 'recharge' , `amount` = '200' , `balance` = '99000' , `remark` = '后台调整' , `create_time` = 1787106288 [ RunTime:0.001090s ]
[2026-08-19T10:24:48+08:00][sql] SHOW FULL COLUMNS FROM `admin_log` [ RunTime:0.002137s ]
[2026-08-19T10:24:49+08:00][sql] CONNECT:[ UseTime:0.013510s ] mysql:host=127.0.0.1;port=3306;dbname=auction;charset=utf8mb4
[2026-08-19T10:24:49+08:00][sql] SHOW FULL COLUMNS FROM `user` [ RunTime:0.002766s ]
[2026-08-19T10:24:49+08:00][sql] SELECT COUNT(*) AS think_count FROM `user` [ RunTime:0.001039s ]
[2026-08-19T10:24:49+08:00][sql] SELECT `id`,`mobile`,`nickname`,`avatar`,`invite_code`,`pid`,`is_seller`,`seller_check`,`balance`,`freeze_balance`,`points`,`commission_rate`,`total_buy`,`total_sell`,`status`,`reg_ip`,`reg_time`,`last_login_time`,`create_time` FROM `user` ORDER BY `id` DESC LIMIT 0,15 [ RunTime:0.001467s ]
[2026-08-19T10:24:53+08:00][sql] CONNECT:[ UseTime:0.011738s ] mysql:host=127.0.0.1;port=3306;dbname=auction;charset=utf8mb4
[2026-08-19T10:24:53+08:00][sql] SHOW FULL COLUMNS FROM `user` [ RunTime:0.001775s ]
[2026-08-19T10:24:53+08:00][sql] SELECT COUNT(*) AS think_count FROM `user` WHERE  `auth_status` <> 0 [ RunTime:0.000732s ]
[2026-08-19T10:24:53+08:00][sql] SELECT `id`,`mobile`,`nickname`,`real_name`,`id_card`,`id_card_front`,`id_card_back`,`auth_status`,`auth_reason`,`auth_time`,`reg_time`,`create_time` FROM `user` WHERE  `auth_status` <> 0 ORDER BY `id` DESC LIMIT 0,15 [ RunTime:0.000731s ]
[2026-08-19T10:24:57+08:00][sql] CONNECT:[ UseTime:0.012385s ] mysql:host=127.0.0.1;port=3306;dbname=auction;charset=utf8mb4
[2026-08-19T10:24:57+08:00][sql] SHOW FULL COLUMNS FROM `user` [ RunTime:0.002439s ]
[2026-08-19T10:24:57+08:00][sql] SELECT * FROM `user` WHERE  `id` = 24 LIMIT 1 [ RunTime:0.001316s ]
[2026-08-19T10:24:57+08:00][sql] UPDATE `user`  SET `auth_status` = 2 , `auth_reason` = '' , `auth_time` = 1787106297  WHERE  `id` = 24 [ RunTime:0.005185s ]
[2026-08-19T10:24:57+08:00][sql] SHOW FULL COLUMNS FROM `admin_log` [ RunTime:0.003350s ]
[2026-08-19T10:24:59+08:00][sql] CONNECT:[ UseTime:0.025707s ] mysql:host=127.0.0.1;port=3306;dbname=auction;charset=utf8mb4
[2026-08-19T10:24:59+08:00][sql] SHOW FULL COLUMNS FROM `user` [ RunTime:0.002591s ]
[2026-08-19T10:24:59+08:00][sql] SELECT COUNT(*) AS think_count FROM `user` WHERE  `auth_status` <> 0 [ RunTime:0.000719s ]
[2026-08-19T10:24:59+08:00][sql] SELECT `id`,`mobile`,`nickname`,`real_name`,`id_card`,`id_card_front`,`id_card_back`,`auth_status`,`auth_reason`,`auth_time`,`reg_time`,`create_time` FROM `user` WHERE  `auth_status` <> 0 ORDER BY `id` DESC LIMIT 0,15 [ RunTime:0.001136s ]
[2026-08-19T10:25:05+08:00][sql] CONNECT:[ UseTime:0.011217s ] mysql:host=127.0.0.1;port=3306;dbname=auction;charset=utf8mb4
[2026-08-19T10:25:05+08:00][sql] SHOW FULL COLUMNS FROM `user` [ RunTime:0.001514s ]
[2026-08-19T10:25:05+08:00][sql] SELECT COUNT(*) AS think_count FROM `user` WHERE  `shop_name` <> '' [ RunTime:0.000754s ]
[2026-08-19T10:25:05+08:00][sql] SELECT `id`,`mobile`,`nickname`,`avatar`,`invite_code`,`pid`,`is_seller`,`seller_check`,`balance`,`freeze_balance`,`points`,`commission_rate`,`total_buy`,`total_sell`,`status`,`reg_ip`,`reg_time`,`last_login_time`,`create_time`,`shop_name`,`company_name`,`license_img`,`real_name` FROM `user` WHERE  `shop_name` <> '' ORDER BY `id` DESC LIMIT 0,15 [ RunTime:0.000904s ]
[2026-08-19T10:25:10+08:00][sql] CONNECT:[ UseTime:0.010676s ] mysql:host=127.0.0.1;port=3306;dbname=auction;charset=utf8mb4
[2026-08-19T10:25:10+08:00][sql] SHOW FULL COLUMNS FROM `category` [ RunTime:0.001368s ]
[2026-08-19T10:25:10+08:00][sql] SELECT * FROM `category` WHERE  `status` = 1 ORDER BY `sort` ASC [ RunTime:0.000799s ]
[2026-08-19T10:25:10+08:00][sql] SHOW FULL COLUMNS FROM `user` [ RunTime:0.001545s ]
[2026-08-19T10:25:10+08:00][sql] SELECT `id`,`nickname`,`mobile` FROM `user` WHERE  `is_seller` = 1 ORDER BY `id` DESC [ RunTime:0.000738s ]
[2026-08-19T10:25:10+08:00][sql] CONNECT:[ UseTime:0.015824s ] mysql:host=127.0.0.1;port=3306;dbname=auction;charset=utf8mb4
[2026-08-19T10:25:10+08:00][sql] SHOW FULL COLUMNS FROM `goods` [ RunTime:0.002328s ]
[2026-08-19T10:25:10+08:00][sql] SELECT COUNT(*) AS think_count FROM `goods` `g` LEFT JOIN `user` `u` ON `g`.`seller_id`=`u`.`id` LEFT JOIN `category` `c` ON `g`.`category_id`=`c`.`id` [ RunTime:0.001018s ]
[2026-08-19T10:25:10+08:00][sql] SELECT `g`.*,u.mobile as seller_mobile,u.nickname as seller_name,c.name as category_name FROM `goods` `g` LEFT JOIN `user` `u` ON `g`.`seller_id`=`u`.`id` LEFT JOIN `category` `c` ON `g`.`category_id`=`c`.`id` ORDER BY `g`.`id` DESC LIMIT 0,15 [ RunTime:0.002197s ]
[2026-08-19T10:25:13+08:00][sql] CONNECT:[ UseTime:0.002110s ] mysql:host=127.0.0.1;port=3306;dbname=auction;charset=utf8mb4
[2026-08-19T10:25:13+08:00][sql] SHOW FULL COLUMNS FROM `goods` [ RunTime:0.001749s ]
[2026-08-19T10:25:13+08:00][sql] SELECT COUNT(*) AS think_count FROM `goods` `g` LEFT JOIN `user` `u` ON `g`.`seller_id`=`u`.`id` WHERE  `g`.`status` = '0' [ RunTime:0.001076s ]
[2026-08-19T10:25:13+08:00][sql] SELECT `g`.*,u.mobile as seller_mobile,u.nickname as seller_name FROM `goods` `g` LEFT JOIN `user` `u` ON `g`.`seller_id`=`u`.`id` WHERE  `g`.`status` = '0' ORDER BY `g`.`id` DESC LIMIT 0,15 [ RunTime:0.000775s ]
[2026-08-19T10:25:16+08:00][sql] CONNECT:[ UseTime:0.014084s ] mysql:host=127.0.0.1;port=3306;dbname=auction;charset=utf8mb4
[2026-08-19T10:25:16+08:00][sql] SHOW FULL COLUMNS FROM `category` [ RunTime:0.001432s ]
[2026-08-19T10:25:16+08:00][sql] SELECT * FROM `category` ORDER BY `sort` ASC,`id` ASC [ RunTime:0.000776s ]
[2026-08-19T10:25:16+08:00][sql] SHOW FULL COLUMNS FROM `goods` [ RunTime:0.001265s ]
[2026-08-19T10:25:16+08:00][sql] SELECT COUNT(*),`category_id` FROM `goods` GROUP BY `category_id` [ RunTime:0.000682s ]
[2026-08-19T10:25:20+08:00][sql] CONNECT:[ UseTime:0.025143s ] mysql:host=127.0.0.1;port=3306;dbname=auction;charset=utf8mb4
[2026-08-19T10:25:20+08:00][sql] SHOW FULL COLUMNS FROM `bid_record` [ RunTime:0.002145s ]
[2026-08-19T10:25:20+08:00][sql] SELECT COUNT(*) AS think_count FROM `bid_record` `b` LEFT JOIN `goods` `g` ON `b`.`goods_id`=`g`.`id` LEFT JOIN `user` `u` ON `b`.`user_id`=`u`.`id` [ RunTime:0.001278s ]
[2026-08-19T10:25:20+08:00][sql] SELECT `b`.*,g.title as goods_title,`u`.`mobile`,`u`.`nickname` FROM `bid_record` `b` LEFT JOIN `goods` `g` ON `b`.`goods_id`=`g`.`id` LEFT JOIN `user` `u` ON `b`.`user_id`=`u`.`id` ORDER BY `b`.`id` DESC LIMIT 0,15 [ RunTime:0.001269s ]
[2026-08-19T10:25:25+08:00][sql] CONNECT:[ UseTime:0.022327s ] mysql:host=127.0.0.1;port=3306;dbname=auction;charset=utf8mb4
[2026-08-19T10:25:25+08:00][sql] SHOW FULL COLUMNS FROM `order` [ RunTime:0.001976s ]
[2026-08-19T10:25:25+08:00][sql] SELECT COUNT(*) AS think_count FROM `order` `o` LEFT JOIN `user` `u` ON `o`.`buyer_id`=`u`.`id` LEFT JOIN `user` `s` ON `o`.`seller_id`=`s`.`id` [ RunTime:0.003161s ]
[2026-08-19T10:25:25+08:00][sql] SELECT `o`.*,u.mobile as buyer_mobile,u.nickname as buyer_name,s.mobile as seller_mobile,s.nickname as seller_name FROM `order` `o` LEFT JOIN `user` `u` ON `o`.`buyer_id`=`u`.`id` LEFT JOIN `user` `s` ON `o`.`seller_id`=`s`.`id` ORDER BY `o`.`id` DESC LIMIT 0,15 [ RunTime:0.001116s ]
[2026-08-19T10:25:28+08:00][sql] CONNECT:[ UseTime:0.002052s ] mysql:host=127.0.0.1;port=3306;dbname=auction;charset=utf8mb4
[2026-08-19T10:25:28+08:00][sql] SHOW FULL COLUMNS FROM `order` [ RunTime:0.001488s ]
[2026-08-19T10:25:28+08:00][sql] SELECT `o`.*,u.mobile as buyer_mobile,u.nickname as buyer_name,s.mobile as seller_mobile,s.nickname as seller_name FROM `order` `o` LEFT JOIN `user` `u` ON `o`.`buyer_id`=`u`.`id` LEFT JOIN `user` `s` ON `o`.`seller_id`=`s`.`id` WHERE  `o`.`id` = '8' LIMIT 1 [ RunTime:0.001027s ]
[2026-08-19T10:25:31+08:00][sql] CONNECT:[ UseTime:0.025293s ] mysql:host=127.0.0.1;port=3306;dbname=auction;charset=utf8mb4
[2026-08-19T10:25:31+08:00][sql] SHOW FULL COLUMNS FROM `after_sale` [ RunTime:0.002247s ]
[2026-08-19T10:25:31+08:00][sql] SELECT COUNT(*) AS think_count FROM `after_sale` `a` LEFT JOIN `user` `u` ON `a`.`user_id`=`u`.`id` [ RunTime:0.001086s ]
[2026-08-19T10:25:31+08:00][sql] SELECT `a`.*,u.mobile as buyer_mobile,u.nickname as buyer_name FROM `after_sale` `a` LEFT JOIN `user` `u` ON `a`.`user_id`=`u`.`id` ORDER BY `a`.`id` DESC LIMIT 0,15 [ RunTime:0.001135s ]
[2026-08-19T10:25:34+08:00][sql] CONNECT:[ UseTime:0.003457s ] mysql:host=127.0.0.1;port=3306;dbname=auction;charset=utf8mb4
[2026-08-19T10:25:34+08:00][sql] SHOW FULL COLUMNS FROM `withdraw` [ RunTime:0.003465s ]
[2026-08-19T10:25:34+08:00][sql] SELECT COUNT(*) AS think_count FROM `withdraw` `w` LEFT JOIN `user` `u` ON `w`.`user_id`=`u`.`id` [ RunTime:0.000923s ]
[2026-08-19T10:25:34+08:00][sql] SELECT `w`.*,`u`.`mobile`,`u`.`nickname` FROM `withdraw` `w` LEFT JOIN `user` `u` ON `w`.`user_id`=`u`.`id` ORDER BY `w`.`id` DESC LIMIT 0,15 [ RunTime:0.000773s ]
[2026-08-19T10:25:35+08:00][sql] CONNECT:[ UseTime:0.002866s ] mysql:host=127.0.0.1;port=3306;dbname=auction;charset=utf8mb4
[2026-08-19T10:25:35+08:00][sql] SHOW FULL COLUMNS FROM `balance_log` [ RunTime:0.001358s ]
[2026-08-19T10:25:35+08:00][sql] SELECT COUNT(*) AS think_count FROM `balance_log` `l` LEFT JOIN `user` `u` ON `l`.`user_id`=`u`.`id` [ RunTime:0.000736s ]
[2026-08-19T10:25:35+08:00][sql] SELECT `l`.*,`u`.`mobile`,`u`.`nickname` FROM `balance_log` `l` LEFT JOIN `user` `u` ON `l`.`user_id`=`u`.`id` ORDER BY `l`.`id` DESC LIMIT 0,15 [ RunTime:0.000867s ]
[2026-08-19T10:25:57+08:00][sql] CONNECT:[ UseTime:0.013962s ] mysql:host=127.0.0.1;port=3306;dbname=auction;charset=utf8mb4
[2026-08-19T10:25:57+08:00][sql] SHOW FULL COLUMNS FROM `balance_log` [ RunTime:0.001488s ]
[2026-08-19T10:25:57+08:00][sql] SELECT COUNT(*) AS think_count FROM `balance_log` `l` LEFT JOIN `user` `u` ON `l`.`user_id`=`u`.`id` WHERE  (  `l`.`user_id` = '0' OR `u`.`mobile` LIKE '%用户2222%' ) [ RunTime:0.001232s ]
[2026-08-19T10:25:57+08:00][sql] SELECT `l`.*,`u`.`mobile`,`u`.`nickname` FROM `balance_log` `l` LEFT JOIN `user` `u` ON `l`.`user_id`=`u`.`id` WHERE  (  `l`.`user_id` = '0' OR `u`.`mobile` LIKE '%用户2222%' ) ORDER BY `l`.`id` DESC LIMIT 0,15 [ RunTime:0.001057s ]
[2026-08-19T10:25:59+08:00][sql] CONNECT:[ UseTime:0.007764s ] mysql:host=127.0.0.1;port=3306;dbname=auction;charset=utf8mb4
[2026-08-19T10:25:59+08:00][sql] SHOW FULL COLUMNS FROM `balance_log` [ RunTime:0.001672s ]
[2026-08-19T10:25:59+08:00][sql] SELECT COUNT(*) AS think_count FROM `balance_log` `l` LEFT JOIN `user` `u` ON `l`.`user_id`=`u`.`id` [ RunTime:0.000932s ]
[2026-08-19T10:25:59+08:00][sql] SELECT `l`.*,`u`.`mobile`,`u`.`nickname` FROM `balance_log` `l` LEFT JOIN `user` `u` ON `l`.`user_id`=`u`.`id` ORDER BY `l`.`id` DESC LIMIT 0,15 [ RunTime:0.000950s ]
[2026-08-19T10:26:01+08:00][sql] CONNECT:[ UseTime:0.007946s ] mysql:host=127.0.0.1;port=3306;dbname=auction;charset=utf8mb4
[2026-08-19T10:26:01+08:00][sql] SHOW FULL COLUMNS FROM `withdraw` [ RunTime:0.003030s ]
[2026-08-19T10:26:01+08:00][sql] SELECT COUNT(*) AS think_count FROM `withdraw` `w` LEFT JOIN `user` `u` ON `w`.`user_id`=`u`.`id` [ RunTime:0.000936s ]
[2026-08-19T10:26:01+08:00][sql] SELECT `w`.*,`u`.`mobile`,`u`.`nickname` FROM `withdraw` `w` LEFT JOIN `user` `u` ON `w`.`user_id`=`u`.`id` ORDER BY `w`.`id` DESC LIMIT 0,15 [ RunTime:0.000906s ]
[2026-08-19T10:26:18+08:00][sql] CONNECT:[ UseTime:0.002358s ] mysql:host=127.0.0.1;port=3306;dbname=auction;charset=utf8mb4
[2026-08-19T10:26:18+08:00][sql] SHOW FULL COLUMNS FROM `user` [ RunTime:0.002130s ]
[2026-08-19T10:26:18+08:00][sql] SELECT * FROM `user` WHERE  `id` = 20 LIMIT 1 [ RunTime:0.001104s ]
[2026-08-19T10:26:18+08:00][sql] SHOW FULL COLUMNS FROM `goods` [ RunTime:0.002191s ]
[2026-08-19T10:26:18+08:00][sql] SELECT COUNT(*) AS think_count FROM `goods` WHERE  `seller_id` = 20  AND `status` = 2 [ RunTime:0.004175s ]
[2026-08-19T10:26:18+08:00][sql] SHOW FULL COLUMNS FROM `order` [ RunTime:0.002227s ]
[2026-08-19T10:26:18+08:00][sql] SELECT COUNT(*) AS think_count FROM `order` WHERE  `buyer_id` = 20  AND `pay_status` = 1 [ RunTime:0.001346s ]
[2026-08-19T10:26:18+08:00][sql] SHOW FULL COLUMNS FROM `bid_record` [ RunTime:0.001797s ]
[2026-08-19T10:26:18+08:00][sql] SELECT COUNT(*) AS think_count FROM `bid_record` WHERE  `user_id` = 20 [ RunTime:0.000901s ]
[2026-08-19T10:26:18+08:00][sql] SHOW FULL COLUMNS FROM `balance_log` [ RunTime:0.001442s ]
[2026-08-19T10:26:18+08:00][sql] SELECT * FROM `balance_log` WHERE  `user_id` = 20 ORDER BY `id` DESC LIMIT 20 [ RunTime:0.000957s ]
[2026-08-19T10:26:18+08:00][sql] SELECT `b`.*,g.title as goods_title FROM `bid_record` `b` LEFT JOIN `goods` `g` ON `b`.`goods_id`=`g`.`id` WHERE  `b`.`user_id` = '20' ORDER BY `b`.`id` DESC LIMIT 10 [ RunTime:0.001210s ]
[2026-08-19T10:26:21+08:00][sql] CONNECT:[ UseTime:0.026132s ] mysql:host=127.0.0.1;port=3306;dbname=auction;charset=utf8mb4
[2026-08-19T10:26:21+08:00][sql] SHOW FULL COLUMNS FROM `user` [ RunTime:0.002072s ]
[2026-08-19T10:26:21+08:00][sql] SELECT COUNT(*) AS think_count FROM `user` [ RunTime:0.000999s ]
[2026-08-19T10:26:21+08:00][sql] SELECT `id`,`mobile`,`nickname`,`avatar`,`invite_code`,`pid`,`is_seller`,`seller_check`,`balance`,`freeze_balance`,`points`,`commission_rate`,`total_buy`,`total_sell`,`status`,`reg_ip`,`reg_time`,`last_login_time`,`create_time` FROM `user` ORDER BY `id` DESC LIMIT 0,15 [ RunTime:0.001107s ]
[2026-08-19T10:26:24+08:00][sql] CONNECT:[ UseTime:0.002378s ] mysql:host=127.0.0.1;port=3306;dbname=auction;charset=utf8mb4
[2026-08-19T10:26:24+08:00][sql] SHOW FULL COLUMNS FROM `user` [ RunTime:0.001730s ]
[2026-08-19T10:26:24+08:00][sql] SELECT COUNT(*) AS think_count FROM `user` [ RunTime:0.000738s ]
[2026-08-19T10:26:24+08:00][sql] SELECT `id`,`mobile`,`nickname`,`avatar`,`invite_code`,`pid`,`is_seller`,`seller_check`,`balance`,`freeze_balance`,`points`,`commission_rate`,`total_buy`,`total_sell`,`status`,`reg_ip`,`reg_time`,`last_login_time`,`create_time` FROM `user` ORDER BY `id` DESC LIMIT 0,15 [ RunTime:0.000801s ]
[2026-08-19T10:26:30+08:00][sql] CONNECT:[ UseTime:0.020478s ] mysql:host=127.0.0.1;port=3306;dbname=auction;charset=utf8mb4
[2026-08-19T10:26:30+08:00][sql] SHOW FULL COLUMNS FROM `user` [ RunTime:0.001750s ]
[2026-08-19T10:26:30+08:00][sql] SELECT COUNT(*) AS think_count FROM `user` WHERE  (  `mobile` LIKE '%12222222222%' OR `nickname` LIKE '%12222222222%'  OR `invite_code` LIKE '%12222222222%' ) [ RunTime:0.000749s ]
[2026-08-19T10:26:30+08:00][sql] SELECT `id`,`mobile`,`nickname`,`avatar`,`invite_code`,`pid`,`is_seller`,`seller_check`,`balance`,`freeze_balance`,`points`,`commission_rate`,`total_buy`,`total_sell`,`status`,`reg_ip`,`reg_time`,`last_login_time`,`create_time` FROM `user` WHERE  (  `mobile` LIKE '%12222222222%' OR `nickname` LIKE '%12222222222%'  OR `invite_code` LIKE '%12222222222%' ) ORDER BY `id` DESC LIMIT 0,15 [ RunTime:0.000747s ]
[2026-08-19T10:26:32+08:00][sql] CONNECT:[ UseTime:0.020198s ] mysql:host=127.0.0.1;port=3306;dbname=auction;charset=utf8mb4
[2026-08-19T10:26:32+08:00][sql] SHOW FULL COLUMNS FROM `user` [ RunTime:0.002401s ]
[2026-08-19T10:26:32+08:00][sql] SELECT COUNT(*) AS think_count FROM `user` WHERE  `auth_status` <> 0 [ RunTime:0.001054s ]
[2026-08-19T10:26:32+08:00][sql] SELECT `id`,`mobile`,`nickname`,`real_name`,`id_card`,`id_card_front`,`id_card_back`,`auth_status`,`auth_reason`,`auth_time`,`reg_time`,`create_time` FROM `user` WHERE  `auth_status` <> 0 ORDER BY `id` DESC LIMIT 0,15 [ RunTime:0.000943s ]
[2026-08-19T10:26:41+08:00][sql] CONNECT:[ UseTime:0.021053s ] mysql:host=127.0.0.1;port=3306;dbname=auction;charset=utf8mb4
[2026-08-19T10:26:41+08:00][sql] SHOW FULL COLUMNS FROM `user` [ RunTime:0.002360s ]
[2026-08-19T10:26:41+08:00][sql] SELECT COUNT(*) AS think_count FROM `user` WHERE  `auth_status` <> 0 [ RunTime:0.001355s ]
[2026-08-19T10:26:41+08:00][sql] SELECT `id`,`mobile`,`nickname`,`real_name`,`id_card`,`id_card_front`,`id_card_back`,`auth_status`,`auth_reason`,`auth_time`,`reg_time`,`create_time` FROM `user` WHERE  `auth_status` <> 0 ORDER BY `id` DESC LIMIT 0,15 [ RunTime:0.001101s ]
[2026-08-19T10:27:08+08:00][sql] CONNECT:[ UseTime:0.002081s ] mysql:host=127.0.0.1;port=3306;dbname=auction;charset=utf8mb4
[2026-08-19T10:27:08+08:00][sql] SHOW FULL COLUMNS FROM `user` [ RunTime:0.001654s ]
[2026-08-19T10:27:08+08:00][sql] SELECT COUNT(*) AS think_count FROM `user` WHERE  `shop_name` <> '' [ RunTime:0.000914s ]
[2026-08-19T10:27:08+08:00][sql] SELECT `id`,`mobile`,`nickname`,`avatar`,`invite_code`,`pid`,`is_seller`,`seller_check`,`balance`,`freeze_balance`,`points`,`commission_rate`,`total_buy`,`total_sell`,`status`,`reg_ip`,`reg_time`,`last_login_time`,`create_time`,`shop_name`,`company_name`,`license_img`,`real_name` FROM `user` WHERE  `shop_name` <> '' ORDER BY `id` DESC LIMIT 0,15 [ RunTime:0.000752s ]
[2026-08-19T10:27:11+08:00][sql] CONNECT:[ UseTime:0.002164s ] mysql:host=127.0.0.1;port=3306;dbname=auction;charset=utf8mb4
[2026-08-19T10:27:11+08:00][sql] SHOW FULL COLUMNS FROM `category` [ RunTime:0.001453s ]
[2026-08-19T10:27:11+08:00][sql] SELECT * FROM `category` WHERE  `status` = 1 ORDER BY `sort` ASC [ RunTime:0.000897s ]
[2026-08-19T10:27:11+08:00][sql] SHOW FULL COLUMNS FROM `user` [ RunTime:0.001660s ]
[2026-08-19T10:27:11+08:00][sql] SELECT `id`,`nickname`,`mobile` FROM `user` WHERE  `is_seller` = 1 ORDER BY `id` DESC [ RunTime:0.000871s ]
[2026-08-19T10:27:11+08:00][sql] CONNECT:[ UseTime:0.015598s ] mysql:host=127.0.0.1;port=3306;dbname=auction;charset=utf8mb4
[2026-08-19T10:27:11+08:00][sql] SHOW FULL COLUMNS FROM `goods` [ RunTime:0.001162s ]
[2026-08-19T10:27:11+08:00][sql] SELECT COUNT(*) AS think_count FROM `goods` `g` LEFT JOIN `user` `u` ON `g`.`seller_id`=`u`.`id` LEFT JOIN `category` `c` ON `g`.`category_id`=`c`.`id` [ RunTime:0.000817s ]
[2026-08-19T10:27:11+08:00][sql] SELECT `g`.*,u.mobile as seller_mobile,u.nickname as seller_name,c.name as category_name FROM `goods` `g` LEFT JOIN `user` `u` ON `g`.`seller_id`=`u`.`id` LEFT JOIN `category` `c` ON `g`.`category_id`=`c`.`id` ORDER BY `g`.`id` DESC LIMIT 0,15 [ RunTime:0.001527s ]
[2026-08-19T10:27:17+08:00][sql] CONNECT:[ UseTime:0.017345s ] mysql:host=127.0.0.1;port=3306;dbname=auction;charset=utf8mb4
[2026-08-19T10:27:17+08:00][sql] SHOW FULL COLUMNS FROM `goods` [ RunTime:0.002317s ]
[2026-08-19T10:27:17+08:00][sql] SELECT COUNT(*) AS think_count FROM `goods` `g` LEFT JOIN `user` `u` ON `g`.`seller_id`=`u`.`id` LEFT JOIN `category` `c` ON `g`.`category_id`=`c`.`id` WHERE  `g`.`title` LIKE '%eee%' [ RunTime:0.001147s ]
[2026-08-19T10:27:17+08:00][sql] SELECT `g`.*,u.mobile as seller_mobile,u.nickname as seller_name,c.name as category_name FROM `goods` `g` LEFT JOIN `user` `u` ON `g`.`seller_id`=`u`.`id` LEFT JOIN `category` `c` ON `g`.`category_id`=`c`.`id` WHERE  `g`.`title` LIKE '%eee%' ORDER BY `g`.`id` DESC LIMIT 0,15 [ RunTime:0.001247s ]
[2026-08-19T10:27:19+08:00][sql] CONNECT:[ UseTime:0.006979s ] mysql:host=127.0.0.1;port=3306;dbname=auction;charset=utf8mb4
[2026-08-19T10:27:19+08:00][sql] SHOW FULL COLUMNS FROM `goods` [ RunTime:0.002176s ]
[2026-08-19T10:27:19+08:00][sql] SELECT COUNT(*) AS think_count FROM `goods` `g` LEFT JOIN `user` `u` ON `g`.`seller_id`=`u`.`id` WHERE  `g`.`status` = '0' [ RunTime:0.001085s ]
[2026-08-19T10:27:19+08:00][sql] SELECT `g`.*,u.mobile as seller_mobile,u.nickname as seller_name FROM `goods` `g` LEFT JOIN `user` `u` ON `g`.`seller_id`=`u`.`id` WHERE  `g`.`status` = '0' ORDER BY `g`.`id` DESC LIMIT 0,15 [ RunTime:0.001144s ]
[2026-08-19T10:27:21+08:00][sql] CONNECT:[ UseTime:0.007403s ] mysql:host=127.0.0.1;port=3306;dbname=auction;charset=utf8mb4
[2026-08-19T10:27:21+08:00][sql] SHOW FULL COLUMNS FROM `category` [ RunTime:0.002071s ]
[2026-08-19T10:27:21+08:00][sql] SELECT * FROM `category` ORDER BY `sort` ASC,`id` ASC [ RunTime:0.001099s ]
[2026-08-19T10:27:21+08:00][sql] SHOW FULL COLUMNS FROM `goods` [ RunTime:0.001559s ]
[2026-08-19T10:27:21+08:00][sql] SELECT COUNT(*),`category_id` FROM `goods` GROUP BY `category_id` [ RunTime:0.001082s ]
[2026-08-19T10:27:23+08:00][sql] CONNECT:[ UseTime:0.022247s ] mysql:host=127.0.0.1;port=3306;dbname=auction;charset=utf8mb4
[2026-08-19T10:27:23+08:00][sql] SHOW FULL COLUMNS FROM `order` [ RunTime:0.002289s ]
[2026-08-19T10:27:23+08:00][sql] SELECT COUNT(*) AS think_count FROM `order` `o` LEFT JOIN `user` `u` ON `o`.`buyer_id`=`u`.`id` LEFT JOIN `user` `s` ON `o`.`seller_id`=`s`.`id` [ RunTime:0.001299s ]
[2026-08-19T10:27:23+08:00][sql] SELECT `o`.*,u.mobile as buyer_mobile,u.nickname as buyer_name,s.mobile as seller_mobile,s.nickname as seller_name FROM `order` `o` LEFT JOIN `user` `u` ON `o`.`buyer_id`=`u`.`id` LEFT JOIN `user` `s` ON `o`.`seller_id`=`s`.`id` ORDER BY `o`.`id` DESC LIMIT 0,15 [ RunTime:0.001356s ]
[2026-08-19T10:27:29+08:00][sql] CONNECT:[ UseTime:0.017987s ] mysql:host=127.0.0.1;port=3306;dbname=auction;charset=utf8mb4
[2026-08-19T10:27:29+08:00][sql] SHOW FULL COLUMNS FROM `order` [ RunTime:0.002141s ]
[2026-08-19T10:27:29+08:00][sql] SELECT COUNT(*) AS think_count FROM `order` `o` LEFT JOIN `user` `u` ON `o`.`buyer_id`=`u`.`id` LEFT JOIN `user` `s` ON `o`.`seller_id`=`s`.`id` WHERE  (  `o`.`order_no` LIKE '%AU20260819091634015010%' OR `o`.`goods_title` LIKE '%AU20260819091634015010%'  OR `u`.`mobile` LIKE '%AU20260819091634015010%' ) [ RunTime:0.001285s ]
[2026-08-19T10:27:29+08:00][sql] SELECT `o`.*,u.mobile as buyer_mobile,u.nickname as buyer_name,s.mobile as seller_mobile,s.nickname as seller_name FROM `order` `o` LEFT JOIN `user` `u` ON `o`.`buyer_id`=`u`.`id` LEFT JOIN `user` `s` ON `o`.`seller_id`=`s`.`id` WHERE  (  `o`.`order_no` LIKE '%AU20260819091634015010%' OR `o`.`goods_title` LIKE '%AU20260819091634015010%'  OR `u`.`mobile` LIKE '%AU20260819091634015010%' ) ORDER BY `o`.`id` DESC LIMIT 0,15 [ RunTime:0.001301s ]
[2026-08-19T10:27:30+08:00][sql] CONNECT:[ UseTime:0.020990s ] mysql:host=127.0.0.1;port=3306;dbname=auction;charset=utf8mb4
[2026-08-19T10:27:30+08:00][sql] SHOW FULL COLUMNS FROM `order` [ RunTime:0.001620s ]
[2026-08-19T10:27:30+08:00][sql] SELECT COUNT(*) AS think_count FROM `order` `o` LEFT JOIN `user` `u` ON `o`.`buyer_id`=`u`.`id` LEFT JOIN `user` `s` ON `o`.`seller_id`=`s`.`id` [ RunTime:0.000768s ]
[2026-08-19T10:27:30+08:00][sql] SELECT `o`.*,u.mobile as buyer_mobile,u.nickname as buyer_name,s.mobile as seller_mobile,s.nickname as seller_name FROM `order` `o` LEFT JOIN `user` `u` ON `o`.`buyer_id`=`u`.`id` LEFT JOIN `user` `s` ON `o`.`seller_id`=`s`.`id` ORDER BY `o`.`id` DESC LIMIT 0,15 [ RunTime:0.000569s ]
[2026-08-19T10:27:38+08:00][sql] CONNECT:[ UseTime:0.020960s ] mysql:host=127.0.0.1;port=3306;dbname=auction;charset=utf8mb4
[2026-08-19T10:27:38+08:00][sql] SHOW FULL COLUMNS FROM `order` [ RunTime:0.002214s ]
[2026-08-19T10:27:38+08:00][sql] SELECT COUNT(*) AS think_count FROM `order` `o` LEFT JOIN `user` `u` ON `o`.`buyer_id`=`u`.`id` LEFT JOIN `user` `s` ON `o`.`seller_id`=`s`.`id` WHERE  (  `o`.`order_no` LIKE '%18888888888%' OR `o`.`goods_title` LIKE '%18888888888%'  OR `u`.`mobile` LIKE '%18888888888%' ) [ RunTime:0.004046s ]
[2026-08-19T10:27:38+08:00][sql] SELECT `o`.*,u.mobile as buyer_mobile,u.nickname as buyer_name,s.mobile as seller_mobile,s.nickname as seller_name FROM `order` `o` LEFT JOIN `user` `u` ON `o`.`buyer_id`=`u`.`id` LEFT JOIN `user` `s` ON `o`.`seller_id`=`s`.`id` WHERE  (  `o`.`order_no` LIKE '%18888888888%' OR `o`.`goods_title` LIKE '%18888888888%'  OR `u`.`mobile` LIKE '%18888888888%' ) ORDER BY `o`.`id` DESC LIMIT 0,15 [ RunTime:0.001113s ]
[2026-08-19T10:27:40+08:00][sql] CONNECT:[ UseTime:0.001816s ] mysql:host=127.0.0.1;port=3306;dbname=auction;charset=utf8mb4
[2026-08-19T10:27:40+08:00][sql] SHOW FULL COLUMNS FROM `order` [ RunTime:0.001397s ]
[2026-08-19T10:27:40+08:00][sql] SELECT COUNT(*) AS think_count FROM `order` `o` LEFT JOIN `user` `u` ON `o`.`buyer_id`=`u`.`id` LEFT JOIN `user` `s` ON `o`.`seller_id`=`s`.`id` [ RunTime:0.000825s ]
[2026-08-19T10:27:40+08:00][sql] SELECT `o`.*,u.mobile as buyer_mobile,u.nickname as buyer_name,s.mobile as seller_mobile,s.nickname as seller_name FROM `order` `o` LEFT JOIN `user` `u` ON `o`.`buyer_id`=`u`.`id` LEFT JOIN `user` `s` ON `o`.`seller_id`=`s`.`id` ORDER BY `o`.`id` DESC LIMIT 0,15 [ RunTime:0.000843s ]
[2026-08-19T10:27:43+08:00][sql] CONNECT:[ UseTime:0.012533s ] mysql:host=127.0.0.1;port=3306;dbname=auction;charset=utf8mb4
[2026-08-19T10:27:43+08:00][sql] SHOW FULL COLUMNS FROM `after_sale` [ RunTime:0.002086s ]
[2026-08-19T10:27:43+08:00][sql] SELECT COUNT(*) AS think_count FROM `after_sale` `a` LEFT JOIN `user` `u` ON `a`.`user_id`=`u`.`id` [ RunTime:0.001014s ]
[2026-08-19T10:27:43+08:00][sql] SELECT `a`.*,u.mobile as buyer_mobile,u.nickname as buyer_name FROM `after_sale` `a` LEFT JOIN `user` `u` ON `a`.`user_id`=`u`.`id` ORDER BY `a`.`id` DESC LIMIT 0,15 [ RunTime:0.001028s ]
[2026-08-19T10:32:15+08:00][sql] CONNECT:[ UseTime:0.003756s ] mysql:host=127.0.0.1;port=3306;dbname=auction;charset=utf8mb4
[2026-08-19T10:32:15+08:00][sql] SHOW FULL COLUMNS FROM `admin_user` [ RunTime:0.004247s ]
[2026-08-19T10:32:15+08:00][sql] SELECT * FROM `admin_user` WHERE  `username` = 'admin' LIMIT 1 [ RunTime:0.001151s ]
[2026-08-19T10:32:32+08:00][sql] CONNECT:[ UseTime:0.002494s ] mysql:host=127.0.0.1;port=3306;dbname=auction;charset=utf8mb4
[2026-08-19T10:32:32+08:00][sql] SHOW FULL COLUMNS FROM `admin_user` [ RunTime:0.003003s ]
[2026-08-19T10:32:32+08:00][sql] SELECT * FROM `admin_user` WHERE  `username` = 'admin' LIMIT 1 [ RunTime:0.000774s ]
[2026-08-19T10:32:32+08:00][sql] UPDATE `admin_user`  SET `last_login_ip` = '127.0.0.1' , `last_login_time` = 1787106752  WHERE  `id` = 1 [ RunTime:0.012919s ]
[2026-08-19T10:32:32+08:00][sql] SHOW FULL COLUMNS FROM `admin_log` [ RunTime:0.003889s ]
[2026-08-19T10:32:32+08:00][sql] INSERT INTO `admin_log` SET `admin_id` = 1 , `action` = '登录后台' , `ip` = '127.0.0.1' , `create_time` = 1787106752 [ RunTime:0.002159s ]
[2026-08-19T10:32:33+08:00][sql] CONNECT:[ UseTime:0.002368s ] mysql:host=127.0.0.1;port=3306;dbname=auction;charset=utf8mb4
[2026-08-19T10:32:33+08:00][sql] SHOW FULL COLUMNS FROM `user` [ RunTime:0.001782s ]
[2026-08-19T10:32:33+08:00][sql] SELECT COUNT(*) AS think_count FROM `user` [ RunTime:0.000709s ]
[2026-08-19T10:32:33+08:00][sql] SELECT COUNT(*) AS think_count FROM `user` WHERE  `is_seller` = 1 [ RunTime:0.000770s ]
[2026-08-19T10:32:33+08:00][sql] SHOW FULL COLUMNS FROM `goods` [ RunTime:0.001398s ]
[2026-08-19T10:32:33+08:00][sql] SELECT COUNT(*) AS think_count FROM `goods` [ RunTime:0.000706s ]
[2026-08-19T10:32:33+08:00][sql] SELECT COUNT(*) AS think_count FROM `goods` WHERE  `status` = 1  AND `end_time` > 1787106752 [ RunTime:0.000773s ]
[2026-08-19T10:32:33+08:00][sql] SHOW FULL COLUMNS FROM `order` [ RunTime:0.001566s ]
[2026-08-19T10:32:33+08:00][sql] SELECT COUNT(*) AS think_count FROM `order` [ RunTime:0.000645s ]
[2026-08-19T10:32:33+08:00][sql] SELECT COUNT(*) AS think_count FROM `order` WHERE  `pay_status` = 0  AND `order_status` = 0 [ RunTime:0.000903s ]
[2026-08-19T10:32:33+08:00][sql] SELECT COUNT(*) AS think_count FROM `goods` WHERE  `status` = 0 [ RunTime:0.000995s ]
[2026-08-19T10:32:33+08:00][sql] SELECT COUNT(*) AS think_count FROM `user` WHERE  `seller_check` = 0 [ RunTime:0.005285s ]
[2026-08-19T10:32:33+08:00][sql] SHOW FULL COLUMNS FROM `withdraw` [ RunTime:0.001985s ]
[2026-08-19T10:32:33+08:00][sql] SELECT COUNT(*) AS think_count FROM `withdraw` WHERE  `status` = 0 [ RunTime:0.000972s ]
[2026-08-19T10:32:33+08:00][sql] SELECT SUM(`price`) AS think_sum FROM `order` WHERE  `pay_status` = 1 [ RunTime:0.001071s ]
[2026-08-19T10:32:33+08:00][sql] SELECT SUM(`commission`) AS think_sum FROM `order` WHERE  `pay_status` = 1 [ RunTime:0.000858s ]
[2026-08-19T10:32:33+08:00][sql] SELECT SUM(`price`) AS think_sum FROM `order` WHERE  `pay_status` = 1  AND `pay_time` > 1787068800 [ RunTime:0.000853s ]
[2026-08-19T10:32:33+08:00][sql] SELECT * FROM `order` ORDER BY `id` DESC LIMIT 8 [ RunTime:0.000953s ]
[2026-08-19T10:32:33+08:00][sql] SHOW FULL COLUMNS FROM `bid_record` [ RunTime:0.009105s ]
[2026-08-19T10:32:33+08:00][sql] SELECT `b`.*,g.title as goods_title,`u`.`nickname`,`u`.`mobile` FROM `bid_record` `b` LEFT JOIN `goods` `g` ON `b`.`goods_id`=`g`.`id` LEFT JOIN `user` `u` ON `b`.`user_id`=`u`.`id` ORDER BY `b`.`id` DESC LIMIT 8 [ RunTime:0.001186s ]
[2026-08-19T10:32:33+08:00][sql] SELECT SUM(`price`) AS think_sum FROM `order` WHERE  `pay_time` >= 1786550400  AND `pay_time` < 1786636800 [ RunTime:0.000968s ]
[2026-08-19T10:32:33+08:00][sql] SELECT COUNT(*) AS think_count FROM `order` WHERE  `pay_time` >= 1786550400  AND `pay_time` < 1786636800 [ RunTime:0.000869s ]
[2026-08-19T10:32:33+08:00][sql] SELECT SUM(`price`) AS think_sum FROM `order` WHERE  `pay_time` >= 1786636800  AND `pay_time` < 1786723200 [ RunTime:0.000771s ]
[2026-08-19T10:32:33+08:00][sql] SELECT COUNT(*) AS think_count FROM `order` WHERE  `pay_time` >= 1786636800  AND `pay_time` < 1786723200 [ RunTime:0.001272s ]
[2026-08-19T10:32:33+08:00][sql] SELECT SUM(`price`) AS think_sum FROM `order` WHERE  `pay_time` >= 1786723200  AND `pay_time` < 1786809600 [ RunTime:0.000791s ]
[2026-08-19T10:32:33+08:00][sql] SELECT COUNT(*) AS think_count FROM `order` WHERE  `pay_time` >= 1786723200  AND `pay_time` < 1786809600 [ RunTime:0.000824s ]
[2026-08-19T10:32:33+08:00][sql] SELECT SUM(`price`) AS think_sum FROM `order` WHERE  `pay_time` >= 1786809600  AND `pay_time` < 1786896000 [ RunTime:0.000931s ]
[2026-08-19T10:32:33+08:00][sql] SELECT COUNT(*) AS think_count FROM `order` WHERE  `pay_time` >= 1786809600  AND `pay_time` < 1786896000 [ RunTime:0.000859s ]
[2026-08-19T10:32:33+08:00][sql] SELECT SUM(`price`) AS think_sum FROM `order` WHERE  `pay_time` >= 1786896000  AND `pay_time` < 1786982400 [ RunTime:0.000856s ]
[2026-08-19T10:32:33+08:00][sql] SELECT COUNT(*) AS think_count FROM `order` WHERE  `pay_time` >= 1786896000  AND `pay_time` < 1786982400 [ RunTime:0.000727s ]
[2026-08-19T10:32:33+08:00][sql] SELECT SUM(`price`) AS think_sum FROM `order` WHERE  `pay_time` >= 1786982400  AND `pay_time` < 1787068800 [ RunTime:0.000884s ]
[2026-08-19T10:32:33+08:00][sql] SELECT COUNT(*) AS think_count FROM `order` WHERE  `pay_time` >= 1786982400  AND `pay_time` < 1787068800 [ RunTime:0.000692s ]
[2026-08-19T10:32:33+08:00][sql] SELECT SUM(`price`) AS think_sum FROM `order` WHERE  `pay_time` >= 1787068800  AND `pay_time` < 1787155200 [ RunTime:0.000722s ]
[2026-08-19T10:32:33+08:00][sql] SELECT COUNT(*) AS think_count FROM `order` WHERE  `pay_time` >= 1787068800  AND `pay_time` < 1787155200 [ RunTime:0.000622s ]
[2026-08-19T10:32:44+08:00][sql] CONNECT:[ UseTime:0.002626s ] mysql:host=127.0.0.1;port=3306;dbname=auction;charset=utf8mb4
[2026-08-19T10:32:44+08:00][sql] SHOW FULL COLUMNS FROM `goods` [ RunTime:0.001648s ]
[2026-08-19T10:32:44+08:00][sql] SELECT COUNT(*) AS think_count FROM `goods` `g` LEFT JOIN `user` `u` ON `g`.`seller_id`=`u`.`id` WHERE  `g`.`status` = '0' [ RunTime:0.000834s ]
[2026-08-19T10:32:44+08:00][sql] SELECT `g`.*,u.mobile as seller_mobile,u.nickname as seller_name FROM `goods` `g` LEFT JOIN `user` `u` ON `g`.`seller_id`=`u`.`id` WHERE  `g`.`status` = '0' ORDER BY `g`.`id` DESC LIMIT 0,15 [ RunTime:0.000985s ]
[2026-08-19T10:32:48+08:00][sql] CONNECT:[ UseTime:0.014497s ] mysql:host=127.0.0.1;port=3306;dbname=auction;charset=utf8mb4
[2026-08-19T10:32:48+08:00][sql] SHOW FULL COLUMNS FROM `admin_user` [ RunTime:0.003657s ]
[2026-08-19T10:32:48+08:00][sql] SELECT * FROM `admin_user` ORDER BY `id` ASC [ RunTime:0.000857s ]
[2026-08-19T10:32:59+08:00][sql] CONNECT:[ UseTime:0.010475s ] mysql:host=127.0.0.1;port=3306;dbname=auction;charset=utf8mb4
[2026-08-19T10:32:59+08:00][sql] SHOW FULL COLUMNS FROM `admin_user` [ RunTime:0.004241s ]
[2026-08-19T10:32:59+08:00][sql] SELECT * FROM `admin_user` WHERE  `id` = 1 LIMIT 1 [ RunTime:0.001172s ]
[2026-08-19T10:32:59+08:00][sql] UPDATE `admin_user`  SET `real_name` = '超级管理员' , `role` = 1 , `status` = 1 , `password` = '14e1b600b1fd579f47433b88e8d85291'  WHERE  `id` = 1 [ RunTime:0.002579s ]
[2026-08-19T10:32:59+08:00][sql] SHOW FULL COLUMNS FROM `admin_log` [ RunTime:0.004326s ]
[2026-08-19T10:33:00+08:00][sql] CONNECT:[ UseTime:0.015529s ] mysql:host=127.0.0.1;port=3306;dbname=auction;charset=utf8mb4
[2026-08-19T10:33:00+08:00][sql] SHOW FULL COLUMNS FROM `admin_user` [ RunTime:0.005572s ]
[2026-08-19T10:33:00+08:00][sql] SELECT * FROM `admin_user` ORDER BY `id` ASC [ RunTime:0.001121s ]
[2026-08-19T10:33:10+08:00][sql] CONNECT:[ UseTime:0.017822s ] mysql:host=127.0.0.1;port=3306;dbname=auction;charset=utf8mb4
[2026-08-19T10:33:10+08:00][sql] SHOW FULL COLUMNS FROM `admin_user` [ RunTime:0.002214s ]
[2026-08-19T10:33:10+08:00][sql] SELECT * FROM `admin_user` WHERE  `username` = 'admin' LIMIT 1 [ RunTime:0.001168s ]
[2026-08-19T10:33:10+08:00][sql] UPDATE `admin_user`  SET `last_login_ip` = '127.0.0.1' , `last_login_time` = 1787106790  WHERE  `id` = 1 [ RunTime:0.002757s ]
[2026-08-19T10:33:10+08:00][sql] SHOW FULL COLUMNS FROM `admin_log` [ RunTime:0.004107s ]
[2026-08-19T10:33:10+08:00][sql] INSERT INTO `admin_log` SET `admin_id` = 1 , `action` = '登录后台' , `ip` = '127.0.0.1' , `create_time` = 1787106790 [ RunTime:0.002117s ]
[2026-08-19T10:33:10+08:00][sql] CONNECT:[ UseTime:0.018133s ] mysql:host=127.0.0.1;port=3306;dbname=auction;charset=utf8mb4
[2026-08-19T10:33:10+08:00][sql] SHOW FULL COLUMNS FROM `user` [ RunTime:0.002166s ]
[2026-08-19T10:33:10+08:00][sql] SELECT COUNT(*) AS think_count FROM `user` [ RunTime:0.000844s ]
[2026-08-19T10:33:10+08:00][sql] SELECT COUNT(*) AS think_count FROM `user` WHERE  `is_seller` = 1 [ RunTime:0.000987s ]
[2026-08-19T10:33:10+08:00][sql] SHOW FULL COLUMNS FROM `goods` [ RunTime:0.001579s ]
[2026-08-19T10:33:10+08:00][sql] SELECT COUNT(*) AS think_count FROM `goods` [ RunTime:0.000734s ]
[2026-08-19T10:33:10+08:00][sql] SELECT COUNT(*) AS think_count FROM `goods` WHERE  `status` = 1  AND `end_time` > 1787106790 [ RunTime:0.000801s ]
[2026-08-19T10:33:10+08:00][sql] SHOW FULL COLUMNS FROM `order` [ RunTime:0.001424s ]
[2026-08-19T10:33:10+08:00][sql] SELECT COUNT(*) AS think_count FROM `order` [ RunTime:0.000628s ]
[2026-08-19T10:33:10+08:00][sql] SELECT COUNT(*) AS think_count FROM `order` WHERE  `pay_status` = 0  AND `order_status` = 0 [ RunTime:0.000603s ]
[2026-08-19T10:33:10+08:00][sql] SELECT COUNT(*) AS think_count FROM `goods` WHERE  `status` = 0 [ RunTime:0.000670s ]
[2026-08-19T10:33:10+08:00][sql] SELECT COUNT(*) AS think_count FROM `user` WHERE  `seller_check` = 0 [ RunTime:0.000638s ]
[2026-08-19T10:33:10+08:00][sql] SHOW FULL COLUMNS FROM `withdraw` [ RunTime:0.003991s ]
[2026-08-19T10:33:10+08:00][sql] SELECT COUNT(*) AS think_count FROM `withdraw` WHERE  `status` = 0 [ RunTime:0.001078s ]
[2026-08-19T10:33:10+08:00][sql] SELECT SUM(`price`) AS think_sum FROM `order` WHERE  `pay_status` = 1 [ RunTime:0.000964s ]
[2026-08-19T10:33:10+08:00][sql] SELECT SUM(`commission`) AS think_sum FROM `order` WHERE  `pay_status` = 1 [ RunTime:0.000855s ]
[2026-08-19T10:33:10+08:00][sql] SELECT SUM(`price`) AS think_sum FROM `order` WHERE  `pay_status` = 1  AND `pay_time` > 1787068800 [ RunTime:0.000841s ]
[2026-08-19T10:33:10+08:00][sql] SELECT * FROM `order` ORDER BY `id` DESC LIMIT 8 [ RunTime:0.000931s ]
[2026-08-19T10:33:10+08:00][sql] SHOW FULL COLUMNS FROM `bid_record` [ RunTime:0.001568s ]
[2026-08-19T10:33:10+08:00][sql] SELECT `b`.*,g.title as goods_title,`u`.`nickname`,`u`.`mobile` FROM `bid_record` `b` LEFT JOIN `goods` `g` ON `b`.`goods_id`=`g`.`id` LEFT JOIN `user` `u` ON `b`.`user_id`=`u`.`id` ORDER BY `b`.`id` DESC LIMIT 8 [ RunTime:0.000999s ]
[2026-08-19T10:33:10+08:00][sql] SELECT SUM(`price`) AS think_sum FROM `order` WHERE  `pay_time` >= 1786550400  AND `pay_time` < 1786636800 [ RunTime:0.000906s ]
[2026-08-19T10:33:10+08:00][sql] SELECT COUNT(*) AS think_count FROM `order` WHERE  `pay_time` >= 1786550400  AND `pay_time` < 1786636800 [ RunTime:0.000988s ]
[2026-08-19T10:33:10+08:00][sql] SELECT SUM(`price`) AS think_sum FROM `order` WHERE  `pay_time` >= 1786636800  AND `pay_time` < 1786723200 [ RunTime:0.000870s ]
[2026-08-19T10:33:10+08:00][sql] SELECT COUNT(*) AS think_count FROM `order` WHERE  `pay_time` >= 1786636800  AND `pay_time` < 1786723200 [ RunTime:0.000587s ]
[2026-08-19T10:33:10+08:00][sql] SELECT SUM(`price`) AS think_sum FROM `order` WHERE  `pay_time` >= 1786723200  AND `pay_time` < 1786809600 [ RunTime:0.000954s ]
[2026-08-19T10:33:10+08:00][sql] SELECT COUNT(*) AS think_count FROM `order` WHERE  `pay_time` >= 1786723200  AND `pay_time` < 1786809600 [ RunTime:0.000931s ]
[2026-08-19T10:33:10+08:00][sql] SELECT SUM(`price`) AS think_sum FROM `order` WHERE  `pay_time` >= 1786809600  AND `pay_time` < 1786896000 [ RunTime:0.000963s ]
[2026-08-19T10:33:10+08:00][sql] SELECT COUNT(*) AS think_count FROM `order` WHERE  `pay_time` >= 1786809600  AND `pay_time` < 1786896000 [ RunTime:0.000894s ]
[2026-08-19T10:33:10+08:00][sql] SELECT SUM(`price`) AS think_sum FROM `order` WHERE  `pay_time` >= 1786896000  AND `pay_time` < 1786982400 [ RunTime:0.001006s ]
[2026-08-19T10:33:10+08:00][sql] SELECT COUNT(*) AS think_count FROM `order` WHERE  `pay_time` >= 1786896000  AND `pay_time` < 1786982400 [ RunTime:0.000885s ]
[2026-08-19T10:33:10+08:00][sql] SELECT SUM(`price`) AS think_sum FROM `order` WHERE  `pay_time` >= 1786982400  AND `pay_time` < 1787068800 [ RunTime:0.000976s ]
[2026-08-19T10:33:10+08:00][sql] SELECT COUNT(*) AS think_count FROM `order` WHERE  `pay_time` >= 1786982400  AND `pay_time` < 1787068800 [ RunTime:0.000845s ]
[2026-08-19T10:33:10+08:00][sql] SELECT SUM(`price`) AS think_sum FROM `order` WHERE  `pay_time` >= 1787068800  AND `pay_time` < 1787155200 [ RunTime:0.000880s ]
[2026-08-19T10:33:10+08:00][sql] SELECT COUNT(*) AS think_count FROM `order` WHERE  `pay_time` >= 1787068800  AND `pay_time` < 1787155200 [ RunTime:0.000841s ]
[2026-08-19T11:11:12+08:00][sql] CONNECT:[ UseTime:0.014706s ] mysql:host=127.0.0.1;port=3306;dbname=auction;charset=utf8mb4
[2026-08-19T11:11:12+08:00][sql] SHOW FULL COLUMNS FROM `admin_user` [ RunTime:0.004947s ]
[2026-08-19T11:11:12+08:00][sql] SELECT * FROM `admin_user` WHERE  `username` = 'admin' LIMIT 1 [ RunTime:0.001051s ]
[2026-08-19T11:11:12+08:00][sql] UPDATE `admin_user`  SET `last_login_ip` = '127.0.0.1' , `last_login_time` = 1787109072  WHERE  `id` = 1 [ RunTime:0.002191s ]
[2026-08-19T11:11:12+08:00][sql] SHOW FULL COLUMNS FROM `admin_log` [ RunTime:0.001617s ]
[2026-08-19T11:11:12+08:00][sql] INSERT INTO `admin_log` SET `admin_id` = 1 , `action` = '登录后台' , `ip` = '127.0.0.1' , `create_time` = 1787109072 [ RunTime:0.002072s ]
[2026-08-19T11:11:13+08:00][sql] CONNECT:[ UseTime:0.026740s ] mysql:host=127.0.0.1;port=3306;dbname=auction;charset=utf8mb4
[2026-08-19T11:11:13+08:00][sql] SHOW FULL COLUMNS FROM `user` [ RunTime:0.002590s ]
[2026-08-19T11:11:13+08:00][sql] SELECT COUNT(*) AS think_count FROM `user` [ RunTime:0.001018s ]
[2026-08-19T11:11:13+08:00][sql] SELECT COUNT(*) AS think_count FROM `user` WHERE  `is_seller` = 1 [ RunTime:0.001070s ]
[2026-08-19T11:11:13+08:00][sql] SHOW FULL COLUMNS FROM `goods` [ RunTime:0.002054s ]
[2026-08-19T11:11:13+08:00][sql] SELECT COUNT(*) AS think_count FROM `goods` [ RunTime:0.000879s ]
[2026-08-19T11:11:13+08:00][sql] SELECT COUNT(*) AS think_count FROM `goods` WHERE  `status` = 1  AND `end_time` > 1787109072 [ RunTime:0.000998s ]
[2026-08-19T11:11:13+08:00][sql] SHOW FULL COLUMNS FROM `order` [ RunTime:0.002036s ]
[2026-08-19T11:11:13+08:00][sql] SELECT COUNT(*) AS think_count FROM `order` [ RunTime:0.001056s ]
[2026-08-19T11:11:13+08:00][sql] SELECT COUNT(*) AS think_count FROM `order` WHERE  `pay_status` = 0  AND `order_status` = 0 [ RunTime:0.001288s ]
[2026-08-19T11:11:13+08:00][sql] SELECT COUNT(*) AS think_count FROM `goods` WHERE  `status` = 0 [ RunTime:0.001204s ]
[2026-08-19T11:11:13+08:00][sql] SELECT COUNT(*) AS think_count FROM `user` WHERE  `seller_check` = 0 [ RunTime:0.001119s ]
[2026-08-19T11:11:13+08:00][sql] SHOW FULL COLUMNS FROM `withdraw` [ RunTime:0.004684s ]
[2026-08-19T11:11:13+08:00][sql] SELECT COUNT(*) AS think_count FROM `withdraw` WHERE  `status` = 0 [ RunTime:0.000983s ]
[2026-08-19T11:11:13+08:00][sql] SELECT SUM(`price`) AS think_sum FROM `order` WHERE  `pay_status` = 1 [ RunTime:0.001056s ]
[2026-08-19T11:11:13+08:00][sql] SELECT SUM(`commission`) AS think_sum FROM `order` WHERE  `pay_status` = 1 [ RunTime:0.000901s ]
[2026-08-19T11:11:13+08:00][sql] SELECT SUM(`price`) AS think_sum FROM `order` WHERE  `pay_status` = 1  AND `pay_time` > 1787068800 [ RunTime:0.001287s ]
[2026-08-19T11:11:13+08:00][sql] SELECT * FROM `order` ORDER BY `id` DESC LIMIT 8 [ RunTime:0.001223s ]
[2026-08-19T11:11:13+08:00][sql] SHOW FULL COLUMNS FROM `bid_record` [ RunTime:0.002120s ]
[2026-08-19T11:11:13+08:00][sql] SELECT `b`.*,g.title as goods_title,`u`.`nickname`,`u`.`mobile` FROM `bid_record` `b` LEFT JOIN `goods` `g` ON `b`.`goods_id`=`g`.`id` LEFT JOIN `user` `u` ON `b`.`user_id`=`u`.`id` ORDER BY `b`.`id` DESC LIMIT 8 [ RunTime:0.001280s ]
[2026-08-19T11:11:13+08:00][sql] SELECT SUM(`price`) AS think_sum FROM `order` WHERE  `pay_time` >= 1786550400  AND `pay_time` < 1786636800 [ RunTime:0.000935s ]
[2026-08-19T11:11:13+08:00][sql] SELECT COUNT(*) AS think_count FROM `order` WHERE  `pay_time` >= 1786550400  AND `pay_time` < 1786636800 [ RunTime:0.000898s ]
[2026-08-19T11:11:13+08:00][sql] SELECT SUM(`price`) AS think_sum FROM `order` WHERE  `pay_time` >= 1786636800  AND `pay_time` < 1786723200 [ RunTime:0.000957s ]
[2026-08-19T11:11:13+08:00][sql] SELECT COUNT(*) AS think_count FROM `order` WHERE  `pay_time` >= 1786636800  AND `pay_time` < 1786723200 [ RunTime:0.000962s ]
[2026-08-19T11:11:13+08:00][sql] SELECT SUM(`price`) AS think_sum FROM `order` WHERE  `pay_time` >= 1786723200  AND `pay_time` < 1786809600 [ RunTime:0.000853s ]
[2026-08-19T11:11:13+08:00][sql] SELECT COUNT(*) AS think_count FROM `order` WHERE  `pay_time` >= 1786723200  AND `pay_time` < 1786809600 [ RunTime:0.000906s ]
[2026-08-19T11:11:13+08:00][sql] SELECT SUM(`price`) AS think_sum FROM `order` WHERE  `pay_time` >= 1786809600  AND `pay_time` < 1786896000 [ RunTime:0.002172s ]
[2026-08-19T11:11:13+08:00][sql] SELECT COUNT(*) AS think_count FROM `order` WHERE  `pay_time` >= 1786809600  AND `pay_time` < 1786896000 [ RunTime:0.001179s ]
[2026-08-19T11:11:13+08:00][sql] SELECT SUM(`price`) AS think_sum FROM `order` WHERE  `pay_time` >= 1786896000  AND `pay_time` < 1786982400 [ RunTime:0.001041s ]
[2026-08-19T11:11:13+08:00][sql] SELECT COUNT(*) AS think_count FROM `order` WHERE  `pay_time` >= 1786896000  AND `pay_time` < 1786982400 [ RunTime:0.001030s ]
[2026-08-19T11:11:13+08:00][sql] SELECT SUM(`price`) AS think_sum FROM `order` WHERE  `pay_time` >= 1786982400  AND `pay_time` < 1787068800 [ RunTime:0.000967s ]
[2026-08-19T11:11:13+08:00][sql] SELECT COUNT(*) AS think_count FROM `order` WHERE  `pay_time` >= 1786982400  AND `pay_time` < 1787068800 [ RunTime:0.000902s ]
[2026-08-19T11:11:13+08:00][sql] SELECT SUM(`price`) AS think_sum FROM `order` WHERE  `pay_time` >= 1787068800  AND `pay_time` < 1787155200 [ RunTime:0.000922s ]
[2026-08-19T11:11:13+08:00][sql] SELECT COUNT(*) AS think_count FROM `order` WHERE  `pay_time` >= 1787068800  AND `pay_time` < 1787155200 [ RunTime:0.001014s ]
[2026-08-19T11:11:18+08:00][sql] CONNECT:[ UseTime:0.012793s ] mysql:host=127.0.0.1;port=3306;dbname=auction;charset=utf8mb4
[2026-08-19T11:11:18+08:00][sql] SHOW FULL COLUMNS FROM `setting` [ RunTime:0.002150s ]
[2026-08-19T11:11:18+08:00][sql] SELECT `value`,`name` FROM `setting` [ RunTime:0.000973s ]
[2026-08-19T11:11:54+08:00][sql] CONNECT:[ UseTime:0.012116s ] mysql:host=127.0.0.1;port=3306;dbname=auction;charset=utf8mb4
[2026-08-19T11:11:54+08:00][sql] SHOW FULL COLUMNS FROM `setting` [ RunTime:0.001744s ]
[2026-08-19T11:11:54+08:00][sql] SELECT * FROM `setting` WHERE  `name` = 'site_name' LIMIT 1 [ RunTime:0.001093s ]
[2026-08-19T11:11:54+08:00][sql] UPDATE `setting`  SET `value` = '竞拍商城V2' , `update_time` = 1787109114  WHERE  `name` = 'site_name' [ RunTime:0.005476s ]
[2026-08-19T11:11:54+08:00][sql] SELECT * FROM `setting` WHERE  `name` = 'site_logo' LIMIT 1 [ RunTime:0.001199s ]
[2026-08-19T11:11:54+08:00][sql] UPDATE `setting`  SET `value` = '/uploads/20260818/135339_9199.png' , `update_time` = 1787109114  WHERE  `name` = 'site_logo' [ RunTime:0.002485s ]
[2026-08-19T11:11:54+08:00][sql] SELECT * FROM `setting` WHERE  `name` = 'site_url' LIMIT 1 [ RunTime:0.001746s ]
[2026-08-19T11:11:54+08:00][sql] UPDATE `setting`  SET `value` = '' , `update_time` = 1787109114  WHERE  `name` = 'site_url' [ RunTime:0.002373s ]
[2026-08-19T11:11:54+08:00][sql] SELECT * FROM `setting` WHERE  `name` = 'commission_rate' LIMIT 1 [ RunTime:0.001286s ]
[2026-08-19T11:11:54+08:00][sql] UPDATE `setting`  SET `value` = '10' , `update_time` = 1787109114  WHERE  `name` = 'commission_rate' [ RunTime:0.002056s ]
[2026-08-19T11:11:54+08:00][sql] SELECT * FROM `setting` WHERE  `name` = 'seller_check' LIMIT 1 [ RunTime:0.001109s ]
[2026-08-19T11:11:54+08:00][sql] UPDATE `setting`  SET `value` = '1' , `update_time` = 1787109114  WHERE  `name` = 'seller_check' [ RunTime:0.002304s ]
[2026-08-19T11:11:54+08:00][sql] SELECT * FROM `setting` WHERE  `name` = 'goods_check' LIMIT 1 [ RunTime:0.001171s ]
[2026-08-19T11:11:54+08:00][sql] UPDATE `setting`  SET `value` = '0' , `update_time` = 1787109114  WHERE  `name` = 'goods_check' [ RunTime:0.002391s ]
[2026-08-19T11:11:54+08:00][sql] SELECT * FROM `setting` WHERE  `name` = 'invite_code' LIMIT 1 [ RunTime:0.001335s ]
[2026-08-19T11:11:54+08:00][sql] UPDATE `setting`  SET `value` = '' , `update_time` = 1787109114  WHERE  `name` = 'invite_code' [ RunTime:0.002524s ]
[2026-08-19T11:11:54+08:00][sql] SELECT * FROM `setting` WHERE  `name` = 'withdraw_fee' LIMIT 1 [ RunTime:0.001012s ]
[2026-08-19T11:11:54+08:00][sql] UPDATE `setting`  SET `value` = '1' , `update_time` = 1787109114  WHERE  `name` = 'withdraw_fee' [ RunTime:0.002356s ]
[2026-08-19T11:11:54+08:00][sql] SELECT * FROM `setting` WHERE  `name` = 'service_phone' LIMIT 1 [ RunTime:0.001024s ]
[2026-08-19T11:11:54+08:00][sql] UPDATE `setting`  SET `value` = '18888888888' , `update_time` = 1787109114  WHERE  `name` = 'service_phone' [ RunTime:0.002022s ]
[2026-08-19T11:11:54+08:00][sql] SELECT * FROM `setting` WHERE  `name` = 'service_qq' LIMIT 1 [ RunTime:0.001062s ]
[2026-08-19T11:11:54+08:00][sql] UPDATE `setting`  SET `value` = '' , `update_time` = 1787109114  WHERE  `name` = 'service_qq' [ RunTime:0.002229s ]
[2026-08-19T11:11:54+08:00][sql] SELECT * FROM `setting` WHERE  `name` = 'service_link' LIMIT 1 [ RunTime:0.001266s ]
[2026-08-19T11:11:54+08:00][sql] UPDATE `setting`  SET `value` = '' , `update_time` = 1787109114  WHERE  `name` = 'service_link' [ RunTime:0.002781s ]
[2026-08-19T11:11:54+08:00][sql] SELECT * FROM `setting` WHERE  `name` = 'auction_delay' LIMIT 1 [ RunTime:0.001263s ]
[2026-08-19T11:11:54+08:00][sql] UPDATE `setting`  SET `value` = '0' , `update_time` = 1787109114  WHERE  `name` = 'auction_delay' [ RunTime:0.002503s ]
[2026-08-19T11:11:54+08:00][sql] SELECT * FROM `setting` WHERE  `name` = 'user_protocol' LIMIT 1 [ RunTime:0.001133s ]
[2026-08-19T11:11:54+08:00][sql] UPDATE `setting`  SET `value` = '用户协议' , `update_time` = 1787109114  WHERE  `name` = 'user_protocol' [ RunTime:0.002218s ]
[2026-08-19T11:11:54+08:00][sql] SELECT * FROM `setting` WHERE  `name` = 'privacy_policy' LIMIT 1 [ RunTime:0.001032s ]
[2026-08-19T11:11:54+08:00][sql] UPDATE `setting`  SET `value` = '隐私政策' , `update_time` = 1787109114  WHERE  `name` = 'privacy_policy' [ RunTime:0.002108s ]
[2026-08-19T11:11:54+08:00][sql] SELECT * FROM `setting` WHERE  `name` = 'publish_protocol' LIMIT 1 [ RunTime:0.000839s ]
[2026-08-19T11:11:54+08:00][sql] INSERT INTO `setting` SET `name` = 'publish_protocol' , `value` = '每笔成交将扣除10%佣金' , `create_time` = 1787109114 [ RunTime:0.001468s ]
[2026-08-19T11:11:54+08:00][sql] SHOW FULL COLUMNS FROM `admin_log` [ RunTime:0.005923s ]
[2026-08-19T11:11:55+08:00][sql] CONNECT:[ UseTime:0.021554s ] mysql:host=127.0.0.1;port=3306;dbname=auction;charset=utf8mb4
[2026-08-19T11:11:55+08:00][sql] SHOW FULL COLUMNS FROM `setting` [ RunTime:0.002435s ]
[2026-08-19T11:11:55+08:00][sql] SELECT `value`,`name` FROM `setting` [ RunTime:0.001147s ]
[2026-08-19T17:35:55+08:00][sql] CONNECT:[ UseTime:0.020741s ] mysql:host=127.0.0.1;port=3306;dbname=auction;charset=utf8mb4
[2026-08-19T17:35:55+08:00][sql] SHOW FULL COLUMNS FROM `admin_user` [ RunTime:0.001486s ]
[2026-08-19T17:35:55+08:00][sql] SELECT * FROM `admin_user` WHERE  `username` = 'admin' LIMIT 1 [ RunTime:0.001163s ]
[2026-08-19T17:35:55+08:00][sql] UPDATE `admin_user`  SET `last_login_ip` = '127.0.0.1' , `last_login_time` = 1787132155  WHERE  `id` = 1 [ RunTime:0.006229s ]
[2026-08-19T17:35:55+08:00][sql] SHOW FULL COLUMNS FROM `admin_log` [ RunTime:0.001935s ]
[2026-08-19T17:35:55+08:00][sql] INSERT INTO `admin_log` SET `admin_id` = 1 , `action` = '登录后台' , `ip` = '127.0.0.1' , `create_time` = 1787132155 [ RunTime:0.002321s ]
[2026-08-19T17:35:55+08:00][sql] CONNECT:[ UseTime:0.011609s ] mysql:host=127.0.0.1;port=3306;dbname=auction;charset=utf8mb4
[2026-08-19T17:35:55+08:00][sql] SHOW FULL COLUMNS FROM `user` [ RunTime:0.001982s ]
[2026-08-19T17:35:55+08:00][sql] SELECT COUNT(*) AS think_count FROM `user` [ RunTime:0.001020s ]
[2026-08-19T17:35:55+08:00][sql] SELECT COUNT(*) AS think_count FROM `user` WHERE  `is_seller` = 1 [ RunTime:0.001094s ]
[2026-08-19T17:35:55+08:00][sql] SHOW FULL COLUMNS FROM `goods` [ RunTime:0.001903s ]
[2026-08-19T17:35:55+08:00][sql] SELECT COUNT(*) AS think_count FROM `goods` [ RunTime:0.000973s ]
[2026-08-19T17:35:55+08:00][sql] SELECT COUNT(*) AS think_count FROM `goods` WHERE  `status` = 1  AND `end_time` > 1787132155 [ RunTime:0.001036s ]
[2026-08-19T17:35:55+08:00][sql] SHOW FULL COLUMNS FROM `order` [ RunTime:0.001891s ]
[2026-08-19T17:35:55+08:00][sql] SELECT COUNT(*) AS think_count FROM `order` [ RunTime:0.000843s ]
[2026-08-19T17:35:55+08:00][sql] SELECT COUNT(*) AS think_count FROM `order` WHERE  `pay_status` = 0  AND `order_status` = 0 [ RunTime:0.000930s ]
[2026-08-19T17:35:55+08:00][sql] SELECT COUNT(*) AS think_count FROM `goods` WHERE  `status` = 0 [ RunTime:0.000866s ]
[2026-08-19T17:35:55+08:00][sql] SELECT COUNT(*) AS think_count FROM `user` WHERE  `seller_check` = 0 [ RunTime:0.001124s ]
[2026-08-19T17:35:55+08:00][sql] SHOW FULL COLUMNS FROM `withdraw` [ RunTime:0.002259s ]
[2026-08-19T17:35:55+08:00][sql] SELECT COUNT(*) AS think_count FROM `withdraw` WHERE  `status` = 0 [ RunTime:0.001201s ]
[2026-08-19T17:35:55+08:00][sql] SELECT SUM(`price`) AS think_sum FROM `order` WHERE  `pay_status` = 1 [ RunTime:0.000889s ]
[2026-08-19T17:35:55+08:00][sql] SELECT SUM(`commission`) AS think_sum FROM `order` WHERE  `pay_status` = 1 [ RunTime:0.000902s ]
[2026-08-19T17:35:55+08:00][sql] SELECT SUM(`price`) AS think_sum FROM `order` WHERE  `pay_status` = 1  AND `pay_time` > 1787068800 [ RunTime:0.000886s ]
[2026-08-19T17:35:55+08:00][sql] SELECT * FROM `order` ORDER BY `id` DESC LIMIT 8 [ RunTime:0.000985s ]
[2026-08-19T17:35:55+08:00][sql] SHOW FULL COLUMNS FROM `bid_record` [ RunTime:0.001719s ]
[2026-08-19T17:35:55+08:00][sql] SELECT `b`.*,g.title as goods_title,`u`.`nickname`,`u`.`mobile` FROM `bid_record` `b` LEFT JOIN `goods` `g` ON `b`.`goods_id`=`g`.`id` LEFT JOIN `user` `u` ON `b`.`user_id`=`u`.`id` ORDER BY `b`.`id` DESC LIMIT 8 [ RunTime:0.001292s ]
[2026-08-19T17:35:55+08:00][sql] SELECT SUM(`price`) AS think_sum FROM `order` WHERE  `pay_time` >= 1786550400  AND `pay_time` < 1786636800 [ RunTime:0.001042s ]
[2026-08-19T17:35:55+08:00][sql] SELECT COUNT(*) AS think_count FROM `order` WHERE  `pay_time` >= 1786550400  AND `pay_time` < 1786636800 [ RunTime:0.000720s ]
[2026-08-19T17:35:55+08:00][sql] SELECT SUM(`price`) AS think_sum FROM `order` WHERE  `pay_time` >= 1786636800  AND `pay_time` < 1786723200 [ RunTime:0.000673s ]
[2026-08-19T17:35:55+08:00][sql] SELECT COUNT(*) AS think_count FROM `order` WHERE  `pay_time` >= 1786636800  AND `pay_time` < 1786723200 [ RunTime:0.000526s ]
[2026-08-19T17:35:55+08:00][sql] SELECT SUM(`price`) AS think_sum FROM `order` WHERE  `pay_time` >= 1786723200  AND `pay_time` < 1786809600 [ RunTime:0.000856s ]
[2026-08-19T17:35:55+08:00][sql] SELECT COUNT(*) AS think_count FROM `order` WHERE  `pay_time` >= 1786723200  AND `pay_time` < 1786809600 [ RunTime:0.000871s ]
[2026-08-19T17:35:55+08:00][sql] SELECT SUM(`price`) AS think_sum FROM `order` WHERE  `pay_time` >= 1786809600  AND `pay_time` < 1786896000 [ RunTime:0.000889s ]
[2026-08-19T17:35:55+08:00][sql] SELECT COUNT(*) AS think_count FROM `order` WHERE  `pay_time` >= 1786809600  AND `pay_time` < 1786896000 [ RunTime:0.000878s ]
[2026-08-19T17:35:55+08:00][sql] SELECT SUM(`price`) AS think_sum FROM `order` WHERE  `pay_time` >= 1786896000  AND `pay_time` < 1786982400 [ RunTime:0.000876s ]
[2026-08-19T17:35:55+08:00][sql] SELECT COUNT(*) AS think_count FROM `order` WHERE  `pay_time` >= 1786896000  AND `pay_time` < 1786982400 [ RunTime:0.000858s ]
[2026-08-19T17:35:55+08:00][sql] SELECT SUM(`price`) AS think_sum FROM `order` WHERE  `pay_time` >= 1786982400  AND `pay_time` < 1787068800 [ RunTime:0.000884s ]
[2026-08-19T17:35:55+08:00][sql] SELECT COUNT(*) AS think_count FROM `order` WHERE  `pay_time` >= 1786982400  AND `pay_time` < 1787068800 [ RunTime:0.000826s ]
[2026-08-19T17:35:55+08:00][sql] SELECT SUM(`price`) AS think_sum FROM `order` WHERE  `pay_time` >= 1787068800  AND `pay_time` < 1787155200 [ RunTime:0.000834s ]
[2026-08-19T17:35:55+08:00][sql] SELECT COUNT(*) AS think_count FROM `order` WHERE  `pay_time` >= 1787068800  AND `pay_time` < 1787155200 [ RunTime:0.000817s ]
[2026-08-19T17:35:59+08:00][sql] CONNECT:[ UseTime:0.014257s ] mysql:host=127.0.0.1;port=3306;dbname=auction;charset=utf8mb4
[2026-08-19T17:35:59+08:00][sql] SHOW FULL COLUMNS FROM `recharge` [ RunTime:0.004977s ]
[2026-08-19T17:35:59+08:00][sql] SELECT COUNT(*) AS think_count FROM `recharge` `r` LEFT JOIN `user` `u` ON `r`.`user_id`=`u`.`id` [ RunTime:0.001266s ]
[2026-08-19T17:35:59+08:00][sql] SELECT `r`.*,`u`.`mobile`,`u`.`nickname` FROM `recharge` `r` LEFT JOIN `user` `u` ON `r`.`user_id`=`u`.`id` ORDER BY `r`.`id` DESC LIMIT 0,15 [ RunTime:0.000965s ]
[2026-08-19T17:36:08+08:00][sql] CONNECT:[ UseTime:0.014757s ] mysql:host=127.0.0.1;port=3306;dbname=auction;charset=utf8mb4
[2026-08-19T17:36:08+08:00][sql] SHOW FULL COLUMNS FROM `recharge` [ RunTime:0.004227s ]
[2026-08-19T17:36:08+08:00][sql] SELECT * FROM `recharge` WHERE  `id` = 1 LIMIT 1 [ RunTime:0.001035s ]
[2026-08-19T17:36:08+08:00][sql] SHOW FULL COLUMNS FROM `user` [ RunTime:0.002101s ]
[2026-08-19T17:36:08+08:00][sql] SELECT * FROM `user` WHERE  `id` = 20 LIMIT 1 [ RunTime:0.001178s ]
[2026-08-19T17:36:08+08:00][sql] UPDATE `user`  SET `balance` = '4300' , `update_time` = 1787132168  WHERE  `id` = 20 [ RunTime:0.001041s ]
[2026-08-19T17:36:08+08:00][sql] SHOW FULL COLUMNS FROM `balance_log` [ RunTime:0.001567s ]
[2026-08-19T17:36:08+08:00][sql] INSERT INTO `balance_log` SET `user_id` = 20 , `type` = 'recharge' , `amount` = '300.00' , `balance` = '4300' , `remark` = '充值到账：300.00元' , `create_time` = 1787132168 [ RunTime:0.001127s ]
[2026-08-19T17:36:08+08:00][sql] UPDATE `recharge`  SET `status` = 1 , `handle_time` = 1787132168  WHERE  `id` = 1 [ RunTime:0.001112s ]
[2026-08-19T17:36:08+08:00][sql] SHOW FULL COLUMNS FROM `admin_log` [ RunTime:0.006674s ]
[2026-08-19T17:36:09+08:00][sql] CONNECT:[ UseTime:0.017452s ] mysql:host=127.0.0.1;port=3306;dbname=auction;charset=utf8mb4
[2026-08-19T17:36:09+08:00][sql] SHOW FULL COLUMNS FROM `recharge` [ RunTime:0.004498s ]
[2026-08-19T17:36:09+08:00][sql] SELECT COUNT(*) AS think_count FROM `recharge` `r` LEFT JOIN `user` `u` ON `r`.`user_id`=`u`.`id` [ RunTime:0.001286s ]
[2026-08-19T17:36:09+08:00][sql] SELECT `r`.*,`u`.`mobile`,`u`.`nickname` FROM `recharge` `r` LEFT JOIN `user` `u` ON `r`.`user_id`=`u`.`id` ORDER BY `r`.`id` DESC LIMIT 0,15 [ RunTime:0.001011s ]
[2026-08-19T18:03:23+08:00][sql] CONNECT:[ UseTime:0.003057s ] mysql:host=127.0.0.1;port=3306;dbname=auction;charset=utf8mb4
[2026-08-19T18:03:23+08:00][sql] SHOW FULL COLUMNS FROM `user` [ RunTime:0.004045s ]
[2026-08-19T18:03:23+08:00][sql] SELECT COUNT(*) AS think_count FROM `user` [ RunTime:0.001366s ]
[2026-08-19T18:03:23+08:00][sql] SELECT `id`,`mobile`,`nickname`,`avatar`,`invite_code`,`pid`,`is_seller`,`seller_check`,`balance`,`freeze_balance`,`points`,`commission_rate`,`total_buy`,`total_sell`,`status`,`reg_ip`,`reg_time`,`last_login_time`,`create_time` FROM `user` ORDER BY `id` DESC LIMIT 0,15 [ RunTime:0.000916s ]
[2026-08-19T18:04:09+08:00][sql] CONNECT:[ UseTime:0.002652s ] mysql:host=127.0.0.1;port=3306;dbname=auction;charset=utf8mb4
[2026-08-19T18:04:09+08:00][sql] SHOW FULL COLUMNS FROM `user` [ RunTime:0.002091s ]
[2026-08-19T18:04:09+08:00][sql] SELECT COUNT(*) AS think_count FROM `user` [ RunTime:0.000765s ]
[2026-08-19T18:04:09+08:00][sql] SELECT `id`,`mobile`,`nickname`,`avatar`,`invite_code`,`pid`,`is_seller`,`seller_check`,`balance`,`freeze_balance`,`points`,`commission_rate`,`total_buy`,`total_sell`,`status`,`reg_ip`,`reg_time`,`last_login_time`,`create_time` FROM `user` ORDER BY `id` DESC LIMIT 0,15 [ RunTime:0.001299s ]
[2026-08-19T18:04:15+08:00][sql] CONNECT:[ UseTime:0.015078s ] mysql:host=127.0.0.1;port=3306;dbname=auction;charset=utf8mb4
[2026-08-19T18:04:15+08:00][sql] SHOW FULL COLUMNS FROM `user` [ RunTime:0.001913s ]
[2026-08-19T18:04:15+08:00][sql] SELECT * FROM `user` WHERE  `id` = 27 LIMIT 1 [ RunTime:0.000837s ]
[2026-08-19T18:04:15+08:00][sql] SHOW FULL COLUMNS FROM `goods` [ RunTime:0.001249s ]
[2026-08-19T18:04:15+08:00][sql] SELECT COUNT(*) AS think_count FROM `goods` WHERE  `seller_id` = 27  AND `status` = 2 [ RunTime:0.000742s ]
[2026-08-19T18:04:15+08:00][sql] SHOW FULL COLUMNS FROM `order` [ RunTime:0.001252s ]
[2026-08-19T18:04:15+08:00][sql] SELECT COUNT(*) AS think_count FROM `order` WHERE  `buyer_id` = 27  AND `pay_status` = 1 [ RunTime:0.000738s ]
[2026-08-19T18:04:15+08:00][sql] SHOW FULL COLUMNS FROM `bid_record` [ RunTime:0.001072s ]
[2026-08-19T18:04:15+08:00][sql] SELECT COUNT(*) AS think_count FROM `bid_record` WHERE  `user_id` = 27 [ RunTime:0.000739s ]
[2026-08-19T18:04:15+08:00][sql] SHOW FULL COLUMNS FROM `balance_log` [ RunTime:0.000828s ]
[2026-08-19T18:04:15+08:00][sql] SELECT * FROM `balance_log` WHERE  `user_id` = 27 ORDER BY `id` DESC LIMIT 20 [ RunTime:0.000681s ]
[2026-08-19T18:04:15+08:00][sql] SELECT `b`.*,g.title as goods_title FROM `bid_record` `b` LEFT JOIN `goods` `g` ON `b`.`goods_id`=`g`.`id` WHERE  `b`.`user_id` = '27' ORDER BY `b`.`id` DESC LIMIT 10 [ RunTime:0.000812s ]
[2026-08-19T18:04:21+08:00][sql] CONNECT:[ UseTime:0.002070s ] mysql:host=127.0.0.1;port=3306;dbname=auction;charset=utf8mb4
[2026-08-19T18:04:21+08:00][sql] SHOW FULL COLUMNS FROM `user` [ RunTime:0.001981s ]
[2026-08-19T18:04:21+08:00][sql] SELECT COUNT(*) AS think_count FROM `user` WHERE  `shop_name` <> '' [ RunTime:0.000906s ]
[2026-08-19T18:04:21+08:00][sql] SELECT `id`,`mobile`,`nickname`,`avatar`,`invite_code`,`pid`,`is_seller`,`seller_check`,`balance`,`freeze_balance`,`points`,`commission_rate`,`total_buy`,`total_sell`,`status`,`reg_ip`,`reg_time`,`last_login_time`,`create_time`,`shop_name`,`company_name`,`license_img`,`real_name` FROM `user` WHERE  `shop_name` <> '' ORDER BY `id` DESC LIMIT 0,15 [ RunTime:0.000916s ]
[2026-08-19T18:04:23+08:00][sql] CONNECT:[ UseTime:0.015557s ] mysql:host=127.0.0.1;port=3306;dbname=auction;charset=utf8mb4
[2026-08-19T18:04:23+08:00][sql] SHOW FULL COLUMNS FROM `user` [ RunTime:0.002467s ]
[2026-08-19T18:04:23+08:00][sql] SELECT * FROM `user` WHERE  `id` = 25 LIMIT 1 [ RunTime:0.001235s ]
[2026-08-19T18:04:23+08:00][sql] SHOW FULL COLUMNS FROM `goods` [ RunTime:0.001975s ]
[2026-08-19T18:04:23+08:00][sql] SELECT COUNT(*) AS think_count FROM `goods` WHERE  `seller_id` = 25  AND `status` = 2 [ RunTime:0.003093s ]
[2026-08-19T18:04:23+08:00][sql] SHOW FULL COLUMNS FROM `order` [ RunTime:0.001930s ]
[2026-08-19T18:04:23+08:00][sql] SELECT COUNT(*) AS think_count FROM `order` WHERE  `buyer_id` = 25  AND `pay_status` = 1 [ RunTime:0.001157s ]
[2026-08-19T18:04:23+08:00][sql] SHOW FULL COLUMNS FROM `bid_record` [ RunTime:0.001705s ]
[2026-08-19T18:04:23+08:00][sql] SELECT COUNT(*) AS think_count FROM `bid_record` WHERE  `user_id` = 25 [ RunTime:0.000951s ]
[2026-08-19T18:04:23+08:00][sql] SHOW FULL COLUMNS FROM `balance_log` [ RunTime:0.001678s ]
[2026-08-19T18:04:23+08:00][sql] SELECT * FROM `balance_log` WHERE  `user_id` = 25 ORDER BY `id` DESC LIMIT 20 [ RunTime:0.001169s ]
[2026-08-19T18:04:23+08:00][sql] SELECT `b`.*,g.title as goods_title FROM `bid_record` `b` LEFT JOIN `goods` `g` ON `b`.`goods_id`=`g`.`id` WHERE  `b`.`user_id` = '25' ORDER BY `b`.`id` DESC LIMIT 10 [ RunTime:0.001108s ]
[2026-08-19T18:04:32+08:00][sql] CONNECT:[ UseTime:0.024626s ] mysql:host=127.0.0.1;port=3306;dbname=auction;charset=utf8mb4
[2026-08-19T18:04:32+08:00][sql] SHOW FULL COLUMNS FROM `user` [ RunTime:0.002302s ]
[2026-08-19T18:04:32+08:00][sql] SELECT COUNT(*) AS think_count FROM `user` WHERE  `shop_name` <> '' [ RunTime:0.001029s ]
[2026-08-19T18:04:32+08:00][sql] SELECT `id`,`mobile`,`nickname`,`avatar`,`invite_code`,`pid`,`is_seller`,`seller_check`,`balance`,`freeze_balance`,`points`,`commission_rate`,`total_buy`,`total_sell`,`status`,`reg_ip`,`reg_time`,`last_login_time`,`create_time`,`shop_name`,`company_name`,`license_img`,`real_name` FROM `user` WHERE  `shop_name` <> '' ORDER BY `id` DESC LIMIT 0,15 [ RunTime:0.001107s ]
[2026-08-19T18:04:38+08:00][sql] CONNECT:[ UseTime:0.001581s ] mysql:host=127.0.0.1;port=3306;dbname=auction;charset=utf8mb4
[2026-08-19T18:04:38+08:00][sql] SHOW FULL COLUMNS FROM `user` [ RunTime:0.001696s ]
[2026-08-19T18:04:38+08:00][sql] SELECT * FROM `user` WHERE  `id` = 25 LIMIT 1 [ RunTime:0.000987s ]
[2026-08-19T18:04:38+08:00][sql] SHOW FULL COLUMNS FROM `goods` [ RunTime:0.001581s ]
[2026-08-19T18:04:38+08:00][sql] SELECT COUNT(*) AS think_count FROM `goods` WHERE  `seller_id` = 25  AND `status` = 2 [ RunTime:0.002768s ]
[2026-08-19T18:04:38+08:00][sql] SHOW FULL COLUMNS FROM `order` [ RunTime:0.005809s ]
[2026-08-19T18:04:38+08:00][sql] SELECT COUNT(*) AS think_count FROM `order` WHERE  `buyer_id` = 25  AND `pay_status` = 1 [ RunTime:0.000940s ]
[2026-08-19T18:04:38+08:00][sql] SHOW FULL COLUMNS FROM `bid_record` [ RunTime:0.001382s ]
[2026-08-19T18:04:38+08:00][sql] SELECT COUNT(*) AS think_count FROM `bid_record` WHERE  `user_id` = 25 [ RunTime:0.000781s ]
[2026-08-19T18:04:38+08:00][sql] SHOW FULL COLUMNS FROM `balance_log` [ RunTime:0.001212s ]
[2026-08-19T18:04:38+08:00][sql] SELECT * FROM `balance_log` WHERE  `user_id` = 25 ORDER BY `id` DESC LIMIT 20 [ RunTime:0.000794s ]
[2026-08-19T18:04:38+08:00][sql] SELECT `b`.*,g.title as goods_title FROM `bid_record` `b` LEFT JOIN `goods` `g` ON `b`.`goods_id`=`g`.`id` WHERE  `b`.`user_id` = '25' ORDER BY `b`.`id` DESC LIMIT 10 [ RunTime:0.001039s ]
[2026-08-19T23:17:40+08:00][sql] CONNECT:[ UseTime:0.016738s ] mysql:host=127.0.0.1;port=3306;dbname=auction;charset=utf8mb4
[2026-08-19T23:17:40+08:00][sql] SHOW FULL COLUMNS FROM `admin_user` [ RunTime:0.002432s ]
[2026-08-19T23:17:40+08:00][sql] SELECT * FROM `admin_user` WHERE  `username` = 'admin' LIMIT 1 [ RunTime:0.001302s ]
[2026-08-19T23:17:40+08:00][sql] UPDATE `admin_user`  SET `last_login_ip` = '127.0.0.1' , `last_login_time` = 1787152660  WHERE  `id` = 1 [ RunTime:0.005241s ]
[2026-08-19T23:17:40+08:00][sql] SHOW FULL COLUMNS FROM `admin_log` [ RunTime:0.005015s ]
[2026-08-19T23:17:40+08:00][sql] INSERT INTO `admin_log` SET `admin_id` = 1 , `action` = '登录后台' , `ip` = '127.0.0.1' , `create_time` = 1787152660 [ RunTime:0.002474s ]
[2026-08-19T23:17:40+08:00][sql] CONNECT:[ UseTime:0.011887s ] mysql:host=127.0.0.1;port=3306;dbname=auction;charset=utf8mb4
[2026-08-19T23:17:40+08:00][sql] SHOW FULL COLUMNS FROM `user` [ RunTime:0.002399s ]
[2026-08-19T23:17:40+08:00][sql] SELECT COUNT(*) AS think_count FROM `user` [ RunTime:0.000999s ]
[2026-08-19T23:17:40+08:00][sql] SELECT COUNT(*) AS think_count FROM `user` WHERE  `is_seller` = 1 [ RunTime:0.001012s ]
[2026-08-19T23:17:40+08:00][sql] SHOW FULL COLUMNS FROM `goods` [ RunTime:0.001854s ]
[2026-08-19T23:17:40+08:00][sql] SELECT COUNT(*) AS think_count FROM `goods` [ RunTime:0.000818s ]
[2026-08-19T23:17:40+08:00][sql] SELECT COUNT(*) AS think_count FROM `goods` WHERE  `status` = 1  AND `end_time` > 1787152660 [ RunTime:0.000948s ]
[2026-08-19T23:17:40+08:00][sql] SHOW FULL COLUMNS FROM `order` [ RunTime:0.001710s ]
[2026-08-19T23:17:40+08:00][sql] SELECT COUNT(*) AS think_count FROM `order` [ RunTime:0.000880s ]
[2026-08-19T23:17:40+08:00][sql] SELECT COUNT(*) AS think_count FROM `order` WHERE  `pay_status` = 0  AND `order_status` = 0 [ RunTime:0.001002s ]
[2026-08-19T23:17:40+08:00][sql] SELECT COUNT(*) AS think_count FROM `goods` WHERE  `status` = 0 [ RunTime:0.000789s ]
[2026-08-19T23:17:40+08:00][sql] SELECT COUNT(*) AS think_count FROM `user` WHERE  `seller_check` = 0 [ RunTime:0.000805s ]
[2026-08-19T23:17:40+08:00][sql] SHOW FULL COLUMNS FROM `withdraw` [ RunTime:0.001970s ]
[2026-08-19T23:17:40+08:00][sql] SELECT COUNT(*) AS think_count FROM `withdraw` WHERE  `status` = 0 [ RunTime:0.001060s ]
[2026-08-19T23:17:40+08:00][sql] SELECT SUM(`price`) AS think_sum FROM `order` WHERE  `pay_status` = 1 [ RunTime:0.000864s ]
[2026-08-19T23:17:40+08:00][sql] SELECT SUM(`commission`) AS think_sum FROM `order` WHERE  `pay_status` = 1 [ RunTime:0.000817s ]
[2026-08-19T23:17:40+08:00][sql] SELECT SUM(`price`) AS think_sum FROM `order` WHERE  `pay_status` = 1  AND `pay_time` > 1787068800 [ RunTime:0.000838s ]
[2026-08-19T23:17:40+08:00][sql] SELECT * FROM `order` ORDER BY `id` DESC LIMIT 8 [ RunTime:0.000932s ]
[2026-08-19T23:17:40+08:00][sql] SHOW FULL COLUMNS FROM `bid_record` [ RunTime:0.001620s ]
[2026-08-19T23:17:40+08:00][sql] SELECT `b`.*,g.title as goods_title,`u`.`nickname`,`u`.`mobile` FROM `bid_record` `b` LEFT JOIN `goods` `g` ON `b`.`goods_id`=`g`.`id` LEFT JOIN `user` `u` ON `b`.`user_id`=`u`.`id` ORDER BY `b`.`id` DESC LIMIT 8 [ RunTime:0.001262s ]
[2026-08-19T23:17:40+08:00][sql] SELECT SUM(`price`) AS think_sum FROM `order` WHERE  `pay_time` >= 1786550400  AND `pay_time` < 1786636800 [ RunTime:0.000799s ]
[2026-08-19T23:17:40+08:00][sql] SELECT COUNT(*) AS think_count FROM `order` WHERE  `pay_time` >= 1786550400  AND `pay_time` < 1786636800 [ RunTime:0.000782s ]
[2026-08-19T23:17:40+08:00][sql] SELECT SUM(`price`) AS think_sum FROM `order` WHERE  `pay_time` >= 1786636800  AND `pay_time` < 1786723200 [ RunTime:0.000884s ]
[2026-08-19T23:17:40+08:00][sql] SELECT COUNT(*) AS think_count FROM `order` WHERE  `pay_time` >= 1786636800  AND `pay_time` < 1786723200 [ RunTime:0.000858s ]
[2026-08-19T23:17:40+08:00][sql] SELECT SUM(`price`) AS think_sum FROM `order` WHERE  `pay_time` >= 1786723200  AND `pay_time` < 1786809600 [ RunTime:0.000845s ]
[2026-08-19T23:17:40+08:00][sql] SELECT COUNT(*) AS think_count FROM `order` WHERE  `pay_time` >= 1786723200  AND `pay_time` < 1786809600 [ RunTime:0.000818s ]
[2026-08-19T23:17:40+08:00][sql] SELECT SUM(`price`) AS think_sum FROM `order` WHERE  `pay_time` >= 1786809600  AND `pay_time` < 1786896000 [ RunTime:0.000853s ]
[2026-08-19T23:17:40+08:00][sql] SELECT COUNT(*) AS think_count FROM `order` WHERE  `pay_time` >= 1786809600  AND `pay_time` < 1786896000 [ RunTime:0.000821s ]
[2026-08-19T23:17:40+08:00][sql] SELECT SUM(`price`) AS think_sum FROM `order` WHERE  `pay_time` >= 1786896000  AND `pay_time` < 1786982400 [ RunTime:0.000806s ]
[2026-08-19T23:17:40+08:00][sql] SELECT COUNT(*) AS think_count FROM `order` WHERE  `pay_time` >= 1786896000  AND `pay_time` < 1786982400 [ RunTime:0.000766s ]
[2026-08-19T23:17:40+08:00][sql] SELECT SUM(`price`) AS think_sum FROM `order` WHERE  `pay_time` >= 1786982400  AND `pay_time` < 1787068800 [ RunTime:0.000763s ]
[2026-08-19T23:17:40+08:00][sql] SELECT COUNT(*) AS think_count FROM `order` WHERE  `pay_time` >= 1786982400  AND `pay_time` < 1787068800 [ RunTime:0.000783s ]
[2026-08-19T23:17:40+08:00][sql] SELECT SUM(`price`) AS think_sum FROM `order` WHERE  `pay_time` >= 1787068800  AND `pay_time` < 1787155200 [ RunTime:0.000772s ]
[2026-08-19T23:17:40+08:00][sql] SELECT COUNT(*) AS think_count FROM `order` WHERE  `pay_time` >= 1787068800  AND `pay_time` < 1787155200 [ RunTime:0.000759s ]
[2026-08-19T23:17:43+08:00][sql] CONNECT:[ UseTime:0.013344s ] mysql:host=127.0.0.1;port=3306;dbname=auction;charset=utf8mb4
[2026-08-19T23:17:43+08:00][sql] SHOW FULL COLUMNS FROM `user` [ RunTime:0.001995s ]
[2026-08-19T23:17:43+08:00][sql] SELECT COUNT(*) AS think_count FROM `user` [ RunTime:0.000712s ]
[2026-08-19T23:17:43+08:00][sql] SELECT `id`,`mobile`,`nickname`,`avatar`,`invite_code`,`pid`,`is_seller`,`seller_check`,`balance`,`freeze_balance`,`points`,`commission_rate`,`total_buy`,`total_sell`,`status`,`reg_ip`,`reg_time`,`last_login_time`,`create_time` FROM `user` ORDER BY `id` DESC LIMIT 0,15 [ RunTime:0.001085s ]
[2026-08-19T23:17:57+08:00][sql] CONNECT:[ UseTime:0.012025s ] mysql:host=127.0.0.1;port=3306;dbname=auction;charset=utf8mb4
[2026-08-19T23:17:57+08:00][sql] SHOW FULL COLUMNS FROM `user` [ RunTime:0.002142s ]
[2026-08-19T23:17:57+08:00][sql] SELECT * FROM `user` WHERE  `id` = 20 LIMIT 1 [ RunTime:0.001178s ]
[2026-08-19T23:17:57+08:00][sql] SHOW FULL COLUMNS FROM `sys_message` [ RunTime:0.003900s ]
[2026-08-19T23:17:57+08:00][sql] INSERT INTO `sys_message` SET `user_id` = 20 , `admin_id` = 0 , `title` = '111' , `content` = '2222' , `is_read` = 0 , `create_time` = 1787152677 [ RunTime:0.004708s ]
[2026-08-19T23:17:57+08:00][sql] SHOW FULL COLUMNS FROM `admin_log` [ RunTime:0.003436s ]
[2026-08-19T23:19:14+08:00][sql] CONNECT:[ UseTime:0.012339s ] mysql:host=127.0.0.1;port=3306;dbname=auction;charset=utf8mb4
[2026-08-19T23:19:14+08:00][sql] SHOW FULL COLUMNS FROM `bid_record` [ RunTime:0.001964s ]
[2026-08-19T23:19:14+08:00][sql] SELECT COUNT(*) AS think_count FROM `bid_record` `b` LEFT JOIN `goods` `g` ON `b`.`goods_id`=`g`.`id` LEFT JOIN `user` `u` ON `b`.`user_id`=`u`.`id` [ RunTime:0.001496s ]
[2026-08-19T23:19:14+08:00][sql] SELECT `b`.*,g.title as goods_title,`u`.`mobile`,`u`.`nickname` FROM `bid_record` `b` LEFT JOIN `goods` `g` ON `b`.`goods_id`=`g`.`id` LEFT JOIN `user` `u` ON `b`.`user_id`=`u`.`id` ORDER BY `b`.`id` DESC LIMIT 0,15 [ RunTime:0.001170s ]
[2026-08-19T23:19:23+08:00][sql] CONNECT:[ UseTime:0.017245s ] mysql:host=127.0.0.1;port=3306;dbname=auction;charset=utf8mb4
[2026-08-19T23:19:23+08:00][sql] SHOW FULL COLUMNS FROM `user` [ RunTime:0.002454s ]
[2026-08-19T23:19:23+08:00][sql] SELECT COUNT(*) AS think_count FROM `user` [ RunTime:0.000905s ]
[2026-08-19T23:19:23+08:00][sql] SELECT `id`,`mobile`,`nickname`,`avatar`,`invite_code`,`pid`,`is_seller`,`seller_check`,`balance`,`freeze_balance`,`points`,`commission_rate`,`total_buy`,`total_sell`,`status`,`reg_ip`,`reg_time`,`last_login_time`,`create_time` FROM `user` ORDER BY `id` DESC LIMIT 0,15 [ RunTime:0.001078s ]
[2026-08-19T23:45:49+08:00][sql] CONNECT:[ UseTime:0.024415s ] mysql:host=127.0.0.1;port=3306;dbname=auction;charset=utf8mb4
[2026-08-19T23:45:49+08:00][sql] SHOW FULL COLUMNS FROM `user` [ RunTime:0.002273s ]
[2026-08-19T23:45:49+08:00][sql] SELECT COUNT(*) AS think_count FROM `user` [ RunTime:0.000883s ]
[2026-08-19T23:45:49+08:00][sql] SELECT `id`,`mobile`,`nickname`,`avatar`,`invite_code`,`pid`,`is_seller`,`seller_check`,`balance`,`freeze_balance`,`points`,`commission_rate`,`total_buy`,`total_sell`,`status`,`reg_ip`,`reg_time`,`last_login_time`,`create_time` FROM `user` ORDER BY `id` DESC LIMIT 0,15 [ RunTime:0.001237s ]
[2026-08-19T23:51:39+08:00][sql] CONNECT:[ UseTime:0.002495s ] mysql:host=127.0.0.1;port=3306;dbname=auction;charset=utf8mb4
[2026-08-19T23:51:39+08:00][sql] SHOW FULL COLUMNS FROM `user` [ RunTime:0.001255s ]
[2026-08-19T23:51:39+08:00][sql] SELECT COUNT(*) AS think_count FROM `user` [ RunTime:0.000638s ]
[2026-08-19T23:51:39+08:00][sql] SELECT `id`,`mobile`,`nickname`,`avatar`,`invite_code`,`pid`,`is_seller`,`seller_check`,`balance`,`freeze_balance`,`points`,`commission_rate`,`total_buy`,`total_sell`,`status`,`reg_ip`,`reg_time`,`last_login_time`,`create_time` FROM `user` ORDER BY `id` DESC LIMIT 0,15 [ RunTime:0.000694s ]
[2026-08-19T23:51:40+08:00][sql] CONNECT:[ UseTime:0.012608s ] mysql:host=127.0.0.1;port=3306;dbname=auction;charset=utf8mb4
[2026-08-19T23:51:40+08:00][sql] SHOW FULL COLUMNS FROM `message` [ RunTime:0.001099s ]
[2026-08-19T23:51:40+08:00][sql] SELECT COUNT(*) AS think_count FROM `message` `m` LEFT JOIN `user` `fu` ON `m`.`from_uid`=`fu`.`id` LEFT JOIN `user` `tu` ON `m`.`to_uid`=`tu`.`id` LEFT JOIN `goods` `g` ON `m`.`goods_id`=`g`.`id` [ RunTime:0.004108s ]
[2026-08-19T23:51:40+08:00][sql] SELECT `m`.*,fu.nickname as from_nick,fu.mobile as from_mobile,fu.shop_name as from_shop,tu.nickname as to_nick,tu.mobile as to_mobile,tu.shop_name as to_shop,g.title as goods_title FROM `message` `m` LEFT JOIN `user` `fu` ON `m`.`from_uid`=`fu`.`id` LEFT JOIN `user` `tu` ON `m`.`to_uid`=`tu`.`id` LEFT JOIN `goods` `g` ON `m`.`goods_id`=`g`.`id` ORDER BY `m`.`id` DESC LIMIT 0,15 [ RunTime:0.001075s ]
[2026-08-19T23:52:31+08:00][sql] CONNECT:[ UseTime:0.002104s ] mysql:host=127.0.0.1;port=3306;dbname=auction;charset=utf8mb4
[2026-08-19T23:52:31+08:00][sql] SHOW FULL COLUMNS FROM `message` [ RunTime:0.001454s ]
[2026-08-19T23:52:31+08:00][sql] SELECT COUNT(*) AS think_count FROM `message` `m` LEFT JOIN `user` `fu` ON `m`.`from_uid`=`fu`.`id` LEFT JOIN `user` `tu` ON `m`.`to_uid`=`tu`.`id` LEFT JOIN `goods` `g` ON `m`.`goods_id`=`g`.`id` [ RunTime:0.002791s ]
[2026-08-19T23:52:31+08:00][sql] SELECT `m`.*,fu.nickname as from_nick,fu.mobile as from_mobile,fu.shop_name as from_shop,tu.nickname as to_nick,tu.mobile as to_mobile,tu.shop_name as to_shop,g.title as goods_title FROM `message` `m` LEFT JOIN `user` `fu` ON `m`.`from_uid`=`fu`.`id` LEFT JOIN `user` `tu` ON `m`.`to_uid`=`tu`.`id` LEFT JOIN `goods` `g` ON `m`.`goods_id`=`g`.`id` ORDER BY `m`.`id` DESC LIMIT 0,15 [ RunTime:0.000898s ]
[2026-08-19T23:52:38+08:00][sql] CONNECT:[ UseTime:0.023591s ] mysql:host=127.0.0.1;port=3306;dbname=auction;charset=utf8mb4
[2026-08-19T23:52:38+08:00][sql] SHOW FULL COLUMNS FROM `message` [ RunTime:0.002001s ]
[2026-08-19T23:52:38+08:00][sql] SELECT * FROM `message` WHERE  `id` = 11 LIMIT 1 [ RunTime:0.000983s ]
[2026-08-19T23:52:38+08:00][sql] UPDATE `message`  SET `content` = '还111' , `is_read` = 0  WHERE  `id` = 11 [ RunTime:0.002331s ]
[2026-08-19T23:52:38+08:00][sql] SHOW FULL COLUMNS FROM `admin_log` [ RunTime:0.003805s ]
[2026-08-19T23:52:39+08:00][sql] CONNECT:[ UseTime:0.010721s ] mysql:host=127.0.0.1;port=3306;dbname=auction;charset=utf8mb4
[2026-08-19T23:52:39+08:00][sql] SHOW FULL COLUMNS FROM `message` [ RunTime:0.001946s ]
[2026-08-19T23:52:39+08:00][sql] SELECT COUNT(*) AS think_count FROM `message` `m` LEFT JOIN `user` `fu` ON `m`.`from_uid`=`fu`.`id` LEFT JOIN `user` `tu` ON `m`.`to_uid`=`tu`.`id` LEFT JOIN `goods` `g` ON `m`.`goods_id`=`g`.`id` [ RunTime:0.001383s ]
[2026-08-19T23:52:39+08:00][sql] SELECT `m`.*,fu.nickname as from_nick,fu.mobile as from_mobile,fu.shop_name as from_shop,tu.nickname as to_nick,tu.mobile as to_mobile,tu.shop_name as to_shop,g.title as goods_title FROM `message` `m` LEFT JOIN `user` `fu` ON `m`.`from_uid`=`fu`.`id` LEFT JOIN `user` `tu` ON `m`.`to_uid`=`tu`.`id` LEFT JOIN `goods` `g` ON `m`.`goods_id`=`g`.`id` ORDER BY `m`.`id` DESC LIMIT 0,15 [ RunTime:0.001280s ]
