[2026-08-20T07:47:48+08:00][sql] CONNECT:[ UseTime:0.021647s ] mysql:host=127.0.0.1;port=3306;dbname=auction;charset=utf8mb4
[2026-08-20T07:47:48+08:00][sql] SHOW FULL COLUMNS FROM `admin_user` [ RunTime:0.001590s ]
[2026-08-20T07:47:48+08:00][sql] SELECT * FROM `admin_user` WHERE  `username` = 'admin' LIMIT 1 [ RunTime:0.000970s ]
[2026-08-20T07:47:48+08:00][sql] UPDATE `admin_user`  SET `last_login_ip` = '127.0.0.1' , `last_login_time` = 1787183268  WHERE  `id` = 1 [ RunTime:0.005137s ]
[2026-08-20T07:47:48+08:00][sql] SHOW FULL COLUMNS FROM `admin_log` [ RunTime:0.001279s ]
[2026-08-20T07:47:48+08:00][sql] INSERT INTO `admin_log` SET `admin_id` = 1 , `action` = '登录后台' , `ip` = '127.0.0.1' , `create_time` = 1787183268 [ RunTime:0.001704s ]
[2026-08-20T07:47:48+08:00][sql] CONNECT:[ UseTime:0.011874s ] mysql:host=127.0.0.1;port=3306;dbname=auction;charset=utf8mb4
[2026-08-20T07:47:48+08:00][sql] SHOW FULL COLUMNS FROM `user` [ RunTime:0.001709s ]
[2026-08-20T07:47:48+08:00][sql] SELECT COUNT(*) AS think_count FROM `user` [ RunTime:0.000597s ]
[2026-08-20T07:47:48+08:00][sql] SELECT COUNT(*) AS think_count FROM `user` WHERE  `is_seller` = 1 [ RunTime:0.000737s ]
[2026-08-20T07:47:48+08:00][sql] SHOW FULL COLUMNS FROM `goods` [ RunTime:0.001154s ]
[2026-08-20T07:47:48+08:00][sql] SELECT COUNT(*) AS think_count FROM `goods` [ RunTime:0.000539s ]
[2026-08-20T07:47:48+08:00][sql] SELECT COUNT(*) AS think_count FROM `goods` WHERE  `status` = 1  AND `end_time` > 1787183268 [ RunTime:0.000637s ]
[2026-08-20T07:47:48+08:00][sql] SHOW FULL COLUMNS FROM `order` [ RunTime:0.001480s ]
[2026-08-20T07:47:48+08:00][sql] SELECT COUNT(*) AS think_count FROM `order` [ RunTime:0.000819s ]
[2026-08-20T07:47:48+08:00][sql] SELECT COUNT(*) AS think_count FROM `order` WHERE  `pay_status` = 0  AND `order_status` = 0 [ RunTime:0.000871s ]
[2026-08-20T07:47:48+08:00][sql] SELECT COUNT(*) AS think_count FROM `goods` WHERE  `status` = 0 [ RunTime:0.000813s ]
[2026-08-20T07:47:48+08:00][sql] SELECT COUNT(*) AS think_count FROM `user` WHERE  `seller_check` = 0 [ RunTime:0.000839s ]
[2026-08-20T07:47:48+08:00][sql] SHOW FULL COLUMNS FROM `withdraw` [ RunTime:0.001590s ]
[2026-08-20T07:47:48+08:00][sql] SELECT COUNT(*) AS think_count FROM `withdraw` WHERE  `status` = 0 [ RunTime:0.000886s ]
[2026-08-20T07:47:48+08:00][sql] SELECT SUM(`price`) AS think_sum FROM `order` WHERE  `pay_status` = 1 [ RunTime:0.000782s ]
[2026-08-20T07:47:48+08:00][sql] SELECT SUM(`commission`) AS think_sum FROM `order` WHERE  `pay_status` = 1 [ RunTime:0.000640s ]
[2026-08-20T07:47:48+08:00][sql] SELECT SUM(`price`) AS think_sum FROM `order` WHERE  `pay_status` = 1  AND `pay_time` > 1787155200 [ RunTime:0.000528s ]
[2026-08-20T07:47:48+08:00][sql] SELECT * FROM `order` ORDER BY `id` DESC LIMIT 8 [ RunTime:0.000752s ]
[2026-08-20T07:47:48+08:00][sql] SHOW FULL COLUMNS FROM `bid_record` [ RunTime:0.001434s ]
[2026-08-20T07:47:48+08:00][sql] SELECT `b`.*,g.title as goods_title,`u`.`nickname`,`u`.`mobile` FROM `bid_record` `b` LEFT JOIN `goods` `g` ON `b`.`goods_id`=`g`.`id` LEFT JOIN `user` `u` ON `b`.`user_id`=`u`.`id` ORDER BY `b`.`id` DESC LIMIT 8 [ RunTime:0.001168s ]
[2026-08-20T07:47:48+08:00][sql] SELECT SUM(`price`) AS think_sum FROM `order` WHERE  `pay_time` >= 1786636800  AND `pay_time` < 1786723200 [ RunTime:0.000851s ]
[2026-08-20T07:47:48+08:00][sql] SELECT COUNT(*) AS think_count FROM `order` WHERE  `pay_time` >= 1786636800  AND `pay_time` < 1786723200 [ RunTime:0.000809s ]
[2026-08-20T07:47:48+08:00][sql] SELECT SUM(`price`) AS think_sum FROM `order` WHERE  `pay_time` >= 1786723200  AND `pay_time` < 1786809600 [ RunTime:0.000738s ]
[2026-08-20T07:47:48+08:00][sql] SELECT COUNT(*) AS think_count FROM `order` WHERE  `pay_time` >= 1786723200  AND `pay_time` < 1786809600 [ RunTime:0.000703s ]
[2026-08-20T07:47:48+08:00][sql] SELECT SUM(`price`) AS think_sum FROM `order` WHERE  `pay_time` >= 1786809600  AND `pay_time` < 1786896000 [ RunTime:0.000732s ]
[2026-08-20T07:47:48+08:00][sql] SELECT COUNT(*) AS think_count FROM `order` WHERE  `pay_time` >= 1786809600  AND `pay_time` < 1786896000 [ RunTime:0.000685s ]
[2026-08-20T07:47:48+08:00][sql] SELECT SUM(`price`) AS think_sum FROM `order` WHERE  `pay_time` >= 1786896000  AND `pay_time` < 1786982400 [ RunTime:0.000728s ]
[2026-08-20T07:47:48+08:00][sql] SELECT COUNT(*) AS think_count FROM `order` WHERE  `pay_time` >= 1786896000  AND `pay_time` < 1786982400 [ RunTime:0.000827s ]
[2026-08-20T07:47:48+08:00][sql] SELECT SUM(`price`) AS think_sum FROM `order` WHERE  `pay_time` >= 1786982400  AND `pay_time` < 1787068800 [ RunTime:0.000754s ]
[2026-08-20T07:47:48+08:00][sql] SELECT COUNT(*) AS think_count FROM `order` WHERE  `pay_time` >= 1786982400  AND `pay_time` < 1787068800 [ RunTime:0.000866s ]
[2026-08-20T07:47:48+08:00][sql] SELECT SUM(`price`) AS think_sum FROM `order` WHERE  `pay_time` >= 1787068800  AND `pay_time` < 1787155200 [ RunTime:0.000730s ]
[2026-08-20T07:47:48+08:00][sql] SELECT COUNT(*) AS think_count FROM `order` WHERE  `pay_time` >= 1787068800  AND `pay_time` < 1787155200 [ RunTime:0.000722s ]
[2026-08-20T07:47:48+08:00][sql] SELECT SUM(`price`) AS think_sum FROM `order` WHERE  `pay_time` >= 1787155200  AND `pay_time` < 1787241600 [ RunTime:0.000951s ]
[2026-08-20T07:47:48+08:00][sql] SELECT COUNT(*) AS think_count FROM `order` WHERE  `pay_time` >= 1787155200  AND `pay_time` < 1787241600 [ RunTime:0.000641s ]
[2026-08-20T07:48:59+08:00][sql] CONNECT:[ UseTime:0.022262s ] mysql:host=127.0.0.1;port=3306;dbname=auction;charset=utf8mb4
[2026-08-20T07:48:59+08:00][sql] SHOW FULL COLUMNS FROM `setting` [ RunTime:0.001071s ]
[2026-08-20T07:48:59+08:00][sql] SELECT `value`,`name` FROM `setting` [ RunTime:0.000818s ]
[2026-08-20T07:49:10+08:00][sql] CONNECT:[ UseTime:0.021698s ] mysql:host=127.0.0.1;port=3306;dbname=auction;charset=utf8mb4
[2026-08-20T07:49:10+08:00][sql] SHOW FULL COLUMNS FROM `setting` [ RunTime:0.001369s ]
[2026-08-20T07:49:10+08:00][sql] SELECT * FROM `setting` WHERE  `name` = 'site_name' LIMIT 1 [ RunTime:0.000886s ]
[2026-08-20T07:49:10+08:00][sql] UPDATE `setting`  SET `value` = '竞拍商城V2' , `update_time` = 1787183350  WHERE  `name` = 'site_name' [ RunTime:0.005102s ]
[2026-08-20T07:49:10+08:00][sql] SELECT * FROM `setting` WHERE  `name` = 'site_logo' LIMIT 1 [ RunTime:0.000857s ]
[2026-08-20T07:49:10+08:00][sql] UPDATE `setting`  SET `value` = '/uploads/20260818/135339_9199.png' , `update_time` = 1787183350  WHERE  `name` = 'site_logo' [ RunTime:0.002342s ]
[2026-08-20T07:49:10+08:00][sql] SELECT * FROM `setting` WHERE  `name` = 'site_url' LIMIT 1 [ RunTime:0.000868s ]
[2026-08-20T07:49:10+08:00][sql] UPDATE `setting`  SET `value` = '' , `update_time` = 1787183350  WHERE  `name` = 'site_url' [ RunTime:0.002001s ]
[2026-08-20T07:49:10+08:00][sql] SELECT * FROM `setting` WHERE  `name` = 'commission_rate' LIMIT 1 [ RunTime:0.001447s ]
[2026-08-20T07:49:10+08:00][sql] UPDATE `setting`  SET `value` = '10' , `update_time` = 1787183350  WHERE  `name` = 'commission_rate' [ RunTime:0.002066s ]
[2026-08-20T07:49:10+08:00][sql] SELECT * FROM `setting` WHERE  `name` = 'seller_check' LIMIT 1 [ RunTime:0.001196s ]
[2026-08-20T07:49:10+08:00][sql] UPDATE `setting`  SET `value` = '1' , `update_time` = 1787183350  WHERE  `name` = 'seller_check' [ RunTime:0.002253s ]
[2026-08-20T07:49:10+08:00][sql] SELECT * FROM `setting` WHERE  `name` = 'goods_check' LIMIT 1 [ RunTime:0.001286s ]
[2026-08-20T07:49:10+08:00][sql] UPDATE `setting`  SET `value` = '1' , `update_time` = 1787183350  WHERE  `name` = 'goods_check' [ RunTime:0.002376s ]
[2026-08-20T07:49:10+08:00][sql] SELECT * FROM `setting` WHERE  `name` = 'invite_code' LIMIT 1 [ RunTime:0.000696s ]
[2026-08-20T07:49:10+08:00][sql] UPDATE `setting`  SET `value` = '' , `update_time` = 1787183350  WHERE  `name` = 'invite_code' [ RunTime:0.002053s ]
[2026-08-20T07:49:10+08:00][sql] SELECT * FROM `setting` WHERE  `name` = 'withdraw_fee' LIMIT 1 [ RunTime:0.001138s ]
[2026-08-20T07:49:10+08:00][sql] UPDATE `setting`  SET `value` = '1' , `update_time` = 1787183350  WHERE  `name` = 'withdraw_fee' [ RunTime:0.002921s ]
[2026-08-20T07:49:10+08:00][sql] SELECT * FROM `setting` WHERE  `name` = 'service_phone' LIMIT 1 [ RunTime:0.000729s ]
[2026-08-20T07:49:10+08:00][sql] UPDATE `setting`  SET `value` = '18888888888' , `update_time` = 1787183350  WHERE  `name` = 'service_phone' [ RunTime:0.001500s ]
[2026-08-20T07:49:10+08:00][sql] SELECT * FROM `setting` WHERE  `name` = 'service_qq' LIMIT 1 [ RunTime:0.000625s ]
[2026-08-20T07:49:10+08:00][sql] UPDATE `setting`  SET `value` = '' , `update_time` = 1787183350  WHERE  `name` = 'service_qq' [ RunTime:0.001435s ]
[2026-08-20T07:49:10+08:00][sql] SELECT * FROM `setting` WHERE  `name` = 'service_link' LIMIT 1 [ RunTime:0.000878s ]
[2026-08-20T07:49:10+08:00][sql] UPDATE `setting`  SET `value` = '' , `update_time` = 1787183350  WHERE  `name` = 'service_link' [ RunTime:0.001637s ]
[2026-08-20T07:49:10+08:00][sql] SELECT * FROM `setting` WHERE  `name` = 'auction_delay' LIMIT 1 [ RunTime:0.000898s ]
[2026-08-20T07:49:10+08:00][sql] UPDATE `setting`  SET `value` = '0' , `update_time` = 1787183350  WHERE  `name` = 'auction_delay' [ RunTime:0.001747s ]
[2026-08-20T07:49:10+08:00][sql] SELECT * FROM `setting` WHERE  `name` = 'user_protocol' LIMIT 1 [ RunTime:0.000810s ]
[2026-08-20T07:49:10+08:00][sql] UPDATE `setting`  SET `value` = '用户协议' , `update_time` = 1787183350  WHERE  `name` = 'user_protocol' [ RunTime:0.002191s ]
[2026-08-20T07:49:10+08:00][sql] SELECT * FROM `setting` WHERE  `name` = 'privacy_policy' LIMIT 1 [ RunTime:0.000768s ]
[2026-08-20T07:49:10+08:00][sql] UPDATE `setting`  SET `value` = '隐私政策' , `update_time` = 1787183350  WHERE  `name` = 'privacy_policy' [ RunTime:0.001477s ]
[2026-08-20T07:49:10+08:00][sql] SELECT * FROM `setting` WHERE  `name` = 'publish_protocol' LIMIT 1 [ RunTime:0.000639s ]
[2026-08-20T07:49:10+08:00][sql] UPDATE `setting`  SET `value` = '每笔成交将扣除10%佣金' , `update_time` = 1787183350  WHERE  `name` = 'publish_protocol' [ RunTime:0.001406s ]
[2026-08-20T07:49:10+08:00][sql] SELECT * FROM `setting` WHERE  `name` = 'withdraw_min' LIMIT 1 [ RunTime:0.000756s ]
[2026-08-20T07:49:10+08:00][sql] INSERT INTO `setting` SET `name` = 'withdraw_min' , `value` = '0' , `create_time` = 1787183350 [ RunTime:0.001786s ]
[2026-08-20T07:49:10+08:00][sql] SELECT * FROM `setting` WHERE  `name` = 'withdraw_max' LIMIT 1 [ RunTime:0.000805s ]
[2026-08-20T07:49:10+08:00][sql] INSERT INTO `setting` SET `name` = 'withdraw_max' , `value` = '0' , `create_time` = 1787183350 [ RunTime:0.001761s ]
[2026-08-20T07:49:10+08:00][sql] SHOW FULL COLUMNS FROM `admin_log` [ RunTime:0.003067s ]
[2026-08-20T07:49:12+08:00][sql] CONNECT:[ UseTime:0.020679s ] mysql:host=127.0.0.1;port=3306;dbname=auction;charset=utf8mb4
[2026-08-20T07:49:12+08:00][sql] SHOW FULL COLUMNS FROM `setting` [ RunTime:0.002418s ]
[2026-08-20T07:49:12+08:00][sql] SELECT `value`,`name` FROM `setting` [ RunTime:0.001005s ]
[2026-08-20T07:50:21+08:00][sql] CONNECT:[ UseTime:0.023272s ] mysql:host=127.0.0.1;port=3306;dbname=auction;charset=utf8mb4
[2026-08-20T07:50:21+08:00][sql] SHOW FULL COLUMNS FROM `user` [ RunTime:0.001522s ]
[2026-08-20T07:50:21+08:00][sql] SELECT COUNT(*) AS think_count FROM `user` [ RunTime:0.000776s ]
[2026-08-20T07:50:21+08:00][sql] SELECT `id`,`mobile`,`nickname`,`avatar`,`invite_code`,`pid`,`is_seller`,`seller_check`,`balance`,`freeze_balance`,`points`,`commission_rate`,`total_buy`,`total_sell`,`status`,`reg_ip`,`reg_time`,`last_login_time`,`create_time` FROM `user` ORDER BY `id` DESC LIMIT 0,15 [ RunTime:0.000802s ]
[2026-08-20T07:50:24+08:00][sql] CONNECT:[ UseTime:0.004140s ] mysql:host=127.0.0.1;port=3306;dbname=auction;charset=utf8mb4
[2026-08-20T07:50:24+08:00][sql] SHOW FULL COLUMNS FROM `user` [ RunTime:0.002588s ]
[2026-08-20T07:50:24+08:00][sql] SELECT * FROM `user` WHERE  `id` = 27 LIMIT 1 [ RunTime:0.001401s ]
[2026-08-20T07:50:24+08:00][sql] SHOW FULL COLUMNS FROM `goods` [ RunTime:0.002119s ]
[2026-08-20T07:50:24+08:00][sql] SELECT COUNT(*) AS think_count FROM `goods` WHERE  `seller_id` = 27  AND `status` = 2 [ RunTime:0.001127s ]
[2026-08-20T07:50:24+08:00][sql] SHOW FULL COLUMNS FROM `order` [ RunTime:0.002206s ]
[2026-08-20T07:50:24+08:00][sql] SELECT COUNT(*) AS think_count FROM `order` WHERE  `buyer_id` = 27  AND `pay_status` = 1 [ RunTime:0.000974s ]
[2026-08-20T07:50:24+08:00][sql] SHOW FULL COLUMNS FROM `bid_record` [ RunTime:0.001558s ]
[2026-08-20T07:50:24+08:00][sql] SELECT COUNT(*) AS think_count FROM `bid_record` WHERE  `user_id` = 27 [ RunTime:0.001173s ]
[2026-08-20T07:50:24+08:00][sql] SHOW FULL COLUMNS FROM `balance_log` [ RunTime:0.002086s ]
[2026-08-20T07:50:24+08:00][sql] SELECT * FROM `balance_log` WHERE  `user_id` = 27 ORDER BY `id` DESC LIMIT 20 [ RunTime:0.001301s ]
[2026-08-20T07:50:24+08:00][sql] SELECT `b`.*,g.title as goods_title FROM `bid_record` `b` LEFT JOIN `goods` `g` ON `b`.`goods_id`=`g`.`id` WHERE  `b`.`user_id` = '27' ORDER BY `b`.`id` DESC LIMIT 10 [ RunTime:0.001122s ]
[2026-08-20T07:51:41+08:00][sql] CONNECT:[ UseTime:0.010727s ] mysql:host=127.0.0.1;port=3306;dbname=auction;charset=utf8mb4
[2026-08-20T07:51:41+08:00][sql] SHOW FULL COLUMNS FROM `category` [ RunTime:0.001857s ]
[2026-08-20T07:51:41+08:00][sql] SELECT * FROM `category` WHERE  `status` = 1 ORDER BY `sort` ASC [ RunTime:0.000964s ]
[2026-08-20T07:51:41+08:00][sql] SHOW FULL COLUMNS FROM `user` [ RunTime:0.001740s ]
[2026-08-20T07:51:41+08:00][sql] SELECT `id`,`nickname`,`mobile` FROM `user` WHERE  `is_seller` = 1 ORDER BY `id` DESC [ RunTime:0.001032s ]
[2026-08-20T07:51:41+08:00][sql] CONNECT:[ UseTime:0.020468s ] mysql:host=127.0.0.1;port=3306;dbname=auction;charset=utf8mb4
[2026-08-20T07:51:41+08:00][sql] SHOW FULL COLUMNS FROM `goods` [ RunTime:0.002408s ]
[2026-08-20T07:51:41+08:00][sql] SELECT COUNT(*) AS think_count FROM `goods` `g` LEFT JOIN `user` `u` ON `g`.`seller_id`=`u`.`id` LEFT JOIN `category` `c` ON `g`.`category_id`=`c`.`id` [ RunTime:0.001182s ]
[2026-08-20T07:51:41+08:00][sql] SELECT `g`.*,u.mobile as seller_mobile,u.nickname as seller_name,c.name as category_name FROM `goods` `g` LEFT JOIN `user` `u` ON `g`.`seller_id`=`u`.`id` LEFT JOIN `category` `c` ON `g`.`category_id`=`c`.`id` ORDER BY `g`.`id` DESC LIMIT 0,15 [ RunTime:0.002428s ]
[2026-08-20T07:51:46+08:00][sql] CONNECT:[ UseTime:0.021378s ] mysql:host=127.0.0.1;port=3306;dbname=auction;charset=utf8mb4
[2026-08-20T07:51:46+08:00][sql] SHOW FULL COLUMNS FROM `goods` [ RunTime:0.002588s ]
[2026-08-20T07:51:46+08:00][sql] SELECT COUNT(*) AS think_count FROM `goods` `g` LEFT JOIN `user` `u` ON `g`.`seller_id`=`u`.`id` WHERE  `g`.`status` = '0' [ RunTime:0.001358s ]
[2026-08-20T07:51:46+08:00][sql] SELECT `g`.*,u.mobile as seller_mobile,u.nickname as seller_name FROM `goods` `g` LEFT JOIN `user` `u` ON `g`.`seller_id`=`u`.`id` WHERE  `g`.`status` = '0' ORDER BY `g`.`id` DESC LIMIT 0,15 [ RunTime:0.001483s ]
[2026-08-20T07:51:58+08:00][sql] CONNECT:[ UseTime:0.021159s ] mysql:host=127.0.0.1;port=3306;dbname=auction;charset=utf8mb4
[2026-08-20T07:51:58+08:00][sql] SHOW FULL COLUMNS FROM `goods` [ RunTime:0.002509s ]
[2026-08-20T07:51:58+08:00][sql] SELECT * FROM `goods` WHERE  `id` = 35 LIMIT 1 [ RunTime:0.001423s ]
[2026-08-20T07:51:58+08:00][sql] UPDATE `goods`  SET `status` = 5 , `refuse_reason` = '不好看'  WHERE  `id` = 35 [ RunTime:0.003064s ]
[2026-08-20T07:51:58+08:00][sql] SHOW FULL COLUMNS FROM `admin_log` [ RunTime:0.006142s ]
[2026-08-20T07:52:00+08:00][sql] CONNECT:[ UseTime:0.015523s ] mysql:host=127.0.0.1;port=3306;dbname=auction;charset=utf8mb4
[2026-08-20T07:52:00+08:00][sql] SHOW FULL COLUMNS FROM `goods` [ RunTime:0.003004s ]
[2026-08-20T07:52:00+08:00][sql] SELECT COUNT(*) AS think_count FROM `goods` `g` LEFT JOIN `user` `u` ON `g`.`seller_id`=`u`.`id` WHERE  `g`.`status` = '0' [ RunTime:0.001232s ]
[2026-08-20T07:52:00+08:00][sql] SELECT `g`.*,u.mobile as seller_mobile,u.nickname as seller_name FROM `goods` `g` LEFT JOIN `user` `u` ON `g`.`seller_id`=`u`.`id` WHERE  `g`.`status` = '0' ORDER BY `g`.`id` DESC LIMIT 0,15 [ RunTime:0.001217s ]
[2026-08-20T07:53:03+08:00][sql] CONNECT:[ UseTime:0.005895s ] mysql:host=127.0.0.1;port=3306;dbname=auction;charset=utf8mb4
[2026-08-20T07:53:03+08:00][sql] SHOW FULL COLUMNS FROM `setting` [ RunTime:0.001418s ]
[2026-08-20T07:53:03+08:00][sql] SELECT `value`,`name` FROM `setting` [ RunTime:0.000821s ]
[2026-08-20T07:53:20+08:00][sql] CONNECT:[ UseTime:0.014081s ] mysql:host=127.0.0.1;port=3306;dbname=auction;charset=utf8mb4
[2026-08-20T07:53:20+08:00][sql] SHOW FULL COLUMNS FROM `setting` [ RunTime:0.001443s ]
[2026-08-20T07:53:20+08:00][sql] SELECT * FROM `setting` WHERE  `name` = 'site_name' LIMIT 1 [ RunTime:0.000827s ]
[2026-08-20T07:53:20+08:00][sql] UPDATE `setting`  SET `value` = '竞拍商城V2' , `update_time` = 1787183600  WHERE  `name` = 'site_name' [ RunTime:0.001786s ]
[2026-08-20T07:53:20+08:00][sql] SELECT * FROM `setting` WHERE  `name` = 'site_logo' LIMIT 1 [ RunTime:0.000612s ]
[2026-08-20T07:53:20+08:00][sql] UPDATE `setting`  SET `value` = '/uploads/20260818/135339_9199.png' , `update_time` = 1787183600  WHERE  `name` = 'site_logo' [ RunTime:0.001394s ]
[2026-08-20T07:53:20+08:00][sql] SELECT * FROM `setting` WHERE  `name` = 'site_url' LIMIT 1 [ RunTime:0.000615s ]
[2026-08-20T07:53:20+08:00][sql] UPDATE `setting`  SET `value` = '' , `update_time` = 1787183600  WHERE  `name` = 'site_url' [ RunTime:0.001382s ]
[2026-08-20T07:53:20+08:00][sql] SELECT * FROM `setting` WHERE  `name` = 'commission_rate' LIMIT 1 [ RunTime:0.000595s ]
[2026-08-20T07:53:20+08:00][sql] UPDATE `setting`  SET `value` = '10' , `update_time` = 1787183600  WHERE  `name` = 'commission_rate' [ RunTime:0.001279s ]
[2026-08-20T07:53:20+08:00][sql] SELECT * FROM `setting` WHERE  `name` = 'seller_check' LIMIT 1 [ RunTime:0.000631s ]
[2026-08-20T07:53:20+08:00][sql] UPDATE `setting`  SET `value` = '1' , `update_time` = 1787183600  WHERE  `name` = 'seller_check' [ RunTime:0.002153s ]
[2026-08-20T07:53:20+08:00][sql] SELECT * FROM `setting` WHERE  `name` = 'goods_check' LIMIT 1 [ RunTime:0.000910s ]
[2026-08-20T07:53:20+08:00][sql] UPDATE `setting`  SET `value` = '1' , `update_time` = 1787183600  WHERE  `name` = 'goods_check' [ RunTime:0.001487s ]
[2026-08-20T07:53:20+08:00][sql] SELECT * FROM `setting` WHERE  `name` = 'invite_code' LIMIT 1 [ RunTime:0.000785s ]
[2026-08-20T07:53:20+08:00][sql] UPDATE `setting`  SET `value` = '' , `update_time` = 1787183600  WHERE  `name` = 'invite_code' [ RunTime:0.001640s ]
[2026-08-20T07:53:20+08:00][sql] SELECT * FROM `setting` WHERE  `name` = 'withdraw_fee' LIMIT 1 [ RunTime:0.000599s ]
[2026-08-20T07:53:20+08:00][sql] UPDATE `setting`  SET `value` = '1' , `update_time` = 1787183600  WHERE  `name` = 'withdraw_fee' [ RunTime:0.001553s ]
[2026-08-20T07:53:20+08:00][sql] SELECT * FROM `setting` WHERE  `name` = 'service_phone' LIMIT 1 [ RunTime:0.000578s ]
[2026-08-20T07:53:20+08:00][sql] UPDATE `setting`  SET `value` = '18888888888' , `update_time` = 1787183600  WHERE  `name` = 'service_phone' [ RunTime:0.001674s ]
[2026-08-20T07:53:20+08:00][sql] SELECT * FROM `setting` WHERE  `name` = 'service_qq' LIMIT 1 [ RunTime:0.000539s ]
[2026-08-20T07:53:20+08:00][sql] UPDATE `setting`  SET `value` = '' , `update_time` = 1787183600  WHERE  `name` = 'service_qq' [ RunTime:0.001444s ]
[2026-08-20T07:53:20+08:00][sql] SELECT * FROM `setting` WHERE  `name` = 'service_link' LIMIT 1 [ RunTime:0.000626s ]
[2026-08-20T07:53:20+08:00][sql] UPDATE `setting`  SET `value` = '' , `update_time` = 1787183600  WHERE  `name` = 'service_link' [ RunTime:0.002317s ]
[2026-08-20T07:53:20+08:00][sql] SELECT * FROM `setting` WHERE  `name` = 'auction_delay' LIMIT 1 [ RunTime:0.000744s ]
[2026-08-20T07:53:20+08:00][sql] UPDATE `setting`  SET `value` = '0' , `update_time` = 1787183600  WHERE  `name` = 'auction_delay' [ RunTime:0.001510s ]
[2026-08-20T07:53:20+08:00][sql] SELECT * FROM `setting` WHERE  `name` = 'user_protocol' LIMIT 1 [ RunTime:0.000696s ]
[2026-08-20T07:53:20+08:00][sql] UPDATE `setting`  SET `value` = '用户协议' , `update_time` = 1787183600  WHERE  `name` = 'user_protocol' [ RunTime:0.001474s ]
[2026-08-20T07:53:20+08:00][sql] SELECT * FROM `setting` WHERE  `name` = 'privacy_policy' LIMIT 1 [ RunTime:0.000506s ]
[2026-08-20T07:53:20+08:00][sql] UPDATE `setting`  SET `value` = '隐私政策' , `update_time` = 1787183600  WHERE  `name` = 'privacy_policy' [ RunTime:0.001440s ]
[2026-08-20T07:53:20+08:00][sql] SELECT * FROM `setting` WHERE  `name` = 'publish_protocol' LIMIT 1 [ RunTime:0.000525s ]
[2026-08-20T07:53:20+08:00][sql] UPDATE `setting`  SET `value` = '每笔成交将扣除10%佣金' , `update_time` = 1787183600  WHERE  `name` = 'publish_protocol' [ RunTime:0.001388s ]
[2026-08-20T07:53:20+08:00][sql] SELECT * FROM `setting` WHERE  `name` = 'withdraw_min' LIMIT 1 [ RunTime:0.000549s ]
[2026-08-20T07:53:20+08:00][sql] UPDATE `setting`  SET `value` = '1000' , `update_time` = 1787183600  WHERE  `name` = 'withdraw_min' [ RunTime:0.001512s ]
[2026-08-20T07:53:20+08:00][sql] SELECT * FROM `setting` WHERE  `name` = 'withdraw_max' LIMIT 1 [ RunTime:0.000574s ]
[2026-08-20T07:53:20+08:00][sql] UPDATE `setting`  SET `value` = '100000' , `update_time` = 1787183600  WHERE  `name` = 'withdraw_max' [ RunTime:0.002421s ]
[2026-08-20T07:53:20+08:00][sql] SHOW FULL COLUMNS FROM `admin_log` [ RunTime:0.001588s ]
[2026-08-20T07:53:22+08:00][sql] CONNECT:[ UseTime:0.011491s ] mysql:host=127.0.0.1;port=3306;dbname=auction;charset=utf8mb4
[2026-08-20T07:53:22+08:00][sql] SHOW FULL COLUMNS FROM `setting` [ RunTime:0.001619s ]
[2026-08-20T07:53:22+08:00][sql] SELECT `value`,`name` FROM `setting` [ RunTime:0.000801s ]
[2026-08-20T07:53:52+08:00][sql] CONNECT:[ UseTime:0.021334s ] mysql:host=127.0.0.1;port=3306;dbname=auction;charset=utf8mb4
[2026-08-20T07:53:52+08:00][sql] SHOW FULL COLUMNS FROM `bid_record` [ RunTime:0.001449s ]
[2026-08-20T07:53:52+08:00][sql] SELECT COUNT(*) AS think_count FROM `bid_record` `b` LEFT JOIN `goods` `g` ON `b`.`goods_id`=`g`.`id` LEFT JOIN `user` `u` ON `b`.`user_id`=`u`.`id` [ RunTime:0.000785s ]
[2026-08-20T07:53:52+08:00][sql] SELECT `b`.*,g.title as goods_title,`u`.`mobile`,`u`.`nickname` FROM `bid_record` `b` LEFT JOIN `goods` `g` ON `b`.`goods_id`=`g`.`id` LEFT JOIN `user` `u` ON `b`.`user_id`=`u`.`id` ORDER BY `b`.`id` DESC LIMIT 0,15 [ RunTime:0.001001s ]
[2026-08-20T07:54:11+08:00][sql] CONNECT:[ UseTime:0.001889s ] mysql:host=127.0.0.1;port=3306;dbname=auction;charset=utf8mb4
[2026-08-20T07:54:11+08:00][sql] SHOW FULL COLUMNS FROM `user` [ RunTime:0.002072s ]
[2026-08-20T07:54:11+08:00][sql] SELECT COUNT(*) AS think_count FROM `user` [ RunTime:0.000900s ]
[2026-08-20T07:54:11+08:00][sql] SELECT `id`,`mobile`,`nickname`,`avatar`,`invite_code`,`pid`,`is_seller`,`seller_check`,`balance`,`freeze_balance`,`points`,`commission_rate`,`total_buy`,`total_sell`,`status`,`reg_ip`,`reg_time`,`last_login_time`,`create_time` FROM `user` ORDER BY `id` DESC LIMIT 0,15 [ RunTime:0.000998s ]
[2026-08-20T07:54:13+08:00][sql] CONNECT:[ UseTime:0.009161s ] mysql:host=127.0.0.1;port=3306;dbname=auction;charset=utf8mb4
[2026-08-20T07:54:13+08:00][sql] SHOW FULL COLUMNS FROM `user` [ RunTime:0.002205s ]
[2026-08-20T07:54:13+08:00][sql] SELECT * FROM `user` WHERE  `id` = 27 LIMIT 1 [ RunTime:0.001121s ]
[2026-08-20T07:54:13+08:00][sql] SHOW FULL COLUMNS FROM `goods` [ RunTime:0.001811s ]
[2026-08-20T07:54:13+08:00][sql] SELECT COUNT(*) AS think_count FROM `goods` WHERE  `seller_id` = 27  AND `status` = 2 [ RunTime:0.000954s ]
[2026-08-20T07:54:13+08:00][sql] SHOW FULL COLUMNS FROM `order` [ RunTime:0.001732s ]
[2026-08-20T07:54:13+08:00][sql] SELECT COUNT(*) AS think_count FROM `order` WHERE  `buyer_id` = 27  AND `pay_status` = 1 [ RunTime:0.000907s ]
[2026-08-20T07:54:13+08:00][sql] SHOW FULL COLUMNS FROM `bid_record` [ RunTime:0.001401s ]
[2026-08-20T07:54:13+08:00][sql] SELECT COUNT(*) AS think_count FROM `bid_record` WHERE  `user_id` = 27 [ RunTime:0.000823s ]
[2026-08-20T07:54:13+08:00][sql] SHOW FULL COLUMNS FROM `balance_log` [ RunTime:0.001457s ]
[2026-08-20T07:54:13+08:00][sql] SELECT * FROM `balance_log` WHERE  `user_id` = 27 ORDER BY `id` DESC LIMIT 20 [ RunTime:0.001100s ]
[2026-08-20T07:54:13+08:00][sql] SELECT `b`.*,g.title as goods_title FROM `bid_record` `b` LEFT JOIN `goods` `g` ON `b`.`goods_id`=`g`.`id` WHERE  `b`.`user_id` = '27' ORDER BY `b`.`id` DESC LIMIT 10 [ RunTime:0.001168s ]
[2026-08-20T07:54:13+08:00][sql] SHOW FULL COLUMNS FROM `pay_account` [ RunTime:0.001629s ]
[2026-08-20T07:54:13+08:00][sql] SELECT * FROM `pay_account` WHERE  `user_id` = 27 ORDER BY `id` DESC [ RunTime:0.000946s ]
[2026-08-20T07:54:17+08:00][sql] CONNECT:[ UseTime:0.002018s ] mysql:host=127.0.0.1;port=3306;dbname=auction;charset=utf8mb4
[2026-08-20T07:54:17+08:00][sql] SHOW FULL COLUMNS FROM `user` [ RunTime:0.001450s ]
[2026-08-20T07:54:17+08:00][sql] SELECT COUNT(*) AS think_count FROM `user` [ RunTime:0.000607s ]
[2026-08-20T07:54:17+08:00][sql] SELECT `id`,`mobile`,`nickname`,`avatar`,`invite_code`,`pid`,`is_seller`,`seller_check`,`balance`,`freeze_balance`,`points`,`commission_rate`,`total_buy`,`total_sell`,`status`,`reg_ip`,`reg_time`,`last_login_time`,`create_time` FROM `user` ORDER BY `id` DESC LIMIT 0,15 [ RunTime:0.000664s ]
[2026-08-20T07:54:20+08:00][sql] CONNECT:[ UseTime:0.026335s ] mysql:host=127.0.0.1;port=3306;dbname=auction;charset=utf8mb4
[2026-08-20T07:54:20+08:00][sql] SHOW FULL COLUMNS FROM `user` [ RunTime:0.002400s ]
[2026-08-20T07:54:20+08:00][sql] SELECT * FROM `user` WHERE  `id` = 26 LIMIT 1 [ RunTime:0.000994s ]
[2026-08-20T07:54:20+08:00][sql] SHOW FULL COLUMNS FROM `goods` [ RunTime:0.001608s ]
[2026-08-20T07:54:20+08:00][sql] SELECT COUNT(*) AS think_count FROM `goods` WHERE  `seller_id` = 26  AND `status` = 2 [ RunTime:0.000767s ]
[2026-08-20T07:54:20+08:00][sql] SHOW FULL COLUMNS FROM `order` [ RunTime:0.001272s ]
[2026-08-20T07:54:20+08:00][sql] SELECT COUNT(*) AS think_count FROM `order` WHERE  `buyer_id` = 26  AND `pay_status` = 1 [ RunTime:0.000759s ]
[2026-08-20T07:54:20+08:00][sql] SHOW FULL COLUMNS FROM `bid_record` [ RunTime:0.001850s ]
[2026-08-20T07:54:20+08:00][sql] SELECT COUNT(*) AS think_count FROM `bid_record` WHERE  `user_id` = 26 [ RunTime:0.001257s ]
[2026-08-20T07:54:20+08:00][sql] SHOW FULL COLUMNS FROM `balance_log` [ RunTime:0.002012s ]
[2026-08-20T07:54:20+08:00][sql] SELECT * FROM `balance_log` WHERE  `user_id` = 26 ORDER BY `id` DESC LIMIT 20 [ RunTime:0.001217s ]
[2026-08-20T07:54:20+08:00][sql] SELECT `b`.*,g.title as goods_title FROM `bid_record` `b` LEFT JOIN `goods` `g` ON `b`.`goods_id`=`g`.`id` WHERE  `b`.`user_id` = '26' ORDER BY `b`.`id` DESC LIMIT 10 [ RunTime:0.001218s ]
[2026-08-20T07:54:20+08:00][sql] SHOW FULL COLUMNS FROM `pay_account` [ RunTime:0.001691s ]
[2026-08-20T07:54:20+08:00][sql] SELECT * FROM `pay_account` WHERE  `user_id` = 26 ORDER BY `id` DESC [ RunTime:0.001044s ]
[2026-08-20T07:54:26+08:00][sql] CONNECT:[ UseTime:0.013120s ] mysql:host=127.0.0.1;port=3306;dbname=auction;charset=utf8mb4
[2026-08-20T07:54:26+08:00][sql] SHOW FULL COLUMNS FROM `user` [ RunTime:0.002456s ]
[2026-08-20T07:54:26+08:00][sql] SELECT COUNT(*) AS think_count FROM `user` [ RunTime:0.000994s ]
[2026-08-20T07:54:26+08:00][sql] SELECT `id`,`mobile`,`nickname`,`avatar`,`invite_code`,`pid`,`is_seller`,`seller_check`,`balance`,`freeze_balance`,`points`,`commission_rate`,`total_buy`,`total_sell`,`status`,`reg_ip`,`reg_time`,`last_login_time`,`create_time` FROM `user` ORDER BY `id` DESC LIMIT 0,15 [ RunTime:0.001096s ]
[2026-08-20T07:54:30+08:00][sql] CONNECT:[ UseTime:0.006524s ] mysql:host=127.0.0.1;port=3306;dbname=auction;charset=utf8mb4
[2026-08-20T07:54:30+08:00][sql] SHOW FULL COLUMNS FROM `user` [ RunTime:0.001173s ]
[2026-08-20T07:54:30+08:00][sql] SELECT * FROM `user` WHERE  `id` = 20 LIMIT 1 [ RunTime:0.000823s ]
[2026-08-20T07:54:30+08:00][sql] SHOW FULL COLUMNS FROM `goods` [ RunTime:0.001288s ]
[2026-08-20T07:54:30+08:00][sql] SELECT COUNT(*) AS think_count FROM `goods` WHERE  `seller_id` = 20  AND `status` = 2 [ RunTime:0.002346s ]
[2026-08-20T07:54:30+08:00][sql] SHOW FULL COLUMNS FROM `order` [ RunTime:0.001376s ]
[2026-08-20T07:54:30+08:00][sql] SELECT COUNT(*) AS think_count FROM `order` WHERE  `buyer_id` = 20  AND `pay_status` = 1 [ RunTime:0.000683s ]
[2026-08-20T07:54:30+08:00][sql] SHOW FULL COLUMNS FROM `bid_record` [ RunTime:0.001162s ]
[2026-08-20T07:54:30+08:00][sql] SELECT COUNT(*) AS think_count FROM `bid_record` WHERE  `user_id` = 20 [ RunTime:0.000698s ]
[2026-08-20T07:54:30+08:00][sql] SHOW FULL COLUMNS FROM `balance_log` [ RunTime:0.001221s ]
[2026-08-20T07:54:30+08:00][sql] SELECT * FROM `balance_log` WHERE  `user_id` = 20 ORDER BY `id` DESC LIMIT 20 [ RunTime:0.000744s ]
[2026-08-20T07:54:30+08:00][sql] SELECT `b`.*,g.title as goods_title FROM `bid_record` `b` LEFT JOIN `goods` `g` ON `b`.`goods_id`=`g`.`id` WHERE  `b`.`user_id` = '20' ORDER BY `b`.`id` DESC LIMIT 10 [ RunTime:0.001050s ]
[2026-08-20T07:54:30+08:00][sql] SHOW FULL COLUMNS FROM `pay_account` [ RunTime:0.003976s ]
[2026-08-20T07:54:30+08:00][sql] SELECT * FROM `pay_account` WHERE  `user_id` = 20 ORDER BY `id` DESC [ RunTime:0.000857s ]
[2026-08-20T07:57:48+08:00][sql] CONNECT:[ UseTime:0.002551s ] mysql:host=127.0.0.1;port=3306;dbname=auction;charset=utf8mb4
[2026-08-20T07:57:48+08:00][sql] SHOW FULL COLUMNS FROM `user` [ RunTime:0.001611s ]
[2026-08-20T07:57:48+08:00][sql] SELECT * FROM `user` WHERE  `id` = 20 LIMIT 1 [ RunTime:0.000953s ]
[2026-08-20T07:57:48+08:00][sql] SHOW FULL COLUMNS FROM `goods` [ RunTime:0.001343s ]
[2026-08-20T07:57:48+08:00][sql] SELECT COUNT(*) AS think_count FROM `goods` WHERE  `seller_id` = 20  AND `status` = 2 [ RunTime:0.002621s ]
[2026-08-20T07:57:48+08:00][sql] SHOW FULL COLUMNS FROM `order` [ RunTime:0.001392s ]
[2026-08-20T07:57:48+08:00][sql] SELECT COUNT(*) AS think_count FROM `order` WHERE  `buyer_id` = 20  AND `pay_status` = 1 [ RunTime:0.000910s ]
[2026-08-20T07:57:48+08:00][sql] SHOW FULL COLUMNS FROM `bid_record` [ RunTime:0.001640s ]
[2026-08-20T07:57:48+08:00][sql] SELECT COUNT(*) AS think_count FROM `bid_record` WHERE  `user_id` = 20 [ RunTime:0.000828s ]
[2026-08-20T07:57:48+08:00][sql] SHOW FULL COLUMNS FROM `balance_log` [ RunTime:0.001575s ]
[2026-08-20T07:57:48+08:00][sql] SELECT * FROM `balance_log` WHERE  `user_id` = 20 ORDER BY `id` DESC LIMIT 20 [ RunTime:0.000968s ]
[2026-08-20T07:57:48+08:00][sql] SELECT `b`.*,g.title as goods_title FROM `bid_record` `b` LEFT JOIN `goods` `g` ON `b`.`goods_id`=`g`.`id` WHERE  `b`.`user_id` = '20' ORDER BY `b`.`id` DESC LIMIT 10 [ RunTime:0.000863s ]
[2026-08-20T07:57:48+08:00][sql] SHOW FULL COLUMNS FROM `pay_account` [ RunTime:0.001230s ]
[2026-08-20T07:57:48+08:00][sql] SELECT * FROM `pay_account` WHERE  `user_id` = 20 ORDER BY `id` DESC [ RunTime:0.000789s ]
[2026-08-20T07:57:51+08:00][sql] CONNECT:[ UseTime:0.022942s ] mysql:host=127.0.0.1;port=3306;dbname=auction;charset=utf8mb4
[2026-08-20T07:57:51+08:00][sql] SHOW FULL COLUMNS FROM `goods` [ RunTime:0.001761s ]
[2026-08-20T07:57:51+08:00][sql] SELECT * FROM `goods` WHERE  `status` = 1 ORDER BY `id` DESC LIMIT 300 [ RunTime:0.001034s ]
[2026-08-20T07:57:51+08:00][sql] SHOW FULL COLUMNS FROM `bid_record` [ RunTime:0.001299s ]
[2026-08-20T07:57:51+08:00][sql] SELECT MAX(`price`) AS think_max FROM `bid_record` WHERE  `goods_id` = 33  AND `status` = 0 [ RunTime:0.000875s ]
[2026-08-20T07:57:51+08:00][sql] SELECT MAX(`price`) AS think_max FROM `bid_record` WHERE  `goods_id` = 30  AND `status` = 0 [ RunTime:0.000718s ]
[2026-08-20T07:57:51+08:00][sql] SHOW FULL COLUMNS FROM `user` [ RunTime:0.001446s ]
[2026-08-20T07:57:51+08:00][sql] SELECT * FROM `user` WHERE  `status` = 1 ORDER BY `id` DESC LIMIT 300 [ RunTime:0.000971s ]
[2026-08-20T07:57:51+08:00][sql] CONNECT:[ UseTime:0.017634s ] mysql:host=127.0.0.1;port=3306;dbname=auction;charset=utf8mb4
[2026-08-20T07:57:51+08:00][sql] SHOW FULL COLUMNS FROM `bid_record` [ RunTime:0.001424s ]
[2026-08-20T07:57:51+08:00][sql] SELECT COUNT(*) AS think_count FROM `bid_record` `b` LEFT JOIN `goods` `g` ON `b`.`goods_id`=`g`.`id` LEFT JOIN `user` `u` ON `b`.`user_id`=`u`.`id` [ RunTime:0.001042s ]
[2026-08-20T07:57:51+08:00][sql] SELECT `b`.*,g.title as goods_title,`u`.`mobile`,`u`.`nickname` FROM `bid_record` `b` LEFT JOIN `goods` `g` ON `b`.`goods_id`=`g`.`id` LEFT JOIN `user` `u` ON `b`.`user_id`=`u`.`id` ORDER BY `b`.`id` DESC LIMIT 0,15 [ RunTime:0.001035s ]
[2026-08-20T07:58:21+08:00][sql] CONNECT:[ UseTime:0.018207s ] mysql:host=127.0.0.1;port=3306;dbname=auction;charset=utf8mb4
[2026-08-20T07:58:21+08:00][sql] SHOW FULL COLUMNS FROM `goods` [ RunTime:0.001068s ]
[2026-08-20T07:58:21+08:00][sql] SELECT * FROM `goods` WHERE  `status` = 1 ORDER BY `id` DESC LIMIT 300 [ RunTime:0.001235s ]
[2026-08-20T07:58:21+08:00][sql] SHOW FULL COLUMNS FROM `bid_record` [ RunTime:0.001502s ]
[2026-08-20T07:58:21+08:00][sql] SELECT MAX(`price`) AS think_max FROM `bid_record` WHERE  `goods_id` = 33  AND `status` = 0 [ RunTime:0.000939s ]
[2026-08-20T07:58:21+08:00][sql] SELECT MAX(`price`) AS think_max FROM `bid_record` WHERE  `goods_id` = 30  AND `status` = 0 [ RunTime:0.000792s ]
[2026-08-20T07:58:21+08:00][sql] SHOW FULL COLUMNS FROM `user` [ RunTime:0.001632s ]
[2026-08-20T07:58:21+08:00][sql] SELECT * FROM `user` WHERE  `status` = 1 ORDER BY `id` DESC LIMIT 300 [ RunTime:0.001003s ]
[2026-08-20T07:58:21+08:00][sql] CONNECT:[ UseTime:0.005954s ] mysql:host=127.0.0.1;port=3306;dbname=auction;charset=utf8mb4
[2026-08-20T07:58:21+08:00][sql] SHOW FULL COLUMNS FROM `bid_record` [ RunTime:0.001484s ]
[2026-08-20T07:58:21+08:00][sql] SELECT COUNT(*) AS think_count FROM `bid_record` `b` LEFT JOIN `goods` `g` ON `b`.`goods_id`=`g`.`id` LEFT JOIN `user` `u` ON `b`.`user_id`=`u`.`id` [ RunTime:0.000855s ]
[2026-08-20T07:58:21+08:00][sql] SELECT `b`.*,g.title as goods_title,`u`.`mobile`,`u`.`nickname` FROM `bid_record` `b` LEFT JOIN `goods` `g` ON `b`.`goods_id`=`g`.`id` LEFT JOIN `user` `u` ON `b`.`user_id`=`u`.`id` ORDER BY `b`.`id` DESC LIMIT 0,15 [ RunTime:0.000812s ]
[2026-08-20T08:01:40+08:00][sql] CONNECT:[ UseTime:0.005505s ] mysql:host=127.0.0.1;port=3306;dbname=auction;charset=utf8mb4
[2026-08-20T08:01:40+08:00][sql] SHOW FULL COLUMNS FROM `goods` [ RunTime:0.001367s ]
[2026-08-20T08:01:40+08:00][sql] SELECT * FROM `goods` WHERE  `id` = 33 LIMIT 1   FOR UPDATE [ RunTime:0.000785s ]
[2026-08-20T08:01:40+08:00][sql] SHOW FULL COLUMNS FROM `user` [ RunTime:0.001307s ]
[2026-08-20T08:01:40+08:00][sql] SELECT * FROM `user` WHERE  `id` = 25 LIMIT 1 [ RunTime:0.000822s ]
[2026-08-20T08:01:40+08:00][sql] SHOW FULL COLUMNS FROM `bid_record` [ RunTime:0.001713s ]
[2026-08-20T08:01:40+08:00][sql] SELECT * FROM `bid_record` WHERE  `goods_id` = 33  AND `status` = 0 ORDER BY `price` DESC,`id` ASC LIMIT 1 [ RunTime:0.001632s ]
[2026-08-20T08:01:40+08:00][sql] INSERT INTO `bid_record` SET `goods_id` = 33 , `user_id` = 25 , `price` = '650' , `status` = 0 , `is_winner` = 0 , `deposit` = '0' , `create_time` = 1787184100 [ RunTime:0.001001s ]
[2026-08-20T08:01:40+08:00][sql] UPDATE `goods`  SET `bid_count` = bid_count + 1 , `update_time` = 1787184100  WHERE  `id` = 33 [ RunTime:0.001206s ]
[2026-08-20T08:01:40+08:00][sql] SHOW FULL COLUMNS FROM `sys_message` [ RunTime:0.001419s ]
[2026-08-20T08:01:40+08:00][sql] INSERT INTO `sys_message` SET `user_id` = 27 , `admin_id` = 0 , `title` = '竞拍出局通知' , `content` = '您出价竞拍的「eee」已出局：您的出价 ¥450.00 于 2026-08-20 08:01:40 被 ¥650.00 超过，当前最高价 ¥650.00。如需继续竞拍，请再次出价。' , `is_read` = 0 , `create_time` = 1787184100 [ RunTime:0.000722s ]
[2026-08-20T08:01:40+08:00][sql] SHOW FULL COLUMNS FROM `admin_log` [ RunTime:0.003127s ]
[2026-08-20T08:01:42+08:00][sql] CONNECT:[ UseTime:0.009552s ] mysql:host=127.0.0.1;port=3306;dbname=auction;charset=utf8mb4
[2026-08-20T08:01:42+08:00][sql] SHOW FULL COLUMNS FROM `bid_record` [ RunTime:0.002217s ]
[2026-08-20T08:01:42+08:00][sql] SELECT COUNT(*) AS think_count FROM `bid_record` `b` LEFT JOIN `goods` `g` ON `b`.`goods_id`=`g`.`id` LEFT JOIN `user` `u` ON `b`.`user_id`=`u`.`id` [ RunTime:0.001239s ]
[2026-08-20T08:01:42+08:00][sql] SELECT `b`.*,g.title as goods_title,`u`.`mobile`,`u`.`nickname` FROM `bid_record` `b` LEFT JOIN `goods` `g` ON `b`.`goods_id`=`g`.`id` LEFT JOIN `user` `u` ON `b`.`user_id`=`u`.`id` ORDER BY `b`.`id` DESC LIMIT 0,15 [ RunTime:0.001229s ]
[2026-08-20T08:30:00+08:00][sql] CONNECT:[ UseTime:0.023986s ] mysql:host=127.0.0.1;port=3306;dbname=auction;charset=utf8mb4
[2026-08-20T08:30:00+08:00][sql] SHOW FULL COLUMNS FROM `admin_user` [ RunTime:0.005801s ]
[2026-08-20T08:30:00+08:00][sql] SELECT * FROM `admin_user` WHERE  `username` = 'admin' LIMIT 1 [ RunTime:0.001409s ]
[2026-08-20T08:30:00+08:00][sql] UPDATE `admin_user`  SET `last_login_ip` = '127.0.0.1' , `last_login_time` = 1787185800  WHERE  `id` = 1 [ RunTime:0.006284s ]
[2026-08-20T08:30:00+08:00][sql] SHOW FULL COLUMNS FROM `admin_log` [ RunTime:0.002705s ]
[2026-08-20T08:30:00+08:00][sql] INSERT INTO `admin_log` SET `admin_id` = 1 , `action` = '登录后台' , `ip` = '127.0.0.1' , `create_time` = 1787185800 [ RunTime:0.002317s ]
[2026-08-20T08:30:00+08:00][sql] CONNECT:[ UseTime:0.022133s ] mysql:host=127.0.0.1;port=3306;dbname=auction;charset=utf8mb4
[2026-08-20T08:30:00+08:00][sql] SHOW FULL COLUMNS FROM `user` [ RunTime:0.002632s ]
[2026-08-20T08:30:00+08:00][sql] SELECT COUNT(*) AS think_count FROM `user` [ RunTime:0.000602s ]
[2026-08-20T08:30:00+08:00][sql] SELECT COUNT(*) AS think_count FROM `user` WHERE  `is_seller` = 1 [ RunTime:0.000640s ]
[2026-08-20T08:30:00+08:00][sql] SHOW FULL COLUMNS FROM `goods` [ RunTime:0.001248s ]
[2026-08-20T08:30:00+08:00][sql] SELECT COUNT(*) AS think_count FROM `goods` [ RunTime:0.000604s ]
[2026-08-20T08:30:00+08:00][sql] SELECT COUNT(*) AS think_count FROM `goods` WHERE  `status` = 1  AND `end_time` > 1787185800 [ RunTime:0.000670s ]
[2026-08-20T08:30:00+08:00][sql] SHOW FULL COLUMNS FROM `order` [ RunTime:0.001210s ]
[2026-08-20T08:30:00+08:00][sql] SELECT COUNT(*) AS think_count FROM `order` [ RunTime:0.000525s ]
[2026-08-20T08:30:00+08:00][sql] SELECT COUNT(*) AS think_count FROM `order` WHERE  `pay_status` = 0  AND `order_status` = 0 [ RunTime:0.000770s ]
[2026-08-20T08:30:00+08:00][sql] SELECT COUNT(*) AS think_count FROM `goods` WHERE  `status` = 0 [ RunTime:0.000656s ]
[2026-08-20T08:30:00+08:00][sql] SELECT COUNT(*) AS think_count FROM `user` WHERE  `seller_check` = 0 [ RunTime:0.000702s ]
[2026-08-20T08:30:00+08:00][sql] SHOW FULL COLUMNS FROM `withdraw` [ RunTime:0.003445s ]
[2026-08-20T08:30:00+08:00][sql] SELECT COUNT(*) AS think_count FROM `withdraw` WHERE  `status` = 0 [ RunTime:0.000658s ]
[2026-08-20T08:30:00+08:00][sql] SELECT SUM(`price`) AS think_sum FROM `order` WHERE  `pay_status` = 1 [ RunTime:0.000589s ]
[2026-08-20T08:30:00+08:00][sql] SELECT SUM(`commission`) AS think_sum FROM `order` WHERE  `pay_status` = 1 [ RunTime:0.000734s ]
[2026-08-20T08:30:00+08:00][sql] SELECT SUM(`price`) AS think_sum FROM `order` WHERE  `pay_status` = 1  AND `pay_time` > 1787155200 [ RunTime:0.000663s ]
[2026-08-20T08:30:00+08:00][sql] SELECT * FROM `order` ORDER BY `id` DESC LIMIT 8 [ RunTime:0.000799s ]
[2026-08-20T08:30:00+08:00][sql] SHOW FULL COLUMNS FROM `bid_record` [ RunTime:0.001437s ]
[2026-08-20T08:30:00+08:00][sql] SELECT `b`.*,g.title as goods_title,`u`.`nickname`,`u`.`mobile` FROM `bid_record` `b` LEFT JOIN `goods` `g` ON `b`.`goods_id`=`g`.`id` LEFT JOIN `user` `u` ON `b`.`user_id`=`u`.`id` ORDER BY `b`.`id` DESC LIMIT 8 [ RunTime:0.000912s ]
[2026-08-20T08:30:00+08:00][sql] SELECT SUM(`price`) AS think_sum FROM `order` WHERE  `pay_time` >= 1786636800  AND `pay_time` < 1786723200 [ RunTime:0.000831s ]
[2026-08-20T08:30:00+08:00][sql] SELECT COUNT(*) AS think_count FROM `order` WHERE  `pay_time` >= 1786636800  AND `pay_time` < 1786723200 [ RunTime:0.000724s ]
[2026-08-20T08:30:00+08:00][sql] SELECT SUM(`price`) AS think_sum FROM `order` WHERE  `pay_time` >= 1786723200  AND `pay_time` < 1786809600 [ RunTime:0.000774s ]
[2026-08-20T08:30:00+08:00][sql] SELECT COUNT(*) AS think_count FROM `order` WHERE  `pay_time` >= 1786723200  AND `pay_time` < 1786809600 [ RunTime:0.000714s ]
[2026-08-20T08:30:00+08:00][sql] SELECT SUM(`price`) AS think_sum FROM `order` WHERE  `pay_time` >= 1786809600  AND `pay_time` < 1786896000 [ RunTime:0.000718s ]
[2026-08-20T08:30:00+08:00][sql] SELECT COUNT(*) AS think_count FROM `order` WHERE  `pay_time` >= 1786809600  AND `pay_time` < 1786896000 [ RunTime:0.000859s ]
[2026-08-20T08:30:00+08:00][sql] SELECT SUM(`price`) AS think_sum FROM `order` WHERE  `pay_time` >= 1786896000  AND `pay_time` < 1786982400 [ RunTime:0.000718s ]
[2026-08-20T08:30:00+08:00][sql] SELECT COUNT(*) AS think_count FROM `order` WHERE  `pay_time` >= 1786896000  AND `pay_time` < 1786982400 [ RunTime:0.000594s ]
[2026-08-20T08:30:00+08:00][sql] SELECT SUM(`price`) AS think_sum FROM `order` WHERE  `pay_time` >= 1786982400  AND `pay_time` < 1787068800 [ RunTime:0.000422s ]
[2026-08-20T08:30:00+08:00][sql] SELECT COUNT(*) AS think_count FROM `order` WHERE  `pay_time` >= 1786982400  AND `pay_time` < 1787068800 [ RunTime:0.000541s ]
[2026-08-20T08:30:00+08:00][sql] SELECT SUM(`price`) AS think_sum FROM `order` WHERE  `pay_time` >= 1787068800  AND `pay_time` < 1787155200 [ RunTime:0.000842s ]
[2026-08-20T08:30:00+08:00][sql] SELECT COUNT(*) AS think_count FROM `order` WHERE  `pay_time` >= 1787068800  AND `pay_time` < 1787155200 [ RunTime:0.000764s ]
[2026-08-20T08:30:00+08:00][sql] SELECT SUM(`price`) AS think_sum FROM `order` WHERE  `pay_time` >= 1787155200  AND `pay_time` < 1787241600 [ RunTime:0.000749s ]
[2026-08-20T08:30:00+08:00][sql] SELECT COUNT(*) AS think_count FROM `order` WHERE  `pay_time` >= 1787155200  AND `pay_time` < 1787241600 [ RunTime:0.000607s ]
[2026-08-20T08:30:03+08:00][sql] CONNECT:[ UseTime:0.012710s ] mysql:host=127.0.0.1;port=3306;dbname=auction;charset=utf8mb4
[2026-08-20T08:30:03+08:00][sql] SHOW FULL COLUMNS FROM `user` [ RunTime:0.004158s ]
[2026-08-20T08:30:03+08:00][sql] SELECT COUNT(*) AS think_count FROM `user` [ RunTime:0.001026s ]
[2026-08-20T08:30:03+08:00][sql] SELECT `id`,`mobile`,`nickname`,`avatar`,`invite_code`,`pid`,`is_seller`,`seller_check`,`balance`,`freeze_balance`,`points`,`commission_rate`,`total_buy`,`total_sell`,`status`,`reg_ip`,`reg_time`,`last_login_time`,`create_time` FROM `user` ORDER BY `id` DESC LIMIT 0,15 [ RunTime:0.000952s ]
[2026-08-20T08:30:09+08:00][sql] CONNECT:[ UseTime:0.003173s ] mysql:host=127.0.0.1;port=3306;dbname=auction;charset=utf8mb4
[2026-08-20T08:30:09+08:00][sql] SHOW FULL COLUMNS FROM `user` [ RunTime:0.004483s ]
[2026-08-20T08:30:09+08:00][sql] SELECT COUNT(*) AS think_count FROM `user` [ RunTime:0.000935s ]
[2026-08-20T08:30:09+08:00][sql] SELECT `id`,`mobile`,`nickname`,`avatar`,`invite_code`,`pid`,`is_seller`,`seller_check`,`balance`,`freeze_balance`,`points`,`commission_rate`,`total_buy`,`total_sell`,`status`,`reg_ip`,`reg_time`,`last_login_time`,`create_time` FROM `user` ORDER BY `id` DESC LIMIT 0,15 [ RunTime:0.001150s ]
[2026-08-20T08:30:39+08:00][sql] CONNECT:[ UseTime:0.002975s ] mysql:host=127.0.0.1;port=3306;dbname=auction;charset=utf8mb4
[2026-08-20T08:30:39+08:00][sql] SHOW FULL COLUMNS FROM `user` [ RunTime:0.002662s ]
[2026-08-20T08:30:39+08:00][sql] SELECT COUNT(*) AS think_count FROM `user` [ RunTime:0.000588s ]
[2026-08-20T08:30:39+08:00][sql] SELECT `id`,`mobile`,`nickname`,`avatar`,`invite_code`,`pid`,`is_seller`,`seller_check`,`balance`,`freeze_balance`,`points`,`commission_rate`,`total_buy`,`total_sell`,`status`,`reg_ip`,`reg_time`,`last_login_time`,`create_time` FROM `user` ORDER BY `id` DESC LIMIT 0,15 [ RunTime:0.000586s ]
[2026-08-20T08:32:08+08:00][sql] CONNECT:[ UseTime:0.001866s ] mysql:host=127.0.0.1;port=3306;dbname=auction;charset=utf8mb4
[2026-08-20T08:32:08+08:00][sql] SHOW FULL COLUMNS FROM `user` [ RunTime:0.003512s ]
[2026-08-20T08:32:08+08:00][sql] SELECT COUNT(*) AS think_count FROM `user` [ RunTime:0.000917s ]
[2026-08-20T08:32:08+08:00][sql] SELECT `id`,`mobile`,`nickname`,`avatar`,`invite_code`,`pid`,`is_seller`,`seller_check`,`balance`,`freeze_balance`,`points`,`commission_rate`,`total_buy`,`total_sell`,`status`,`reg_ip`,`reg_time`,`last_login_time`,`create_time` FROM `user` ORDER BY `id` DESC LIMIT 0,15 [ RunTime:0.000769s ]
[2026-08-20T08:32:41+08:00][sql] CONNECT:[ UseTime:0.002094s ] mysql:host=127.0.0.1;port=3306;dbname=auction;charset=utf8mb4
[2026-08-20T08:32:41+08:00][sql] SHOW FULL COLUMNS FROM `user` [ RunTime:0.003518s ]
[2026-08-20T08:32:41+08:00][sql] SELECT * FROM `user` WHERE  `mobile` = '13558888888' LIMIT 1 [ RunTime:0.000892s ]
[2026-08-20T08:32:41+08:00][sql] SELECT * FROM `user` WHERE  `invite_code` = 'D0D7ED2D' LIMIT 1 [ RunTime:0.000780s ]
[2026-08-20T08:32:41+08:00][sql] SHOW FULL COLUMNS FROM `setting` [ RunTime:0.001268s ]
[2026-08-20T08:32:41+08:00][sql] SELECT `value` FROM `setting` WHERE  `name` = 'virtual_balance' LIMIT 1 [ RunTime:0.000777s ]
[2026-08-20T08:32:41+08:00][sql] INSERT INTO `user` SET `mobile` = '13558888888' , `password` = '63ee451939ed580ef3c4b6f0109d1fd0' , `nickname` = '1111' , `invite_code` = 'D0D7ED2D' , `balance` = '0' , `is_seller` = 0 , `is_virtual` = 1 , `seller_check` = 0 , `status` = 1 , `reg_ip` = '127.0.0.1' , `reg_time` = 1787185961 , `create_time` = 1787185961 , `update_time` = 1787185961 [ RunTime:0.000630s ]
[2026-08-20T08:32:41+08:00][sql] SHOW FULL COLUMNS FROM `admin_log` [ RunTime:0.001124s ]
[2026-08-20T08:32:43+08:00][sql] CONNECT:[ UseTime:0.020161s ] mysql:host=127.0.0.1;port=3306;dbname=auction;charset=utf8mb4
[2026-08-20T08:32:43+08:00][sql] SHOW FULL COLUMNS FROM `user` [ RunTime:0.004960s ]
[2026-08-20T08:32:43+08:00][sql] SELECT COUNT(*) AS think_count FROM `user` [ RunTime:0.000893s ]
[2026-08-20T08:32:43+08:00][sql] SELECT `id`,`mobile`,`nickname`,`avatar`,`invite_code`,`pid`,`is_seller`,`seller_check`,`balance`,`freeze_balance`,`points`,`commission_rate`,`total_buy`,`total_sell`,`status`,`reg_ip`,`reg_time`,`last_login_time`,`create_time` FROM `user` ORDER BY `id` DESC LIMIT 0,15 [ RunTime:0.000985s ]
[2026-08-20T08:32:46+08:00][sql] CONNECT:[ UseTime:0.023343s ] mysql:host=127.0.0.1;port=3306;dbname=auction;charset=utf8mb4
[2026-08-20T08:32:46+08:00][sql] SHOW FULL COLUMNS FROM `user` [ RunTime:0.005394s ]
[2026-08-20T08:32:46+08:00][sql] SELECT COUNT(*) AS think_count FROM `user` [ RunTime:0.000929s ]
[2026-08-20T08:32:46+08:00][sql] SELECT COUNT(*) AS think_count FROM `user` WHERE  `is_seller` = 1 [ RunTime:0.001025s ]
[2026-08-20T08:32:46+08:00][sql] SHOW FULL COLUMNS FROM `goods` [ RunTime:0.001755s ]
[2026-08-20T08:32:46+08:00][sql] SELECT COUNT(*) AS think_count FROM `goods` [ RunTime:0.000760s ]
[2026-08-20T08:32:46+08:00][sql] SELECT COUNT(*) AS think_count FROM `goods` WHERE  `status` = 1  AND `end_time` > 1787185966 [ RunTime:0.000870s ]
[2026-08-20T08:32:46+08:00][sql] SHOW FULL COLUMNS FROM `order` [ RunTime:0.001920s ]
[2026-08-20T08:32:46+08:00][sql] SELECT COUNT(*) AS think_count FROM `order` [ RunTime:0.001014s ]
[2026-08-20T08:32:46+08:00][sql] SELECT COUNT(*) AS think_count FROM `order` WHERE  `pay_status` = 0  AND `order_status` = 0 [ RunTime:0.001071s ]
[2026-08-20T08:32:46+08:00][sql] SELECT COUNT(*) AS think_count FROM `goods` WHERE  `status` = 0 [ RunTime:0.000900s ]
[2026-08-20T08:32:46+08:00][sql] SELECT COUNT(*) AS think_count FROM `user` WHERE  `seller_check` = 0 [ RunTime:0.000847s ]
[2026-08-20T08:32:46+08:00][sql] SHOW FULL COLUMNS FROM `withdraw` [ RunTime:0.001799s ]
[2026-08-20T08:32:46+08:00][sql] SELECT COUNT(*) AS think_count FROM `withdraw` WHERE  `status` = 0 [ RunTime:0.000999s ]
[2026-08-20T08:32:46+08:00][sql] SELECT SUM(`price`) AS think_sum FROM `order` WHERE  `pay_status` = 1 [ RunTime:0.000871s ]
[2026-08-20T08:32:46+08:00][sql] SELECT SUM(`commission`) AS think_sum FROM `order` WHERE  `pay_status` = 1 [ RunTime:0.000850s ]
[2026-08-20T08:32:46+08:00][sql] SELECT SUM(`price`) AS think_sum FROM `order` WHERE  `pay_status` = 1  AND `pay_time` > 1787155200 [ RunTime:0.000859s ]
[2026-08-20T08:32:46+08:00][sql] SELECT * FROM `order` ORDER BY `id` DESC LIMIT 8 [ RunTime:0.001051s ]
[2026-08-20T08:32:46+08:00][sql] SHOW FULL COLUMNS FROM `bid_record` [ RunTime:0.001520s ]
[2026-08-20T08:32:46+08:00][sql] SELECT `b`.*,g.title as goods_title,`u`.`nickname`,`u`.`mobile` FROM `bid_record` `b` LEFT JOIN `goods` `g` ON `b`.`goods_id`=`g`.`id` LEFT JOIN `user` `u` ON `b`.`user_id`=`u`.`id` ORDER BY `b`.`id` DESC LIMIT 8 [ RunTime:0.000983s ]
[2026-08-20T08:32:46+08:00][sql] SELECT SUM(`price`) AS think_sum FROM `order` WHERE  `pay_time` >= 1786636800  AND `pay_time` < 1786723200 [ RunTime:0.000713s ]
[2026-08-20T08:32:46+08:00][sql] SELECT COUNT(*) AS think_count FROM `order` WHERE  `pay_time` >= 1786636800  AND `pay_time` < 1786723200 [ RunTime:0.000581s ]
[2026-08-20T08:32:46+08:00][sql] SELECT SUM(`price`) AS think_sum FROM `order` WHERE  `pay_time` >= 1786723200  AND `pay_time` < 1786809600 [ RunTime:0.000402s ]
[2026-08-20T08:32:46+08:00][sql] SELECT COUNT(*) AS think_count FROM `order` WHERE  `pay_time` >= 1786723200  AND `pay_time` < 1786809600 [ RunTime:0.000535s ]
[2026-08-20T08:32:46+08:00][sql] SELECT SUM(`price`) AS think_sum FROM `order` WHERE  `pay_time` >= 1786809600  AND `pay_time` < 1786896000 [ RunTime:0.000876s ]
[2026-08-20T08:32:46+08:00][sql] SELECT COUNT(*) AS think_count FROM `order` WHERE  `pay_time` >= 1786809600  AND `pay_time` < 1786896000 [ RunTime:0.000895s ]
[2026-08-20T08:32:46+08:00][sql] SELECT SUM(`price`) AS think_sum FROM `order` WHERE  `pay_time` >= 1786896000  AND `pay_time` < 1786982400 [ RunTime:0.000889s ]
[2026-08-20T08:32:46+08:00][sql] SELECT COUNT(*) AS think_count FROM `order` WHERE  `pay_time` >= 1786896000  AND `pay_time` < 1786982400 [ RunTime:0.000867s ]
[2026-08-20T08:32:46+08:00][sql] SELECT SUM(`price`) AS think_sum FROM `order` WHERE  `pay_time` >= 1786982400  AND `pay_time` < 1787068800 [ RunTime:0.000909s ]
[2026-08-20T08:32:46+08:00][sql] SELECT COUNT(*) AS think_count FROM `order` WHERE  `pay_time` >= 1786982400  AND `pay_time` < 1787068800 [ RunTime:0.000798s ]
[2026-08-20T08:32:46+08:00][sql] SELECT SUM(`price`) AS think_sum FROM `order` WHERE  `pay_time` >= 1787068800  AND `pay_time` < 1787155200 [ RunTime:0.000805s ]
[2026-08-20T08:32:46+08:00][sql] SELECT COUNT(*) AS think_count FROM `order` WHERE  `pay_time` >= 1787068800  AND `pay_time` < 1787155200 [ RunTime:0.000789s ]
[2026-08-20T08:32:46+08:00][sql] SELECT SUM(`price`) AS think_sum FROM `order` WHERE  `pay_time` >= 1787155200  AND `pay_time` < 1787241600 [ RunTime:0.000813s ]
[2026-08-20T08:32:46+08:00][sql] SELECT COUNT(*) AS think_count FROM `order` WHERE  `pay_time` >= 1787155200  AND `pay_time` < 1787241600 [ RunTime:0.000788s ]
[2026-08-20T08:33:09+08:00][sql] CONNECT:[ UseTime:0.022431s ] mysql:host=127.0.0.1;port=3306;dbname=auction;charset=utf8mb4
[2026-08-20T08:33:09+08:00][sql] SHOW FULL COLUMNS FROM `user` [ RunTime:0.004665s ]
[2026-08-20T08:33:09+08:00][sql] SELECT COUNT(*) AS think_count FROM `user` [ RunTime:0.000886s ]
[2026-08-20T08:33:09+08:00][sql] SELECT `id`,`mobile`,`nickname`,`avatar`,`invite_code`,`pid`,`is_seller`,`seller_check`,`balance`,`freeze_balance`,`points`,`commission_rate`,`total_buy`,`total_sell`,`status`,`reg_ip`,`reg_time`,`last_login_time`,`create_time` FROM `user` ORDER BY `id` DESC LIMIT 0,15 [ RunTime:0.001010s ]
[2026-08-20T08:33:16+08:00][sql] CONNECT:[ UseTime:0.002113s ] mysql:host=127.0.0.1;port=3306;dbname=auction;charset=utf8mb4
[2026-08-20T08:33:16+08:00][sql] SHOW FULL COLUMNS FROM `user` [ RunTime:0.001716s ]
[2026-08-20T08:33:16+08:00][sql] SELECT COUNT(*) AS think_count FROM `user` [ RunTime:0.000641s ]
[2026-08-20T08:33:16+08:00][sql] SELECT `id`,`mobile`,`nickname`,`avatar`,`invite_code`,`pid`,`is_seller`,`seller_check`,`balance`,`freeze_balance`,`points`,`commission_rate`,`total_buy`,`total_sell`,`status`,`reg_ip`,`reg_time`,`last_login_time`,`create_time` FROM `user` ORDER BY `id` DESC LIMIT 0,15 [ RunTime:0.000788s ]
[2026-08-20T08:33:20+08:00][sql] CONNECT:[ UseTime:0.020838s ] mysql:host=127.0.0.1;port=3306;dbname=auction;charset=utf8mb4
[2026-08-20T08:33:20+08:00][sql] SHOW FULL COLUMNS FROM `user` [ RunTime:0.004601s ]
[2026-08-20T08:33:20+08:00][sql] SELECT * FROM `user` WHERE  `id` = 28 LIMIT 1 [ RunTime:0.000968s ]
[2026-08-20T08:33:20+08:00][sql] SHOW FULL COLUMNS FROM `goods` [ RunTime:0.001520s ]
[2026-08-20T08:33:20+08:00][sql] SELECT COUNT(*) AS think_count FROM `goods` WHERE  `seller_id` = 28  AND `status` = 2 [ RunTime:0.000925s ]
[2026-08-20T08:33:20+08:00][sql] SHOW FULL COLUMNS FROM `order` [ RunTime:0.001705s ]
[2026-08-20T08:33:20+08:00][sql] SELECT COUNT(*) AS think_count FROM `order` WHERE  `buyer_id` = 28  AND `pay_status` = 1 [ RunTime:0.000878s ]
[2026-08-20T08:33:20+08:00][sql] SHOW FULL COLUMNS FROM `bid_record` [ RunTime:0.001367s ]
[2026-08-20T08:33:20+08:00][sql] SELECT COUNT(*) AS think_count FROM `bid_record` WHERE  `user_id` = 28 [ RunTime:0.000800s ]
[2026-08-20T08:33:20+08:00][sql] SHOW FULL COLUMNS FROM `balance_log` [ RunTime:0.001149s ]
[2026-08-20T08:33:20+08:00][sql] SELECT * FROM `balance_log` WHERE  `user_id` = 28 ORDER BY `id` DESC LIMIT 20 [ RunTime:0.000939s ]
[2026-08-20T08:33:20+08:00][sql] SELECT `b`.*,g.title as goods_title FROM `bid_record` `b` LEFT JOIN `goods` `g` ON `b`.`goods_id`=`g`.`id` WHERE  `b`.`user_id` = '28' ORDER BY `b`.`id` DESC LIMIT 10 [ RunTime:0.000990s ]
[2026-08-20T08:33:20+08:00][sql] SHOW FULL COLUMNS FROM `pay_account` [ RunTime:0.003624s ]
[2026-08-20T08:33:20+08:00][sql] SELECT * FROM `pay_account` WHERE  `user_id` = 28 ORDER BY `id` DESC [ RunTime:0.000936s ]
[2026-08-20T08:33:24+08:00][sql] CONNECT:[ UseTime:0.003987s ] mysql:host=127.0.0.1;port=3306;dbname=auction;charset=utf8mb4
[2026-08-20T08:33:24+08:00][sql] SHOW FULL COLUMNS FROM `user` [ RunTime:0.001483s ]
[2026-08-20T08:33:24+08:00][sql] SELECT COUNT(*) AS think_count FROM `user` [ RunTime:0.000614s ]
[2026-08-20T08:33:24+08:00][sql] SELECT `id`,`mobile`,`nickname`,`avatar`,`invite_code`,`pid`,`is_seller`,`seller_check`,`balance`,`freeze_balance`,`points`,`commission_rate`,`total_buy`,`total_sell`,`status`,`reg_ip`,`reg_time`,`last_login_time`,`create_time` FROM `user` ORDER BY `id` DESC LIMIT 0,15 [ RunTime:0.000848s ]
[2026-08-20T08:33:34+08:00][sql] CONNECT:[ UseTime:0.007258s ] mysql:host=127.0.0.1;port=3306;dbname=auction;charset=utf8mb4
[2026-08-20T08:33:34+08:00][sql] SHOW FULL COLUMNS FROM `user` [ RunTime:0.001171s ]
[2026-08-20T08:33:34+08:00][sql] SELECT * FROM `user` WHERE  `id` = 28 LIMIT 1 [ RunTime:0.000833s ]
[2026-08-20T08:33:34+08:00][sql] SHOW FULL COLUMNS FROM `goods` [ RunTime:0.001295s ]
[2026-08-20T08:33:34+08:00][sql] SELECT COUNT(*) AS think_count FROM `goods` WHERE  `seller_id` = 28  AND `status` = 2 [ RunTime:0.000752s ]
[2026-08-20T08:33:34+08:00][sql] SHOW FULL COLUMNS FROM `order` [ RunTime:0.001290s ]
[2026-08-20T08:33:34+08:00][sql] SELECT COUNT(*) AS think_count FROM `order` WHERE  `buyer_id` = 28  AND `pay_status` = 1 [ RunTime:0.000659s ]
[2026-08-20T08:33:34+08:00][sql] SHOW FULL COLUMNS FROM `bid_record` [ RunTime:0.001068s ]
[2026-08-20T08:33:34+08:00][sql] SELECT COUNT(*) AS think_count FROM `bid_record` WHERE  `user_id` = 28 [ RunTime:0.000662s ]
[2026-08-20T08:33:34+08:00][sql] SHOW FULL COLUMNS FROM `balance_log` [ RunTime:0.001081s ]
[2026-08-20T08:33:34+08:00][sql] SELECT * FROM `balance_log` WHERE  `user_id` = 28 ORDER BY `id` DESC LIMIT 20 [ RunTime:0.000645s ]
[2026-08-20T08:33:34+08:00][sql] SELECT `b`.*,g.title as goods_title FROM `bid_record` `b` LEFT JOIN `goods` `g` ON `b`.`goods_id`=`g`.`id` WHERE  `b`.`user_id` = '28' ORDER BY `b`.`id` DESC LIMIT 10 [ RunTime:0.000817s ]
[2026-08-20T08:33:34+08:00][sql] SHOW FULL COLUMNS FROM `pay_account` [ RunTime:0.003372s ]
[2026-08-20T08:33:34+08:00][sql] SELECT * FROM `pay_account` WHERE  `user_id` = 28 ORDER BY `id` DESC [ RunTime:0.000813s ]
[2026-08-20T08:34:23+08:00][sql] CONNECT:[ UseTime:0.011614s ] mysql:host=127.0.0.1;port=3306;dbname=auction;charset=utf8mb4
[2026-08-20T08:34:23+08:00][sql] SHOW FULL COLUMNS FROM `user` [ RunTime:0.002249s ]
[2026-08-20T08:34:23+08:00][sql] SELECT COUNT(*) AS think_count FROM `user` [ RunTime:0.000894s ]
[2026-08-20T08:34:23+08:00][sql] SELECT COUNT(*) AS think_count FROM `user` WHERE  `is_seller` = 1 [ RunTime:0.000924s ]
[2026-08-20T08:34:23+08:00][sql] SHOW FULL COLUMNS FROM `goods` [ RunTime:0.001774s ]
[2026-08-20T08:34:23+08:00][sql] SELECT COUNT(*) AS think_count FROM `goods` [ RunTime:0.000810s ]
[2026-08-20T08:34:23+08:00][sql] SELECT COUNT(*) AS think_count FROM `goods` WHERE  `status` = 1  AND `end_time` > 1787186062 [ RunTime:0.000940s ]
[2026-08-20T08:34:23+08:00][sql] SHOW FULL COLUMNS FROM `order` [ RunTime:0.001589s ]
[2026-08-20T08:34:23+08:00][sql] SELECT COUNT(*) AS think_count FROM `order` [ RunTime:0.000761s ]
[2026-08-20T08:34:23+08:00][sql] SELECT COUNT(*) AS think_count FROM `order` WHERE  `pay_status` = 0  AND `order_status` = 0 [ RunTime:0.000923s ]
[2026-08-20T08:34:23+08:00][sql] SELECT COUNT(*) AS think_count FROM `goods` WHERE  `status` = 0 [ RunTime:0.000813s ]
[2026-08-20T08:34:23+08:00][sql] SELECT COUNT(*) AS think_count FROM `user` WHERE  `seller_check` = 0 [ RunTime:0.000809s ]
[2026-08-20T08:34:23+08:00][sql] SHOW FULL COLUMNS FROM `withdraw` [ RunTime:0.003813s ]
[2026-08-20T08:34:23+08:00][sql] SELECT COUNT(*) AS think_count FROM `withdraw` WHERE  `status` = 0 [ RunTime:0.000979s ]
[2026-08-20T08:34:23+08:00][sql] SELECT SUM(`price`) AS think_sum FROM `order` WHERE  `pay_status` = 1 [ RunTime:0.000820s ]
[2026-08-20T08:34:23+08:00][sql] SELECT SUM(`commission`) AS think_sum FROM `order` WHERE  `pay_status` = 1 [ RunTime:0.000820s ]
[2026-08-20T08:34:23+08:00][sql] SELECT SUM(`price`) AS think_sum FROM `order` WHERE  `pay_status` = 1  AND `pay_time` > 1787155200 [ RunTime:0.000829s ]
[2026-08-20T08:34:23+08:00][sql] SELECT * FROM `order` ORDER BY `id` DESC LIMIT 8 [ RunTime:0.000913s ]
[2026-08-20T08:34:23+08:00][sql] SHOW FULL COLUMNS FROM `bid_record` [ RunTime:0.001470s ]
[2026-08-20T08:34:23+08:00][sql] SELECT `b`.*,g.title as goods_title,`u`.`nickname`,`u`.`mobile` FROM `bid_record` `b` LEFT JOIN `goods` `g` ON `b`.`goods_id`=`g`.`id` LEFT JOIN `user` `u` ON `b`.`user_id`=`u`.`id` ORDER BY `b`.`id` DESC LIMIT 8 [ RunTime:0.000961s ]
[2026-08-20T08:34:23+08:00][sql] SELECT SUM(`price`) AS think_sum FROM `order` WHERE  `pay_time` >= 1786636800  AND `pay_time` < 1786723200 [ RunTime:0.000774s ]
[2026-08-20T08:34:23+08:00][sql] SELECT COUNT(*) AS think_count FROM `order` WHERE  `pay_time` >= 1786636800  AND `pay_time` < 1786723200 [ RunTime:0.000892s ]
[2026-08-20T08:34:23+08:00][sql] SELECT SUM(`price`) AS think_sum FROM `order` WHERE  `pay_time` >= 1786723200  AND `pay_time` < 1786809600 [ RunTime:0.000832s ]
[2026-08-20T08:34:23+08:00][sql] SELECT COUNT(*) AS think_count FROM `order` WHERE  `pay_time` >= 1786723200  AND `pay_time` < 1786809600 [ RunTime:0.000845s ]
[2026-08-20T08:34:23+08:00][sql] SELECT SUM(`price`) AS think_sum FROM `order` WHERE  `pay_time` >= 1786809600  AND `pay_time` < 1786896000 [ RunTime:0.000875s ]
[2026-08-20T08:34:23+08:00][sql] SELECT COUNT(*) AS think_count FROM `order` WHERE  `pay_time` >= 1786809600  AND `pay_time` < 1786896000 [ RunTime:0.000913s ]
[2026-08-20T08:34:23+08:00][sql] SELECT SUM(`price`) AS think_sum FROM `order` WHERE  `pay_time` >= 1786896000  AND `pay_time` < 1786982400 [ RunTime:0.000865s ]
[2026-08-20T08:34:23+08:00][sql] SELECT COUNT(*) AS think_count FROM `order` WHERE  `pay_time` >= 1786896000  AND `pay_time` < 1786982400 [ RunTime:0.000833s ]
[2026-08-20T08:34:23+08:00][sql] SELECT SUM(`price`) AS think_sum FROM `order` WHERE  `pay_time` >= 1786982400  AND `pay_time` < 1787068800 [ RunTime:0.000847s ]
[2026-08-20T08:34:23+08:00][sql] SELECT COUNT(*) AS think_count FROM `order` WHERE  `pay_time` >= 1786982400  AND `pay_time` < 1787068800 [ RunTime:0.000810s ]
[2026-08-20T08:34:23+08:00][sql] SELECT SUM(`price`) AS think_sum FROM `order` WHERE  `pay_time` >= 1787068800  AND `pay_time` < 1787155200 [ RunTime:0.000820s ]
[2026-08-20T08:34:23+08:00][sql] SELECT COUNT(*) AS think_count FROM `order` WHERE  `pay_time` >= 1787068800  AND `pay_time` < 1787155200 [ RunTime:0.000839s ]
[2026-08-20T08:34:23+08:00][sql] SELECT SUM(`price`) AS think_sum FROM `order` WHERE  `pay_time` >= 1787155200  AND `pay_time` < 1787241600 [ RunTime:0.000807s ]
[2026-08-20T08:34:23+08:00][sql] SELECT COUNT(*) AS think_count FROM `order` WHERE  `pay_time` >= 1787155200  AND `pay_time` < 1787241600 [ RunTime:0.000766s ]
[2026-08-20T08:34:43+08:00][sql] CONNECT:[ UseTime:0.002251s ] mysql:host=127.0.0.1;port=3306;dbname=auction;charset=utf8mb4
[2026-08-20T08:34:43+08:00][sql] SHOW FULL COLUMNS FROM `user` [ RunTime:0.001605s ]
[2026-08-20T08:34:43+08:00][sql] SELECT COUNT(*) AS think_count FROM `user` [ RunTime:0.000592s ]
[2026-08-20T08:34:43+08:00][sql] SELECT `id`,`mobile`,`nickname`,`avatar`,`invite_code`,`pid`,`is_seller`,`seller_check`,`balance`,`freeze_balance`,`points`,`commission_rate`,`total_buy`,`total_sell`,`status`,`reg_ip`,`reg_time`,`last_login_time`,`create_time` FROM `user` ORDER BY `id` DESC LIMIT 0,15 [ RunTime:0.000715s ]
[2026-08-20T08:34:47+08:00][sql] CONNECT:[ UseTime:0.002436s ] mysql:host=127.0.0.1;port=3306;dbname=auction;charset=utf8mb4
[2026-08-20T08:34:47+08:00][sql] SHOW FULL COLUMNS FROM `user` [ RunTime:0.001721s ]
[2026-08-20T08:34:47+08:00][sql] SELECT COUNT(*) AS think_count FROM `user` WHERE  `shop_name` <> '' [ RunTime:0.000827s ]
[2026-08-20T08:34:47+08:00][sql] SELECT `id`,`mobile`,`nickname`,`avatar`,`invite_code`,`pid`,`is_seller`,`seller_check`,`balance`,`freeze_balance`,`points`,`commission_rate`,`total_buy`,`total_sell`,`status`,`reg_ip`,`reg_time`,`last_login_time`,`create_time`,`shop_name`,`company_name`,`license_img`,`real_name` FROM `user` WHERE  `shop_name` <> '' ORDER BY `id` DESC LIMIT 0,15 [ RunTime:0.000899s ]
[2026-08-20T08:34:48+08:00][sql] CONNECT:[ UseTime:0.023877s ] mysql:host=127.0.0.1;port=3306;dbname=auction;charset=utf8mb4
[2026-08-20T08:34:48+08:00][sql] SHOW FULL COLUMNS FROM `user` [ RunTime:0.002371s ]
[2026-08-20T08:34:48+08:00][sql] SELECT COUNT(*) AS think_count FROM `user` WHERE  `auth_status` <> 0 [ RunTime:0.001071s ]
[2026-08-20T08:34:48+08:00][sql] SELECT `id`,`mobile`,`nickname`,`real_name`,`id_card`,`id_card_front`,`id_card_back`,`auth_status`,`auth_reason`,`auth_time`,`reg_time`,`create_time` FROM `user` WHERE  `auth_status` <> 0 ORDER BY `id` DESC LIMIT 0,15 [ RunTime:0.001021s ]
[2026-08-20T08:34:50+08:00][sql] CONNECT:[ UseTime:0.002103s ] mysql:host=127.0.0.1;port=3306;dbname=auction;charset=utf8mb4
[2026-08-20T08:34:50+08:00][sql] SHOW FULL COLUMNS FROM `user` [ RunTime:0.002191s ]
[2026-08-20T08:34:50+08:00][sql] SELECT COUNT(*) AS think_count FROM `user` [ RunTime:0.000906s ]
[2026-08-20T08:34:50+08:00][sql] SELECT `id`,`mobile`,`nickname`,`avatar`,`invite_code`,`pid`,`is_seller`,`seller_check`,`balance`,`freeze_balance`,`points`,`commission_rate`,`total_buy`,`total_sell`,`status`,`reg_ip`,`reg_time`,`last_login_time`,`create_time` FROM `user` ORDER BY `id` DESC LIMIT 0,15 [ RunTime:0.000990s ]
[2026-08-20T08:35:06+08:00][sql] CONNECT:[ UseTime:0.018197s ] mysql:host=127.0.0.1;port=3306;dbname=auction;charset=utf8mb4
[2026-08-20T08:35:06+08:00][sql] SHOW FULL COLUMNS FROM `user` [ RunTime:0.002247s ]
[2026-08-20T08:35:06+08:00][sql] SELECT * FROM `user` WHERE  `mobile` = '18888888867' LIMIT 1 [ RunTime:0.001078s ]
[2026-08-20T08:35:06+08:00][sql] SELECT * FROM `user` WHERE  `invite_code` = 'C00E0678' LIMIT 1 [ RunTime:0.001020s ]
[2026-08-20T08:35:06+08:00][sql] SHOW FULL COLUMNS FROM `setting` [ RunTime:0.001526s ]
[2026-08-20T08:35:06+08:00][sql] SELECT `value` FROM `setting` WHERE  `name` = 'virtual_balance' LIMIT 1 [ RunTime:0.000789s ]
[2026-08-20T08:35:06+08:00][sql] INSERT INTO `user` SET `mobile` = '18888888867' , `password` = '63ee451939ed580ef3c4b6f0109d1fd0' , `nickname` = 'rrrr' , `invite_code` = 'C00E0678' , `balance` = '0' , `is_seller` = 1 , `is_virtual` = 1 , `seller_check` = 1 , `status` = 1 , `reg_ip` = '127.0.0.1' , `reg_time` = 1787186106 , `create_time` = 1787186106 , `update_time` = 1787186106 [ RunTime:0.000896s ]
[2026-08-20T08:35:06+08:00][sql] SHOW FULL COLUMNS FROM `admin_log` [ RunTime:0.003739s ]
[2026-08-20T08:35:07+08:00][sql] CONNECT:[ UseTime:0.015129s ] mysql:host=127.0.0.1;port=3306;dbname=auction;charset=utf8mb4
[2026-08-20T08:35:07+08:00][sql] SHOW FULL COLUMNS FROM `user` [ RunTime:0.002474s ]
[2026-08-20T08:35:07+08:00][sql] SELECT COUNT(*) AS think_count FROM `user` [ RunTime:0.001042s ]
[2026-08-20T08:35:07+08:00][sql] SELECT `id`,`mobile`,`nickname`,`avatar`,`invite_code`,`pid`,`is_seller`,`seller_check`,`balance`,`freeze_balance`,`points`,`commission_rate`,`total_buy`,`total_sell`,`status`,`reg_ip`,`reg_time`,`last_login_time`,`create_time` FROM `user` ORDER BY `id` DESC LIMIT 0,15 [ RunTime:0.001206s ]
[2026-08-20T08:35:12+08:00][sql] CONNECT:[ UseTime:0.011910s ] mysql:host=127.0.0.1;port=3306;dbname=auction;charset=utf8mb4
[2026-08-20T08:35:12+08:00][sql] SHOW FULL COLUMNS FROM `user` [ RunTime:0.001901s ]
[2026-08-20T08:35:12+08:00][sql] SELECT COUNT(*) AS think_count FROM `user` [ RunTime:0.000910s ]
[2026-08-20T08:35:12+08:00][sql] SELECT `id`,`mobile`,`nickname`,`avatar`,`invite_code`,`pid`,`is_seller`,`seller_check`,`balance`,`freeze_balance`,`points`,`commission_rate`,`total_buy`,`total_sell`,`status`,`reg_ip`,`reg_time`,`last_login_time`,`create_time` FROM `user` ORDER BY `id` DESC LIMIT 0,15 [ RunTime:0.000929s ]
[2026-08-20T08:36:46+08:00][sql] CONNECT:[ UseTime:0.013355s ] mysql:host=127.0.0.1;port=3306;dbname=auction;charset=utf8mb4
[2026-08-20T08:36:46+08:00][sql] SHOW FULL COLUMNS FROM `user` [ RunTime:0.002384s ]
[2026-08-20T08:36:46+08:00][sql] SELECT COUNT(*) AS think_count FROM `user` [ RunTime:0.000914s ]
[2026-08-20T08:36:46+08:00][sql] SELECT COUNT(*) AS think_count FROM `user` WHERE  `is_seller` = 1 [ RunTime:0.000939s ]
[2026-08-20T08:36:46+08:00][sql] SHOW FULL COLUMNS FROM `goods` [ RunTime:0.001813s ]
[2026-08-20T08:36:46+08:00][sql] SELECT COUNT(*) AS think_count FROM `goods` [ RunTime:0.000810s ]
[2026-08-20T08:36:46+08:00][sql] SELECT COUNT(*) AS think_count FROM `goods` WHERE  `status` = 1  AND `end_time` > 1787186206 [ RunTime:0.000898s ]
[2026-08-20T08:36:46+08:00][sql] SHOW FULL COLUMNS FROM `order` [ RunTime:0.001611s ]
[2026-08-20T08:36:46+08:00][sql] SELECT COUNT(*) AS think_count FROM `order` [ RunTime:0.000794s ]
[2026-08-20T08:36:46+08:00][sql] SELECT COUNT(*) AS think_count FROM `order` WHERE  `pay_status` = 0  AND `order_status` = 0 [ RunTime:0.001030s ]
[2026-08-20T08:36:46+08:00][sql] SELECT COUNT(*) AS think_count FROM `goods` WHERE  `status` = 0 [ RunTime:0.000900s ]
[2026-08-20T08:36:46+08:00][sql] SELECT COUNT(*) AS think_count FROM `user` WHERE  `seller_check` = 0 [ RunTime:0.000895s ]
[2026-08-20T08:36:46+08:00][sql] SHOW FULL COLUMNS FROM `withdraw` [ RunTime:0.001810s ]
[2026-08-20T08:36:46+08:00][sql] SELECT COUNT(*) AS think_count FROM `withdraw` WHERE  `status` = 0 [ RunTime:0.000893s ]
[2026-08-20T08:36:46+08:00][sql] SELECT SUM(`price`) AS think_sum FROM `order` WHERE  `pay_status` = 1 [ RunTime:0.000898s ]
[2026-08-20T08:36:46+08:00][sql] SELECT SUM(`commission`) AS think_sum FROM `order` WHERE  `pay_status` = 1 [ RunTime:0.000831s ]
[2026-08-20T08:36:46+08:00][sql] SELECT SUM(`price`) AS think_sum FROM `order` WHERE  `pay_status` = 1  AND `pay_time` > 1787155200 [ RunTime:0.000851s ]
[2026-08-20T08:36:46+08:00][sql] SELECT * FROM `order` ORDER BY `id` DESC LIMIT 8 [ RunTime:0.000959s ]
[2026-08-20T08:36:46+08:00][sql] SHOW FULL COLUMNS FROM `bid_record` [ RunTime:0.001505s ]
[2026-08-20T08:36:46+08:00][sql] SELECT `b`.*,g.title as goods_title,`u`.`nickname`,`u`.`mobile` FROM `bid_record` `b` LEFT JOIN `goods` `g` ON `b`.`goods_id`=`g`.`id` LEFT JOIN `user` `u` ON `b`.`user_id`=`u`.`id` ORDER BY `b`.`id` DESC LIMIT 8 [ RunTime:0.000961s ]
[2026-08-20T08:36:46+08:00][sql] SELECT SUM(`price`) AS think_sum FROM `order` WHERE  `pay_time` >= 1786636800  AND `pay_time` < 1786723200 [ RunTime:0.000895s ]
[2026-08-20T08:36:46+08:00][sql] SELECT COUNT(*) AS think_count FROM `order` WHERE  `pay_time` >= 1786636800  AND `pay_time` < 1786723200 [ RunTime:0.001032s ]
[2026-08-20T08:36:46+08:00][sql] SELECT SUM(`price`) AS think_sum FROM `order` WHERE  `pay_time` >= 1786723200  AND `pay_time` < 1786809600 [ RunTime:0.000892s ]
[2026-08-20T08:36:46+08:00][sql] SELECT COUNT(*) AS think_count FROM `order` WHERE  `pay_time` >= 1786723200  AND `pay_time` < 1786809600 [ RunTime:0.000867s ]
[2026-08-20T08:36:46+08:00][sql] SELECT SUM(`price`) AS think_sum FROM `order` WHERE  `pay_time` >= 1786809600  AND `pay_time` < 1786896000 [ RunTime:0.000872s ]
[2026-08-20T08:36:46+08:00][sql] SELECT COUNT(*) AS think_count FROM `order` WHERE  `pay_time` >= 1786809600  AND `pay_time` < 1786896000 [ RunTime:0.000865s ]
[2026-08-20T08:36:46+08:00][sql] SELECT SUM(`price`) AS think_sum FROM `order` WHERE  `pay_time` >= 1786896000  AND `pay_time` < 1786982400 [ RunTime:0.000861s ]
[2026-08-20T08:36:46+08:00][sql] SELECT COUNT(*) AS think_count FROM `order` WHERE  `pay_time` >= 1786896000  AND `pay_time` < 1786982400 [ RunTime:0.000811s ]
[2026-08-20T08:36:46+08:00][sql] SELECT SUM(`price`) AS think_sum FROM `order` WHERE  `pay_time` >= 1786982400  AND `pay_time` < 1787068800 [ RunTime:0.000835s ]
[2026-08-20T08:36:46+08:00][sql] SELECT COUNT(*) AS think_count FROM `order` WHERE  `pay_time` >= 1786982400  AND `pay_time` < 1787068800 [ RunTime:0.000811s ]
[2026-08-20T08:36:46+08:00][sql] SELECT SUM(`price`) AS think_sum FROM `order` WHERE  `pay_time` >= 1787068800  AND `pay_time` < 1787155200 [ RunTime:0.000795s ]
[2026-08-20T08:36:46+08:00][sql] SELECT COUNT(*) AS think_count FROM `order` WHERE  `pay_time` >= 1787068800  AND `pay_time` < 1787155200 [ RunTime:0.000761s ]
[2026-08-20T08:36:46+08:00][sql] SELECT SUM(`price`) AS think_sum FROM `order` WHERE  `pay_time` >= 1787155200  AND `pay_time` < 1787241600 [ RunTime:0.000813s ]
[2026-08-20T08:36:46+08:00][sql] SELECT COUNT(*) AS think_count FROM `order` WHERE  `pay_time` >= 1787155200  AND `pay_time` < 1787241600 [ RunTime:0.000785s ]
[2026-08-20T08:36:48+08:00][sql] CONNECT:[ UseTime:0.018558s ] mysql:host=127.0.0.1;port=3306;dbname=auction;charset=utf8mb4
[2026-08-20T08:36:48+08:00][sql] SHOW FULL COLUMNS FROM `user` [ RunTime:0.002273s ]
[2026-08-20T08:36:48+08:00][sql] SELECT COUNT(*) AS think_count FROM `user` [ RunTime:0.000952s ]
[2026-08-20T08:36:48+08:00][sql] SELECT COUNT(*) AS think_count FROM `user` WHERE  `is_seller` = 1 [ RunTime:0.000939s ]
[2026-08-20T08:36:48+08:00][sql] SHOW FULL COLUMNS FROM `goods` [ RunTime:0.001824s ]
[2026-08-20T08:36:48+08:00][sql] SELECT COUNT(*) AS think_count FROM `goods` [ RunTime:0.000802s ]
[2026-08-20T08:36:48+08:00][sql] SELECT COUNT(*) AS think_count FROM `goods` WHERE  `status` = 1  AND `end_time` > 1787186208 [ RunTime:0.000882s ]
[2026-08-20T08:36:48+08:00][sql] SHOW FULL COLUMNS FROM `order` [ RunTime:0.001635s ]
[2026-08-20T08:36:48+08:00][sql] SELECT COUNT(*) AS think_count FROM `order` [ RunTime:0.000759s ]
[2026-08-20T08:36:48+08:00][sql] SELECT COUNT(*) AS think_count FROM `order` WHERE  `pay_status` = 0  AND `order_status` = 0 [ RunTime:0.000916s ]
[2026-08-20T08:36:48+08:00][sql] SELECT COUNT(*) AS think_count FROM `goods` WHERE  `status` = 0 [ RunTime:0.000867s ]
[2026-08-20T08:36:48+08:00][sql] SELECT COUNT(*) AS think_count FROM `user` WHERE  `seller_check` = 0 [ RunTime:0.000444s ]
[2026-08-20T08:36:48+08:00][sql] SHOW FULL COLUMNS FROM `withdraw` [ RunTime:0.002686s ]
[2026-08-20T08:36:48+08:00][sql] SELECT COUNT(*) AS think_count FROM `withdraw` WHERE  `status` = 0 [ RunTime:0.000883s ]
[2026-08-20T08:36:48+08:00][sql] SELECT SUM(`price`) AS think_sum FROM `order` WHERE  `pay_status` = 1 [ RunTime:0.000861s ]
[2026-08-20T08:36:48+08:00][sql] SELECT SUM(`commission`) AS think_sum FROM `order` WHERE  `pay_status` = 1 [ RunTime:0.000829s ]
[2026-08-20T08:36:48+08:00][sql] SELECT SUM(`price`) AS think_sum FROM `order` WHERE  `pay_status` = 1  AND `pay_time` > 1787155200 [ RunTime:0.000802s ]
[2026-08-20T08:36:48+08:00][sql] SELECT * FROM `order` ORDER BY `id` DESC LIMIT 8 [ RunTime:0.001041s ]
[2026-08-20T08:36:48+08:00][sql] SHOW FULL COLUMNS FROM `bid_record` [ RunTime:0.001511s ]
[2026-08-20T08:36:48+08:00][sql] SELECT `b`.*,g.title as goods_title,`u`.`nickname`,`u`.`mobile` FROM `bid_record` `b` LEFT JOIN `goods` `g` ON `b`.`goods_id`=`g`.`id` LEFT JOIN `user` `u` ON `b`.`user_id`=`u`.`id` ORDER BY `b`.`id` DESC LIMIT 8 [ RunTime:0.000931s ]
[2026-08-20T08:36:48+08:00][sql] SELECT SUM(`price`) AS think_sum FROM `order` WHERE  `pay_time` >= 1786636800  AND `pay_time` < 1786723200 [ RunTime:0.000790s ]
[2026-08-20T08:36:48+08:00][sql] SELECT COUNT(*) AS think_count FROM `order` WHERE  `pay_time` >= 1786636800  AND `pay_time` < 1786723200 [ RunTime:0.000789s ]
[2026-08-20T08:36:48+08:00][sql] SELECT SUM(`price`) AS think_sum FROM `order` WHERE  `pay_time` >= 1786723200  AND `pay_time` < 1786809600 [ RunTime:0.000729s ]
[2026-08-20T08:36:48+08:00][sql] SELECT COUNT(*) AS think_count FROM `order` WHERE  `pay_time` >= 1786723200  AND `pay_time` < 1786809600 [ RunTime:0.001005s ]
[2026-08-20T08:36:48+08:00][sql] SELECT SUM(`price`) AS think_sum FROM `order` WHERE  `pay_time` >= 1786809600  AND `pay_time` < 1786896000 [ RunTime:0.000433s ]
[2026-08-20T08:36:48+08:00][sql] SELECT COUNT(*) AS think_count FROM `order` WHERE  `pay_time` >= 1786809600  AND `pay_time` < 1786896000 [ RunTime:0.000625s ]
[2026-08-20T08:36:48+08:00][sql] SELECT SUM(`price`) AS think_sum FROM `order` WHERE  `pay_time` >= 1786896000  AND `pay_time` < 1786982400 [ RunTime:0.000805s ]
[2026-08-20T08:36:48+08:00][sql] SELECT COUNT(*) AS think_count FROM `order` WHERE  `pay_time` >= 1786896000  AND `pay_time` < 1786982400 [ RunTime:0.000802s ]
[2026-08-20T08:36:48+08:00][sql] SELECT SUM(`price`) AS think_sum FROM `order` WHERE  `pay_time` >= 1786982400  AND `pay_time` < 1787068800 [ RunTime:0.000919s ]
[2026-08-20T08:36:48+08:00][sql] SELECT COUNT(*) AS think_count FROM `order` WHERE  `pay_time` >= 1786982400  AND `pay_time` < 1787068800 [ RunTime:0.000852s ]
[2026-08-20T08:36:48+08:00][sql] SELECT SUM(`price`) AS think_sum FROM `order` WHERE  `pay_time` >= 1787068800  AND `pay_time` < 1787155200 [ RunTime:0.000877s ]
[2026-08-20T08:36:48+08:00][sql] SELECT COUNT(*) AS think_count FROM `order` WHERE  `pay_time` >= 1787068800  AND `pay_time` < 1787155200 [ RunTime:0.000870s ]
[2026-08-20T08:36:48+08:00][sql] SELECT SUM(`price`) AS think_sum FROM `order` WHERE  `pay_time` >= 1787155200  AND `pay_time` < 1787241600 [ RunTime:0.000899s ]
[2026-08-20T08:36:48+08:00][sql] SELECT COUNT(*) AS think_count FROM `order` WHERE  `pay_time` >= 1787155200  AND `pay_time` < 1787241600 [ RunTime:0.000867s ]
[2026-08-20T08:36:55+08:00][sql] CONNECT:[ UseTime:0.002218s ] mysql:host=127.0.0.1;port=3306;dbname=auction;charset=utf8mb4
[2026-08-20T08:36:55+08:00][sql] SHOW FULL COLUMNS FROM `user` [ RunTime:0.001618s ]
[2026-08-20T08:36:55+08:00][sql] SELECT COUNT(*) AS think_count FROM `user` [ RunTime:0.000767s ]
[2026-08-20T08:36:55+08:00][sql] SELECT COUNT(*) AS think_count FROM `user` WHERE  `is_seller` = 1 [ RunTime:0.000698s ]
[2026-08-20T08:36:55+08:00][sql] SHOW FULL COLUMNS FROM `goods` [ RunTime:0.001298s ]
[2026-08-20T08:36:55+08:00][sql] SELECT COUNT(*) AS think_count FROM `goods` [ RunTime:0.000561s ]
[2026-08-20T08:36:55+08:00][sql] SELECT COUNT(*) AS think_count FROM `goods` WHERE  `status` = 1  AND `end_time` > 1787186215 [ RunTime:0.000634s ]
[2026-08-20T08:36:55+08:00][sql] SHOW FULL COLUMNS FROM `order` [ RunTime:0.001247s ]
[2026-08-20T08:36:55+08:00][sql] SELECT COUNT(*) AS think_count FROM `order` [ RunTime:0.000607s ]
[2026-08-20T08:36:55+08:00][sql] SELECT COUNT(*) AS think_count FROM `order` WHERE  `pay_status` = 0  AND `order_status` = 0 [ RunTime:0.000753s ]
[2026-08-20T08:36:55+08:00][sql] SELECT COUNT(*) AS think_count FROM `goods` WHERE  `status` = 0 [ RunTime:0.000693s ]
[2026-08-20T08:36:55+08:00][sql] SELECT COUNT(*) AS think_count FROM `user` WHERE  `seller_check` = 0 [ RunTime:0.000668s ]
[2026-08-20T08:36:55+08:00][sql] SHOW FULL COLUMNS FROM `withdraw` [ RunTime:0.001406s ]
[2026-08-20T08:36:55+08:00][sql] SELECT COUNT(*) AS think_count FROM `withdraw` WHERE  `status` = 0 [ RunTime:0.000875s ]
[2026-08-20T08:36:55+08:00][sql] SELECT SUM(`price`) AS think_sum FROM `order` WHERE  `pay_status` = 1 [ RunTime:0.000848s ]
[2026-08-20T08:36:55+08:00][sql] SELECT SUM(`commission`) AS think_sum FROM `order` WHERE  `pay_status` = 1 [ RunTime:0.000941s ]
[2026-08-20T08:36:55+08:00][sql] SELECT SUM(`price`) AS think_sum FROM `order` WHERE  `pay_status` = 1  AND `pay_time` > 1787155200 [ RunTime:0.000597s ]
[2026-08-20T08:36:55+08:00][sql] SELECT * FROM `order` ORDER BY `id` DESC LIMIT 8 [ RunTime:0.000583s ]
[2026-08-20T08:36:55+08:00][sql] SHOW FULL COLUMNS FROM `bid_record` [ RunTime:0.000794s ]
[2026-08-20T08:36:55+08:00][sql] SELECT `b`.*,g.title as goods_title,`u`.`nickname`,`u`.`mobile` FROM `bid_record` `b` LEFT JOIN `goods` `g` ON `b`.`goods_id`=`g`.`id` LEFT JOIN `user` `u` ON `b`.`user_id`=`u`.`id` ORDER BY `b`.`id` DESC LIMIT 8 [ RunTime:0.001060s ]
[2026-08-20T08:36:55+08:00][sql] SELECT SUM(`price`) AS think_sum FROM `order` WHERE  `pay_time` >= 1786636800  AND `pay_time` < 1786723200 [ RunTime:0.000804s ]
[2026-08-20T08:36:55+08:00][sql] SELECT COUNT(*) AS think_count FROM `order` WHERE  `pay_time` >= 1786636800  AND `pay_time` < 1786723200 [ RunTime:0.000762s ]
[2026-08-20T08:36:55+08:00][sql] SELECT SUM(`price`) AS think_sum FROM `order` WHERE  `pay_time` >= 1786723200  AND `pay_time` < 1786809600 [ RunTime:0.000842s ]
[2026-08-20T08:36:55+08:00][sql] SELECT COUNT(*) AS think_count FROM `order` WHERE  `pay_time` >= 1786723200  AND `pay_time` < 1786809600 [ RunTime:0.000809s ]
[2026-08-20T08:36:55+08:00][sql] SELECT SUM(`price`) AS think_sum FROM `order` WHERE  `pay_time` >= 1786809600  AND `pay_time` < 1786896000 [ RunTime:0.000776s ]
[2026-08-20T08:36:55+08:00][sql] SELECT COUNT(*) AS think_count FROM `order` WHERE  `pay_time` >= 1786809600  AND `pay_time` < 1786896000 [ RunTime:0.000759s ]
[2026-08-20T08:36:55+08:00][sql] SELECT SUM(`price`) AS think_sum FROM `order` WHERE  `pay_time` >= 1786896000  AND `pay_time` < 1786982400 [ RunTime:0.000736s ]
[2026-08-20T08:36:55+08:00][sql] SELECT COUNT(*) AS think_count FROM `order` WHERE  `pay_time` >= 1786896000  AND `pay_time` < 1786982400 [ RunTime:0.000615s ]
[2026-08-20T08:36:55+08:00][sql] SELECT SUM(`price`) AS think_sum FROM `order` WHERE  `pay_time` >= 1786982400  AND `pay_time` < 1787068800 [ RunTime:0.000559s ]
[2026-08-20T08:36:55+08:00][sql] SELECT COUNT(*) AS think_count FROM `order` WHERE  `pay_time` >= 1786982400  AND `pay_time` < 1787068800 [ RunTime:0.000656s ]
[2026-08-20T08:36:55+08:00][sql] SELECT SUM(`price`) AS think_sum FROM `order` WHERE  `pay_time` >= 1787068800  AND `pay_time` < 1787155200 [ RunTime:0.000779s ]
[2026-08-20T08:36:55+08:00][sql] SELECT COUNT(*) AS think_count FROM `order` WHERE  `pay_time` >= 1787068800  AND `pay_time` < 1787155200 [ RunTime:0.000634s ]
[2026-08-20T08:36:55+08:00][sql] SELECT SUM(`price`) AS think_sum FROM `order` WHERE  `pay_time` >= 1787155200  AND `pay_time` < 1787241600 [ RunTime:0.000433s ]
[2026-08-20T08:36:55+08:00][sql] SELECT COUNT(*) AS think_count FROM `order` WHERE  `pay_time` >= 1787155200  AND `pay_time` < 1787241600 [ RunTime:0.000373s ]
[2026-08-20T08:37:01+08:00][sql] CONNECT:[ UseTime:0.014681s ] mysql:host=127.0.0.1;port=3306;dbname=auction;charset=utf8mb4
[2026-08-20T08:37:01+08:00][sql] SHOW FULL COLUMNS FROM `goods` [ RunTime:0.002273s ]
[2026-08-20T08:37:01+08:00][sql] SELECT COUNT(*) AS think_count FROM `goods` `g` LEFT JOIN `user` `u` ON `g`.`seller_id`=`u`.`id` WHERE  `g`.`status` = '0' [ RunTime:0.001139s ]
[2026-08-20T08:37:01+08:00][sql] SELECT `g`.*,u.mobile as seller_mobile,u.nickname as seller_name FROM `goods` `g` LEFT JOIN `user` `u` ON `g`.`seller_id`=`u`.`id` WHERE  `g`.`status` = '0' ORDER BY `g`.`id` DESC LIMIT 0,15 [ RunTime:0.001234s ]
[2026-08-20T08:37:03+08:00][sql] CONNECT:[ UseTime:0.009752s ] mysql:host=127.0.0.1;port=3306;dbname=auction;charset=utf8mb4
[2026-08-20T08:37:03+08:00][sql] SHOW FULL COLUMNS FROM `goods` [ RunTime:0.002048s ]
[2026-08-20T08:37:03+08:00][sql] SELECT * FROM `goods` WHERE  `id` = 36 LIMIT 1 [ RunTime:0.001072s ]
[2026-08-20T08:37:03+08:00][sql] UPDATE `goods`  SET `status` = 1 , `refuse_reason` = ''  WHERE  `id` = 36 [ RunTime:0.005773s ]
[2026-08-20T08:37:03+08:00][sql] SHOW FULL COLUMNS FROM `admin_log` [ RunTime:0.004022s ]
[2026-08-20T08:37:05+08:00][sql] CONNECT:[ UseTime:0.005581s ] mysql:host=127.0.0.1;port=3306;dbname=auction;charset=utf8mb4
[2026-08-20T08:37:05+08:00][sql] SHOW FULL COLUMNS FROM `goods` [ RunTime:0.002210s ]
[2026-08-20T08:37:05+08:00][sql] SELECT COUNT(*) AS think_count FROM `goods` `g` LEFT JOIN `user` `u` ON `g`.`seller_id`=`u`.`id` WHERE  `g`.`status` = '0' [ RunTime:0.001111s ]
[2026-08-20T08:37:05+08:00][sql] SELECT `g`.*,u.mobile as seller_mobile,u.nickname as seller_name FROM `goods` `g` LEFT JOIN `user` `u` ON `g`.`seller_id`=`u`.`id` WHERE  `g`.`status` = '0' ORDER BY `g`.`id` DESC LIMIT 0,15 [ RunTime:0.001148s ]
[2026-08-20T08:37:12+08:00][sql] CONNECT:[ UseTime:0.012464s ] mysql:host=127.0.0.1;port=3306;dbname=auction;charset=utf8mb4
[2026-08-20T08:37:12+08:00][sql] SHOW FULL COLUMNS FROM `category` [ RunTime:0.002090s ]
[2026-08-20T08:37:12+08:00][sql] SELECT * FROM `category` WHERE  `status` = 1 ORDER BY `sort` ASC [ RunTime:0.001120s ]
[2026-08-20T08:37:12+08:00][sql] SHOW FULL COLUMNS FROM `user` [ RunTime:0.001839s ]
[2026-08-20T08:37:12+08:00][sql] SELECT `id`,`nickname`,`mobile` FROM `user` WHERE  `is_seller` = 1 ORDER BY `id` DESC [ RunTime:0.000908s ]
[2026-08-20T08:37:12+08:00][sql] CONNECT:[ UseTime:0.002996s ] mysql:host=127.0.0.1;port=3306;dbname=auction;charset=utf8mb4
[2026-08-20T08:37:12+08:00][sql] SHOW FULL COLUMNS FROM `goods` [ RunTime:0.002119s ]
[2026-08-20T08:37:12+08:00][sql] SELECT COUNT(*) AS think_count FROM `goods` `g` LEFT JOIN `user` `u` ON `g`.`seller_id`=`u`.`id` LEFT JOIN `category` `c` ON `g`.`category_id`=`c`.`id` [ RunTime:0.001297s ]
[2026-08-20T08:37:12+08:00][sql] SELECT `g`.*,u.mobile as seller_mobile,u.nickname as seller_name,c.name as category_name FROM `goods` `g` LEFT JOIN `user` `u` ON `g`.`seller_id`=`u`.`id` LEFT JOIN `category` `c` ON `g`.`category_id`=`c`.`id` ORDER BY `g`.`id` DESC LIMIT 0,15 [ RunTime:0.002391s ]
[2026-08-20T08:37:15+08:00][sql] CONNECT:[ UseTime:0.002263s ] mysql:host=127.0.0.1;port=3306;dbname=auction;charset=utf8mb4
[2026-08-20T08:37:15+08:00][sql] SHOW FULL COLUMNS FROM `user` [ RunTime:0.001637s ]
[2026-08-20T08:37:15+08:00][sql] SELECT COUNT(*) AS think_count FROM `user` [ RunTime:0.000607s ]
[2026-08-20T08:37:15+08:00][sql] SELECT `id`,`mobile`,`nickname`,`avatar`,`invite_code`,`pid`,`is_seller`,`seller_check`,`balance`,`freeze_balance`,`points`,`commission_rate`,`total_buy`,`total_sell`,`status`,`reg_ip`,`reg_time`,`last_login_time`,`create_time` FROM `user` ORDER BY `id` DESC LIMIT 0,15 [ RunTime:0.000751s ]
[2026-08-20T08:37:59+08:00][sql] CONNECT:[ UseTime:0.006320s ] mysql:host=127.0.0.1;port=3306;dbname=auction;charset=utf8mb4
[2026-08-20T08:37:59+08:00][sql] SHOW FULL COLUMNS FROM `user` [ RunTime:0.003035s ]
[2026-08-20T08:37:59+08:00][sql] SELECT COUNT(*) AS think_count FROM `user` [ RunTime:0.001381s ]
[2026-08-20T08:37:59+08:00][sql] SELECT `id`,`mobile`,`nickname`,`avatar`,`invite_code`,`pid`,`is_seller`,`seller_check`,`balance`,`freeze_balance`,`points`,`commission_rate`,`total_buy`,`total_sell`,`status`,`reg_ip`,`reg_time`,`last_login_time`,`create_time` FROM `user` ORDER BY `id` DESC LIMIT 0,15 [ RunTime:0.001362s ]
[2026-08-20T08:39:41+08:00][sql] CONNECT:[ UseTime:0.016060s ] mysql:host=127.0.0.1;port=3306;dbname=auction;charset=utf8mb4
[2026-08-20T08:39:41+08:00][sql] SHOW FULL COLUMNS FROM `user` [ RunTime:0.001809s ]
[2026-08-20T08:39:41+08:00][sql] SELECT COUNT(*) AS think_count FROM `user` [ RunTime:0.000993s ]
[2026-08-20T08:39:41+08:00][sql] SELECT `id`,`mobile`,`nickname`,`avatar`,`invite_code`,`pid`,`is_seller`,`is_virtual`,`seller_check`,`balance`,`freeze_balance`,`points`,`commission_rate`,`total_buy`,`total_sell`,`status`,`reg_ip`,`reg_time`,`last_login_time`,`create_time` FROM `user` ORDER BY `id` DESC LIMIT 0,15 [ RunTime:0.001097s ]
[2026-08-20T08:41:01+08:00][sql] CONNECT:[ UseTime:0.007558s ] mysql:host=127.0.0.1;port=3306;dbname=auction;charset=utf8mb4
[2026-08-20T08:41:01+08:00][sql] SHOW FULL COLUMNS FROM `message` [ RunTime:0.001494s ]
[2026-08-20T08:41:01+08:00][sql] SELECT COUNT(*) AS think_count FROM `message` `m` LEFT JOIN `user` `fu` ON `m`.`from_uid`=`fu`.`id` LEFT JOIN `user` `tu` ON `m`.`to_uid`=`tu`.`id` LEFT JOIN `goods` `g` ON `m`.`goods_id`=`g`.`id` [ RunTime:0.003370s ]
[2026-08-20T08:41:01+08:00][sql] SELECT `m`.*,fu.nickname as from_nick,fu.mobile as from_mobile,fu.shop_name as from_shop,tu.nickname as to_nick,tu.mobile as to_mobile,tu.shop_name as to_shop,g.title as goods_title FROM `message` `m` LEFT JOIN `user` `fu` ON `m`.`from_uid`=`fu`.`id` LEFT JOIN `user` `tu` ON `m`.`to_uid`=`tu`.`id` LEFT JOIN `goods` `g` ON `m`.`goods_id`=`g`.`id` ORDER BY `m`.`id` DESC LIMIT 0,15 [ RunTime:0.001033s ]
[2026-08-20T08:41:15+08:00][sql] CONNECT:[ UseTime:0.003186s ] mysql:host=127.0.0.1;port=3306;dbname=auction;charset=utf8mb4
[2026-08-20T08:41:15+08:00][sql] SHOW FULL COLUMNS FROM `goods` [ RunTime:0.001776s ]
[2026-08-20T08:41:15+08:00][sql] SELECT * FROM `goods` WHERE  `status` = 1 ORDER BY `id` DESC LIMIT 300 [ RunTime:0.000980s ]
[2026-08-20T08:41:15+08:00][sql] SHOW FULL COLUMNS FROM `bid_record` [ RunTime:0.001215s ]
[2026-08-20T08:41:15+08:00][sql] SELECT MAX(`price`) AS think_max FROM `bid_record` WHERE  `goods_id` = 36  AND `status` = 0 [ RunTime:0.000720s ]
[2026-08-20T08:41:15+08:00][sql] SELECT MAX(`price`) AS think_max FROM `bid_record` WHERE  `goods_id` = 33  AND `status` = 0 [ RunTime:0.000726s ]
[2026-08-20T08:41:15+08:00][sql] SELECT MAX(`price`) AS think_max FROM `bid_record` WHERE  `goods_id` = 30  AND `status` = 0 [ RunTime:0.001161s ]
[2026-08-20T08:41:15+08:00][sql] SHOW FULL COLUMNS FROM `user` [ RunTime:0.001340s ]
[2026-08-20T08:41:15+08:00][sql] SELECT * FROM `user` WHERE  `status` = 1 ORDER BY `id` DESC LIMIT 300 [ RunTime:0.000884s ]
[2026-08-20T08:41:15+08:00][sql] CONNECT:[ UseTime:0.002676s ] mysql:host=127.0.0.1;port=3306;dbname=auction;charset=utf8mb4
[2026-08-20T08:41:15+08:00][sql] SHOW FULL COLUMNS FROM `bid_record` [ RunTime:0.005203s ]
[2026-08-20T08:41:15+08:00][sql] SELECT COUNT(*) AS think_count FROM `bid_record` `b` LEFT JOIN `goods` `g` ON `b`.`goods_id`=`g`.`id` LEFT JOIN `user` `u` ON `b`.`user_id`=`u`.`id` [ RunTime:0.001230s ]
[2026-08-20T08:41:15+08:00][sql] SELECT `b`.*,g.title as goods_title,`u`.`mobile`,`u`.`nickname` FROM `bid_record` `b` LEFT JOIN `goods` `g` ON `b`.`goods_id`=`g`.`id` LEFT JOIN `user` `u` ON `b`.`user_id`=`u`.`id` ORDER BY `b`.`id` DESC LIMIT 0,15 [ RunTime:0.000915s ]
[2026-08-20T11:57:14+08:00][sql] CONNECT:[ UseTime:0.012532s ] mysql:host=127.0.0.1;port=3306;dbname=auction;charset=utf8mb4
[2026-08-20T11:57:14+08:00][sql] SHOW FULL COLUMNS FROM `admin_user` [ RunTime:0.005329s ]
[2026-08-20T11:57:14+08:00][sql] SELECT * FROM `admin_user` WHERE  `username` = 'admin' LIMIT 1 [ RunTime:0.001304s ]
[2026-08-20T11:57:14+08:00][sql] UPDATE `admin_user`  SET `last_login_ip` = '127.0.0.1' , `last_login_time` = 1787198234  WHERE  `id` = 1 [ RunTime:0.002729s ]
[2026-08-20T11:57:14+08:00][sql] SHOW FULL COLUMNS FROM `admin_log` [ RunTime:0.005016s ]
[2026-08-20T11:57:14+08:00][sql] INSERT INTO `admin_log` SET `admin_id` = 1 , `action` = '登录后台' , `ip` = '127.0.0.1' , `create_time` = 1787198234 [ RunTime:0.002313s ]
[2026-08-20T11:57:15+08:00][sql] CONNECT:[ UseTime:0.002098s ] mysql:host=127.0.0.1;port=3306;dbname=auction;charset=utf8mb4
[2026-08-20T11:57:15+08:00][sql] SHOW FULL COLUMNS FROM `user` [ RunTime:0.001928s ]
[2026-08-20T11:57:15+08:00][sql] SELECT COUNT(*) AS think_count FROM `user` [ RunTime:0.000661s ]
[2026-08-20T11:57:15+08:00][sql] SELECT COUNT(*) AS think_count FROM `user` WHERE  `is_seller` = 1 [ RunTime:0.000698s ]
[2026-08-20T11:57:15+08:00][sql] SHOW FULL COLUMNS FROM `goods` [ RunTime:0.001087s ]
[2026-08-20T11:57:15+08:00][sql] SELECT COUNT(*) AS think_count FROM `goods` [ RunTime:0.000471s ]
[2026-08-20T11:57:15+08:00][sql] SELECT COUNT(*) AS think_count FROM `goods` WHERE  `status` = 1  AND `end_time` > 1787198235 [ RunTime:0.001031s ]
[2026-08-20T11:57:15+08:00][sql] SHOW FULL COLUMNS FROM `order` [ RunTime:0.001318s ]
[2026-08-20T11:57:15+08:00][sql] SELECT COUNT(*) AS think_count FROM `order` [ RunTime:0.000584s ]
[2026-08-20T11:57:15+08:00][sql] SELECT COUNT(*) AS think_count FROM `order` WHERE  `pay_status` = 0  AND `order_status` = 0 [ RunTime:0.000618s ]
[2026-08-20T11:57:15+08:00][sql] SELECT COUNT(*) AS think_count FROM `goods` WHERE  `status` = 0 [ RunTime:0.000595s ]
[2026-08-20T11:57:15+08:00][sql] SELECT COUNT(*) AS think_count FROM `user` WHERE  `seller_check` = 0 [ RunTime:0.000576s ]
[2026-08-20T11:57:15+08:00][sql] SHOW FULL COLUMNS FROM `withdraw` [ RunTime:0.001194s ]
[2026-08-20T11:57:15+08:00][sql] SELECT COUNT(*) AS think_count FROM `withdraw` WHERE  `status` = 0 [ RunTime:0.000665s ]
[2026-08-20T11:57:15+08:00][sql] SELECT SUM(`price`) AS think_sum FROM `order` WHERE  `pay_status` = 1 [ RunTime:0.000571s ]
[2026-08-20T11:57:15+08:00][sql] SELECT SUM(`commission`) AS think_sum FROM `order` WHERE  `pay_status` = 1 [ RunTime:0.000490s ]
[2026-08-20T11:57:15+08:00][sql] SELECT SUM(`price`) AS think_sum FROM `order` WHERE  `pay_status` = 1  AND `pay_time` > 1787155200 [ RunTime:0.000494s ]
[2026-08-20T11:57:15+08:00][sql] SELECT * FROM `order` ORDER BY `id` DESC LIMIT 8 [ RunTime:0.000660s ]
[2026-08-20T11:57:15+08:00][sql] SHOW FULL COLUMNS FROM `bid_record` [ RunTime:0.001082s ]
[2026-08-20T11:57:15+08:00][sql] SELECT `b`.*,g.title as goods_title,`u`.`nickname`,`u`.`mobile` FROM `bid_record` `b` LEFT JOIN `goods` `g` ON `b`.`goods_id`=`g`.`id` LEFT JOIN `user` `u` ON `b`.`user_id`=`u`.`id` ORDER BY `b`.`id` DESC LIMIT 8 [ RunTime:0.000728s ]
[2026-08-20T11:57:15+08:00][sql] SELECT SUM(`price`) AS think_sum FROM `order` WHERE  `pay_time` >= 1786636800  AND `pay_time` < 1786723200 [ RunTime:0.000557s ]
[2026-08-20T11:57:15+08:00][sql] SELECT COUNT(*) AS think_count FROM `order` WHERE  `pay_time` >= 1786636800  AND `pay_time` < 1786723200 [ RunTime:0.000571s ]
[2026-08-20T11:57:15+08:00][sql] SELECT SUM(`price`) AS think_sum FROM `order` WHERE  `pay_time` >= 1786723200  AND `pay_time` < 1786809600 [ RunTime:0.000619s ]
[2026-08-20T11:57:15+08:00][sql] SELECT COUNT(*) AS think_count FROM `order` WHERE  `pay_time` >= 1786723200  AND `pay_time` < 1786809600 [ RunTime:0.000526s ]
[2026-08-20T11:57:15+08:00][sql] SELECT SUM(`price`) AS think_sum FROM `order` WHERE  `pay_time` >= 1786809600  AND `pay_time` < 1786896000 [ RunTime:0.000693s ]
[2026-08-20T11:57:15+08:00][sql] SELECT COUNT(*) AS think_count FROM `order` WHERE  `pay_time` >= 1786809600  AND `pay_time` < 1786896000 [ RunTime:0.000546s ]
[2026-08-20T11:57:15+08:00][sql] SELECT SUM(`price`) AS think_sum FROM `order` WHERE  `pay_time` >= 1786896000  AND `pay_time` < 1786982400 [ RunTime:0.000739s ]
[2026-08-20T11:57:15+08:00][sql] SELECT COUNT(*) AS think_count FROM `order` WHERE  `pay_time` >= 1786896000  AND `pay_time` < 1786982400 [ RunTime:0.000656s ]
[2026-08-20T11:57:15+08:00][sql] SELECT SUM(`price`) AS think_sum FROM `order` WHERE  `pay_time` >= 1786982400  AND `pay_time` < 1787068800 [ RunTime:0.000632s ]
[2026-08-20T11:57:15+08:00][sql] SELECT COUNT(*) AS think_count FROM `order` WHERE  `pay_time` >= 1786982400  AND `pay_time` < 1787068800 [ RunTime:0.000700s ]
[2026-08-20T11:57:15+08:00][sql] SELECT SUM(`price`) AS think_sum FROM `order` WHERE  `pay_time` >= 1787068800  AND `pay_time` < 1787155200 [ RunTime:0.000620s ]
[2026-08-20T11:57:15+08:00][sql] SELECT COUNT(*) AS think_count FROM `order` WHERE  `pay_time` >= 1787068800  AND `pay_time` < 1787155200 [ RunTime:0.000590s ]
[2026-08-20T11:57:15+08:00][sql] SELECT SUM(`price`) AS think_sum FROM `order` WHERE  `pay_time` >= 1787155200  AND `pay_time` < 1787241600 [ RunTime:0.000709s ]
[2026-08-20T11:57:15+08:00][sql] SELECT COUNT(*) AS think_count FROM `order` WHERE  `pay_time` >= 1787155200  AND `pay_time` < 1787241600 [ RunTime:0.000668s ]
[2026-08-20T11:57:19+08:00][sql] CONNECT:[ UseTime:0.002201s ] mysql:host=127.0.0.1;port=3306;dbname=auction;charset=utf8mb4
[2026-08-20T11:57:19+08:00][sql] SHOW FULL COLUMNS FROM `recharge` [ RunTime:0.004486s ]
[2026-08-20T11:57:19+08:00][sql] SELECT COUNT(*) AS think_count FROM `recharge` `r` LEFT JOIN `user` `u` ON `r`.`user_id`=`u`.`id` [ RunTime:0.000977s ]
[2026-08-20T11:57:19+08:00][sql] SELECT `r`.*,`u`.`mobile`,`u`.`nickname` FROM `recharge` `r` LEFT JOIN `user` `u` ON `r`.`user_id`=`u`.`id` ORDER BY `r`.`id` DESC LIMIT 0,15 [ RunTime:0.000813s ]
[2026-08-20T11:57:22+08:00][sql] CONNECT:[ UseTime:0.019206s ] mysql:host=127.0.0.1;port=3306;dbname=auction;charset=utf8mb4
[2026-08-20T11:57:22+08:00][sql] SHOW FULL COLUMNS FROM `withdraw` [ RunTime:0.004500s ]
[2026-08-20T11:57:22+08:00][sql] SELECT COUNT(*) AS think_count FROM `withdraw` `w` LEFT JOIN `user` `u` ON `w`.`user_id`=`u`.`id` [ RunTime:0.001111s ]
[2026-08-20T11:57:22+08:00][sql] SELECT `w`.*,`u`.`mobile`,`u`.`nickname` FROM `withdraw` `w` LEFT JOIN `user` `u` ON `w`.`user_id`=`u`.`id` ORDER BY `w`.`id` DESC LIMIT 0,15 [ RunTime:0.001024s ]
[2026-08-20T11:57:26+08:00][sql] CONNECT:[ UseTime:0.002965s ] mysql:host=127.0.0.1;port=3306;dbname=auction;charset=utf8mb4
[2026-08-20T11:57:26+08:00][sql] SHOW FULL COLUMNS FROM `withdraw` [ RunTime:0.001778s ]
[2026-08-20T11:57:26+08:00][sql] SELECT * FROM `withdraw` WHERE  `id` = 14 LIMIT 1 [ RunTime:0.000950s ]
[2026-08-20T11:57:26+08:00][sql] SHOW FULL COLUMNS FROM `user` [ RunTime:0.001562s ]
[2026-08-20T11:57:26+08:00][sql] SELECT * FROM `user` WHERE  `id` = 20 LIMIT 1 [ RunTime:0.000834s ]
[2026-08-20T11:57:26+08:00][sql] UPDATE `user`  SET `balance` = '5290' , `update_time` = 1787198246  WHERE  `id` = 20 [ RunTime:0.000787s ]
[2026-08-20T11:57:26+08:00][sql] SHOW FULL COLUMNS FROM `balance_log` [ RunTime:0.001366s ]
[2026-08-20T11:57:26+08:00][sql] INSERT INTO `balance_log` SET `user_id` = 20 , `type` = 'refund' , `amount` = '1000.00' , `balance` = '5290' , `remark` = '提现拒绝退回：1000.00元' , `create_time` = 1787198246 [ RunTime:0.000936s ]
[2026-08-20T11:57:26+08:00][sql] UPDATE `withdraw`  SET `status` = 2 , `refuse_reason` = '1222' , `handle_time` = 1787198246  WHERE  `id` = 14 [ RunTime:0.001082s ]
[2026-08-20T11:57:26+08:00][sql] SHOW FULL COLUMNS FROM `admin_log` [ RunTime:0.004722s ]
[2026-08-20T11:57:28+08:00][sql] CONNECT:[ UseTime:0.024116s ] mysql:host=127.0.0.1;port=3306;dbname=auction;charset=utf8mb4
[2026-08-20T11:57:28+08:00][sql] SHOW FULL COLUMNS FROM `withdraw` [ RunTime:0.005191s ]
[2026-08-20T11:57:28+08:00][sql] SELECT COUNT(*) AS think_count FROM `withdraw` `w` LEFT JOIN `user` `u` ON `w`.`user_id`=`u`.`id` [ RunTime:0.001363s ]
[2026-08-20T11:57:28+08:00][sql] SELECT `w`.*,`u`.`mobile`,`u`.`nickname` FROM `withdraw` `w` LEFT JOIN `user` `u` ON `w`.`user_id`=`u`.`id` ORDER BY `w`.`id` DESC LIMIT 0,15 [ RunTime:0.001283s ]
[2026-08-20T11:58:03+08:00][sql] CONNECT:[ UseTime:0.021478s ] mysql:host=127.0.0.1;port=3306;dbname=auction;charset=utf8mb4
[2026-08-20T11:58:03+08:00][sql] SHOW FULL COLUMNS FROM `withdraw` [ RunTime:0.002092s ]
[2026-08-20T11:58:03+08:00][sql] SELECT COUNT(*) AS think_count FROM `withdraw` `w` LEFT JOIN `user` `u` ON `w`.`user_id`=`u`.`id` [ RunTime:0.001068s ]
[2026-08-20T11:58:03+08:00][sql] SELECT `w`.*,`u`.`mobile`,`u`.`nickname` FROM `withdraw` `w` LEFT JOIN `user` `u` ON `w`.`user_id`=`u`.`id` ORDER BY `w`.`id` DESC LIMIT 0,15 [ RunTime:0.001042s ]
[2026-08-20T11:58:05+08:00][sql] CONNECT:[ UseTime:0.003048s ] mysql:host=127.0.0.1;port=3306;dbname=auction;charset=utf8mb4
[2026-08-20T11:58:05+08:00][sql] SHOW FULL COLUMNS FROM `user` [ RunTime:0.002350s ]
[2026-08-20T11:58:05+08:00][sql] SELECT COUNT(*) AS think_count FROM `user` [ RunTime:0.000983s ]
[2026-08-20T11:58:05+08:00][sql] SELECT `id`,`mobile`,`nickname`,`avatar`,`invite_code`,`pid`,`is_seller`,`is_virtual`,`seller_check`,`balance`,`freeze_balance`,`points`,`commission_rate`,`total_buy`,`total_sell`,`status`,`reg_ip`,`reg_time`,`last_login_time`,`create_time` FROM `user` ORDER BY `id` DESC LIMIT 0,15 [ RunTime:0.001222s ]
[2026-08-20T11:58:09+08:00][sql] CONNECT:[ UseTime:0.010418s ] mysql:host=127.0.0.1;port=3306;dbname=auction;charset=utf8mb4
[2026-08-20T11:58:09+08:00][sql] SHOW FULL COLUMNS FROM `user` [ RunTime:0.002608s ]
[2026-08-20T11:58:09+08:00][sql] SELECT * FROM `user` WHERE  `id` = 20 LIMIT 1 [ RunTime:0.001280s ]
[2026-08-20T11:58:09+08:00][sql] SHOW FULL COLUMNS FROM `goods` [ RunTime:0.001981s ]
[2026-08-20T11:58:09+08:00][sql] SELECT COUNT(*) AS think_count FROM `goods` WHERE  `seller_id` = 20  AND `status` = 2 [ RunTime:0.003384s ]
[2026-08-20T11:58:09+08:00][sql] SHOW FULL COLUMNS FROM `order` [ RunTime:0.004807s ]
[2026-08-20T11:58:09+08:00][sql] SELECT COUNT(*) AS think_count FROM `order` WHERE  `buyer_id` = 20  AND `pay_status` = 1 [ RunTime:0.000846s ]
[2026-08-20T11:58:09+08:00][sql] SHOW FULL COLUMNS FROM `bid_record` [ RunTime:0.001599s ]
[2026-08-20T11:58:09+08:00][sql] SELECT COUNT(*) AS think_count FROM `bid_record` WHERE  `user_id` = 20 [ RunTime:0.001013s ]
[2026-08-20T11:58:09+08:00][sql] SHOW FULL COLUMNS FROM `balance_log` [ RunTime:0.004083s ]
[2026-08-20T11:58:09+08:00][sql] SELECT * FROM `balance_log` WHERE  `user_id` = 20 ORDER BY `id` DESC LIMIT 20 [ RunTime:0.001044s ]
[2026-08-20T11:58:09+08:00][sql] SELECT `b`.*,g.title as goods_title FROM `bid_record` `b` LEFT JOIN `goods` `g` ON `b`.`goods_id`=`g`.`id` WHERE  `b`.`user_id` = '20' ORDER BY `b`.`id` DESC LIMIT 10 [ RunTime:0.001207s ]
[2026-08-20T11:58:09+08:00][sql] SHOW FULL COLUMNS FROM `pay_account` [ RunTime:0.001675s ]
[2026-08-20T11:58:09+08:00][sql] SELECT * FROM `pay_account` WHERE  `user_id` = 20 ORDER BY `id` DESC [ RunTime:0.001207s ]
[2026-08-20T12:01:42+08:00][sql] CONNECT:[ UseTime:0.024617s ] mysql:host=127.0.0.1;port=3306;dbname=auction;charset=utf8mb4
[2026-08-20T12:01:42+08:00][sql] SHOW FULL COLUMNS FROM `goods` [ RunTime:0.002580s ]
[2026-08-20T12:01:42+08:00][sql] SELECT COUNT(*) AS think_count FROM `goods` `g` LEFT JOIN `user` `u` ON `g`.`seller_id`=`u`.`id` WHERE  `g`.`status` = '0' [ RunTime:0.001350s ]
[2026-08-20T12:01:42+08:00][sql] SELECT `g`.*,u.mobile as seller_mobile,u.nickname as seller_name FROM `goods` `g` LEFT JOIN `user` `u` ON `g`.`seller_id`=`u`.`id` WHERE  `g`.`status` = '0' ORDER BY `g`.`id` DESC LIMIT 0,15 [ RunTime:0.001450s ]
[2026-08-20T12:01:44+08:00][sql] CONNECT:[ UseTime:0.019893s ] mysql:host=127.0.0.1;port=3306;dbname=auction;charset=utf8mb4
[2026-08-20T12:01:44+08:00][sql] SHOW FULL COLUMNS FROM `goods` [ RunTime:0.001329s ]
[2026-08-20T12:01:44+08:00][sql] SELECT * FROM `goods` WHERE  `id` = 37 LIMIT 1 [ RunTime:0.000926s ]
[2026-08-20T12:01:44+08:00][sql] UPDATE `goods`  SET `status` = 1 , `refuse_reason` = ''  WHERE  `id` = 37 [ RunTime:0.002130s ]
[2026-08-20T12:01:44+08:00][sql] SHOW FULL COLUMNS FROM `admin_log` [ RunTime:0.003808s ]
[2026-08-20T12:01:45+08:00][sql] CONNECT:[ UseTime:0.019383s ] mysql:host=127.0.0.1;port=3306;dbname=auction;charset=utf8mb4
[2026-08-20T12:01:45+08:00][sql] SHOW FULL COLUMNS FROM `goods` [ RunTime:0.002254s ]
[2026-08-20T12:01:45+08:00][sql] SELECT COUNT(*) AS think_count FROM `goods` `g` LEFT JOIN `user` `u` ON `g`.`seller_id`=`u`.`id` WHERE  `g`.`status` = '0' [ RunTime:0.001145s ]
[2026-08-20T12:01:45+08:00][sql] SELECT `g`.*,u.mobile as seller_mobile,u.nickname as seller_name FROM `goods` `g` LEFT JOIN `user` `u` ON `g`.`seller_id`=`u`.`id` WHERE  `g`.`status` = '0' ORDER BY `g`.`id` DESC LIMIT 0,15 [ RunTime:0.001228s ]
[2026-08-20T12:02:00+08:00][sql] CONNECT:[ UseTime:0.012218s ] mysql:host=127.0.0.1;port=3306;dbname=auction;charset=utf8mb4
[2026-08-20T12:02:00+08:00][sql] SHOW FULL COLUMNS FROM `goods` [ RunTime:0.002239s ]
[2026-08-20T12:02:00+08:00][sql] SELECT * FROM `goods` WHERE  `status` = 1 ORDER BY `id` DESC LIMIT 300 [ RunTime:0.001343s ]
[2026-08-20T12:02:00+08:00][sql] SHOW FULL COLUMNS FROM `bid_record` [ RunTime:0.001642s ]
[2026-08-20T12:02:00+08:00][sql] SELECT MAX(`price`) AS think_max FROM `bid_record` WHERE  `goods_id` = 37  AND `status` = 0 [ RunTime:0.001054s ]
[2026-08-20T12:02:00+08:00][sql] SELECT MAX(`price`) AS think_max FROM `bid_record` WHERE  `goods_id` = 36  AND `status` = 0 [ RunTime:0.000960s ]
[2026-08-20T12:02:00+08:00][sql] SHOW FULL COLUMNS FROM `user` [ RunTime:0.001823s ]
[2026-08-20T12:02:00+08:00][sql] SELECT * FROM `user` WHERE  `status` = 1 ORDER BY `id` DESC LIMIT 300 [ RunTime:0.001322s ]
[2026-08-20T12:02:01+08:00][sql] CONNECT:[ UseTime:0.012750s ] mysql:host=127.0.0.1;port=3306;dbname=auction;charset=utf8mb4
[2026-08-20T12:02:01+08:00][sql] SHOW FULL COLUMNS FROM `bid_record` [ RunTime:0.002169s ]
[2026-08-20T12:02:01+08:00][sql] SELECT COUNT(*) AS think_count FROM `bid_record` `b` LEFT JOIN `goods` `g` ON `b`.`goods_id`=`g`.`id` LEFT JOIN `user` `u` ON `b`.`user_id`=`u`.`id` [ RunTime:0.001738s ]
[2026-08-20T12:02:01+08:00][sql] SELECT `b`.*,g.title as goods_title,`u`.`mobile`,`u`.`nickname` FROM `bid_record` `b` LEFT JOIN `goods` `g` ON `b`.`goods_id`=`g`.`id` LEFT JOIN `user` `u` ON `b`.`user_id`=`u`.`id` ORDER BY `b`.`id` DESC LIMIT 0,15 [ RunTime:0.001388s ]
[2026-08-20T12:02:07+08:00][sql] CONNECT:[ UseTime:0.011415s ] mysql:host=127.0.0.1;port=3306;dbname=auction;charset=utf8mb4
[2026-08-20T12:02:07+08:00][sql] SHOW FULL COLUMNS FROM `goods` [ RunTime:0.002319s ]
[2026-08-20T12:02:07+08:00][sql] SELECT * FROM `goods` WHERE  `id` = 37 LIMIT 1   FOR UPDATE [ RunTime:0.001121s ]
[2026-08-20T12:02:07+08:00][sql] SHOW FULL COLUMNS FROM `user` [ RunTime:0.001658s ]
[2026-08-20T12:02:07+08:00][sql] SELECT * FROM `user` WHERE  `id` = 29 LIMIT 1 [ RunTime:0.001053s ]
[2026-08-20T12:02:07+08:00][sql] SHOW FULL COLUMNS FROM `bid_record` [ RunTime:0.001546s ]
[2026-08-20T12:02:07+08:00][sql] SELECT * FROM `bid_record` WHERE  `goods_id` = 37  AND `status` = 0 ORDER BY `price` DESC,`id` ASC LIMIT 1 [ RunTime:0.000998s ]
[2026-08-20T12:02:07+08:00][sql] INSERT INTO `bid_record` SET `goods_id` = 37 , `user_id` = 29 , `price` = '200' , `status` = 0 , `is_winner` = 0 , `deposit` = '0' , `create_time` = 1787198527 [ RunTime:0.000999s ]
[2026-08-20T12:02:07+08:00][sql] UPDATE `goods`  SET `bid_count` = bid_count + 1 , `update_time` = 1787198527  WHERE  `id` = 37 [ RunTime:0.001036s ]
[2026-08-20T12:02:07+08:00][sql] SHOW FULL COLUMNS FROM `admin_log` [ RunTime:0.002328s ]
[2026-08-20T12:02:08+08:00][sql] CONNECT:[ UseTime:0.011277s ] mysql:host=127.0.0.1;port=3306;dbname=auction;charset=utf8mb4
[2026-08-20T12:02:08+08:00][sql] SHOW FULL COLUMNS FROM `bid_record` [ RunTime:0.002295s ]
[2026-08-20T12:02:08+08:00][sql] SELECT COUNT(*) AS think_count FROM `bid_record` `b` LEFT JOIN `goods` `g` ON `b`.`goods_id`=`g`.`id` LEFT JOIN `user` `u` ON `b`.`user_id`=`u`.`id` [ RunTime:0.001344s ]
[2026-08-20T12:02:08+08:00][sql] SELECT `b`.*,g.title as goods_title,`u`.`mobile`,`u`.`nickname` FROM `bid_record` `b` LEFT JOIN `goods` `g` ON `b`.`goods_id`=`g`.`id` LEFT JOIN `user` `u` ON `b`.`user_id`=`u`.`id` ORDER BY `b`.`id` DESC LIMIT 0,15 [ RunTime:0.001184s ]
[2026-08-20T12:02:19+08:00][sql] CONNECT:[ UseTime:0.001692s ] mysql:host=127.0.0.1;port=3306;dbname=auction;charset=utf8mb4
[2026-08-20T12:02:19+08:00][sql] SHOW FULL COLUMNS FROM `user` [ RunTime:0.001167s ]
[2026-08-20T12:02:19+08:00][sql] SELECT COUNT(*) AS think_count FROM `user` [ RunTime:0.000513s ]
[2026-08-20T12:02:19+08:00][sql] SELECT `id`,`mobile`,`nickname`,`avatar`,`invite_code`,`pid`,`is_seller`,`is_virtual`,`seller_check`,`balance`,`freeze_balance`,`points`,`commission_rate`,`total_buy`,`total_sell`,`status`,`reg_ip`,`reg_time`,`last_login_time`,`create_time` FROM `user` ORDER BY `id` DESC LIMIT 0,15 [ RunTime:0.000773s ]
[2026-08-20T12:02:26+08:00][sql] CONNECT:[ UseTime:0.017872s ] mysql:host=127.0.0.1;port=3306;dbname=auction;charset=utf8mb4
[2026-08-20T12:02:26+08:00][sql] SHOW FULL COLUMNS FROM `goods` [ RunTime:0.002604s ]
[2026-08-20T12:02:26+08:00][sql] SELECT * FROM `goods` WHERE  `status` = 1 ORDER BY `id` DESC LIMIT 300 [ RunTime:0.001417s ]
[2026-08-20T12:02:26+08:00][sql] SHOW FULL COLUMNS FROM `bid_record` [ RunTime:0.001768s ]
[2026-08-20T12:02:26+08:00][sql] SELECT MAX(`price`) AS think_max FROM `bid_record` WHERE  `goods_id` = 37  AND `status` = 0 [ RunTime:0.001022s ]
[2026-08-20T12:02:26+08:00][sql] SELECT MAX(`price`) AS think_max FROM `bid_record` WHERE  `goods_id` = 36  AND `status` = 0 [ RunTime:0.001043s ]
[2026-08-20T12:02:26+08:00][sql] SHOW FULL COLUMNS FROM `user` [ RunTime:0.002210s ]
[2026-08-20T12:02:26+08:00][sql] SELECT * FROM `user` WHERE  `status` = 1 ORDER BY `id` DESC LIMIT 300 [ RunTime:0.001296s ]
[2026-08-20T12:02:26+08:00][sql] CONNECT:[ UseTime:0.003033s ] mysql:host=127.0.0.1;port=3306;dbname=auction;charset=utf8mb4
[2026-08-20T12:02:26+08:00][sql] SHOW FULL COLUMNS FROM `bid_record` [ RunTime:0.002132s ]
[2026-08-20T12:02:26+08:00][sql] SELECT COUNT(*) AS think_count FROM `bid_record` `b` LEFT JOIN `goods` `g` ON `b`.`goods_id`=`g`.`id` LEFT JOIN `user` `u` ON `b`.`user_id`=`u`.`id` [ RunTime:0.001861s ]
[2026-08-20T12:02:26+08:00][sql] SELECT `b`.*,g.title as goods_title,`u`.`mobile`,`u`.`nickname` FROM `bid_record` `b` LEFT JOIN `goods` `g` ON `b`.`goods_id`=`g`.`id` LEFT JOIN `user` `u` ON `b`.`user_id`=`u`.`id` ORDER BY `b`.`id` DESC LIMIT 0,15 [ RunTime:0.000865s ]
[2026-08-20T12:02:34+08:00][sql] CONNECT:[ UseTime:0.007813s ] mysql:host=127.0.0.1;port=3306;dbname=auction;charset=utf8mb4
[2026-08-20T12:02:34+08:00][sql] SHOW FULL COLUMNS FROM `goods` [ RunTime:0.001815s ]
[2026-08-20T12:02:34+08:00][sql] SELECT * FROM `goods` WHERE  `id` = 37 LIMIT 1   FOR UPDATE [ RunTime:0.001016s ]
[2026-08-20T12:02:34+08:00][sql] SHOW FULL COLUMNS FROM `user` [ RunTime:0.002001s ]
[2026-08-20T12:02:34+08:00][sql] SELECT * FROM `user` WHERE  `id` = 28 LIMIT 1 [ RunTime:0.001223s ]
[2026-08-20T12:02:34+08:00][sql] SHOW FULL COLUMNS FROM `bid_record` [ RunTime:0.001934s ]
[2026-08-20T12:02:34+08:00][sql] SELECT * FROM `bid_record` WHERE  `goods_id` = 37  AND `status` = 0 ORDER BY `price` DESC,`id` ASC LIMIT 1 [ RunTime:0.001235s ]
[2026-08-20T12:02:34+08:00][sql] INSERT INTO `bid_record` SET `goods_id` = 37 , `user_id` = 28 , `price` = '300' , `status` = 0 , `is_winner` = 0 , `deposit` = '0' , `create_time` = 1787198554 [ RunTime:0.001165s ]
[2026-08-20T12:02:34+08:00][sql] UPDATE `goods`  SET `bid_count` = bid_count + 1 , `update_time` = 1787198554  WHERE  `id` = 37 [ RunTime:0.001091s ]
[2026-08-20T12:02:34+08:00][sql] SHOW FULL COLUMNS FROM `sys_message` [ RunTime:0.004259s ]
[2026-08-20T12:02:34+08:00][sql] INSERT INTO `sys_message` SET `user_id` = 29 , `admin_id` = 0 , `title` = '竞拍出局通知' , `content` = '您出价竞拍的「测试测试」已出局：您的出价 ¥200.00 于 2026-08-20 12:02:34 被 ¥300.00 超过，当前最高价 ¥300.00。如需继续竞拍，请再次出价。' , `is_read` = 0 , `create_time` = 1787198554 [ RunTime:0.000972s ]
[2026-08-20T12:02:34+08:00][sql] SHOW FULL COLUMNS FROM `admin_log` [ RunTime:0.001846s ]
[2026-08-20T12:02:35+08:00][sql] CONNECT:[ UseTime:0.002925s ] mysql:host=127.0.0.1;port=3306;dbname=auction;charset=utf8mb4
[2026-08-20T12:02:35+08:00][sql] SHOW FULL COLUMNS FROM `bid_record` [ RunTime:0.002520s ]
[2026-08-20T12:02:35+08:00][sql] SELECT COUNT(*) AS think_count FROM `bid_record` `b` LEFT JOIN `goods` `g` ON `b`.`goods_id`=`g`.`id` LEFT JOIN `user` `u` ON `b`.`user_id`=`u`.`id` [ RunTime:0.001624s ]
[2026-08-20T12:02:35+08:00][sql] SELECT `b`.*,g.title as goods_title,`u`.`mobile`,`u`.`nickname` FROM `bid_record` `b` LEFT JOIN `goods` `g` ON `b`.`goods_id`=`g`.`id` LEFT JOIN `user` `u` ON `b`.`user_id`=`u`.`id` ORDER BY `b`.`id` DESC LIMIT 0,15 [ RunTime:0.001500s ]
[2026-08-20T12:02:51+08:00][sql] CONNECT:[ UseTime:0.017812s ] mysql:host=127.0.0.1;port=3306;dbname=auction;charset=utf8mb4
[2026-08-20T12:02:51+08:00][sql] SHOW FULL COLUMNS FROM `user` [ RunTime:0.002726s ]
[2026-08-20T12:02:51+08:00][sql] SELECT COUNT(*) AS think_count FROM `user` [ RunTime:0.001622s ]
[2026-08-20T12:02:51+08:00][sql] SELECT `id`,`mobile`,`nickname`,`avatar`,`invite_code`,`pid`,`is_seller`,`is_virtual`,`seller_check`,`balance`,`freeze_balance`,`points`,`commission_rate`,`total_buy`,`total_sell`,`status`,`reg_ip`,`reg_time`,`last_login_time`,`create_time` FROM `user` ORDER BY `id` DESC LIMIT 0,15 [ RunTime:0.001671s ]
[2026-08-20T12:04:08+08:00][sql] CONNECT:[ UseTime:0.001890s ] mysql:host=127.0.0.1;port=3306;dbname=auction;charset=utf8mb4
[2026-08-20T12:04:08+08:00][sql] SHOW FULL COLUMNS FROM `user` [ RunTime:0.002396s ]
[2026-08-20T12:04:08+08:00][sql] SELECT COUNT(*) AS think_count FROM `user` [ RunTime:0.000680s ]
[2026-08-20T12:04:08+08:00][sql] SELECT `id`,`mobile`,`nickname`,`avatar`,`invite_code`,`pid`,`is_seller`,`is_virtual`,`seller_check`,`balance`,`freeze_balance`,`points`,`commission_rate`,`total_buy`,`total_sell`,`status`,`reg_ip`,`reg_time`,`last_login_time`,`create_time` FROM `user` ORDER BY `id` DESC LIMIT 0,15 [ RunTime:0.000806s ]
[2026-08-20T12:23:19+08:00][sql] CONNECT:[ UseTime:0.001820s ] mysql:host=127.0.0.1;port=3306;dbname=auction;charset=utf8mb4
[2026-08-20T12:23:19+08:00][sql] SHOW FULL COLUMNS FROM `admin_user` [ RunTime:0.002112s ]
[2026-08-20T12:23:19+08:00][sql] SELECT * FROM `admin_user` WHERE  `username` = 'admin' LIMIT 1 [ RunTime:0.001472s ]
[2026-08-20T12:23:19+08:00][sql] UPDATE `admin_user`  SET `last_login_ip` = '103.151.172.28' , `last_login_time` = 1787199799  WHERE  `id` = 1 [ RunTime:0.007168s ]
[2026-08-20T12:23:19+08:00][sql] SHOW FULL COLUMNS FROM `admin_log` [ RunTime:0.001670s ]
[2026-08-20T12:23:19+08:00][sql] INSERT INTO `admin_log` SET `admin_id` = 1 , `action` = '登录后台' , `ip` = '103.151.172.28' , `create_time` = 1787199799 [ RunTime:0.005932s ]
[2026-08-20T12:23:20+08:00][sql] CONNECT:[ UseTime:0.001451s ] mysql:host=127.0.0.1;port=3306;dbname=auction;charset=utf8mb4
[2026-08-20T12:23:20+08:00][sql] SHOW FULL COLUMNS FROM `user` [ RunTime:0.002481s ]
[2026-08-20T12:23:20+08:00][sql] SELECT COUNT(*) AS think_count FROM `user` [ RunTime:0.000926s ]
[2026-08-20T12:23:20+08:00][sql] SELECT COUNT(*) AS think_count FROM `user` WHERE  `is_seller` = 1 [ RunTime:0.000947s ]
[2026-08-20T12:23:20+08:00][sql] SHOW FULL COLUMNS FROM `goods` [ RunTime:0.001886s ]
[2026-08-20T12:23:20+08:00][sql] SELECT COUNT(*) AS think_count FROM `goods` [ RunTime:0.001030s ]
[2026-08-20T12:23:20+08:00][sql] SELECT COUNT(*) AS think_count FROM `goods` WHERE  `status` = 1  AND `end_time` > 1787199799 [ RunTime:0.001069s ]
[2026-08-20T12:23:20+08:00][sql] SHOW FULL COLUMNS FROM `order` [ RunTime:0.001905s ]
[2026-08-20T12:23:20+08:00][sql] SELECT COUNT(*) AS think_count FROM `order` [ RunTime:0.000902s ]
[2026-08-20T12:23:20+08:00][sql] SELECT COUNT(*) AS think_count FROM `order` WHERE  `pay_status` = 0  AND `order_status` = 0 [ RunTime:0.000915s ]
[2026-08-20T12:23:20+08:00][sql] SELECT COUNT(*) AS think_count FROM `goods` WHERE  `status` = 0 [ RunTime:0.000816s ]
[2026-08-20T12:23:20+08:00][sql] SELECT COUNT(*) AS think_count FROM `user` WHERE  `seller_check` = 0 [ RunTime:0.000892s ]
[2026-08-20T12:23:20+08:00][sql] SHOW FULL COLUMNS FROM `withdraw` [ RunTime:0.001587s ]
[2026-08-20T12:23:20+08:00][sql] SELECT COUNT(*) AS think_count FROM `withdraw` WHERE  `status` = 0 [ RunTime:0.000886s ]
[2026-08-20T12:23:20+08:00][sql] SELECT SUM(`price`) AS think_sum FROM `order` WHERE  `pay_status` = 1 [ RunTime:0.000772s ]
[2026-08-20T12:23:20+08:00][sql] SELECT SUM(`commission`) AS think_sum FROM `order` WHERE  `pay_status` = 1 [ RunTime:0.000727s ]
[2026-08-20T12:23:20+08:00][sql] SELECT SUM(`price`) AS think_sum FROM `order` WHERE  `pay_status` = 1  AND `pay_time` > 1787155200 [ RunTime:0.000799s ]
[2026-08-20T12:23:20+08:00][sql] SELECT * FROM `order` ORDER BY `id` DESC LIMIT 8 [ RunTime:0.000980s ]
[2026-08-20T12:23:20+08:00][sql] SHOW FULL COLUMNS FROM `bid_record` [ RunTime:0.001658s ]
[2026-08-20T12:23:20+08:00][sql] SELECT `b`.*,g.title as goods_title,`u`.`nickname`,`u`.`mobile` FROM `bid_record` `b` LEFT JOIN `goods` `g` ON `b`.`goods_id`=`g`.`id` LEFT JOIN `user` `u` ON `b`.`user_id`=`u`.`id` ORDER BY `b`.`id` DESC LIMIT 8 [ RunTime:0.001206s ]
[2026-08-20T12:23:20+08:00][sql] SELECT SUM(`price`) AS think_sum FROM `order` WHERE  `pay_time` >= 1786636800  AND `pay_time` < 1786723200 [ RunTime:0.000990s ]
[2026-08-20T12:23:20+08:00][sql] SELECT COUNT(*) AS think_count FROM `order` WHERE  `pay_time` >= 1786636800  AND `pay_time` < 1786723200 [ RunTime:0.000914s ]
[2026-08-20T12:23:20+08:00][sql] SELECT SUM(`price`) AS think_sum FROM `order` WHERE  `pay_time` >= 1786723200  AND `pay_time` < 1786809600 [ RunTime:0.000769s ]
[2026-08-20T12:23:20+08:00][sql] SELECT COUNT(*) AS think_count FROM `order` WHERE  `pay_time` >= 1786723200  AND `pay_time` < 1786809600 [ RunTime:0.000723s ]
[2026-08-20T12:23:20+08:00][sql] SELECT SUM(`price`) AS think_sum FROM `order` WHERE  `pay_time` >= 1786809600  AND `pay_time` < 1786896000 [ RunTime:0.000834s ]
[2026-08-20T12:23:20+08:00][sql] SELECT COUNT(*) AS think_count FROM `order` WHERE  `pay_time` >= 1786809600  AND `pay_time` < 1786896000 [ RunTime:0.000649s ]
[2026-08-20T12:23:20+08:00][sql] SELECT SUM(`price`) AS think_sum FROM `order` WHERE  `pay_time` >= 1786896000  AND `pay_time` < 1786982400 [ RunTime:0.000859s ]
[2026-08-20T12:23:20+08:00][sql] SELECT COUNT(*) AS think_count FROM `order` WHERE  `pay_time` >= 1786896000  AND `pay_time` < 1786982400 [ RunTime:0.000930s ]
[2026-08-20T12:23:20+08:00][sql] SELECT SUM(`price`) AS think_sum FROM `order` WHERE  `pay_time` >= 1786982400  AND `pay_time` < 1787068800 [ RunTime:0.000890s ]
[2026-08-20T12:23:20+08:00][sql] SELECT COUNT(*) AS think_count FROM `order` WHERE  `pay_time` >= 1786982400  AND `pay_time` < 1787068800 [ RunTime:0.000866s ]
[2026-08-20T12:23:20+08:00][sql] SELECT SUM(`price`) AS think_sum FROM `order` WHERE  `pay_time` >= 1787068800  AND `pay_time` < 1787155200 [ RunTime:0.000783s ]
[2026-08-20T12:23:20+08:00][sql] SELECT COUNT(*) AS think_count FROM `order` WHERE  `pay_time` >= 1787068800  AND `pay_time` < 1787155200 [ RunTime:0.000945s ]
[2026-08-20T12:23:20+08:00][sql] SELECT SUM(`price`) AS think_sum FROM `order` WHERE  `pay_time` >= 1787155200  AND `pay_time` < 1787241600 [ RunTime:0.000758s ]
[2026-08-20T12:23:20+08:00][sql] SELECT COUNT(*) AS think_count FROM `order` WHERE  `pay_time` >= 1787155200  AND `pay_time` < 1787241600 [ RunTime:0.000788s ]
[2026-08-20T12:23:23+08:00][sql] CONNECT:[ UseTime:0.001675s ] mysql:host=127.0.0.1;port=3306;dbname=auction;charset=utf8mb4
[2026-08-20T12:23:23+08:00][sql] SHOW FULL COLUMNS FROM `user` [ RunTime:0.002476s ]
[2026-08-20T12:23:23+08:00][sql] SELECT COUNT(*) AS think_count FROM `user` [ RunTime:0.001459s ]
[2026-08-20T12:23:23+08:00][sql] SELECT `id`,`mobile`,`nickname`,`avatar`,`invite_code`,`pid`,`is_seller`,`is_virtual`,`seller_check`,`balance`,`freeze_balance`,`points`,`commission_rate`,`total_buy`,`total_sell`,`status`,`reg_ip`,`reg_time`,`last_login_time`,`create_time` FROM `user` ORDER BY `id` DESC LIMIT 0,15 [ RunTime:0.001349s ]
[2026-08-20T12:24:47+08:00][sql] CONNECT:[ UseTime:0.001669s ] mysql:host=127.0.0.1;port=3306;dbname=auction;charset=utf8mb4
[2026-08-20T12:24:47+08:00][sql] SHOW FULL COLUMNS FROM `user` [ RunTime:0.002525s ]
[2026-08-20T12:24:47+08:00][sql] SELECT COUNT(*) AS think_count FROM `user` [ RunTime:0.001029s ]
[2026-08-20T12:24:47+08:00][sql] SELECT `id`,`mobile`,`nickname`,`avatar`,`invite_code`,`pid`,`is_seller`,`is_virtual`,`seller_check`,`balance`,`freeze_balance`,`points`,`commission_rate`,`total_buy`,`total_sell`,`status`,`reg_ip`,`reg_time`,`last_login_time`,`create_time` FROM `user` ORDER BY `id` DESC LIMIT 0,15 [ RunTime:0.001314s ]
[2026-08-20T12:24:49+08:00][sql] CONNECT:[ UseTime:0.001391s ] mysql:host=127.0.0.1;port=3306;dbname=auction;charset=utf8mb4
[2026-08-20T12:24:49+08:00][sql] SHOW FULL COLUMNS FROM `user` [ RunTime:0.003087s ]
[2026-08-20T12:24:49+08:00][sql] SELECT COUNT(*) AS think_count FROM `user` [ RunTime:0.001161s ]
[2026-08-20T12:24:49+08:00][sql] SELECT `id`,`mobile`,`nickname`,`avatar`,`invite_code`,`pid`,`is_seller`,`is_virtual`,`seller_check`,`balance`,`freeze_balance`,`points`,`commission_rate`,`total_buy`,`total_sell`,`status`,`reg_ip`,`reg_time`,`last_login_time`,`create_time` FROM `user` ORDER BY `id` DESC LIMIT 0,15 [ RunTime:0.001377s ]
[2026-08-20T12:24:51+08:00][sql] CONNECT:[ UseTime:0.001482s ] mysql:host=127.0.0.1;port=3306;dbname=auction;charset=utf8mb4
[2026-08-20T12:24:51+08:00][sql] SHOW FULL COLUMNS FROM `user` [ RunTime:0.003302s ]
[2026-08-20T12:24:51+08:00][sql] SELECT COUNT(*) AS think_count FROM `user` [ RunTime:0.001025s ]
[2026-08-20T12:24:51+08:00][sql] SELECT `id`,`mobile`,`nickname`,`avatar`,`invite_code`,`pid`,`is_seller`,`is_virtual`,`seller_check`,`balance`,`freeze_balance`,`points`,`commission_rate`,`total_buy`,`total_sell`,`status`,`reg_ip`,`reg_time`,`last_login_time`,`create_time` FROM `user` ORDER BY `id` DESC LIMIT 0,15 [ RunTime:0.001251s ]
[2026-08-20T12:25:17+08:00][sql] CONNECT:[ UseTime:0.001455s ] mysql:host=127.0.0.1;port=3306;dbname=auction;charset=utf8mb4
[2026-08-20T12:25:17+08:00][sql] SHOW FULL COLUMNS FROM `user` [ RunTime:0.002086s ]
[2026-08-20T12:25:17+08:00][sql] SELECT COUNT(*) AS think_count FROM `user` [ RunTime:0.000993s ]
[2026-08-20T12:25:17+08:00][sql] SELECT `id`,`mobile`,`nickname`,`avatar`,`invite_code`,`pid`,`is_seller`,`is_virtual`,`seller_check`,`balance`,`freeze_balance`,`points`,`commission_rate`,`total_buy`,`total_sell`,`status`,`reg_ip`,`reg_time`,`last_login_time`,`create_time` FROM `user` ORDER BY `id` DESC LIMIT 0,15 [ RunTime:0.001065s ]
[2026-08-20T13:10:54+08:00][sql] CONNECT:[ UseTime:0.001535s ] mysql:host=127.0.0.1;port=3306;dbname=auction;charset=utf8mb4
[2026-08-20T13:10:54+08:00][sql] SHOW FULL COLUMNS FROM `admin_user` [ RunTime:0.001833s ]
[2026-08-20T13:10:54+08:00][sql] SELECT * FROM `admin_user` WHERE  `username` = 'admin' LIMIT 1 [ RunTime:0.001081s ]
[2026-08-20T13:10:54+08:00][sql] UPDATE `admin_user`  SET `last_login_ip` = '171.220.186.158' , `last_login_time` = 1787202654  WHERE  `id` = 1 [ RunTime:0.006647s ]
[2026-08-20T13:10:54+08:00][sql] SHOW FULL COLUMNS FROM `admin_log` [ RunTime:0.001536s ]
[2026-08-20T13:10:54+08:00][sql] INSERT INTO `admin_log` SET `admin_id` = 1 , `action` = '登录后台' , `ip` = '171.220.186.158' , `create_time` = 1787202654 [ RunTime:0.005651s ]
[2026-08-20T13:10:55+08:00][sql] CONNECT:[ UseTime:0.001264s ] mysql:host=127.0.0.1;port=3306;dbname=auction;charset=utf8mb4
[2026-08-20T13:10:55+08:00][sql] SHOW FULL COLUMNS FROM `user` [ RunTime:0.002404s ]
[2026-08-20T13:10:55+08:00][sql] SELECT COUNT(*) AS think_count FROM `user` [ RunTime:0.001126s ]
[2026-08-20T13:10:55+08:00][sql] SELECT COUNT(*) AS think_count FROM `user` WHERE  `is_seller` = 1 [ RunTime:0.001057s ]
[2026-08-20T13:10:55+08:00][sql] SHOW FULL COLUMNS FROM `goods` [ RunTime:0.001790s ]
[2026-08-20T13:10:55+08:00][sql] SELECT COUNT(*) AS think_count FROM `goods` [ RunTime:0.000968s ]
[2026-08-20T13:10:55+08:00][sql] SELECT COUNT(*) AS think_count FROM `goods` WHERE  `status` = 1  AND `end_time` > 1787202655 [ RunTime:0.000955s ]
[2026-08-20T13:10:55+08:00][sql] SHOW FULL COLUMNS FROM `order` [ RunTime:0.001589s ]
[2026-08-20T13:10:55+08:00][sql] SELECT COUNT(*) AS think_count FROM `order` [ RunTime:0.000904s ]
[2026-08-20T13:10:55+08:00][sql] SELECT COUNT(*) AS think_count FROM `order` WHERE  `pay_status` = 0  AND `order_status` = 0 [ RunTime:0.000898s ]
[2026-08-20T13:10:55+08:00][sql] SELECT COUNT(*) AS think_count FROM `goods` WHERE  `status` = 0 [ RunTime:0.000758s ]
[2026-08-20T13:10:55+08:00][sql] SELECT COUNT(*) AS think_count FROM `user` WHERE  `seller_check` = 0 [ RunTime:0.000837s ]
[2026-08-20T13:10:55+08:00][sql] SHOW FULL COLUMNS FROM `withdraw` [ RunTime:0.001447s ]
[2026-08-20T13:10:55+08:00][sql] SELECT COUNT(*) AS think_count FROM `withdraw` WHERE  `status` = 0 [ RunTime:0.000868s ]
[2026-08-20T13:10:55+08:00][sql] SELECT SUM(`price`) AS think_sum FROM `order` WHERE  `pay_status` = 1 [ RunTime:0.000933s ]
[2026-08-20T13:10:55+08:00][sql] SELECT SUM(`commission`) AS think_sum FROM `order` WHERE  `pay_status` = 1 [ RunTime:0.000947s ]
[2026-08-20T13:10:55+08:00][sql] SELECT SUM(`price`) AS think_sum FROM `order` WHERE  `pay_status` = 1  AND `pay_time` > 1787155200 [ RunTime:0.000778s ]
[2026-08-20T13:10:55+08:00][sql] SELECT * FROM `order` ORDER BY `id` DESC LIMIT 8 [ RunTime:0.001059s ]
[2026-08-20T13:10:55+08:00][sql] SHOW FULL COLUMNS FROM `bid_record` [ RunTime:0.001606s ]
[2026-08-20T13:10:55+08:00][sql] SELECT `b`.*,g.title as goods_title,`u`.`nickname`,`u`.`mobile` FROM `bid_record` `b` LEFT JOIN `goods` `g` ON `b`.`goods_id`=`g`.`id` LEFT JOIN `user` `u` ON `b`.`user_id`=`u`.`id` ORDER BY `b`.`id` DESC LIMIT 8 [ RunTime:0.001230s ]
[2026-08-20T13:10:55+08:00][sql] SELECT SUM(`price`) AS think_sum FROM `order` WHERE  `pay_time` >= 1786636800  AND `pay_time` < 1786723200 [ RunTime:0.001015s ]
[2026-08-20T13:10:55+08:00][sql] SELECT COUNT(*) AS think_count FROM `order` WHERE  `pay_time` >= 1786636800  AND `pay_time` < 1786723200 [ RunTime:0.000915s ]
[2026-08-20T13:10:55+08:00][sql] SELECT SUM(`price`) AS think_sum FROM `order` WHERE  `pay_time` >= 1786723200  AND `pay_time` < 1786809600 [ RunTime:0.000823s ]
[2026-08-20T13:10:55+08:00][sql] SELECT COUNT(*) AS think_count FROM `order` WHERE  `pay_time` >= 1786723200  AND `pay_time` < 1786809600 [ RunTime:0.000968s ]
[2026-08-20T13:10:55+08:00][sql] SELECT SUM(`price`) AS think_sum FROM `order` WHERE  `pay_time` >= 1786809600  AND `pay_time` < 1786896000 [ RunTime:0.000824s ]
[2026-08-20T13:10:55+08:00][sql] SELECT COUNT(*) AS think_count FROM `order` WHERE  `pay_time` >= 1786809600  AND `pay_time` < 1786896000 [ RunTime:0.000849s ]
[2026-08-20T13:10:55+08:00][sql] SELECT SUM(`price`) AS think_sum FROM `order` WHERE  `pay_time` >= 1786896000  AND `pay_time` < 1786982400 [ RunTime:0.000726s ]
[2026-08-20T13:10:55+08:00][sql] SELECT COUNT(*) AS think_count FROM `order` WHERE  `pay_time` >= 1786896000  AND `pay_time` < 1786982400 [ RunTime:0.000812s ]
[2026-08-20T13:10:55+08:00][sql] SELECT SUM(`price`) AS think_sum FROM `order` WHERE  `pay_time` >= 1786982400  AND `pay_time` < 1787068800 [ RunTime:0.000811s ]
[2026-08-20T13:10:55+08:00][sql] SELECT COUNT(*) AS think_count FROM `order` WHERE  `pay_time` >= 1786982400  AND `pay_time` < 1787068800 [ RunTime:0.001041s ]
[2026-08-20T13:10:55+08:00][sql] SELECT SUM(`price`) AS think_sum FROM `order` WHERE  `pay_time` >= 1787068800  AND `pay_time` < 1787155200 [ RunTime:0.000920s ]
[2026-08-20T13:10:55+08:00][sql] SELECT COUNT(*) AS think_count FROM `order` WHERE  `pay_time` >= 1787068800  AND `pay_time` < 1787155200 [ RunTime:0.000824s ]
[2026-08-20T13:10:55+08:00][sql] SELECT SUM(`price`) AS think_sum FROM `order` WHERE  `pay_time` >= 1787155200  AND `pay_time` < 1787241600 [ RunTime:0.000973s ]
[2026-08-20T13:10:55+08:00][sql] SELECT COUNT(*) AS think_count FROM `order` WHERE  `pay_time` >= 1787155200  AND `pay_time` < 1787241600 [ RunTime:0.000815s ]
[2026-08-20T13:11:01+08:00][sql] CONNECT:[ UseTime:0.001593s ] mysql:host=127.0.0.1;port=3306;dbname=auction;charset=utf8mb4
[2026-08-20T13:11:01+08:00][sql] SHOW FULL COLUMNS FROM `admin_user` [ RunTime:0.002234s ]
[2026-08-20T13:11:01+08:00][sql] SELECT * FROM `admin_user` WHERE  `username` = 'admin' LIMIT 1 [ RunTime:0.001214s ]
[2026-08-20T13:11:01+08:00][sql] UPDATE `admin_user`  SET `last_login_ip` = '182.239.114.28' , `last_login_time` = 1787202661  WHERE  `id` = 1 [ RunTime:0.009568s ]
[2026-08-20T13:11:01+08:00][sql] SHOW FULL COLUMNS FROM `admin_log` [ RunTime:0.001817s ]
[2026-08-20T13:11:01+08:00][sql] INSERT INTO `admin_log` SET `admin_id` = 1 , `action` = '登录后台' , `ip` = '182.239.114.28' , `create_time` = 1787202661 [ RunTime:0.005785s ]
[2026-08-20T13:11:02+08:00][sql] CONNECT:[ UseTime:0.001385s ] mysql:host=127.0.0.1;port=3306;dbname=auction;charset=utf8mb4
[2026-08-20T13:11:02+08:00][sql] SHOW FULL COLUMNS FROM `user` [ RunTime:0.002435s ]
[2026-08-20T13:11:02+08:00][sql] SELECT COUNT(*) AS think_count FROM `user` [ RunTime:0.001148s ]
[2026-08-20T13:11:02+08:00][sql] SELECT COUNT(*) AS think_count FROM `user` WHERE  `is_seller` = 1 [ RunTime:0.001132s ]
[2026-08-20T13:11:02+08:00][sql] SHOW FULL COLUMNS FROM `goods` [ RunTime:0.001787s ]
[2026-08-20T13:11:02+08:00][sql] SELECT COUNT(*) AS think_count FROM `goods` [ RunTime:0.000987s ]
[2026-08-20T13:11:02+08:00][sql] SELECT COUNT(*) AS think_count FROM `goods` WHERE  `status` = 1  AND `end_time` > 1787202662 [ RunTime:0.001194s ]
[2026-08-20T13:11:02+08:00][sql] SHOW FULL COLUMNS FROM `order` [ RunTime:0.001783s ]
[2026-08-20T13:11:02+08:00][sql] SELECT COUNT(*) AS think_count FROM `order` [ RunTime:0.000784s ]
[2026-08-20T13:11:02+08:00][sql] SELECT COUNT(*) AS think_count FROM `order` WHERE  `pay_status` = 0  AND `order_status` = 0 [ RunTime:0.000953s ]
[2026-08-20T13:11:02+08:00][sql] SELECT COUNT(*) AS think_count FROM `goods` WHERE  `status` = 0 [ RunTime:0.000992s ]
[2026-08-20T13:11:02+08:00][sql] SELECT COUNT(*) AS think_count FROM `user` WHERE  `seller_check` = 0 [ RunTime:0.000784s ]
[2026-08-20T13:11:02+08:00][sql] SHOW FULL COLUMNS FROM `withdraw` [ RunTime:0.001514s ]
[2026-08-20T13:11:02+08:00][sql] SELECT COUNT(*) AS think_count FROM `withdraw` WHERE  `status` = 0 [ RunTime:0.000980s ]
[2026-08-20T13:11:02+08:00][sql] SELECT SUM(`price`) AS think_sum FROM `order` WHERE  `pay_status` = 1 [ RunTime:0.000824s ]
[2026-08-20T13:11:02+08:00][sql] SELECT SUM(`commission`) AS think_sum FROM `order` WHERE  `pay_status` = 1 [ RunTime:0.000776s ]
[2026-08-20T13:11:02+08:00][sql] SELECT SUM(`price`) AS think_sum FROM `order` WHERE  `pay_status` = 1  AND `pay_time` > 1787155200 [ RunTime:0.000917s ]
[2026-08-20T13:11:02+08:00][sql] SELECT * FROM `order` ORDER BY `id` DESC LIMIT 8 [ RunTime:0.001153s ]
[2026-08-20T13:11:02+08:00][sql] SHOW FULL COLUMNS FROM `bid_record` [ RunTime:0.001500s ]
[2026-08-20T13:11:02+08:00][sql] SELECT `b`.*,g.title as goods_title,`u`.`nickname`,`u`.`mobile` FROM `bid_record` `b` LEFT JOIN `goods` `g` ON `b`.`goods_id`=`g`.`id` LEFT JOIN `user` `u` ON `b`.`user_id`=`u`.`id` ORDER BY `b`.`id` DESC LIMIT 8 [ RunTime:0.001251s ]
[2026-08-20T13:11:02+08:00][sql] SELECT SUM(`price`) AS think_sum FROM `order` WHERE  `pay_time` >= 1786636800  AND `pay_time` < 1786723200 [ RunTime:0.000966s ]
[2026-08-20T13:11:02+08:00][sql] SELECT COUNT(*) AS think_count FROM `order` WHERE  `pay_time` >= 1786636800  AND `pay_time` < 1786723200 [ RunTime:0.000851s ]
[2026-08-20T13:11:02+08:00][sql] SELECT SUM(`price`) AS think_sum FROM `order` WHERE  `pay_time` >= 1786723200  AND `pay_time` < 1786809600 [ RunTime:0.000809s ]
[2026-08-20T13:11:02+08:00][sql] SELECT COUNT(*) AS think_count FROM `order` WHERE  `pay_time` >= 1786723200  AND `pay_time` < 1786809600 [ RunTime:0.000941s ]
[2026-08-20T13:11:02+08:00][sql] SELECT SUM(`price`) AS think_sum FROM `order` WHERE  `pay_time` >= 1786809600  AND `pay_time` < 1786896000 [ RunTime:0.000915s ]
[2026-08-20T13:11:02+08:00][sql] SELECT COUNT(*) AS think_count FROM `order` WHERE  `pay_time` >= 1786809600  AND `pay_time` < 1786896000 [ RunTime:0.000706s ]
[2026-08-20T13:11:02+08:00][sql] SELECT SUM(`price`) AS think_sum FROM `order` WHERE  `pay_time` >= 1786896000  AND `pay_time` < 1786982400 [ RunTime:0.000703s ]
[2026-08-20T13:11:02+08:00][sql] SELECT COUNT(*) AS think_count FROM `order` WHERE  `pay_time` >= 1786896000  AND `pay_time` < 1786982400 [ RunTime:0.000638s ]
[2026-08-20T13:11:02+08:00][sql] SELECT SUM(`price`) AS think_sum FROM `order` WHERE  `pay_time` >= 1786982400  AND `pay_time` < 1787068800 [ RunTime:0.000916s ]
[2026-08-20T13:11:02+08:00][sql] SELECT COUNT(*) AS think_count FROM `order` WHERE  `pay_time` >= 1786982400  AND `pay_time` < 1787068800 [ RunTime:0.000888s ]
[2026-08-20T13:11:02+08:00][sql] SELECT SUM(`price`) AS think_sum FROM `order` WHERE  `pay_time` >= 1787068800  AND `pay_time` < 1787155200 [ RunTime:0.000952s ]
[2026-08-20T13:11:02+08:00][sql] SELECT COUNT(*) AS think_count FROM `order` WHERE  `pay_time` >= 1787068800  AND `pay_time` < 1787155200 [ RunTime:0.001124s ]
[2026-08-20T13:11:02+08:00][sql] SELECT SUM(`price`) AS think_sum FROM `order` WHERE  `pay_time` >= 1787155200  AND `pay_time` < 1787241600 [ RunTime:0.000960s ]
[2026-08-20T13:11:02+08:00][sql] SELECT COUNT(*) AS think_count FROM `order` WHERE  `pay_time` >= 1787155200  AND `pay_time` < 1787241600 [ RunTime:0.000749s ]
[2026-08-20T13:11:13+08:00][sql] CONNECT:[ UseTime:0.001506s ] mysql:host=127.0.0.1;port=3306;dbname=auction;charset=utf8mb4
[2026-08-20T13:11:13+08:00][sql] SHOW FULL COLUMNS FROM `user` [ RunTime:0.002580s ]
[2026-08-20T13:11:13+08:00][sql] SELECT COUNT(*) AS think_count FROM `user` [ RunTime:0.001110s ]
[2026-08-20T13:11:13+08:00][sql] SELECT `id`,`mobile`,`nickname`,`avatar`,`invite_code`,`pid`,`is_seller`,`is_virtual`,`seller_check`,`balance`,`freeze_balance`,`points`,`commission_rate`,`total_buy`,`total_sell`,`status`,`reg_ip`,`reg_time`,`last_login_time`,`create_time` FROM `user` ORDER BY `id` DESC LIMIT 0,15 [ RunTime:0.001416s ]
[2026-08-20T13:12:16+08:00][sql] CONNECT:[ UseTime:0.001226s ] mysql:host=127.0.0.1;port=3306;dbname=auction;charset=utf8mb4
[2026-08-20T13:12:16+08:00][sql] SHOW FULL COLUMNS FROM `setting` [ RunTime:0.001824s ]
[2026-08-20T13:12:16+08:00][sql] SELECT `value`,`name` FROM `setting` [ RunTime:0.000846s ]
[2026-08-20T13:12:32+08:00][sql] CONNECT:[ UseTime:0.001243s ] mysql:host=127.0.0.1;port=3306;dbname=auction;charset=utf8mb4
[2026-08-20T13:12:32+08:00][sql] SHOW FULL COLUMNS FROM `user` [ RunTime:0.002109s ]
[2026-08-20T13:12:32+08:00][sql] SELECT COUNT(*) AS think_count FROM `user` [ RunTime:0.000951s ]
[2026-08-20T13:12:32+08:00][sql] SELECT `id`,`mobile`,`nickname`,`avatar`,`invite_code`,`pid`,`is_seller`,`is_virtual`,`seller_check`,`balance`,`freeze_balance`,`points`,`commission_rate`,`total_buy`,`total_sell`,`status`,`reg_ip`,`reg_time`,`last_login_time`,`create_time` FROM `user` ORDER BY `id` DESC LIMIT 0,15 [ RunTime:0.001306s ]
[2026-08-20T13:12:45+08:00][sql] CONNECT:[ UseTime:0.001365s ] mysql:host=127.0.0.1;port=3306;dbname=auction;charset=utf8mb4
[2026-08-20T13:12:45+08:00][sql] SHOW FULL COLUMNS FROM `setting` [ RunTime:0.001637s ]
[2026-08-20T13:12:45+08:00][sql] SELECT `value`,`name` FROM `setting` [ RunTime:0.000938s ]
[2026-08-20T13:12:57+08:00][sql] CONNECT:[ UseTime:0.001431s ] mysql:host=127.0.0.1;port=3306;dbname=auction;charset=utf8mb4
[2026-08-20T13:12:57+08:00][sql] SHOW FULL COLUMNS FROM `user` [ RunTime:0.002384s ]
[2026-08-20T13:12:57+08:00][sql] SELECT COUNT(*) AS think_count FROM `user` [ RunTime:0.001078s ]
[2026-08-20T13:12:57+08:00][sql] SELECT `id`,`mobile`,`nickname`,`avatar`,`invite_code`,`pid`,`is_seller`,`is_virtual`,`seller_check`,`balance`,`freeze_balance`,`points`,`commission_rate`,`total_buy`,`total_sell`,`status`,`reg_ip`,`reg_time`,`last_login_time`,`create_time` FROM `user` ORDER BY `id` DESC LIMIT 0,15 [ RunTime:0.001127s ]
[2026-08-20T13:13:11+08:00][sql] CONNECT:[ UseTime:0.001243s ] mysql:host=127.0.0.1;port=3306;dbname=auction;charset=utf8mb4
[2026-08-20T13:13:11+08:00][sql] SHOW FULL COLUMNS FROM `admin_user` [ RunTime:0.001842s ]
[2026-08-20T13:13:11+08:00][sql] SELECT * FROM `admin_user` ORDER BY `id` ASC [ RunTime:0.000905s ]
[2026-08-20T13:14:17+08:00][sql] CONNECT:[ UseTime:0.001521s ] mysql:host=127.0.0.1;port=3306;dbname=auction;charset=utf8mb4
[2026-08-20T13:14:17+08:00][sql] SHOW FULL COLUMNS FROM `admin_user` [ RunTime:0.001845s ]
[2026-08-20T13:14:17+08:00][sql] SELECT * FROM `admin_user` WHERE  `id` = 1 LIMIT 1 [ RunTime:0.001046s ]
[2026-08-20T13:14:17+08:00][sql] UPDATE `admin_user`  SET `real_name` = '超级管理员' , `role` = 1 , `status` = 1 , `password` = '550e1bafe077ff0b0b67f4e32f29d751'  WHERE  `id` = 1 [ RunTime:0.006315s ]
[2026-08-20T13:14:17+08:00][sql] SHOW FULL COLUMNS FROM `admin_log` [ RunTime:0.001589s ]
[2026-08-20T13:14:20+08:00][sql] CONNECT:[ UseTime:0.001596s ] mysql:host=127.0.0.1;port=3306;dbname=auction;charset=utf8mb4
[2026-08-20T13:14:20+08:00][sql] SHOW FULL COLUMNS FROM `admin_user` [ RunTime:0.001975s ]
[2026-08-20T13:14:20+08:00][sql] SELECT * FROM `admin_user` ORDER BY `id` ASC [ RunTime:0.001222s ]
[2026-08-20T13:14:51+08:00][sql] CONNECT:[ UseTime:0.001262s ] mysql:host=127.0.0.1;port=3306;dbname=auction;charset=utf8mb4
[2026-08-20T13:14:51+08:00][sql] SHOW FULL COLUMNS FROM `admin_user` [ RunTime:0.002036s ]
[2026-08-20T13:14:51+08:00][sql] SELECT * FROM `admin_user` WHERE  `username` = 'admin' LIMIT 1 [ RunTime:0.001234s ]
[2026-08-20T16:41:23+08:00][sql] CONNECT:[ UseTime:0.001565s ] mysql:host=127.0.0.1;port=3306;dbname=auction;charset=utf8mb4
[2026-08-20T16:41:23+08:00][sql] SHOW FULL COLUMNS FROM `admin_user` [ RunTime:0.002376s ]
[2026-08-20T16:41:23+08:00][sql] SELECT * FROM `admin_user` WHERE  `username` = 'admin' LIMIT 1 [ RunTime:0.001223s ]
[2026-08-20T16:41:23+08:00][sql] UPDATE `admin_user`  SET `last_login_ip` = '182.239.114.28' , `last_login_time` = 1787215283  WHERE  `id` = 1 [ RunTime:0.007784s ]
[2026-08-20T16:41:23+08:00][sql] SHOW FULL COLUMNS FROM `admin_log` [ RunTime:0.001368s ]
[2026-08-20T16:41:23+08:00][sql] INSERT INTO `admin_log` SET `admin_id` = 1 , `action` = '登录后台' , `ip` = '182.239.114.28' , `create_time` = 1787215283 [ RunTime:0.005517s ]
[2026-08-20T16:41:23+08:00][sql] CONNECT:[ UseTime:0.001579s ] mysql:host=127.0.0.1;port=3306;dbname=auction;charset=utf8mb4
[2026-08-20T16:41:23+08:00][sql] SHOW FULL COLUMNS FROM `user` [ RunTime:0.003482s ]
[2026-08-20T16:41:23+08:00][sql] SELECT COUNT(*) AS think_count FROM `user` [ RunTime:0.001330s ]
[2026-08-20T16:41:23+08:00][sql] SELECT COUNT(*) AS think_count FROM `user` WHERE  `is_seller` = 1 [ RunTime:0.001163s ]
[2026-08-20T16:41:23+08:00][sql] SHOW FULL COLUMNS FROM `goods` [ RunTime:0.002327s ]
[2026-08-20T16:41:23+08:00][sql] SELECT COUNT(*) AS think_count FROM `goods` [ RunTime:0.000967s ]
[2026-08-20T16:41:23+08:00][sql] SELECT COUNT(*) AS think_count FROM `goods` WHERE  `status` = 1  AND `end_time` > 1787215283 [ RunTime:0.001134s ]
[2026-08-20T16:41:23+08:00][sql] SHOW FULL COLUMNS FROM `order` [ RunTime:0.001990s ]
[2026-08-20T16:41:23+08:00][sql] SELECT COUNT(*) AS think_count FROM `order` [ RunTime:0.000934s ]
[2026-08-20T16:41:23+08:00][sql] SELECT COUNT(*) AS think_count FROM `order` WHERE  `pay_status` = 0  AND `order_status` = 0 [ RunTime:0.001016s ]
[2026-08-20T16:41:23+08:00][sql] SELECT COUNT(*) AS think_count FROM `goods` WHERE  `status` = 0 [ RunTime:0.000841s ]
[2026-08-20T16:41:23+08:00][sql] SELECT COUNT(*) AS think_count FROM `user` WHERE  `seller_check` = 0 [ RunTime:0.000926s ]
[2026-08-20T16:41:23+08:00][sql] SHOW FULL COLUMNS FROM `withdraw` [ RunTime:0.001788s ]
[2026-08-20T16:41:23+08:00][sql] SELECT COUNT(*) AS think_count FROM `withdraw` WHERE  `status` = 0 [ RunTime:0.001105s ]
[2026-08-20T16:41:23+08:00][sql] SELECT SUM(`price`) AS think_sum FROM `order` WHERE  `pay_status` = 1 [ RunTime:0.001026s ]
[2026-08-20T16:41:23+08:00][sql] SELECT SUM(`commission`) AS think_sum FROM `order` WHERE  `pay_status` = 1 [ RunTime:0.000945s ]
[2026-08-20T16:41:23+08:00][sql] SELECT SUM(`price`) AS think_sum FROM `order` WHERE  `pay_status` = 1  AND `pay_time` > 1787155200 [ RunTime:0.001196s ]
[2026-08-20T16:41:23+08:00][sql] SELECT * FROM `order` ORDER BY `id` DESC LIMIT 8 [ RunTime:0.001340s ]
[2026-08-20T16:41:23+08:00][sql] SHOW FULL COLUMNS FROM `bid_record` [ RunTime:0.001580s ]
[2026-08-20T16:41:23+08:00][sql] SELECT `b`.*,g.title as goods_title,`u`.`nickname`,`u`.`mobile` FROM `bid_record` `b` LEFT JOIN `goods` `g` ON `b`.`goods_id`=`g`.`id` LEFT JOIN `user` `u` ON `b`.`user_id`=`u`.`id` ORDER BY `b`.`id` DESC LIMIT 8 [ RunTime:0.001446s ]
[2026-08-20T16:41:23+08:00][sql] SELECT SUM(`price`) AS think_sum FROM `order` WHERE  `pay_time` >= 1786636800  AND `pay_time` < 1786723200 [ RunTime:0.000900s ]
[2026-08-20T16:41:23+08:00][sql] SELECT COUNT(*) AS think_count FROM `order` WHERE  `pay_time` >= 1786636800  AND `pay_time` < 1786723200 [ RunTime:0.000951s ]
[2026-08-20T16:41:23+08:00][sql] SELECT SUM(`price`) AS think_sum FROM `order` WHERE  `pay_time` >= 1786723200  AND `pay_time` < 1786809600 [ RunTime:0.000803s ]
[2026-08-20T16:41:23+08:00][sql] SELECT COUNT(*) AS think_count FROM `order` WHERE  `pay_time` >= 1786723200  AND `pay_time` < 1786809600 [ RunTime:0.000815s ]
[2026-08-20T16:41:23+08:00][sql] SELECT SUM(`price`) AS think_sum FROM `order` WHERE  `pay_time` >= 1786809600  AND `pay_time` < 1786896000 [ RunTime:0.000783s ]
[2026-08-20T16:41:23+08:00][sql] SELECT COUNT(*) AS think_count FROM `order` WHERE  `pay_time` >= 1786809600  AND `pay_time` < 1786896000 [ RunTime:0.000763s ]
[2026-08-20T16:41:23+08:00][sql] SELECT SUM(`price`) AS think_sum FROM `order` WHERE  `pay_time` >= 1786896000  AND `pay_time` < 1786982400 [ RunTime:0.000925s ]
[2026-08-20T16:41:23+08:00][sql] SELECT COUNT(*) AS think_count FROM `order` WHERE  `pay_time` >= 1786896000  AND `pay_time` < 1786982400 [ RunTime:0.000998s ]
[2026-08-20T16:41:23+08:00][sql] SELECT SUM(`price`) AS think_sum FROM `order` WHERE  `pay_time` >= 1786982400  AND `pay_time` < 1787068800 [ RunTime:0.000936s ]
[2026-08-20T16:41:23+08:00][sql] SELECT COUNT(*) AS think_count FROM `order` WHERE  `pay_time` >= 1786982400  AND `pay_time` < 1787068800 [ RunTime:0.000771s ]
[2026-08-20T16:41:23+08:00][sql] SELECT SUM(`price`) AS think_sum FROM `order` WHERE  `pay_time` >= 1787068800  AND `pay_time` < 1787155200 [ RunTime:0.000883s ]
[2026-08-20T16:41:23+08:00][sql] SELECT COUNT(*) AS think_count FROM `order` WHERE  `pay_time` >= 1787068800  AND `pay_time` < 1787155200 [ RunTime:0.000852s ]
[2026-08-20T16:41:23+08:00][sql] SELECT SUM(`price`) AS think_sum FROM `order` WHERE  `pay_time` >= 1787155200  AND `pay_time` < 1787241600 [ RunTime:0.000896s ]
[2026-08-20T16:41:23+08:00][sql] SELECT COUNT(*) AS think_count FROM `order` WHERE  `pay_time` >= 1787155200  AND `pay_time` < 1787241600 [ RunTime:0.000924s ]
[2026-08-20T16:41:31+08:00][sql] CONNECT:[ UseTime:0.001594s ] mysql:host=127.0.0.1;port=3306;dbname=auction;charset=utf8mb4
[2026-08-20T16:41:31+08:00][sql] SHOW FULL COLUMNS FROM `admin_user` [ RunTime:0.002708s ]
[2026-08-20T16:41:31+08:00][sql] SELECT * FROM `admin_user` ORDER BY `id` ASC [ RunTime:0.001237s ]
[2026-08-20T16:41:46+08:00][sql] CONNECT:[ UseTime:0.001476s ] mysql:host=127.0.0.1;port=3306;dbname=auction;charset=utf8mb4
[2026-08-20T16:41:46+08:00][sql] SHOW FULL COLUMNS FROM `admin_user` [ RunTime:0.002050s ]
[2026-08-20T16:41:46+08:00][sql] SELECT * FROM `admin_user` WHERE  `id` = 1 LIMIT 1 [ RunTime:0.001283s ]
[2026-08-20T16:41:46+08:00][sql] UPDATE `admin_user`  SET `real_name` = '超级管理员' , `role` = 1 , `status` = 1 , `password` = '14e1b600b1fd579f47433b88e8d85291'  WHERE  `id` = 1 [ RunTime:0.007050s ]
[2026-08-20T16:41:46+08:00][sql] SHOW FULL COLUMNS FROM `admin_log` [ RunTime:0.001308s ]
[2026-08-20T16:41:51+08:00][sql] CONNECT:[ UseTime:0.001511s ] mysql:host=127.0.0.1;port=3306;dbname=auction;charset=utf8mb4
[2026-08-20T16:41:51+08:00][sql] SHOW FULL COLUMNS FROM `admin_user` [ RunTime:0.002576s ]
[2026-08-20T16:41:51+08:00][sql] SELECT * FROM `admin_user` ORDER BY `id` ASC [ RunTime:0.001046s ]
[2026-08-20T16:42:02+08:00][sql] CONNECT:[ UseTime:0.001369s ] mysql:host=127.0.0.1;port=3306;dbname=auction;charset=utf8mb4
[2026-08-20T16:42:02+08:00][sql] SHOW FULL COLUMNS FROM `user` [ RunTime:0.002124s ]
[2026-08-20T16:42:02+08:00][sql] SELECT COUNT(*) AS think_count FROM `user` [ RunTime:0.000860s ]
[2026-08-20T16:42:02+08:00][sql] SELECT `id`,`mobile`,`nickname`,`avatar`,`invite_code`,`pid`,`is_seller`,`is_virtual`,`seller_check`,`balance`,`freeze_balance`,`points`,`commission_rate`,`total_buy`,`total_sell`,`status`,`reg_ip`,`reg_time`,`last_login_time`,`create_time` FROM `user` ORDER BY `id` DESC LIMIT 0,15 [ RunTime:0.001106s ]
[2026-08-20T16:42:15+08:00][sql] CONNECT:[ UseTime:0.001390s ] mysql:host=127.0.0.1;port=3306;dbname=auction;charset=utf8mb4
[2026-08-20T16:42:15+08:00][sql] SHOW FULL COLUMNS FROM `user` [ RunTime:0.002138s ]
[2026-08-20T16:42:15+08:00][sql] SELECT * FROM `user` WHERE  `id` = 29 LIMIT 1 [ RunTime:0.001322s ]
[2026-08-20T16:42:15+08:00][sql] SHOW FULL COLUMNS FROM `goods` [ RunTime:0.001613s ]
[2026-08-20T16:42:15+08:00][sql] SELECT COUNT(*) AS think_count FROM `goods` WHERE  `seller_id` = 29  AND `status` = 2 [ RunTime:0.001090s ]
[2026-08-20T16:42:15+08:00][sql] SHOW FULL COLUMNS FROM `order` [ RunTime:0.001541s ]
[2026-08-20T16:42:15+08:00][sql] SELECT COUNT(*) AS think_count FROM `order` WHERE  `buyer_id` = 29  AND `pay_status` = 1 [ RunTime:0.000978s ]
[2026-08-20T16:42:15+08:00][sql] SHOW FULL COLUMNS FROM `bid_record` [ RunTime:0.001349s ]
[2026-08-20T16:42:15+08:00][sql] SELECT COUNT(*) AS think_count FROM `bid_record` WHERE  `user_id` = 29 [ RunTime:0.000902s ]
[2026-08-20T16:42:15+08:00][sql] SHOW FULL COLUMNS FROM `balance_log` [ RunTime:0.001487s ]
[2026-08-20T16:42:15+08:00][sql] SELECT * FROM `balance_log` WHERE  `user_id` = 29 ORDER BY `id` DESC LIMIT 20 [ RunTime:0.001116s ]
[2026-08-20T16:42:15+08:00][sql] SELECT `b`.*,g.title as goods_title FROM `bid_record` `b` LEFT JOIN `goods` `g` ON `b`.`goods_id`=`g`.`id` WHERE  `b`.`user_id` = '29' ORDER BY `b`.`id` DESC LIMIT 10 [ RunTime:0.001207s ]
[2026-08-20T16:42:15+08:00][sql] SHOW FULL COLUMNS FROM `pay_account` [ RunTime:0.001501s ]
[2026-08-20T16:42:15+08:00][sql] SELECT * FROM `pay_account` WHERE  `user_id` = 29 ORDER BY `id` DESC [ RunTime:0.000928s ]
[2026-08-20T16:42:23+08:00][sql] CONNECT:[ UseTime:0.001362s ] mysql:host=127.0.0.1;port=3306;dbname=auction;charset=utf8mb4
[2026-08-20T16:42:23+08:00][sql] SHOW FULL COLUMNS FROM `user` [ RunTime:0.002366s ]
[2026-08-20T16:42:23+08:00][sql] SELECT COUNT(*) AS think_count FROM `user` [ RunTime:0.000800s ]
[2026-08-20T16:42:23+08:00][sql] SELECT `id`,`mobile`,`nickname`,`avatar`,`invite_code`,`pid`,`is_seller`,`is_virtual`,`seller_check`,`balance`,`freeze_balance`,`points`,`commission_rate`,`total_buy`,`total_sell`,`status`,`reg_ip`,`reg_time`,`last_login_time`,`create_time` FROM `user` ORDER BY `id` DESC LIMIT 0,15 [ RunTime:0.001141s ]
[2026-08-20T17:28:45+08:00][sql] CONNECT:[ UseTime:0.001529s ] mysql:host=127.0.0.1;port=3306;dbname=auction;charset=utf8mb4
[2026-08-20T17:28:45+08:00][sql] SHOW FULL COLUMNS FROM `admin_user` [ RunTime:0.001865s ]
[2026-08-20T17:28:45+08:00][sql] SELECT * FROM `admin_user` WHERE  `username` = 'admin' LIMIT 1 [ RunTime:0.001236s ]
[2026-08-20T17:28:45+08:00][sql] UPDATE `admin_user`  SET `last_login_ip` = '23.248.176.114' , `last_login_time` = 1787218125  WHERE  `id` = 1 [ RunTime:0.005845s ]
[2026-08-20T17:28:45+08:00][sql] SHOW FULL COLUMNS FROM `admin_log` [ RunTime:0.001330s ]
[2026-08-20T17:28:45+08:00][sql] INSERT INTO `admin_log` SET `admin_id` = 1 , `action` = '登录后台' , `ip` = '23.248.176.114' , `create_time` = 1787218125 [ RunTime:0.005157s ]
[2026-08-20T17:28:46+08:00][sql] CONNECT:[ UseTime:0.001375s ] mysql:host=127.0.0.1;port=3306;dbname=auction;charset=utf8mb4
[2026-08-20T17:28:46+08:00][sql] SHOW FULL COLUMNS FROM `user` [ RunTime:0.002737s ]
[2026-08-20T17:28:46+08:00][sql] SELECT COUNT(*) AS think_count FROM `user` [ RunTime:0.001153s ]
[2026-08-20T17:28:46+08:00][sql] SELECT COUNT(*) AS think_count FROM `user` WHERE  `is_seller` = 1 [ RunTime:0.001201s ]
[2026-08-20T17:28:46+08:00][sql] SHOW FULL COLUMNS FROM `goods` [ RunTime:0.001780s ]
[2026-08-20T17:28:46+08:00][sql] SELECT COUNT(*) AS think_count FROM `goods` [ RunTime:0.000975s ]
[2026-08-20T17:28:46+08:00][sql] SELECT COUNT(*) AS think_count FROM `goods` WHERE  `status` = 1  AND `end_time` > 1787218125 [ RunTime:0.001014s ]
[2026-08-20T17:28:46+08:00][sql] SHOW FULL COLUMNS FROM `order` [ RunTime:0.001648s ]
[2026-08-20T17:28:46+08:00][sql] SELECT COUNT(*) AS think_count FROM `order` [ RunTime:0.000887s ]
[2026-08-20T17:28:46+08:00][sql] SELECT COUNT(*) AS think_count FROM `order` WHERE  `pay_status` = 0  AND `order_status` = 0 [ RunTime:0.000985s ]
[2026-08-20T17:28:46+08:00][sql] SELECT COUNT(*) AS think_count FROM `goods` WHERE  `status` = 0 [ RunTime:0.000902s ]
[2026-08-20T17:28:46+08:00][sql] SELECT COUNT(*) AS think_count FROM `user` WHERE  `seller_check` = 0 [ RunTime:0.000867s ]
[2026-08-20T17:28:46+08:00][sql] SHOW FULL COLUMNS FROM `withdraw` [ RunTime:0.001452s ]
[2026-08-20T17:28:46+08:00][sql] SELECT COUNT(*) AS think_count FROM `withdraw` WHERE  `status` = 0 [ RunTime:0.001116s ]
[2026-08-20T17:28:46+08:00][sql] SELECT SUM(`price`) AS think_sum FROM `order` WHERE  `pay_status` = 1 [ RunTime:0.000787s ]
[2026-08-20T17:28:46+08:00][sql] SELECT SUM(`commission`) AS think_sum FROM `order` WHERE  `pay_status` = 1 [ RunTime:0.000904s ]
[2026-08-20T17:28:46+08:00][sql] SELECT SUM(`price`) AS think_sum FROM `order` WHERE  `pay_status` = 1  AND `pay_time` > 1787155200 [ RunTime:0.001165s ]
[2026-08-20T17:28:46+08:00][sql] SELECT * FROM `order` ORDER BY `id` DESC LIMIT 8 [ RunTime:0.001361s ]
[2026-08-20T17:28:46+08:00][sql] SHOW FULL COLUMNS FROM `bid_record` [ RunTime:0.001751s ]
[2026-08-20T17:28:46+08:00][sql] SELECT `b`.*,g.title as goods_title,`u`.`nickname`,`u`.`mobile` FROM `bid_record` `b` LEFT JOIN `goods` `g` ON `b`.`goods_id`=`g`.`id` LEFT JOIN `user` `u` ON `b`.`user_id`=`u`.`id` ORDER BY `b`.`id` DESC LIMIT 8 [ RunTime:0.001475s ]
[2026-08-20T17:28:46+08:00][sql] SELECT SUM(`price`) AS think_sum FROM `order` WHERE  `pay_time` >= 1786636800  AND `pay_time` < 1786723200 [ RunTime:0.001073s ]
[2026-08-20T17:28:46+08:00][sql] SELECT COUNT(*) AS think_count FROM `order` WHERE  `pay_time` >= 1786636800  AND `pay_time` < 1786723200 [ RunTime:0.001433s ]
[2026-08-20T17:28:46+08:00][sql] SELECT SUM(`price`) AS think_sum FROM `order` WHERE  `pay_time` >= 1786723200  AND `pay_time` < 1786809600 [ RunTime:0.001195s ]
[2026-08-20T17:28:46+08:00][sql] SELECT COUNT(*) AS think_count FROM `order` WHERE  `pay_time` >= 1786723200  AND `pay_time` < 1786809600 [ RunTime:0.001099s ]
[2026-08-20T17:28:46+08:00][sql] SELECT SUM(`price`) AS think_sum FROM `order` WHERE  `pay_time` >= 1786809600  AND `pay_time` < 1786896000 [ RunTime:0.001002s ]
[2026-08-20T17:28:46+08:00][sql] SELECT COUNT(*) AS think_count FROM `order` WHERE  `pay_time` >= 1786809600  AND `pay_time` < 1786896000 [ RunTime:0.002842s ]
[2026-08-20T17:28:46+08:00][sql] SELECT SUM(`price`) AS think_sum FROM `order` WHERE  `pay_time` >= 1786896000  AND `pay_time` < 1786982400 [ RunTime:0.001014s ]
[2026-08-20T17:28:46+08:00][sql] SELECT COUNT(*) AS think_count FROM `order` WHERE  `pay_time` >= 1786896000  AND `pay_time` < 1786982400 [ RunTime:0.001007s ]
[2026-08-20T17:28:46+08:00][sql] SELECT SUM(`price`) AS think_sum FROM `order` WHERE  `pay_time` >= 1786982400  AND `pay_time` < 1787068800 [ RunTime:0.001142s ]
[2026-08-20T17:28:46+08:00][sql] SELECT COUNT(*) AS think_count FROM `order` WHERE  `pay_time` >= 1786982400  AND `pay_time` < 1787068800 [ RunTime:0.000981s ]
[2026-08-20T17:28:46+08:00][sql] SELECT SUM(`price`) AS think_sum FROM `order` WHERE  `pay_time` >= 1787068800  AND `pay_time` < 1787155200 [ RunTime:0.001053s ]
[2026-08-20T17:28:46+08:00][sql] SELECT COUNT(*) AS think_count FROM `order` WHERE  `pay_time` >= 1787068800  AND `pay_time` < 1787155200 [ RunTime:0.000870s ]
[2026-08-20T17:28:46+08:00][sql] SELECT SUM(`price`) AS think_sum FROM `order` WHERE  `pay_time` >= 1787155200  AND `pay_time` < 1787241600 [ RunTime:0.000827s ]
[2026-08-20T17:28:46+08:00][sql] SELECT COUNT(*) AS think_count FROM `order` WHERE  `pay_time` >= 1787155200  AND `pay_time` < 1787241600 [ RunTime:0.000812s ]
[2026-08-20T17:28:50+08:00][sql] CONNECT:[ UseTime:0.001450s ] mysql:host=127.0.0.1;port=3306;dbname=auction;charset=utf8mb4
[2026-08-20T17:28:50+08:00][sql] SHOW FULL COLUMNS FROM `user` [ RunTime:0.002184s ]
[2026-08-20T17:28:50+08:00][sql] SELECT COUNT(*) AS think_count FROM `user` [ RunTime:0.001003s ]
[2026-08-20T17:28:50+08:00][sql] SELECT `id`,`mobile`,`nickname`,`avatar`,`invite_code`,`pid`,`is_seller`,`is_virtual`,`seller_check`,`balance`,`freeze_balance`,`points`,`commission_rate`,`total_buy`,`total_sell`,`status`,`reg_ip`,`reg_time`,`last_login_time`,`create_time` FROM `user` ORDER BY `id` DESC LIMIT 0,15 [ RunTime:0.001160s ]
[2026-08-20T17:29:04+08:00][sql] CONNECT:[ UseTime:0.001403s ] mysql:host=127.0.0.1;port=3306;dbname=auction;charset=utf8mb4
[2026-08-20T17:29:04+08:00][sql] SHOW FULL COLUMNS FROM `user` [ RunTime:0.002837s ]
[2026-08-20T17:29:04+08:00][sql] SELECT * FROM `user` WHERE  `id` = 30 LIMIT 1 [ RunTime:0.001367s ]
[2026-08-20T17:29:04+08:00][sql] SHOW FULL COLUMNS FROM `sys_message` [ RunTime:0.001721s ]
[2026-08-20T17:29:04+08:00][sql] INSERT INTO `sys_message` SET `user_id` = 30 , `admin_id` = 0 , `title` = 'hi打手的是啊' , `content` = '啊苏富比撒部分' , `is_read` = 0 , `create_time` = 1787218144 [ RunTime:0.006758s ]
[2026-08-20T17:29:04+08:00][sql] SHOW FULL COLUMNS FROM `admin_log` [ RunTime:0.001811s ]
[2026-08-20T17:29:17+08:00][sql] CONNECT:[ UseTime:0.001679s ] mysql:host=127.0.0.1;port=3306;dbname=auction;charset=utf8mb4
[2026-08-20T17:29:17+08:00][sql] SHOW FULL COLUMNS FROM `user` [ RunTime:0.001953s ]
[2026-08-20T17:29:17+08:00][sql] SELECT * FROM `user` WHERE  `id` = 30 LIMIT 1 [ RunTime:0.001309s ]
[2026-08-20T17:29:17+08:00][sql] SHOW FULL COLUMNS FROM `goods` [ RunTime:0.001570s ]
[2026-08-20T17:29:17+08:00][sql] SELECT COUNT(*) AS think_count FROM `goods` WHERE  `seller_id` = 30  AND `status` = 2 [ RunTime:0.001021s ]
[2026-08-20T17:29:17+08:00][sql] SHOW FULL COLUMNS FROM `order` [ RunTime:0.001695s ]
[2026-08-20T17:29:17+08:00][sql] SELECT COUNT(*) AS think_count FROM `order` WHERE  `buyer_id` = 30  AND `pay_status` = 1 [ RunTime:0.000896s ]
[2026-08-20T17:29:17+08:00][sql] SHOW FULL COLUMNS FROM `bid_record` [ RunTime:0.001551s ]
[2026-08-20T17:29:17+08:00][sql] SELECT COUNT(*) AS think_count FROM `bid_record` WHERE  `user_id` = 30 [ RunTime:0.000774s ]
[2026-08-20T17:29:17+08:00][sql] SHOW FULL COLUMNS FROM `balance_log` [ RunTime:0.001599s ]
[2026-08-20T17:29:17+08:00][sql] SELECT * FROM `balance_log` WHERE  `user_id` = 30 ORDER BY `id` DESC LIMIT 20 [ RunTime:0.001123s ]
[2026-08-20T17:29:17+08:00][sql] SELECT `b`.*,g.title as goods_title FROM `bid_record` `b` LEFT JOIN `goods` `g` ON `b`.`goods_id`=`g`.`id` WHERE  `b`.`user_id` = '30' ORDER BY `b`.`id` DESC LIMIT 10 [ RunTime:0.001075s ]
[2026-08-20T17:29:17+08:00][sql] SHOW FULL COLUMNS FROM `pay_account` [ RunTime:0.001745s ]
[2026-08-20T17:29:17+08:00][sql] SELECT * FROM `pay_account` WHERE  `user_id` = 30 ORDER BY `id` DESC [ RunTime:0.000971s ]
[2026-08-20T17:29:30+08:00][sql] CONNECT:[ UseTime:0.001633s ] mysql:host=127.0.0.1;port=3306;dbname=auction;charset=utf8mb4
[2026-08-20T17:29:30+08:00][sql] SHOW FULL COLUMNS FROM `message` [ RunTime:0.001998s ]
[2026-08-20T17:29:30+08:00][sql] SELECT COUNT(*) AS think_count FROM `message` `m` LEFT JOIN `user` `fu` ON `m`.`from_uid`=`fu`.`id` LEFT JOIN `user` `tu` ON `m`.`to_uid`=`tu`.`id` LEFT JOIN `goods` `g` ON `m`.`goods_id`=`g`.`id` [ RunTime:0.001635s ]
[2026-08-20T17:29:30+08:00][sql] SELECT `m`.*,fu.nickname as from_nick,fu.mobile as from_mobile,fu.shop_name as from_shop,tu.nickname as to_nick,tu.mobile as to_mobile,tu.shop_name as to_shop,g.title as goods_title FROM `message` `m` LEFT JOIN `user` `fu` ON `m`.`from_uid`=`fu`.`id` LEFT JOIN `user` `tu` ON `m`.`to_uid`=`tu`.`id` LEFT JOIN `goods` `g` ON `m`.`goods_id`=`g`.`id` ORDER BY `m`.`id` DESC LIMIT 0,15 [ RunTime:0.001627s ]
[2026-08-20T17:30:37+08:00][sql] CONNECT:[ UseTime:0.001255s ] mysql:host=127.0.0.1;port=3306;dbname=auction;charset=utf8mb4
[2026-08-20T17:30:37+08:00][sql] SHOW FULL COLUMNS FROM `message` [ RunTime:0.002499s ]
[2026-08-20T17:30:37+08:00][sql] SELECT COUNT(*) AS think_count FROM `message` `m` LEFT JOIN `user` `fu` ON `m`.`from_uid`=`fu`.`id` LEFT JOIN `user` `tu` ON `m`.`to_uid`=`tu`.`id` LEFT JOIN `goods` `g` ON `m`.`goods_id`=`g`.`id` [ RunTime:0.001631s ]
[2026-08-20T17:30:37+08:00][sql] SELECT `m`.*,fu.nickname as from_nick,fu.mobile as from_mobile,fu.shop_name as from_shop,tu.nickname as to_nick,tu.mobile as to_mobile,tu.shop_name as to_shop,g.title as goods_title FROM `message` `m` LEFT JOIN `user` `fu` ON `m`.`from_uid`=`fu`.`id` LEFT JOIN `user` `tu` ON `m`.`to_uid`=`tu`.`id` LEFT JOIN `goods` `g` ON `m`.`goods_id`=`g`.`id` ORDER BY `m`.`id` DESC LIMIT 0,15 [ RunTime:0.001502s ]
[2026-08-20T17:30:55+08:00][sql] CONNECT:[ UseTime:0.001298s ] mysql:host=127.0.0.1;port=3306;dbname=auction;charset=utf8mb4
[2026-08-20T17:30:55+08:00][sql] SHOW FULL COLUMNS FROM `message` [ RunTime:0.001610s ]
[2026-08-20T17:30:55+08:00][sql] SELECT COUNT(*) AS think_count FROM `message` `m` LEFT JOIN `user` `fu` ON `m`.`from_uid`=`fu`.`id` LEFT JOIN `user` `tu` ON `m`.`to_uid`=`tu`.`id` LEFT JOIN `goods` `g` ON `m`.`goods_id`=`g`.`id` [ RunTime:0.001339s ]
[2026-08-20T17:30:55+08:00][sql] SELECT `m`.*,fu.nickname as from_nick,fu.mobile as from_mobile,fu.shop_name as from_shop,tu.nickname as to_nick,tu.mobile as to_mobile,tu.shop_name as to_shop,g.title as goods_title FROM `message` `m` LEFT JOIN `user` `fu` ON `m`.`from_uid`=`fu`.`id` LEFT JOIN `user` `tu` ON `m`.`to_uid`=`tu`.`id` LEFT JOIN `goods` `g` ON `m`.`goods_id`=`g`.`id` ORDER BY `m`.`id` DESC LIMIT 0,15 [ RunTime:0.001262s ]
[2026-08-20T17:30:58+08:00][sql] CONNECT:[ UseTime:0.001485s ] mysql:host=127.0.0.1;port=3306;dbname=auction;charset=utf8mb4
[2026-08-20T17:30:58+08:00][sql] SHOW FULL COLUMNS FROM `user` [ RunTime:0.001880s ]
[2026-08-20T17:30:58+08:00][sql] SELECT COUNT(*) AS think_count FROM `user` [ RunTime:0.000933s ]
[2026-08-20T17:30:58+08:00][sql] SELECT `id`,`mobile`,`nickname`,`avatar`,`invite_code`,`pid`,`is_seller`,`is_virtual`,`seller_check`,`balance`,`freeze_balance`,`points`,`commission_rate`,`total_buy`,`total_sell`,`status`,`reg_ip`,`reg_time`,`last_login_time`,`create_time` FROM `user` ORDER BY `id` DESC LIMIT 0,15 [ RunTime:0.001224s ]
[2026-08-20T17:33:38+08:00][sql] CONNECT:[ UseTime:0.001329s ] mysql:host=127.0.0.1;port=3306;dbname=auction;charset=utf8mb4
[2026-08-20T17:33:38+08:00][sql] SHOW FULL COLUMNS FROM `user` [ RunTime:0.001861s ]
[2026-08-20T17:33:38+08:00][sql] SELECT * FROM `user` WHERE  `id` = 30 LIMIT 1 [ RunTime:0.001511s ]
[2026-08-20T17:33:38+08:00][sql] UPDATE `user`  SET `balance` = '1000'  WHERE  `id` = 30 [ RunTime:0.001074s ]
[2026-08-20T17:33:38+08:00][sql] SHOW FULL COLUMNS FROM `balance_log` [ RunTime:0.001508s ]
[2026-08-20T17:33:38+08:00][sql] INSERT INTO `balance_log` SET `user_id` = 30 , `type` = 'recharge' , `amount` = '1000' , `balance` = '1000' , `remark` = '后台调整' , `create_time` = 1787218418 [ RunTime:0.001039s ]
[2026-08-20T17:33:38+08:00][sql] SHOW FULL COLUMNS FROM `admin_log` [ RunTime:0.001480s ]
[2026-08-20T17:33:39+08:00][sql] CONNECT:[ UseTime:0.001396s ] mysql:host=127.0.0.1;port=3306;dbname=auction;charset=utf8mb4
[2026-08-20T17:33:39+08:00][sql] SHOW FULL COLUMNS FROM `user` [ RunTime:0.002006s ]
[2026-08-20T17:33:39+08:00][sql] SELECT COUNT(*) AS think_count FROM `user` [ RunTime:0.000887s ]
[2026-08-20T17:33:39+08:00][sql] SELECT `id`,`mobile`,`nickname`,`avatar`,`invite_code`,`pid`,`is_seller`,`is_virtual`,`seller_check`,`balance`,`freeze_balance`,`points`,`commission_rate`,`total_buy`,`total_sell`,`status`,`reg_ip`,`reg_time`,`last_login_time`,`create_time` FROM `user` ORDER BY `id` DESC LIMIT 0,15 [ RunTime:0.001225s ]
[2026-08-20T17:36:18+08:00][sql] CONNECT:[ UseTime:0.001619s ] mysql:host=127.0.0.1;port=3306;dbname=auction;charset=utf8mb4
[2026-08-20T17:36:18+08:00][sql] SHOW FULL COLUMNS FROM `user` [ RunTime:0.002347s ]
[2026-08-20T17:36:18+08:00][sql] SELECT COUNT(*) AS think_count FROM `user` [ RunTime:0.000917s ]
[2026-08-20T17:36:18+08:00][sql] SELECT `id`,`mobile`,`nickname`,`avatar`,`invite_code`,`pid`,`is_seller`,`is_virtual`,`seller_check`,`balance`,`freeze_balance`,`points`,`commission_rate`,`total_buy`,`total_sell`,`status`,`reg_ip`,`reg_time`,`last_login_time`,`create_time` FROM `user` ORDER BY `id` DESC LIMIT 0,15 [ RunTime:0.001585s ]
[2026-08-20T17:36:27+08:00][sql] CONNECT:[ UseTime:0.001689s ] mysql:host=127.0.0.1;port=3306;dbname=auction;charset=utf8mb4
[2026-08-20T17:36:27+08:00][sql] SHOW FULL COLUMNS FROM `user` [ RunTime:0.001914s ]
[2026-08-20T17:36:27+08:00][sql] SELECT * FROM `user` WHERE  `id` = 31 LIMIT 1 [ RunTime:0.001386s ]
[2026-08-20T17:36:27+08:00][sql] UPDATE `user`  SET `balance` = '1200'  WHERE  `id` = 31 [ RunTime:0.001062s ]
[2026-08-20T17:36:27+08:00][sql] SHOW FULL COLUMNS FROM `balance_log` [ RunTime:0.001574s ]
[2026-08-20T17:36:27+08:00][sql] INSERT INTO `balance_log` SET `user_id` = 31 , `type` = 'recharge' , `amount` = '1200' , `balance` = '1200' , `remark` = '后台调整' , `create_time` = 1787218587 [ RunTime:0.000995s ]
[2026-08-20T17:36:27+08:00][sql] SHOW FULL COLUMNS FROM `admin_log` [ RunTime:0.001653s ]
[2026-08-20T17:36:28+08:00][sql] CONNECT:[ UseTime:0.001415s ] mysql:host=127.0.0.1;port=3306;dbname=auction;charset=utf8mb4
[2026-08-20T17:36:28+08:00][sql] SHOW FULL COLUMNS FROM `user` [ RunTime:0.002538s ]
[2026-08-20T17:36:28+08:00][sql] SELECT COUNT(*) AS think_count FROM `user` [ RunTime:0.001115s ]
[2026-08-20T17:36:28+08:00][sql] SELECT `id`,`mobile`,`nickname`,`avatar`,`invite_code`,`pid`,`is_seller`,`is_virtual`,`seller_check`,`balance`,`freeze_balance`,`points`,`commission_rate`,`total_buy`,`total_sell`,`status`,`reg_ip`,`reg_time`,`last_login_time`,`create_time` FROM `user` ORDER BY `id` DESC LIMIT 0,15 [ RunTime:0.001801s ]
[2026-08-20T17:38:13+08:00][sql] CONNECT:[ UseTime:0.001148s ] mysql:host=127.0.0.1;port=3306;dbname=auction;charset=utf8mb4
[2026-08-20T17:38:13+08:00][sql] SHOW FULL COLUMNS FROM `withdraw` [ RunTime:0.001899s ]
[2026-08-20T17:38:13+08:00][sql] SELECT COUNT(*) AS think_count FROM `withdraw` `w` LEFT JOIN `user` `u` ON `w`.`user_id`=`u`.`id` [ RunTime:0.000989s ]
[2026-08-20T17:38:13+08:00][sql] SELECT `w`.*,`u`.`mobile`,`u`.`nickname` FROM `withdraw` `w` LEFT JOIN `user` `u` ON `w`.`user_id`=`u`.`id` ORDER BY `w`.`id` DESC LIMIT 0,15 [ RunTime:0.001163s ]
[2026-08-20T17:38:41+08:00][sql] CONNECT:[ UseTime:0.001281s ] mysql:host=127.0.0.1;port=3306;dbname=auction;charset=utf8mb4
[2026-08-20T17:38:41+08:00][sql] SHOW FULL COLUMNS FROM `setting` [ RunTime:0.001800s ]
[2026-08-20T17:38:41+08:00][sql] SELECT `value`,`name` FROM `setting` [ RunTime:0.000951s ]
[2026-08-20T17:38:47+08:00][sql] CONNECT:[ UseTime:0.001208s ] mysql:host=127.0.0.1;port=3306;dbname=auction;charset=utf8mb4
[2026-08-20T17:38:47+08:00][sql] SHOW FULL COLUMNS FROM `admin_user` [ RunTime:0.001740s ]
[2026-08-20T17:38:47+08:00][sql] SELECT * FROM `admin_user` ORDER BY `id` ASC [ RunTime:0.001152s ]
[2026-08-20T17:38:53+08:00][sql] CONNECT:[ UseTime:0.001468s ] mysql:host=127.0.0.1;port=3306;dbname=auction;charset=utf8mb4
[2026-08-20T17:38:53+08:00][sql] SHOW FULL COLUMNS FROM `goods` [ RunTime:0.002062s ]
[2026-08-20T17:38:53+08:00][sql] SELECT * FROM `goods` WHERE  `status` = 1 ORDER BY `id` DESC LIMIT 300 [ RunTime:0.001420s ]
[2026-08-20T17:38:53+08:00][sql] SHOW FULL COLUMNS FROM `bid_record` [ RunTime:0.001505s ]
[2026-08-20T17:38:53+08:00][sql] SELECT MAX(`price`) AS think_max FROM `bid_record` WHERE  `goods_id` = 36  AND `status` = 0 [ RunTime:0.001196s ]
[2026-08-20T17:38:53+08:00][sql] SHOW FULL COLUMNS FROM `user` [ RunTime:0.001730s ]
[2026-08-20T17:38:53+08:00][sql] SELECT * FROM `user` WHERE  `status` = 1 ORDER BY `id` DESC LIMIT 300 [ RunTime:0.001614s ]
[2026-08-20T17:38:53+08:00][sql] CONNECT:[ UseTime:0.001588s ] mysql:host=127.0.0.1;port=3306;dbname=auction;charset=utf8mb4
[2026-08-20T17:38:53+08:00][sql] SHOW FULL COLUMNS FROM `bid_record` [ RunTime:0.002582s ]
[2026-08-20T17:38:53+08:00][sql] SELECT COUNT(*) AS think_count FROM `bid_record` `b` LEFT JOIN `goods` `g` ON `b`.`goods_id`=`g`.`id` LEFT JOIN `user` `u` ON `b`.`user_id`=`u`.`id` [ RunTime:0.001957s ]
[2026-08-20T17:38:53+08:00][sql] SELECT `b`.*,g.title as goods_title,`u`.`mobile`,`u`.`nickname` FROM `bid_record` `b` LEFT JOIN `goods` `g` ON `b`.`goods_id`=`g`.`id` LEFT JOIN `user` `u` ON `b`.`user_id`=`u`.`id` ORDER BY `b`.`id` DESC LIMIT 0,15 [ RunTime:0.001533s ]
[2026-08-20T17:38:57+08:00][sql] CONNECT:[ UseTime:0.001496s ] mysql:host=127.0.0.1;port=3306;dbname=auction;charset=utf8mb4
[2026-08-20T17:38:57+08:00][sql] SHOW FULL COLUMNS FROM `recharge` [ RunTime:0.002196s ]
[2026-08-20T17:38:57+08:00][sql] SELECT COUNT(*) AS think_count FROM `recharge` `r` LEFT JOIN `user` `u` ON `r`.`user_id`=`u`.`id` [ RunTime:0.001156s ]
[2026-08-20T17:38:57+08:00][sql] SELECT `r`.*,`u`.`mobile`,`u`.`nickname` FROM `recharge` `r` LEFT JOIN `user` `u` ON `r`.`user_id`=`u`.`id` ORDER BY `r`.`id` DESC LIMIT 0,15 [ RunTime:0.001108s ]
[2026-08-20T17:38:58+08:00][sql] CONNECT:[ UseTime:0.001545s ] mysql:host=127.0.0.1;port=3306;dbname=auction;charset=utf8mb4
[2026-08-20T17:38:58+08:00][sql] SHOW FULL COLUMNS FROM `withdraw` [ RunTime:0.001988s ]
[2026-08-20T17:38:58+08:00][sql] SELECT COUNT(*) AS think_count FROM `withdraw` `w` LEFT JOIN `user` `u` ON `w`.`user_id`=`u`.`id` [ RunTime:0.001139s ]
[2026-08-20T17:38:58+08:00][sql] SELECT `w`.*,`u`.`mobile`,`u`.`nickname` FROM `withdraw` `w` LEFT JOIN `user` `u` ON `w`.`user_id`=`u`.`id` ORDER BY `w`.`id` DESC LIMIT 0,15 [ RunTime:0.001081s ]
[2026-08-20T17:39:03+08:00][sql] CONNECT:[ UseTime:0.001131s ] mysql:host=127.0.0.1;port=3306;dbname=auction;charset=utf8mb4
[2026-08-20T17:39:03+08:00][sql] SHOW FULL COLUMNS FROM `admin_log` [ RunTime:0.001615s ]
[2026-08-20T17:39:03+08:00][sql] SELECT COUNT(*) AS think_count FROM `admin_log` `l` LEFT JOIN `admin_user` `a` ON `l`.`admin_id`=`a`.`id` [ RunTime:0.001154s ]
[2026-08-20T17:39:03+08:00][sql] SELECT `l`.*,`a`.`username`,`a`.`real_name` FROM `admin_log` `l` LEFT JOIN `admin_user` `a` ON `l`.`admin_id`=`a`.`id` ORDER BY `l`.`id` DESC LIMIT 0,15 [ RunTime:0.001366s ]
[2026-08-20T17:39:04+08:00][sql] CONNECT:[ UseTime:0.001427s ] mysql:host=127.0.0.1;port=3306;dbname=auction;charset=utf8mb4
[2026-08-20T17:39:04+08:00][sql] SHOW FULL COLUMNS FROM `admin_user` [ RunTime:0.001773s ]
[2026-08-20T17:39:04+08:00][sql] SELECT * FROM `admin_user` ORDER BY `id` ASC [ RunTime:0.000871s ]
[2026-08-20T17:39:06+08:00][sql] CONNECT:[ UseTime:0.001418s ] mysql:host=127.0.0.1;port=3306;dbname=auction;charset=utf8mb4
[2026-08-20T17:39:06+08:00][sql] SHOW FULL COLUMNS FROM `banner` [ RunTime:0.001785s ]
[2026-08-20T17:39:06+08:00][sql] SELECT * FROM `banner` ORDER BY `sort` ASC,`id` ASC [ RunTime:0.001126s ]
[2026-08-20T17:39:14+08:00][sql] CONNECT:[ UseTime:0.001701s ] mysql:host=127.0.0.1;port=3306;dbname=auction;charset=utf8mb4
[2026-08-20T17:39:14+08:00][sql] SHOW FULL COLUMNS FROM `user` [ RunTime:0.002129s ]
[2026-08-20T17:39:14+08:00][sql] SELECT COUNT(*) AS think_count FROM `user` [ RunTime:0.000839s ]
[2026-08-20T17:39:14+08:00][sql] SELECT `id`,`mobile`,`nickname`,`avatar`,`invite_code`,`pid`,`is_seller`,`is_virtual`,`seller_check`,`balance`,`freeze_balance`,`points`,`commission_rate`,`total_buy`,`total_sell`,`status`,`reg_ip`,`reg_time`,`last_login_time`,`create_time` FROM `user` ORDER BY `id` DESC LIMIT 0,15 [ RunTime:0.001120s ]
[2026-08-20T17:39:16+08:00][sql] CONNECT:[ UseTime:0.001237s ] mysql:host=127.0.0.1;port=3306;dbname=auction;charset=utf8mb4
[2026-08-20T17:39:16+08:00][sql] SHOW FULL COLUMNS FROM `user` [ RunTime:0.001966s ]
[2026-08-20T17:39:16+08:00][sql] SELECT * FROM `user` WHERE  `id` = 31 LIMIT 1 [ RunTime:0.001202s ]
[2026-08-20T17:39:16+08:00][sql] SHOW FULL COLUMNS FROM `goods` [ RunTime:0.001565s ]
[2026-08-20T17:39:16+08:00][sql] SELECT COUNT(*) AS think_count FROM `goods` WHERE  `seller_id` = 31  AND `status` = 2 [ RunTime:0.001099s ]
[2026-08-20T17:39:16+08:00][sql] SHOW FULL COLUMNS FROM `order` [ RunTime:0.001627s ]
[2026-08-20T17:39:16+08:00][sql] SELECT COUNT(*) AS think_count FROM `order` WHERE  `buyer_id` = 31  AND `pay_status` = 1 [ RunTime:0.000980s ]
[2026-08-20T17:39:16+08:00][sql] SHOW FULL COLUMNS FROM `bid_record` [ RunTime:0.001323s ]
[2026-08-20T17:39:16+08:00][sql] SELECT COUNT(*) AS think_count FROM `bid_record` WHERE  `user_id` = 31 [ RunTime:0.000818s ]
[2026-08-20T17:39:16+08:00][sql] SHOW FULL COLUMNS FROM `balance_log` [ RunTime:0.001143s ]
[2026-08-20T17:39:16+08:00][sql] SELECT * FROM `balance_log` WHERE  `user_id` = 31 ORDER BY `id` DESC LIMIT 20 [ RunTime:0.000913s ]
[2026-08-20T17:39:16+08:00][sql] SELECT `b`.*,g.title as goods_title FROM `bid_record` `b` LEFT JOIN `goods` `g` ON `b`.`goods_id`=`g`.`id` WHERE  `b`.`user_id` = '31' ORDER BY `b`.`id` DESC LIMIT 10 [ RunTime:0.001056s ]
[2026-08-20T17:39:16+08:00][sql] SHOW FULL COLUMNS FROM `pay_account` [ RunTime:0.001567s ]
[2026-08-20T17:39:16+08:00][sql] SELECT * FROM `pay_account` WHERE  `user_id` = 31 ORDER BY `id` DESC [ RunTime:0.001020s ]
[2026-08-20T17:39:25+08:00][sql] CONNECT:[ UseTime:0.001432s ] mysql:host=127.0.0.1;port=3306;dbname=auction;charset=utf8mb4
[2026-08-20T17:39:25+08:00][sql] SHOW FULL COLUMNS FROM `user` [ RunTime:0.002014s ]
[2026-08-20T17:39:25+08:00][sql] SELECT COUNT(*) AS think_count FROM `user` [ RunTime:0.000860s ]
[2026-08-20T17:39:25+08:00][sql] SELECT COUNT(*) AS think_count FROM `user` WHERE  `is_seller` = 1 [ RunTime:0.001548s ]
[2026-08-20T17:39:25+08:00][sql] SHOW FULL COLUMNS FROM `goods` [ RunTime:0.001888s ]
[2026-08-20T17:39:25+08:00][sql] SELECT COUNT(*) AS think_count FROM `goods` [ RunTime:0.000993s ]
[2026-08-20T17:39:25+08:00][sql] SELECT COUNT(*) AS think_count FROM `goods` WHERE  `status` = 1  AND `end_time` > 1787218765 [ RunTime:0.000889s ]
[2026-08-20T17:39:25+08:00][sql] SHOW FULL COLUMNS FROM `order` [ RunTime:0.001550s ]
[2026-08-20T17:39:25+08:00][sql] SELECT COUNT(*) AS think_count FROM `order` [ RunTime:0.000750s ]
[2026-08-20T17:39:25+08:00][sql] SELECT COUNT(*) AS think_count FROM `order` WHERE  `pay_status` = 0  AND `order_status` = 0 [ RunTime:0.000721s ]
[2026-08-20T17:39:25+08:00][sql] SELECT COUNT(*) AS think_count FROM `goods` WHERE  `status` = 0 [ RunTime:0.000706s ]
[2026-08-20T17:39:25+08:00][sql] SELECT COUNT(*) AS think_count FROM `user` WHERE  `seller_check` = 0 [ RunTime:0.000733s ]
[2026-08-20T17:39:25+08:00][sql] SHOW FULL COLUMNS FROM `withdraw` [ RunTime:0.001496s ]
[2026-08-20T17:39:25+08:00][sql] SELECT COUNT(*) AS think_count FROM `withdraw` WHERE  `status` = 0 [ RunTime:0.000968s ]
[2026-08-20T17:39:25+08:00][sql] SELECT SUM(`price`) AS think_sum FROM `order` WHERE  `pay_status` = 1 [ RunTime:0.000854s ]
[2026-08-20T17:39:25+08:00][sql] SELECT SUM(`commission`) AS think_sum FROM `order` WHERE  `pay_status` = 1 [ RunTime:0.000907s ]
[2026-08-20T17:39:25+08:00][sql] SELECT SUM(`price`) AS think_sum FROM `order` WHERE  `pay_status` = 1  AND `pay_time` > 1787155200 [ RunTime:0.001013s ]
[2026-08-20T17:39:25+08:00][sql] SELECT * FROM `order` ORDER BY `id` DESC LIMIT 8 [ RunTime:0.001154s ]
[2026-08-20T17:39:25+08:00][sql] SHOW FULL COLUMNS FROM `bid_record` [ RunTime:0.001378s ]
[2026-08-20T17:39:25+08:00][sql] SELECT `b`.*,g.title as goods_title,`u`.`nickname`,`u`.`mobile` FROM `bid_record` `b` LEFT JOIN `goods` `g` ON `b`.`goods_id`=`g`.`id` LEFT JOIN `user` `u` ON `b`.`user_id`=`u`.`id` ORDER BY `b`.`id` DESC LIMIT 8 [ RunTime:0.001187s ]
[2026-08-20T17:39:25+08:00][sql] SELECT SUM(`price`) AS think_sum FROM `order` WHERE  `pay_time` >= 1786636800  AND `pay_time` < 1786723200 [ RunTime:0.000949s ]
[2026-08-20T17:39:25+08:00][sql] SELECT COUNT(*) AS think_count FROM `order` WHERE  `pay_time` >= 1786636800  AND `pay_time` < 1786723200 [ RunTime:0.000975s ]
[2026-08-20T17:39:25+08:00][sql] SELECT SUM(`price`) AS think_sum FROM `order` WHERE  `pay_time` >= 1786723200  AND `pay_time` < 1786809600 [ RunTime:0.000866s ]
[2026-08-20T17:39:25+08:00][sql] SELECT COUNT(*) AS think_count FROM `order` WHERE  `pay_time` >= 1786723200  AND `pay_time` < 1786809600 [ RunTime:0.000962s ]
[2026-08-20T17:39:25+08:00][sql] SELECT SUM(`price`) AS think_sum FROM `order` WHERE  `pay_time` >= 1786809600  AND `pay_time` < 1786896000 [ RunTime:0.000777s ]
[2026-08-20T17:39:25+08:00][sql] SELECT COUNT(*) AS think_count FROM `order` WHERE  `pay_time` >= 1786809600  AND `pay_time` < 1786896000 [ RunTime:0.001045s ]
[2026-08-20T17:39:25+08:00][sql] SELECT SUM(`price`) AS think_sum FROM `order` WHERE  `pay_time` >= 1786896000  AND `pay_time` < 1786982400 [ RunTime:0.000898s ]
[2026-08-20T17:39:25+08:00][sql] SELECT COUNT(*) AS think_count FROM `order` WHERE  `pay_time` >= 1786896000  AND `pay_time` < 1786982400 [ RunTime:0.000752s ]
[2026-08-20T17:39:25+08:00][sql] SELECT SUM(`price`) AS think_sum FROM `order` WHERE  `pay_time` >= 1786982400  AND `pay_time` < 1787068800 [ RunTime:0.000979s ]
[2026-08-20T17:39:25+08:00][sql] SELECT COUNT(*) AS think_count FROM `order` WHERE  `pay_time` >= 1786982400  AND `pay_time` < 1787068800 [ RunTime:0.000912s ]
[2026-08-20T17:39:25+08:00][sql] SELECT SUM(`price`) AS think_sum FROM `order` WHERE  `pay_time` >= 1787068800  AND `pay_time` < 1787155200 [ RunTime:0.001014s ]
[2026-08-20T17:39:25+08:00][sql] SELECT COUNT(*) AS think_count FROM `order` WHERE  `pay_time` >= 1787068800  AND `pay_time` < 1787155200 [ RunTime:0.000993s ]
[2026-08-20T17:39:25+08:00][sql] SELECT SUM(`price`) AS think_sum FROM `order` WHERE  `pay_time` >= 1787155200  AND `pay_time` < 1787241600 [ RunTime:0.000780s ]
[2026-08-20T17:39:25+08:00][sql] SELECT COUNT(*) AS think_count FROM `order` WHERE  `pay_time` >= 1787155200  AND `pay_time` < 1787241600 [ RunTime:0.000982s ]
[2026-08-20T17:39:38+08:00][sql] CONNECT:[ UseTime:0.001980s ] mysql:host=127.0.0.1;port=3306;dbname=auction;charset=utf8mb4
[2026-08-20T17:39:38+08:00][sql] SHOW FULL COLUMNS FROM `setting` [ RunTime:0.002222s ]
[2026-08-20T17:39:38+08:00][sql] SELECT `value`,`name` FROM `setting` [ RunTime:0.001156s ]
[2026-08-20T17:39:47+08:00][sql] CONNECT:[ UseTime:0.001764s ] mysql:host=127.0.0.1;port=3306;dbname=auction;charset=utf8mb4
[2026-08-20T17:39:47+08:00][sql] SHOW FULL COLUMNS FROM `banner` [ RunTime:0.001785s ]
[2026-08-20T17:39:47+08:00][sql] SELECT * FROM `banner` ORDER BY `sort` ASC,`id` ASC [ RunTime:0.001085s ]
[2026-08-20T17:39:48+08:00][sql] CONNECT:[ UseTime:0.001643s ] mysql:host=127.0.0.1;port=3306;dbname=auction;charset=utf8mb4
[2026-08-20T17:39:48+08:00][sql] SHOW FULL COLUMNS FROM `admin_user` [ RunTime:0.001714s ]
[2026-08-20T17:39:48+08:00][sql] SELECT * FROM `admin_user` ORDER BY `id` ASC [ RunTime:0.001167s ]
[2026-08-20T17:39:50+08:00][sql] CONNECT:[ UseTime:0.001619s ] mysql:host=127.0.0.1;port=3306;dbname=auction;charset=utf8mb4
[2026-08-20T17:39:50+08:00][sql] SHOW FULL COLUMNS FROM `news` [ RunTime:0.001759s ]
[2026-08-20T17:39:50+08:00][sql] SELECT * FROM `news` ORDER BY `id` DESC [ RunTime:0.000992s ]
[2026-08-20T17:39:58+08:00][sql] CONNECT:[ UseTime:0.001427s ] mysql:host=127.0.0.1;port=3306;dbname=auction;charset=utf8mb4
[2026-08-20T17:39:58+08:00][sql] SHOW FULL COLUMNS FROM `recharge` [ RunTime:0.001820s ]
[2026-08-20T17:39:58+08:00][sql] SELECT COUNT(*) AS think_count FROM `recharge` `r` LEFT JOIN `user` `u` ON `r`.`user_id`=`u`.`id` [ RunTime:0.001052s ]
[2026-08-20T17:39:58+08:00][sql] SELECT `r`.*,`u`.`mobile`,`u`.`nickname` FROM `recharge` `r` LEFT JOIN `user` `u` ON `r`.`user_id`=`u`.`id` ORDER BY `r`.`id` DESC LIMIT 0,15 [ RunTime:0.001159s ]
[2026-08-20T17:40:05+08:00][sql] CONNECT:[ UseTime:0.001530s ] mysql:host=127.0.0.1;port=3306;dbname=auction;charset=utf8mb4
[2026-08-20T17:40:05+08:00][sql] SHOW FULL COLUMNS FROM `user` [ RunTime:0.002037s ]
[2026-08-20T17:40:05+08:00][sql] SELECT COUNT(*) AS think_count FROM `user` [ RunTime:0.000968s ]
[2026-08-20T17:40:05+08:00][sql] SELECT `id`,`mobile`,`nickname`,`avatar`,`invite_code`,`pid`,`is_seller`,`is_virtual`,`seller_check`,`balance`,`freeze_balance`,`points`,`commission_rate`,`total_buy`,`total_sell`,`status`,`reg_ip`,`reg_time`,`last_login_time`,`create_time` FROM `user` ORDER BY `id` DESC LIMIT 0,15 [ RunTime:0.001057s ]
[2026-08-20T17:40:07+08:00][sql] CONNECT:[ UseTime:0.001606s ] mysql:host=127.0.0.1;port=3306;dbname=auction;charset=utf8mb4
[2026-08-20T17:40:07+08:00][sql] SHOW FULL COLUMNS FROM `user` [ RunTime:0.002412s ]
[2026-08-20T17:40:07+08:00][sql] SELECT * FROM `user` WHERE  `id` = 31 LIMIT 1 [ RunTime:0.001279s ]
[2026-08-20T17:40:07+08:00][sql] SHOW FULL COLUMNS FROM `goods` [ RunTime:0.001791s ]
[2026-08-20T17:40:07+08:00][sql] SELECT COUNT(*) AS think_count FROM `goods` WHERE  `seller_id` = 31  AND `status` = 2 [ RunTime:0.001149s ]
[2026-08-20T17:40:07+08:00][sql] SHOW FULL COLUMNS FROM `order` [ RunTime:0.001720s ]
[2026-08-20T17:40:07+08:00][sql] SELECT COUNT(*) AS think_count FROM `order` WHERE  `buyer_id` = 31  AND `pay_status` = 1 [ RunTime:0.001351s ]
[2026-08-20T17:40:07+08:00][sql] SHOW FULL COLUMNS FROM `bid_record` [ RunTime:0.001348s ]
[2026-08-20T17:40:07+08:00][sql] SELECT COUNT(*) AS think_count FROM `bid_record` WHERE  `user_id` = 31 [ RunTime:0.001010s ]
[2026-08-20T17:40:07+08:00][sql] SHOW FULL COLUMNS FROM `balance_log` [ RunTime:0.001460s ]
[2026-08-20T17:40:07+08:00][sql] SELECT * FROM `balance_log` WHERE  `user_id` = 31 ORDER BY `id` DESC LIMIT 20 [ RunTime:0.001115s ]
[2026-08-20T17:40:07+08:00][sql] SELECT `b`.*,g.title as goods_title FROM `bid_record` `b` LEFT JOIN `goods` `g` ON `b`.`goods_id`=`g`.`id` WHERE  `b`.`user_id` = '31' ORDER BY `b`.`id` DESC LIMIT 10 [ RunTime:0.001196s ]
[2026-08-20T17:40:07+08:00][sql] SHOW FULL COLUMNS FROM `pay_account` [ RunTime:0.001666s ]
[2026-08-20T17:40:07+08:00][sql] SELECT * FROM `pay_account` WHERE  `user_id` = 31 ORDER BY `id` DESC [ RunTime:0.001057s ]
[2026-08-20T17:40:30+08:00][sql] CONNECT:[ UseTime:0.001161s ] mysql:host=127.0.0.1;port=3306;dbname=auction;charset=utf8mb4
[2026-08-20T17:40:30+08:00][sql] SHOW FULL COLUMNS FROM `setting` [ RunTime:0.001606s ]
[2026-08-20T17:40:30+08:00][sql] SELECT `value`,`name` FROM `setting` [ RunTime:0.000837s ]
[2026-08-20T17:42:01+08:00][sql] CONNECT:[ UseTime:0.001617s ] mysql:host=127.0.0.1;port=3306;dbname=auction;charset=utf8mb4
[2026-08-20T17:42:01+08:00][sql] SHOW FULL COLUMNS FROM `user` [ RunTime:0.002713s ]
[2026-08-20T17:42:01+08:00][sql] SELECT COUNT(*) AS think_count FROM `user` [ RunTime:0.000998s ]
[2026-08-20T17:42:01+08:00][sql] SELECT `id`,`mobile`,`nickname`,`avatar`,`invite_code`,`pid`,`is_seller`,`is_virtual`,`seller_check`,`balance`,`freeze_balance`,`points`,`commission_rate`,`total_buy`,`total_sell`,`status`,`reg_ip`,`reg_time`,`last_login_time`,`create_time` FROM `user` ORDER BY `id` DESC LIMIT 0,15 [ RunTime:0.001247s ]
[2026-08-20T17:42:02+08:00][sql] CONNECT:[ UseTime:0.001559s ] mysql:host=127.0.0.1;port=3306;dbname=auction;charset=utf8mb4
[2026-08-20T17:42:02+08:00][sql] SHOW FULL COLUMNS FROM `user` [ RunTime:0.002094s ]
[2026-08-20T17:42:02+08:00][sql] SELECT * FROM `user` WHERE  `id` = 31 LIMIT 1 [ RunTime:0.001241s ]
[2026-08-20T17:42:02+08:00][sql] SHOW FULL COLUMNS FROM `goods` [ RunTime:0.001511s ]
[2026-08-20T17:42:02+08:00][sql] SELECT COUNT(*) AS think_count FROM `goods` WHERE  `seller_id` = 31  AND `status` = 2 [ RunTime:0.000947s ]
[2026-08-20T17:42:02+08:00][sql] SHOW FULL COLUMNS FROM `order` [ RunTime:0.001463s ]
[2026-08-20T17:42:02+08:00][sql] SELECT COUNT(*) AS think_count FROM `order` WHERE  `buyer_id` = 31  AND `pay_status` = 1 [ RunTime:0.000895s ]
[2026-08-20T17:42:02+08:00][sql] SHOW FULL COLUMNS FROM `bid_record` [ RunTime:0.001211s ]
[2026-08-20T17:42:02+08:00][sql] SELECT COUNT(*) AS think_count FROM `bid_record` WHERE  `user_id` = 31 [ RunTime:0.000831s ]
[2026-08-20T17:42:02+08:00][sql] SHOW FULL COLUMNS FROM `balance_log` [ RunTime:0.001369s ]
[2026-08-20T17:42:02+08:00][sql] SELECT * FROM `balance_log` WHERE  `user_id` = 31 ORDER BY `id` DESC LIMIT 20 [ RunTime:0.000935s ]
[2026-08-20T17:42:02+08:00][sql] SELECT `b`.*,g.title as goods_title FROM `bid_record` `b` LEFT JOIN `goods` `g` ON `b`.`goods_id`=`g`.`id` WHERE  `b`.`user_id` = '31' ORDER BY `b`.`id` DESC LIMIT 10 [ RunTime:0.001213s ]
[2026-08-20T17:42:02+08:00][sql] SHOW FULL COLUMNS FROM `pay_account` [ RunTime:0.001337s ]
[2026-08-20T17:42:02+08:00][sql] SELECT * FROM `pay_account` WHERE  `user_id` = 31 ORDER BY `id` DESC [ RunTime:0.001307s ]
[2026-08-20T17:43:05+08:00][sql] CONNECT:[ UseTime:0.001594s ] mysql:host=127.0.0.1;port=3306;dbname=auction;charset=utf8mb4
[2026-08-20T17:43:05+08:00][sql] SHOW FULL COLUMNS FROM `user` [ RunTime:0.002296s ]
[2026-08-20T17:43:05+08:00][sql] SELECT * FROM `user` WHERE  `id` = 31 LIMIT 1 [ RunTime:0.001280s ]
[2026-08-20T17:43:05+08:00][sql] SHOW FULL COLUMNS FROM `goods` [ RunTime:0.002007s ]
[2026-08-20T17:43:05+08:00][sql] SELECT COUNT(*) AS think_count FROM `goods` WHERE  `seller_id` = 31  AND `status` = 2 [ RunTime:0.001057s ]
[2026-08-20T17:43:05+08:00][sql] SHOW FULL COLUMNS FROM `order` [ RunTime:0.001610s ]
[2026-08-20T17:43:05+08:00][sql] SELECT COUNT(*) AS think_count FROM `order` WHERE  `buyer_id` = 31  AND `pay_status` = 1 [ RunTime:0.000984s ]
[2026-08-20T17:43:05+08:00][sql] SHOW FULL COLUMNS FROM `bid_record` [ RunTime:0.001349s ]
[2026-08-20T17:43:05+08:00][sql] SELECT COUNT(*) AS think_count FROM `bid_record` WHERE  `user_id` = 31 [ RunTime:0.000813s ]
[2026-08-20T17:43:05+08:00][sql] SHOW FULL COLUMNS FROM `balance_log` [ RunTime:0.001431s ]
[2026-08-20T17:43:05+08:00][sql] SELECT * FROM `balance_log` WHERE  `user_id` = 31 ORDER BY `id` DESC LIMIT 20 [ RunTime:0.000989s ]
[2026-08-20T17:43:05+08:00][sql] SELECT `b`.*,g.title as goods_title FROM `bid_record` `b` LEFT JOIN `goods` `g` ON `b`.`goods_id`=`g`.`id` WHERE  `b`.`user_id` = '31' ORDER BY `b`.`id` DESC LIMIT 10 [ RunTime:0.001138s ]
[2026-08-20T17:43:05+08:00][sql] SHOW FULL COLUMNS FROM `pay_account` [ RunTime:0.001361s ]
[2026-08-20T17:43:05+08:00][sql] SELECT * FROM `pay_account` WHERE  `user_id` = 31 ORDER BY `id` DESC [ RunTime:0.001189s ]
[2026-08-20T17:43:12+08:00][sql] CONNECT:[ UseTime:0.001478s ] mysql:host=127.0.0.1;port=3306;dbname=auction;charset=utf8mb4
[2026-08-20T17:43:12+08:00][sql] SHOW FULL COLUMNS FROM `withdraw` [ RunTime:0.001843s ]
[2026-08-20T17:43:12+08:00][sql] SELECT COUNT(*) AS think_count FROM `withdraw` `w` LEFT JOIN `user` `u` ON `w`.`user_id`=`u`.`id` [ RunTime:0.001254s ]
[2026-08-20T17:43:12+08:00][sql] SELECT `w`.*,`u`.`mobile`,`u`.`nickname` FROM `withdraw` `w` LEFT JOIN `user` `u` ON `w`.`user_id`=`u`.`id` ORDER BY `w`.`id` DESC LIMIT 0,15 [ RunTime:0.001173s ]
[2026-08-20T17:43:19+08:00][sql] CONNECT:[ UseTime:0.002030s ] mysql:host=127.0.0.1;port=3306;dbname=auction;charset=utf8mb4
[2026-08-20T17:43:19+08:00][sql] SHOW FULL COLUMNS FROM `withdraw` [ RunTime:0.002348s ]
[2026-08-20T17:43:19+08:00][sql] SELECT * FROM `withdraw` WHERE  `id` = 16 LIMIT 1 [ RunTime:0.001378s ]
[2026-08-20T17:43:19+08:00][sql] SHOW FULL COLUMNS FROM `user` [ RunTime:0.002510s ]
[2026-08-20T17:43:19+08:00][sql] SELECT * FROM `user` WHERE  `id` = 31 LIMIT 1 [ RunTime:0.001579s ]
[2026-08-20T17:43:19+08:00][sql] UPDATE `user`  SET `balance` = '1190' , `update_time` = 1787218999  WHERE  `id` = 31 [ RunTime:0.001500s ]
[2026-08-20T17:43:19+08:00][sql] SHOW FULL COLUMNS FROM `balance_log` [ RunTime:0.001883s ]
[2026-08-20T17:43:19+08:00][sql] INSERT INTO `balance_log` SET `user_id` = 31 , `type` = 'refund' , `amount` = '1190.00' , `balance` = '1190' , `remark` = '提现拒绝退回：1190.00元' , `create_time` = 1787218999 [ RunTime:0.001116s ]
[2026-08-20T17:43:19+08:00][sql] UPDATE `withdraw`  SET `status` = 2 , `refuse_reason` = '测试' , `handle_time` = 1787218999  WHERE  `id` = 16 [ RunTime:0.001105s ]
[2026-08-20T17:43:19+08:00][sql] SHOW FULL COLUMNS FROM `admin_log` [ RunTime:0.008122s ]
[2026-08-20T17:43:20+08:00][sql] CONNECT:[ UseTime:0.001566s ] mysql:host=127.0.0.1;port=3306;dbname=auction;charset=utf8mb4
[2026-08-20T17:43:20+08:00][sql] SHOW FULL COLUMNS FROM `withdraw` [ RunTime:0.002707s ]
[2026-08-20T17:43:20+08:00][sql] SELECT COUNT(*) AS think_count FROM `withdraw` `w` LEFT JOIN `user` `u` ON `w`.`user_id`=`u`.`id` [ RunTime:0.001087s ]
[2026-08-20T17:43:20+08:00][sql] SELECT `w`.*,`u`.`mobile`,`u`.`nickname` FROM `withdraw` `w` LEFT JOIN `user` `u` ON `w`.`user_id`=`u`.`id` ORDER BY `w`.`id` DESC LIMIT 0,15 [ RunTime:0.001160s ]
[2026-08-20T17:43:34+08:00][sql] CONNECT:[ UseTime:0.001603s ] mysql:host=127.0.0.1;port=3306;dbname=auction;charset=utf8mb4
[2026-08-20T17:43:34+08:00][sql] SHOW FULL COLUMNS FROM `setting` [ RunTime:0.002084s ]
[2026-08-20T17:43:34+08:00][sql] SELECT `value`,`name` FROM `setting` [ RunTime:0.001084s ]
[2026-08-20T17:45:05+08:00][sql] CONNECT:[ UseTime:0.001312s ] mysql:host=127.0.0.1;port=3306;dbname=auction;charset=utf8mb4
[2026-08-20T17:45:05+08:00][sql] SHOW FULL COLUMNS FROM `category` [ RunTime:0.001649s ]
[2026-08-20T17:45:05+08:00][sql] SELECT * FROM `category` WHERE  `status` = 1 ORDER BY `sort` ASC [ RunTime:0.001147s ]
[2026-08-20T17:45:05+08:00][sql] SHOW FULL COLUMNS FROM `user` [ RunTime:0.001744s ]
[2026-08-20T17:45:05+08:00][sql] SELECT `id`,`nickname`,`mobile` FROM `user` WHERE  `is_seller` = 1 ORDER BY `id` DESC [ RunTime:0.001200s ]
[2026-08-20T17:45:05+08:00][sql] CONNECT:[ UseTime:0.001235s ] mysql:host=127.0.0.1;port=3306;dbname=auction;charset=utf8mb4
[2026-08-20T17:45:05+08:00][sql] SHOW FULL COLUMNS FROM `goods` [ RunTime:0.001987s ]
[2026-08-20T17:45:05+08:00][sql] SELECT COUNT(*) AS think_count FROM `goods` `g` LEFT JOIN `user` `u` ON `g`.`seller_id`=`u`.`id` LEFT JOIN `category` `c` ON `g`.`category_id`=`c`.`id` [ RunTime:0.001269s ]
[2026-08-20T17:45:05+08:00][sql] SELECT `g`.*,u.mobile as seller_mobile,u.nickname as seller_name,c.name as category_name FROM `goods` `g` LEFT JOIN `user` `u` ON `g`.`seller_id`=`u`.`id` LEFT JOIN `category` `c` ON `g`.`category_id`=`c`.`id` ORDER BY `g`.`id` DESC LIMIT 0,15 [ RunTime:0.002155s ]
[2026-08-20T17:46:09+08:00][sql] CONNECT:[ UseTime:0.001663s ] mysql:host=127.0.0.1;port=3306;dbname=auction;charset=utf8mb4
[2026-08-20T17:46:09+08:00][sql] SHOW FULL COLUMNS FROM `category` [ RunTime:0.001786s ]
[2026-08-20T17:46:09+08:00][sql] SELECT * FROM `category` WHERE  `status` = 1 ORDER BY `sort` ASC [ RunTime:0.001130s ]
[2026-08-20T17:46:09+08:00][sql] SHOW FULL COLUMNS FROM `user` [ RunTime:0.001749s ]
[2026-08-20T17:46:09+08:00][sql] SELECT `id`,`nickname`,`mobile` FROM `user` WHERE  `is_seller` = 1 ORDER BY `id` DESC [ RunTime:0.001159s ]
[2026-08-20T17:46:10+08:00][sql] CONNECT:[ UseTime:0.001466s ] mysql:host=127.0.0.1;port=3306;dbname=auction;charset=utf8mb4
[2026-08-20T17:46:10+08:00][sql] SHOW FULL COLUMNS FROM `goods` [ RunTime:0.002829s ]
[2026-08-20T17:46:10+08:00][sql] SELECT COUNT(*) AS think_count FROM `goods` `g` LEFT JOIN `user` `u` ON `g`.`seller_id`=`u`.`id` LEFT JOIN `category` `c` ON `g`.`category_id`=`c`.`id` [ RunTime:0.001502s ]
[2026-08-20T17:46:10+08:00][sql] SELECT `g`.*,u.mobile as seller_mobile,u.nickname as seller_name,c.name as category_name FROM `goods` `g` LEFT JOIN `user` `u` ON `g`.`seller_id`=`u`.`id` LEFT JOIN `category` `c` ON `g`.`category_id`=`c`.`id` ORDER BY `g`.`id` DESC LIMIT 0,15 [ RunTime:0.002556s ]
[2026-08-20T17:49:02+08:00][sql] CONNECT:[ UseTime:0.001317s ] mysql:host=127.0.0.1;port=3306;dbname=auction;charset=utf8mb4
[2026-08-20T17:49:02+08:00][sql] SHOW FULL COLUMNS FROM `goods` [ RunTime:0.001912s ]
[2026-08-20T17:49:02+08:00][sql] SELECT * FROM `goods` WHERE  `status` = 1 ORDER BY `id` DESC LIMIT 300 [ RunTime:0.001339s ]
[2026-08-20T17:49:02+08:00][sql] SHOW FULL COLUMNS FROM `bid_record` [ RunTime:0.001473s ]
[2026-08-20T17:49:02+08:00][sql] SELECT MAX(`price`) AS think_max FROM `bid_record` WHERE  `goods_id` = 36  AND `status` = 0 [ RunTime:0.001115s ]
[2026-08-20T17:49:02+08:00][sql] SHOW FULL COLUMNS FROM `user` [ RunTime:0.001494s ]
[2026-08-20T17:49:02+08:00][sql] SELECT * FROM `user` WHERE  `status` = 1 ORDER BY `id` DESC LIMIT 300 [ RunTime:0.001249s ]
[2026-08-20T17:49:03+08:00][sql] CONNECT:[ UseTime:0.001420s ] mysql:host=127.0.0.1;port=3306;dbname=auction;charset=utf8mb4
[2026-08-20T17:49:03+08:00][sql] SHOW FULL COLUMNS FROM `bid_record` [ RunTime:0.002104s ]
[2026-08-20T17:49:03+08:00][sql] SELECT COUNT(*) AS think_count FROM `bid_record` `b` LEFT JOIN `goods` `g` ON `b`.`goods_id`=`g`.`id` LEFT JOIN `user` `u` ON `b`.`user_id`=`u`.`id` [ RunTime:0.001956s ]
[2026-08-20T17:49:03+08:00][sql] SELECT `b`.*,g.title as goods_title,`u`.`mobile`,`u`.`nickname` FROM `bid_record` `b` LEFT JOIN `goods` `g` ON `b`.`goods_id`=`g`.`id` LEFT JOIN `user` `u` ON `b`.`user_id`=`u`.`id` ORDER BY `b`.`id` DESC LIMIT 0,15 [ RunTime:0.001505s ]
[2026-08-20T17:49:25+08:00][sql] CONNECT:[ UseTime:0.001422s ] mysql:host=127.0.0.1;port=3306;dbname=auction;charset=utf8mb4
[2026-08-20T17:49:25+08:00][sql] SHOW FULL COLUMNS FROM `goods` [ RunTime:0.002411s ]
[2026-08-20T17:49:25+08:00][sql] SELECT * FROM `goods` WHERE  `id` = 36 LIMIT 1   FOR UPDATE [ RunTime:0.001312s ]
[2026-08-20T17:49:25+08:00][sql] SHOW FULL COLUMNS FROM `user` [ RunTime:0.001801s ]
[2026-08-20T17:49:25+08:00][sql] SELECT * FROM `user` WHERE  `id` = 26 LIMIT 1 [ RunTime:0.001332s ]
[2026-08-20T17:49:25+08:00][sql] SHOW FULL COLUMNS FROM `bid_record` [ RunTime:0.001520s ]
[2026-08-20T17:49:25+08:00][sql] SELECT * FROM `bid_record` WHERE  `goods_id` = 36  AND `status` = 0 ORDER BY `price` DESC,`id` ASC LIMIT 1 [ RunTime:0.001344s ]
[2026-08-20T17:49:25+08:00][sql] INSERT INTO `bid_record` SET `goods_id` = 36 , `user_id` = 26 , `price` = '2311' , `status` = 0 , `is_winner` = 0 , `deposit` = '0' , `create_time` = 1787219365 [ RunTime:0.001203s ]
[2026-08-20T17:49:25+08:00][sql] UPDATE `goods`  SET `bid_count` = bid_count + 1 , `update_time` = 1787219365  WHERE  `id` = 36 [ RunTime:0.001057s ]
[2026-08-20T17:49:25+08:00][sql] SHOW FULL COLUMNS FROM `sys_message` [ RunTime:0.001719s ]
[2026-08-20T17:49:25+08:00][sql] INSERT INTO `sys_message` SET `user_id` = 31 , `admin_id` = 0 , `title` = '竞拍出局通知' , `content` = '您出价竞拍的「111」已出局：您的出价 ¥2,211.00 于 2026-08-20 17:49:25 被 ¥2,311.00 超过，当前最高价 ¥2,311.00。如需继续竞拍，请再次出价。' , `is_read` = 0 , `create_time` = 1787219365 [ RunTime:0.001014s ]
[2026-08-20T17:49:25+08:00][sql] SHOW FULL COLUMNS FROM `admin_log` [ RunTime:0.001520s ]
[2026-08-20T17:49:26+08:00][sql] CONNECT:[ UseTime:0.001697s ] mysql:host=127.0.0.1;port=3306;dbname=auction;charset=utf8mb4
[2026-08-20T17:49:26+08:00][sql] SHOW FULL COLUMNS FROM `bid_record` [ RunTime:0.002262s ]
[2026-08-20T17:49:26+08:00][sql] SELECT COUNT(*) AS think_count FROM `bid_record` `b` LEFT JOIN `goods` `g` ON `b`.`goods_id`=`g`.`id` LEFT JOIN `user` `u` ON `b`.`user_id`=`u`.`id` [ RunTime:0.002012s ]
[2026-08-20T17:49:26+08:00][sql] SELECT `b`.*,g.title as goods_title,`u`.`mobile`,`u`.`nickname` FROM `bid_record` `b` LEFT JOIN `goods` `g` ON `b`.`goods_id`=`g`.`id` LEFT JOIN `user` `u` ON `b`.`user_id`=`u`.`id` ORDER BY `b`.`id` DESC LIMIT 0,15 [ RunTime:0.001406s ]
[2026-08-20T17:49:40+08:00][sql] CONNECT:[ UseTime:0.001404s ] mysql:host=127.0.0.1;port=3306;dbname=auction;charset=utf8mb4
[2026-08-20T17:49:40+08:00][sql] SHOW FULL COLUMNS FROM `goods` [ RunTime:0.002261s ]
[2026-08-20T17:49:40+08:00][sql] SELECT * FROM `goods` WHERE  `id` = 36 LIMIT 1   FOR UPDATE [ RunTime:0.001204s ]
[2026-08-20T17:49:40+08:00][sql] SHOW FULL COLUMNS FROM `user` [ RunTime:0.001740s ]
[2026-08-20T17:49:40+08:00][sql] SELECT * FROM `user` WHERE  `id` = 24 LIMIT 1 [ RunTime:0.001243s ]
[2026-08-20T17:49:40+08:00][sql] SHOW FULL COLUMNS FROM `bid_record` [ RunTime:0.001396s ]
[2026-08-20T17:49:40+08:00][sql] SELECT * FROM `bid_record` WHERE  `goods_id` = 36  AND `status` = 0 ORDER BY `price` DESC,`id` ASC LIMIT 1 [ RunTime:0.001181s ]
[2026-08-20T17:49:43+08:00][sql] CONNECT:[ UseTime:0.001330s ] mysql:host=127.0.0.1;port=3306;dbname=auction;charset=utf8mb4
[2026-08-20T17:49:43+08:00][sql] SHOW FULL COLUMNS FROM `goods` [ RunTime:0.001821s ]
[2026-08-20T17:49:43+08:00][sql] SELECT * FROM `goods` WHERE  `id` = 36 LIMIT 1   FOR UPDATE [ RunTime:0.001219s ]
[2026-08-20T17:49:43+08:00][sql] SHOW FULL COLUMNS FROM `user` [ RunTime:0.002059s ]
[2026-08-20T17:49:43+08:00][sql] SELECT * FROM `user` WHERE  `id` = 24 LIMIT 1 [ RunTime:0.001302s ]
[2026-08-20T17:49:43+08:00][sql] SHOW FULL COLUMNS FROM `bid_record` [ RunTime:0.001319s ]
[2026-08-20T17:49:43+08:00][sql] SELECT * FROM `bid_record` WHERE  `goods_id` = 36  AND `status` = 0 ORDER BY `price` DESC,`id` ASC LIMIT 1 [ RunTime:0.001176s ]
[2026-08-20T17:49:49+08:00][sql] CONNECT:[ UseTime:0.001346s ] mysql:host=127.0.0.1;port=3306;dbname=auction;charset=utf8mb4
[2026-08-20T17:49:49+08:00][sql] SHOW FULL COLUMNS FROM `goods` [ RunTime:0.002257s ]
[2026-08-20T17:49:49+08:00][sql] SELECT * FROM `goods` WHERE  `id` = 36 LIMIT 1   FOR UPDATE [ RunTime:0.001356s ]
[2026-08-20T17:49:49+08:00][sql] SHOW FULL COLUMNS FROM `user` [ RunTime:0.001673s ]
[2026-08-20T17:49:49+08:00][sql] SELECT * FROM `user` WHERE  `id` = 24 LIMIT 1 [ RunTime:0.001278s ]
[2026-08-20T17:49:49+08:00][sql] SHOW FULL COLUMNS FROM `bid_record` [ RunTime:0.001491s ]
[2026-08-20T17:49:49+08:00][sql] SELECT * FROM `bid_record` WHERE  `goods_id` = 36  AND `status` = 0 ORDER BY `price` DESC,`id` ASC LIMIT 1 [ RunTime:0.001160s ]
[2026-08-20T17:49:49+08:00][sql] INSERT INTO `bid_record` SET `goods_id` = 36 , `user_id` = 24 , `price` = '2411' , `status` = 0 , `is_winner` = 0 , `deposit` = '0' , `create_time` = 1787219389 [ RunTime:0.001099s ]
[2026-08-20T17:49:49+08:00][sql] UPDATE `goods`  SET `bid_count` = bid_count + 1 , `update_time` = 1787219389  WHERE  `id` = 36 [ RunTime:0.000929s ]
[2026-08-20T17:49:49+08:00][sql] SHOW FULL COLUMNS FROM `sys_message` [ RunTime:0.001415s ]
[2026-08-20T17:49:49+08:00][sql] INSERT INTO `sys_message` SET `user_id` = 26 , `admin_id` = 0 , `title` = '竞拍出局通知' , `content` = '您出价竞拍的「111」已出局：您的出价 ¥2,311.00 于 2026-08-20 17:49:49 被 ¥2,411.00 超过，当前最高价 ¥2,411.00。如需继续竞拍，请再次出价。' , `is_read` = 0 , `create_time` = 1787219389 [ RunTime:0.000806s ]
[2026-08-20T17:49:49+08:00][sql] SHOW FULL COLUMNS FROM `admin_log` [ RunTime:0.001502s ]
[2026-08-20T17:49:51+08:00][sql] CONNECT:[ UseTime:0.001435s ] mysql:host=127.0.0.1;port=3306;dbname=auction;charset=utf8mb4
[2026-08-20T17:49:51+08:00][sql] SHOW FULL COLUMNS FROM `bid_record` [ RunTime:0.002102s ]
[2026-08-20T17:49:51+08:00][sql] SELECT COUNT(*) AS think_count FROM `bid_record` `b` LEFT JOIN `goods` `g` ON `b`.`goods_id`=`g`.`id` LEFT JOIN `user` `u` ON `b`.`user_id`=`u`.`id` [ RunTime:0.001420s ]
[2026-08-20T17:49:51+08:00][sql] SELECT `b`.*,g.title as goods_title,`u`.`mobile`,`u`.`nickname` FROM `bid_record` `b` LEFT JOIN `goods` `g` ON `b`.`goods_id`=`g`.`id` LEFT JOIN `user` `u` ON `b`.`user_id`=`u`.`id` ORDER BY `b`.`id` DESC LIMIT 0,15 [ RunTime:0.001438s ]
[2026-08-20T17:50:37+08:00][sql] CONNECT:[ UseTime:0.001464s ] mysql:host=127.0.0.1;port=3306;dbname=auction;charset=utf8mb4
[2026-08-20T17:50:37+08:00][sql] SHOW FULL COLUMNS FROM `user` [ RunTime:0.002143s ]
[2026-08-20T17:50:37+08:00][sql] SELECT COUNT(*) AS think_count FROM `user` [ RunTime:0.001078s ]
[2026-08-20T17:50:37+08:00][sql] SELECT `id`,`mobile`,`nickname`,`avatar`,`invite_code`,`pid`,`is_seller`,`is_virtual`,`seller_check`,`balance`,`freeze_balance`,`points`,`commission_rate`,`total_buy`,`total_sell`,`status`,`reg_ip`,`reg_time`,`last_login_time`,`create_time` FROM `user` ORDER BY `id` DESC LIMIT 0,15 [ RunTime:0.001177s ]
[2026-08-20T17:50:58+08:00][sql] CONNECT:[ UseTime:0.001259s ] mysql:host=127.0.0.1;port=3306;dbname=auction;charset=utf8mb4
[2026-08-20T17:50:58+08:00][sql] SHOW FULL COLUMNS FROM `user` [ RunTime:0.002160s ]
[2026-08-20T17:50:58+08:00][sql] SELECT * FROM `user` WHERE  `mobile` = '15666666666' LIMIT 1 [ RunTime:0.001250s ]
[2026-08-20T17:50:58+08:00][sql] SELECT * FROM `user` WHERE  `invite_code` = 'CEBFA63B' LIMIT 1 [ RunTime:0.001129s ]
[2026-08-20T17:50:58+08:00][sql] SHOW FULL COLUMNS FROM `setting` [ RunTime:0.001197s ]
[2026-08-20T17:50:58+08:00][sql] SELECT `value` FROM `setting` WHERE  `name` = 'virtual_balance' LIMIT 1 [ RunTime:0.000744s ]
[2026-08-20T17:50:58+08:00][sql] INSERT INTO `user` SET `mobile` = '15666666666' , `password` = '63ee451939ed580ef3c4b6f0109d1fd0' , `nickname` = '用户6666' , `invite_code` = 'CEBFA63B' , `balance` = '0' , `is_seller` = 1 , `is_virtual` = 1 , `seller_check` = 1 , `status` = 1 , `reg_ip` = '23.248.176.114' , `reg_time` = 1787219458 , `create_time` = 1787219458 , `update_time` = 1787219458 [ RunTime:0.001066s ]
[2026-08-20T17:50:58+08:00][sql] SHOW FULL COLUMNS FROM `admin_log` [ RunTime:0.001442s ]
[2026-08-20T17:51:00+08:00][sql] CONNECT:[ UseTime:0.001378s ] mysql:host=127.0.0.1;port=3306;dbname=auction;charset=utf8mb4
[2026-08-20T17:51:00+08:00][sql] SHOW FULL COLUMNS FROM `user` [ RunTime:0.001953s ]
[2026-08-20T17:51:00+08:00][sql] SELECT COUNT(*) AS think_count FROM `user` [ RunTime:0.000805s ]
[2026-08-20T17:51:00+08:00][sql] SELECT `id`,`mobile`,`nickname`,`avatar`,`invite_code`,`pid`,`is_seller`,`is_virtual`,`seller_check`,`balance`,`freeze_balance`,`points`,`commission_rate`,`total_buy`,`total_sell`,`status`,`reg_ip`,`reg_time`,`last_login_time`,`create_time` FROM `user` ORDER BY `id` DESC LIMIT 0,15 [ RunTime:0.001368s ]
[2026-08-20T17:51:03+08:00][sql] CONNECT:[ UseTime:0.001163s ] mysql:host=127.0.0.1;port=3306;dbname=auction;charset=utf8mb4
[2026-08-20T17:51:03+08:00][sql] SHOW FULL COLUMNS FROM `user` [ RunTime:0.002001s ]
[2026-08-20T17:51:03+08:00][sql] SELECT COUNT(*) AS think_count FROM `user` [ RunTime:0.000928s ]
[2026-08-20T17:51:03+08:00][sql] SELECT `id`,`mobile`,`nickname`,`avatar`,`invite_code`,`pid`,`is_seller`,`is_virtual`,`seller_check`,`balance`,`freeze_balance`,`points`,`commission_rate`,`total_buy`,`total_sell`,`status`,`reg_ip`,`reg_time`,`last_login_time`,`create_time` FROM `user` ORDER BY `id` DESC LIMIT 0,15 [ RunTime:0.000996s ]
[2026-08-20T17:52:12+08:00][sql] CONNECT:[ UseTime:0.001390s ] mysql:host=127.0.0.1;port=3306;dbname=auction;charset=utf8mb4
[2026-08-20T17:52:12+08:00][sql] SHOW FULL COLUMNS FROM `category` [ RunTime:0.002038s ]
[2026-08-20T17:52:12+08:00][sql] SELECT * FROM `category` WHERE  `status` = 1 ORDER BY `sort` ASC [ RunTime:0.001241s ]
[2026-08-20T17:52:12+08:00][sql] SHOW FULL COLUMNS FROM `user` [ RunTime:0.002195s ]
[2026-08-20T17:52:12+08:00][sql] SELECT `id`,`nickname`,`mobile` FROM `user` WHERE  `is_seller` = 1 ORDER BY `id` DESC [ RunTime:0.000920s ]
[2026-08-20T17:52:13+08:00][sql] CONNECT:[ UseTime:0.001239s ] mysql:host=127.0.0.1;port=3306;dbname=auction;charset=utf8mb4
[2026-08-20T17:52:13+08:00][sql] SHOW FULL COLUMNS FROM `goods` [ RunTime:0.001848s ]
[2026-08-20T17:52:13+08:00][sql] SELECT COUNT(*) AS think_count FROM `goods` `g` LEFT JOIN `user` `u` ON `g`.`seller_id`=`u`.`id` LEFT JOIN `category` `c` ON `g`.`category_id`=`c`.`id` [ RunTime:0.001217s ]
[2026-08-20T17:52:13+08:00][sql] SELECT `g`.*,u.mobile as seller_mobile,u.nickname as seller_name,c.name as category_name FROM `goods` `g` LEFT JOIN `user` `u` ON `g`.`seller_id`=`u`.`id` LEFT JOIN `category` `c` ON `g`.`category_id`=`c`.`id` ORDER BY `g`.`id` DESC LIMIT 0,15 [ RunTime:0.002264s ]
[2026-08-20T17:53:01+08:00][sql] CONNECT:[ UseTime:0.001474s ] mysql:host=127.0.0.1;port=3306;dbname=auction;charset=utf8mb4
[2026-08-20T17:53:01+08:00][sql] SHOW FULL COLUMNS FROM `user` [ RunTime:0.002575s ]
[2026-08-20T17:53:01+08:00][sql] SELECT COUNT(*) AS think_count FROM `user` [ RunTime:0.001009s ]
[2026-08-20T17:53:01+08:00][sql] SELECT `id`,`mobile`,`nickname`,`avatar`,`invite_code`,`pid`,`is_seller`,`is_virtual`,`seller_check`,`balance`,`freeze_balance`,`points`,`commission_rate`,`total_buy`,`total_sell`,`status`,`reg_ip`,`reg_time`,`last_login_time`,`create_time` FROM `user` ORDER BY `id` DESC LIMIT 0,15 [ RunTime:0.001392s ]
[2026-08-20T17:53:04+08:00][sql] CONNECT:[ UseTime:0.001506s ] mysql:host=127.0.0.1;port=3306;dbname=auction;charset=utf8mb4
[2026-08-20T17:53:04+08:00][sql] SHOW FULL COLUMNS FROM `user` [ RunTime:0.002056s ]
[2026-08-20T17:53:04+08:00][sql] SELECT * FROM `user` WHERE  `id` = 31 LIMIT 1 [ RunTime:0.001197s ]
[2026-08-20T17:53:04+08:00][sql] UPDATE `user`  SET `is_seller` = 1 , `seller_check` = 1  WHERE  `id` = 31 [ RunTime:0.005770s ]
[2026-08-20T17:53:04+08:00][sql] SHOW FULL COLUMNS FROM `admin_log` [ RunTime:0.001453s ]
[2026-08-20T17:53:05+08:00][sql] CONNECT:[ UseTime:0.001208s ] mysql:host=127.0.0.1;port=3306;dbname=auction;charset=utf8mb4
[2026-08-20T17:53:05+08:00][sql] SHOW FULL COLUMNS FROM `user` [ RunTime:0.002071s ]
[2026-08-20T17:53:05+08:00][sql] SELECT COUNT(*) AS think_count FROM `user` [ RunTime:0.000873s ]
[2026-08-20T17:53:05+08:00][sql] SELECT `id`,`mobile`,`nickname`,`avatar`,`invite_code`,`pid`,`is_seller`,`is_virtual`,`seller_check`,`balance`,`freeze_balance`,`points`,`commission_rate`,`total_buy`,`total_sell`,`status`,`reg_ip`,`reg_time`,`last_login_time`,`create_time` FROM `user` ORDER BY `id` DESC LIMIT 0,15 [ RunTime:0.001101s ]
[2026-08-20T17:55:12+08:00][sql] CONNECT:[ UseTime:0.001557s ] mysql:host=127.0.0.1;port=3306;dbname=auction;charset=utf8mb4
[2026-08-20T17:55:12+08:00][sql] SHOW FULL COLUMNS FROM `user` [ RunTime:0.002189s ]
[2026-08-20T17:55:12+08:00][sql] SELECT COUNT(*) AS think_count FROM `user` WHERE  `shop_name` <> '' [ RunTime:0.001289s ]
[2026-08-20T17:55:12+08:00][sql] SELECT `id`,`mobile`,`nickname`,`avatar`,`invite_code`,`pid`,`is_seller`,`seller_check`,`balance`,`freeze_balance`,`points`,`commission_rate`,`total_buy`,`total_sell`,`status`,`reg_ip`,`reg_time`,`last_login_time`,`create_time`,`shop_name`,`company_name`,`license_img`,`real_name` FROM `user` WHERE  `shop_name` <> '' ORDER BY `id` DESC LIMIT 0,15 [ RunTime:0.001149s ]
[2026-08-20T17:55:15+08:00][sql] CONNECT:[ UseTime:0.001521s ] mysql:host=127.0.0.1;port=3306;dbname=auction;charset=utf8mb4
[2026-08-20T17:55:15+08:00][sql] SHOW FULL COLUMNS FROM `category` [ RunTime:0.002443s ]
[2026-08-20T17:55:15+08:00][sql] SELECT * FROM `category` WHERE  `status` = 1 ORDER BY `sort` ASC [ RunTime:0.001612s ]
[2026-08-20T17:55:15+08:00][sql] SHOW FULL COLUMNS FROM `user` [ RunTime:0.002741s ]
[2026-08-20T17:55:15+08:00][sql] SELECT `id`,`nickname`,`mobile` FROM `user` WHERE  `is_seller` = 1 ORDER BY `id` DESC [ RunTime:0.001237s ]
[2026-08-20T17:55:16+08:00][sql] CONNECT:[ UseTime:0.001481s ] mysql:host=127.0.0.1;port=3306;dbname=auction;charset=utf8mb4
[2026-08-20T17:55:16+08:00][sql] SHOW FULL COLUMNS FROM `goods` [ RunTime:0.002511s ]
[2026-08-20T17:55:16+08:00][sql] SELECT COUNT(*) AS think_count FROM `goods` `g` LEFT JOIN `user` `u` ON `g`.`seller_id`=`u`.`id` LEFT JOIN `category` `c` ON `g`.`category_id`=`c`.`id` [ RunTime:0.001440s ]
[2026-08-20T17:55:16+08:00][sql] SELECT `g`.*,u.mobile as seller_mobile,u.nickname as seller_name,c.name as category_name FROM `goods` `g` LEFT JOIN `user` `u` ON `g`.`seller_id`=`u`.`id` LEFT JOIN `category` `c` ON `g`.`category_id`=`c`.`id` ORDER BY `g`.`id` DESC LIMIT 0,15 [ RunTime:0.003146s ]
[2026-08-20T17:55:21+08:00][sql] CONNECT:[ UseTime:0.001514s ] mysql:host=127.0.0.1;port=3306;dbname=auction;charset=utf8mb4
[2026-08-20T17:55:21+08:00][sql] SHOW FULL COLUMNS FROM `goods` [ RunTime:0.002105s ]
[2026-08-20T17:55:21+08:00][sql] SELECT * FROM `goods` WHERE  `id` = 38 LIMIT 1 [ RunTime:0.001206s ]
[2026-08-20T17:55:21+08:00][sql] UPDATE `goods`  SET `status` = 5 , `refuse_reason` = '飞洒发'  WHERE  `id` = 38 [ RunTime:0.007256s ]
[2026-08-20T17:55:21+08:00][sql] SHOW FULL COLUMNS FROM `admin_log` [ RunTime:0.001472s ]
[2026-08-20T17:55:22+08:00][sql] CONNECT:[ UseTime:0.001424s ] mysql:host=127.0.0.1;port=3306;dbname=auction;charset=utf8mb4
[2026-08-20T17:55:22+08:00][sql] SHOW FULL COLUMNS FROM `goods` [ RunTime:0.002028s ]
[2026-08-20T17:55:22+08:00][sql] SELECT COUNT(*) AS think_count FROM `goods` `g` LEFT JOIN `user` `u` ON `g`.`seller_id`=`u`.`id` LEFT JOIN `category` `c` ON `g`.`category_id`=`c`.`id` [ RunTime:0.001465s ]
[2026-08-20T17:55:22+08:00][sql] SELECT `g`.*,u.mobile as seller_mobile,u.nickname as seller_name,c.name as category_name FROM `goods` `g` LEFT JOIN `user` `u` ON `g`.`seller_id`=`u`.`id` LEFT JOIN `category` `c` ON `g`.`category_id`=`c`.`id` ORDER BY `g`.`id` DESC LIMIT 0,15 [ RunTime:0.002182s ]
[2026-08-20T17:55:24+08:00][sql] CONNECT:[ UseTime:0.001508s ] mysql:host=127.0.0.1;port=3306;dbname=auction;charset=utf8mb4
[2026-08-20T17:55:24+08:00][sql] SHOW FULL COLUMNS FROM `category` [ RunTime:0.002133s ]
[2026-08-20T17:55:24+08:00][sql] SELECT * FROM `category` WHERE  `status` = 1 ORDER BY `sort` ASC [ RunTime:0.001215s ]
[2026-08-20T17:55:24+08:00][sql] SHOW FULL COLUMNS FROM `user` [ RunTime:0.002272s ]
[2026-08-20T17:55:24+08:00][sql] SELECT `id`,`nickname`,`mobile` FROM `user` WHERE  `is_seller` = 1 ORDER BY `id` DESC [ RunTime:0.001302s ]
[2026-08-20T17:55:24+08:00][sql] CONNECT:[ UseTime:0.001345s ] mysql:host=127.0.0.1;port=3306;dbname=auction;charset=utf8mb4
[2026-08-20T17:55:24+08:00][sql] SHOW FULL COLUMNS FROM `goods` [ RunTime:0.001869s ]
[2026-08-20T17:55:24+08:00][sql] SELECT COUNT(*) AS think_count FROM `goods` `g` LEFT JOIN `user` `u` ON `g`.`seller_id`=`u`.`id` LEFT JOIN `category` `c` ON `g`.`category_id`=`c`.`id` [ RunTime:0.001284s ]
[2026-08-20T17:55:24+08:00][sql] SELECT `g`.*,u.mobile as seller_mobile,u.nickname as seller_name,c.name as category_name FROM `goods` `g` LEFT JOIN `user` `u` ON `g`.`seller_id`=`u`.`id` LEFT JOIN `category` `c` ON `g`.`category_id`=`c`.`id` ORDER BY `g`.`id` DESC LIMIT 0,15 [ RunTime:0.002254s ]
[2026-08-20T17:55:27+08:00][sql] CONNECT:[ UseTime:0.001306s ] mysql:host=127.0.0.1;port=3306;dbname=auction;charset=utf8mb4
[2026-08-20T17:55:27+08:00][sql] SHOW FULL COLUMNS FROM `goods` [ RunTime:0.002054s ]
[2026-08-20T17:55:27+08:00][sql] SELECT * FROM `goods` WHERE  `id` = 38 LIMIT 1 [ RunTime:0.001090s ]
[2026-08-20T17:55:27+08:00][sql] UPDATE `goods`  SET `status` = 1 , `refuse_reason` = ''  WHERE  `id` = 38 [ RunTime:0.006477s ]
[2026-08-20T17:55:27+08:00][sql] SHOW FULL COLUMNS FROM `admin_log` [ RunTime:0.005499s ]
[2026-08-20T17:55:28+08:00][sql] CONNECT:[ UseTime:0.001522s ] mysql:host=127.0.0.1;port=3306;dbname=auction;charset=utf8mb4
[2026-08-20T17:55:28+08:00][sql] SHOW FULL COLUMNS FROM `goods` [ RunTime:0.002715s ]
[2026-08-20T17:55:28+08:00][sql] SELECT COUNT(*) AS think_count FROM `goods` `g` LEFT JOIN `user` `u` ON `g`.`seller_id`=`u`.`id` LEFT JOIN `category` `c` ON `g`.`category_id`=`c`.`id` [ RunTime:0.001221s ]
[2026-08-20T17:55:28+08:00][sql] SELECT `g`.*,u.mobile as seller_mobile,u.nickname as seller_name,c.name as category_name FROM `goods` `g` LEFT JOIN `user` `u` ON `g`.`seller_id`=`u`.`id` LEFT JOIN `category` `c` ON `g`.`category_id`=`c`.`id` ORDER BY `g`.`id` DESC LIMIT 0,15 [ RunTime:0.002186s ]
[2026-08-20T17:55:29+08:00][sql] CONNECT:[ UseTime:0.001290s ] mysql:host=127.0.0.1;port=3306;dbname=auction;charset=utf8mb4
[2026-08-20T17:55:29+08:00][sql] SHOW FULL COLUMNS FROM `category` [ RunTime:0.002059s ]
[2026-08-20T17:55:29+08:00][sql] SELECT * FROM `category` WHERE  `status` = 1 ORDER BY `sort` ASC [ RunTime:0.001197s ]
[2026-08-20T17:55:29+08:00][sql] SHOW FULL COLUMNS FROM `user` [ RunTime:0.001799s ]
[2026-08-20T17:55:29+08:00][sql] SELECT `id`,`nickname`,`mobile` FROM `user` WHERE  `is_seller` = 1 ORDER BY `id` DESC [ RunTime:0.001044s ]
[2026-08-20T17:55:29+08:00][sql] CONNECT:[ UseTime:0.001281s ] mysql:host=127.0.0.1;port=3306;dbname=auction;charset=utf8mb4
[2026-08-20T17:55:29+08:00][sql] SHOW FULL COLUMNS FROM `goods` [ RunTime:0.001982s ]
[2026-08-20T17:55:29+08:00][sql] SELECT COUNT(*) AS think_count FROM `goods` `g` LEFT JOIN `user` `u` ON `g`.`seller_id`=`u`.`id` LEFT JOIN `category` `c` ON `g`.`category_id`=`c`.`id` [ RunTime:0.001403s ]
[2026-08-20T17:55:29+08:00][sql] SELECT `g`.*,u.mobile as seller_mobile,u.nickname as seller_name,c.name as category_name FROM `goods` `g` LEFT JOIN `user` `u` ON `g`.`seller_id`=`u`.`id` LEFT JOIN `category` `c` ON `g`.`category_id`=`c`.`id` ORDER BY `g`.`id` DESC LIMIT 0,15 [ RunTime:0.002285s ]
[2026-08-20T17:55:32+08:00][sql] CONNECT:[ UseTime:0.001753s ] mysql:host=127.0.0.1;port=3306;dbname=auction;charset=utf8mb4
[2026-08-20T17:55:32+08:00][sql] SHOW FULL COLUMNS FROM `goods` [ RunTime:0.001877s ]
[2026-08-20T17:55:32+08:00][sql] SELECT * FROM `goods` WHERE  `id` = 38 LIMIT 1 [ RunTime:0.001099s ]
[2026-08-20T17:55:32+08:00][sql] UPDATE `goods`  SET `status` = 4  WHERE  `id` = 38 [ RunTime:0.006587s ]
[2026-08-20T17:55:32+08:00][sql] SHOW FULL COLUMNS FROM `admin_log` [ RunTime:0.001708s ]
[2026-08-20T17:55:33+08:00][sql] CONNECT:[ UseTime:0.001554s ] mysql:host=127.0.0.1;port=3306;dbname=auction;charset=utf8mb4
[2026-08-20T17:55:33+08:00][sql] SHOW FULL COLUMNS FROM `goods` [ RunTime:0.002090s ]
[2026-08-20T17:55:33+08:00][sql] SELECT COUNT(*) AS think_count FROM `goods` `g` LEFT JOIN `user` `u` ON `g`.`seller_id`=`u`.`id` LEFT JOIN `category` `c` ON `g`.`category_id`=`c`.`id` [ RunTime:0.001413s ]
[2026-08-20T17:55:33+08:00][sql] SELECT `g`.*,u.mobile as seller_mobile,u.nickname as seller_name,c.name as category_name FROM `goods` `g` LEFT JOIN `user` `u` ON `g`.`seller_id`=`u`.`id` LEFT JOIN `category` `c` ON `g`.`category_id`=`c`.`id` ORDER BY `g`.`id` DESC LIMIT 0,15 [ RunTime:0.002337s ]
[2026-08-20T17:55:34+08:00][sql] CONNECT:[ UseTime:0.001686s ] mysql:host=127.0.0.1;port=3306;dbname=auction;charset=utf8mb4
[2026-08-20T17:55:34+08:00][sql] SHOW FULL COLUMNS FROM `category` [ RunTime:0.002003s ]
[2026-08-20T17:55:34+08:00][sql] SELECT * FROM `category` WHERE  `status` = 1 ORDER BY `sort` ASC [ RunTime:0.001390s ]
[2026-08-20T17:55:34+08:00][sql] SHOW FULL COLUMNS FROM `user` [ RunTime:0.002224s ]
[2026-08-20T17:55:34+08:00][sql] SELECT `id`,`nickname`,`mobile` FROM `user` WHERE  `is_seller` = 1 ORDER BY `id` DESC [ RunTime:0.001466s ]
[2026-08-20T17:55:35+08:00][sql] CONNECT:[ UseTime:0.001316s ] mysql:host=127.0.0.1;port=3306;dbname=auction;charset=utf8mb4
[2026-08-20T17:55:35+08:00][sql] SHOW FULL COLUMNS FROM `goods` [ RunTime:0.001886s ]
[2026-08-20T17:55:35+08:00][sql] SELECT COUNT(*) AS think_count FROM `goods` `g` LEFT JOIN `user` `u` ON `g`.`seller_id`=`u`.`id` LEFT JOIN `category` `c` ON `g`.`category_id`=`c`.`id` [ RunTime:0.001304s ]
[2026-08-20T17:55:35+08:00][sql] SELECT `g`.*,u.mobile as seller_mobile,u.nickname as seller_name,c.name as category_name FROM `goods` `g` LEFT JOIN `user` `u` ON `g`.`seller_id`=`u`.`id` LEFT JOIN `category` `c` ON `g`.`category_id`=`c`.`id` ORDER BY `g`.`id` DESC LIMIT 0,15 [ RunTime:0.002279s ]
[2026-08-20T17:55:43+08:00][sql] CONNECT:[ UseTime:0.001399s ] mysql:host=127.0.0.1;port=3306;dbname=auction;charset=utf8mb4
[2026-08-20T17:55:43+08:00][sql] SHOW FULL COLUMNS FROM `goods` [ RunTime:0.001990s ]
[2026-08-20T17:55:43+08:00][sql] SELECT * FROM `goods` WHERE  `id` = 38 LIMIT 1 [ RunTime:0.001178s ]
[2026-08-20T17:55:43+08:00][sql] UPDATE `goods`  SET `status` = 1  WHERE  `id` = 38 [ RunTime:0.007608s ]
[2026-08-20T17:55:43+08:00][sql] SHOW FULL COLUMNS FROM `admin_log` [ RunTime:0.001600s ]
[2026-08-20T17:55:45+08:00][sql] CONNECT:[ UseTime:0.001717s ] mysql:host=127.0.0.1;port=3306;dbname=auction;charset=utf8mb4
[2026-08-20T17:55:45+08:00][sql] SHOW FULL COLUMNS FROM `goods` [ RunTime:0.002545s ]
[2026-08-20T17:55:45+08:00][sql] SELECT COUNT(*) AS think_count FROM `goods` `g` LEFT JOIN `user` `u` ON `g`.`seller_id`=`u`.`id` LEFT JOIN `category` `c` ON `g`.`category_id`=`c`.`id` [ RunTime:0.001611s ]
[2026-08-20T17:55:45+08:00][sql] SELECT `g`.*,u.mobile as seller_mobile,u.nickname as seller_name,c.name as category_name FROM `goods` `g` LEFT JOIN `user` `u` ON `g`.`seller_id`=`u`.`id` LEFT JOIN `category` `c` ON `g`.`category_id`=`c`.`id` ORDER BY `g`.`id` DESC LIMIT 0,15 [ RunTime:0.002372s ]
[2026-08-20T17:55:45+08:00][sql] CONNECT:[ UseTime:0.001394s ] mysql:host=127.0.0.1;port=3306;dbname=auction;charset=utf8mb4
[2026-08-20T17:55:45+08:00][sql] SHOW FULL COLUMNS FROM `category` [ RunTime:0.001918s ]
[2026-08-20T17:55:45+08:00][sql] SELECT * FROM `category` WHERE  `status` = 1 ORDER BY `sort` ASC [ RunTime:0.001180s ]
[2026-08-20T17:55:45+08:00][sql] SHOW FULL COLUMNS FROM `user` [ RunTime:0.001809s ]
[2026-08-20T17:55:45+08:00][sql] SELECT `id`,`nickname`,`mobile` FROM `user` WHERE  `is_seller` = 1 ORDER BY `id` DESC [ RunTime:0.001036s ]
[2026-08-20T17:55:45+08:00][sql] CONNECT:[ UseTime:0.001575s ] mysql:host=127.0.0.1;port=3306;dbname=auction;charset=utf8mb4
[2026-08-20T17:55:45+08:00][sql] SHOW FULL COLUMNS FROM `goods` [ RunTime:0.002071s ]
[2026-08-20T17:55:45+08:00][sql] SELECT COUNT(*) AS think_count FROM `goods` `g` LEFT JOIN `user` `u` ON `g`.`seller_id`=`u`.`id` LEFT JOIN `category` `c` ON `g`.`category_id`=`c`.`id` [ RunTime:0.001247s ]
[2026-08-20T17:55:45+08:00][sql] SELECT `g`.*,u.mobile as seller_mobile,u.nickname as seller_name,c.name as category_name FROM `goods` `g` LEFT JOIN `user` `u` ON `g`.`seller_id`=`u`.`id` LEFT JOIN `category` `c` ON `g`.`category_id`=`c`.`id` ORDER BY `g`.`id` DESC LIMIT 0,15 [ RunTime:0.002290s ]
[2026-08-20T17:56:20+08:00][sql] CONNECT:[ UseTime:0.001356s ] mysql:host=127.0.0.1;port=3306;dbname=auction;charset=utf8mb4
[2026-08-20T17:56:20+08:00][sql] SHOW FULL COLUMNS FROM `goods` [ RunTime:0.002030s ]
[2026-08-20T17:56:20+08:00][sql] SELECT * FROM `goods` WHERE  `id` = 38 LIMIT 1 [ RunTime:0.001206s ]
[2026-08-20T17:56:20+08:00][sql] DELETE FROM `goods` WHERE  `id` = 38 [ RunTime:0.006366s ]
[2026-08-20T17:56:20+08:00][sql] SHOW FULL COLUMNS FROM `admin_log` [ RunTime:0.003342s ]
[2026-08-20T17:56:21+08:00][sql] CONNECT:[ UseTime:0.001442s ] mysql:host=127.0.0.1;port=3306;dbname=auction;charset=utf8mb4
[2026-08-20T17:56:21+08:00][sql] SHOW FULL COLUMNS FROM `goods` [ RunTime:0.002040s ]
[2026-08-20T17:56:21+08:00][sql] SELECT COUNT(*) AS think_count FROM `goods` `g` LEFT JOIN `user` `u` ON `g`.`seller_id`=`u`.`id` LEFT JOIN `category` `c` ON `g`.`category_id`=`c`.`id` [ RunTime:0.001397s ]
[2026-08-20T17:56:21+08:00][sql] SELECT `g`.*,u.mobile as seller_mobile,u.nickname as seller_name,c.name as category_name FROM `goods` `g` LEFT JOIN `user` `u` ON `g`.`seller_id`=`u`.`id` LEFT JOIN `category` `c` ON `g`.`category_id`=`c`.`id` ORDER BY `g`.`id` DESC LIMIT 0,15 [ RunTime:0.002395s ]
